mot,poids_tfidf,langue,serie
angel,0.1848211958092163,en,angel
cordelia,0.1231995344038884,en,angel
cordy,0.1088618422736908,en,angel
angelus,0.1046256764226456,en,angel
lorne,0.0947397340070465,en,angel
demon,0.0840763386188508,en,angel
kill,0.0806913369605247,en,angel
connor,0.0800933358177174,en,angel
fre,0.0750499085304793,en,angel
wesley,0.0697478087844808,en,angel
vampire,0.0659094433401227,en,angel
darla,0.0644119569666517,en,angel
help,0.0598272217962768,en,angel
work,0.0589893055246203,en,angel
little,0.0548835157935033,en,angel
wes,0.0536403338434433,en,angel
talk,0.0480963939930853,en,angel
happen,0.0469233112127661,en,angel
win,0.0448285205336248,en,angel
love,0.0434878544989743,en,angel
sure,0.0429013131088148,en,angel
fred,0.0420397637985606,en,angel
stop,0.0396334396493543,en,angel
big,0.0376712365322213,en,angel
bad,0.0369521075800533,en,angel
hear,0.0361141913083968,en,angel
gunn,0.0348752254742152,en,angel
life,0.0341869838835867,en,angel
place,0.0336004424934272,en,angel
world,0.0334328592390959,en,angel
wolfram,0.0331318650398189,en,angel
long,0.0330976927304332,en,angel
girl,0.0305839439154636,en,angel
spike,0.0288264871485838,en,angel
fight,0.0287405281178192,en,angel
power,0.0283526637294708,en,angel
evil,0.0283508980111616,en,angel
friend,0.0282377783548253,en,angel
bring,0.0279026118461627,en,angel
head,0.0277350285918314,en,angel
soul,0.027582263858141,en,angel
great,0.0273998620831688,en,angel
start,0.0270646955745062,en,angel
dead,0.0267295290658435,en,angel
believe,0.0262267793028496,en,angel
die,0.026142987675684,en,angel
buffy,0.0253871334656156,en,angel
guess,0.0252212797768618,en,angel
nice,0.0252212797768618,en,angel
hell,0.0251374881496961,en,angel
hurt,0.0250860028028469,en,angel
beast,0.0249419895381221,en,angel
vision,0.0246945056746208,en,angel
save,0.0243833635052052,en,angel
live,0.0242157802508739,en,angel
stay,0.0240481969965426,en,angel
care,0.0240481969965426,en,angel
doyle,0.0239835157216847,en,angel
blood,0.0239034976202211,en,angel
night,0.0235454472335487,en,angel
turn,0.0232940723520517,en,angel
like,0.0232102807248861,en,angel
away,0.0231264890977204,en,angel
lose,0.0229589058433891,en,angel
remember,0.0226237393347265,en,angel
lindsey,0.0224729439429329,en,angel
wrong,0.0224561560803952,en,angel
human,0.022400886516509,en,angel
jasmine,0.0222810375695713,en,angel
slayer,0.0222234165051283,en,angel
run,0.0222047811988982,en,angel
new,0.02178582306307,en,angel
home,0.0217020314359043,en,angel
boy,0.0203613654012539,en,angel
end,0.0201937821469225,en,angel
pretty,0.019680264825129,en,angel
lilah,0.0194191596390516,en,angel
prophecy,0.0192420809426247,en,angel
dimension,0.0192271386137385,en,angel
baby,0.0190720620882926,en,angel
change,0.0190206993666034,en,angel
son,0.0189200829220125,en,angel
plan,0.0189200829220125,en,angel
old,0.0188531161122721,en,angel
fine,0.0188356182661106,en,angel
portal,0.0185616542022794,en,angel
hand,0.0185179496036095,en,angel
real,0.0184341579764438,en,angel
play,0.0183503663492782,en,angel
kid,0.017937874643488,en,angel
open,0.0176800333319529,en,angel
probably,0.0175962417047873,en,angel
understand,0.0173448668232903,en,angel
problem,0.016925908687462,en,angel
meet,0.0168421170602964,en,angel
miss,0.0164231589244681,en,angel
groosalugg,0.0163507905391314,en,angel
close,0.0163393672973025,en,angel
sigh,0.0163306953218802,en,angel
pay,0.0162172139331535,en,angel
idea,0.0160879924158055,en,angel
safe,0.0159217661183514,en,angel
word,0.0159204091614742,en,angel
harmony,0.0155771458814864,en,angel
suppose,0.0154176593984803,en,angel
room,0.0154176593984803,en,angel
deal,0.0152881027182333,en,angel
fire,0.015250076144149,en,angel
send,0.0152036380623314,en,angel
course,0.0152036380623314,en,angel
chuckle,0.0151913444854699,en,angel
figure,0.0151191734064296,en,angel
mind,0.0149149096354863,en,angel
hard,0.014747326381155,en,angel
actually,0.0144959514996581,en,angel
spell,0.0144712772708108,en,angel
sound,0.0142445766181611,en,angel
body,0.0141900621915093,en,angel
eye,0.0141607849909955,en,angel
hope,0.0140769933638298,en,angel
matter,0.0139932017366642,en,angel
door,0.0139932017366642,en,angel
father,0.0139634740289285,en,angel
heart,0.0139366682238038,en,angel
grunt,0.0139253991116808,en,angel
charle,0.0139118743928063,en,angel
case,0.0139094101094985,en,angel
groan,0.0138150798267506,en,angel
merl,0.0137690867697948,en,angel
job,0.0137418268551672,en,angel
use,0.0136580352280015,en,angel
soon,0.0135988096001964,en,angel
happy,0.0134904519736702,en,angel
face,0.0133454156324909,en,angel
child,0.0133454156324909,en,angel
check,0.0133228687193389,en,angel
easy,0.0133228687193389,en,angel
vamp,0.0133011097801527,en,angel
gasp,0.013289009538737,en,angel
sunnydale,0.0130782095528307,en,angel
break,0.0130075570088836,en,angel
death,0.0129230923529817,en,angel
burkle,0.0129085188466827,en,angel
trust,0.012754163041178,en,angel
money,0.0127363273291793,en,angel
family,0.0126525357020137,en,angel
office,0.0126011838797648,en,angel
lie,0.012568744074848,en,angel
watch,0.0124849524476824,en,angel
worry,0.0123318397616688,en,angel
stuff,0.0123318397616688,en,angel
true,0.0123173691933511,en,angel
eat,0.0122335775661854,en,angel
senior,0.0122256598996813,en,angel
partner,0.0121708455756397,en,angel
hate,0.0121629104498651,en,angel
drink,0.0121629104498651,en,angel
bit,0.0121497859390198,en,angel
forget,0.0120784457939633,en,angel
walk,0.0120659943118541,en,angel
speak,0.0118984110575228,en,angel
scream,0.0118813673154439,en,angel
tonight,0.0118348956708601,en,angel
fun,0.0117497525365374,en,angel
high,0.0117497525365374,en,angel
read,0.0117308278031915,en,angel
car,0.0116724925909778,en,angel
exactly,0.0116470361760258,en,angel
cut,0.0115716578585522,en,angel
mystical,0.011527764188784,en,angel
groo,0.0114929720312754,en,angel
ready,0.0113118696673632,en,angel
illyria,0.0111873830004583,en,angel
question,0.0110604947858663,en,angel
business,0.0109804052672394,en,angel
sleep,0.0109767031587006,en,angel
anymore,0.0108983211933101,en,angel
book,0.0108131780589873,en,angel
shut,0.0108114759554357,en,angel
dark,0.0107270967268103,en,angel
reason,0.0107253282772037,en,angel
hit,0.010641536650038,en,angel
afraid,0.010641536650038,en,angel
rest,0.0105580819877301,en,angel
alive,0.0104736173318283,en,angel
champion,0.0104012062979132,en,angel
sense,0.0103891526759265,en,angel
ring,0.0103820157983139,en,angel
faith,0.0102292512822913,en,angel
point,0.0102225785142097,en,angel
chance,0.0101387868870441,en,angel
stand,0.0100549952598784,en,angel
protect,0.0100417767142971,en,angel
pain,0.0100293993787251,en,angel
winifre,0.00989653111579,en,angel
hour,0.0098874120055471,en,angel
touch,0.0098823647405154,en,angel
month,0.0097198287512158,en,angel
boss,0.0096704693543782,en,angel
bloody,0.0096098129847363,en,angel
laugh,0.0095825559966111,en,angel
far,0.0094684538697188,en,angel
pylea,0.0094662471542339,en,angel
phone,0.0094303310168018,en,angel
hotel,0.0093159282629936,en,angel
pick,0.0093008706153875,en,angel
different,0.0092170789882219,en,angel
trouble,0.009037718181497,en,angel
drogyn,0.0090359631926778,en,angel
late,0.0089657041067249,en,angel
game,0.0089532535255952,en,angel
ago,0.0088819124795593,en,angel
client,0.0088290510732794,en,angel
clan,0.0087156957652684,en,angel
light,0.0086845997009189,en,angel
drokken,0.0086056792311218,en,angel
answer,0.0085467459708966,en,angel
cause,0.0085467459708966,en,angel
moment,0.008530930246086,en,angel
magic,0.0085201564953422,en,angel
order,0.0085143134322735,en,angel
important,0.008462954343731,en,angel
person,0.008462954343731,en,angel
follow,0.0083620009342823,en,angel
damn,0.008344027163628,en,angel
wish,0.0082775362783804,en,angel
party,0.0082394065348079,en,angel
catch,0.008211579462234,en,angel
murder,0.0081979438400014,en,angel
firm,0.0081832110177456,en,angel
shanshu,0.0081753952695657,en,angel
clear,0.0081277878350684,en,angel
smell,0.0081086069665767,en,angel
monster,0.0081010050710774,en,angel
strong,0.0080677522319994,en,angel
second,0.0080439962079027,en,angel
choice,0.0080034546263371,en,angel
drusilla,0.0079261876077761,en,angel
stick,0.0079183114920143,en,angel
sun,0.0079044214454069,en,angel
gwen,0.0078972505275752,en,angel
sit,0.0078764129535714,en,angel
house,0.0078764129535714,en,angel
morning,0.0078764129535714,en,angel
handle,0.0078730286470547,en,angel
able,0.0077926213264058,en,angel
step,0.0077926213264058,en,angel
angelu,0.0077451113080096,en,angel
pavayne,0.0077451113080096,en,angel
truth,0.0077088296992401,en,angel
immortal,0.0077078527925036,en,angel
control,0.0076628820890461,en,angel
explain,0.0076386164749781,en,angel
free,0.0076018190311657,en,angel
dad,0.0075777389547234,en,angel
learn,0.0075412464449088,en,angel
pull,0.0075173543752639,en,angel
special,0.0074574548177431,en,angel
couple,0.007432889719362,en,angel
sweet,0.007432889719362,en,angel
curse,0.0073923917303539,en,angel
hang,0.0073484250634602,en,angel
later,0.0073484250634602,en,angel
wear,0.0072953078693611,en,angel
beautiful,0.0072953078693611,en,angel
line,0.0072898715634118,en,angel
hero,0.0072876215544921,en,angel
princess,0.007271204980676,en,angel
ass,0.0072674110588197,en,angel
welcome,0.0072371664174324,en,angel
sdi,0.0071568841074057,en,angel
hide,0.0071520232831097,en,angel
move,0.0071222883090805,en,angel
fast,0.0071222883090805,en,angel
scroll,0.0071069684827973,en,angel
sing,0.0070848706446977,en,angel
eve,0.007074384479256,en,angel
dream,0.007066880148787,en,angel
expect,0.0070384966819149,en,angel
continue,0.0070241211057419,en,angel
apocalypse,0.0070224998747943,en,angel
blow,0.0070105664398528,en,angel
previously,0.0069987988967561,en,angel
ghost,0.0069864696635214,en,angel
hot,0.0069519992637441,en,angel
crazy,0.0068965938801415,en,angel
team,0.0068897613123416,en,angel
wyndam,0.0068845433848974,en,angel
beat,0.0068661721123399,en,angel
attack,0.0068114507458188,en,angel
town,0.0067803449609356,en,angel
knox,0.0067690718807788,en,angel
picture,0.0067571724721473,en,angel
spend,0.0067571724721473,en,angel
half,0.006726307611496,en,angel
powerful,0.006695509930227,en,angel
number,0.0066727078162454,en,angel
glad,0.0066727078162454,en,angel
set,0.0066411644771733,en,angel
brain,0.0066411644771733,en,angel
piece,0.0066411644771733,en,angel
small,0.0066195385460866,en,angel
brother,0.0066195385460866,en,angel
force,0.0066086906581271,en,angel
stake,0.0065396517003936,en,angel
funny,0.0065037785044418,en,angel
shuk,0.0064542594233413,en,angel
week,0.0064519552917553,en,angel
young,0.0064193138485399,en,angel
finish,0.0064193138485399,en,angel
tomorrow,0.0064193138485399,en,angel
bear,0.0063512092039144,en,angel
choose,0.0063512092039144,en,angel
cool,0.0063512092039144,en,angel
weird,0.0063297617592293,en,angel
track,0.0063157262773076,en,angel
file,0.0063036984282299,en,angel
fault,0.0063005919398824,en,angel
today,0.006284372037424,en,angel
one,0.0062653820525101,en,angel
police,0.0062533512186547,en,angel
destroy,0.0062418484014622,en,angel
grow,0.0062292094789883,en,angel
promise,0.0061795549011059,en,angel
feeling,0.0061795549011059,en,angel
act,0.0061659198808344,en,angel
sign,0.0061167887830927,en,angel
kate,0.0061022681426723,en,angel
steal,0.0060814552249325,en,angel
throw,0.0060814552249325,en,angel
mention,0.0060814552249325,en,angel
lawyer,0.0060396677292648,en,angel
fall,0.006032997155927,en,angel
sebassis,0.0060239754617852,en,angel
carita,0.0060239754617852,en,angel
company,0.0060079005982974,en,angel
black,0.005978108328161,en,angel
daddy,0.0059481576121547,en,angel
cop,0.0059434870894739,en,angel
law,0.0059304274587244,en,angel
creature,0.0059116969319663,en,angel
cry,0.0058901949703939,en,angel
mother,0.0058654139015957,en,angel
suck,0.0058534342547849,en,angel
pass,0.0058362462954889,en,angel
killer,0.0058116475687721,en,angel
burn,0.0057897331339459,en,angel
bitch,0.0057603301796526,en,angel
fear,0.0057504191440846,en,angel
food,0.0056978306472644,en,angel
drive,0.0056978306472644,en,angel
wonder,0.0056978306472644,en,angel
inside,0.0056645919926804,en,angel
darkness,0.0056468547861465,en,angel
beep,0.0056468114224809,en,angel
deep,0.0056140390200988,en,angel
horn,0.0055937509986599,en,angel
krevlornswath,0.0055936915002291,en,angel
deathwok,0.0055936915002291,en,angel
building,0.0055815787846818,en,angel
city,0.0055787648412761,en,angel
story,0.0055746672895215,en,angel
bet,0.0055302473929331,en,angel
count,0.0055302473929331,en,angel
forever,0.0054943666161711,en,angel
mom,0.0054943666161711,en,angel
cow,0.0054795928150138,en,angel
ritual,0.0054606333064044,en,angel
security,0.0054506281815586,en,angel
imagine,0.0054505582941148,en,angel
sewer,0.005438632449592,en,angel
knock,0.0054071105384676,en,angel
message,0.0054057379777178,en,angel
guard,0.0054031700813399,en,angel
detective,0.0053881798322737,en,angel
narrator,0.0053769275948404,en,angel
lead,0.0053640174623323,en,angel
return,0.0053640174623323,en,angel
drop,0.0053626641386018,en,angel
clean,0.0053626641386018,en,angel
watcher,0.0053296701603743,en,angel
enemy,0.0053075867923842,en,angel
growl,0.0053041202977685,en,angel
warrior,0.0052950224937455,en,angel
lucky,0.0052775246974762,en,angel
shaman,0.0052702510449661,en,angel
lady,0.0052368086659141,en,angel
fact,0.0052368086659141,en,angel
rule,0.0051950808842705,en,angel
destiny,0.0051662714000915,en,angel
holtz,0.005163407538673,en,angel
linwood,0.005163407538673,en,angel
street,0.0051523440100123,en,angel
stupid,0.0051523440100123,en,angel
key,0.0051523440100123,en,angel
quor,0.0051520219450545,en,angel
invite,0.0051330115772729,en,angel
chase,0.0051330115772729,en,angel
hair,0.0051085880593641,en,angel
axis,0.0050843007189864,en,angel
show,0.0050678793541104,en,angel
busy,0.0050678793541104,en,angel
investigation,0.0050632347984094,en,angel
box,0.0050583057736179,en,angel
lately,0.005033056441054,en,angel
torture,0.0050184500399942,en,angel
write,0.0050179743025184,en,angel
past,0.0050179743025184,en,angel
realize,0.004992806931989,en,angel
perfect,0.0049834146982086,en,angel
kick,0.0049779747814464,en,angel
dangerous,0.0049779747814464,en,angel
weapon,0.0049779747814464,en,angel
ground,0.0049779747814464,en,angel
mouth,0.0049710936051072,en,angel
victim,0.0049684687251173,en,angel
crap,0.0049529059078949,en,angel
date,0.0049383017907186,en,angel
charge,0.0049383017907186,en,angel
luck,0.0049383017907186,en,angel
whoa,0.0049378179688915,en,angel
cross,0.0049314575041991,en,angel
test,0.0049314575041991,en,angel
trap,0.0049020286241347,en,angel
scared,0.0048921476300422,en,angel
doin,0.0048764903867245,en,angel
area,0.0048628530732059,en,angel
offer,0.0048599143756079,en,angel
dust,0.0048453223131388,en,angel
honey,0.0048352346771891,en,angel
floor,0.0048144853864049,en,angel
school,0.0048063204786379,en,angel
shoot,0.0047761227484422,en,angel
surprise,0.0047680155220731,en,angel
water,0.0047680155220731,en,angel
share,0.0047680155220731,en,angel
honor,0.0047634109514184,en,angel
seidel,0.0047557125646657,en,angel
gun,0.004747321319422,en,angel
bethany,0.0047469321985348,en,angel
framkin,0.0047331235771169,en,angel
hainsley,0.0047331235771169,en,angel
news,0.0047300207305031,en,angel
chant,0.0047298187590363,en,angel
slave,0.0047262832374394,en,angel
lock,0.0047204933272337,en,angel
list,0.0047094570995752,en,angel
taste,0.0046968846080244,en,angel
contact,0.0046968846080244,en,angel
possible,0.0046923311212766,en,angel
self,0.0046594079616549,en,angel
memory,0.0046594079616549,en,angel
buy,0.0046085394941109,en,angel
scare,0.0046082641437221,en,angel
dance,0.0045926945691389,en,angel
shroud,0.0045916300220826,en,angel
mission,0.0045875168644552,en,angel
worth,0.004585390310922,en,angel
battle,0.0045744945303946,en,angel
build,0.0045610914186994,en,angel
spot,0.0045560130307341,en,angel
bar,0.0045560130307341,en,angel
yell,0.0045373452326321,en,angel
master,0.0045361436817858,en,angel
ancient,0.0045281696448156,en,angel
mistake,0.0045247478669453,en,angel
report,0.0045125861191049,en,angel
cold,0.0045125861191049,en,angel
century,0.0045095242905589,en,angel
quick,0.0044988735126027,en,angel
secret,0.0044988735126027,en,angel
goin,0.0044839097380835,en,angel
deserve,0.0044835812461208,en,angel
gypsy,0.0044741846327081,en,angel
kiss,0.0044666794418962,en,angel
shot,0.0044630118730209,en,angel
amulet,0.0044446833010256,en,angel
warm,0.0044279219571597,en,angel
ahead,0.0044274429847822,en,angel
finally,0.0044274429847822,en,angel
vail,0.0043977374183019,en,angel
future,0.0043956678883537,en,angel
smart,0.0043921621068957,en,angel
group,0.0043773458530583,en,angel
lockley,0.0043594031842769,en,angel
ugly,0.0043568982078454,en,angel
horrible,0.0043471376950447,en,angel
cover,0.0043422998504594,en,angel
record,0.0043422998504594,en,angel
doctor,0.0043258399159641,en,angel
belong,0.0043225360650719,en,angel
sarcophagus,0.0043116051749983,en,angel
pang,0.0043116051749983,en,angel
feed,0.0043076974509939,en,angel
swear,0.0043076974509939,en,angel
nyazian,0.0043028396155609,en,angel
willow,0.0042984883415804,en,angel
card,0.0042880122642203,en,angel
talisman,0.0042757277415773,en,angel
simple,0.0042571567161367,en,angel
sacrifice,0.0042526347016742,en,angel
helpless,0.0042523573560081,en,angel
exhale,0.0042466342816571,en,angel
careful,0.0042393231176448,en,angel
puppet,0.0042360179949964,en,angel
favor,0.0042324832303829,en,angel
system,0.0041861840885113,en,angel
throat,0.0041846937063919,en,angel
rip,0.0041758021612999,en,angel
low,0.004172013581814,en,angel
screw,0.0041651618222103,en,angel
mate,0.0041600830261985,en,angel
mess,0.0041528063193255,en,angel
gift,0.0041424303956939,en,angel
consider,0.0041387681391902,en,angel
join,0.0041387681391902,en,angel
trick,0.0041319278150525,en,angel
demonic,0.0041242538987561,en,angel
normal,0.0040989719200007,en,angel
short,0.0040868704474912,en,angel
raise,0.0040662895210063,en,angel
worried,0.0040662895210063,en,angel
wake,0.0040543034832883,en,angel
trip,0.0040440144572854,en,angel
hurry,0.0040440144572854,en,angel
suffer,0.0040264451528432,en,angel
escape,0.0040200114977066,en,angel
waste,0.00401175975149,en,angel
window,0.00401175975149,en,angel
seer,0.0040084947577287,en,angel
tired,0.0040017273131685,en,angel
notice,0.0040017273131685,en,angel
mortal,0.0039995846499618,en,angel
coffee,0.0039879208936056,en,angel
sword,0.0039818712039302,en,angel
impossible,0.003979772722687,en,angel
tear,0.003979772722687,en,angel
decide,0.0039698388273865,en,angel
bell,0.0039691257215626,en,angel
rat,0.0039691257215626,en,angel
priest,0.0039648129349539,en,angel
dimensional,0.0039592848211695,en,angel
movie,0.0039349350357331,en,angel
blame,0.0039349350357331,en,angel
sick,0.0039245475829794,en,angel
information,0.0039165841788458,en,angel
tight,0.0038993004293033,en,angel
arm,0.0038932559243677,en,angel
fix,0.0038932559243677,en,angel
dog,0.0038932559243677,en,angel
strength,0.003874622728192,en,angel
pant,0.0038727984069737,en,angel
clon,0.0038725556540048,en,angel
deevak,0.0038725556540048,en,angel
kleynach,0.0038725556540048,en,angel
haklar,0.0038725556540048,en,angel
pop,0.0038722718916269,en,angel
club,0.0038681877417512,en,angel
voice,0.0038681877417512,en,angel
blot,0.0038663129364185,en,angel
weak,0.0038416199022654,en,angel
energy,0.0038416199022654,en,angel
psychic,0.0038388913079655,en,angel
glass,0.0038373354144687,en,angel
billy,0.0038315782228207,en,angel
vengeance,0.0038142102550955,en,angel
green,0.0038106799650009,en,angel
breathe,0.0038106799650009,en,angel
allow,0.0038067391260484,en,angel
history,0.0037822190569379,en,angel
earth,0.0037822190569379,en,angel
bite,0.0037821833384072,en,angel
situation,0.0037802743839842,en,angel
terrible,0.0037802743839842,en,angel
lab,0.0037697071998271,en,angel
effect,0.0037497877170697,en,angel
flesh,0.0037392372847016,en,angel
machine,0.0037220595006986,en,angel
hunt,0.0037154605421063,en,angel
ding,0.0037065157456218,en,angel
bone,0.0036921662222489,en,angel
foot,0.0036868315952887,en,angel
scoff,0.0036862275831675,en,angel
birth,0.003670504378779,en,angel
totem,0.0036697666380077,en,angel
council,0.0036675098606687,en,angel
scary,0.0036560430241429,en,angel
bed,0.0036319802037791,en,angel
freak,0.0036311323141738,en,angel
theory,0.0036267345455396,en,angel
majesty,0.0036186543568927,en,angel
violence,0.003612703680646,en,angel
manny,0.0036112412907116,en,angel
singing,0.0036080607869159,en,angel
purpose,0.0036021133875599,en,angel
muscle,0.0036004466982566,en,angel
war,0.0035760116415548,en,angel
risk,0.0035756989089367,en,angel
white,0.0035733435535169,en,angel
rescue,0.0035713015577309,en,angel
danger,0.0035688945672928,en,angel
oracle,0.0035601991489011,en,angel
interesting,0.0035475155478773,en,angel
concern,0.0035471887310906,en,angel
red,0.0035165343106829,en,angel
difference,0.0035165343106829,en,angel
language,0.0035138427046891,en,angel
connect,0.0035054382160848,en,angel
agree,0.0034908685072321,en,angel
poor,0.0034884867404261,en,angel
hospital,0.0034884867404261,en,angel
fail,0.0034884867404261,en,angel
release,0.0034884867404261,en,angel
aztec,0.0034740287900316,en,angel
steven,0.0034646297479086,en,angel
appreciate,0.0034606719327713,en,angel
pure,0.0034562847562981,en,angel
certain,0.0034561981077916,en,angel
alley,0.003450843041501,en,angel
hire,0.0034495756984651,en,angel
boretz,0.0034422716924487,en,angel
landok,0.0034422716924487,en,angel
durslar,0.0034422716924487,en,angel
kyrumption,0.0034422716924487,en,angel
mohra,0.0034422716924487,en,angel
pylean,0.0034422716924487,en,angel
groaning,0.0034404062231322,en,angel
sister,0.0034330860561699,en,angel
relax,0.0034286209529159,en,angel
enter,0.0034220077181819,en,angel
early,0.0034057253729094,en,angel
nasty,0.0034004218816868,en,angel
corporeal,0.0033988754654902,en,angel
vibe,0.0033888933933508,en,angel
address,0.003374155134452,en,angel
owe,0.003374155134452,en,angel
clothe,0.0033675776434892,en,angel
thorn,0.0033653920979941,en,angel
apartment,0.0033614174144822,en,angel
tro,0.0033498362828851,en,angel
gile,0.0033468035600683,en,angel
star,0.0033407075951488,en,angel
pig,0.0033273865039302,en,angel
name,0.0033205822385866,en,angel
ride,0.0033140624034048,en,angel
jump,0.0033140624034048,en,angel
worship,0.0033093890585909,en,angel
sell,0.0032941215801718,en,angel
zombie,0.0032909810391584,en,angel
bother,0.0032876383361327,en,angel
air,0.0032876383361327,en,angel
apart,0.0032876383361327,en,angel
type,0.0032789571791869,en,angel
smile,0.0032789571791869,en,angel
totally,0.0032789571791869,en,angel
orb,0.0032625363611695,en,angel
fair,0.0032614317533614,en,angel
nearly,0.0032547617716381,en,angel
spawn,0.0032543292102705,en,angel
lay,0.0032527942373817,en,angel
upstairs,0.0032527942373817,en,angel
brave,0.0032472323788198,en,angel
middle,0.0032354391042639,en,angel
crack,0.0032286930937623,en,angel
hungry,0.0032268502348941,en,angel
singe,0.0032235527454614,en,angel
slaughter,0.0032059492336226,en,angel
host,0.0032036141106364,en,angel
ice,0.0032028540988525,en,angel
circle,0.0032028540988525,en,angel
neck,0.0031903367148845,en,angel
source,0.0031873195595092,en,angel
pryce,0.0031815582315799,en,angel
single,0.0031756046019572,en,angel
accept,0.0031756046019572,en,angel
gio,0.0031704750431104,en,angel
trepko,0.0031704750431104,en,angel
hellmouth,0.0031704750431104,en,angel
indistinct,0.0031674278569356,en,angel
fit,0.0031648808796146,en,angel
bunch,0.0031648808796146,en,angel
paige,0.0031618437949987,en,angel
desk,0.0031518492141149,en,angel
devil,0.0031513184542718,en,angel
disappear,0.0031502959699412,en,angel
involve,0.0031502959699412,en,angel
wall,0.0031502959699412,en,angel
folk,0.0031438512279361,en,angel
doubt,0.0031396380663835,en,angel
survive,0.0031396380663835,en,angel
aura,0.0031372958058627,en,angel
price,0.0031266756093273,en,angel
prove,0.0031251922683681,en,angel
song,0.0031185987812277,en,angel
leader,0.0031185987812277,en,angel
rain,0.0031185987812277,en,angel
joke,0.0031146047394941,en,angel
slow,0.0031146047394941,en,angel
enjoy,0.0031146047394941,en,angel
bastard,0.0031113439817424,en,angel
animal,0.0031113439817424,en,angel
possess,0.0031097341823095,en,angel
strike,0.0031017162505822,en,angel
skin,0.0031017162505822,en,angel
block,0.0031017162505822,en,angel
captain,0.003098238725579,en,angel
crew,0.0030968269736152,en,angel
draw,0.0030897774505529,en,angel
create,0.0030897774505529,en,angel
personal,0.0030897774505529,en,angel
pal,0.0030752874524905,en,angel
begin,0.0030651528356184,en,angel
elevator,0.0030564149749203,en,angel
thought,0.0030524258978728,en,angel
tough,0.0030524258978728,en,angel
eternal,0.0030220487121016,en,angel
somethin,0.0030220487121016,en,angel
fool,0.0030198338646324,en,angel
subtitle,0.0030173012000289,en,angel
sanctuary,0.003016004386228,en,angel
semkhet,0.0030119877308926,en,angel
ethros,0.0030119877308926,en,angel
vinji,0.0030119877308926,en,angel
shundi,0.0030119877308926,en,angel
supernatural,0.0030093677422597,en,angel
daughter,0.0030039502991487,en,angel
visit,0.0030039502991487,en,angel
cell,0.0030039502991487,en,angel
skip,0.0030003722485472,en,angel
form,0.0029890541640805,en,angel
finger,0.0029890541640805,en,angel
happiness,0.0029779428872504,en,angel
department,0.002975782191212,en,angel
mail,0.002975782191212,en,angel
connection,0.002975782191212,en,angel
remove,0.002975782191212,en,angel
obviously,0.0029652137293622,en,angel
buddy,0.0029519479714398,en,angel
covenant,0.0029395628223344,en,angel
straight,0.0029327069507978,en,angel
lovely,0.0029283237475223,en,angel
archduke,0.0029278162257568,en,angel
offiice,0.0029278162257568,en,angel
justine,0.0029278162257568,en,angel
screech,0.0029207148527787,en,angel
sex,0.002906085480729,en,angel
tall,0.0029045988052303,en,angel
dress,0.0029011408063134,en,angel
parent,0.0029011408063134,en,angel
coat,0.0029003598402623,en,angel
entire,0.0028948665669729,en,angel
destroyer,0.0028869046702027,en,angel
knife,0.0028827889977366,en,angel
boyfriend,0.0028827889977366,en,angel
sight,0.0028816907100479,en,angel
shake,0.0028816907100479,en,angel
favorite,0.002881214926699,en,angel
tooth,0.002881214926699,en,angel
cage,0.002878172094162,en,angel
priestess,0.0028759715477224,en,angel
quiet,0.0028717983006626,en,angel
lunch,0.0028586748428135,en,angel
rich,0.0028586748428135,en,angel
blue,0.0028368136304122,en,angel
dry,0.0028368136304122,en,angel
odd,0.0028368136304122,en,angel
search,0.0028358548576751,en,angel
focus,0.0028358548576751,en,angel
karaoke,0.0028351623298307,en,angel
require,0.0028305955121106,en,angel
codex,0.0028280517614043,en,angel
beastmaster,0.0028280517614043,en,angel
ohhh,0.0028164858830116,en,angel
cup,0.0028141275434847,en,angel
percent,0.0028098240300685,en,angel
vault,0.0028098240300685,en,angel
actress,0.0028023600945838,en,angel
warlock,0.0028014952014,en,angel
fry,0.0028003474319774,en,angel
universe,0.0027995195587024,en,angel
music,0.0027916378753589,en,angel
fill,0.0027907893923409,en,angel
meeting,0.0027907893923409,en,angel
respect,0.0027907893923409,en,angel
teach,0.0027907893923409,en,angel
cat,0.0027897958042612,en,angel
view,0.0027897958042612,en,angel
defeat,0.0027872952425924,en,angel
meat,0.0027851744291424,en,angel
sweep,0.0027764655625515,en,angel
rondell,0.0027741656627216,en,angel
morimoto,0.0027741656627216,en,angel
hole,0.0027693412539756,en,angel
rock,0.0027693412539756,en,angel
rush,0.0027674512232248,en,angel
suspect,0.0027674512232248,en,angel
cave,0.0027597908428446,en,angel
sweetie,0.002755227472938,en,angel
super,0.002755227472938,en,angel
store,0.0027472343933728,en,angel
honest,0.0027472343933728,en,angel
pretend,0.0027472343933728,en,angel
rebecca,0.0027464926229089,en,angel
carry,0.0027464688449359,en,angel
instead,0.0027464688449359,en,angel
innocent,0.0027453035133021,en,angel
contract,0.0027446967182368,en,angel
loud,0.0027405868077456,en,angel
mojo,0.0027354016719148,en,angel
goodbye,0.0027310767894569,en,angel
certainly,0.0027253140907793,en,angel
wound,0.0027253140907793,en,angel
note,0.0027253140907793,en,angel
private,0.0027245802983275,en,angel
betray,0.0027224071395792,en,angel
research,0.0027185960948755,en,angel
raven,0.0027079243286999,en,angel
cor,0.0027058356021152,en,angel
skitter,0.0027058356021152,en,angel
manage,0.0027035772238302,en,angel
common,0.0027015850406699,en,angel
guide,0.0026918457295216,en,angel
hack,0.0026918457295216,en,angel
handsome,0.0026866143828295,en,angel
attention,0.0026820207478977,en,angel
interested,0.0026820207478977,en,angel
service,0.0026820207478977,en,angel
wife,0.0026813320693009,en,angel
difficult,0.0026800076651377,en,angel
sad,0.0026800076651377,en,angel
suit,0.0026800076651377,en,angel
reality,0.0026784761682982,en,angel
tony,0.0026716243613521,en,angel
whimpering,0.0026648350801871,en,angel
fluffy,0.0026579646842162,en,angel
bug,0.0026568264917616,en,angel
damage,0.0026537933961921,en,angel
tape,0.002646083814375,en,angel
bag,0.0026394371640047,en,angel
issue,0.0026374007330122,en,angel
serve,0.0026374007330122,en,angel
grab,0.0026374007330122,en,angel
reward,0.0026256382238607,en,angel
pack,0.0026163650553196,en,angel
whammy,0.0026145195888386,en,angel
growling,0.0026145195888386,en,angel
nest,0.00261217671314,en,angel
dirty,0.0026115322059809,en,angel
nervous,0.0026115322059809,en,angel
shalt,0.0026108127091941,en,angel
brood,0.0026081187099584,en,angel
employee,0.002604550153527,en,angel
ponce,0.0026025033117839,en,angel
player,0.0026003226154075,en,angel
gettin,0.0026003015744783,en,angel
prince,0.0026003015744783,en,angel
entity,0.0025981022083632,en,angel
ballet,0.0025981022083632,en,angel
age,0.0025955039495784,en,angel
reach,0.0025955039495784,en,angel
strange,0.0025955039495784,en,angel
bleed,0.0025906740762998,en,angel
beastie,0.0025869631049989,en,angel
gang,0.0025841719003407,en,angel
chop,0.0025841719003407,en,angel
earn,0.0025829544750098,en,angel
stainbegone,0.0025817037693365,en,angel
macnamara,0.0025817037693365,en,angel
magev,0.0025817037693365,en,angel
prio,0.0025817037693365,en,angel
jhiera,0.0025817037693365,en,angel
mesektet,0.0025817037693365,en,angel
winifred,0.0025817037693365,en,angel
jar,0.0025761679335149,en,angel
apparently,0.0025748145421274,en,angel
outside,0.0025748145421274,en,angel
rise,0.002562283279082,en,angel
stab,0.0025622297105448,en,angel
sire,0.0025604417118288,en,angel
push,0.002554294029682,en,angel
definitely,0.002554294029682,en,angel
threat,0.0025515808210045,en,angel
piss,0.0025417926199217,en,angel
assume,0.0025339396770552,en,angel
cute,0.002531106709022,en,angel
term,0.0025291528868089,en,angel
wonderful,0.0025214793712919,en,angel
especially,0.0025214793712919,en,angel
fresh,0.0025214793712919,en,angel
chick,0.0025207473514623,en,angel
seek,0.0025173189645329,en,angel
swami,0.0025129928104582,en,angel
scourge,0.0025096433547457,en,angel
pleasure,0.0025089871512592,en,angel
possibly,0.0025013404874618,en,angel
relationship,0.0025013404874618,en,angel
pathetic,0.0025003681473859,en,angel
condition,0.0024907061009023,en,angel
state,0.0024889873907232,en,angel
forgive,0.0024813730004657,en,angel
miracle,0.002480070526202,en,angel
crime,0.0024707731619719,en,angel
jeez,0.0024695824231254,en,angel
level,0.0024691508953593,en,angel
cult,0.0024659268428966,en,angel
fly,0.002461574017478,en,angel
experience,0.002461574017478,en,angel
medium,0.0024600245294089,en,angel
lonely,0.0024600245294089,en,angel
path,0.002457077827634,en,angel
solve,0.002457077827634,en,angel
comfortable,0.002457077827634,en,angel
permanent,0.002448985384291,en,angel
giggle,0.002446420385987,en,angel
usually,0.0024419407182982,en,angel
conduit,0.0024404643451135,en,angel
snap,0.002440168544923,en,angel
downstairs,0.0024397304162104,en,angel
project,0.0024373620160953,en,angel
pivotal,0.002434038952777,en,angel
peace,0.0024314265366029,en,angel
shoe,0.0024314265366029,en,angel
rid,0.0024314265366029,en,angel
slay,0.0024248953944723,en,angel
symbol,0.0024237349935586,en,angel
sunny,0.0024232579624461,en,angel
duty,0.0024204990043586,en,angel
assassin,0.0024171699775964,en,angel
warn,0.0024120068986239,en,angel
undead,0.0024051395353766,en,angel
killing,0.0024029169302751,en,angel
eternity,0.0024004661536235,en,angel
bill,0.0023984577267948,en,angel
slip,0.0023984577267948,en,angel
gee,0.0023842092672697,en,angel
paper,0.0023840077610365,en,angel
angry,0.0023792630448619,en,angel
ruination,0.0023778562823328,en,angel
click,0.0023772116471602,en,angel
admit,0.002373660659711,en,angel
tet,0.0023676061518508,en,angel
shop,0.002360236004213,en,angel
cure,0.0023572513337012,en,angel
event,0.0023547285497876,en,angel
eviscerate,0.0023530676299547,en,angel
flame,0.0023493170144667,en,angel
giant,0.0023493170144667,en,angel
moaning,0.0023446300044984,en,angel
tea,0.0023436173231685,en,angel
chair,0.0023436173231685,en,angel
punch,0.0023436173231685,en,angel
prepare,0.0023413737019139,en,angel
space,0.0023413737019139,en,angel
resource,0.0023376678668232,en,angel
text,0.0023376678668232,en,angel
double,0.0023359535546206,en,angel
suggest,0.0023359535546206,en,angel
amazing,0.0023359535546206,en,angel
liaison,0.0023353000788198,en,angel
reference,0.0023300140548694,en,angel
rogue,0.0023246735781609,en,angel
link,0.0023236790441842,en,angel
tip,0.002322673309786,en,angel
twice,0.002322673309786,en,angel
wrath,0.0023205526302737,en,angel
dinner,0.0023173330879147,en,angel
earthquake,0.0023118064152155,en,angel
truly,0.0023049719413592,en,angel
press,0.002304132071861,en,angel
avoid,0.002304132071861,en,angel
translate,0.0023025482438807,en,angel
luv,0.0022995227599991,en,angel
breed,0.0022989469336924,en,angel
kidnap,0.0022920041351037,en,angel
plane,0.0022864372566808,en,angel
code,0.0022857473019439,en,angel
heartbeat,0.0022787016728204,en,angel
hatch,0.0022708807071493,en,angel
bottle,0.0022694576963586,en,angel
minion,0.0022683396443158,en,angel
speech,0.0022680718408929,en,angel
truck,0.0022632225670562,en,angel
hum,0.0022592622622339,en,angel
hunter,0.0022587245689923,en,angel
destruction,0.0022587245689923,en,angel
chattering,0.0022586790192712,en,angel
fell,0.0022563572935929,en,angel
sacred,0.0022503845598418,en,angel
extra,0.0022494367563013,en,angel
treat,0.0022494367563013,en,angel
completely,0.0022494367563013,en,angel
detail,0.0022494367563013,en,angel
parasite,0.0022479676596467,en,angel
fighting,0.0022439388923834,en,angel
incantation,0.00224119616112,en,angel
empath,0.00224119616112,en,angel
fiend,0.002237092316354,en,angel
color,0.0022364195481929,en,angel
wind,0.0022333397209481,en,angel
frake,0.0022332241885901,en,angel
meltzer,0.0022332241885901,en,angel
tire,0.0022263503493555,en,angel
cellar,0.0022247375385605,en,angel
bless,0.0022241043251026,en,angel
smash,0.0022241043251026,en,angel
ocean,0.0022241043251026,en,angel
someplace,0.0022182576692868,en,angel
decapitation,0.0022155744507545,en,angel
mark,0.0022155116075587,en,angel
willing,0.0022155116075587,en,angel
recognize,0.0022139609785798,en,angel
holy,0.0022089314438026,en,angel
dollar,0.0022089314438026,en,angel
shower,0.0022089314438026,en,angel
professor,0.0022078326742757,en,angel
shout,0.0022078326742757,en,angel
bugger,0.002202775540821,en,angel
lobby,0.0022003334335225,en,angel
spirit,0.0022002729822679,en,angel
interest,0.0021978339441768,en,angel
clearly,0.0021978339441768,en,angel
jack,0.0021911690376524,en,angel
healthy,0.0021911690376524,en,angel
bind,0.0021878221289626,en,angel
talky,0.0021875408913703,en,angel
werewolf,0.002186490486706,en,angel
mystic,0.002186490486706,en,angel
threaten,0.0021786793885043,en,angel
approach,0.0021786793885043,en,angel
large,0.0021786793885043,en,angel
comin,0.0021767336859249,en,angel
gut,0.0021735688475223,en,angel
tiny,0.0021648215858798,en,angel
sky,0.002156127937315,en,angel
torment,0.0021547988709684,en,angel
redemption,0.0021547988709684,en,angel
clatter,0.0021536268129688,en,angel
creep,0.0021522729568576,en,angel
sniff,0.0021521071354415,en,angel
compendium,0.0021514198077804,en,angel
ethro,0.0021514198077804,en,angel
dinza,0.0021514198077804,en,angel
prophesie,0.0021514198077804,en,angel
numfar,0.0021514198077804,en,angel
sahrvin,0.0021514198077804,en,angel
elster,0.0021514198077804,en,angel
artode,0.0021514198077804,en,angel
tezcatcatl,0.0021514198077804,en,angel
grox,0.0021514198077804,en,angel
sacrifiiice,0.0021514198077804,en,angel
novac,0.0021514198077804,en,angel
feigenbaum,0.0021514198077804,en,angel
rabinaw,0.0021514198077804,en,angel
amarra,0.0021514198077804,en,angel
protection,0.0021473483195322,en,angel
restore,0.0021441188788202,en,angel
ship,0.0021440061321101,en,angel
match,0.0021440061321101,en,angel
drug,0.0021440061321101,en,angel
crowd,0.0021388434499336,en,angel
sob,0.0021381687903936,en,angel
hug,0.0021357427404242,en,angel
balance,0.0021347641141841,en,angel
manner,0.0021328211836083,en,angel
wood,0.0021300391238355,en,angel
absolutely,0.0021285783580683,en,angel
access,0.0021217126044723,en,angel
guest,0.0021217126044723,en,angel
sunshine,0.0021180089974982,en,angel
fellow,0.0021174277752283,en,angel
skull,0.0021150328318877,en,angel
insane,0.0021128909462459,en,angel
chip,0.0021128909462459,en,angel
action,0.0021099205864097,en,angel
tryin,0.0021094051714512,en,angel
officer,0.0021047326935316,en,angel
tribunal,0.0020993256241317,en,angel
shelter,0.0020974410405619,en,angel
usual,0.0020959008186241,en,angel
bird,0.0020959008186241,en,angel
include,0.0020930920442556,en,angel
land,0.0020930920442556,en,angel
squeaking,0.0020916156710709,en,angel
bury,0.0020879010806499,en,angel
massacre,0.0020873985411005,en,angel
roar,0.0020873985411005,en,angel
tie,0.0020764031596627,en,angel
idiot,0.0020764031596627,en,angel
bro,0.0020722839077966,en,angel
huge,0.0020712151978469,en,angel
complicated,0.0020712151978469,en,angel
judge,0.0020712151978469,en,angel
expert,0.0020664206047035,en,angel
center,0.0020623832443883,en,angel
alarm,0.0020623832443883,en,angel
potion,0.002062126949378,en,angel
mandy,0.002062126949378,en,angel
shiny,0.0020617490210948,en,angel
snack,0.0020601747445248,en,angel
gentleman,0.0020598516337019,en,angel
class,0.0020546725432722,en,angel
arrive,0.0020546725432722,en,angel
personally,0.0020546725432722,en,angel
camera,0.0020546725432722,en,angel
defense,0.0020497415777353,en,angel
mood,0.0020497415777353,en,angel
split,0.0020458502564582,en,angel
horse,0.0020458502564582,en,angel
field,0.0020458502564582,en,angel
fighter,0.0020424793907338,en,angel
psycho,0.0020424793907338,en,angel
passage,0.0020406878305546,en,angel
park,0.002038270678954,en,angel
reading,0.0020376099832802,en,angel
boat,0.0020332191636612,en,angel
apologize,0.0020294642303648,en,angel
shirt,0.0020294642303648,en,angel
market,0.0020294642303648,en,angel
hyperion,0.0020293767015864,en,angel
husband,0.0020271517416441,en,angel
coma,0.0020250011633302,en,angel
lookin,0.0020220671283865,en,angel
responsible,0.0020220072286427,en,angel
professional,0.0020168504486893,en,angel
kinda,0.0020168504486893,en,angel
staff,0.0020168504486893,en,angel
cheap,0.0020165978811698,en,angel
flash,0.0020165978811698,en,angel
dear,0.0020132225764216,en,angel
page,0.0020132225764216,en,angel
prefer,0.0020132225764216,en,angel
bright,0.0020132225764216,en,angel
cast,0.002012284865569,en,angel
tyke,0.0020120824149992,en,angel
exist,0.002005879875745,en,angel
corner,0.002005879875745,en,angel
swing,0.0019957868846031,en,angel
haunt,0.0019906752213524,en,angel
agony,0.0019890451116632,en,angel
pound,0.0019845628607813,en,angel
bus,0.0019840564209616,en,angel
devourer,0.001981546901944,en,angel
bosh,0.001981546901944,en,angel
interdimensional,0.001981546901944,en,angel
papazian,0.001981546901944,en,angel
punish,0.0019794581166805,en,angel
stalk,0.0019738175374837,en,angel
root,0.0019705656439887,en,angel
painful,0.0019705656439887,en,angel
reilly,0.0019693995117817,en,angel
king,0.0019686385514616,en,angel
size,0.0019686385514616,en,angel
cousin,0.0019680196235271,en,angel
spin,0.0019680196235271,en,angel
pardon,0.0019680196235271,en,angel
indistinctly,0.0019678414380354,en,angel
nose,0.0019653389544343,en,angel
barney,0.001953858337082,en,angel
particle,0.001953858337082,en,angel
blond,0.0019502261808587,en,angel
museum,0.0019502261808587,en,angel
art,0.0019496502146516,en,angel
forward,0.0019496502146516,en,angel
tend,0.001947294580014,en,angel
wizard,0.0019471432351858,en,angel
tale,0.001940689121984,en,angel
gray,0.0019389879948469,en,angel
device,0.0019381289252555,en,angel
evening,0.0019372158562573,en,angel
girlfriend,0.0019372158562573,en,angel
lift,0.0019340938708756,en,angel
exciting,0.0019314532461666,en,angel
mingle,0.0019288440535017,en,angel
mankind,0.0019268294225543,en,angel
tunnel,0.0019244094286535,en,angel
explode,0.0019221684663818,en,angel
loose,0.0019217124593115,en,angel
fake,0.0019217124593115,en,angel
blind,0.0019217124593115,en,angel
left,0.0019186677072343,en,angel
public,0.0019186677072343,en,angel
astral,0.001914098279949,en,angel
flunky,0.001914098279949,en,angel
mutilate,0.0019098032202489,en,angel
runaway,0.0019069178901947,en,angel
surface,0.0019063751358022,en,angel
role,0.0019063751358022,en,angel
english,0.0019063751358022,en,angel
midnight,0.0019063751358022,en,angel
heavy,0.0019063444649412,en,angel
ticket,0.0019063444649412,en,angel
roll,0.0019063444649412,en,angel
soldier,0.0019053643805673,en,angel
filthy,0.0018989180606837,en,angel
nothin,0.0018989180606837,en,angel
nina,0.0018987728794139,en,angel
plenty,0.0018911095284689,en,angel
member,0.0018911095284689,en,angel
distance,0.001890745469624,en,angel
abandon,0.0018900598674107,en,angel
table,0.0018881973308934,en,angel
robot,0.0018872626531608,en,angel
perform,0.0018848535999135,en,angel
toast,0.0018848535999135,en,angel
band,0.0018848535999135,en,angel
student,0.0018848535999135,en,angel
lordship,0.0018847446078437,en,angel
jolly,0.0018840853322619,en,angel
arise,0.0018840853322619,en,angel
ruler,0.0018809500884831,en,angel
basement,0.0018752761105394,en,angel
advantage,0.0018752761105394,en,angel
harm,0.0018748938585348,en,angel
moan,0.0018707920598724,en,angel
primordial,0.00187063088694,en,angel
signal,0.0018696186423508,en,angel
string,0.0018696186423508,en,angel
discuss,0.0018610297503493,en,angel
nipper,0.0018610201571584,en,angel
birthday,0.0018598638695075,en,angel
living,0.0018598638695075,en,angel
major,0.0018598638695075,en,angel
present,0.0018582224298405,en,angel
reaper,0.0018559142544402,en,angel
noise,0.0018545280941414,en,angel
degree,0.0018545280941414,en,angel
horror,0.0018532578728109,en,angel
pregnancy,0.0018532578728109,en,angel
breeze,0.0018530796183411,en,angel
engine,0.0018456900826023,en,angel
mix,0.0018449674821499,en,angel
rough,0.0018449674821499,en,angel
ridiculous,0.0018449674821499,en,angel
bored,0.0018420301402636,en,angel
article,0.0018420301402636,en,angel
stone,0.0018395792433125,en,angel
sharp,0.0018395792433125,en,angel
corrupt,0.0018366181217567,en,angel
vessel,0.001835650588065,en,angel
humanity,0.0018336111946021,en,angel
train,0.0018314555387237,en,angel
locate,0.0018304550960746,en,angel
stephanie,0.0018303482588351,en,angel
russell,0.0018303482588351,en,angel
entrail,0.001830163712187,en,angel
trash,0.0018297978121578,en,angel
rage,0.0018265309383379,en,angel
nourish,0.0018255292145827,en,angel
dare,0.001824769453576,en,angel
trial,0.001824769453576,en,angel
interrupt,0.001824769453576,en,angel
suffering,0.0018184960421429,en,angel
seriously,0.0018168527647049,en,angel
decision,0.0018168527647049,en,angel
afford,0.0018155661570869,en,angel
crash,0.0018155661570869,en,angel
honestly,0.0018155661570869,en,angel
study,0.0018155661570869,en,angel
vacation,0.0018153813293606,en,angel
polo,0.0018056206453558,en,angel
seat,0.0018023701794892,en,angel
dig,0.0018023701794892,en,angel
fat,0.0018010566937799,en,angel
mad,0.0018010566937799,en,angel
scene,0.0018010566937799,en,angel
congratulation,0.0018010566937799,en,angel
pie,0.0017960599440912,en,angel
outfit,0.0017960599440912,en,angel
potential,0.0017955568740402,en,angel
medical,0.0017955568740402,en,angel
scratch,0.0017955568740402,en,angel
cosmic,0.0017926667980233,en,angel
ascension,0.0017923091982801,en,angel
worthy,0.0017880698373163,en,angel
beginning,0.0017866717767584,en,angel
revenge,0.0017857040546449,en,angel
freeze,0.0017811491656081,en,angel
underground,0.0017810802794844,en,angel
downtown,0.0017810802794844,en,angel
rattle,0.0017723235233048,en,angel
burden,0.0017715307045132,en,angel
science,0.0017712176611744,en,angel
wipe,0.0017712176611744,en,angel
policy,0.0017712176611744,en,angel
anytime,0.0017710941043983,en,angel
dru,0.0017675323508777,en,angel
weight,0.0017668706760321,en,angel
soft,0.0017668706760321,en,angel
shame,0.0017668706760321,en,angel
ringing,0.0017662603040081,en,angel
slime,0.0017584725033738,en,angel
bein,0.0017584725033738,en,angel
leg,0.0017582671553414,en,angel
conversation,0.0017582671553414,en,angel
position,0.0017582671553414,en,angel
country,0.0017582671553414,en,angel
army,0.0017569213523445,en,angel
affect,0.0017569213523445,en,angel
bang,0.0017569213523445,en,angel
gene,0.0017567857758829,en,angel
dumb,0.0017566324810808,en,angel
design,0.0017566324810808,en,angel
practice,0.0017527191080424,en,angel
part,0.0017527191080424,en,angel
terror,0.001752458177935,en,angel
scheme,0.001752458177935,en,angel
esteem,0.0017435051836206,en,angel
gather,0.0017427592831381,en,angel
silly,0.0017427592831381,en,angel
meantime,0.0017423162031705,en,angel
snake,0.0017416037095444,en,angel
breakfast,0.0017386922250913,en,angel
letter,0.0017386922250913,en,angel
ignore,0.0017386922250913,en,angel
disappoint,0.001728142378149,en,angel
trace,0.001728142378149,en,angel
bend,0.0017269032564972,en,angel
thief,0.0017269032564972,en,angel
aware,0.0017247878492325,en,angel
reseda,0.0017246420699993,en,angel
manjet,0.0017211358462243,en,angel
rheinhardt,0.0017211358462243,en,angel
thesulac,0.0017211358462243,en,angel
rieff,0.0017211358462243,en,angel
recorporealize,0.0017211358462243,en,angel
angelcake,0.0017211358462243,en,angel
faithy,0.0017211358462243,en,angel
ensoul,0.0017211358462243,en,angel
krrr,0.0017211358462243,en,angel
seltrax,0.0017211358462243,en,angel
grappler,0.0017211358462243,en,angel
spiny,0.0017211358462243,en,angel
famiglia,0.0017211358462243,en,angel
skilosh,0.0017211358462243,en,angel
nostroyev,0.0017211358462243,en,angel
dude,0.0017148279425106,en,angel
brilliant,0.0017141081989943,en,angel
contraction,0.0017140994322123,en,angel
banish,0.0017140994322123,en,angel
cryptic,0.0017140994322123,en,angel
mercy,0.0017085941923394,en,angel
presence,0.0017085941923394,en,angel
joy,0.0017085941923394,en,angel
training,0.0017002109408434,en,angel
appear,0.0016973381879205,en,angel
arrest,0.0016973381879205,en,angel
gig,0.001696614495491,en,angel
alter,0.001696614495491,en,angel
specialize,0.0016953247044914,en,angel
stiff,0.0016944466966754,en,angel
oliver,0.0016928550796348,en,angel
german,0.0016901960234109,en,angel
claw,0.0016901960234109,en,angel
image,0.0016874044726813,en,angel
nerve,0.0016864479578174,en,angel
witness,0.0016837888217446,en,angel
noble,0.0016820418511926,en,angel
trail,0.0016806626396658,en,angel
vicious,0.0016786117312088,en,angel
nun,0.0016784121584443,en,angel
bun,0.0016755579923489,en,angel
fork,0.0016751710796395,en,angel
wave,0.0016738774825567,en,angel
fish,0.0016738774825567,en,angel
neighborhood,0.001672816679998,en,angel
sidekick,0.0016721928379658,en,angel
remind,0.0016703537975744,en,angel
shh,0.0016697627620166,en,angel
creepy,0.0016697627620166,en,angel
toss,0.0016669120982572,en,angel
superhero,0.0016618043595975,en,angel
deliver,0.0016604707339349,en,angel
round,0.0016570312017024,en,angel
puppy,0.0016534286575456,en,angel
trigger,0.0016533011586643,en,angel
eater,0.0016520816556158,en,angel
keeper,0.0016476708430056,en,angel
responsibility,0.0016471821079813,en,angel
pregnant,0.0016459393229638,en,angel
retreat,0.0016457289859259,en,angel
cough,0.0016421380366573,en,angel
fate,0.0016421380366573,en,angel
eunuch,0.0016406556685277,en,angel
avenger,0.0016406556685277,en,angel
offense,0.0016398270147487,en,angel
division,0.0016393795940549,en,angel
suddenly,0.0016340095413782,en,angel
barely,0.0016340095413782,en,angel
trish,0.0016328088187691,en,angel
accord,0.0016307158766807,en,angel
mass,0.0016285500728844,en,angel
epiphany,0.0016269762300756,en,angel
aubrey,0.0016265645698649,en,angel
justice,0.0016264869441403,en,angel
guilt,0.0016264869441403,en,angel
precious,0.0016254967955748,en,angel
goddess,0.0016226193626548,en,angel
rumble,0.0016226193626548,en,angel
kitchen,0.0016209510244019,en,angel
standard,0.0016195597234822,en,angel
toy,0.0016195597234822,en,angel
road,0.0016177195521319,en,angel
witch,0.0016170617748009,en,angel
daylight,0.0016170617748009,en,angel
hundred,0.0016132783049358,en,angel
mile,0.0016080045990826,en,angel
necessary,0.0016080045990826,en,angel
travel,0.0016080045990826,en,angel
shock,0.0016080045990826,en,angel
maim,0.0016055229041283,en,angel
italian,0.0016030062100676,en,angel
labor,0.0016029746168113,en,angel
contain,0.0016018070553182,en,angel
tongue,0.0016001985325585,en,angel
grief,0.0015982145710457,en,angel
dawn,0.0015982145710457,en,angel
ohh,0.0015982130849856,en,angel
translation,0.0015982130849856,en,angel
surprised,0.0015951683574422,en,angel
add,0.0015951683574422,en,angel
local,0.0015936597797546,en,angel
pier,0.0015890982418289,en,angel
doom,0.0015885067481236,en,angel
uncle,0.0015872451367693,en,angel
effort,0.0015872451367693,en,angel
crush,0.0015872451367693,en,angel
rare,0.0015872451367693,en,angel
corbin,0.0015852375215552,en,angel
lani,0.0015852375215552,en,angel
chammy,0.0015852375215552,en,angel
bloodroot,0.0015852375215552,en,angel
monkey,0.0015848077647735,en,angel
village,0.0015848077647735,en,angel
hunk,0.0015837139284678,en,angel
atone,0.0015837139284678,en,angel
cost,0.0015824404398073,en,angel
com,0.0015824404398073,en,angel
provide,0.0015808842890813,en,angel
discover,0.0015808842890813,en,angel
sod,0.001579450105515,en,angel
precinct,0.0015766062530121,en,angel
backup,0.0015756212246867,en,angel
rude,0.0015756212246867,en,angel
moon,0.0015756212246867,en,angel
flee,0.0015754277458131,en,angel
hip,0.0015754277458131,en,angel
inner,0.0015754277458131,en,angel
cake,0.0015744156988217,en,angel
humor,0.0015715524510798,en,angel
gavin,0.0015706205065364,en,angel
apocalyptic,0.0015687117533031,en,angel
eventually,0.0015682223598274,en,angel
guilty,0.0015682223598274,en,angel
workin,0.0015630866696656,en,angel
hiss,0.0015630866696656,en,angel
tick,0.0015627300921162,en,angel
gate,0.0015627300921162,en,angel
lover,0.0015627300921162,en,angel
sink,0.0015627300921162,en,angel
toe,0.0015627300921162,en,angel
gateway,0.0015588613250179,en,angel
base,0.001557302369747,en,angel
stalker,0.0015568667192132,en,angel
credit,0.0015556719908712,en,angel
lackey,0.0015544871301092,en,angel
whir,0.0015544871301092,en,angel
charm,0.0015499698362478,en,angel
famous,0.0015499698362478,en,angel
pet,0.0015499698362478,en,angel
grateful,0.0015499698362478,en,angel
capable,0.0015491193627895,en,angel
secure,0.0015491193627895,en,angel
target,0.0015491193627895,en,angel
scent,0.0015463117658211,en,angel
moral,0.001545482871993,en,angel
pity,0.001545482871993,en,angel
fan,0.0015432312335239,en,angel
proof,0.0015432312335239,en,angel
flower,0.0015432312335239,en,angel
concerned,0.0015432312335239,en,angel
priority,0.0015373378263269,en,angel
wheel,0.0015366479609061,en,angel
cyborg,0.0015362650270972,en,angel
helpin,0.0015362650270972,en,angel
terrific,0.0015353266105781,en,angel
library,0.0015326621675468,en,angel
castle,0.0015326312891282,en,angel
unspeakable,0.0015305433406942,en,angel
conjure,0.0015305433406942,en,angel
mirror,0.0015248315101315,en,angel
comfort,0.0015248315101315,en,angel
value,0.0015242915044539,en,angel
mummy,0.0015236439397443,en,angel
desmond,0.0015212743454856,en,angel
atonement,0.0015212743454856,en,angel
molasse,0.0015212743454856,en,angel
chocolate,0.0015199800680254,en,angel
coward,0.0015199800680254,en,angel
virgin,0.0015191344485469,en,angel
deed,0.0015191344485469,en,angel
quit,0.0015186710102447,en,angel
breath,0.0015186710102447,en,angel
spread,0.0015186710102447,en,angel
progress,0.0015124484108773,en,angel
spill,0.0015124484108773,en,angel
nightmare,0.0015120478939286,en,angel
represent,0.0015120478939286,en,angel
request,0.0015120478939286,en,angel
madness,0.0015103649394218,en,angel
breathing,0.0015093898816052,en,angel
urn,0.0015075387690782,en,angel
skulk,0.0015075387690782,en,angel
sake,0.0015065478931399,en,angel
infect,0.0015058163793282,en,angel
consume,0.0015058163793282,en,angel
cursed,0.0015057860128474,en,angel
hat,0.0015001861242736,en,angel
bullet,0.0014999150868278,en,angel
speed,0.0014999150868278,en,angel
heat,0.0014999150868278,en,angel
surveillance,0.0014966494889642,en,angel
slot,0.0014959004723447,en,angel
temple,0.0014959004723447,en,angel
ear,0.0014945270820402,en,angel
yelling,0.0014917838337474,en,angel
giselle,0.0014888161257267,en,angel
spinelli,0.0014888161257267,en,angel
bugaboo,0.0014888161257267,en,angel
unit,0.0014880423157212,en,angel
wet,0.0014880423157212,en,angel
nature,0.001487891095606,en,angel
summit,0.0014863936337474,en,angel
pointy,0.0014863936337474,en,angel
thump,0.001485402504638,en,angel
glamour,0.001485402504638,en,angel
steel,0.0014840563873995,en,angel
drawer,0.0014840563873995,en,angel
butcher,0.0014828492274835,en,angel
goodness,0.0014827362167351,en,angel
violent,0.0014827362167351,en,angel
desire,0.0014827362167351,en,angel
marry,0.0014826068646811,en,angel
rumbling,0.0014771327002557,en,angel
hermano,0.0014771327002557,en,angel
denzel,0.0014771327002557,en,angel
thermo,0.0014770496338363,en,angel
unclean,0.0014770496338363,en,angel
wakey,0.0014770496338363,en,angel
clank,0.0014770496338363,en,angel
liam,0.0014770496338363,en,angel
leprechaun,0.0014770496338363,en,angel
technically,0.0014760147176453,en,angel
trade,0.0014759739857199,en,angel
tactical,0.0014759069390207,en,angel
anger,0.0014705798097075,en,angel
siren,0.0014693933987437,en,angel
lair,0.001468517027214,en,angel
abduct,0.0014670039442675,en,angel
ouch,0.0014670039442675,en,angel
process,0.0014641618737611,en,angel
character,0.0014641011269538,en,angel
rent,0.0014641011269538,en,angel
fancy,0.0014641011269538,en,angel
mayhem,0.0014640713760692,en,angel
yesterday,0.0014590615738722,en,angel
disturb,0.0014585480859751,en,angel
vegas,0.00145613118578,en,angel
chatter,0.00145613118578,en,angel
depend,0.0014524529256695,en,angel
iron,0.001447127727081,en,angel
remain,0.0014408453550239,en,angel
attempt,0.0014406074633495,en,angel
quarter,0.0014406074633495,en,angel
challenge,0.0014406074633495,en,angel
coffin,0.0014390708152865,en,angel
palace,0.0014390708152865,en,angel
harlan,0.0014372017249994,en,angel
prophesy,0.0014372017249994,en,angel
wraith,0.0014372017249994,en,angel
license,0.0014348486379051,en,angel
protector,0.0014341334384187,en,angel
emergency,0.0014293374214067,en,angel
familiar,0.0014293374214067,en,angel
chain,0.0014290232854255,en,angel
servant,0.0014254458602624,en,angel
variety,0.0014254458602624,en,angel
spiritual,0.0014254458602624,en,angel
terminate,0.0014254458602624,en,angel
forge,0.0014254458602624,en,angel
discreet,0.0014254458602624,en,angel
paranormal,0.0014240796595604,en,angel
whisper,0.0014231862984363,en,angel
agency,0.0014231862984363,en,angel
debt,0.0014231862984363,en,angel
recent,0.0014231760761227,en,angel
option,0.0014179274288375,en,angel
bomb,0.001417544900558,en,angel
pray,0.001417544900558,en,angel
bust,0.001417544900558,en,angel
tail,0.001417544900558,en,angel
boo,0.0014174524520027,en,angel
specie,0.0014174524520027,en,angel
peanut,0.0014172245636105,en,angel
goody,0.0014155447605523,en,angel
blobby,0.0014140258807021,en,angel
woodshed,0.0014140258807021,en,angel
tendril,0.0014140258807021,en,angel
dupree,0.0014140258807021,en,angel
manifest,0.0014120389138962,en,angel
latin,0.0014120389138962,en,angel
arrow,0.0014120389138962,en,angel
hollywood,0.0014120389138962,en,angel
lack,0.0014116185168188,en,angel
assault,0.0014114100631665,en,angel
cheer,0.0014061703939011,en,angel
wild,0.0014061703939011,en,angel
sniffle,0.0014043716130545,en,angel
harbinger,0.0014007476007,en,angel
grazie,0.0014007476007,en,angel
git,0.0014007476007,en,angel
assistant,0.0014001737159887,en,angel
package,0.0014001737159887,en,angel
embarrass,0.0013997597793512,en,angel
drain,0.0013997597793512,en,angel
legwork,0.0013995504160878,en,angel
uninvited,0.0013995504160878,en,angel
rate,0.0013948979021306,en,angel
explosion,0.0013932829676355,en,angel
coin,0.001392539911168,en,angel
nut,0.0013888394946731,en,angel
bedroom,0.0013888394946731,en,angel
cream,0.0013888394946731,en,angel
wing,0.0013888394946731,en,angel
clue,0.0013888394946731,en,angel
channel,0.0013888394946731,en,angel
armed,0.0013882327812757,en,angel
casino,0.0013870838491293,en,angel
tasty,0.0013858518991634,en,angel
scanner,0.0013858518991634,en,angel
decipher,0.0013857496874093,en,angel
taco,0.001385654511127,en,angel
genius,0.0013837256116124,en,angel
adjust,0.0013815226051977,en,angel
kingdom,0.001373059035838,en,angel
absorb,0.001373059035838,en,angel
beer,0.001372651756651,en,angel
load,0.001372651756651,en,angel
bliss,0.0013702438780086,en,angel
wacky,0.0013677008359574,en,angel
sorcerer,0.0013672130571064,en,angel
monarch,0.0013672130571064,en,angel
unworthy,0.0013672130571064,en,angel
guarantee,0.0013664943851568,en,angel
sport,0.0013664943851568,en,angel
emotion,0.0013655383947284,en,angel
useless,0.0013655383947284,en,angel
concentrate,0.0013655383947284,en,angel
drunk,0.0013616746178152,en,angel
gunshot,0.0013563898700572,en,angel
statement,0.0013554794424408,en,angel
wash,0.0013554794424408,en,angel
prevent,0.001354366079834,en,angel
couch,0.001354366079834,en,angel
wise,0.001354366079834,en,angel
prisoner,0.001354366079834,en,angel
whoosh,0.0013538143761557,en,angel
viper,0.0013538143761557,en,angel
southland,0.0013529178010576,en,angel
rune,0.0013529178010576,en,angel
ruin,0.0013507925203349,en,angel
squeak,0.0013501908374512,en,angel
vile,0.0013501908374512,en,angel
perimeter,0.0013480447522577,en,angel
limo,0.0013463104251102,en,angel
pleasant,0.0013446482093749,en,angel
egg,0.0013445669657928,en,angel
wine,0.0013445669657928,en,angel
beauty,0.0013433071914147,en,angel
narrow,0.0013433071914147,en,angel
weasel,0.0013404463938791,en,angel
reek,0.0013404463938791,en,angel
opinion,0.0013400038325688,en,angel
snarl,0.0013361649192429,en,angel
electro,0.0013361649192429,en,angel
branch,0.0013358102096133,en,angel
pool,0.0013337550663971,en,angel
confuse,0.0013337550663971,en,angel
sneak,0.0013337550663971,en,angel
celebrate,0.0013337550663971,en,angel
prop,0.0013331948833206,en,angel
hatred,0.0013331948833206,en,angel
custom,0.0013330542464572,en,angel
factor,0.0013330542464572,en,angel
wilson,0.0013324175400935,en,angel
vermin,0.0013324175400935,en,angel
mutilation,0.0013324175400935,en,angel
uncomfortable,0.0013323594494833,en,angel
talent,0.0013323594494833,en,angel
impression,0.0013323594494833,en,angel
cash,0.0013293069645352,en,angel
opportunity,0.0013293069645352,en,angel
shadow,0.0013246996045654,en,angel
mature,0.0013237556234363,en,angel
fabulous,0.0013237556234363,en,angel
specific,0.0013230419071875,en,angel
surround,0.0013230419071875,en,angel
separate,0.0013230419071875,en,angel
golden,0.0013216043116513,en,angel
profile,0.001321520642114,en,angel
beg,0.0013187003665061,en,angel
ball,0.0013187003665061,en,angel
fang,0.0013166650619382,en,angel
poof,0.0013166650619382,en,angel
dump,0.0013124257009744,en,angel
god,0.0013124257009744,en,angel
repeat,0.0013124257009744,en,angel
driver,0.0013124257009744,en,angel
roof,0.0013124257009744,en,angel
chevy,0.0013118942920236,en,angel
askin,0.0013118942920236,en,angel
occur,0.0013107886227603,en,angel
melt,0.0013102948703901,en,angel
complete,0.0013081825276598,en,angel
metaphysical,0.0013072597944193,en,angel
lar,0.0013072597944193,en,angel
fascinating,0.0013028400583075,en,angel
object,0.0013028400583075,en,angel
skill,0.0013019047086552,en,angel
plate,0.0013019047086552,en,angel
proto,0.0013012516558919,en,angel
apostrophe,0.0013012516558919,en,angel
foretold,0.0013012516558919,en,angel
invincible,0.0013005944295289,en,angel
proper,0.0013001613077037,en,angel
sentence,0.0013001613077037,en,angel
extraordinary,0.0013001507872391,en,angel
traitor,0.0013001507872391,en,angel
bow,0.001299122516643,en,angel
messenger,0.0012951637337578,en,angel
ballad,0.0012921760877813,en,angel
physicist,0.0012921760877813,en,angel
unusual,0.0012920859501703,en,angel
invitation,0.0012920859501703,en,angel
correct,0.0012914772375049,en,angel
prison,0.0012914772375049,en,angel
hook,0.0012914772375049,en,angel
movic,0.0012908518846682,en,angel
thraxis,0.0012908518846682,en,angel
vigorie,0.0012908518846682,en,angel
svear,0.0012908518846682,en,angel
thromite,0.0012908518846682,en,angel
gordabach,0.0012908518846682,en,angel
brachen,0.0012908518846682,en,angel
vampyre,0.0012908518846682,en,angel
sharps,0.0012908518846682,en,angel
chippie,0.0012908518846682,en,angel
slod,0.0012908518846682,en,angel
larch,0.0012908518846682,en,angel
sanctorium,0.0012908518846682,en,angel
seabreeze,0.0012908518846682,en,angel
kalla,0.0012908518846682,en,angel
blacknil,0.0012908518846682,en,angel
pockla,0.0012908518846682,en,angel
skench,0.0012908518846682,en,angel
banishing,0.0012908518846682,en,angel
svea,0.0012908518846682,en,angel
seekul,0.0012908518846682,en,angel
angphlmn,0.0012908518846682,en,angel
mahta,0.0012908518846682,en,angel
grandmum,0.0012908518846682,en,angel
kungai,0.0012908518846682,en,angel
schlug,0.0012908518846682,en,angel
plakticine,0.0012908518846682,en,angel
kwaini,0.0012908518846682,en,angel
rahmon,0.0012908518846682,en,angel
horsehair,0.0012908518846682,en,angel
multidimensional,0.0012908518846682,en,angel
ndale,0.0012908518846682,en,angel
saitama,0.0012908518846682,en,angel
thaumogenesis,0.0012908518846682,en,angel
mellish,0.0012908518846682,en,angel
cribb,0.0012908518846682,en,angel
capture,0.001289636673625,en,angel
social,0.001289636673625,en,angel
puzzle,0.0012880839667574,en,angel
monk,0.0012849523988123,en,angel
muffle,0.0012849523988123,en,angel
priceless,0.0012845529483695,en,angel
origin,0.0012829012742362,en,angel
physics,0.0012829012742362,en,angel
motion,0.0012814456442545,en,angel
rumor,0.0012814456442545,en,angel
popular,0.0012814456442545,en,angel
average,0.0012814456442545,en,angel
confidence,0.0012814456442545,en,angel
original,0.001281141639541,en,angel
switch,0.001281141639541,en,angel
regular,0.001281141639541,en,angel
hall,0.001281141639541,en,angel
millennia,0.0012802208559144,en,angel
grouchy,0.0012802208559144,en,angel
hodge,0.0012802208559144,en,angel
identify,0.0012792127552926,en,angel
bond,0.0012792127552926,en,angel
bloke,0.0012732021468326,en,angel
performance,0.0012709167572015,en,angel
lifetime,0.0012709167572015,en,angel
spy,0.0012709167572015,en,angel
mommy,0.0012709167572015,en,angel
excellent,0.0012708963099608,en,angel
evidence,0.0012708963099608,en,angel
obsession,0.0012708350225065,en,angel
marking,0.0012697167009072,en,angel
destruct,0.0012697167009072,en,angel
manly,0.0012697167009072,en,angel
whack,0.0012663957214312,en,angel
thirsty,0.0012663957214312,en,angel
actor,0.0012659453737891,en,angel
magical,0.0012659453737891,en,angel
blank,0.0012604969797493,en,angel
function,0.0012604969797493,en,angel
shovel,0.0012589587984066,en,angel
papa,0.0012589587984066,en,angel
carve,0.0012589587984066,en,angel
physical,0.0012586594822664,en,angel
compare,0.0012586594822664,en,angel
natural,0.0012586594822664,en,angel
wee,0.0012582620093798,en,angel
necromancer,0.0012564964052291,en,angel
nonviolent,0.0012564964052291,en,angel
courage,0.0012557400201073,en,angel
shell,0.0012557400201073,en,angel
exterminator,0.001254918322345,en,angel
caveman,0.001254918322345,en,angel
relic,0.001254918322345,en,angel
yelp,0.0012548216773728,en,angel
tranq,0.0012548216773728,en,angel
dismember,0.0012548216773728,en,angel
marissa,0.0012548216773728,en,angel
receive,0.0012506702437309,en,angel
sweetheart,0.0012506702437309,en,angel
convince,0.0012506702437309,en,angel
board,0.0012506702437309,en,angel
sea,0.0012501840736929,en,angel
darling,0.0012501840736929,en,angel
grant,0.0012485264682362,en,angel
crawl,0.0012485264682362,en,angel
essence,0.0012454933753705,en,angel
core,0.0012452061008934,en,angel
glow,0.0012438936729238,en,angel
resurrection,0.0012403835193009,en,angel
migraine,0.0012403835193009,en,angel
babe,0.0012399758689982,en,angel
swallow,0.0012399758689982,en,angel
knowledge,0.0012399758689982,en,angel
church,0.0012384868473687,en,angel
career,0.0012384868473687,en,angel
suicide,0.0012384868473687,en,angel
eyeball,0.0012357531322542,en,angel
stink,0.0012347912115627,en,angel
candle,0.0012347912115627,en,angel
weakness,0.0012347912115627,en,angel
mental,0.0012347912115627,en,angel
hunting,0.001233081700052,en,angel
skinny,0.001233081700052,en,angel
sleepy,0.0012329634214483,en,angel
crunch,0.0012329634214483,en,angel
jonese,0.0012308746948636,en,angel
squishy,0.0012308746948636,en,angel
crossbow,0.0012308746948636,en,angel
shine,0.0012298702610615,en,angel
aside,0.001228538913817,en,angel
awful,0.001228538913817,en,angel
positive,0.001228538913817,en,angel
bank,0.001228538913817,en,angel
awake,0.001228538913817,en,angel
candy,0.0012244926921455,en,angel
thrill,0.0012244926921455,en,angel
wicked,0.0012244126983327,en,angel
bunny,0.0012244126983327,en,angel
scum,0.0012244126983327,en,angel
stain,0.001222407463068,en,angel
cherry,0.001222407463068,en,angel
instant,0.001222407463068,en,angel
factory,0.001222407463068,en,angel
psychotic,0.0012206633879595,en,angel
elliot,0.0012202321725567,en,angel
chat,0.0012198652081052,en,angel
shift,0.0012186810080476,en,angel
radio,0.0012186810080476,en,angel
holland,0.0012170194763885,en,angel
bugsy,0.0012170194763885,en,angel
spectral,0.0012170194763885,en,angel
acolyte,0.0012170194763885,en,angel
pearson,0.0012170194763885,en,angel
insolence,0.0012170194763885,en,angel
thorazine,0.0012170194763885,en,angel
jensen,0.0012170194763885,en,angel
scully,0.0012170194763885,en,angel
manilow,0.0012170194763885,en,angel
burst,0.0012143079708516,en,angel
oven,0.0012132402770319,en,angel
phantom,0.0012124476972361,en,angel
astronaut,0.0012124476972361,en,angel
accident,0.0012112351764699,en,angel
jerk,0.0012099587287019,en,angel
consequence,0.0012099587287019,en,angel
recently,0.0012089115151798,en,angel
wrap,0.0012089115151798,en,angel
wire,0.0012089115151798,en,angel
spare,0.0012089115151798,en,angel
copy,0.0012089115151798,en,angel
downstair,0.0012085849887982,en,angel
champ,0.0012085849887982,en,angel
bland,0.0012082227926308,en,angel
beak,0.0012082227926308,en,angel
occult,0.0012082227926308,en,angel
bollock,0.0012082227926308,en,angel
murderer,0.0012042345602153,en,angel
patience,0.0012042345602153,en,angel
slight,0.0012042345602153,en,angel
resurrect,0.0012037470969038,en,angel
loophole,0.0012037470969038,en,angel
irish,0.0012022309626084,en,angel
existence,0.0012014584651375,en,angel
chaos,0.0012014584651375,en,angel
vanish,0.0012014584651375,en,angel
sugar,0.0012001488994188,en,angel
simply,0.0012001488994188,en,angel
race,0.0011992288633974,en,angel
settle,0.0011992288633974,en,angel
maneuver,0.0011989633932575,en,angel
spear,0.0011989633932575,en,angel
corporate,0.0011911771549001,en,angel
struggle,0.001190433852577,en,angel
style,0.001190433852577,en,angel
male,0.0011896315224309,en,angel
trepkos,0.0011889281411664,en,angel
aggie,0.0011889281411664,en,angel
lunkhead,0.0011889281411664,en,angel
alchemical,0.0011889281411664,en,angel
nowish,0.0011889281411664,en,angel
motu,0.0011889281411664,en,angel
manifestation,0.0011877854463508,en,angel
wallpaper,0.0011877854463508,en,angel
convertible,0.0011877854463508,en,angel
huff,0.0011867330496337,en,angel
shudder,0.0011867330496337,en,angel
sparky,0.0011867330496337,en,angel
legion,0.0011867330496337,en,angel
infinite,0.0011857821331452,en,angel
hopeless,0.0011850621185072,en,angel
heroic,0.0011850621185072,en,angel
tommy,0.0011850621185072,en,angel
scale,0.0011844121209895,en,angel
suspicious,0.0011844121209895,en,angel
eon,0.0011817061602045,en,angel
oblique,0.0011817061602045,en,angel
audience,0.0011810204696754,en,angel
whistle,0.0011810204696754,en,angel
suite,0.0011810204696754,en,angel
guardian,0.0011806830782722,en,angel
advice,0.0011801180021065,en,angel
monitor,0.0011746585072333,en,angel
audition,0.001173603155414,en,angel
hunger,0.001173603155414,en,angel
coroner,0.001173603155414,en,angel
yuck,0.0011723150022492,en,angel
sprout,0.0011723150022492,en,angel
jealous,0.001171280901563,en,angel
stomach,0.001171280901563,en,angel
dozen,0.001171280901563,en,angel
queen,0.001171280901563,en,angel
blessing,0.0011709854243249,en,angel
aunt,0.0011709854243249,en,angel
fond,0.0011701357085152,en,angel
worm,0.0011701357085152,en,angel
windpipe,0.0011662920134065,en,angel
reconnaissance,0.0011662920134065,en,angel
perpetual,0.0011662920134065,en,angel
ashamed,0.0011650070274347,en,angel
command,0.0011650070274347,en,angel
score,0.0011618395220921,en,angel
storm,0.0011618395220921,en,angel
pressure,0.001161336654893,en,angel
introduce,0.001161336654893,en,angel
corpse,0.0011610691396963,en,angel
delicate,0.0011610691396963,en,angel
mouse,0.0011610691396963,en,angel
alien,0.0011610691396963,en,angel
ryan,0.0011602763151368,en,angel
archive,0.0011602763151368,en,angel
mock,0.0011597338243658,en,angel
romance,0.0011597338243658,en,angel
marcus,0.001157306432101,en,angel
tracy,0.001157306432101,en,angel
customer,0.0011554555647702,en,angel
poison,0.0011524859706796,en,angel
print,0.0011524859706796,en,angel
result,0.0011520660359305,en,angel
smoke,0.0011520660359305,en,angel
website,0.0011512566522292,en,angel
gal,0.0011512566522292,en,angel
maury,0.0011497613799995,en,angel
whiplash,0.0011497613799995,en,angel
bryce,0.0011497613799995,en,angel
margo,0.0011497613799995,en,angel
lass,0.0011497613799995,en,angel
fashioned,0.0011494734668462,en,angel
wail,0.0011479276192383,en,angel
pact,0.0011479276192383,en,angel
carnage,0.0011468020743774,en,angel
butt,0.0011460020675518,en,angel
juice,0.0011460020675518,en,angel
deeply,0.0011460020675518,en,angel
antidote,0.0011427329548082,en,angel
grim,0.0011427329548082,en,angel
ripple,0.0011427329548082,en,angel
runnin,0.0011427329548082,en,angel
hiding,0.0011415818364612,en,angel
fella,0.0011415818364612,en,angel
sunlight,0.0011403566882099,en,angel
formula,0.0011403566882099,en,angel
cycle,0.0011393508364102,en,angel
dive,0.0011393508364102,en,angel
helicopter,0.0011393508364102,en,angel
false,0.0011366445465817,en,angel
solid,0.0011366445465817,en,angel
sunrise,0.0011358335538583,en,angel
feast,0.0011358335538583,en,angel
college,0.0011340359204464,en,angel
general,0.0011340359204464,en,angel
collect,0.0011340359204464,en,angel
calm,0.0011337581906384,en,angel
butter,0.0011320055462667,en,angel
weigh,0.0011320055462667,en,angel
alternate,0.0011296311311169,en,angel
unpredictable,0.0011296311311169,en,angel
bizarre,0.0011296311311169,en,angel
ugh,0.0011293622844961,en,angel
laughing,0.0011281786467964,en,angel
convent,0.0011281786467964,en,angel
failure,0.0011273810726397,en,angel
disgusting,0.0011273810726397,en,angel
pin,0.0011273810726397,en,angel
colleague,0.0011273810726397,en,angel
dirt,0.0011273810726397,en,angel
jail,0.0011249363151209,en,angel
chest,0.0011249363151209,en,angel
slug,0.0011239838298233,en,angel
harsh,0.001122537465057,en,angel
tricky,0.001122537465057,en,angel
diddle,0.00112059808056,en,angel
bellow,0.00112059808056,en,angel
kooky,0.00112059808056,en,angel
fade,0.0011195043056314,en,angel
fluid,0.0011195043056314,en,angel
leather,0.0011195043056314,en,angel
violate,0.0011195043056314,en,angel
frank,0.0011195043056314,en,angel
liquor,0.0011195043056314,en,angel
extract,0.0011190744874725,en,angel
presume,0.0011190744874725,en,angel
alert,0.0011182097740964,en,angel
crawlie,0.001116612094295,en,angel
sublevel,0.001116612094295,en,angel
loa,0.001116612094295,en,angel
kamal,0.001116612094295,en,angel
soddin,0.001116612094295,en,angel
skybar,0.001116612094295,en,angel
predestine,0.001116612094295,en,angel
darin,0.001116612094295,en,angel
yee,0.001116612094295,en,angel
perfectly,0.0011159183217045,en,angel
stage,0.0011159183217045,en,angel
example,0.0011159183217045,en,angel
melissa,0.0011147952253105,en,angel
extraction,0.0011147952253105,en,angel
territory,0.0011131751746777,en,angel
obsess,0.0011131751746777,en,angel
dressed,0.0011123687692802,en,angel
ripe,0.0011123687692802,en,angel
enchant,0.0011103479500779,en,angel
revert,0.0011103479500779,en,angel
homeless,0.0011097735300468,en,angel
instance,0.0011097735300468,en,angel
boring,0.0011091288346434,en,angel
heal,0.0011091288346434,en,angel
fugitive,0.0011086815193307,en,angel
plant,0.0011069804892899,en,angel
safety,0.0011069804892899,en,angel
confirm,0.0011069804892899,en,angel
lesson,0.0011069804892899,en,angel
asleep,0.0011069804892899,en,angel
appearance,0.0011039163371378,en,angel
entrance,0.0011039163371378,en,angel
pile,0.0011039163371378,en,angel
union,0.0011001667167612,en,angel
furniture,0.0011001667167612,en,angel
tour,0.0011001364911339,en,angel
decent,0.0011001364911339,en,angel
version,0.0011001364911339,en,angel
metaphor,0.0010984472286704,en,angel
ingredient,0.0010984472286704,en,angel
beam,0.0010984472286704,en,angel
thinking,0.0010981214053208,en,angel
shoulder,0.0010981214053208,en,angel
influence,0.0010947586911048,en,angel
milk,0.0010947586911048,en,angel
sandwich,0.0010947586911048,en,angel
plump,0.0010937704456851,en,angel
pentagram,0.0010937704456851,en,angel
swirly,0.0010937704456851,en,angel
raising,0.0010937704456851,en,angel
snoring,0.0010937704456851,en,angel
brewer,0.0010937704456851,en,angel
regenerate,0.001093245243353,en,angel
paradox,0.001093245243353,en,angel
transcend,0.001093245243353,en,angel
benny,0.001093245243353,en,angel
solution,0.0010912310315289,en,angel
intend,0.0010912310315289,en,angel
actual,0.0010912310315289,en,angel
easily,0.0010912310315289,en,angel
distract,0.0010912310315289,en,angel
slowly,0.0010912310315289,en,angel
electricity,0.0010906807471014,en,angel
nonsense,0.0010906807471014,en,angel
agenda,0.0010906807471014,en,angel
devoted,0.0010898067034492,en,angel
direction,0.0010893396942521,en,angel
reflection,0.0010883668429624,en,angel
investigator,0.0010883668429624,en,angel
troubled,0.0010883668429624,en,angel
talkin,0.0010883668429624,en,angel
retirement,0.0010883668429624,en,angel
scam,0.0010883668429624,en,angel
incorporate,0.0010883286007776,en,angel
cocoa,0.0010883286007776,en,angel
buzz,0.0010857000485896,en,angel
stall,0.0010857000485896,en,angel
crisis,0.0010857000485896,en,angel
slice,0.0010857000485896,en,angel
shove,0.0010857000485896,en,angel
junior,0.0010857000485896,en,angel
reputation,0.0010857000485896,en,angel
expense,0.0010857000485896,en,angel
cloud,0.0010857000485896,en,angel
mystery,0.0010824107929399,en,angel
describe,0.0010824107929399,en,angel
location,0.0010824107929399,en,angel
bargain,0.0010813126186238,en,angel
commercial,0.0010813126186238,en,angel
halloween,0.0010788429937672,en,angel
aye,0.0010788429937672,en,angel
crappy,0.0010784358018061,en,angel
religious,0.0010784358018061,en,angel
footstep,0.0010784358018061,en,angel
suggestion,0.0010767382918086,en,angel
england,0.001075600078814,en,angel
grin,0.001075600078814,en,angel
savior,0.001075600078814,en,angel
tomb,0.001075600078814,en,angel
loser,0.0010736741597661,en,angel
row,0.0010736741597661,en,angel
thousand,0.0010736741597661,en,angel
rot,0.0010720594394101,en,angel
brutal,0.0010720594394101,en,angel
unable,0.0010720594394101,en,angel
court,0.001072003066055,en,angel
slither,0.0010689319353943,en,angel
beseech,0.0010689319353943,en,angel
sobbing,0.0010689319353943,en,angel
trophy,0.0010686497445408,en,angel
wooden,0.0010680804644645,en,angel
increase,0.0010678713702121,en,angel
childhood,0.0010678713702121,en,angel
sin,0.0010678713702121,en,angel
mountain,0.0010678713702121,en,angel
series,0.0010678713702121,en,angel
tattoo,0.0010678713702121,en,angel
expensive,0.0010650195619177,en,angel
stress,0.0010650195619177,en,angel
meal,0.0010650195619177,en,angel
accommodation,0.0010631858736865,en,angel
misunderstand,0.0010631858736865,en,angel
indicate,0.0010629184227079,en,angel
secretary,0.0010629184227079,en,angel
jury,0.0010629184227079,en,angel
foresee,0.0010610017890272,en,angel
mush,0.0010610017890272,en,angel
mating,0.0010610017890272,en,angel
netherworld,0.0010605194105266,en,angel
lina,0.0010605194105266,en,angel
moonrise,0.0010605194105266,en,angel
ofhere,0.0010605194105266,en,angel
conjuring,0.0010605194105266,en,angel
slurring,0.0010605194105266,en,angel
mch,0.0010605194105266,en,angel
schoolchildren,0.0010605194105266,en,angel
pursuer,0.0010605194105266,en,angel
needle,0.0010590972976679,en,angel
battery,0.0010590972976679,en,angel
hail,0.0010590044987491,en,angel
knight,0.0010590044987491,en,angel
brew,0.0010575118651984,en,angel
mechanism,0.0010575118651984,en,angel
equip,0.0010575118651984,en,angel
obvious,0.0010549602932048,en,angel
payment,0.0010538868818924,en,angel
crane,0.0010510708353414,en,angel
yellow,0.0010504141497911,en,angel
mask,0.0010504141497911,en,angel
ton,0.0010504141497911,en,angel
impress,0.0010504141497911,en,angel
somewhat,0.0010494960695752,en,angel
depth,0.0010494960695752,en,angel
pale,0.0010494960695752,en,angel
electrical,0.0010494960695752,en,angel
limb,0.0010494960695752,en,angel
possibility,0.001047950409312,en,angel
bathroom,0.001047950409312,en,angel
hidden,0.0010471303306413,en,angel
cock,0.0010471303306413,en,angel
account,0.0010465460221278,en,angel
crackin,0.0010458078355354,en,angel
slimy,0.0010457652686209,en,angel
radar,0.0010449622257266,en,angel
strictly,0.0010449622257266,en,angel
bore,0.0010418200614108,en,angel
impressed,0.0010418200614108,en,angel
frame,0.0010418200614108,en,angel
strain,0.0010401206297913,en,angel
direct,0.0010395329270759,en,angel
civilized,0.0010392408833453,en,angel
slick,0.0010392408833453,en,angel
willy,0.0010392408833453,en,angel
thingy,0.0010392408833453,en,angel
support,0.0010382015798313,en,angel
rebel,0.0010369293536938,en,angel
opponent,0.0010369293536938,en,angel
dial,0.0010333132241652,en,angel
rub,0.0010333132241652,en,angel
attract,0.0010333132241652,en,angel
photo,0.0010311916221941,en,angel
supply,0.0010311916221941,en,angel
hardly,0.0010311916221941,en,angel
patient,0.0010311916221941,en,angel
property,0.0010311916221941,en,angel
soulless,0.001031063474689,en,angel
weaponry,0.001031063474689,en,angel
shriek,0.001031063474689,en,angel
zach,0.001031063474689,en,angel
isolate,0.0010308745105474,en,angel
volume,0.0010308745105474,en,angel
entertainment,0.0010308745105474,en,angel
lease,0.0010308745105474,en,angel
sensitivity,0.0010276829085064,en,angel
canyon,0.0010276829085064,en,angel
fury,0.0010276829085064,en,angel
decade,0.001027423652815,en,angel
description,0.001027423652815,en,angel
shrimp,0.0010269027609872,en,angel
outer,0.0010269027609872,en,angel
tourist,0.0010269027609872,en,angel
diary,0.0010269027609872,en,angel
caution,0.0010269027609872,en,angel
expertise,0.0010269027609872,en,angel
valuable,0.0010248918842179,en,angel
yard,0.0010248918842179,en,angel
gurgle,0.0010241766847315,en,angel
squatter,0.0010241766847315,en,angel
impotent,0.0010241766847315,en,angel
gloom,0.0010241766847315,en,angel
murky,0.0010241766847315,en,angel
schedule,0.0010229251282291,en,angel
liar,0.0010229251282291,en,angel
likely,0.0010229251282291,en,angel
official,0.0010229251282291,en,angel
grand,0.0010229251282291,en,angel
bucket,0.0010217541927521,en,angel
cruel,0.0010188049916401,en,angel
lame,0.0010188049916401,en,angel
gorgeous,0.0010188049916401,en,angel
praise,0.0010170446904453,en,angel
crave,0.0010170446904453,en,angel
employer,0.0010170446904453,en,angel
homicide,0.0010170446904453,en,angel
whoop,0.0010170446904453,en,angel
fuss,0.0010170446904453,en,angel
yike,0.0010168601437972,en,angel
cleansing,0.0010168601437972,en,angel
female,0.0010165543400877,en,angel
closet,0.0010165543400877,en,angel
flow,0.0010165543400877,en,angel
president,0.0010165543400877,en,angel
warmth,0.001016384685553,en,angel
pair,0.0010147321151824,en,angel
apply,0.0010147321151824,en,angel
loss,0.0010147321151824,en,angel
geraldo,0.0010146883507932,en,angel
reviewer,0.0010146883507932,en,angel
loofa,0.0010146883507932,en,angel
ruddy,0.0010146883507932,en,angel
brooding,0.0010146883507932,en,angel
tak,0.0010146883507932,en,angel
emil,0.0010146883507932,en,angel
thrall,0.0010146883507932,en,angel
consecrated,0.0010146883507932,en,angel
raspy,0.0010146883507932,en,angel
incredibly,0.0010102837185513,en,angel
cookie,0.0010102837185513,en,angel
attractive,0.0010102837185513,en,angel
strategy,0.0010102837185513,en,angel
awkward,0.0010102837185513,en,angel
practically,0.0010082989405849,en,angel
side,0.0010082989405849,en,angel
agent,0.0010082989405849,en,angel
pattern,0.0010082989405849,en,angel
spine,0.0010073495707005,en,angel
auction,0.0010073495707005,en,angel
goat,0.0010073495707005,en,angel
bandage,0.0010073495707005,en,angel
edge,0.0010066112882108,en,angel
clock,0.0010066112882108,en,angel
final,0.0010066112882108,en,angel
startle,0.0010053347954093,en,angel
invisible,0.0010038775862188,en,angel
feature,0.0010038775862188,en,angel
diff,0.0010038573418983,en,angel
eviction,0.0010038573418983,en,angel
boone,0.0010038573418983,en,angel
template,0.0010038573418983,en,angel
impervious,0.0010038573418983,en,angel
throwin,0.0010038573418983,en,angel
vanquish,0.0010038573418983,en,angel
adversary,0.0010031225807532,en,angel
squish,0.0010031225807532,en,angel
thick,0.0010018576572099,en,angel
beach,0.001000124082849,en,angel
squeeze,0.001000124082849,en,angel
quickly,0.0009985613863978,en,angel
fee,0.000995114938339,en,angel
offend,0.000995114938339,en,angel
projection,0.0009945225558316,en,angel
booty,0.0009945225558316,en,angel
realm,0.0009945225558316,en,angel
funky,0.0009945225558316,en,angel
bat,0.000993524703424,en,angel
confused,0.0009920282104808,en,angel
brow,0.0009898212052923,en,angel
melon,0.0009898212052923,en,angel
stern,0.0009898212052923,en,angel
acquisition,0.0009898212052923,en,angel
ashe,0.0009884272397273,en,angel
crystal,0.0009864653600416,en,angel
duck,0.0009852828219943,en,angel
attorney,0.0009852828219943,en,angel
typical,0.0009852828219943,en,angel
tune,0.0009852828219943,en,angel
possession,0.0009852828219943,en,angel
wander,0.0009852828219943,en,angel
unique,0.0009852828219943,en,angel
bode,0.0009846997558908,en,angel
suave,0.0009846997558908,en,angel
cook,0.0009826694772171,en,angel
counselor,0.0009791901765385,en,angel
inhale,0.0009791901765385,en,angel
layer,0.0009791901765385,en,angel
boil,0.0009779259704544,en,angel
mysterious,0.0009779259704544,en,angel
similar,0.0009771300437306,en,angel
wallet,0.0009771300437306,en,angel
metal,0.0009771300437306,en,angel
recall,0.0009771300437306,en,angel
stinky,0.000976929168541,en,angel
dying,0.000976929168541,en,angel
sweat,0.0009760674179692,en,angel
owner,0.0009760674179692,en,angel
benevolence,0.0009759387419189,en,angel
wallflower,0.0009759387419189,en,angel
jumbled,0.0009759387419189,en,angel
spanky,0.0009759387419189,en,angel
figueroa,0.0009759387419189,en,angel
broadsword,0.0009759387419189,en,angel
upshot,0.0009759387419189,en,angel
aramaic,0.0009759387419189,en,angel
yadda,0.0009759387419189,en,angel
grr,0.0009759387419189,en,angel
catharsis,0.0009759387419189,en,angel
phlegm,0.0009759387419189,en,angel
rectangle,0.0009759387419189,en,angel
fredrick,0.0009759387419189,en,angel
unbind,0.0009759387419189,en,angel
lad,0.0009735716175929,en,angel
needy,0.0009735716175929,en,angel
brownie,0.0009735716175929,en,angel
chuck,0.0009700963294144,en,angel
sever,0.0009700963294144,en,angel
poke,0.0009694939974234,en,angel
chamber,0.0009694939974234,en,angel
organ,0.0009694939974234,en,angel
urge,0.0009694939974234,en,angel
network,0.0009694939974234,en,angel
lean,0.0009690644626277,en,angel
math,0.0009690644626277,en,angel
replace,0.0009681996017434,en,angel
argue,0.0009681996017434,en,angel
associate,0.0009681996017434,en,angel
legal,0.0009681996017434,en,angel
entirely,0.0009681996017434,en,angel
handprint,0.0009665782341046,en,angel
undefeated,0.0009665782341046,en,angel
anoint,0.0009665782341046,en,angel
exorcism,0.0009665782341046,en,angel
bile,0.0009665782341046,en,angel
jumping,0.0009644220267508,en,angel
plus,0.0009634147112771,en,angel
follower,0.0009634147112771,en,angel
concept,0.00096116677211,en,angel
powder,0.00096116677211,en,angel
perspective,0.00096116677211,en,angel
doughnut,0.0009611413250866,en,angel
supposedly,0.0009611413250866,en,angel
accomplish,0.0009610842331909,en,angel
compliment,0.0009610842331909,en,angel
effective,0.0009610842331909,en,angel
fund,0.0009610842331909,en,angel
tap,0.0009604049755663,en,angel
benefit,0.0009604049755663,en,angel
soothe,0.0009534589450973,en,angel
ant,0.0009534589450973,en,angel
clever,0.0009531875679011,en,angel
lure,0.0009529417239201,en,angel
web,0.0009529417239201,en,angel
scrub,0.0009529417239201,en,angel
succeed,0.0009529417239201,en,angel
journey,0.0009529417239201,en,angel
excited,0.0009526821902836,en,angel
assure,0.0009526821902836,en,angel
container,0.0009523209875921,en,angel
virus,0.0009523209875921,en,angel
shrine,0.0009522774623402,en,angel
bookie,0.0009522774623402,en,angel
proud,0.0009516847815121,en,angel
clang,0.0009493864397069,en,angel
judy,0.0009493864397069,en,angel
brothel,0.0009493864397069,en,angel
noggin,0.0009493864397069,en,angel
attach,0.000945372734812,en,angel
spit,0.000945372734812,en,angel
opening,0.000945372734812,en,angel
specifically,0.000945372734812,en,angel
operation,0.0009450299337053,en,angel
stranger,0.0009450299337053,en,angel
exact,0.0009450299337053,en,angel
back,0.0009450299337053,en,angel
delivery,0.0009450299337053,en,angel
bake,0.0009448163757403,en,angel
depart,0.0009436965070349,en,angel
intruder,0.0009436965070349,en,angel
beating,0.0009436965070349,en,angel
cranky,0.0009436965070349,en,angel
misery,0.0009436313265804,en,angel
vomit,0.0009436313265804,en,angel
mama,0.0009436313265804,en,angel
nooner,0.0009423723039218,en,angel
countin,0.0009423723039218,en,angel
sorcery,0.0009423723039218,en,angel
rove,0.0009423723039218,en,angel
swath,0.0009423723039218,en,angel
bigtime,0.0009423723039218,en,angel
otherworldly,0.0009423723039218,en,angel
joust,0.0009423723039218,en,angel
marvelous,0.0009404750442415,en,angel
infest,0.0009404750442415,en,angel
muck,0.0009404750442415,en,angel
macho,0.0009404750442415,en,angel
awaken,0.0009404750442415,en,angel
heap,0.0009404750442415,en,angel
twin,0.0009376380552697,en,angel
national,0.0009376380552697,en,angel
desert,0.0009376380552697,en,angel
cheese,0.0009376380552697,en,angel
curious,0.0009374469292674,en,angel
gas,0.0009374469292674,en,angel
pit,0.0009367883394599,en,angel
doll,0.0009367883394599,en,angel
deadly,0.0009367883394599,en,angel
gentle,0.0009367883394599,en,angel
scenario,0.0009367883394599,en,angel
peel,0.0009350685264732,en,angel
vent,0.0009350685264732,en,angel
yank,0.0009350685264732,en,angel
subconscious,0.0009341200315279,en,angel
descend,0.0009341200315279,en,angel
pep,0.0009341200315279,en,angel
wearin,0.0009330336107252,en,angel
tay,0.0009330336107252,en,angel
crouch,0.0009330336107252,en,angel
nocturnal,0.0009330336107252,en,angel
beeping,0.0009330336107252,en,angel
west,0.0009299819017486,en,angel
meaning,0.0009299819017486,en,angel
grade,0.0009299319347537,en,angel
fortress,0.0009289960210921,en,angel
sweetness,0.0009289960210921,en,angel
screaming,0.0009289960210921,en,angel
snitch,0.0009289960210921,en,angel
hearing,0.000928855311757,en,angel
misunderstanding,0.000928855311757,en,angel
forth,0.000928855311757,en,angel
lap,0.000928855311757,en,angel
sucker,0.000928855311757,en,angel
studio,0.0009266289364054,en,angel
herb,0.0009247225660862,en,angel
sudden,0.0009224026957961,en,angel
chief,0.0009224026957961,en,angel
random,0.0009224026957961,en,angel
spring,0.0009224026957961,en,angel
fantasy,0.0009224026957961,en,angel
cancer,0.0009224026957961,en,angel
compromise,0.0009224026957961,en,angel
foreign,0.0009210150701318,en,angel
winter,0.0009210150701318,en,angel
collar,0.0009183090608783,en,angel
stool,0.0009178231420087,en,angel
sculpture,0.0009178231420087,en,angel
dungeon,0.0009178231420087,en,angel
loner,0.0009178231420087,en,angel
underworld,0.0009174416595019,en,angel
carefree,0.0009174416595019,en,angel
yap,0.0009174416595019,en,angel
unleash,0.0009154975409696,en,angel
deposit,0.0009132654691689,en,angel
shopping,0.0009132654691689,en,angel
necessarily,0.0009132654691689,en,angel
squire,0.0009127646072913,en,angel
nappy,0.0009127646072913,en,angel
kraut,0.0009127646072913,en,angel
entwine,0.0009127646072913,en,angel
percy,0.0009127646072913,en,angel
lowell,0.0009127646072913,en,angel
broody,0.0009127646072913,en,angel
hauser,0.0009127646072913,en,angel
derivation,0.0009127646072913,en,angel
inferiority,0.0009127646072913,en,angel
emanate,0.0009127646072913,en,angel
arrivederci,0.0009127646072913,en,angel
reacquaint,0.0009127646072913,en,angel
mighty,0.0009101055510674,en,angel
gag,0.0009101055510674,en,angel
grieve,0.0009101055510674,en,angel
ally,0.0009101055510674,en,angel
drag,0.0009077830785434,en,angel
tree,0.0009077830785434,en,angel
league,0.0009074690465264,en,angel
strip,0.0009074690465264,en,angel
ray,0.0009074690465264,en,angel
ability,0.0009074690465264,en,angel
activity,0.0009074690465264,en,angel
clause,0.000906940500648,en,angel
cleanup,0.000906940500648,en,angel
fulfill,0.0009064387415986,en,angel
condo,0.0009064387415986,en,angel
academy,0.0009064387415986,en,angel
gym,0.0009056044370134,en,angel
urgent,0.0009056044370134,en,angel
spanish,0.0009056044370134,en,angel
culture,0.0009056044370134,en,angel
darkest,0.0009025429174371,en,angel
commentary,0.0009025429174371,en,angel
gist,0.0009025429174371,en,angel
crackle,0.0009025429174371,en,angel
houdini,0.0009025429174371,en,angel
irony,0.0009020151967289,en,angel
instrument,0.0009020151967289,en,angel
heavily,0.0009020151967289,en,angel
generally,0.0009020151967289,en,angel
alpha,0.0009020151967289,en,angel
disease,0.0009001116745641,en,angel
tag,0.0009001116745641,en,angel
gold,0.0009001116745641,en,angel
steady,0.0008980299720456,en,angel
nicely,0.0008980299720456,en,angel
wrist,0.0008980299720456,en,angel
fetch,0.0008975402834068,en,angel
hypocrite,0.0008975402834068,en,angel
squat,0.0008975402834068,en,angel
thou,0.0008975402834068,en,angel
kitten,0.0008975402834068,en,angel
remorse,0.0008975402834068,en,angel
slit,0.0008975402834068,en,angel
voodoo,0.0008963333990116,en,angel
devour,0.0008963333990116,en,angel
violation,0.0008940349186581,en,angel
serial,0.0008940349186581,en,angel
normally,0.0008928253894327,en,angel
grave,0.0008928253894327,en,angel
whip,0.0008905401397422,en,angel
punishment,0.0008905401397422,en,angel
puff,0.0008887965888804,en,angel
insight,0.0008887965888804,en,angel
oop,0.0008887965888804,en,angel
seth,0.0008882783600623,en,angel
lester,0.0008882783600623,en,angel
bloodsucker,0.0008862796201534,en,angel
thumping,0.0008862796201534,en,angel
toner,0.0008862796201534,en,angel
honky,0.0008862796201534,en,angel
shrieking,0.0008862796201534,en,angel
empathic,0.0008862796201534,en,angel
prego,0.0008862796201534,en,angel
fissure,0.0008862796201534,en,angel
hari,0.0008862796201534,en,angel
parchment,0.0008862796201534,en,angel
station,0.0008862046430234,en,angel
upset,0.0008862046430234,en,angel
afternoon,0.0008862046430234,en,angel
motor,0.0008861617616524,en,angel
depressed,0.0008861617616524,en,angel
terribly,0.0008861617616524,en,angel
chow,0.000885988228072,en,angel
sayin,0.000885988228072,en,angel
unborn,0.000885988228072,en,angel
laura,0.000885988228072,en,angel
mope,0.000885988228072,en,angel
burial,0.000885988228072,en,angel
considerate,0.000885988228072,en,angel
shutter,0.000885988228072,en,angel
ultrasound,0.000885988228072,en,angel
pour,0.0008856088305872,en,angel
cancel,0.0008856088305872,en,angel
appointment,0.0008856088305872,en,angel
last,0.0008831330697103,en,angel
million,0.0008831330697103,en,angel
annoy,0.0008802023665605,en,angel
memo,0.0008802023665605,en,angel
royal,0.0008802023665605,en,angel
hush,0.0008802023665605,en,angel
stud,0.0008802023665605,en,angel
post,0.0008791335776707,en,angel
jacket,0.0008784606761722,en,angel
database,0.0008783928879414,en,angel
spooky,0.0008758923627845,en,angel
conference,0.0008758069528838,en,angel
relieve,0.0008758069528838,en,angel
document,0.0008758069528838,en,angel
kickin,0.0008745961946824,en,angel
homey,0.0008745961946824,en,angel
defile,0.0008745961946824,en,angel
pansy,0.0008745961946824,en,angel
sicken,0.0008745961946824,en,angel
contrary,0.0008717525918103,en,angel
weekly,0.0008717525918103,en,angel
drawing,0.0008717525918103,en,angel
teaching,0.0008717525918103,en,angel
stare,0.000871379641569,en,angel
vote,0.000871379641569,en,angel
assist,0.0008707255710466,en,angel
undo,0.0008707255710466,en,angel
fairy,0.0008707255710466,en,angel
smooth,0.0008685600388717,en,angel
apple,0.0008685600388717,en,angel
loyalty,0.0008685600388717,en,angel
salt,0.0008685600388717,en,angel
hop,0.0008685600388717,en,angel
slam,0.0008685600388717,en,angel
idol,0.0008660340694544,en,angel
ram,0.0008660340694544,en,angel
scumbag,0.0008660340694544,en,angel
spank,0.0008660340694544,en,angel
government,0.0008643644780097,en,angel
opera,0.0008634424891719,en,angel
cemetery,0.0008634424891719,en,angel
frighten,0.0008634424891719,en,angel
slut,0.0008634424891719,en,angel
rusty,0.0008634424891719,en,angel
magnificent,0.0008634424891719,en,angel
moron,0.0008631571900364,en,angel
vice,0.0008631571900364,en,angel
celebrity,0.0008631571900364,en,angel
suspicion,0.0008631571900364,en,angel
focal,0.0008623210349996,en,angel
thrower,0.0008623210349996,en,angel
duality,0.0008623210349996,en,angel
numerical,0.0008623210349996,en,angel
letterhead,0.0008623210349996,en,angel
betrayer,0.0008623210349996,en,angel
denni,0.0008623210349996,en,angel
transcription,0.0008623210349996,en,angel
gestate,0.0008623210349996,en,angel
allie,0.0008623210349996,en,angel
valor,0.0008623210349996,en,angel
forbidden,0.0008614507251875,en,angel
giver,0.0008614507251875,en,angel
grievance,0.0008614507251875,en,angel
afterlife,0.0008614507251875,en,angel
faction,0.0008614507251875,en,angel
lava,0.0008614507251875,en,angel
review,0.0008613906334469,en,angel
chernobyls,0.0008605679231121,en,angel
lorney,0.0008605679231121,en,angel
deetta,0.0008605679231121,en,angel
gerploohy,0.0008605679231121,en,angel
skenche,0.0008605679231121,en,angel
diaghilev,0.0008605679231121,en,angel
opposer,0.0008605679231121,en,angel
frowning,0.0008605679231121,en,angel
alonna,0.0008605679231121,en,angel
lickspittle,0.0008605679231121,en,angel
plasmic,0.0008605679231121,en,angel
kaph,0.0008605679231121,en,angel
aleph,0.0008605679231121,en,angel
compactification,0.0008605679231121,en,angel
vocah,0.0008605679231121,en,angel
moracian,0.0008605679231121,en,angel
vampyr,0.0008605679231121,en,angel
dutrovic,0.0008605679231121,en,angel
doximall,0.0008605679231121,en,angel
glurgg,0.0008605679231121,en,angel
narwek,0.0008605679231121,en,angel
caffrey,0.0008605679231121,en,angel
poncey,0.0008605679231121,en,angel
trombli,0.0008605679231121,en,angel
womanish,0.0008605679231121,en,angel
mystically,0.0008605679231121,en,angel
landokmar,0.0008605679231121,en,angel
involvare,0.0008605679231121,en,angel
lurite,0.0008605679231121,en,angel
davric,0.0008605679231121,en,angel
orlon,0.0008605679231121,en,angel
primordium,0.0008605679231121,en,angel
torto,0.0008605679231121,en,angel
fredikin,0.0008605679231121,en,angel
kenyard,0.0008605679231121,en,angel
cedrian,0.0008605679231121,en,angel
trionic,0.0008605679231121,en,angel
wheeled,0.0008605679231121,en,angel
ptb,0.0008605679231121,en,angel
lithosphere,0.0008605679231121,en,angel
whoompa,0.0008605679231121,en,angel
lilliad,0.0008605679231121,en,angel
unlife,0.0008605679231121,en,angel
pku,0.0008605679231121,en,angel
knoxy,0.0008605679231121,en,angel
otherworlder,0.0008605679231121,en,angel
luchadore,0.0008605679231121,en,angel
presumily,0.0008605679231121,en,angel
intensifiie,0.0008605679231121,en,angel
deconsecrate,0.0008605679231121,en,angel
qwa,0.0008605679231121,en,angel
senih,0.0008605679231121,en,angel
harn,0.0008605679231121,en,angel
penborn,0.0008605679231121,en,angel
doxy,0.0008605679231121,en,angel
drizon,0.0008605679231121,en,angel
oden,0.0008605679231121,en,angel
cyvus,0.0008605679231121,en,angel
pleasurably,0.0008605679231121,en,angel
sarina,0.0008605679231121,en,angel
muddled,0.0008605679231121,en,angel
morgog,0.0008605679231121,en,angel
mordar,0.0008605679231121,en,angel
devandire,0.0008605679231121,en,angel
fetvanovich,0.0008605679231121,en,angel
latinate,0.0008605679231121,en,angel
namby,0.0008605679231121,en,angel
giganamous,0.0008605679231121,en,angel
shorshack,0.0008605679231121,en,angel
burrbeast,0.0008605679231121,en,angel
eucalipsis,0.0008605679231121,en,angel
conley,0.0008605679231121,en,angel
crug,0.0008605679231121,en,angel
sathari,0.0008605679231121,en,angel
declaw,0.0008605679231121,en,angel
algurian,0.0008605679231121,en,angel
bandicoot,0.0008605679231121,en,angel
circumstance,0.0008574139712553,en,angel
seal,0.0008574139712553,en,angel
fourth,0.0008574139712553,en,angel
tool,0.0008574139712553,en,angel
dagger,0.0008564024237554,en,angel
threshold,0.0008564024237554,en,angel
industry,0.0008556852241476,en,angel
stroke,0.0008556852241476,en,angel
cruise,0.0008556852241476,en,angel
annoying,0.0008556852241476,en,angel
phrase,0.0008556852241476,en,angel
infection,0.0008556852241476,en,angel
blah,0.0008552675161574,en,angel
massive,0.0008542970961697,en,angel
square,0.0008505269403348,en,angel
inch,0.0008505269403348,en,angel
wimp,0.0008488014312217,en,angel
woe,0.0008488014312217,en,angel
peril,0.0008488014312217,en,angel
bitty,0.0008488014312217,en,angel
cable,0.0008483072477455,en,angel
grind,0.0008483072477455,en,angel
investment,0.0008483072477455,en,angel
meter,0.0008483072477455,en,angel
handy,0.0008483072477455,en,angel
starter,0.0008483072477455,en,angel
bare,0.0008483072477455,en,angel
express,0.0008472778381343,en,angel
investigate,0.0008472778381343,en,angel
implant,0.0008472233483377,en,angel
whoo,0.0008472233483377,en,angel
tan,0.0008469872379608,en,angel
unclear,0.0008469872379608,en,angel
medieval,0.0008469872379608,en,angel
horribly,0.0008469872379608,en,angel
particular,0.0008437022363406,en,angel
panic,0.0008437022363406,en,angel
pre,0.0008410209255963,en,angel
tortured,0.00084044856042,en,angel
deficient,0.00084044856042,en,angel
dennis,0.00084044856042,en,angel
suss,0.00084044856042,en,angel
antler,0.00084044856042,en,angel
brainy,0.00084044856042,en,angel
weather,0.0008403313198329,en,angel
register,0.0008403313198329,en,angel
plastic,0.0008403313198329,en,angel
charity,0.0008403313198329,en,angel
vague,0.0008393058656044,en,angel
glue,0.0008393058656044,en,angel
parlor,0.0008377789961744,en,angel
crumb,0.0008377789961744,en,angel
friendly,0.0008369387412783,en,angel
subject,0.0008369387412783,en,angel
blackjack,0.0008366122148967,en,angel
stacy,0.0008366122148967,en,angel
amusement,0.0008366122148967,en,angel
sizzle,0.0008366122148967,en,angel
glory,0.0008338240084301,en,angel
surely,0.0008338240084301,en,angel
element,0.0008334560491286,en,angel
aid,0.0008334560491286,en,angel
snatch,0.000831511139498,en,angel
envy,0.000831511139498,en,angel
summon,0.000831511139498,en,angel
piano,0.000831511139498,en,angel
shape,0.0008302353669674,en,angel
terrorize,0.0008287687965263,en,angel
poem,0.0008287687965263,en,angel
elite,0.0008287687965263,en,angel
honk,0.0008287687965263,en,angel
loudly,0.0008287687965263,en,angel
temperature,0.0008267143287728,en,angel
pleased,0.0008267143287728,en,angel
belly,0.0008267143287728,en,angel
declare,0.0008267143287728,en,angel
gross,0.0008267143287728,en,angel
operate,0.0008266505793321,en,angel
sensitive,0.0008266505793321,en,angel
basic,0.0008266505793321,en,angel
awesome,0.0008266505793321,en,angel
mocha,0.0008248507797512,en,angel
mitt,0.0008248507797512,en,angel
creak,0.0008248507797512,en,angel
buzzer,0.0008248507797512,en,angel
obituary,0.0008248507797512,en,angel
vigilante,0.0008248507797512,en,angel
ascertain,0.0008248507797512,en,angel
caroline,0.0008248507797512,en,angel
comp,0.0008248507797512,en,angel
intercom,0.0008248507797512,en,angel
vein,0.0008238354215028,en,angel
thoughtful,0.0008238354215028,en,angel
negotiation,0.0008238354215028,en,angel
unfortunately,0.0008235910539906,en,angel
hallowed,0.0008203278342638,en,angel
iooke,0.0008203278342638,en,angel
pronoun,0.0008203278342638,en,angel
nigh,0.0008203278342638,en,angel
screamer,0.0008203278342638,en,angel
scowl,0.0008203278342638,en,angel
internment,0.0008203278342638,en,angel
ange,0.0008203278342638,en,angel
mailroom,0.0008203278342638,en,angel
brawn,0.0008203278342638,en,angel
hooray,0.0008203278342638,en,angel
casper,0.0008203278342638,en,angel
deity,0.0008203278342638,en,angel
penthouse,0.0008199482994559,en,angel
squeal,0.0008199482994559,en,angel
obscure,0.0008199482994559,en,angel
coworker,0.0008199482994559,en,angel
rite,0.0008199482994559,en,angel
garden,0.0008199135073743,en,angel
asset,0.0008196897970274,en,angel
grip,0.0008196897970274,en,angel
unconscious,0.0008196897970274,en,angel
poker,0.0008196897970274,en,angel
sunset,0.0008162751322218,en,angel
eyed,0.0008162751322218,en,angel
prey,0.0008162751322218,en,angel
arrival,0.0008162751322218,en,angel
remarkable,0.0008162751322218,en,angel
recharge,0.0008134881150378,en,angel
nightfall,0.0008134881150378,en,angel
flashy,0.0008134881150378,en,angel
tit,0.0008134881150378,en,angel
damsel,0.0008134881150378,en,angel
poodle,0.0008134881150378,en,angel
keel,0.0008134881150378,en,angel
useful,0.0008132434720701,en,angel
judgment,0.0008132434720701,en,angel
particularly,0.0008132434720701,en,angel
map,0.0008132434720701,en,angel
literally,0.0008132434720701,en,angel
habit,0.0008132434720701,en,angel
prayer,0.0008127483977874,en,angel
junk,0.0008127483977874,en,angel
phase,0.0008127483977874,en,angel
confront,0.0008127483977874,en,angel
embarrassing,0.0008127483977874,en,angel
potato,0.0008127483977874,en,angel
bubble,0.0008127483977874,en,angel
badass,0.0008113096813274,en,angel
squash,0.0008113096813274,en,angel
axe,0.0008113096813274,en,angel
freely,0.0008113096813274,en,angel
hostile,0.0008088268513546,en,angel
hon,0.0008088268513546,en,angel
rape,0.0008088268513546,en,angel
preserve,0.0008088268513546,en,angel
retrieve,0.0008088268513546,en,angel
permanently,0.0008088268513546,en,angel
lightning,0.0008088268513546,en,angel
exit,0.0008066391524679,en,angel
success,0.0008066391524679,en,angel
bridge,0.0008066391524679,en,angel
cheat,0.0008066391524679,en,angel
oil,0.0008066391524679,en,angel
collapse,0.0008058881863653,en,angel
loyal,0.0008058881863653,en,angel
personality,0.0008058881863653,en,angel
fold,0.0008058881863653,en,angel
grace,0.0008058881863653,en,angel
cutting,0.0008028455927309,en,angel
snag,0.0008028455927309,en,angel
insensitive,0.0008028455927309,en,angel
saliva,0.0008024980646025,en,angel
impregnate,0.0008024980646025,en,angel
vanessa,0.0008024980646025,en,angel
etiquette,0.0008024980646025,en,angel
clove,0.0008016989515457,en,angel
provocative,0.0008016989515457,en,angel
populated,0.0008016989515457,en,angel
ramone,0.0008016989515457,en,angel
supercharge,0.0008016989515457,en,angel
cybernetic,0.0008016989515457,en,angel
mythic,0.0008016989515457,en,angel
bendy,0.0008016989515457,en,angel
slouch,0.0008016989515457,en,angel
clapping,0.0008016989515457,en,angel
embodiment,0.0008016989515457,en,angel
global,0.0008014873084056,en,angel
brake,0.0008014873084056,en,angel
tension,0.0008014873084056,en,angel
merely,0.0008014873084056,en,angel
nope,0.0008000992662792,en,angel
lip,0.0008000992662792,en,angel
victory,0.0007991072855228,en,angel
technology,0.0007991072855228,en,angel
pose,0.0007991072855228,en,angel
tax,0.0007991072855228,en,angel
stroll,0.0007945491209144,en,angel
ish,0.0007945491209144,en,angel
holding,0.0007945491209144,en,angel
swoop,0.0007945491209144,en,angel
informant,0.0007945491209144,en,angel
katie,0.0007945491209144,en,angel
hottie,0.0007945491209144,en,angel
oak,0.0007945491209144,en,angel
salary,0.0007942533740618,en,angel
elbow,0.0007942533740618,en,angel
petty,0.0007942533740618,en,angel
valley,0.0007942533740618,en,angel
capital,0.0007942533740618,en,angel
section,0.0007936225683846,en,angel
pacoima,0.0007926187607776,en,angel
demony,0.0007926187607776,en,angel
ensoule,0.0007926187607776,en,angel
tainment,0.0007926187607776,en,angel
revenger,0.0007926187607776,en,angel
escher,0.0007926187607776,en,angel
shemp,0.0007926187607776,en,angel
burrower,0.0007926187607776,en,angel
rosaria,0.0007926187607776,en,angel
moira,0.0007926187607776,en,angel
pmi,0.0007926187607776,en,angel
xenophobia,0.0007926187607776,en,angel
crocker,0.0007926187607776,en,angel
concurrently,0.0007926187607776,en,angel
scythian,0.0007926187607776,en,angel
toth,0.0007926187607776,en,angel
snippety,0.0007926187607776,en,angel
linguine,0.0007926187607776,en,angel
weatherby,0.0007926187607776,en,angel
borgnine,0.0007926187607776,en,angel
keyboarde,0.0007926187607776,en,angel
charbroile,0.0007926187607776,en,angel
nabbit,0.0007926187607776,en,angel
floaty,0.0007926187607776,en,angel
ravager,0.0007926187607776,en,angel
unleashing,0.0007926187607776,en,angel
pimiento,0.0007926187607776,en,angel
internal,0.0007924038823867,en,angel
closed,0.0007924038823867,en,angel
dramatic,0.0007924038823867,en,angel
sue,0.0007924038823867,en,angel
scorch,0.0007918569642339,en,angel
slavery,0.0007918569642339,en,angel
unseen,0.0007918569642339,en,angel
tock,0.0007918569642339,en,angel
bronze,0.0007918569642339,en,angel
retarded,0.0007918569642339,en,angel
negative,0.0007872078494108,en,angel
unbelievable,0.0007872078494108,en,angel
ironic,0.0007871220521814,en,angel
greek,0.0007871220521814,en,angel
unfair,0.0007871220521814,en,angel
unstable,0.0007871220521814,en,angel
ratio,0.0007864137558624,en,angel
robe,0.0007864137558624,en,angel
ash,0.0007864137558624,en,angel
yay,0.0007864137558624,en,angel
berry,0.0007864137558624,en,angel
revelation,0.0007864137558624,en,angel
accounting,0.0007864137558624,en,angel
beef,0.0007857762255399,en,angel
constant,0.0007857762255399,en,angel
smack,0.0007857762255399,en,angel
speaking,0.0007857762255399,en,angel
complex,0.0007857762255399,en,angel
heel,0.0007857762255399,en,angel
pink,0.0007857762255399,en,angel
dune,0.0007843558766515,en,angel
percentile,0.0007843558766515,en,angel
damper,0.0007843558766515,en,angel
munch,0.0007843558766515,en,angel
belize,0.0007843558766515,en,angel
fluorescent,0.0007843558766515,en,angel
telekinesis,0.0007843558766515,en,angel
finesse,0.0007843558766515,en,angel
nefarious,0.0007843558766515,en,angel
dreary,0.0007843558766515,en,angel
highness,0.0007815433348328,en,angel
heist,0.0007815433348328,en,angel
maggot,0.0007815433348328,en,angel
ness,0.0007815433348328,en,angel
whim,0.0007815433348328,en,angel
stride,0.0007815433348328,en,angel
hoot,0.0007815433348328,en,angel
precedent,0.0007815433348328,en,angel
doze,0.0007815433348328,en,angel
sale,0.0007808539343753,en,angel
complain,0.0007808539343753,en,angel
helpful,0.0007808539343753,en,angel
freedom,0.0007808539343753,en,angel
faint,0.0007800904723434,en,angel
intimidate,0.0007800904723434,en,angel
confession,0.0007792226222744,en,angel
hostage,0.0007792226222744,en,angel
peep,0.0007784333596066,en,angel
divine,0.0007784333596066,en,angel
disturbance,0.0007784333596066,en,angel
badly,0.0007745596813947,en,angel
highly,0.0007745596813947,en,angel
knee,0.0007745596813947,en,angel
shatter,0.0007731558829105,en,angel
makeup,0.0007731558829105,en,angel
setup,0.0007731558829105,en,angel
combat,0.0007731558829105,en,angel
nickname,0.0007731558829105,en,angel
adorable,0.0007731558829105,en,angel
parade,0.0007731558829105,en,angel
distress,0.0007731558829105,en,angel
cowboy,0.0007731558829105,en,angel
unfortunate,0.0007727414359965,en,angel
counter,0.0007727414359965,en,angel
bruise,0.0007727414359965,en,angel
entry,0.0007727414359965,en,angel
imprint,0.0007715376214007,en,angel
invoice,0.0007715376214007,en,angel
malibu,0.0007715376214007,en,angel
denise,0.0007715376214007,en,angel
jill,0.0007715376214007,en,angel
murmur,0.0007715376214007,en,angel
catastrophic,0.0007715376214007,en,angel
camel,0.0007715376214007,en,angel
poo,0.0007715376214007,en,angel
incapable,0.0007706021384051,en,angel
pumpkin,0.0007706021384051,en,angel
fare,0.0007706021384051,en,angel
criminal,0.000768323980453,en,angel
deny,0.000768323980453,en,angel
relate,0.000768323980453,en,angel
north,0.000768323980453,en,angel
messiah,0.0007681325135486,en,angel
innate,0.0007681325135486,en,angel
traipse,0.0007681325135486,en,angel
losin,0.0007681325135486,en,angel
untold,0.0007681325135486,en,angel
impure,0.0007681325135486,en,angel
yak,0.0007681325135486,en,angel
sworn,0.0007681325135486,en,angel
paralegal,0.0007681325135486,en,angel
tentacle,0.0007681325135486,en,angel
lenny,0.0007681325135486,en,angel
director,0.0007663310837734,en,angel
communicate,0.0007663310837734,en,angel
tech,0.0007663310837734,en,angel
upside,0.0007663310837734,en,angel
nap,0.0007663310837734,en,angel
stretch,0.0007663310837734,en,angel
society,0.0007663310837734,en,angel
slap,0.0007663310837734,en,angel
occupy,0.0007663156445641,en,angel
cent,0.0007663156445641,en,angel
crucial,0.0007629146174747,en,angel
nod,0.0007629146174747,en,angel
pluck,0.0007629146174747,en,angel
advertising,0.0007618219698721,en,angel
biker,0.0007618219698721,en,angel
disconnected,0.0007618219698721,en,angel
evict,0.0007618219698721,en,angel
murderous,0.0007618219698721,en,angel
sub,0.0007599900340127,en,angel
prepared,0.0007599900340127,en,angel
whore,0.0007599900340127,en,angel
focused,0.0007595672242734,en,angel
detector,0.0007595672242734,en,angel
paint,0.0007560239469643,en,angel
weep,0.0007553656179988,en,angel
disappointing,0.0007553656179988,en,angel
mistress,0.0007553656179988,en,angel
fortunate,0.0007553656179988,en,angel
publicity,0.0007553656179988,en,angel
drill,0.000753716804266,en,angel
pipe,0.000753716804266,en,angel
item,0.000753716804266,en,angel
citizen,0.000753716804266,en,angel
towel,0.000753716804266,en,angel
rope,0.000753716804266,en,angel
curtain,0.0007529081896641,en,angel
youth,0.0007529081896641,en,angel
mistaken,0.0007529081896641,en,angel
visual,0.0007529081896641,en,angel
weepy,0.0007528930064237,en,angel
mantle,0.0007528930064237,en,angel
lullaby,0.0007528930064237,en,angel
hallow,0.0007528930064237,en,angel
comprehension,0.0007528930064237,en,angel
proclamation,0.0007528930064237,en,angel
splitting,0.0007528930064237,en,angel
rouse,0.0007528930064237,en,angel
radiant,0.0007528930064237,en,angel
yammer,0.0007528930064237,en,angel
val,0.0007528930064237,en,angel
mallet,0.0007528930064237,en,angel
teamwork,0.0007523800353932,en,angel
epidemic,0.0007523800353932,en,angel
imprison,0.0007523800353932,en,angel
clientele,0.0007523800353932,en,angel
dissect,0.0007523800353932,en,angel
regret,0.0007499575434139,en,angel
summer,0.0007499575434139,en,angel
immediately,0.0007499575434139,en,angel
demand,0.0007499575434139,en,angel
whispering,0.0007479502361723,en,angel
bravo,0.0007479502361723,en,angel
lamb,0.0007479502361723,en,angel
brush,0.0007475099591484,en,angel
bath,0.0007475099591484,en,angel
ambulance,0.0007475099591484,en,angel
brown,0.0007475099591484,en,angel
winner,0.0007475099591484,en,angel
estate,0.0007475099591484,en,angel
generous,0.0007475099591484,en,angel
tone,0.0007475099591484,en,angel
theme,0.0007463362037543,en,angel
runic,0.0007444080628633,en,angel
sambuca,0.0007444080628633,en,angel
toady,0.0007444080628633,en,angel
nal,0.0007444080628633,en,angel
sirk,0.0007444080628633,en,angel
yogis,0.0007444080628633,en,angel
crenshaw,0.0007444080628633,en,angel
drang,0.0007444080628633,en,angel
ritually,0.0007444080628633,en,angel
blighter,0.0007444080628633,en,angel
fha,0.0007444080628633,en,angel
dume,0.0007444080628633,en,angel
redondo,0.0007444080628633,en,angel
necro,0.0007444080628633,en,angel
freewill,0.0007444080628633,en,angel
woodsy,0.0007444080628633,en,angel
delancey,0.0007444080628633,en,angel
elegantly,0.0007444080628633,en,angel
hellebore,0.0007444080628633,en,angel
nester,0.0007444080628633,en,angel
snit,0.0007444080628633,en,angel
treatise,0.0007444080628633,en,angel
creepie,0.0007444080628633,en,angel
magnificently,0.0007444080628633,en,angel
paltry,0.0007444080628633,en,angel
moussaka,0.0007444080628633,en,angel
thingamabob,0.0007444080628633,en,angel
brahm,0.0007444080628633,en,angel
ghostie,0.0007444080628633,en,angel
claptrap,0.0007444080628633,en,angel
turnkey,0.0007444080628633,en,angel
season,0.000743945547803,en,angel
rsum,0.0007431968168737,en,angel
repercussion,0.0007431968168737,en,angel
despair,0.0007431968168737,en,angel
tingle,0.0007431968168737,en,angel
tranquilizer,0.0007431968168737,en,angel
tumble,0.0007431968168737,en,angel
awe,0.0007431968168737,en,angel
hone,0.0007431968168737,en,angel
jeremy,0.0007431968168737,en,angel
period,0.0007413681083675,en,angel
behave,0.0007413681083675,en,angel
discussion,0.0007413681083675,en,angel
enlighten,0.000740663824067,en,angel
paradise,0.000740663824067,en,angel
bodyguard,0.000740663824067,en,angel
motel,0.0007398490200312,en,angel
datum,0.0007398490200312,en,angel
pee,0.0007398490200312,en,angel
bark,0.0007398490200312,en,angel
awfully,0.0007398490200312,en,angel
talking,0.0007398490200312,en,angel
achille,0.0007385248169181,en,angel
reckoning,0.0007385248169181,en,angel
monastery,0.0007385248169181,en,angel
purification,0.0007385248169181,en,angel
francis,0.0007385248169181,en,angel
gong,0.0007385248169181,en,angel
invulnerable,0.0007385248169181,en,angel
propulsion,0.0007385248169181,en,angel
hill,0.0007352899048537,en,angel
measure,0.0007352899048537,en,angel
painfully,0.000734258513607,en,angel
poverty,0.000734258513607,en,angel
regroup,0.000734258513607,en,angel
spencer,0.000734258513607,en,angel
vitamin,0.0007335019721337,en,angel
shocked,0.0007335019721337,en,angel
peach,0.0007335019721337,en,angel
sailor,0.0007335019721337,en,angel
mexican,0.0007335019721337,en,angel
maid,0.0007334444778408,en,angel
punk,0.0007334444778408,en,angel
seed,0.0007334444778408,en,angel
computer,0.0007320809368805,en,angel
borrow,0.0007320809368805,en,angel
pill,0.0007292740429875,en,angel
slide,0.0007292740429875,en,angel
french,0.0007292740429875,en,angel
underwear,0.0007271204980676,en,angel
fairly,0.0007271204980676,en,angel
calendar,0.0007271204980676,en,angel
cuff,0.0007271204980676,en,angel
haul,0.0007271204980676,en,angel
tab,0.0007271204980676,en,angel
cleaning,0.0007271204980676,en,angel
torch,0.0007271204980676,en,angel
parole,0.0007264604931752,en,angel
applause,0.0007264604931752,en,angel
whiskey,0.0007264604931752,en,angel
mixed,0.0007264604931752,en,angel
pirate,0.0007264604931752,en,angel
pocket,0.0007262264628347,en,angel
frickin,0.0007255524005184,en,angel
thinkin,0.0007255524005184,en,angel
erratic,0.0007255524005184,en,angel
holly,0.0007255524005184,en,angel
nauseous,0.0007255524005184,en,angel
gala,0.0007249336755784,en,angel
hangout,0.0007249336755784,en,angel
testy,0.0007249336755784,en,angel
enlightenment,0.0007249336755784,en,angel
straddle,0.0007249336755784,en,angel
termite,0.0007249336755784,en,angel
thud,0.0007249336755784,en,angel
cola,0.0007249336755784,en,angel
workman,0.0007249336755784,en,angel
tripod,0.0007249336755784,en,angel
locket,0.0007249336755784,en,angel
archaic,0.0007249336755784,en,angel
knicker,0.0007249336755784,en,angel
fern,0.0007249336755784,en,angel
skippy,0.0007249336755784,en,angel
determine,0.0007233192569156,en,angel
range,0.0007233192569156,en,angel
pen,0.0007233192569156,en,angel
fortune,0.0007233192569156,en,angel
patch,0.0007233192569156,en,angel
examine,0.0007208750790825,en,angel
hood,0.0007208750790825,en,angel
peaceful,0.0007208750790825,en,angel
bluff,0.0007208750790825,en,angel
plain,0.0007208750790825,en,angel
regardless,0.0007195354076432,en,angel
richard,0.0007195354076432,en,angel
confine,0.0007195354076432,en,angel
betrayal,0.0007195354076432,en,angel
jackass,0.0007195354076432,en,angel
behavior,0.0007174243189525,en,angel
starve,0.0007174243189525,en,angel
illegal,0.0007174243189525,en,angel
warning,0.0007174243189525,en,angel
mumble,0.0007170667192093,en,angel
george,0.0007170667192093,en,angel
rapist,0.0007170667192093,en,angel
haystack,0.0007170667192093,en,angel
reclaim,0.0007170667192093,en,angel
pierce,0.00071470629294,en,angel
commission,0.00071470629294,en,angel
liquid,0.00071470629294,en,angel
fitting,0.0007127229301312,en,angel
reader,0.0007127229301312,en,angel
harass,0.0007127229301312,en,angel
emerge,0.0007127229301312,en,angel
affection,0.0007127229301312,en,angel
inferno,0.0007120398297802,en,angel
toodle,0.0007120398297802,en,angel
brimstone,0.0007120398297802,en,angel
crusader,0.0007120398297802,en,angel
shifter,0.0007120398297802,en,angel
loin,0.0007120398297802,en,angel
mugger,0.0007120398297802,en,angel
terminator,0.0007120398297802,en,angel
stave,0.0007120398297802,en,angel
extremely,0.0007115880380613,en,angel
sheet,0.0007115880380613,en,angel
yea,0.0007087905824576,en,angel
glitch,0.0007087905824576,en,angel
wield,0.0007087905824576,en,angel
weaken,0.0007087905824576,en,angel
cushion,0.0007087905824576,en,angel
primitive,0.0007087905824576,en,angel
tube,0.0007086122818052,en,angel
stitch,0.0007086122818052,en,angel
blackmail,0.0007086122818052,en,angel
sum,0.0007086122818052,en,angel
coast,0.0007086122818052,en,angel
alike,0.0007086122818052,en,angel
carpet,0.0007086122818052,en,angel
embarrassed,0.0007086122818052,en,angel
sashimi,0.000707012940351,en,angel
stanky,0.000707012940351,en,angel
perpetuity,0.000707012940351,en,angel
tonk,0.000707012940351,en,angel
funner,0.000707012940351,en,angel
uncaring,0.000707012940351,en,angel
huffy,0.000707012940351,en,angel
greenway,0.000707012940351,en,angel
yappin,0.000707012940351,en,angel
devotee,0.000707012940351,en,angel
cloven,0.000707012940351,en,angel
gumshoe,0.000707012940351,en,angel
incognito,0.000707012940351,en,angel
arejust,0.000707012940351,en,angel
unkillable,0.000707012940351,en,angel
supplication,0.000707012940351,en,angel
droning,0.000707012940351,en,angel
murmuring,0.000707012940351,en,angel
mcmanus,0.000707012940351,en,angel
foghorn,0.000707012940351,en,angel
confab,0.000707012940351,en,angel
causation,0.000707012940351,en,angel
arf,0.000707012940351,en,angel
anatole,0.000707012940351,en,angel
foxglove,0.000707012940351,en,angel
jameel,0.000707012940351,en,angel
irv,0.000707012940351,en,angel
ity,0.000707012940351,en,angel
jacobi,0.000707012940351,en,angel
badness,0.000707012940351,en,angel
mere,0.0007060194569481,en,angel
reckless,0.0007060194569481,en,angel
submit,0.0007060194569481,en,angel
organic,0.0007060194569481,en,angel
muffin,0.0007060194569481,en,angel
bump,0.0007058092584094,en,angel
community,0.0007058092584094,en,angel
divide,0.0007025912545949,en,angel
cheek,0.0007025912545949,en,angel
grandmother,0.0007025912545949,en,angel
conflict,0.0007025912545949,en,angel
quietly,0.0007025912545949,en,angel
transformation,0.0007007138902276,en,angel
fantastic,0.0007000868579943,en,angel
restaurant,0.0007000868579943,en,angel
icky,0.0006997752080439,en,angel
diabolical,0.0006997752080439,en,angel
spotty,0.0006997752080439,en,angel
hallelujah,0.0006997752080439,en,angel
spineless,0.0006997752080439,en,angel
goatee,0.0006997752080439,en,angel
zillion,0.0006997752080439,en,angel
wheeze,0.0006997752080439,en,angel
kiddy,0.0006997752080439,en,angel
jugular,0.0006997752080439,en,angel
bleeding,0.0006994215546703,en,angel
disposal,0.0006994215546703,en,angel
fame,0.0006994215546703,en,angel
deceive,0.0006994215546703,en,angel
corporation,0.0006994215546703,en,angel
fuse,0.0006994215546703,en,angel
righteous,0.0006994215546703,en,angel
jerry,0.0006994215546703,en,angel
pointless,0.0006994215546703,en,angel
conscious,0.0006966414838177,en,angel
near,0.0006944197473365,en,angel
affair,0.0006944197473365,en,angel
brand,0.0006944197473365,en,angel
enormous,0.0006929259495817,en,angel
instal,0.0006929259495817,en,angel
grass,0.0006929259495817,en,angel
british,0.0006929259495817,en,angel
splash,0.0006929259495817,en,angel
thunder,0.0006929259495817,en,angel
workplace,0.0006928272555635,en,angel
daytime,0.0006928272555635,en,angel
reckon,0.0006928272555635,en,angel
maze,0.0006928272555635,en,angel
geez,0.0006928272555635,en,angel
loop,0.0006907613025988,en,angel
chart,0.0006907613025988,en,angel
blanket,0.0006907613025988,en,angel
traffic,0.0006888068682345,en,angel
intention,0.0006888068682345,en,angel
camp,0.0006888068682345,en,angel
permission,0.0006888068682345,en,angel
drown,0.0006888068682345,en,angel
material,0.0006888068682345,en,angel
stock,0.0006888068682345,en,angel
startin,0.0006880812446264,en,angel
enslave,0.0006880812446264,en,angel
comprehensive,0.0006880812446264,en,angel
accelerator,0.0006880812446264,en,angel
havin,0.0006880812446264,en,angel
dante,0.0006880812446264,en,angel
thingie,0.0006880812446264,en,angel
mangle,0.0006880812446264,en,angel
abracadabra,0.0006880812446264,en,angel
sphere,0.0006880812446264,en,angel
frog,0.000686529517919,en,angel
conquer,0.000686529517919,en,angel
santa,0.000686529517919,en,angel
disconnect,0.000686529517919,en,angel
brunette,0.0006851219390043,en,angel
overload,0.0006851219390043,en,angel
asylum,0.0006851219390043,en,angel
lying,0.0006851219390043,en,angel
superior,0.0006849491018767,en,angel
saint,0.0006849491018767,en,angel
van,0.0006849491018767,en,angel
inspire,0.0006849491018767,en,angel
incident,0.0006832471925784,en,angel
expose,0.0006832471925784,en,angel
instinct,0.0006832471925784,en,angel
exchange,0.0006832471925784,en,angel
occasionally,0.0006802292768515,en,angel
dental,0.0006802292768515,en,angel
reject,0.00067920332776,en,angel
sack,0.00067920332776,en,angel
chicken,0.0006777397212204,en,angel
thin,0.0006777397212204,en,angel
health,0.0006777397212204,en,angel
troll,0.0006775897903687,en,angel
neutral,0.0006775897903687,en,angel
barbie,0.0006775897903687,en,angel
filth,0.0006775897903687,en,angel
overheard,0.0006775897903687,en,angel
continent,0.0006775897903687,en,angel
conspicuous,0.0006769071880778,en,angel
phobia,0.0006769071880778,en,angel
petri,0.0006769071880778,en,angel
likeness,0.0006769071880778,en,angel
remodel,0.0006769071880778,en,angel
figuratively,0.0006769071880778,en,angel
denver,0.0006769071880778,en,angel
entourage,0.0006769071880778,en,angel
ceremonial,0.0006769071880778,en,angel
sabbatical,0.0006769071880778,en,angel
symmetry,0.0006769071880778,en,angel
torpedo,0.0006769071880778,en,angel
biter,0.0006769071880778,en,angel
penn,0.0006769071880778,en,angel
persist,0.0006769071880778,en,angel
inglewood,0.0006764589005288,en,angel
tumescent,0.0006764589005288,en,angel
syphilitic,0.0006764589005288,en,angel
smooshe,0.0006764589005288,en,angel
topanga,0.0006764589005288,en,angel
shiva,0.0006764589005288,en,angel
celeb,0.0006764589005288,en,angel
sanskrit,0.0006764589005288,en,angel
glyph,0.0006764589005288,en,angel
demarco,0.0006764589005288,en,angel
fuzzie,0.0006764589005288,en,angel
brentwood,0.0006764589005288,en,angel
downtrodden,0.0006764589005288,en,angel
pensive,0.0006764589005288,en,angel
searching,0.0006764589005288,en,angel
howler,0.0006764589005288,en,angel
ofher,0.0006764589005288,en,angel
unmade,0.0006764589005288,en,angel
cacophony,0.0006764589005288,en,angel
jailer,0.0006764589005288,en,angel
sugarplum,0.0006764589005288,en,angel
subspace,0.0006764589005288,en,angel
newfangle,0.0006764589005288,en,angel
sumerian,0.0006764589005288,en,angel
chipp,0.0006764589005288,en,angel
tickled,0.0006764589005288,en,angel
stony,0.0006764589005288,en,angel
addiction,0.0006740223761288,en,angel
district,0.0006740223761288,en,angel
roast,0.0006740223761288,en,angel
consent,0.0006740223761288,en,angel
profit,0.0006735224790342,en,angel
soup,0.0006735224790342,en,angel
temporary,0.0006735224790342,en,angel
insist,0.0006722834828964,en,angel
broken,0.0006722834828964,en,angel
bloom,0.0006702231969395,en,angel
gloat,0.0006702231969395,en,angel
nursery,0.0006702231969395,en,angel
isolation,0.0006702231969395,en,angel
tease,0.000667906090338,en,angel
luxury,0.000667906090338,en,angel
sweater,0.000667906090338,en,angel
remotely,0.000667906090338,en,angel
depression,0.000667906090338,en,angel
acceptable,0.000667906090338,en,angel
personnel,0.000667906090338,en,angel
diaper,0.000667906090338,en,angel
whine,0.000667906090338,en,angel
upgrade,0.000667906090338,en,angel
rarely,0.000667906090338,en,angel
empire,0.000667906090338,en,angel
slightly,0.0006679051048066,en,angel
gay,0.0006679051048066,en,angel
apology,0.0006668775331985,en,angel
respective,0.0006662087700467,en,angel
meteor,0.0006662087700467,en,angel
asbestos,0.0006662087700467,en,angel
molecule,0.0006662087700467,en,angel
jumble,0.0006662087700467,en,angel
problematic,0.0006662087700467,en,angel
trance,0.0006662087700467,en,angel
hebrew,0.0006662087700467,en,angel
tina,0.0006662087700467,en,angel
fightin,0.0006662087700467,en,angel
bestow,0.0006662087700467,en,angel
sway,0.000663015037221,en,angel
hairy,0.000663015037221,en,angel
tad,0.000663015037221,en,angel
fearless,0.000663015037221,en,angel
gender,0.000663015037221,en,angel
clown,0.0006623498022827,en,angel
gear,0.0006623498022827,en,angel
guidance,0.0006618778117181,en,angel
soil,0.0006618778117181,en,angel
treasure,0.0006618778117181,en,angel
jet,0.0006568552146629,en,angel
east,0.0006568552146629,en,angel
dish,0.0006568552146629,en,angel
conscience,0.0006568552146629,en,angel
refuse,0.0006562128504872,en,angel
available,0.0006562128504872,en,angel
authority,0.0006562128504872,en,angel
roman,0.0006559586395647,en,angel
newborn,0.0006559586395647,en,angel
careless,0.0006559586395647,en,angel
chatty,0.0006559586395647,en,angel
renowned,0.0006559471460118,en,angel
wallow,0.0006559471460118,en,angel
manic,0.0006559471460118,en,angel
roach,0.0006559471460118,en,angel
spat,0.0006559471460118,en,angel
cleavage,0.0006559471460118,en,angel
inhuman,0.0006559471460118,en,angel
deceit,0.0006559471460118,en,angel
violet,0.0006559471460118,en,angel
awakening,0.0006559471460118,en,angel
padre,0.0006559471460118,en,angel
keepin,0.0006559471460118,en,angel
arc,0.0006559471460118,en,angel
pedophile,0.0006559471460118,en,angel
boogie,0.0006559471460118,en,angel
thrash,0.0006559471460118,en,angel
numb,0.0006559350434845,en,angel
errand,0.0006559350434845,en,angel
laser,0.0006559350434845,en,angel
thread,0.0006559350434845,en,angel
troop,0.0006559350434845,en,angel
stunt,0.0006559350434845,en,angel
extend,0.0006514200291537,en,angel
instruction,0.0006514200291537,en,angel
buck,0.0006509523543276,en,angel
hubbub,0.0006506258279459,en,angel
steno,0.0006506258279459,en,angel
maniacal,0.0006506258279459,en,angel
mote,0.0006506258279459,en,angel
robbing,0.0006506258279459,en,angel
weeny,0.0006506258279459,en,angel
shuteye,0.0006506258279459,en,angel
confluence,0.0006506258279459,en,angel
ravenous,0.0006506258279459,en,angel
displease,0.0006506258279459,en,angel
bethlehem,0.0006506258279459,en,angel
demi,0.0006506258279459,en,angel
ajar,0.0006506258279459,en,angel
evildoer,0.0006506258279459,en,angel
populace,0.0006506258279459,en,angel
jink,0.0006506258279459,en,angel
boilerplate,0.0006506258279459,en,angel
maude,0.0006506258279459,en,angel
sauce,0.0006500753936195,en,angel
lick,0.0006500753936195,en,angel
confusion,0.0006500753936195,en,angel
leash,0.0006490477450619,en,angel
tee,0.0006490477450619,en,angel
roam,0.0006490477450619,en,angel
classy,0.0006490477450619,en,angel
unstoppable,0.0006490477450619,en,angel
pope,0.0006490477450619,en,angel
graveyard,0.0006490477450619,en,angel
sharon,0.0006460880438906,en,angel
directive,0.0006460880438906,en,angel
scapegoat,0.0006460880438906,en,angel
whirlwind,0.0006460880438906,en,angel
dearest,0.0006460880438906,en,angel
ascend,0.0006460880438906,en,angel
hysteria,0.0006460880438906,en,angel
chasing,0.0006460880438906,en,angel
trinket,0.0006460880438906,en,angel
basis,0.0006460429750851,en,angel
disagree,0.0006460429750851,en,angel
yep,0.0006460429750851,en,angel
define,0.0006460429750851,en,angel
spook,0.0006442965690921,en,angel
cabinet,0.0006442965690921,en,angel
hollow,0.0006442965690921,en,angel
saving,0.0006442965690921,en,angel
hangover,0.0006422764741847,en,angel
avenge,0.0006422764741847,en,angel
probe,0.0006422764741847,en,angel
robin,0.0006422764741847,en,angel
delusion,0.0006422764741847,en,angel
offering,0.0006422764741847,en,angel
certainty,0.0006422764741847,en,angel
grad,0.0006422764741847,en,angel
diversion,0.0006422764741847,en,angel
generation,0.0006407228221272,en,angel
twist,0.0006407228221272,en,angel
stuck,0.0006407228221272,en,angel
artist,0.0006407228221272,en,angel
signature,0.0006407228221272,en,angel
claim,0.0006405708197705,en,angel
zip,0.0006385963704701,en,angel
await,0.0006385963704701,en,angel
fist,0.0006385963704701,en,angel
reconsider,0.0006385963704701,en,angel
gunpoint,0.0006366010734163,en,angel
coming,0.0006366010734163,en,angel
banquet,0.0006366010734163,en,angel
impenetrable,0.0006366010734163,en,angel
faux,0.0006366010734163,en,angel
laker,0.0006366010734163,en,angel
purity,0.0006366010734163,en,angel
velocity,0.0006366010734163,en,angel
undress,0.0006366010734163,en,angel
abort,0.0006356392967315,en,angel
hover,0.0006356392967315,en,angel
professionally,0.0006356392967315,en,angel
paperwork,0.0006354583786007,en,angel
drinking,0.0006354583786007,en,angel
overnight,0.0006354583786007,en,angel
weed,0.0006329726868945,en,angel
anxious,0.0006329726868945,en,angel
spark,0.0006329726868945,en,angel
twisted,0.0006329726868945,en,angel
abuse,0.0006302484898746,en,angel
central,0.0006302484898746,en,angel
inform,0.0006302484898746,en,angel
shy,0.0006302484898746,en,angel
pump,0.0006302484898746,en,angel
non,0.0006302484898746,en,angel
procedure,0.0006302484898746,en,angel
silver,0.0006302484898746,en,angel
plasma,0.0006291310046899,en,angel
souvenir,0.0006291310046899,en,angel
utterly,0.0006291310046899,en,angel
salvation,0.0006291310046899,en,angel
subway,0.0006291310046899,en,angel
transplant,0.0006291310046899,en,angel
lurk,0.0006291310046899,en,angel
bidet,0.0006282482026145,en,angel
bluster,0.0006282482026145,en,angel
entropy,0.0006282482026145,en,angel
punt,0.0006282482026145,en,angel
putter,0.0006282482026145,en,angel
immeasurable,0.0006282482026145,en,angel
lido,0.0006282482026145,en,angel
vertically,0.0006282482026145,en,angel
peckish,0.0006282482026145,en,angel
simper,0.0006282482026145,en,angel
laurie,0.0006282482026145,en,angel
chowe,0.0006282482026145,en,angel
corollary,0.0006282482026145,en,angel
itjust,0.0006282482026145,en,angel
recorded,0.0006282482026145,en,angel
roscoe,0.0006282482026145,en,angel
nordic,0.0006282482026145,en,angel
chachi,0.0006282482026145,en,angel
fetching,0.0006282482026145,en,angel
insincere,0.0006282482026145,en,angel
summation,0.0006282482026145,en,angel
machiavellian,0.0006282482026145,en,angel
deceiver,0.0006282482026145,en,angel
herbalist,0.0006282482026145,en,angel
hurtle,0.0006282482026145,en,angel
tude,0.0006282482026145,en,angel
gem,0.0006274591611725,en,angel
ken,0.0006274591611725,en,angel
spar,0.0006274591611725,en,angel
snuggle,0.0006274591611725,en,angel
muddy,0.0006274591611725,en,angel
hoo,0.0006274591611725,en,angel
stubborn,0.0006274234913867,en,angel
robbery,0.0006274234913867,en,angel
entertain,0.0006274234913867,en,angel
theater,0.0006274234913867,en,angel
passenger,0.0006274234913867,en,angel
contest,0.0006274234913867,en,angel
differently,0.0006250920368464,en,angel
flush,0.0006250920368464,en,angel
stair,0.0006250920368464,en,angel
attitude,0.0006250920368464,en,angel
disaster,0.0006250920368464,en,angel
experiment,0.0006250920368464,en,angel
gauge,0.0006227466876852,en,angel
sarcasm,0.0006227466876852,en,angel
feeding,0.0006227466876852,en,angel
marble,0.0006227466876852,en,angel
untie,0.0006227466876852,en,angel
pistol,0.0006227466876852,en,angel
unarmed,0.0006227466876852,en,angel
urine,0.0006227466876852,en,angel
sensation,0.0006227466876852,en,angel
tiger,0.0006219468364619,en,angel
breast,0.0006219468364619,en,angel
plot,0.0006219468364619,en,angel
soak,0.0006219468364619,en,angel
deaf,0.0006219468364619,en,angel
online,0.0006199879344991,en,angel
bail,0.0006199879344991,en,angel
unfold,0.0006186380848134,en,angel
diss,0.0006186380848134,en,angel
underway,0.0006186380848134,en,angel
unresolved,0.0006186380848134,en,angel
firepower,0.0006186380848134,en,angel
chipper,0.0006186380848134,en,angel
jade,0.0006186380848134,en,angel
technicality,0.0006186380848134,en,angel
calibrate,0.0006186380848134,en,angel
dock,0.000616540850026,en,angel
swell,0.000616540850026,en,angel
strap,0.000616540850026,en,angel
waitress,0.000616540850026,en,angel
dip,0.000616540850026,en,angel
civilian,0.000616540850026,en,angel
pan,0.000616540850026,en,angel
scan,0.000616540850026,en,angel
wolf,0.000616540850026,en,angel
scotch,0.000616540850026,en,angel
pigeon,0.0006164817107241,en,angel
swamp,0.0006164817107241,en,angel
deprive,0.0006164817107241,en,angel
slate,0.0006164817107241,en,angel
sadness,0.0006164817107241,en,angel
temptation,0.0006164817107241,en,angel
hog,0.0006164817107241,en,angel
defy,0.0006164817107241,en,angel
misunderstood,0.0006164817107241,en,angel
breakthrough,0.0006164817107241,en,angel
disobey,0.0006164817107241,en,angel
disable,0.0006164817107241,en,angel
quality,0.0006149351305307,en,angel
garage,0.0006149351305307,en,angel
resist,0.0006149351305307,en,angel
coincidence,0.0006149351305307,en,angel
neighbor,0.0006149351305307,en,angel
messy,0.000611203731534,en,angel
humiliate,0.000611203731534,en,angel
info,0.000611203731534,en,angel
broad,0.000611203731534,en,angel
kitty,0.0006103316939797,en,angel
hockey,0.0006103316939797,en,angel
dick,0.0006103316939797,en,angel
titanic,0.0006101160862783,en,angel
fritz,0.0006101160862783,en,angel
widen,0.0006101160862783,en,angel
omega,0.0006101160862783,en,angel
superstitious,0.0006101160862783,en,angel
oeuvre,0.0006101160862783,en,angel
appal,0.0006101160862783,en,angel
rabid,0.0006101160862783,en,angel
hor,0.0006101160862783,en,angel
formidable,0.0006101160862783,en,angel
damp,0.0006101160862783,en,angel
ravage,0.0006101160862783,en,angel
landmark,0.0006101160862783,en,angel
premiere,0.0006101160862783,en,angel
angle,0.0006099326040526,en,angel
unflappable,0.0006085097381942,en,angel
dried,0.0006085097381942,en,angel
portent,0.0006085097381942,en,angel
alchemist,0.0006085097381942,en,angel
tenement,0.0006085097381942,en,angel
planter,0.0006085097381942,en,angel
cede,0.0006085097381942,en,angel
spatula,0.0006085097381942,en,angel
dwp,0.0006085097381942,en,angel
kindling,0.0006085097381942,en,angel
fornication,0.0006085097381942,en,angel
grander,0.0006085097381942,en,angel
custer,0.0006085097381942,en,angel
robocop,0.0006085097381942,en,angel
streetwalker,0.0006085097381942,en,angel
cfo,0.0006085097381942,en,angel
texan,0.0006085097381942,en,angel
dalai,0.0006085097381942,en,angel
lacey,0.0006085097381942,en,angel
fizzy,0.0006085097381942,en,angel
cloaking,0.0006085097381942,en,angel
handi,0.0006085097381942,en,angel
koreatown,0.0006085097381942,en,angel
kreskin,0.0006085097381942,en,angel
entendre,0.0006085097381942,en,angel
stardom,0.0006085097381942,en,angel
tal,0.0006085097381942,en,angel
ifhe,0.0006085097381942,en,angel
winslow,0.0006085097381942,en,angel
palooza,0.0006085097381942,en,angel
perversion,0.0006085097381942,en,angel
puritan,0.0006085097381942,en,angel
omniscient,0.0006085097381942,en,angel
ensign,0.0006085097381942,en,angel
brooch,0.0006085097381942,en,angel
roaring,0.0006085097381942,en,angel
prima,0.0006085097381942,en,angel
costume,0.0006059337483896,en,angel
grandma,0.0006059337483896,en,angel
forgiveness,0.0006059337483896,en,angel
intelligence,0.0006059337483896,en,angel
nick,0.0006059337483896,en,angel
frankly,0.0006049793643509,en,angel
sexy,0.0006049793643509,en,angel
horizon,0.0006042924943991,en,angel
hallucination,0.0006042924943991,en,angel
overtime,0.0006042924943991,en,angel
wealth,0.0006042924943991,en,angel
glorious,0.0006042924943991,en,angel
nerd,0.0006042924943991,en,angel
intercept,0.0006042924943991,en,angel
rag,0.0006042924943991,en,angel
enhance,0.0006042924943991,en,angel
wig,0.0006042924943991,en,angel
portion,0.0006042924943991,en,angel
funk,0.0006018735484519,en,angel
snicker,0.0006018735484519,en,angel
papi,0.0006018735484519,en,angel
waitin,0.0006018735484519,en,angel
bribe,0.0006007292325687,en,angel
display,0.0006007292325687,en,angel
absolute,0.0006007292325687,en,angel
sting,0.0006007292325687,en,angel
promote,0.0006007292325687,en,angel
importantly,0.0006007292325687,en,angel
predict,0.0006007292325687,en,angel
expression,0.0006007292325687,en,angel
clothing,0.0006007292325687,en,angel
neat,0.0006007292325687,en,angel
manager,0.0006000744497094,en,angel
impressive,0.0006000744497094,en,angel
merit,0.0005983601889379,en,angel
bachelor,0.0005983601889379,en,angel
acquaintance,0.0005983601889379,en,angel
suicidal,0.0005983601889379,en,angel
tub,0.00059558857745,en,angel
expand,0.00059558857745,en,angel
ceremony,0.00059558857745,en,angel
dull,0.00059558857745,en,angel
legend,0.00059558857745,en,angel
penny,0.00059558857745,en,angel
transfer,0.0005952169262885,en,angel
naked,0.0005952169262885,en,angel
quantum,0.0005938927231754,en,angel
unheard,0.0005938927231754,en,angel
kudo,0.0005938927231754,en,angel
coope,0.0005938927231754,en,angel
distort,0.0005938927231754,en,angel
kettle,0.0005938927231754,en,angel
voyage,0.0005938927231754,en,angel
sow,0.0005938927231754,en,angel
randall,0.0005938927231754,en,angel
pager,0.0005938927231754,en,angel
literal,0.0005938927231754,en,angel
tug,0.0005938927231754,en,angel
sewage,0.0005938927231754,en,angel
sequence,0.0005925310592536,en,angel
contractor,0.0005925310592536,en,angel
cargo,0.0005925310592536,en,angel
smuggle,0.0005925310592536,en,angel
thug,0.0005925310592536,en,angel
industrial,0.0005925310592536,en,angel
disappearance,0.0005925310592536,en,angel
echo,0.0005925310592536,en,angel
faithful,0.0005925310592536,en,angel
broker,0.0005925310592536,en,angel
dragon,0.0005925310592536,en,angel
highlight,0.0005925310592536,en,angel
pond,0.0005925310592536,en,angel
poetry,0.0005925310592536,en,angel
ernesto,0.0005908530801022,en,angel
icing,0.0005908530801022,en,angel
unfairly,0.0005908530801022,en,angel
receptacle,0.0005908530801022,en,angel
chopin,0.0005908530801022,en,angel
demonize,0.0005908530801022,en,angel
crumpet,0.0005908530801022,en,angel
buckaroo,0.0005908530801022,en,angel
whooping,0.0005908530801022,en,angel
ebay,0.0005908530801022,en,angel
scamper,0.0005908530801022,en,angel
eminence,0.0005908530801022,en,angel
okeydokey,0.0005908530801022,en,angel
charlton,0.0005908530801022,en,angel
enchantment,0.0005908530801022,en,angel
ghb,0.0005908530801022,en,angel
prelude,0.0005908530801022,en,angel
hup,0.0005908530801022,en,angel
fortnight,0.0005908530801022,en,angel
viewpoint,0.0005908530801022,en,angel
concubine,0.0005908530801022,en,angel
thon,0.0005908530801022,en,angel
hidin,0.0005908530801022,en,angel
petrol,0.0005908530801022,en,angel
plucky,0.0005908530801022,en,angel
dally,0.0005908530801022,en,angel
fragrant,0.0005908530801022,en,angel
imbue,0.0005908530801022,en,angel
negotiate,0.0005905102348377,en,angel
polite,0.0005905102348377,en,angel
invest,0.0005905102348377,en,angel
technique,0.0005905102348377,en,angel
management,0.0005905102348377,en,angel
raw,0.0005905102348377,en,angel
recommend,0.0005904058870581,en,angel
keen,0.000586801577707,en,angel
tenth,0.000586801577707,en,angel
cleaner,0.000586801577707,en,angel
jog,0.000586801577707,en,angel
condemn,0.000586801577707,en,angel
initiative,0.000586801577707,en,angel
boulevard,0.0005861575011246,en,angel
submarine,0.0005861575011246,en,angel
whiff,0.0005861575011246,en,angel
mercede,0.0005861575011246,en,angel
regime,0.0005861575011246,en,angel
gadget,0.0005861575011246,en,angel
pesky,0.0005861575011246,en,angel
colorful,0.0005861575011246,en,angel
thai,0.0005861575011246,en,angel
planet,0.0005856404507815,en,angel
wedding,0.0005856404507815,en,angel
incredible,0.0005856404507815,en,angel
tense,0.0005854927121624,en,angel
scout,0.0005854927121624,en,angel
execute,0.0005854927121624,en,angel
mid,0.0005854927121624,en,angel
whereabouts,0.0005811683945402,en,angel
connected,0.0005811683945402,en,angel
bidding,0.0005811683945402,en,angel
void,0.0005811683945402,en,angel
restrain,0.0005811683945402,en,angel
southern,0.0005811683945402,en,angel
transmit,0.0005811683945402,en,angel
hazard,0.0005811683945402,en,angel
steer,0.0005811683945402,en,angel
clerk,0.0005811683945402,en,angel
sticky,0.0005811683945402,en,angel
distracted,0.0005811683945402,en,angel
defensive,0.0005811683945402,en,angel
oscar,0.0005811683945402,en,angel
dentist,0.0005811683945402,en,angel
curl,0.0005811683945402,en,angel
interview,0.000580919761046,en,angel
routine,0.0005805345698481,en,angel
county,0.0005805345698481,en,angel
rabbit,0.0005805345698481,en,angel
erase,0.0005805345698481,en,angel
planning,0.0005805345698481,en,angel
landscape,0.0005786532160505,en,angel
tummy,0.0005786532160505,en,angel
oatmeal,0.0005786532160505,en,angel
immortality,0.0005786532160505,en,angel
temporal,0.0005786532160505,en,angel
plum,0.0005786532160505,en,angel
catcher,0.0005786532160505,en,angel
mascot,0.0005786532160505,en,angel
pilate,0.0005786532160505,en,angel
going,0.0005786532160505,en,angel
kiddo,0.0005786532160505,en,angel
wide,0.0005762429853398,en,angel
episode,0.0005762429853398,en,angel
fashion,0.0005756344188324,en,angel
champagne,0.0005756344188324,en,angel
rely,0.0005756344188324,en,angel
deck,0.0005756344188324,en,angel
furious,0.0005756283261146,en,angel
scope,0.0005756283261146,en,angel
withdraw,0.0005756283261146,en,angel
strangle,0.0005756283261146,en,angel
logic,0.0005756283261146,en,angel
lounge,0.0005756283261146,en,angel
stripper,0.0005756283261146,en,angel
equation,0.0005756283261146,en,angel
creation,0.0005756283261146,en,angel
vacuum,0.0005756283261146,en,angel
turnin,0.0005748806899997,en,angel
addle,0.0005748806899997,en,angel
wicker,0.0005748806899997,en,angel
untapped,0.0005748806899997,en,angel
lister,0.0005748806899997,en,angel
rife,0.0005748806899997,en,angel
smooch,0.0005748806899997,en,angel
yucky,0.0005748806899997,en,angel
shopkeeper,0.0005748806899997,en,angel
flit,0.0005748806899997,en,angel
teat,0.0005748806899997,en,angel
maniacs,0.0005748806899997,en,angel
physiologically,0.0005748806899997,en,angel
hade,0.0005748806899997,en,angel
pomegranate,0.0005748806899997,en,angel
tenfold,0.0005748806899997,en,angel
nub,0.0005748806899997,en,angel
scamp,0.0005748806899997,en,angel
pico,0.0005748806899997,en,angel
regrettably,0.0005748806899997,en,angel
mystique,0.0005748806899997,en,angel
slaying,0.0005748806899997,en,angel
reanimate,0.0005748806899997,en,angel
charles,0.0005748806899997,en,angel
headed,0.0005748806899997,en,angel
wonderin,0.0005748806899997,en,angel
marriage,0.0005716093141702,en,angel
shoo,0.0005713664774041,en,angel
lifting,0.0005713664774041,en,angel
uhh,0.0005713664774041,en,angel
disability,0.0005713664774041,en,angel
exquisite,0.0005713664774041,en,angel
cellular,0.0005713664774041,en,angel
outgrow,0.0005713664774041,en,angel
boredom,0.0005713664774041,en,angel
makeover,0.0005713664774041,en,angel
allen,0.0005713664774041,en,angel
intestine,0.0005713664774041,en,angel
filing,0.0005713664774041,en,angel
drinker,0.0005713664774041,en,angel
fruit,0.0005707909182306,en,angel
competition,0.0005707909182306,en,angel
lake,0.0005707909182306,en,angel
previous,0.0005707909182306,en,angel
kidnapping,0.0005701783441049,en,angel
kindness,0.0005701783441049,en,angel
dice,0.0005701783441049,en,angel
asian,0.0005701783441049,en,angel
adjustment,0.0005701783441049,en,angel
coach,0.0005660027731333,en,angel
passion,0.0005660027731333,en,angel
exception,0.0005660027731333,en,angel
scar,0.0005660027731333,en,angel
bedtime,0.0005648155655584,en,angel
fuzzy,0.0005648155655584,en,angel
oath,0.0005648155655584,en,angel
greeting,0.0005648155655584,en,angel
itch,0.0005648155655584,en,angel
stale,0.0005642850265449,en,angel
calf,0.0005642850265449,en,angel
invaluable,0.0005642850265449,en,angel
howl,0.0005642850265449,en,angel
caterer,0.0005642850265449,en,angel
pillar,0.0005642850265449,en,angel
bearer,0.0005642850265449,en,angel
distributor,0.0005642850265449,en,angel
intoxicate,0.0005642850265449,en,angel
flank,0.0005642850265449,en,angel
align,0.0005642850265449,en,angel
thermal,0.0005642850265449,en,angel
conveniently,0.0005642850265449,en,angel
communication,0.0005612687325285,en,angel
roommate,0.0005612687325285,en,angel
tower,0.0005612687325285,en,angel
carefully,0.0005612687325285,en,angel
currently,0.0005612687325285,en,angel
lower,0.0005612687325285,en,angel
haunting,0.00056029904028,en,angel
whuppe,0.00056029904028,en,angel
equilibrium,0.00056029904028,en,angel
malevolent,0.00056029904028,en,angel
ocular,0.00056029904028,en,angel
ghostly,0.00056029904028,en,angel
sloth,0.00056029904028,en,angel
cabal,0.00056029904028,en,angel
melodrama,0.00056029904028,en,angel
hibernate,0.00056029904028,en,angel
heebie,0.00056029904028,en,angel
yada,0.00056029904028,en,angel
reuben,0.00056029904028,en,angel
sanchez,0.00056029904028,en,angel
otter,0.00056029904028,en,angel
pouty,0.00056029904028,en,angel
ethereal,0.00056029904028,en,angel
cleanly,0.00056029904028,en,angel
marginally,0.00056029904028,en,angel
pauper,0.00056029904028,en,angel
und,0.00056029904028,en,angel
smidge,0.00056029904028,en,angel
beady,0.00056029904028,en,angel
tangled,0.00056029904028,en,angel
mook,0.00056029904028,en,angel
luscious,0.00056029904028,en,angel
clanging,0.00056029904028,en,angel
squealing,0.00056029904028,en,angel
britche,0.00056029904028,en,angel
jefe,0.00056029904028,en,angel
exponential,0.00056029904028,en,angel
conviction,0.0005595372437362,en,angel
clearance,0.0005595372437362,en,angel
cheerleader,0.0005595372437362,en,angel
prostitute,0.0005595372437362,en,angel
sheep,0.0005595372437362,en,angel
relaxed,0.0005595372437362,en,angel
paranoia,0.0005595372437362,en,angel
gravity,0.0005595372437362,en,angel
understandable,0.0005595372437362,en,angel
ninja,0.0005573976126552,en,angel
helper,0.0005573976126552,en,angel
dealing,0.0005573976126552,en,angel
makin,0.0005573976126552,en,angel
synthetic,0.0005573976126552,en,angel
marshmallow,0.0005573976126552,en,angel
symbolic,0.0005573976126552,en,angel
socket,0.0005573976126552,en,angel
floss,0.0005573976126552,en,angel
edgy,0.0005573976126552,en,angel
homicidal,0.0005573976126552,en,angel
appetizer,0.0005573976126552,en,angel
confident,0.0005565875873388,en,angel
teenager,0.0005565875873388,en,angel
tragic,0.0005565875873388,en,angel
fridge,0.0005565875873388,en,angel
warrant,0.0005565875873388,en,angel
armor,0.0005543407596653,en,angel
lightly,0.0005543407596653,en,angel
ace,0.0005543407596653,en,angel
wit,0.0005543407596653,en,angel
laughter,0.0005543407596653,en,angel
mentally,0.0005543407596653,en,angel
consistent,0.0005543407596653,en,angel
session,0.0005519581685689,en,angel
bounce,0.0005519581685689,en,angel
locker,0.0005519581685689,en,angel
jumbo,0.0005506938852052,en,angel
domain,0.0005506938852052,en,angel
holler,0.0005506938852052,en,angel
wager,0.0005506938852052,en,angel
royalty,0.0005506938852052,en,angel
childbirth,0.0005506938852052,en,angel
blessed,0.0005506938852052,en,angel
fundraiser,0.0005506938852052,en,angel
viewer,0.0005506938852052,en,angel
dire,0.0005506938852052,en,angel
cockroach,0.0005506938852052,en,angel
grudge,0.0005492236143352,en,angel
foolish,0.0005492236143352,en,angel
humble,0.0005492236143352,en,angel
loosen,0.0005492236143352,en,angel
salesman,0.0005492236143352,en,angel
innocence,0.0005492236143352,en,angel
cliff,0.0005492236143352,en,angel
groom,0.0005492236143352,en,angel
teen,0.0005492236143352,en,angel
mum,0.0005492236143352,en,angel
lethal,0.0005492236143352,en,angel
headline,0.0005492236143352,en,angel
outta,0.0005473793455524,en,angel
minor,0.0005473793455524,en,angel
swim,0.0005473793455524,en,angel
product,0.0005473793455524,en,angel
escort,0.0005473793455524,en,angel
emotional,0.0005473793455524,en,angel
charming,0.0005473793455524,en,angel
spaz,0.0005468852228425,en,angel
appraise,0.0005468852228425,en,angel
swine,0.0005468852228425,en,angel
divinity,0.0005468852228425,en,angel
notjust,0.0005468852228425,en,angel
flog,0.0005468852228425,en,angel
sheesh,0.0005468852228425,en,angel
kamikaze,0.0005468852228425,en,angel
ick,0.0005468852228425,en,angel
housegu,0.0005468852228425,en,angel
transcendent,0.0005468852228425,en,angel
glum,0.0005468852228425,en,angel
venomous,0.0005468852228425,en,angel
overgrown,0.0005468852228425,en,angel
daiquiris,0.0005468852228425,en,angel
chewy,0.0005468852228425,en,angel
labored,0.0005468852228425,en,angel
aggressor,0.0005468852228425,en,angel
deserter,0.0005468852228425,en,angel
clergy,0.0005468852228425,en,angel
mcdonald,0.0005468852228425,en,angel
recluse,0.0005468852228425,en,angel
harbor,0.0005441834214812,en,angel
thigh,0.0005441834214812,en,angel
slim,0.0005441834214812,en,angel
precaution,0.0005441834214812,en,angel
facial,0.0005441834214812,en,angel
ape,0.0005441643003888,en,angel
capability,0.0005441643003888,en,angel
madman,0.0005441643003888,en,angel
pushy,0.0005441643003888,en,angel
matrix,0.0005441643003888,en,angel
dense,0.0005441643003888,en,angel
gravy,0.0005441643003888,en,angel
offspring,0.0005441643003888,en,angel
handshake,0.0005441643003888,en,angel
healer,0.0005441643003888,en,angel
bodily,0.0005441643003888,en,angel
dusty,0.0005441643003888,en,angel
disco,0.0005441643003888,en,angel
horrify,0.0005441643003888,en,angel
terrify,0.0005428500242948,en,angel
height,0.0005428500242948,en,angel
sand,0.0005428500242948,en,angel
therapy,0.0005428500242948,en,angel
sketch,0.000539217900903,en,angel
curiosity,0.000539217900903,en,angel
perfume,0.000539217900903,en,angel
wealthy,0.000539217900903,en,angel
handcuff,0.000539217900903,en,angel
notify,0.000539217900903,en,angel
musical,0.000539217900903,en,angel
shallow,0.000539217900903,en,angel
paranoid,0.0005383691459043,en,angel
movement,0.0005383691459043,en,angel
invent,0.0005383691459043,en,angel
traveler,0.000537800039407,en,angel
donkey,0.000537800039407,en,angel
preservation,0.000537800039407,en,angel
matthew,0.000537800039407,en,angel
misplace,0.000537800039407,en,angel
annie,0.000537800039407,en,angel
softly,0.000537800039407,en,angel
purge,0.000537800039407,en,angel
conventional,0.000537800039407,en,angel
abide,0.000537800039407,en,angel
flamethrower,0.0005344659676971,en,angel
noticeable,0.0005344659676971,en,angel
twit,0.0005344659676971,en,angel
twisting,0.0005344659676971,en,angel
corrupted,0.0005344659676971,en,angel
peeper,0.0005344659676971,en,angel
chivalrous,0.0005344659676971,en,angel
saunder,0.0005344659676971,en,angel
singin,0.0005344659676971,en,angel
aaah,0.0005344659676971,en,angel
eureka,0.0005344659676971,en,angel
meld,0.0005344659676971,en,angel
decidedly,0.0005344659676971,en,angel
unchanged,0.0005344659676971,en,angel
rupert,0.0005344659676971,en,angel
readily,0.0005344659676971,en,angel
seasick,0.0005344659676971,en,angel
crabby,0.0005344659676971,en,angel
bluebird,0.0005344659676971,en,angel
pickin,0.0005344659676971,en,angel
youngster,0.0005344659676971,en,angel
cred,0.0005344659676971,en,angel
revel,0.0005344659676971,en,angel
daredevil,0.0005344659676971,en,angel
enormously,0.0005344659676971,en,angel
challenger,0.0005344659676971,en,angel
farce,0.0005344659676971,en,angel
sinful,0.0005344659676971,en,angel
kiwi,0.0005344659676971,en,angel
oriental,0.0005344659676971,en,angel
tussle,0.0005344659676971,en,angel
slosh,0.0005344659676971,en,angel
prophylactic,0.0005344659676971,en,angel
seorita,0.0005344659676971,en,angel
afoot,0.0005344659676971,en,angel
jogging,0.0005344659676971,en,angel
seedy,0.0005344659676971,en,angel
dodgy,0.0005344659676971,en,angel
endlessly,0.0005344659676971,en,angel
chowder,0.0005344659676971,en,angel
polka,0.0005344659676971,en,angel
wanting,0.0005344659676971,en,angel
scrape,0.0005343248722704,en,angel
pony,0.0005343248722704,en,angel
independent,0.0005343248722704,en,angel
inevitable,0.0005343248722704,en,angel
grenade,0.0005343248722704,en,angel
lieutenant,0.0005343248722704,en,angel
shade,0.0005343248722704,en,angel
pitch,0.000533935685106,en,angel
reverse,0.000533935685106,en,angel
devotion,0.0005315929368432,en,angel
stairwell,0.0005315929368432,en,angel
sandy,0.0005315929368432,en,angel
gigantic,0.0005315929368432,en,angel
idle,0.0005315929368432,en,angel
minus,0.0005315929368432,en,angel
betty,0.0005315929368432,en,angel
cheesy,0.0005315929368432,en,angel
motivated,0.0005315929368432,en,angel
knack,0.0005315929368432,en,angel
tart,0.0005315929368432,en,angel
disk,0.0005315929368432,en,angel
tank,0.0005295486488339,en,angel
facility,0.0005295486488339,en,angel
zone,0.0005295486488339,en,angel
collection,0.0005295486488339,en,angel
float,0.0005295486488339,en,angel
mister,0.0005295022493745,en,angel
haircut,0.0005295022493745,en,angel
razor,0.0005295022493745,en,angel
finance,0.0005295022493745,en,angel
decorate,0.0005295022493745,en,angel
lunatic,0.0005295022493745,en,angel
willie,0.0005255354176707,en,angel
calculation,0.0005255354176707,en,angel
sinner,0.0005255354176707,en,angel
touchy,0.0005255354176707,en,angel
outlaw,0.0005255354176707,en,angel
claire,0.0005255354176707,en,angel
knit,0.0005255354176707,en,angel
buffalo,0.0005255354176707,en,angel
vend,0.0005255354176707,en,angel
decrease,0.0005255354176707,en,angel
barricade,0.0005255354176707,en,angel
forced,0.0005255354176707,en,angel
coconut,0.0005255354176707,en,angel
ingest,0.0005255354176707,en,angel
toilet,0.0005252070748955,en,angel
engage,0.0005252070748955,en,angel
sexual,0.0005252070748955,en,angel
necklace,0.0005247480347876,en,angel
convict,0.0005247480347876,en,angel
terrified,0.0005247480347876,en,angel
bully,0.0005247480347876,en,angel
skirt,0.0005247480347876,en,angel
naive,0.0005247480347876,en,angel
intact,0.0005247480347876,en,angel
bloodlust,0.0005229039177677,en,angel
teleport,0.0005229039177677,en,angel
bringer,0.0005229039177677,en,angel
telltale,0.0005229039177677,en,angel
badd,0.0005229039177677,en,angel
slurp,0.0005229039177677,en,angel
nobility,0.0005229039177677,en,angel
unreachable,0.0005229039177677,en,angel
quibble,0.0005229039177677,en,angel
liquefy,0.0005229039177677,en,angel
sparrow,0.0005229039177677,en,angel
romanian,0.0005229039177677,en,angel
subatomic,0.0005229039177677,en,angel
brewing,0.0005229039177677,en,angel
subtly,0.0005229039177677,en,angel
blaring,0.0005229039177677,en,angel
pinata,0.0005229039177677,en,angel
ritualistic,0.0005229039177677,en,angel
brutalize,0.0005229039177677,en,angel
hanky,0.0005229039177677,en,angel
misdirection,0.0005229039177677,en,angel
flay,0.0005229039177677,en,angel
foretell,0.0005229039177677,en,angel
soulful,0.0005229039177677,en,angel
patiently,0.0005229039177677,en,angel
hacksaw,0.0005229039177677,en,angel
nourishment,0.0005229039177677,en,angel
weakly,0.0005229039177677,en,angel
posturing,0.0005229039177677,en,angel
arrangement,0.0005209100307054,en,angel
someday,0.0005209100307054,en,angel
brief,0.0005209100307054,en,angel
homework,0.0005209100307054,en,angel
goal,0.0005209100307054,en,angel
electronic,0.0005200603148956,en,angel
danny,0.0005200603148956,en,angel
testify,0.0005200603148956,en,angel
liver,0.0005200603148956,en,angel
cord,0.0005200603148956,en,angel
bacon,0.0005200603148956,en,angel
exploit,0.0005200603148956,en,angel
raid,0.0005200603148956,en,angel
seduce,0.0005200603148956,en,angel
analysis,0.0005200603148956,en,angel
elder,0.0005196204416726,en,angel
unreliable,0.0005196204416726,en,angel
platter,0.0005196204416726,en,angel
blurry,0.0005196204416726,en,angel
tat,0.0005196204416726,en,angel
loneliness,0.0005196204416726,en,angel
pinpoint,0.0005196204416726,en,angel
harness,0.0005196204416726,en,angel
pastry,0.0005196204416726,en,angel
plunge,0.0005196204416726,en,angel
insult,0.0005166566120826,en,angel
military,0.0005166566120826,en,angel
halfway,0.0005166566120826,en,angel
encounter,0.0005154372552737,en,angel
overcome,0.0005154372552737,en,angel
zoo,0.0005154372552737,en,angel
lawn,0.0005154372552737,en,angel
billion,0.0005138414542532,en,angel
virtue,0.0005138414542532,en,angel
tacky,0.0005138414542532,en,angel
equivalent,0.0005138414542532,en,angel
steep,0.0005138414542532,en,angel
rating,0.0005138414542532,en,angel
assassinate,0.0005138414542532,en,angel
insure,0.0005138414542532,en,angel
disarm,0.0005138414542532,en,angel
surgical,0.0005138414542532,en,angel
craving,0.0005138414542532,en,angel
loathe,0.0005138414542532,en,angel
waffle,0.0005138414542532,en,angel
groove,0.0005138414542532,en,angel
bowl,0.0005124459421089,en,angel
duh,0.0005120883423657,en,angel
fraid,0.0005120883423657,en,angel
sickly,0.0005120883423657,en,angel
costly,0.0005120883423657,en,angel
vivian,0.0005120883423657,en,angel
hindu,0.0005120883423657,en,angel
bungee,0.0005120883423657,en,angel
convulse,0.0005120883423657,en,angel
siamese,0.0005120883423657,en,angel
flux,0.0005120883423657,en,angel
compost,0.0005120883423657,en,angel
merciless,0.0005120883423657,en,angel
wanker,0.0005120883423657,en,angel
curt,0.0005120883423657,en,angel
archaeologist,0.0005120883423657,en,angel
soiree,0.0005120883423657,en,angel
lama,0.0005120883423657,en,angel
smackdown,0.0005120883423657,en,angel
mumbling,0.0005120883423657,en,angel
chipmunk,0.0005120883423657,en,angel
ether,0.0005120883423657,en,angel
maintenance,0.000510877096376,en,angel
temper,0.000510877096376,en,angel
satellite,0.000510877096376,en,angel
fort,0.000510877096376,en,angel
capacity,0.000510877096376,en,angel
attend,0.0005082771700438,en,angel
pizza,0.0005082771700438,en,angel
divorce,0.0005082771700438,en,angel
background,0.0005082771700438,en,angel
screen,0.0005082771700438,en,angel
refer,0.0005082771700438,en,angel
diagnostic,0.0005081923427765,en,angel
courtroom,0.0005081923427765,en,angel
intel,0.0005081923427765,en,angel
puncture,0.0005081923427765,en,angel
kneel,0.0005081923427765,en,angel
attacker,0.0005081923427765,en,angel
lazy,0.0005063781495156,en,angel
donate,0.0005063781495156,en,angel
mall,0.0005063781495156,en,angel
rig,0.0005063781495156,en,angel
executive,0.0005063781495156,en,angel
flaw,0.0005063781495156,en,angel
chin,0.0005063781495156,en,angel
excitement,0.0005063781495156,en,angel
mob,0.0005063781495156,en,angel
counsel,0.0005063781495156,en,angel
convenient,0.0005063781495156,en,angel
limit,0.0005041494702924,en,angel
daniel,0.0005026673977046,en,angel
surge,0.0005026673977046,en,angel
downside,0.0005026673977046,en,angel
beacon,0.0005026673977046,en,angel
sneeze,0.0005026673977046,en,angel
reign,0.0005026673977046,en,angel
spree,0.0005026673977046,en,angel
circuit,0.0005019387931094,en,angel
illusion,0.0005019387931094,en,angel
mayor,0.0005019387931094,en,angel
barrel,0.0005019387931094,en,angel
intimate,0.0005019387931094,en,angel
promotion,0.0005019387931094,en,angel
detect,0.0005019387931094,en,angel
homely,0.0005019286709491,en,angel
showin,0.0005019286709491,en,angel
multitaske,0.0005019286709491,en,angel
standin,0.0005019286709491,en,angel
mistrial,0.0005019286709491,en,angel
cucumber,0.0005019286709491,en,angel
famish,0.0005019286709491,en,angel
colonic,0.0005019286709491,en,angel
hopin,0.0005019286709491,en,angel
cynthia,0.0005019286709491,en,angel
evident,0.0005019286709491,en,angel
signify,0.0005019286709491,en,angel
rollin,0.0005019286709491,en,angel
arterial,0.0005019286709491,en,angel
schoolyard,0.0005019286709491,en,angel
depp,0.0005019286709491,en,angel
diva,0.0005019286709491,en,angel
getter,0.0005019286709491,en,angel
chakra,0.0005019286709491,en,angel
tasting,0.0005019286709491,en,angel
carlson,0.0005019286709491,en,angel
lizzie,0.0005019286709491,en,angel
gloomy,0.0005019286709491,en,angel
deterioration,0.0005019286709491,en,angel
titan,0.0005019286709491,en,angel
thee,0.0005019286709491,en,angel
greene,0.0005019286709491,en,angel
clattering,0.0005019286709491,en,angel
sincerity,0.0005019286709491,en,angel
lapel,0.0005019286709491,en,angel
killin,0.0005019286709491,en,angel
insurance,0.0005000620414245,en,angel
hopefully,0.0005000620414245,en,angel
worker,0.0005000620414245,en,angel
telephone,0.0004975574691695,en,angel
celebration,0.0004975574691695,en,angel
puke,0.0004975574691695,en,angel
mutual,0.0004975574691695,en,angel
dismiss,0.0004975574691695,en,angel
campaign,0.0004975574691695,en,angel
electric,0.0004975574691695,en,angel
circus,0.0004975574691695,en,angel
vow,0.0004975574691695,en,angel
international,0.0004975574691695,en,angel
jumpy,0.0004972612779158,en,angel
hassle,0.0004972612779158,en,angel
educational,0.0004972612779158,en,angel
hive,0.0004972612779158,en,angel
remark,0.0004972612779158,en,angel
plumber,0.0004972612779158,en,angel
digit,0.0004972612779158,en,angel
pyramid,0.0004972612779158,en,angel
inheritance,0.0004972612779158,en,angel
intimacy,0.0004972612779158,en,angel
beverage,0.0004972612779158,en,angel
questionable,0.0004972612779158,en,angel
racist,0.0004972612779158,en,angel
tribute,0.0004972612779158,en,angel
glamorous,0.0004972612779158,en,angel
companion,0.0004972612779158,en,angel
kevin,0.0004972612779158,en,angel
authentic,0.0004972612779158,en,angel
flip,0.0004960141052404,en,angel
visitor,0.0004960141052404,en,angel
pot,0.0004960141052404,en,angel
privacy,0.0004960141052404,en,angel
survivor,0.0004932326800208,en,angel
blade,0.0004932326800208,en,angel
shelf,0.0004932326800208,en,angel
accent,0.0004932326800208,en,angel
foul,0.0004932326800208,en,angel
hunch,0.0004932326800208,en,angel
bitter,0.0004932326800208,en,angel
sinister,0.0004923498779454,en,angel
valiant,0.0004923498779454,en,angel
outward,0.0004923498779454,en,angel
audible,0.0004923498779454,en,angel
repossess,0.0004923498779454,en,angel
digestion,0.0004923498779454,en,angel
emmy,0.0004923498779454,en,angel
adrenal,0.0004923498779454,en,angel
serena,0.0004923498779454,en,angel
willed,0.0004923498779454,en,angel
persecution,0.0004923498779454,en,angel
lifeless,0.0004923498779454,en,angel
misconception,0.0004923498779454,en,angel
muppet,0.0004923498779454,en,angel
itty,0.0004923498779454,en,angel
wow,0.0004923498779454,en,angel
pathogen,0.0004923498779454,en,angel
vacancy,0.0004923498779454,en,angel
disprove,0.0004923498779454,en,angel
tryst,0.0004923498779454,en,angel
depose,0.0004923498779454,en,angel
smurf,0.0004923498779454,en,angel
sweeten,0.0004923498779454,en,angel
diego,0.0004923498779454,en,angel
scoundrel,0.0004923498779454,en,angel
twitchy,0.0004923498779454,en,angel
hex,0.0004923498779454,en,angel
loosely,0.0004923498779454,en,angel
model,0.0004920049058817,en,angel
psychiatric,0.0004919689796735,en,angel
poet,0.0004919689796735,en,angel
relieved,0.0004919689796735,en,angel
ambassador,0.0004919689796735,en,angel
cozy,0.0004919689796735,en,angel
pod,0.0004919689796735,en,angel
compass,0.0004919689796735,en,angel
obey,0.0004919689796735,en,angel
dart,0.0004919689796735,en,angel
bout,0.0004889629852272,en,angel
protective,0.0004889629852272,en,angel
reserve,0.0004889629852272,en,angel
peek,0.0004889629852272,en,angel
accurate,0.0004889629852272,en,angel
surrender,0.0004889629852272,en,angel
backwards,0.0004889629852272,en,angel
march,0.0004889629852272,en,angel
develop,0.0004880337089846,en,angel
nurse,0.0004880337089846,en,angel
powerless,0.0004867858087964,en,angel
separately,0.0004867858087964,en,angel
ranch,0.0004867858087964,en,angel
patent,0.0004867858087964,en,angel
evaluate,0.0004867858087964,en,angel
truce,0.0004867858087964,en,angel
drama,0.0004847469987117,en,angel
jaw,0.0004847469987117,en,angel
cart,0.0004847469987117,en,angel
bolt,0.0004847469987117,en,angel
poster,0.0004847469987117,en,angel
fully,0.0004840998008717,en,angel
gain,0.0004840998008717,en,angel
site,0.0004840998008717,en,angel
holdin,0.0004832891170523,en,angel
catatonic,0.0004832891170523,en,angel
rosy,0.0004832891170523,en,angel
inaudible,0.0004832891170523,en,angel
chafe,0.0004832891170523,en,angel
cesspool,0.0004832891170523,en,angel
emerald,0.0004832891170523,en,angel
wilshire,0.0004832891170523,en,angel
decor,0.0004832891170523,en,angel
skeptic,0.0004832891170523,en,angel
hombre,0.0004832891170523,en,angel
schoolboy,0.0004832891170523,en,angel
cower,0.0004832891170523,en,angel
dribble,0.0004832891170523,en,angel
chanel,0.0004832891170523,en,angel
atmospheric,0.0004832891170523,en,angel
parasitic,0.0004832891170523,en,angel
sect,0.0004832891170523,en,angel
telepathy,0.0004832891170523,en,angel
retch,0.0004832891170523,en,angel
tether,0.0004832891170523,en,angel
freakishly,0.0004832891170523,en,angel
bon,0.0004832891170523,en,angel
heartless,0.0004817073556385,en,angel
producer,0.0004817073556385,en,angel
digest,0.0004817073556385,en,angel
jazz,0.0004817073556385,en,angel
fierce,0.0004817073556385,en,angel
representative,0.0004817073556385,en,angel
unnatural,0.0004817073556385,en,angel
senator,0.0004817073556385,en,angel
definite,0.0004817073556385,en,angel
preach,0.0004817073556385,en,angel
nowadays,0.0004817073556385,en,angel
dine,0.0004817073556385,en,angel
clip,0.000480583386055,en,angel
belief,0.000480583386055,en,angel
vital,0.000480583386055,en,angel
adventure,0.000480583386055,en,angel
rack,0.000480583386055,en,angel
blink,0.000480583386055,en,angel
conduct,0.000480583386055,en,angel
american,0.0004802024877831,en,angel
sorrow,0.0004767294725486,en,angel
frat,0.0004767294725486,en,angel
disgust,0.0004767294725486,en,angel
antibiotic,0.0004767294725486,en,angel
countless,0.0004767294725486,en,angel
frequent,0.0004767294725486,en,angel
jame,0.0004767294725486,en,angel
rocky,0.0004767294725486,en,angel
frightening,0.0004767294725486,en,angel
secondly,0.0004767294725486,en,angel
pry,0.0004767294725486,en,angel
showtime,0.0004767294725486,en,angel
humiliating,0.0004767294725486,en,angel
telling,0.0004767294725486,en,angel
kidnapper,0.0004767294725486,en,angel
quest,0.0004767294725486,en,angel
merchandise,0.0004767294725486,en,angel
salvage,0.0004767294725486,en,angel
unexpected,0.00047647086196,en,angel
distraction,0.00047647086196,en,angel
bean,0.00047647086196,en,angel
main,0.0004763410951418,en,angel
joyous,0.0004746932198534,en,angel
shockingly,0.0004746932198534,en,angel
usage,0.0004746932198534,en,angel
gilbert,0.0004746932198534,en,angel
carousel,0.0004746932198534,en,angel
omen,0.0004746932198534,en,angel
renounce,0.0004746932198534,en,angel
compadre,0.0004746932198534,en,angel
cowardice,0.0004746932198534,en,angel
mistreat,0.0004746932198534,en,angel
stint,0.0004746932198534,en,angel
eyeliner,0.0004746932198534,en,angel
ahhh,0.0004746932198534,en,angel
emptiness,0.0004746932198534,en,angel
glimmer,0.0004746932198534,en,angel
nosed,0.0004746932198534,en,angel
deviant,0.0004746932198534,en,angel
primo,0.0004746932198534,en,angel
affected,0.0004746932198534,en,angel
gander,0.0004746932198534,en,angel
mime,0.0004746932198534,en,angel
mis,0.0004746932198534,en,angel
lineage,0.0004746932198534,en,angel
tolerant,0.0004746932198534,en,angel
inquisition,0.0004746932198534,en,angel
spoil,0.0004724081878701,en,angel
strict,0.0004724081878701,en,angel
fingerprint,0.0004724081878701,en,angel
stash,0.0004724081878701,en,angel
transport,0.0004724081878701,en,angel
bud,0.0004724081878701,en,angel
crib,0.0004718482535174,en,angel
lining,0.0004718482535174,en,angel
hideous,0.0004718482535174,en,angel
ing,0.0004718482535174,en,angel
waiter,0.0004718482535174,en,angel
nail,0.0004687234646337,en,angel
survival,0.0004683941697299,en,angel
assistance,0.0004683941697299,en,angel
achieve,0.0004683941697299,en,angel
aim,0.0004683941697299,en,angel
hint,0.0004683941697299,en,angel
lecture,0.0004683941697299,en,angel
assign,0.0004683941697299,en,angel
ankle,0.0004683941697299,en,angel
recruit,0.0004683941697299,en,angel
stir,0.0004683941697299,en,angel
render,0.0004670600157639,en,angel
phil,0.0004670600157639,en,angel
endanger,0.0004670600157639,en,angel
babysitter,0.0004670600157639,en,angel
perception,0.0004670600157639,en,angel
flick,0.0004670600157639,en,angel
likewise,0.0004670600157639,en,angel
assessment,0.0004670600157639,en,angel
vegetarian,0.0004670600157639,en,angel
umbrella,0.0004670600157639,en,angel
assess,0.0004670600157639,en,angel
lust,0.0004670600157639,en,angel
bash,0.0004670600157639,en,angel
dim,0.0004670600157639,en,angel
classify,0.0004670600157639,en,angel
rundown,0.0004665168053626,en,angel
garment,0.0004665168053626,en,angel
unearth,0.0004665168053626,en,angel
starlet,0.0004665168053626,en,angel
memento,0.0004665168053626,en,angel
mucho,0.0004665168053626,en,angel
cheeky,0.0004665168053626,en,angel
lull,0.0004665168053626,en,angel
unthinkable,0.0004665168053626,en,angel
flair,0.0004665168053626,en,angel
shifty,0.0004665168053626,en,angel
yore,0.0004665168053626,en,angel
excellence,0.0004665168053626,en,angel
clipboard,0.0004665168053626,en,angel
rugged,0.0004665168053626,en,angel
eatin,0.0004665168053626,en,angel
mindless,0.0004665168053626,en,angel
coalition,0.0004665168053626,en,angel
unseemly,0.0004665168053626,en,angel
vowel,0.0004665168053626,en,angel
barren,0.0004665168053626,en,angel
physic,0.0004665168053626,en,angel
loony,0.0004665168053626,en,angel
ghostbuster,0.0004665168053626,en,angel
idolize,0.0004665168053626,en,angel
horde,0.0004665168053626,en,angel
mug,0.0004644276558785,en,angel
wreck,0.0004644276558785,en,angel
diet,0.0004644276558785,en,angel
bait,0.0004644276558785,en,angel
top,0.0004644276558785,en,angel
headache,0.0004644276558785,en,angel
accidentally,0.0004644276558785,en,angel
charlie,0.0004644276558785,en,angel
rookie,0.0004623612830431,en,angel
improvise,0.0004623612830431,en,angel
preferably,0.0004623612830431,en,angel
endure,0.0004623612830431,en,angel
spectacular,0.0004623612830431,en,angel
intern,0.0004623612830431,en,angel
baggage,0.0004623612830431,en,angel
clarity,0.0004623612830431,en,angel
behold,0.0004623612830431,en,angel
relive,0.0004623612830431,en,angel
substitute,0.0004623612830431,en,angel
immediate,0.0004605075350659,en,angel
laundry,0.0004605075350659,en,angel
hammer,0.0004605075350659,en,angel
explore,0.0004605075350659,en,angel
privilege,0.0004605075350659,en,angel
stole,0.0004605075350659,en,angel
holiday,0.0004605075350659,en,angel
scrounge,0.0004587208297509,en,angel
shutdown,0.0004587208297509,en,angel
slugger,0.0004587208297509,en,angel
frail,0.0004587208297509,en,angel
earnest,0.0004587208297509,en,angel
hateful,0.0004587208297509,en,angel
serpent,0.0004587208297509,en,angel
tammy,0.0004587208297509,en,angel
litigation,0.0004587208297509,en,angel
emission,0.0004587208297509,en,angel
bona,0.0004587208297509,en,angel
ernie,0.0004587208297509,en,angel
worldly,0.0004587208297509,en,angel
deplete,0.0004587208297509,en,angel
fide,0.0004587208297509,en,angel
zit,0.0004587208297509,en,angel
renegade,0.0004587208297509,en,angel
exhilarate,0.0004587208297509,en,angel
lonesome,0.0004587208297509,en,angel
foreclosure,0.0004587208297509,en,angel
oops,0.0004587208297509,en,angel
dread,0.0004577487704848,en,angel
conceive,0.0004577487704848,en,angel
empty,0.0004577487704848,en,angel
pende,0.0004577487704848,en,angel
sour,0.0004577487704848,en,angel
blackout,0.0004577487704848,en,angel
tin,0.0004577487704848,en,angel
cupcake,0.0004577487704848,en,angel
fianc,0.0004577487704848,en,angel
thankful,0.0004577487704848,en,angel
tolerance,0.0004577487704848,en,angel
desperate,0.0004575505855503,en,angel
shortly,0.0004566327345844,en,angel
organize,0.0004566327345844,en,angel
scatter,0.0004532193707993,en,angel
hamburger,0.0004532193707993,en,angel
overhear,0.0004532193707993,en,angel
rotten,0.0004532193707993,en,angel
occasional,0.0004532193707993,en,angel
cautious,0.0004532193707993,en,angel
notion,0.0004532193707993,en,angel
outrageous,0.0004532193707993,en,angel
fabric,0.0004532193707993,en,angel
tribe,0.0004532193707993,en,angel
pint,0.0004532193707993,en,angel
mold,0.0004532193707993,en,angel
crab,0.0004532193707993,en,angel
wrestle,0.0004532193707993,en,angel
creative,0.0004528022185067,en,angel
snow,0.0004528022185067,en,angel
complaint,0.0004528022185067,en,angel
eliminate,0.0004528022185067,en,angel
ill,0.0004528022185067,en,angel
mugging,0.0004512714587185,en,angel
physiological,0.0004512714587185,en,angel
rehabilitate,0.0004512714587185,en,angel
nifty,0.0004512714587185,en,angel
semantic,0.0004512714587185,en,angel
sovereign,0.0004512714587185,en,angel
blowout,0.0004512714587185,en,angel
carcass,0.0004512714587185,en,angel
stairway,0.0004512714587185,en,angel
lapd,0.0004512714587185,en,angel
aloud,0.0004512714587185,en,angel
emphasize,0.0004512714587185,en,angel
complexion,0.0004512714587185,en,angel
facade,0.0004512714587185,en,angel
unholy,0.0004512714587185,en,angel
innovative,0.0004512714587185,en,angel
nerdy,0.0004512714587185,en,angel
enzyme,0.0004512714587185,en,angel
uneven,0.0004512714587185,en,angel
boatload,0.0004512714587185,en,angel
colossal,0.0004512714587185,en,angel
sherman,0.0004512714587185,en,angel
assimilate,0.0004512714587185,en,angel
cuddly,0.0004512714587185,en,angel
croak,0.0004512714587185,en,angel
cactus,0.0004512714587185,en,angel
confer,0.0004512714587185,en,angel
walnut,0.0004512714587185,en,angel
maximize,0.0004512714587185,en,angel
sordid,0.0004512714587185,en,angel
blonde,0.0004490149860228,en,angel
modern,0.0004490149860228,en,angel
upper,0.0004490149860228,en,angel
miserable,0.0004490149860228,en,angel
television,0.0004490149860228,en,angel
photograph,0.0004490149860228,en,angel
vulnerable,0.0004490149860228,en,angel
artery,0.0004487701417034,en,angel
attraction,0.0004487701417034,en,angel
hustle,0.0004487701417034,en,angel
taxis,0.0004487701417034,en,angel
bam,0.0004487701417034,en,angel
dumpster,0.0004487701417034,en,angel
mentor,0.0004487701417034,en,angel
hump,0.0004487701417034,en,angel
brass,0.0004487701417034,en,angel
sew,0.0004487701417034,en,angel
jelly,0.0004487701417034,en,angel
interpret,0.0004487701417034,en,angel
surf,0.0004487701417034,en,angel
harvest,0.0004487701417034,en,angel
physically,0.0004452700698711,en,angel
commitment,0.0004452700698711,en,angel
tactic,0.0004443982944402,en,angel
spite,0.0004443982944402,en,angel
altogether,0.0004443982944402,en,angel
hike,0.0004443982944402,en,angel
conclude,0.0004443982944402,en,angel
memorize,0.0004443982944402,en,angel
objection,0.0004443982944402,en,angel
barge,0.0004443982944402,en,angel
sensor,0.0004443982944402,en,angel
radical,0.0004443982944402,en,angel
shocking,0.0004443982944402,en,angel
rhyme,0.0004443982944402,en,angel
collector,0.0004443982944402,en,angel
flyer,0.0004443982944402,en,angel
felony,0.0004443982944402,en,angel
doorway,0.0004443982944402,en,angel
bulb,0.0004443982944402,en,angel
avenue,0.0004443982944402,en,angel
verb,0.0004441391800311,en,angel
mack,0.0004441391800311,en,angel
moisture,0.0004441391800311,en,angel
dud,0.0004441391800311,en,angel
frosty,0.0004441391800311,en,angel
hardwood,0.0004441391800311,en,angel
inter,0.0004441391800311,en,angel
meow,0.0004441391800311,en,angel
grovel,0.0004441391800311,en,angel
tux,0.0004441391800311,en,angel
witchcraft,0.0004441391800311,en,angel
meditate,0.0004441391800311,en,angel
bosom,0.0004441391800311,en,angel
weary,0.0004441391800311,en,angel
benefactor,0.0004441391800311,en,angel
plaid,0.0004441391800311,en,angel
delicacy,0.0004441391800311,en,angel
scripture,0.0004441391800311,en,angel
parch,0.0004441391800311,en,angel
brainiac,0.0004441391800311,en,angel
prowl,0.0004441391800311,en,angel
remainder,0.0004441391800311,en,angel
stallion,0.0004441391800311,en,angel
demographic,0.0004441391800311,en,angel
devise,0.0004441391800311,en,angel
valium,0.0004441391800311,en,angel
caress,0.0004441391800311,en,angel
livin,0.0004441391800311,en,angel
multiple,0.0004415665348551,en,angel
chill,0.0004415665348551,en,angel
jam,0.0004415665348551,en,angel
fifth,0.0004415665348551,en,angel
reel,0.0004401011832802,en,angel
believer,0.0004401011832802,en,angel
appoint,0.0004401011832802,en,angel
import,0.0004401011832802,en,angel
dye,0.0004401011832802,en,angel
bathe,0.0004401011832802,en,angel
dwell,0.0004401011832802,en,angel
membership,0.0004401011832802,en,angel
uncover,0.0004401011832802,en,angel
walker,0.0004401011832802,en,angel
temporarily,0.0004401011832802,en,angel
plague,0.0004401011832802,en,angel
tragedy,0.0004379034764419,en,angel
confess,0.0004379034764419,en,angel
farm,0.0004379034764419,en,angel
task,0.0004379034764419,en,angel
garbage,0.0004379034764419,en,angel
ply,0.0004372980973412,en,angel
gouge,0.0004372980973412,en,angel
gladiator,0.0004372980973412,en,angel
hasty,0.0004372980973412,en,angel
broaden,0.0004372980973412,en,angel
crosse,0.0004372980973412,en,angel
thermostat,0.0004372980973412,en,angel
excel,0.0004372980973412,en,angel
locator,0.0004372980973412,en,angel
tavern,0.0004372980973412,en,angel
robinson,0.0004372980973412,en,angel
symphony,0.0004372980973412,en,angel
translator,0.0004372980973412,en,angel
techno,0.0004372980973412,en,angel
tasteful,0.0004372980973412,en,angel
jacuzzi,0.0004372980973412,en,angel
ammonia,0.0004372980973412,en,angel
nasal,0.0004372980973412,en,angel
misinterpret,0.0004372980973412,en,angel
schmuck,0.0004372980973412,en,angel
mushy,0.0004372980973412,en,angel
linear,0.0004372980973412,en,angel
dung,0.0004372980973412,en,angel
heartache,0.0004372980973412,en,angel
chateau,0.0004372980973412,en,angel
cheery,0.0004372980973412,en,angel
fingernail,0.0004358762959051,en,angel
shack,0.0004358762959051,en,angel
incoming,0.0004358762959051,en,angel
crank,0.0004358762959051,en,angel
premise,0.0004358762959051,en,angel
caller,0.0004358762959051,en,angel
barrier,0.0004358762959051,en,angel
strangely,0.0004358762959051,en,angel
approximately,0.0004358762959051,en,angel
occasion,0.0004342800194358,en,angel
prize,0.0004342800194358,en,angel
magazine,0.0004342800194358,en,angel
encourage,0.0004342800194358,en,angel
retire,0.0004342800194358,en,angel
chinese,0.0004342800194358,en,angel
pause,0.0004317212445859,en,angel
earring,0.0004317212445859,en,angel
consciousness,0.0004317212445859,en,angel
rep,0.0004317212445859,en,angel
grease,0.0004317212445859,en,angel
psychological,0.0004317212445859,en,angel
logical,0.0004317212445859,en,angel
ambition,0.0004317212445859,en,angel
evaluation,0.0004317212445859,en,angel
psychopath,0.0004317212445859,en,angel
ninth,0.0004317212445859,en,angel
housing,0.0004317212445859,en,angel
extension,0.0004317212445859,en,angel
lawsuit,0.0004317212445859,en,angel
disrupt,0.0004317212445859,en,angel
nachos,0.0004307253625937,en,angel
severance,0.0004307253625937,en,angel
proverbial,0.0004307253625937,en,angel
degradation,0.0004307253625937,en,angel
lingo,0.0004307253625937,en,angel
saver,0.0004307253625937,en,angel
grapefruit,0.0004307253625937,en,angel
derange,0.0004307253625937,en,angel
outright,0.0004307253625937,en,angel
toby,0.0004307253625937,en,angel
chum,0.0004307253625937,en,angel
widely,0.0004307253625937,en,angel
urinate,0.0004307253625937,en,angel
filling,0.0004307253625937,en,angel
uptown,0.0004307253625937,en,angel
groin,0.0004307253625937,en,angel
refreshing,0.0004307253625937,en,angel
aerial,0.0004307253625937,en,angel
inhabit,0.0004307253625937,en,angel
dual,0.0004307253625937,en,angel
missionary,0.0004307253625937,en,angel
ease,0.0004306953167234,en,angel
appropriate,0.0004306953167234,en,angel
status,0.0004306953167234,en,angel
hallway,0.0004306953167234,en,angel
bread,0.0004306953167234,en,angel
inviolate,0.000430283961556,en,angel
blinnikov,0.000430283961556,en,angel
periph,0.000430283961556,en,angel
cyopian,0.000430283961556,en,angel
absotively,0.000430283961556,en,angel
dirichlet,0.000430283961556,en,angel
inquisitori,0.000430283961556,en,angel
mewing,0.000430283961556,en,angel
strada,0.000430283961556,en,angel
aparanoid,0.000430283961556,en,angel
extralegal,0.000430283961556,en,angel
gho,0.000430283961556,en,angel
cavegirl,0.000430283961556,en,angel
fritzberg,0.000430283961556,en,angel
oftorment,0.000430283961556,en,angel
regala,0.000430283961556,en,angel
benvenuto,0.000430283961556,en,angel
ilona,0.000430283961556,en,angel
dradian,0.000430283961556,en,angel
vendrig,0.000430283961556,en,angel
evitable,0.000430283961556,en,angel
urazan,0.000430283961556,en,angel
arepare,0.000430283961556,en,angel
battlebrand,0.000430283961556,en,angel
lornette,0.000430283961556,en,angel
topkapi,0.000430283961556,en,angel
anyhow,0.000430283961556,en,angel
swingy,0.000430283961556,en,angel
homicidalus,0.000430283961556,en,angel
ostrosky,0.000430283961556,en,angel
miserly,0.000430283961556,en,angel
speciesist,0.000430283961556,en,angel
baracci,0.000430283961556,en,angel
birdier,0.000430283961556,en,angel
crunchable,0.000430283961556,en,angel
daharim,0.000430283961556,en,angel
berating,0.000430283961556,en,angel
mingly,0.000430283961556,en,angel
moper,0.000430283961556,en,angel
grathnar,0.000430283961556,en,angel
boneage,0.000430283961556,en,angel
froofy,0.000430283961556,en,angel
rodentius,0.000430283961556,en,angel
splittingly,0.000430283961556,en,angel
cavelike,0.000430283961556,en,angel
mithroc,0.000430283961556,en,angel
figurin,0.000430283961556,en,angel
reinterpreter,0.000430283961556,en,angel
halberd,0.000430283961556,en,angel
chillingly,0.000430283961556,en,angel
hypnogogic,0.000430283961556,en,angel
gic,0.000430283961556,en,angel
majnu,0.000430283961556,en,angel
lacma,0.000430283961556,en,angel
chelicerae,0.000430283961556,en,angel
yuckiness,0.000430283961556,en,angel
phisto,0.000430283961556,en,angel
murrow,0.000430283961556,en,angel
granok,0.000430283961556,en,angel
demonicus,0.000430283961556,en,angel
pergamum,0.000430283961556,en,angel
swizzly,0.000430283961556,en,angel
surrealism,0.000430283961556,en,angel
bioplasmic,0.000430283961556,en,angel
stokely,0.000430283961556,en,angel
sahjhan,0.000430283961556,en,angel
friz,0.000430283961556,en,angel
memoe,0.000430283961556,en,angel
langella,0.000430283961556,en,angel
shriva,0.000430283961556,en,angel
nonhuman,0.000430283961556,en,angel
frophla,0.000430283961556,en,angel
sacri,0.000430283961556,en,angel
shouty,0.000430283961556,en,angel
overloading,0.000430283961556,en,angel
leakin,0.000430283961556,en,angel
mutari,0.000430283961556,en,angel
gushin,0.000430283961556,en,angel
pinderhook,0.000430283961556,en,angel
undertalented,0.000430283961556,en,angel
tarfall,0.000430283961556,en,angel
allspice,0.000430283961556,en,angel
polysyllabic,0.000430283961556,en,angel
voddy,0.000430283961556,en,angel
nanjin,0.000430283961556,en,angel
shushan,0.000430283961556,en,angel
phygian,0.000430283961556,en,angel
honchos,0.000430283961556,en,angel
engorged,0.000430283961556,en,angel
stinkhole,0.000430283961556,en,angel
matthias,0.000430283961556,en,angel
maintena,0.000430283961556,en,angel
atistrata,0.000430283961556,en,angel
ugaric,0.000430283961556,en,angel
dramarama,0.000430283961556,en,angel
bandaging,0.000430283961556,en,angel
stiffener,0.000430283961556,en,angel
newsgroup,0.000430283961556,en,angel
haber,0.000430283961556,en,angel
geektoid,0.000430283961556,en,angel
pysch,0.000430283961556,en,angel
complected,0.000430283961556,en,angel
liquigel,0.000430283961556,en,angel
roscomere,0.000430283961556,en,angel
prothgarian,0.000430283961556,en,angel
sancteus,0.000430283961556,en,angel
faulknerian,0.000430283961556,en,angel
humanizing,0.000430283961556,en,angel
piasca,0.000430283961556,en,angel
reichler,0.000430283961556,en,angel
goethe,0.000430283961556,en,angel
raglan,0.000430283961556,en,angel
taebo,0.000430283961556,en,angel
nothian,0.000430283961556,en,angel
shmoccult,0.000430283961556,en,angel
unconservative,0.000430283961556,en,angel
faboo,0.000430283961556,en,angel
antechamber,0.000430283961556,en,angel
grooey,0.000430283961556,en,angel
demoness,0.000430283961556,en,angel
yarbie,0.000430283961556,en,angel
yelsew,0.000430283961556,en,angel
visitjust,0.000430283961556,en,angel
gripmack,0.000430283961556,en,angel
weaknesse,0.000430283961556,en,angel
talamour,0.000430283961556,en,angel
transude,0.000430283961556,en,angel
turgid,0.000430283961556,en,angel
gatbar,0.000430283961556,en,angel
clampy,0.000430283961556,en,angel
spitey,0.000430283961556,en,angel
fallorian,0.000430283961556,en,angel
craiger,0.000430283961556,en,angel
fortresse,0.000430283961556,en,angel
ofjust,0.000430283961556,en,angel
pajaur,0.000430283961556,en,angel
tvbeep,0.000430283961556,en,angel
procrea,0.000430283961556,en,angel
miliken,0.000430283961556,en,angel
crax,0.000430283961556,en,angel
mentalie,0.000430283961556,en,angel
deferment,0.000430283961556,en,angel
barricading,0.000430283961556,en,angel
ditsi,0.000430283961556,en,angel
angelfood,0.000430283961556,en,angel
roundin,0.000430283961556,en,angel
coachman,0.000430283961556,en,angel
ahab,0.000430283961556,en,angel
throg,0.000430283961556,en,angel
panicking,0.000430283961556,en,angel
carnyss,0.000430283961556,en,angel
yarbnie,0.000430283961556,en,angel
gad,0.000430283961556,en,angel
hotliness,0.000430283961556,en,angel
yorkshireman,0.000430283961556,en,angel
swaggering,0.000430283961556,en,angel
noncorporeal,0.000430283961556,en,angel
disapparate,0.000430283961556,en,angel
lanterman,0.000430283961556,en,angel
danbeetle,0.000430283961556,en,angel
ofjenga,0.000430283961556,en,angel
yammerer,0.000430283961556,en,angel
goldeny,0.000430283961556,en,angel
soule,0.000430283961556,en,angel
souled,0.000430283961556,en,angel
succubitch,0.000430283961556,en,angel
shutting,0.000430283961556,en,angel
slumberland,0.000430283961556,en,angel
hutamin,0.000430283961556,en,angel
rebleede,0.000430283961556,en,angel
effluvia,0.000430283961556,en,angel
karathmamanyuhg,0.000430283961556,en,angel
goading,0.000430283961556,en,angel
irredeemably,0.000430283961556,en,angel
unjudge,0.000430283961556,en,angel
lyri,0.000430283961556,en,angel
buckethead,0.000430283961556,en,angel
fudgicle,0.000430283961556,en,angel
cravenly,0.000430283961556,en,angel
hurling,0.000430283961556,en,angel
recriminate,0.000430283961556,en,angel
vention,0.000430283961556,en,angel
psychedelia,0.000430283961556,en,angel
tahval,0.000430283961556,en,angel
voynok,0.000430283961556,en,angel
sluks,0.000430283961556,en,angel
dianthia,0.000430283961556,en,angel
iphigenia,0.000430283961556,en,angel
murite,0.000430283961556,en,angel
backbiting,0.000430283961556,en,angel
karita,0.000430283961556,en,angel
knocky,0.000430283961556,en,angel
superluscious,0.000430283961556,en,angel
peau,0.000430283961556,en,angel
nonvamp,0.000430283961556,en,angel
ultrawhite,0.000430283961556,en,angel
lasovic,0.000430283961556,en,angel
eleusian,0.000430283961556,en,angel
laconic,0.000430283961556,en,angel
apolice,0.000430283961556,en,angel
yumminess,0.000430283961556,en,angel
ringless,0.000430283961556,en,angel
opaline,0.000430283961556,en,angel
kizzy,0.000430283961556,en,angel
needlenose,0.000430283961556,en,angel
monochrome,0.000430283961556,en,angel
flawles,0.000430283961556,en,angel
discouraged,0.000430283961556,en,angel
thaumo,0.000430283961556,en,angel
amulative,0.000430283961556,en,angel
chaldean,0.000430283961556,en,angel
accadian,0.000430283961556,en,angel
nonengagement,0.000430283961556,en,angel
angelito,0.000430283961556,en,angel
grandmummy,0.000430283961556,en,angel
inkle,0.000430283961556,en,angel
ofga,0.000430283961556,en,angel
vampiro,0.000430283961556,en,angel
neverjealous,0.000430283961556,en,angel
kebabed,0.000430283961556,en,angel
ghostiness,0.000430283961556,en,angel
mumbojumbo,0.000430283961556,en,angel
snod,0.000430283961556,en,angel
fook,0.000430283961556,en,angel
byjust,0.000430283961556,en,angel
gibbet,0.000430283961556,en,angel
littlejab,0.000430283961556,en,angel
ninjitsu,0.000430283961556,en,angel
ancestrally,0.000430283961556,en,angel
estpido,0.000430283961556,en,angel
balantine,0.000430283961556,en,angel
sistren,0.000430283961556,en,angel
simonize,0.000430283961556,en,angel
srail,0.000430283961556,en,angel
underdogs,0.000430283961556,en,angel
loyally,0.000430283961556,en,angel
krv,0.000430283961556,en,angel
handily,0.000430283961556,en,angel
scaredie,0.000430283961556,en,angel
marvellously,0.000430283961556,en,angel
apocalypta,0.000430283961556,en,angel
dismembering,0.000430283961556,en,angel
oftobia,0.000430283961556,en,angel
dandido,0.000430283961556,en,angel
jigsawing,0.000430283961556,en,angel
shenin,0.000430283961556,en,angel
suleman,0.000430283961556,en,angel
underlife,0.000430283961556,en,angel
intrademon,0.000430283961556,en,angel
archfiend,0.000430283961556,en,angel
nellin,0.000430283961556,en,angel
spikester,0.000430283961556,en,angel
drpglr,0.000430283961556,en,angel
quaking,0.000430283961556,en,angel
speechcraft,0.000430283961556,en,angel
vartite,0.000430283961556,en,angel
pukiness,0.000430283961556,en,angel
stover,0.000430283961556,en,angel
xanitab,0.000430283961556,en,angel
orthopae,0.000430283961556,en,angel
insensate,0.000430283961556,en,angel
spikier,0.000430283961556,en,angel
gorsh,0.000430283961556,en,angel
compactify,0.000430283961556,en,angel
everywhere,0.000430283961556,en,angel
caterwaul,0.000430283961556,en,angel
treebark,0.000430283961556,en,angel
linford,0.000430283961556,en,angel
jasmaniac,0.000430283961556,en,angel
icious,0.000430283961556,en,angel
staggard,0.000430283961556,en,angel
resikhian,0.000430283961556,en,angel
heedful,0.000430283961556,en,angel
causatum,0.000430283961556,en,angel
forfend,0.000430283961556,en,angel
patheticness,0.000430283961556,en,angel
ashet,0.000430283961556,en,angel
raiden,0.000430283961556,en,angel
iffic,0.000430283961556,en,angel
sinistro,0.000430283961556,en,angel
bleaucha,0.000430283961556,en,angel
whoot,0.000430283961556,en,angel
calendula,0.000430283961556,en,angel
cocinera,0.000430283961556,en,angel
tanginess,0.000430283961556,en,angel
anaise,0.000430283961556,en,angel
jenoff,0.000430283961556,en,angel
dood,0.000430283961556,en,angel
shmark,0.000430283961556,en,angel
lutzbalm,0.000430283961556,en,angel
praising,0.000430283961556,en,angel
polymalt,0.000430283961556,en,angel
philodendron,0.000430283961556,en,angel
upstaged,0.000430283961556,en,angel
conked,0.000430283961556,en,angel
patricidal,0.000430283961556,en,angel
slouching,0.000430283961556,en,angel
superstring,0.000430283961556,en,angel
salvus,0.000430283961556,en,angel
unhomey,0.000430283961556,en,angel
mulix,0.000430283961556,en,angel
phillius,0.000430283961556,en,angel
beltar,0.000430283961556,en,angel
cremator,0.000430283961556,en,angel
verbs,0.000430283961556,en,angel
outsize,0.000430283961556,en,angel
tallness,0.000430283961556,en,angel
unmentione,0.000430283961556,en,angel
broodfest,0.000430283961556,en,angel
mbuna,0.000430283961556,en,angel
balrog,0.000430283961556,en,angel
xiochimayan,0.000430283961556,en,angel
cuauhtitlan,0.000430283961556,en,angel
chicanos,0.000430283961556,en,angel
lah,0.000430283961556,en,angel
fergus,0.000430283961556,en,angel
kailiff,0.000430283961556,en,angel
concussively,0.000430283961556,en,angel
ktla,0.000430283961556,en,angel
freyan,0.000430283961556,en,angel
chanty,0.000430283961556,en,angel
kidproof,0.000430283961556,en,angel
signifiiicant,0.000430283961556,en,angel
harmonita,0.000430283961556,en,angel
chained,0.000430283961556,en,angel
priesty,0.000430283961556,en,angel
crebbil,0.000430283961556,en,angel
jrgen,0.000430283961556,en,angel
peccadillo,0.000430283961556,en,angel
ramjarin,0.000430283961556,en,angel
gawkin,0.000430283961556,en,angel
basalt,0.000430283961556,en,angel
nestl,0.000430283961556,en,angel
canarie,0.000430283961556,en,angel
bentback,0.000430283961556,en,angel
gathwok,0.000430283961556,en,angel
blix,0.000430283961556,en,angel
tenaciously,0.000430283961556,en,angel
barshon,0.000430283961556,en,angel
cretinous,0.000430283961556,en,angel
trombonal,0.000430283961556,en,angel
grumpypant,0.000430283961556,en,angel
guiltie,0.000430283961556,en,angel
angelkin,0.000430283961556,en,angel
thejenny,0.000430283961556,en,angel
sacrificer,0.000430283961556,en,angel
thejoker,0.000430283961556,en,angel
wayburn,0.000430283961556,en,angel
lawson,0.000430283961556,en,angel
darcilla,0.000430283961556,en,angel
foment,0.000430283961556,en,angel
chaulk,0.000430283961556,en,angel
soie,0.000430283961556,en,angel
scalar,0.000430283961556,en,angel
regularization,0.000430283961556,en,angel
cordette,0.000430283961556,en,angel
rapio,0.000430283961556,en,angel
punisher,0.000430283961556,en,angel
blim,0.000430283961556,en,angel
tonguing,0.000430283961556,en,angel
teche,0.000430283961556,en,angel
broodiness,0.000430283961556,en,angel
ola,0.000430283961556,en,angel
heistee,0.000430283961556,en,angel
whatchamawhosit,0.000430283961556,en,angel
painty,0.000430283961556,en,angel
monseigneur,0.000430283961556,en,angel
nicejacket,0.000430283961556,en,angel
rathruhn,0.000430283961556,en,angel
subito,0.000430283961556,en,angel
dly,0.000430283961556,en,angel
nabit,0.000430283961556,en,angel
thejerrie,0.000430283961556,en,angel
bathysphere,0.000430283961556,en,angel
terrifiiic,0.000430283961556,en,angel
scraye,0.000430283961556,en,angel
paranych,0.000430283961556,en,angel
hefroot,0.000430283961556,en,angel
queek,0.000430283961556,en,angel
flib,0.000430283961556,en,angel
vakma,0.000430283961556,en,angel
trensiduf,0.000430283961556,en,angel
crestwood,0.000430283961556,en,angel
straggle,0.000430283961556,en,angel
straggly,0.000430283961556,en,angel
vindict,0.000430283961556,en,angel
disequilibrium,0.000430283961556,en,angel
perspectively,0.000430283961556,en,angel
fresco,0.000430283961556,en,angel
fleshbag,0.000430283961556,en,angel
kamchatka,0.000430283961556,en,angel
littlejohnnie,0.000430283961556,en,angel
anagogic,0.000430283961556,en,angel
motus,0.000430283961556,en,angel
durthock,0.000430283961556,en,angel
gorrishyn,0.000430283961556,en,angel
wesle,0.000430283961556,en,angel
exactamundo,0.000430283961556,en,angel
antediluvian,0.000430283961556,en,angel
tojangle,0.000430283961556,en,angel
gunrunnin,0.000430283961556,en,angel
drpvln,0.000430283961556,en,angel
flehegna,0.000430283961556,en,angel
aspercreme,0.000430283961556,en,angel
hawthorn,0.000430283961556,en,angel
lungwort,0.000430283961556,en,angel
senatorship,0.000430283961556,en,angel
tamika,0.000430283961556,en,angel
superst,0.000430283961556,en,angel
scrsqwrn,0.000430283961556,en,angel
elicious,0.000430283961556,en,angel
treelike,0.000430283961556,en,angel
groosa,0.000430283961556,en,angel
khopesh,0.000430283961556,en,angel
haunty,0.000430283961556,en,angel
christmasland,0.000430283961556,en,angel
goalkeeper,0.000430283961556,en,angel
grimore,0.000430283961556,en,angel
eensie,0.000430283961556,en,angel
conquestus,0.000430283961556,en,angel
voctar,0.000430283961556,en,angel
klenzen,0.000430283961556,en,angel
wainakay,0.000430283961556,en,angel
taubman,0.000430283961556,en,angel
grandsire,0.000430283961556,en,angel
phonaya,0.000430283961556,en,angel
angeltoe,0.000430283961556,en,angel
loro,0.000430283961556,en,angel
prostitutional,0.000430283961556,en,angel
zorn,0.000430283961556,en,angel
entwined,0.000430283961556,en,angel
entangled,0.000430283961556,en,angel
arisin,0.000430283961556,en,angel
ringmastere,0.000430283961556,en,angel
umbrigon,0.000430283961556,en,angel
krag,0.000430283961556,en,angel
uxenblarg,0.000430283961556,en,angel
escortin,0.000430283961556,en,angel
happyjerk,0.000430283961556,en,angel
neuroelectrical,0.000430283961556,en,angel
placejust,0.000430283961556,en,angel
formless,0.000430283961556,en,angel
unknowing,0.000430283961556,en,angel
sensurround,0.000430283961556,en,angel
deregulation,0.000430283961556,en,angel
gunter,0.000430283961556,en,angel
lamotta,0.000430283961556,en,angel
tamperproof,0.000430283961556,en,angel
grammaticus,0.000430283961556,en,angel
matsuda,0.000430283961556,en,angel
glitterati,0.000430283961556,en,angel
castiglio,0.000430283961556,en,angel
galloway,0.000430283961556,en,angel
thighmaster,0.000430283961556,en,angel
untraceably,0.000430283961556,en,angel
bestjuda,0.000430283961556,en,angel
subcellular,0.000430283961556,en,angel
fetchin,0.000430283961556,en,angel
poignance,0.000430283961556,en,angel
devised,0.000430283961556,en,angel
tibor,0.000430283961556,en,angel
kelsor,0.000430283961556,en,angel
envisions,0.000430283961556,en,angel
weebie,0.000430283961556,en,angel
fuhrman,0.000430283961556,en,angel
tutelary,0.000430283961556,en,angel
unutterably,0.000430283961556,en,angel
freddle,0.000430283961556,en,angel
rulin,0.000430283961556,en,angel
sourpussy,0.000430283961556,en,angel
groiny,0.000430283961556,en,angel
rictus,0.000430283961556,en,angel
causative,0.000430283961556,en,angel
ethnodemonologist,0.000430283961556,en,angel
striptease,0.000430283961556,en,angel
rufflin,0.000430283961556,en,angel
sensin,0.000430283961556,en,angel
thwak,0.000430283961556,en,angel
cotswold,0.000430283961556,en,angel
dreadhost,0.000430283961556,en,angel
polytheist,0.000430283961556,en,angel
exorcize,0.000430283961556,en,angel
psyli,0.000430283961556,en,angel
roasty,0.000430283961556,en,angel
thejacket,0.000430283961556,en,angel
toesie,0.000430283961556,en,angel
selminth,0.000430283961556,en,angel
heckling,0.000430283961556,en,angel
calljacobson,0.000430283961556,en,angel
antidetection,0.000430283961556,en,angel
presum,0.000430283961556,en,angel
nahdrah,0.000430283961556,en,angel
disgorge,0.000430283961556,en,angel
mussed,0.000430283961556,en,angel
oculation,0.000430283961556,en,angel
briole,0.000430283961556,en,angel
grimmer,0.000430283961556,en,angel
algorismic,0.000430283961556,en,angel
spandexia,0.000430283961556,en,angel
sackcloth,0.000430283961556,en,angel
acqui,0.000430283961556,en,angel
upjob,0.000430283961556,en,angel
starker,0.000430283961556,en,angel
ultrarespectable,0.000430283961556,en,angel
yeskah,0.000430283961556,en,angel
disenchant,0.000430283961556,en,angel
aratuscan,0.000430283961556,en,angel
priorly,0.000430283961556,en,angel
grumpie,0.000430283961556,en,angel
ascertaining,0.000430283961556,en,angel
trifid,0.000430283961556,en,angel
vampirella,0.000430283961556,en,angel
eldritch,0.000430283961556,en,angel
calynthia,0.000430283961556,en,angel
graver,0.000430283961556,en,angel
britzai,0.000430283961556,en,angel
wawk,0.000430283961556,en,angel
deformi,0.000430283961556,en,angel
synonyms,0.000430283961556,en,angel
dumbly,0.000430283961556,en,angel
paddin,0.000430283961556,en,angel
communi,0.000430283961556,en,angel
sluk,0.000430283961556,en,angel
devilishly,0.000430283961556,en,angel
izzerial,0.000430283961556,en,angel
angelwing,0.000430283961556,en,angel
rearrangement,0.000430283961556,en,angel
epiphanie,0.000430283961556,en,angel
stammery,0.000430283961556,en,angel
granath,0.000430283961556,en,angel
bointon,0.000430283961556,en,angel
prechian,0.000430283961556,en,angel
scamola,0.000430283961556,en,angel
creepylock,0.000430283961556,en,angel
feelbad,0.000430283961556,en,angel
babysittin,0.000430283961556,en,angel
lies,0.000430283961556,en,angel
evilie,0.000430283961556,en,angel
doxi,0.000430283961556,en,angel
inventively,0.000430283961556,en,angel
frizzlecar,0.000430283961556,en,angel
frzylcka,0.000430283961556,en,angel
freddikan,0.000430283961556,en,angel
thingamabad,0.000430283961556,en,angel
spookie,0.000430283961556,en,angel
gulping,0.000430283961556,en,angel
spanksalot,0.000430283961556,en,angel
nooc,0.000430283961556,en,angel
overproduced,0.000430283961556,en,angel
excitability,0.000430283961556,en,angel
sculptural,0.000430283961556,en,angel
brutuse,0.000430283961556,en,angel
shuke,0.000430283961556,en,angel
tuilerie,0.000430283961556,en,angel
baudelaire,0.000430283961556,en,angel
nolo,0.000430283961556,en,angel
dilapidation,0.000430283961556,en,angel
oculate,0.000430283961556,en,angel
leitmotif,0.000430283961556,en,angel
bubelah,0.000430283961556,en,angel
coeducational,0.000430283961556,en,angel
gormless,0.000430283961556,en,angel
cloverwood,0.000430283961556,en,angel
smackaroo,0.000430283961556,en,angel
refill,0.0004276337580787,en,angel
column,0.0004276337580787,en,angel
brian,0.0004276337580787,en,angel
institution,0.0004276337580787,en,angel
ski,0.0004276337580787,en,angel
barn,0.0004276337580787,en,angel
partnership,0.0004276337580787,en,angel
mode,0.0004276337580787,en,angel
scrap,0.0004276337580787,en,angel
employment,0.0004276337580787,en,angel
cramp,0.0004276337580787,en,angel
badge,0.0004271485480848,en,angel
prodigal,0.0004244007156108,en,angel
fig,0.0004244007156108,en,angel
feeler,0.0004244007156108,en,angel
ooze,0.0004244007156108,en,angel
spanking,0.0004244007156108,en,angel
slaughterhouse,0.0004244007156108,en,angel
lowly,0.0004244007156108,en,angel
nagging,0.0004244007156108,en,angel
obligate,0.0004244007156108,en,angel
derail,0.0004244007156108,en,angel
middleman,0.0004244007156108,en,angel
decapitate,0.0004244007156108,en,angel
jab,0.0004244007156108,en,angel
circular,0.0004244007156108,en,angel
melodramatic,0.0004244007156108,en,angel
species,0.0004244007156108,en,angel
metallic,0.0004244007156108,en,angel
brotherhood,0.0004244007156108,en,angel
surfer,0.0004244007156108,en,angel
veterinarian,0.0004244007156108,en,angel
repress,0.0004244007156108,en,angel
masculine,0.0004244007156108,en,angel
longing,0.0004244007156108,en,angel
insightful,0.0004244007156108,en,angel
mashed,0.0004244007156108,en,angel
madonna,0.0004244007156108,en,angel
sneaking,0.0004244007156108,en,angel
equipment,0.0004236389190671,en,angel
selfish,0.0004236389190671,en,angel
compel,0.0004236116741688,en,angel
overlook,0.0004236116741688,en,angel
sustain,0.0004236116741688,en,angel
region,0.0004236116741688,en,angel
statue,0.0004236116741688,en,angel
minded,0.0004236116741688,en,angel
singer,0.0004236116741688,en,angel
plea,0.0004236116741688,en,angel
antique,0.0004236116741688,en,angel
transform,0.0004236116741688,en,angel
perk,0.0004236116741688,en,angel
sweaty,0.0004236116741688,en,angel
chunk,0.0004236116741688,en,angel
frightened,0.0004236116741688,en,angel
olive,0.0004236116741688,en,angel
resistance,0.0004236116741688,en,angel
compassion,0.0004236116741688,en,angel
amazed,0.0004236116741688,en,angel
glove,0.0004201656599164,en,angel
climb,0.0004201656599164,en,angel
denial,0.0004196529328022,en,angel
toll,0.0004196529328022,en,angel
bald,0.0004196529328022,en,angel
knot,0.0004196529328022,en,angel
instantly,0.0004196529328022,en,angel
soccer,0.0004196529328022,en,angel
hesitate,0.0004196529328022,en,angel
mill,0.0004196529328022,en,angel
interrogation,0.0004196529328022,en,angel
journal,0.0004196529328022,en,angel
software,0.0004196529328022,en,angel
hardy,0.0004183061074483,en,angel
articulate,0.0004183061074483,en,angel
stealth,0.0004183061074483,en,angel
cowardly,0.0004183061074483,en,angel
catering,0.0004183061074483,en,angel
freshly,0.0004183061074483,en,angel
voila,0.0004183061074483,en,angel
clash,0.0004183061074483,en,angel
appreciated,0.0004183061074483,en,angel
moot,0.0004183061074483,en,angel
dictionary,0.0004183061074483,en,angel
demolish,0.0004183061074483,en,angel
brighten,0.0004183061074483,en,angel
manicure,0.0004183061074483,en,angel
fluent,0.0004183061074483,en,angel
scarce,0.0004183061074483,en,angel
whimper,0.0004183061074483,en,angel
villager,0.0004183061074483,en,angel
incapacitate,0.0004183061074483,en,angel
dupe,0.0004183061074483,en,angel
rev,0.0004183061074483,en,angel
perky,0.0004183061074483,en,angel
madly,0.0004183061074483,en,angel
obliterate,0.0004183061074483,en,angel
inscription,0.0004183061074483,en,angel
wretched,0.0004183061074483,en,angel
media,0.0004183061074483,en,angel
auntie,0.0004183061074483,en,angel
retard,0.0004183061074483,en,angel
boom,0.0004167280245643,en,angel
recover,0.0004167280245643,en,angel
liability,0.000415755569749,en,angel
cracker,0.000415755569749,en,angel
feather,0.000415755569749,en,angel
genuine,0.000415755569749,en,angel
myth,0.000415755569749,en,angel
blunt,0.000415755569749,en,angel
hitch,0.000415755569749,en,angel
involvement,0.000415755569749,en,angel
wagon,0.000415755569749,en,angel
fatal,0.000415755569749,en,angel
ladder,0.000415755569749,en,angel
recommendation,0.000415755569749,en,angel
log,0.000413325289666,en,angel
crusade,0.0004124253898756,en,angel
dandy,0.0004124253898756,en,angel
candid,0.0004124253898756,en,angel
fib,0.0004124253898756,en,angel
rile,0.0004124253898756,en,angel
exterminate,0.0004124253898756,en,angel
billboard,0.0004124253898756,en,angel
foe,0.0004124253898756,en,angel
alteration,0.0004124253898756,en,angel
deduction,0.0004124253898756,en,angel
sewing,0.0004124253898756,en,angel
hypnosis,0.0004124253898756,en,angel
bloodbath,0.0004124253898756,en,angel
yawn,0.0004124253898756,en,angel
coincide,0.0004124253898756,en,angel
perpetrator,0.0004124253898756,en,angel
debut,0.0004124253898756,en,angel
burrow,0.0004124253898756,en,angel
divulge,0.0004124253898756,en,angel
graceful,0.0004124253898756,en,angel
noose,0.0004124253898756,en,angel
stuffy,0.0004124253898756,en,angel
abyss,0.0004124253898756,en,angel
odor,0.0004124253898756,en,angel
worse,0.0004124253898756,en,angel
brawl,0.0004124253898756,en,angel
chirp,0.0004124253898756,en,angel
whiny,0.0004124253898756,en,angel
shouting,0.0004124253898756,en,angel
crucify,0.0004124253898756,en,angel
ahh,0.0004119177107514,en,angel
freezer,0.0004119177107514,en,angel
greedy,0.0004119177107514,en,angel
growth,0.0004119177107514,en,angel
skeleton,0.0004119177107514,en,angel
gratitude,0.0004119177107514,en,angel
restraint,0.0004119177107514,en,angel
ethic,0.0004119177107514,en,angel
maximum,0.0004119177107514,en,angel
wax,0.0004119177107514,en,angel
semi,0.0004119177107514,en,angel
nuclear,0.0004119177107514,en,angel
mortgage,0.0004119177107514,en,angel
surgery,0.0004099567536871,en,angel
silent,0.0004099567536871,en,angel
donation,0.0004081375661109,en,angel
helmet,0.0004081375661109,en,angel
hormone,0.0004081375661109,en,angel
straighten,0.0004081375661109,en,angel
invoke,0.0004067440575189,en,angel
wreak,0.0004067440575189,en,angel
speciman,0.0004067440575189,en,angel
zen,0.0004067440575189,en,angel
quarterly,0.0004067440575189,en,angel
eating,0.0004067440575189,en,angel
hourly,0.0004067440575189,en,angel
govern,0.0004067440575189,en,angel
holdup,0.0004067440575189,en,angel
feelin,0.0004067440575189,en,angel
altitude,0.0004067440575189,en,angel
regulate,0.0004067440575189,en,angel
millennium,0.0004067440575189,en,angel
listing,0.0004067440575189,en,angel
blackberry,0.0004067440575189,en,angel
ample,0.0004067440575189,en,angel
downright,0.0004067440575189,en,angel
metaphorically,0.0004067440575189,en,angel
pedestrian,0.0004067440575189,en,angel
feisty,0.0004067440575189,en,angel
twig,0.0004067440575189,en,angel
operational,0.0004067440575189,en,angel
grate,0.0004067440575189,en,angel
bias,0.0004067440575189,en,angel
ferret,0.0004067440575189,en,angel
siege,0.0004067440575189,en,angel
export,0.0004067440575189,en,angel
judgement,0.0004067440575189,en,angel
nutshell,0.0004067440575189,en,angel
cunning,0.0004067440575189,en,angel
smiley,0.0004067440575189,en,angel
unhealthy,0.0004067440575189,en,angel
feat,0.0004067440575189,en,angel
adult,0.000406621736035,en,angel
argument,0.000406621736035,en,angel
writer,0.0004044134256773,en,angel
drum,0.0004044134256773,en,angel
stream,0.0004044134256773,en,angel
password,0.0004044134256773,en,angel
impulse,0.0004044134256773,en,angel
wha,0.0004044134256773,en,angel
inject,0.0004044134256773,en,angel
japanese,0.0004044134256773,en,angel
sample,0.0004033195762339,en,angel
accuse,0.0004033195762339,en,angel
route,0.0004033195762339,en,angel
river,0.0004033195762339,en,angel
bystander,0.0004012490323012,en,angel
blare,0.0004012490323012,en,angel
baffle,0.0004012490323012,en,angel
comatose,0.0004012490323012,en,angel
karma,0.0004012490323012,en,angel
timmy,0.0004012490323012,en,angel
wither,0.0004012490323012,en,angel
huddle,0.0004012490323012,en,angel
fusion,0.0004012490323012,en,angel
savor,0.0004012490323012,en,angel
doggie,0.0004012490323012,en,angel
brute,0.0004012490323012,en,angel
loo,0.0004012490323012,en,angel
vendetta,0.0004012490323012,en,angel
defenseless,0.0004012490323012,en,angel
leopard,0.0004012490323012,en,angel
barry,0.0004012490323012,en,angel
agitated,0.0004012490323012,en,angel
beautifully,0.0004012490323012,en,angel
merciful,0.0004012490323012,en,angel
beck,0.0004012490323012,en,angel
commute,0.0004012490323012,en,angel
chord,0.0004012490323012,en,angel
reconstruction,0.0004012490323012,en,angel
rematch,0.0004012490323012,en,angel
arsenal,0.0004012490323012,en,angel
morally,0.0004012490323012,en,angel
nab,0.0004012490323012,en,angel
trouser,0.0004012490323012,en,angel
filter,0.0004007436542028,en,angel
decline,0.0004007436542028,en,angel
autopsy,0.0004007436542028,en,angel
lemon,0.0004007436542028,en,angel
penalty,0.0004007436542028,en,angel
anticipate,0.0004007436542028,en,angel
analyze,0.0004007436542028,en,angel
confusing,0.0004007436542028,en,angel
sip,0.0004007436542028,en,angel
disrespect,0.0004007436542028,en,angel
nuts,0.0004000496331396,en,angel
flat,0.0004000496331396,en,angel
arrange,0.0004000496331396,en,angel
opposite,0.0004000496331396,en,angel
sleeve,0.0003971266870309,en,angel
prom,0.0003971266870309,en,angel
traditional,0.0003971266870309,en,angel
fragile,0.0003971266870309,en,angel
vegetable,0.0003971266870309,en,angel
notch,0.0003971266870309,en,angel
comb,0.0003971266870309,en,angel
dancer,0.0003971266870309,en,angel
disappointment,0.0003971266870309,en,angel
businessman,0.0003971266870309,en,angel
hooker,0.0003971266870309,en,angel
schrdinger,0.0003963093803888,en,angel
slimey,0.0003963093803888,en,angel
wasserman,0.0003963093803888,en,angel
neaten,0.0003963093803888,en,angel
helmsman,0.0003963093803888,en,angel
wainscoting,0.0003963093803888,en,angel
manet,0.0003963093803888,en,angel
barkeeper,0.0003963093803888,en,angel
clearinghouse,0.0003963093803888,en,angel
coronet,0.0003963093803888,en,angel
fhrer,0.0003963093803888,en,angel
precipitating,0.0003963093803888,en,angel
bangaroo,0.0003963093803888,en,angel
releasing,0.0003963093803888,en,angel
mondrian,0.0003963093803888,en,angel
daguerreotype,0.0003963093803888,en,angel
soulfulness,0.0003963093803888,en,angel
remade,0.0003963093803888,en,angel
classicist,0.0003963093803888,en,angel
habeas,0.0003963093803888,en,angel
contractually,0.0003963093803888,en,angel
cunningly,0.0003963093803888,en,angel
dcor,0.0003963093803888,en,angel
warding,0.0003963093803888,en,angel
superstardom,0.0003963093803888,en,angel
pauli,0.0003963093803888,en,angel
ascending,0.0003963093803888,en,angel
vomitorium,0.0003963093803888,en,angel
natty,0.0003963093803888,en,angel
wizardry,0.0003963093803888,en,angel
wimpe,0.0003963093803888,en,angel
nextel,0.0003963093803888,en,angel
plock,0.0003963093803888,en,angel
perturbative,0.0003963093803888,en,angel
brane,0.0003963093803888,en,angel
deterministic,0.0003963093803888,en,angel
augury,0.0003963093803888,en,angel
monstro,0.0003963093803888,en,angel
raku,0.0003963093803888,en,angel
quintessa,0.0003963093803888,en,angel
floppin,0.0003963093803888,en,angel
mejust,0.0003963093803888,en,angel
elian,0.0003963093803888,en,angel
growly,0.0003963093803888,en,angel
midsize,0.0003963093803888,en,angel
yama,0.0003963093803888,en,angel
grinnin,0.0003963093803888,en,angel
chittering,0.0003963093803888,en,angel
ocupado,0.0003963093803888,en,angel
whammo,0.0003963093803888,en,angel
coif,0.0003963093803888,en,angel
hornblower,0.0003963093803888,en,angel
ruinin,0.0003963093803888,en,angel
clk,0.0003963093803888,en,angel
wray,0.0003963093803888,en,angel
discourteously,0.0003963093803888,en,angel
stratego,0.0003963093803888,en,angel
muscly,0.0003963093803888,en,angel
aha,0.0003963093803888,en,angel
lith,0.0003963093803888,en,angel
chambermaid,0.0003963093803888,en,angel
spendy,0.0003963093803888,en,angel
offside,0.0003963093803888,en,angel
stroking,0.0003963093803888,en,angel
rasp,0.0003963093803888,en,angel
curio,0.0003963093803888,en,angel
actualize,0.0003963093803888,en,angel
incredulous,0.0003963093803888,en,angel
headcount,0.0003963093803888,en,angel
nightcrawler,0.0003963093803888,en,angel
indescribably,0.0003963093803888,en,angel
accursed,0.0003963093803888,en,angel
ano,0.0003963093803888,en,angel
pook,0.0003963093803888,en,angel
spikey,0.0003963093803888,en,angel
butterfat,0.0003963093803888,en,angel
smallish,0.0003963093803888,en,angel
unwary,0.0003963093803888,en,angel
ofhour,0.0003963093803888,en,angel
unavenged,0.0003963093803888,en,angel
polygrip,0.0003963093803888,en,angel
ribald,0.0003963093803888,en,angel
offal,0.0003963093803888,en,angel
crampy,0.0003963093803888,en,angel
pyramidal,0.0003963093803888,en,angel
skidoo,0.0003963093803888,en,angel
glowy,0.0003963093803888,en,angel
aretha,0.0003963093803888,en,angel
scoobie,0.0003963093803888,en,angel
decently,0.0003963093803888,en,angel
tokus,0.0003963093803888,en,angel
reconditioning,0.0003963093803888,en,angel
specter,0.0003963093803888,en,angel
macduff,0.0003963093803888,en,angel
affiliated,0.0003963093803888,en,angel
andjust,0.0003963093803888,en,angel
extensor,0.0003963093803888,en,angel
poetical,0.0003963093803888,en,angel
vampy,0.0003963093803888,en,angel
smeller,0.0003963093803888,en,angel
hybridize,0.0003963093803888,en,angel
putrescent,0.0003963093803888,en,angel
demonoid,0.0003963093803888,en,angel
unyielding,0.0003963093803888,en,angel
preternatural,0.0003963093803888,en,angel
skewering,0.0003963093803888,en,angel
brigadoon,0.0003963093803888,en,angel
ofhell,0.0003963093803888,en,angel
sneakiness,0.0003963093803888,en,angel
cainan,0.0003963093803888,en,angel
tranquillity,0.0003963093803888,en,angel
inefficiently,0.0003963093803888,en,angel
remailer,0.0003963093803888,en,angel
awakened,0.0003963093803888,en,angel
vanishing,0.0003963093803888,en,angel
mccracken,0.0003963093803888,en,angel
sibylline,0.0003963093803888,en,angel
peo,0.0003963093803888,en,angel
vacuous,0.0003963093803888,en,angel
aquamarine,0.0003963093803888,en,angel
feasting,0.0003963093803888,en,angel
furrie,0.0003963093803888,en,angel
pugilist,0.0003963093803888,en,angel
plah,0.0003963093803888,en,angel
pret,0.0003963093803888,en,angel
contextually,0.0003963093803888,en,angel
gabler,0.0003963093803888,en,angel
whiffy,0.0003963093803888,en,angel
beneficent,0.0003963093803888,en,angel
impudence,0.0003963093803888,en,angel
heterotic,0.0003963093803888,en,angel
kolchak,0.0003963093803888,en,angel
booing,0.0003963093803888,en,angel
hellspawn,0.0003963093803888,en,angel
beguile,0.0003963093803888,en,angel
thwack,0.0003963093803888,en,angel
burble,0.0003963093803888,en,angel
scrump,0.0003963093803888,en,angel
yond,0.0003963093803888,en,angel
pulsating,0.0003963093803888,en,angel
starer,0.0003963093803888,en,angel
insubstantial,0.0003963093803888,en,angel
finicky,0.0003963093803888,en,angel
transfiguration,0.0003963093803888,en,angel
viscose,0.0003963093803888,en,angel
kinsman,0.0003963093803888,en,angel
weirdin,0.0003963093803888,en,angel
spurty,0.0003963093803888,en,angel
mucky,0.0003963093803888,en,angel
fraternizing,0.0003963093803888,en,angel
philosophize,0.0003963093803888,en,angel
diffiicult,0.0003963093803888,en,angel
tas,0.0003963093803888,en,angel
done,0.0003963093803888,en,angel
reversion,0.0003963093803888,en,angel
hooing,0.0003963093803888,en,angel
headachy,0.0003963093803888,en,angel
mousehole,0.0003963093803888,en,angel
funville,0.0003963093803888,en,angel
rigamarole,0.0003963093803888,en,angel
flagellation,0.0003963093803888,en,angel
unnameable,0.0003963093803888,en,angel
aphorism,0.0003963093803888,en,angel
devily,0.0003963093803888,en,angel
unweave,0.0003963093803888,en,angel
stubbly,0.0003963093803888,en,angel
bathwater,0.0003963093803888,en,angel
gunke,0.0003963093803888,en,angel
yatch,0.0003963093803888,en,angel
pummeling,0.0003963093803888,en,angel
palmpilot,0.0003963093803888,en,angel
suppo,0.0003963093803888,en,angel
brea,0.0003963093803888,en,angel
multimedia,0.0003963093803888,en,angel
ofbusiness,0.0003963093803888,en,angel
puddy,0.0003963093803888,en,angel
onwards,0.0003963093803888,en,angel
pupate,0.0003963093803888,en,angel
heinousness,0.0003963093803888,en,angel
bervamp,0.0003963093803888,en,angel
phage,0.0003963093803888,en,angel
emanation,0.0003963093803888,en,angel
cohosh,0.0003963093803888,en,angel
defang,0.0003963093803888,en,angel
aiko,0.0003963093803888,en,angel
unambiguously,0.0003963093803888,en,angel
matthia,0.0003963093803888,en,angel
feuding,0.0003963093803888,en,angel
latt,0.0003963093803888,en,angel
entropic,0.0003963093803888,en,angel
spi,0.0003963093803888,en,angel
debasement,0.0003963093803888,en,angel
ofthing,0.0003963093803888,en,angel
missoula,0.0003963093803888,en,angel
forbear,0.0003963093803888,en,angel
redraw,0.0003963093803888,en,angel
watercooler,0.0003963093803888,en,angel
eastward,0.0003963093803888,en,angel
southward,0.0003963093803888,en,angel
underlord,0.0003963093803888,en,angel
whupping,0.0003963093803888,en,angel
bantamweight,0.0003963093803888,en,angel
cops,0.0003963093803888,en,angel
aholic,0.0003963093803888,en,angel
cataclysm,0.0003963093803888,en,angel
hart,0.0003963093803888,en,angel
incorporeal,0.0003963093803888,en,angel
seafaring,0.0003963093803888,en,angel
reapplie,0.0003963093803888,en,angel
minnie,0.0003963093803888,en,angel
clime,0.0003963093803888,en,angel
puce,0.0003963093803888,en,angel
oldman,0.0003963093803888,en,angel
bacchanal,0.0003963093803888,en,angel
bloodsucking,0.0003963093803888,en,angel
palooka,0.0003963093803888,en,angel
lucite,0.0003963093803888,en,angel
pardoning,0.0003963093803888,en,angel
delphic,0.0003963093803888,en,angel
shabbily,0.0003963093803888,en,angel
cerebrovascular,0.0003963093803888,en,angel
hurst,0.0003963093803888,en,angel
seor,0.0003963093803888,en,angel
jittere,0.0003963093803888,en,angel
communing,0.0003963093803888,en,angel
protohuman,0.0003963093803888,en,angel
magyar,0.0003963093803888,en,angel
offin,0.0003963093803888,en,angel
uncorking,0.0003963093803888,en,angel
toastie,0.0003963093803888,en,angel
pertaining,0.0003963093803888,en,angel
standoffish,0.0003963093803888,en,angel
liquefiie,0.0003963093803888,en,angel
oaky,0.0003963093803888,en,angel
roundness,0.0003963093803888,en,angel
escaping,0.0003963093803888,en,angel
schmutz,0.0003963093803888,en,angel
aurelius,0.0003963093803888,en,angel
committal,0.0003963093803888,en,angel
seamy,0.0003963093803888,en,angel
prosaic,0.0003963093803888,en,angel
moca,0.0003963093803888,en,angel
menlo,0.0003963093803888,en,angel
etruscan,0.0003963093803888,en,angel
rarifie,0.0003963093803888,en,angel
henpecke,0.0003963093803888,en,angel
pompon,0.0003963093803888,en,angel
tropicana,0.0003963093803888,en,angel
pardner,0.0003963093803888,en,angel
dosh,0.0003963093803888,en,angel
sadistically,0.0003963093803888,en,angel
impish,0.0003963093803888,en,angel
maelstrom,0.0003963093803888,en,angel
minicam,0.0003963093803888,en,angel
arle,0.0003963093803888,en,angel
testes,0.0003963093803888,en,angel
speechy,0.0003963093803888,en,angel
verdant,0.0003963093803888,en,angel
intriguingly,0.0003963093803888,en,angel
effulgent,0.0003963093803888,en,angel
ordeal,0.0003959284821169,en,angel
carlo,0.0003959284821169,en,angel
convey,0.0003959284821169,en,angel
outrun,0.0003959284821169,en,angel
marvel,0.0003959284821169,en,angel
discard,0.0003959284821169,en,angel
morale,0.0003959284821169,en,angel
mutter,0.0003959284821169,en,angel
alphabet,0.0003959284821169,en,angel
electromagnetic,0.0003959284821169,en,angel
banging,0.0003959284821169,en,angel
prudent,0.0003959284821169,en,angel
emphasis,0.0003959284821169,en,angel
sherlock,0.0003959284821169,en,angel
eradicate,0.0003959284821169,en,angel
muster,0.0003959284821169,en,angel
traditionally,0.0003959284821169,en,angel
devious,0.0003959284821169,en,angel
delude,0.0003959284821169,en,angel
firmly,0.0003959284821169,en,angel
karate,0.0003959284821169,en,angel
theoretical,0.0003959284821169,en,angel
walkie,0.0003959284821169,en,angel
flashback,0.0003959284821169,en,angel
deteriorate,0.0003959284821169,en,angel
smelly,0.0003959284821169,en,angel
precision,0.0003959284821169,en,angel
consumption,0.0003959284821169,en,angel
hellhole,0.0003959284821169,en,angel
parking,0.0003936039247054,en,angel
confidential,0.0003935610260907,en,angel
reflect,0.0003935610260907,en,angel
discount,0.0003935610260907,en,angel
primary,0.0003935610260907,en,angel
anxiety,0.0003935610260907,en,angel
debate,0.0003935610260907,en,angel
exclusive,0.0003935610260907,en,angel
award,0.0003935610260907,en,angel
ending,0.0003935610260907,en,angel
recollection,0.0003907716674164,en,angel
unprecedented,0.0003907716674164,en,angel
oughta,0.0003907716674164,en,angel
junction,0.0003907716674164,en,angel
pretentious,0.0003907716674164,en,angel
rebellion,0.0003907716674164,en,angel
andrew,0.0003907716674164,en,angel
maine,0.0003907716674164,en,angel
talker,0.0003907716674164,en,angel
colored,0.0003907716674164,en,angel
fetal,0.0003907716674164,en,angel
snuff,0.0003907716674164,en,angel
reminisce,0.0003907716674164,en,angel
icon,0.0003907716674164,en,angel
bouquet,0.0003907716674164,en,angel
forearm,0.0003907716674164,en,angel
peck,0.0003907716674164,en,angel
slur,0.0003907716674164,en,angel
craze,0.0003907716674164,en,angel
swimsuit,0.0003907716674164,en,angel
characteristic,0.0003907716674164,en,angel
occupational,0.0003907716674164,en,angel
buzzing,0.0003907716674164,en,angel
redo,0.0003907716674164,en,angel
beaver,0.0003907716674164,en,angel
gland,0.0003907716674164,en,angel
peddle,0.0003907716674164,en,angel
alienate,0.0003907716674164,en,angel
cappuccino,0.0003907716674164,en,angel
activist,0.0003907716674164,en,angel
hype,0.0003907716674164,en,angel
tenure,0.0003907716674164,en,angel
incinerate,0.0003907716674164,en,angel
reproduce,0.0003907716674164,en,angel
paralysis,0.0003907716674164,en,angel
acoustic,0.0003907716674164,en,angel
morbid,0.0003907716674164,en,angel
solo,0.0003900452361717,en,angel
speaker,0.0003900452361717,en,angel
rug,0.0003900452361717,en,angel
dedicate,0.0003900452361717,en,angel
acquire,0.0003900452361717,en,angel
tradition,0.0003900452361717,en,angel
practical,0.0003900452361717,en,angel
exam,0.0003900452361717,en,angel
stumble,0.0003900452361717,en,angel
production,0.0003900452361717,en,angel
luckily,0.0003865779414552,en,angel
picnic,0.0003865779414552,en,angel
patrol,0.0003865779414552,en,angel
western,0.0003865779414552,en,angel
basket,0.0003865779414552,en,angel
envelope,0.0003865779414552,en,angel
neglect,0.0003865779414552,en,angel
soap,0.0003865779414552,en,angel
chef,0.0003865779414552,en,angel
spoon,0.0003865779414552,en,angel
chinatown,0.0003857688107003,en,angel
picking,0.0003857688107003,en,angel
artifact,0.0003857688107003,en,angel
banner,0.0003857688107003,en,angel
salty,0.0003857688107003,en,angel
fanatic,0.0003857688107003,en,angel
hotshot,0.0003857688107003,en,angel
vocabulary,0.0003857688107003,en,angel
manhood,0.0003857688107003,en,angel
gorilla,0.0003857688107003,en,angel
mace,0.0003857688107003,en,angel
shackle,0.0003857688107003,en,angel
surrogate,0.0003857688107003,en,angel
comrade,0.0003857688107003,en,angel
delirious,0.0003857688107003,en,angel
rodent,0.0003857688107003,en,angel
hangin,0.0003857688107003,en,angel
eerie,0.0003857688107003,en,angel
persona,0.0003857688107003,en,angel
significantly,0.0003857688107003,en,angel
discomfort,0.0003857688107003,en,angel
goose,0.000383157822282,en,angel
handful,0.000383157822282,en,angel
massage,0.000383157822282,en,angel
wage,0.000383157822282,en,angel
execution,0.000383157822282,en,angel
sixth,0.000383157822282,en,angel
relevant,0.000383157822282,en,angel
intent,0.000383157822282,en,angel
constantly,0.000383157822282,en,angel
substance,0.000383157822282,en,angel
forehead,0.000383157822282,en,angel
receipt,0.000383157822282,en,angel
mud,0.000383157822282,en,angel
compose,0.000380910984936,en,angel
rio,0.000380910984936,en,angel
ceramic,0.000380910984936,en,angel
forum,0.000380910984936,en,angel
unravel,0.000380910984936,en,angel
gibberish,0.000380910984936,en,angel
fascinate,0.000380910984936,en,angel
frequently,0.000380910984936,en,angel
peachy,0.000380910984936,en,angel
overthrow,0.000380910984936,en,angel
containment,0.000380910984936,en,angel
burning,0.000380910984936,en,angel
bargaining,0.000380910984936,en,angel
bossy,0.000380910984936,en,angel
redecorate,0.000380910984936,en,angel
rightful,0.000380910984936,en,angel
gent,0.000380910984936,en,angel
swelling,0.000380910984936,en,angel
definitive,0.000380910984936,en,angel
misread,0.000380910984936,en,angel
insignificant,0.000380910984936,en,angel
headway,0.000380910984936,en,angel
sift,0.000380910984936,en,angel
vulnerability,0.000380910984936,en,angel
convene,0.000380910984936,en,angel
avert,0.000380910984936,en,angel
wool,0.000380910984936,en,angel
bold,0.0003797836121367,en,angel
cooperate,0.0003797836121367,en,angel
recipe,0.0003797836121367,en,angel
snuck,0.0003797836121367,en,angel
pencil,0.0003797836121367,en,angel
tent,0.0003797836121367,en,angel
south,0.0003780119734821,en,angel
ego,0.000376454094832,en,angel
recording,0.000376454094832,en,angel
pancake,0.000376454094832,en,angel
surgeon,0.000376454094832,en,angel
initial,0.000376454094832,en,angel
bench,0.000376454094832,en,angel
ensure,0.000376454094832,en,angel
facilitate,0.0003761900176966,en,angel
crowbar,0.0003761900176966,en,angel
dynamite,0.0003761900176966,en,angel
neural,0.0003761900176966,en,angel
tremble,0.0003761900176966,en,angel
smite,0.0003761900176966,en,angel
perish,0.0003761900176966,en,angel
intrusion,0.0003761900176966,en,angel
observer,0.0003761900176966,en,angel
christopher,0.0003761900176966,en,angel
dibs,0.0003761900176966,en,angel
borderline,0.0003761900176966,en,angel
manpower,0.0003761900176966,en,angel
baker,0.0003761900176966,en,angel
sundown,0.0003761900176966,en,angel
tabloid,0.0003761900176966,en,angel
chorus,0.0003761900176966,en,angel
offshore,0.0003761900176966,en,angel
rerun,0.0003761900176966,en,angel
utmost,0.0003761900176966,en,angel
farewell,0.0003761900176966,en,angel
unbearable,0.0003761900176966,en,angel
adolescent,0.0003761900176966,en,angel
classical,0.0003761900176966,en,angel
loading,0.0003761900176966,en,angel
coupon,0.0003761900176966,en,angel
video,0.0003749787717069,en,angel
domestic,0.0003731681018771,en,angel
shotgun,0.0003731681018771,en,angel
hobby,0.0003731681018771,en,angel
nephew,0.0003731681018771,en,angel
teenage,0.0003731681018771,en,angel
exposure,0.0003731681018771,en,angel
fraud,0.0003731681018771,en,angel
inhumanity,0.0003722040314316,en,angel
mayfly,0.0003722040314316,en,angel
tripe,0.0003722040314316,en,angel
foodie,0.0003722040314316,en,angel
eviscerated,0.0003722040314316,en,angel
musique,0.0003722040314316,en,angel
cecily,0.0003722040314316,en,angel
megalomaniacal,0.0003722040314316,en,angel
nondairy,0.0003722040314316,en,angel
offiicially,0.0003722040314316,en,angel
wicket,0.0003722040314316,en,angel
aragorn,0.0003722040314316,en,angel
rocko,0.0003722040314316,en,angel
exculpatory,0.0003722040314316,en,angel
monst,0.0003722040314316,en,angel
palomino,0.0003722040314316,en,angel
flagellate,0.0003722040314316,en,angel
octavian,0.0003722040314316,en,angel
ghandi,0.0003722040314316,en,angel
enviable,0.0003722040314316,en,angel
hatchling,0.0003722040314316,en,angel
smacker,0.0003722040314316,en,angel
yammering,0.0003722040314316,en,angel
excretion,0.0003722040314316,en,angel
didst,0.0003722040314316,en,angel
sorenson,0.0003722040314316,en,angel
spaulde,0.0003722040314316,en,angel
cig,0.0003722040314316,en,angel
reintroduction,0.0003722040314316,en,angel
kahuna,0.0003722040314316,en,angel
karmically,0.0003722040314316,en,angel
actuate,0.0003722040314316,en,angel
brogue,0.0003722040314316,en,angel
fluey,0.0003722040314316,en,angel
whacko,0.0003722040314316,en,angel
parentage,0.0003722040314316,en,angel
unorganized,0.0003722040314316,en,angel
clarion,0.0003722040314316,en,angel
panorama,0.0003722040314316,en,angel
caucus,0.0003722040314316,en,angel
mentis,0.0003722040314316,en,angel
thusly,0.0003722040314316,en,angel
hematological,0.0003722040314316,en,angel
conventioneer,0.0003722040314316,en,angel
spinnin,0.0003722040314316,en,angel
crockett,0.0003722040314316,en,angel
cockney,0.0003722040314316,en,angel
dawdle,0.0003722040314316,en,angel
fishery,0.0003722040314316,en,angel
butts,0.0003722040314316,en,angel
proviso,0.0003722040314316,en,angel
drat,0.0003722040314316,en,angel
righteously,0.0003722040314316,en,angel
mightily,0.0003722040314316,en,angel
nummy,0.0003722040314316,en,angel
ojai,0.0003722040314316,en,angel
viggo,0.0003722040314316,en,angel
windowpane,0.0003722040314316,en,angel
minstrel,0.0003722040314316,en,angel
engraver,0.0003722040314316,en,angel
husbandly,0.0003722040314316,en,angel
yuks,0.0003722040314316,en,angel
raining,0.0003722040314316,en,angel
pia,0.0003722040314316,en,angel
multiplie,0.0003722040314316,en,angel
gulch,0.0003722040314316,en,angel
jobbie,0.0003722040314316,en,angel
dustpan,0.0003722040314316,en,angel
misogyny,0.0003722040314316,en,angel
chinstrap,0.0003722040314316,en,angel
mellifluous,0.0003722040314316,en,angel
purty,0.0003722040314316,en,angel
mirth,0.0003722040314316,en,angel
immediacy,0.0003722040314316,en,angel
corker,0.0003722040314316,en,angel
bantu,0.0003722040314316,en,angel
kibosh,0.0003722040314316,en,angel
abilene,0.0003722040314316,en,angel
beddy,0.0003722040314316,en,angel
prelate,0.0003722040314316,en,angel
blasphemer,0.0003722040314316,en,angel
swamis,0.0003722040314316,en,angel
baird,0.0003722040314316,en,angel
vending,0.0003722040314316,en,angel
tinglie,0.0003722040314316,en,angel
tutus,0.0003722040314316,en,angel
praetorian,0.0003722040314316,en,angel
mcnally,0.0003722040314316,en,angel
fantastico,0.0003722040314316,en,angel
aboute,0.0003722040314316,en,angel
eurotrash,0.0003722040314316,en,angel
moralize,0.0003722040314316,en,angel
ofhumanity,0.0003722040314316,en,angel
garrick,0.0003722040314316,en,angel
skosh,0.0003722040314316,en,angel
watchword,0.0003722040314316,en,angel
comedown,0.0003722040314316,en,angel
sycophantic,0.0003722040314316,en,angel
higgs,0.0003722040314316,en,angel
yepper,0.0003722040314316,en,angel
witten,0.0003722040314316,en,angel
tiptop,0.0003722040314316,en,angel
extrovert,0.0003722040314316,en,angel
snacky,0.0003722040314316,en,angel
chocodile,0.0003722040314316,en,angel
akashic,0.0003722040314316,en,angel
unimpressive,0.0003722040314316,en,angel
potentate,0.0003722040314316,en,angel
squeezer,0.0003722040314316,en,angel
crawly,0.0003722040314316,en,angel
encumber,0.0003722040314316,en,angel
ofjack,0.0003722040314316,en,angel
hophead,0.0003722040314316,en,angel
sniveling,0.0003722040314316,en,angel
goebbel,0.0003722040314316,en,angel
tittle,0.0003722040314316,en,angel
merc,0.0003722040314316,en,angel
sexpot,0.0003722040314316,en,angel
ennui,0.0003722040314316,en,angel
spivey,0.0003722040314316,en,angel
brouhaha,0.0003722040314316,en,angel
tinseltown,0.0003722040314316,en,angel
chortle,0.0003722040314316,en,angel
repudiate,0.0003722040314316,en,angel
pamby,0.0003722040314316,en,angel
chargeable,0.0003722040314316,en,angel
pragmatism,0.0003722040314316,en,angel
carrying,0.0003722040314316,en,angel
downfield,0.0003722040314316,en,angel
nightlight,0.0003722040314316,en,angel
swordsmith,0.0003722040314316,en,angel
buttinsky,0.0003722040314316,en,angel
noted,0.0003722040314316,en,angel
scrubbing,0.0003722040314316,en,angel
doublespeak,0.0003722040314316,en,angel
tearfully,0.0003722040314316,en,angel
rouste,0.0003722040314316,en,angel
arthropod,0.0003722040314316,en,angel
autry,0.0003722040314316,en,angel
defiler,0.0003722040314316,en,angel
fabu,0.0003722040314316,en,angel
creepo,0.0003722040314316,en,angel
roping,0.0003722040314316,en,angel
superstrong,0.0003722040314316,en,angel
thoroughness,0.0003722040314316,en,angel
ectoplasmic,0.0003722040314316,en,angel
assyrian,0.0003722040314316,en,angel
carafe,0.0003722040314316,en,angel
bubbe,0.0003722040314316,en,angel
fogy,0.0003722040314316,en,angel
applauding,0.0003722040314316,en,angel
penzance,0.0003722040314316,en,angel
splotchy,0.0003722040314316,en,angel
recitation,0.0003722040314316,en,angel
wintergreen,0.0003722040314316,en,angel
magdalene,0.0003722040314316,en,angel
autoclave,0.0003722040314316,en,angel
assuredly,0.0003722040314316,en,angel
pictograph,0.0003722040314316,en,angel
cavitation,0.0003722040314316,en,angel
pictogram,0.0003722040314316,en,angel
unpretentious,0.0003722040314316,en,angel
montecito,0.0003722040314316,en,angel
starn,0.0003722040314316,en,angel
tuber,0.0003722040314316,en,angel
eyetooth,0.0003722040314316,en,angel
fouled,0.0003722040314316,en,angel
unstuck,0.0003722040314316,en,angel
elocution,0.0003722040314316,en,angel
noncompliance,0.0003722040314316,en,angel
bunche,0.0003722040314316,en,angel
fussing,0.0003722040314316,en,angel
brownnos,0.0003722040314316,en,angel
epilogue,0.0003722040314316,en,angel
joking,0.0003722040314316,en,angel
valiantly,0.0003722040314316,en,angel
powerfully,0.0003722040314316,en,angel
skinemax,0.0003722040314316,en,angel
mesopotamian,0.0003722040314316,en,angel
superstre,0.0003722040314316,en,angel
footstool,0.0003722040314316,en,angel
ofhim,0.0003722040314316,en,angel
vibrato,0.0003722040314316,en,angel
walkout,0.0003722040314316,en,angel
windward,0.0003722040314316,en,angel
shaper,0.0003722040314316,en,angel
panhandling,0.0003722040314316,en,angel
stoolie,0.0003722040314316,en,angel
wiggy,0.0003722040314316,en,angel
fealty,0.0003722040314316,en,angel
grrr,0.0003722040314316,en,angel
undocumente,0.0003722040314316,en,angel
oracles,0.0003722040314316,en,angel
everyman,0.0003722040314316,en,angel
cryptozoologist,0.0003722040314316,en,angel
wackos,0.0003722040314316,en,angel
flagging,0.0003722040314316,en,angel
pocalypse,0.0003722040314316,en,angel
gruber,0.0003722040314316,en,angel
pisshole,0.0003722040314316,en,angel
remuneration,0.0003722040314316,en,angel
aba,0.0003722040314316,en,angel
keebler,0.0003722040314316,en,angel
plotz,0.0003722040314316,en,angel
primal,0.0003715984084368,en,angel
indefinitely,0.0003715984084368,en,angel
disorient,0.0003715984084368,en,angel
fudge,0.0003715984084368,en,angel
resentment,0.0003715984084368,en,angel
bowel,0.0003715984084368,en,angel
stellar,0.0003715984084368,en,angel
rein,0.0003715984084368,en,angel
squirm,0.0003715984084368,en,angel
billing,0.0003715984084368,en,angel
broadway,0.0003715984084368,en,angel
hick,0.0003715984084368,en,angel
chump,0.0003715984084368,en,angel
limitation,0.0003715984084368,en,angel
pulp,0.0003715984084368,en,angel
known,0.0003715984084368,en,angel
leech,0.0003715984084368,en,angel
trend,0.0003715984084368,en,angel
encrypt,0.0003715984084368,en,angel
nearby,0.0003699245100156,en,angel
rocket,0.0003699245100156,en,angel
regard,0.0003699245100156,en,angel
bonus,0.0003699245100156,en,angel
sympathy,0.0003699245100156,en,angel
commit,0.0003689934964299,en,angel
program,0.0003689934964299,en,angel
comprehend,0.0003671292568035,en,angel
ruse,0.0003671292568035,en,angel
distraught,0.0003671292568035,en,angel
cinnamon,0.0003671292568035,en,angel
lowlife,0.0003671292568035,en,angel
doubtful,0.0003671292568035,en,angel
infected,0.0003671292568035,en,angel
neutralize,0.0003671292568035,en,angel
acquaint,0.0003671292568035,en,angel
outburst,0.0003671292568035,en,angel
distinctive,0.0003671292568035,en,angel
illegally,0.0003671292568035,en,angel
backstage,0.0003671292568035,en,angel
jennifer,0.0003671292568035,en,angel
bong,0.0003671292568035,en,angel
smoothly,0.0003671292568035,en,angel
deem,0.0003671292568035,en,angel
briefing,0.0003671292568035,en,angel
bye,0.0003667222389204,en,angel
russian,0.0003667222389204,en,angel
disorder,0.0003667222389204,en,angel
blend,0.0003667222389204,en,angel
gotcha,0.0003635602490338,en,angel
replacement,0.0003635602490338,en,angel
prophet,0.0003627762002592,en,angel
snort,0.0003627762002592,en,angel
clueless,0.0003627762002592,en,angel
enthusiastic,0.0003627762002592,en,angel
beware,0.0003627762002592,en,angel
swift,0.0003627762002592,en,angel
setback,0.0003627762002592,en,angel
empathy,0.0003627762002592,en,angel
bumpy,0.0003627762002592,en,angel
preoccupy,0.0003627762002592,en,angel
applaud,0.0003627762002592,en,angel
tailor,0.0003627762002592,en,angel
taunt,0.0003627762002592,en,angel
unplug,0.0003627762002592,en,angel
refund,0.0003627762002592,en,angel
disabled,0.0003627762002592,en,angel
exterior,0.0003627762002592,en,angel
elude,0.0003627762002592,en,angel
trench,0.0003627762002592,en,angel
conservative,0.0003627762002592,en,angel
babble,0.0003627762002592,en,angel
microscope,0.0003627762002592,en,angel
brunch,0.0003627762002592,en,angel
distinction,0.0003627762002592,en,angel
dropping,0.0003627762002592,en,angel
qualified,0.0003604375395412,en,angel
severe,0.0003604375395412,en,angel
reception,0.0003604375395412,en,angel
orange,0.0003604375395412,en,angel
reporter,0.0003604375395412,en,angel
tissue,0.0003604375395412,en,angel
forest,0.0003604375395412,en,angel
harmless,0.0003604375395412,en,angel
stamp,0.0003604375395412,en,angel
protocol,0.0003604375395412,en,angel
manipulate,0.0003604375395412,en,angel
merci,0.0003585333596046,en,angel
fatality,0.0003585333596046,en,angel
ventilation,0.0003585333596046,en,angel
tiffany,0.0003585333596046,en,angel
teeny,0.0003585333596046,en,angel
greatly,0.0003585333596046,en,angel
cavalry,0.0003585333596046,en,angel
vase,0.0003585333596046,en,angel
statistically,0.0003585333596046,en,angel
ale,0.0003585333596046,en,angel
covert,0.0003585333596046,en,angel
sparkle,0.0003585333596046,en,angel
carrie,0.0003585333596046,en,angel
modification,0.0003585333596046,en,angel
granddaughter,0.0003585333596046,en,angel
bead,0.0003585333596046,en,angel
token,0.0003585333596046,en,angel
menace,0.0003585333596046,en,angel
mellow,0.0003585333596046,en,angel
decay,0.0003585333596046,en,angel
cloak,0.0003585333596046,en,angel
defender,0.0003585333596046,en,angel
charitable,0.0003585333596046,en,angel
revolve,0.0003585333596046,en,angel
scalp,0.0003585333596046,en,angel
whatnot,0.0003585333596046,en,angel
interpretation,0.0003585333596046,en,angel
palm,0.00035735314647,en,angel
sock,0.00035735314647,en,angel
bride,0.00035735314647,en,angel
shrink,0.00035735314647,en,angel
rustle,0.0003543952912288,en,angel
acting,0.0003543952912288,en,angel
restraining,0.0003543952912288,en,angel
superficial,0.0003543952912288,en,angel
shuffle,0.0003543952912288,en,angel
nightclub,0.0003543952912288,en,angel
smother,0.0003543952912288,en,angel
tilt,0.0003543952912288,en,angel
chore,0.0003543952912288,en,angel
unharmed,0.0003543952912288,en,angel
overhead,0.0003543952912288,en,angel
unauthorized,0.0003543952912288,en,angel
conspire,0.0003543952912288,en,angel
cram,0.0003543952912288,en,angel
milligram,0.0003543952912288,en,angel
corruption,0.0003543952912288,en,angel
blouse,0.0003543952912288,en,angel
cattle,0.0003543952912288,en,angel
squirt,0.0003543952912288,en,angel
sophomore,0.0003543952912288,en,angel
roster,0.0003543952912288,en,angel
corp,0.0003543952912288,en,angel
unaware,0.0003543952912288,en,angel
finnish,0.0003535064701755,en,angel
zips,0.0003535064701755,en,angel
northeastern,0.0003535064701755,en,angel
prescient,0.0003535064701755,en,angel
hoofbeat,0.0003535064701755,en,angel
folg,0.0003535064701755,en,angel
backache,0.0003535064701755,en,angel
shawl,0.0003535064701755,en,angel
dimmer,0.0003535064701755,en,angel
retrovirus,0.0003535064701755,en,angel
nautilus,0.0003535064701755,en,angel
nippy,0.0003535064701755,en,angel
greenskeeper,0.0003535064701755,en,angel
preordain,0.0003535064701755,en,angel
mongo,0.0003535064701755,en,angel
disproven,0.0003535064701755,en,angel
whirly,0.0003535064701755,en,angel
womenfolk,0.0003535064701755,en,angel
menfolk,0.0003535064701755,en,angel
androgynous,0.0003535064701755,en,angel
actualization,0.0003535064701755,en,angel
algernon,0.0003535064701755,en,angel
geppetto,0.0003535064701755,en,angel
hirsute,0.0003535064701755,en,angel
wraparound,0.0003535064701755,en,angel
couldjust,0.0003535064701755,en,angel
paleface,0.0003535064701755,en,angel
maggoty,0.0003535064701755,en,angel
searchin,0.0003535064701755,en,angel
guttural,0.0003535064701755,en,angel
carlsbad,0.0003535064701755,en,angel
teleporter,0.0003535064701755,en,angel
underfunde,0.0003535064701755,en,angel
cyril,0.0003535064701755,en,angel
baffled,0.0003535064701755,en,angel
extractor,0.0003535064701755,en,angel
huffing,0.0003535064701755,en,angel
minuscule,0.0003535064701755,en,angel
fieldwork,0.0003535064701755,en,angel
tradeoff,0.0003535064701755,en,angel
wormy,0.0003535064701755,en,angel
untamed,0.0003535064701755,en,angel
viscous,0.0003535064701755,en,angel
statuary,0.0003535064701755,en,angel
theological,0.0003535064701755,en,angel
videoe,0.0003535064701755,en,angel
stormin,0.0003535064701755,en,angel
dicker,0.0003535064701755,en,angel
swirling,0.0003535064701755,en,angel
swamped,0.0003535064701755,en,angel
rattled,0.0003535064701755,en,angel
conflagration,0.0003535064701755,en,angel
amalfi,0.0003535064701755,en,angel
shivering,0.0003535064701755,en,angel
squeaker,0.0003535064701755,en,angel
halcyon,0.0003535064701755,en,angel
flambe,0.0003535064701755,en,angel
marquez,0.0003535064701755,en,angel
nuart,0.0003535064701755,en,angel
kaleidoscope,0.0003535064701755,en,angel
oscillator,0.0003535064701755,en,angel
hecate,0.0003535064701755,en,angel
mand,0.0003535064701755,en,angel
glinda,0.0003535064701755,en,angel
smoldering,0.0003535064701755,en,angel
plex,0.0003535064701755,en,angel
telephonic,0.0003535064701755,en,angel
watchtow,0.0003535064701755,en,angel
voyeuristic,0.0003535064701755,en,angel
schoen,0.0003535064701755,en,angel
archenemy,0.0003535064701755,en,angel
stoller,0.0003535064701755,en,angel
sucki,0.0003535064701755,en,angel
noticing,0.0003535064701755,en,angel
wakin,0.0003535064701755,en,angel
icebox,0.0003535064701755,en,angel
cosmological,0.0003535064701755,en,angel
overhang,0.0003535064701755,en,angel
rayne,0.0003535064701755,en,angel
worshiper,0.0003535064701755,en,angel
bellyful,0.0003535064701755,en,angel
lounger,0.0003535064701755,en,angel
nuanced,0.0003535064701755,en,angel
incan,0.0003535064701755,en,angel
perplex,0.0003535064701755,en,angel
orpheus,0.0003535064701755,en,angel
atkinson,0.0003535064701755,en,angel
aii,0.0003535064701755,en,angel
rumpled,0.0003535064701755,en,angel
screwball,0.0003535064701755,en,angel
giggly,0.0003535064701755,en,angel
corruptible,0.0003535064701755,en,angel
offiicer,0.0003535064701755,en,angel
stiffen,0.0003535064701755,en,angel
whatsit,0.0003535064701755,en,angel
fastener,0.0003535064701755,en,angel
unendurable,0.0003535064701755,en,angel
reattachment,0.0003535064701755,en,angel
vivisection,0.0003535064701755,en,angel
wildebeest,0.0003535064701755,en,angel
vittle,0.0003535064701755,en,angel
cleverer,0.0003535064701755,en,angel
zippo,0.0003535064701755,en,angel
cuddling,0.0003535064701755,en,angel
speechifying,0.0003535064701755,en,angel
outstrip,0.0003535064701755,en,angel
hester,0.0003535064701755,en,angel
skateboarder,0.0003535064701755,en,angel
dresden,0.0003535064701755,en,angel
avarice,0.0003535064701755,en,angel
extoll,0.0003535064701755,en,angel
viciousness,0.0003535064701755,en,angel
healthwise,0.0003535064701755,en,angel
interspecie,0.0003535064701755,en,angel
mxico,0.0003535064701755,en,angel
blahnik,0.0003535064701755,en,angel
sophisticate,0.0003535064701755,en,angel
autonomously,0.0003535064701755,en,angel
spreadin,0.0003535064701755,en,angel
gruel,0.0003535064701755,en,angel
pookie,0.0003535064701755,en,angel
boff,0.0003535064701755,en,angel
dotty,0.0003535064701755,en,angel
godliness,0.0003535064701755,en,angel
timed,0.0003535064701755,en,angel
chumash,0.0003535064701755,en,angel
signora,0.0003535064701755,en,angel
cooped,0.0003535064701755,en,angel
omniscience,0.0003535064701755,en,angel
dais,0.0003535064701755,en,angel
expatriate,0.0003535064701755,en,angel
accordion,0.0003535064701755,en,angel
boffe,0.0003535064701755,en,angel
ambrosia,0.0003535064701755,en,angel
wrongness,0.0003535064701755,en,angel
noticed,0.0003535064701755,en,angel
elysium,0.0003535064701755,en,angel
pastel,0.0003535064701755,en,angel
stymie,0.0003535064701755,en,angel
goosey,0.0003535064701755,en,angel
cur,0.0003535064701755,en,angel
bobbin,0.0003535064701755,en,angel
tojump,0.0003535064701755,en,angel
beanpole,0.0003535064701755,en,angel
glacier,0.0003535064701755,en,angel
outgo,0.0003535064701755,en,angel
triumvirate,0.0003535064701755,en,angel
scantily,0.0003535064701755,en,angel
poseur,0.0003535064701755,en,angel
bulging,0.0003535064701755,en,angel
abattoir,0.0003535064701755,en,angel
dimwitte,0.0003535064701755,en,angel
undertow,0.0003535064701755,en,angel
importante,0.0003535064701755,en,angel
proportionate,0.0003535064701755,en,angel
inverted,0.0003535064701755,en,angel
tightrope,0.0003535064701755,en,angel
revolting,0.0003535064701755,en,angel
aux,0.0003535064701755,en,angel
slaughtering,0.0003535064701755,en,angel
curative,0.0003535064701755,en,angel
coexistence,0.0003535064701755,en,angel
dolt,0.0003535064701755,en,angel
manliness,0.0003535064701755,en,angel
baldwin,0.0003535064701755,en,angel
unreasonably,0.0003535064701755,en,angel
pennysaver,0.0003535064701755,en,angel
cantonese,0.0003535064701755,en,angel
infinitesimal,0.0003535064701755,en,angel
slippin,0.0003535064701755,en,angel
bipe,0.0003535064701755,en,angel
plummer,0.0003535064701755,en,angel
lan,0.0003535064701755,en,angel
hollering,0.0003535064701755,en,angel
insomniacs,0.0003535064701755,en,angel
rambunctious,0.0003535064701755,en,angel
mallomar,0.0003535064701755,en,angel
activator,0.0003535064701755,en,angel
unassuming,0.0003535064701755,en,angel
bleh,0.0003535064701755,en,angel
arid,0.0003535064701755,en,angel
pire,0.0003535064701755,en,angel
rotted,0.0003535064701755,en,angel
preshow,0.0003535064701755,en,angel
nocturne,0.0003535064701755,en,angel
workmanship,0.0003535064701755,en,angel
disappointed,0.0003512956272974,en,angel
resolve,0.0003512956272974,en,angel
menu,0.0003512956272974,en,angel
embrace,0.0003512956272974,en,angel
soda,0.0003512956272974,en,angel
oxygen,0.0003512956272974,en,angel
lost,0.0003512956272974,en,angel
thumb,0.0003512956272974,en,angel
alternative,0.0003512956272974,en,angel
sighting,0.0003503569451138,en,angel
logo,0.0003503569451138,en,angel
solitary,0.0003503569451138,en,angel
reform,0.0003503569451138,en,angel
randomly,0.0003503569451138,en,angel
arch,0.0003503569451138,en,angel
tangle,0.0003503569451138,en,angel
weave,0.0003503569451138,en,angel
chapel,0.0003503569451138,en,angel
snot,0.0003503569451138,en,angel
sarah,0.0003503569451138,en,angel
screwdriver,0.0003503569451138,en,angel
cling,0.0003503569451138,en,angel
dough,0.0003503569451138,en,angel
linen,0.0003503569451138,en,angel
mil,0.0003503569451138,en,angel
poop,0.0003503569451138,en,angel
marina,0.0003503569451138,en,angel
painter,0.0003503569451138,en,angel
wannabe,0.0003503569451138,en,angel
replicate,0.0003503569451138,en,angel
mislead,0.0003503569451138,en,angel
unknown,0.0003483207419088,en,angel
ordinary,0.0003483207419088,en,angel
reduce,0.0003483207419088,en,angel
anniversary,0.0003483207419088,en,angel
rank,0.0003483207419088,en,angel
med,0.0003483207419088,en,angel
pulse,0.0003483207419088,en,angel
bleach,0.0003464136277817,en,angel
rapidly,0.0003464136277817,en,angel
quantity,0.0003464136277817,en,angel
amazingly,0.0003464136277817,en,angel
fingertip,0.0003464136277817,en,angel
representation,0.0003464136277817,en,angel
brink,0.0003464136277817,en,angel
mercury,0.0003464136277817,en,angel
willingly,0.0003464136277817,en,angel
spur,0.0003464136277817,en,angel
throne,0.0003464136277817,en,angel
airborne,0.0003464136277817,en,angel
differ,0.0003464136277817,en,angel
packing,0.0003464136277817,en,angel
malt,0.0003464136277817,en,angel
dependent,0.0003464136277817,en,angel
hurricane,0.0003464136277817,en,angel
skilled,0.0003464136277817,en,angel
feedback,0.0003464136277817,en,angel
storage,0.0003453806512994,en,angel
noon,0.0003453806512994,en,angel
candidate,0.0003453806512994,en,angel
diamond,0.0003453806512994,en,angel
booby,0.0003425609695021,en,angel
extortion,0.0003425609695021,en,angel
gutter,0.0003425609695021,en,angel
slipper,0.0003425609695021,en,angel
phenomenon,0.0003425609695021,en,angel
shaky,0.0003425609695021,en,angel
intriguing,0.0003425609695021,en,angel
fleet,0.0003425609695021,en,angel
staple,0.0003425609695021,en,angel
bankrupt,0.0003425609695021,en,angel
goon,0.0003425609695021,en,angel
rewrite,0.0003425609695021,en,angel
bob,0.0003425609695021,en,angel
spectrum,0.0003425609695021,en,angel
accomplishment,0.0003425609695021,en,angel
rolling,0.0003425609695021,en,angel
dilemma,0.0003425609695021,en,angel
dancing,0.0003424745509383,en,angel
safely,0.0003424745509383,en,angel
structure,0.0003424745509383,en,angel
dose,0.0003424745509383,en,angel
lane,0.0003424745509383,en,angel
active,0.00033960166388,en,angel
playing,0.00033960166388,en,angel
update,0.00033960166388,en,angel
gram,0.0003387948951843,en,angel
uptight,0.0003387948951843,en,angel
relocate,0.0003387948951843,en,angel
flop,0.0003387948951843,en,angel
sammy,0.0003387948951843,en,angel
taking,0.0003387948951843,en,angel
considerable,0.0003387948951843,en,angel
tyler,0.0003387948951843,en,angel
chairman,0.0003387948951843,en,angel
reinstate,0.0003387948951843,en,angel
wink,0.0003387948951843,en,angel
cape,0.0003387948951843,en,angel
triumph,0.0003387948951843,en,angel
portfolio,0.0003387948951843,en,angel
dearly,0.0003387948951843,en,angel
indoor,0.0003387948951843,en,angel
gracia,0.0003387948951843,en,angel
holder,0.0003387948951843,en,angel
brainwash,0.0003387948951843,en,angel
speculation,0.0003387948951843,en,angel
battlefield,0.0003387948951843,en,angel
martyr,0.0003387948951843,en,angel
attachment,0.0003387948951843,en,angel
atmosphere,0.0003387948951843,en,angel
minutia,0.0003382294502644,en,angel
savin,0.0003382294502644,en,angel
fearlessly,0.0003382294502644,en,angel
hibernating,0.0003382294502644,en,angel
sayer,0.0003382294502644,en,angel
taping,0.0003382294502644,en,angel
unmake,0.0003382294502644,en,angel
kimball,0.0003382294502644,en,angel
drano,0.0003382294502644,en,angel
pincushion,0.0003382294502644,en,angel
congress,0.0003382294502644,en,angel
petersburg,0.0003382294502644,en,angel
clumpy,0.0003382294502644,en,angel
rappelling,0.0003382294502644,en,angel
redcoat,0.0003382294502644,en,angel
prussian,0.0003382294502644,en,angel
polynomial,0.0003382294502644,en,angel
gidget,0.0003382294502644,en,angel
subhuman,0.0003382294502644,en,angel
infinitum,0.0003382294502644,en,angel
agey,0.0003382294502644,en,angel
mysticism,0.0003382294502644,en,angel
evita,0.0003382294502644,en,angel
jaunty,0.0003382294502644,en,angel
haughty,0.0003382294502644,en,angel
whoopsie,0.0003382294502644,en,angel
tnt,0.0003382294502644,en,angel
jest,0.0003382294502644,en,angel
lovelorn,0.0003382294502644,en,angel
stalin,0.0003382294502644,en,angel
furrowed,0.0003382294502644,en,angel
yack,0.0003382294502644,en,angel
yeesh,0.0003382294502644,en,angel
parley,0.0003382294502644,en,angel
guessin,0.0003382294502644,en,angel
aught,0.0003382294502644,en,angel
growin,0.0003382294502644,en,angel
shea,0.0003382294502644,en,angel
lute,0.0003382294502644,en,angel
sizzler,0.0003382294502644,en,angel
copernicus,0.0003382294502644,en,angel
patronizing,0.0003382294502644,en,angel
southpaw,0.0003382294502644,en,angel
cuneiform,0.0003382294502644,en,angel
goran,0.0003382294502644,en,angel
rancho,0.0003382294502644,en,angel
tenderize,0.0003382294502644,en,angel
gawker,0.0003382294502644,en,angel
concentric,0.0003382294502644,en,angel
heartthrob,0.0003382294502644,en,angel
honkin,0.0003382294502644,en,angel
woodbury,0.0003382294502644,en,angel
astringent,0.0003382294502644,en,angel
griff,0.0003382294502644,en,angel
huggable,0.0003382294502644,en,angel
pcp,0.0003382294502644,en,angel
compos,0.0003382294502644,en,angel
unlicensed,0.0003382294502644,en,angel
flapper,0.0003382294502644,en,angel
mitosis,0.0003382294502644,en,angel
scraggly,0.0003382294502644,en,angel
rah,0.0003382294502644,en,angel
hoodoo,0.0003382294502644,en,angel
keanu,0.0003382294502644,en,angel
baddie,0.0003382294502644,en,angel
trying,0.0003382294502644,en,angel
marinade,0.0003382294502644,en,angel
scowly,0.0003382294502644,en,angel
pounding,0.0003382294502644,en,angel
arbitrarily,0.0003382294502644,en,angel
taciturn,0.0003382294502644,en,angel
breaky,0.0003382294502644,en,angel
troglodyte,0.0003382294502644,en,angel
unhinged,0.0003382294502644,en,angel
tuscan,0.0003382294502644,en,angel
skintight,0.0003382294502644,en,angel
socal,0.0003382294502644,en,angel
easel,0.0003382294502644,en,angel
toothe,0.0003382294502644,en,angel
stefan,0.0003382294502644,en,angel
immobilized,0.0003382294502644,en,angel
puzzler,0.0003382294502644,en,angel
tedium,0.0003382294502644,en,angel
alhambra,0.0003382294502644,en,angel
outmatch,0.0003382294502644,en,angel
crapola,0.0003382294502644,en,angel
intoxicating,0.0003382294502644,en,angel
thejob,0.0003382294502644,en,angel
pectoral,0.0003382294502644,en,angel
squashed,0.0003382294502644,en,angel
rumple,0.0003382294502644,en,angel
accusatory,0.0003382294502644,en,angel
referencing,0.0003382294502644,en,angel
vampirism,0.0003382294502644,en,angel
giorno,0.0003382294502644,en,angel
strudel,0.0003382294502644,en,angel
croon,0.0003382294502644,en,angel
foist,0.0003382294502644,en,angel
birdy,0.0003382294502644,en,angel
feedin,0.0003382294502644,en,angel
somatic,0.0003382294502644,en,angel
sprayer,0.0003382294502644,en,angel
magnus,0.0003382294502644,en,angel
berber,0.0003382294502644,en,angel
hellenic,0.0003382294502644,en,angel
slutte,0.0003382294502644,en,angel
puzzling,0.0003382294502644,en,angel
maraschino,0.0003382294502644,en,angel
regis,0.0003382294502644,en,angel
hedgehog,0.0003382294502644,en,angel
bupke,0.0003382294502644,en,angel
smidgen,0.0003382294502644,en,angel
adjusted,0.0003382294502644,en,angel
claws,0.0003382294502644,en,angel
reawaken,0.0003382294502644,en,angel
toothache,0.0003382294502644,en,angel
sma,0.0003382294502644,en,angel
shania,0.0003382294502644,en,angel
herbie,0.0003382294502644,en,angel
seward,0.0003382294502644,en,angel
nonlethal,0.0003382294502644,en,angel
confidentially,0.0003382294502644,en,angel
rama,0.0003382294502644,en,angel
cuisinart,0.0003382294502644,en,angel
lysol,0.0003382294502644,en,angel
buccaneer,0.0003382294502644,en,angel
grog,0.0003382294502644,en,angel
haire,0.0003382294502644,en,angel
indescribable,0.0003382294502644,en,angel
archdiocese,0.0003382294502644,en,angel
faithfulness,0.0003382294502644,en,angel
dissimilar,0.0003382294502644,en,angel
idiom,0.0003382294502644,en,angel
wheelman,0.0003382294502644,en,angel
palatial,0.0003382294502644,en,angel
multiverse,0.0003382294502644,en,angel
magoo,0.0003382294502644,en,angel
seagal,0.0003382294502644,en,angel
mandrake,0.0003382294502644,en,angel
robertson,0.0003382294502644,en,angel
indemnify,0.0003382294502644,en,angel
gauche,0.0003382294502644,en,angel
traditionalist,0.0003382294502644,en,angel
tandoori,0.0003382294502644,en,angel
crosby,0.0003382294502644,en,angel
fractal,0.0003382294502644,en,angel
bauble,0.0003382294502644,en,angel
jetson,0.0003382294502644,en,angel
tartare,0.0003382294502644,en,angel
showbiz,0.0003382294502644,en,angel
kwon,0.0003382294502644,en,angel
enclosure,0.0003382294502644,en,angel
sunburst,0.0003382294502644,en,angel
monarchy,0.0003382294502644,en,angel
prat,0.0003382294502644,en,angel
poss,0.0003382294502644,en,angel
earthbound,0.0003382294502644,en,angel
socializing,0.0003382294502644,en,angel
obfuscate,0.0003382294502644,en,angel
hunted,0.0003382294502644,en,angel
chickadee,0.0003382294502644,en,angel
investing,0.0003382294502644,en,angel
sulky,0.0003382294502644,en,angel
soylent,0.0003382294502644,en,angel
exploitative,0.0003382294502644,en,angel
sublimate,0.0003382294502644,en,angel
dowdy,0.0003382294502644,en,angel
linchpin,0.0003382294502644,en,angel
beefcake,0.0003382294502644,en,angel
decreed,0.0003382294502644,en,angel
sighted,0.0003382294502644,en,angel
bleat,0.0003382294502644,en,angel
tranqs,0.0003382294502644,en,angel
whinge,0.0003382294502644,en,angel
bucko,0.0003382294502644,en,angel
stripping,0.0003382294502644,en,angel
megalomaniac,0.0003382294502644,en,angel
stocky,0.0003382294502644,en,angel
skinless,0.0003382294502644,en,angel
newspaper,0.0003367612395171,en,angel
maintain,0.0003367612395171,en,angel
underestimate,0.0003367612395171,en,angel
appeal,0.0003367612395171,en,angel
propose,0.0003367612395171,en,angel
construct,0.0003351115984697,en,angel
grumpy,0.0003351115984697,en,angel
epic,0.0003351115984697,en,angel
sprinkle,0.0003351115984697,en,angel
fragment,0.0003351115984697,en,angel
despise,0.0003351115984697,en,angel
blueprint,0.0003351115984697,en,angel
arouse,0.0003351115984697,en,angel
anchor,0.0003351115984697,en,angel
peer,0.0003351115984697,en,angel
insect,0.0003351115984697,en,angel
maniac,0.0003351115984697,en,angel
shortcut,0.0003351115984697,en,angel
alliance,0.0003351115984697,en,angel
billionaire,0.0003351115984697,en,angel
wheat,0.0003351115984697,en,angel
cater,0.0003351115984697,en,angel
woo,0.0003351115984697,en,angel
unfinished,0.0003351115984697,en,angel
desperation,0.0003351115984697,en,angel
oddly,0.0003351115984697,en,angel
detain,0.0003351115984697,en,angel
ridge,0.0003351115984697,en,angel
immature,0.0003351115984697,en,angel
rib,0.0003339525524033,en,angel
quote,0.0003339525524033,en,angel
flatter,0.0003339525524033,en,angel
policeman,0.0003315075186105,en,angel
accelerate,0.0003315075186105,en,angel
yield,0.0003315075186105,en,angel
ruthless,0.0003315075186105,en,angel
vivid,0.0003315075186105,en,angel
crust,0.0003315075186105,en,angel
buster,0.0003315075186105,en,angel
belonging,0.0003315075186105,en,angel
noodle,0.0003315075186105,en,angel
detonate,0.0003315075186105,en,angel
ethical,0.0003315075186105,en,angel
catalog,0.0003315075186105,en,angel
compartment,0.0003315075186105,en,angel
crook,0.0003315075186105,en,angel
firework,0.0003315075186105,en,angel
climate,0.0003315075186105,en,angel
stripe,0.0003315075186105,en,angel
bass,0.0003315075186105,en,angel
wiring,0.0003315075186105,en,angel
breakup,0.0003315075186105,en,angel
persuasive,0.0003315075186105,en,angel
multi,0.0003315075186105,en,angel
substantial,0.0003315075186105,en,angel
sneaky,0.0003315075186105,en,angel
skim,0.0003315075186105,en,angel
windshield,0.0003315075186105,en,angel
infant,0.0003315075186105,en,angel
zap,0.0003315075186105,en,angel
got,0.0003311749011413,en,angel
loan,0.0003311749011413,en,angel
prime,0.0003311749011413,en,angel
assignment,0.0003284276073314,en,angel
donut,0.0003279793197823,en,angel
related,0.0003279793197823,en,angel
yummy,0.0003279793197823,en,angel
overly,0.0003279793197823,en,angel
unidentified,0.0003279793197823,en,angel
exaggerate,0.0003279793197823,en,angel
sheer,0.0003279793197823,en,angel
cube,0.0003279793197823,en,angel
hopeful,0.0003279793197823,en,angel
cradle,0.0003279793197823,en,angel
pudding,0.0003279793197823,en,angel
lord,0.0003279793197823,en,angel
cologne,0.0003279793197823,en,angel
interruption,0.0003279793197823,en,angel
steroid,0.0003279793197823,en,angel
vial,0.0003279793197823,en,angel
trunk,0.0003257100145768,en,angel
leak,0.0003257100145768,en,angel
fence,0.0003257100145768,en,angel
proceed,0.0003257100145768,en,angel
savagery,0.0003253129139729,en,angel
bulgarian,0.0003253129139729,en,angel
cleave,0.0003253129139729,en,angel
overshadow,0.0003253129139729,en,angel
grimoire,0.0003253129139729,en,angel
delaney,0.0003253129139729,en,angel
salvageable,0.0003253129139729,en,angel
elton,0.0003253129139729,en,angel
cryptography,0.0003253129139729,en,angel
perishable,0.0003253129139729,en,angel
prejudicial,0.0003253129139729,en,angel
formulation,0.0003253129139729,en,angel
grindstone,0.0003253129139729,en,angel
troubadour,0.0003253129139729,en,angel
silverlake,0.0003253129139729,en,angel
beheading,0.0003253129139729,en,angel
needlessly,0.0003253129139729,en,angel
hejust,0.0003253129139729,en,angel
boyhood,0.0003253129139729,en,angel
peeping,0.0003253129139729,en,angel
repulsion,0.0003253129139729,en,angel
neutrino,0.0003253129139729,en,angel
sixteenth,0.0003253129139729,en,angel
nomadic,0.0003253129139729,en,angel
mochaccino,0.0003253129139729,en,angel
touristy,0.0003253129139729,en,angel
attuned,0.0003253129139729,en,angel
ventriloquist,0.0003253129139729,en,angel
stasis,0.0003253129139729,en,angel
nomenclature,0.0003253129139729,en,angel
leaning,0.0003253129139729,en,angel
weensy,0.0003253129139729,en,angel
boxy,0.0003253129139729,en,angel
pitter,0.0003253129139729,en,angel
transitive,0.0003253129139729,en,angel
greenish,0.0003253129139729,en,angel
rebate,0.0003253129139729,en,angel
restructuring,0.0003253129139729,en,angel
streisand,0.0003253129139729,en,angel
reopening,0.0003253129139729,en,angel
pantywaist,0.0003253129139729,en,angel
idealized,0.0003253129139729,en,angel
heimlich,0.0003253129139729,en,angel
unidentifiable,0.0003253129139729,en,angel
insolent,0.0003253129139729,en,angel
apathetic,0.0003253129139729,en,angel
finality,0.0003253129139729,en,angel
unifying,0.0003253129139729,en,angel
ranting,0.0003253129139729,en,angel
conjurer,0.0003253129139729,en,angel
moisturize,0.0003253129139729,en,angel
bullhorn,0.0003253129139729,en,angel
zany,0.0003253129139729,en,angel
intricacy,0.0003253129139729,en,angel
cochran,0.0003253129139729,en,angel
preston,0.0003253129139729,en,angel
smothering,0.0003253129139729,en,angel
catalyze,0.0003253129139729,en,angel
munching,0.0003253129139729,en,angel
caster,0.0003253129139729,en,angel
fibber,0.0003253129139729,en,angel
undisturbed,0.0003253129139729,en,angel
unmentionable,0.0003253129139729,en,angel
cerebrum,0.0003253129139729,en,angel
braxton,0.0003253129139729,en,angel
enfant,0.0003253129139729,en,angel
trudge,0.0003253129139729,en,angel
hayley,0.0003253129139729,en,angel
lesbo,0.0003253129139729,en,angel
horizontally,0.0003253129139729,en,angel
macgyver,0.0003253129139729,en,angel
tirade,0.0003253129139729,en,angel
mechanized,0.0003253129139729,en,angel
siegfried,0.0003253129139729,en,angel
pancreas,0.0003253129139729,en,angel
geyser,0.0003253129139729,en,angel
legalese,0.0003253129139729,en,angel
warwick,0.0003253129139729,en,angel
burlap,0.0003253129139729,en,angel
badminton,0.0003253129139729,en,angel
indecency,0.0003253129139729,en,angel
laurence,0.0003253129139729,en,angel
shattering,0.0003253129139729,en,angel
cuckold,0.0003253129139729,en,angel
steaming,0.0003253129139729,en,angel
athleticism,0.0003253129139729,en,angel
garbo,0.0003253129139729,en,angel
emeritus,0.0003253129139729,en,angel
mastercard,0.0003253129139729,en,angel
gestation,0.0003253129139729,en,angel
gravitate,0.0003253129139729,en,angel
quivering,0.0003253129139729,en,angel
rend,0.0003253129139729,en,angel
tunic,0.0003253129139729,en,angel
candyland,0.0003253129139729,en,angel
verne,0.0003253129139729,en,angel
pouting,0.0003253129139729,en,angel
inhaling,0.0003253129139729,en,angel
selenium,0.0003253129139729,en,angel
layabout,0.0003253129139729,en,angel
supersize,0.0003253129139729,en,angel
tyson,0.0003253129139729,en,angel
viola,0.0003253129139729,en,angel
sputum,0.0003253129139729,en,angel
bereaved,0.0003253129139729,en,angel
loudmouth,0.0003253129139729,en,angel
transpose,0.0003253129139729,en,angel
stratagem,0.0003253129139729,en,angel
enquirer,0.0003253129139729,en,angel
ficus,0.0003253129139729,en,angel
battering,0.0003253129139729,en,angel
stricture,0.0003253129139729,en,angel
kept,0.0003253129139729,en,angel
camembert,0.0003253129139729,en,angel
behoove,0.0003253129139729,en,angel
outmaneuver,0.0003253129139729,en,angel
panoramic,0.0003253129139729,en,angel
petticoat,0.0003253129139729,en,angel
herbivore,0.0003253129139729,en,angel
jeeve,0.0003253129139729,en,angel
sauerkraut,0.0003253129139729,en,angel
moriarty,0.0003253129139729,en,angel
galore,0.0003253129139729,en,angel
moratorium,0.0003253129139729,en,angel
stonehenge,0.0003253129139729,en,angel
pointed,0.0003253129139729,en,angel
newt,0.0003253129139729,en,angel
sediment,0.0003253129139729,en,angel
dinger,0.0003253129139729,en,angel
chiefly,0.0003253129139729,en,angel
epidermis,0.0003253129139729,en,angel
sneakin,0.0003253129139729,en,angel
krazy,0.0003253129139729,en,angel
bridle,0.0003253129139729,en,angel
italiano,0.0003253129139729,en,angel
soir,0.0003253129139729,en,angel
paprika,0.0003253129139729,en,angel
slowpoke,0.0003253129139729,en,angel
burka,0.0003253129139729,en,angel
prologue,0.0003253129139729,en,angel
oft,0.0003253129139729,en,angel
stomping,0.0003253129139729,en,angel
heckler,0.0003253129139729,en,angel
operandi,0.0003253129139729,en,angel
translating,0.0003253129139729,en,angel
sendoff,0.0003253129139729,en,angel
recidivism,0.0003253129139729,en,angel
banishment,0.0003253129139729,en,angel
siegel,0.0003253129139729,en,angel
flounder,0.0003253129139729,en,angel
bubblehead,0.0003253129139729,en,angel
jughead,0.0003253129139729,en,angel
muchacho,0.0003253129139729,en,angel
disparate,0.0003253129139729,en,angel
hypno,0.0003253129139729,en,angel
entomb,0.0003253129139729,en,angel
dreamboat,0.0003253129139729,en,angel
drooling,0.0003253129139729,en,angel
westward,0.0003253129139729,en,angel
braveheart,0.0003253129139729,en,angel
byzantine,0.0003253129139729,en,angel
ecuador,0.0003253129139729,en,angel
manservant,0.0003253129139729,en,angel
derek,0.0003245238725309,en,angel
doug,0.0003245238725309,en,angel
margarita,0.0003245238725309,en,angel
babysit,0.0003245238725309,en,angel
historical,0.0003245238725309,en,angel
clap,0.0003245238725309,en,angel
magically,0.0003245238725309,en,angel
assassination,0.0003245238725309,en,angel
amigo,0.0003245238725309,en,angel
statistic,0.0003245238725309,en,angel
jammed,0.0003245238725309,en,angel
deception,0.0003245238725309,en,angel
interior,0.0003245238725309,en,angel
recon,0.0003245238725309,en,angel
comfy,0.0003245238725309,en,angel
mailbox,0.0003245238725309,en,angel
override,0.0003245238725309,en,angel
invention,0.0003245238725309,en,angel
womb,0.0003245238725309,en,angel
drool,0.0003245238725309,en,angel
blast,0.0003230214875425,en,angel
establish,0.0003230214875425,en,angel
reveal,0.0003230214875425,en,angel
comment,0.0003230214875425,en,angel
videotape,0.0003211382370923,en,angel
rainbow,0.0003211382370923,en,angel
destine,0.0003211382370923,en,angel
charade,0.0003211382370923,en,angel
chalk,0.0003211382370923,en,angel
impatient,0.0003211382370923,en,angel
trading,0.0003211382370923,en,angel
rooftop,0.0003211382370923,en,angel
righty,0.0003211382370923,en,angel
impose,0.0003211382370923,en,angel
hawk,0.0003211382370923,en,angel
sally,0.0003211382370923,en,angel
nurture,0.0003211382370923,en,angel
millimeter,0.0003211382370923,en,angel
tramp,0.0003211382370923,en,angel
ping,0.0003211382370923,en,angel
withhold,0.0003211382370923,en,angel
taint,0.0003211382370923,en,angel
veteran,0.0003211382370923,en,angel
fulfil,0.0003211382370923,en,angel
trespass,0.0003211382370923,en,angel
dialogue,0.0003211382370923,en,angel
hijack,0.0003211382370923,en,angel
agreement,0.0003203614110636,en,angel
classic,0.0003203614110636,en,angel
properly,0.0003203614110636,en,angel
meaningful,0.0003178196483657,en,angel
duke,0.0003178196483657,en,angel
fireman,0.0003178196483657,en,angel
separation,0.0003178196483657,en,angel
sentiment,0.0003178196483657,en,angel
spec,0.0003178196483657,en,angel
bio,0.0003178196483657,en,angel
aggression,0.0003178196483657,en,angel
payroll,0.0003178196483657,en,angel
smear,0.0003178196483657,en,angel
proposition,0.0003178196483657,en,angel
extent,0.0003178196483657,en,angel
vehicle,0.0003177291893003,en,angel
exercise,0.0003177291893003,en,angel
choke,0.0003177291893003,en,angel
successful,0.0003151242449373,en,angel
predictable,0.0003145655023449,en,angel
frustration,0.0003145655023449,en,angel
bummer,0.0003145655023449,en,angel
urban,0.0003145655023449,en,angel
margin,0.0003145655023449,en,angel
louder,0.0003145655023449,en,angel
tumor,0.0003145655023449,en,angel
stomp,0.0003145655023449,en,angel
waltz,0.0003145655023449,en,angel
insecure,0.0003145655023449,en,angel
vibrate,0.0003145655023449,en,angel
convenience,0.0003145655023449,en,angel
flattering,0.0003145655023449,en,angel
cleanse,0.0003145655023449,en,angel
matt,0.0003145655023449,en,angel
bogus,0.0003145655023449,en,angel
choir,0.0003145655023449,en,angel
refresh,0.0003145655023449,en,angel
graduation,0.0003145655023449,en,angel
marley,0.0003141241013072,en,angel
revile,0.0003141241013072,en,angel
regale,0.0003141241013072,en,angel
subset,0.0003141241013072,en,angel
gagging,0.0003141241013072,en,angel
yin,0.0003141241013072,en,angel
tucson,0.0003141241013072,en,angel
gan,0.0003141241013072,en,angel
plexigla,0.0003141241013072,en,angel
cohesion,0.0003141241013072,en,angel
trimming,0.0003141241013072,en,angel
boink,0.0003141241013072,en,angel
signor,0.0003141241013072,en,angel
uncharacteristic,0.0003141241013072,en,angel
amoeba,0.0003141241013072,en,angel
imagining,0.0003141241013072,en,angel
pantomime,0.0003141241013072,en,angel
predetermine,0.0003141241013072,en,angel
closeness,0.0003141241013072,en,angel
exemplify,0.0003141241013072,en,angel
bullseye,0.0003141241013072,en,angel
magma,0.0003141241013072,en,angel
tippy,0.0003141241013072,en,angel
juggernaut,0.0003141241013072,en,angel
smelling,0.0003141241013072,en,angel
rustling,0.0003141241013072,en,angel
thistle,0.0003141241013072,en,angel
multibillion,0.0003141241013072,en,angel
wisecrack,0.0003141241013072,en,angel
backlash,0.0003141241013072,en,angel
slough,0.0003141241013072,en,angel
muzak,0.0003141241013072,en,angel
hung,0.0003141241013072,en,angel
tilly,0.0003141241013072,en,angel
wringer,0.0003141241013072,en,angel
clichd,0.0003141241013072,en,angel
sarin,0.0003141241013072,en,angel
wasting,0.0003141241013072,en,angel
watchtower,0.0003141241013072,en,angel
combined,0.0003141241013072,en,angel
girlish,0.0003141241013072,en,angel
aboveground,0.0003141241013072,en,angel
downy,0.0003141241013072,en,angel
giza,0.0003141241013072,en,angel
doberman,0.0003141241013072,en,angel
hypo,0.0003141241013072,en,angel
cannibalize,0.0003141241013072,en,angel
latour,0.0003141241013072,en,angel
wussy,0.0003141241013072,en,angel
theo,0.0003141241013072,en,angel
heinrich,0.0003141241013072,en,angel
unconnected,0.0003141241013072,en,angel
cannibalistic,0.0003141241013072,en,angel
obstetric,0.0003141241013072,en,angel
messianic,0.0003141241013072,en,angel
ebony,0.0003141241013072,en,angel
convoluted,0.0003141241013072,en,angel
egregious,0.0003141241013072,en,angel
smog,0.0003141241013072,en,angel
diminished,0.0003141241013072,en,angel
whacking,0.0003141241013072,en,angel
jones,0.0003141241013072,en,angel
thunderclap,0.0003141241013072,en,angel
macke,0.0003141241013072,en,angel
wanda,0.0003141241013072,en,angel
buon,0.0003141241013072,en,angel
merlin,0.0003141241013072,en,angel
receivable,0.0003141241013072,en,angel
showoff,0.0003141241013072,en,angel
seven,0.0003141241013072,en,angel
jailbird,0.0003141241013072,en,angel
legitimately,0.0003141241013072,en,angel
plait,0.0003141241013072,en,angel
wejust,0.0003141241013072,en,angel
collectively,0.0003141241013072,en,angel
diagonal,0.0003141241013072,en,angel
recast,0.0003141241013072,en,angel
asexual,0.0003141241013072,en,angel
tastefully,0.0003141241013072,en,angel
defunct,0.0003141241013072,en,angel
knickknack,0.0003141241013072,en,angel
wearer,0.0003141241013072,en,angel
craven,0.0003141241013072,en,angel
freeing,0.0003141241013072,en,angel
upstage,0.0003141241013072,en,angel
mackenzie,0.0003141241013072,en,angel
adorn,0.0003141241013072,en,angel
polluted,0.0003141241013072,en,angel
spittle,0.0003141241013072,en,angel
goer,0.0003141241013072,en,angel
plymouth,0.0003141241013072,en,angel
vanishe,0.0003141241013072,en,angel
ripen,0.0003141241013072,en,angel
reattache,0.0003141241013072,en,angel
piety,0.0003141241013072,en,angel
fremont,0.0003141241013072,en,angel
krishna,0.0003141241013072,en,angel
pushin,0.0003141241013072,en,angel
trask,0.0003141241013072,en,angel
flack,0.0003141241013072,en,angel
shish,0.0003141241013072,en,angel
viciously,0.0003141241013072,en,angel
innard,0.0003141241013072,en,angel
selectively,0.0003141241013072,en,angel
collapsible,0.0003141241013072,en,angel
rog,0.0003141241013072,en,angel
gyrate,0.0003141241013072,en,angel
pessimistic,0.0003141241013072,en,angel
altoid,0.0003141241013072,en,angel
nolan,0.0003141241013072,en,angel
thorny,0.0003141241013072,en,angel
disloyalty,0.0003141241013072,en,angel
kush,0.0003141241013072,en,angel
tubbs,0.0003141241013072,en,angel
storied,0.0003141241013072,en,angel
roofer,0.0003141241013072,en,angel
thx,0.0003141241013072,en,angel
pearce,0.0003141241013072,en,angel
coagulate,0.0003141241013072,en,angel
ramsey,0.0003141241013072,en,angel
inevitability,0.0003141241013072,en,angel
agitation,0.0003141241013072,en,angel
syndication,0.0003141241013072,en,angel
stuntman,0.0003141241013072,en,angel
kitt,0.0003141241013072,en,angel
colada,0.0003141241013072,en,angel
knowin,0.0003141241013072,en,angel
appraiser,0.0003141241013072,en,angel
mulder,0.0003141241013072,en,angel
gnawing,0.0003141241013072,en,angel
drew,0.0003141241013072,en,angel
medley,0.0003141241013072,en,angel
phobic,0.0003141241013072,en,angel
wicca,0.0003141241013072,en,angel
psa,0.0003141241013072,en,angel
richly,0.0003141241013072,en,angel
dingy,0.0003141241013072,en,angel
pomp,0.0003141241013072,en,angel
striped,0.0003141241013072,en,angel
overdramatic,0.0003141241013072,en,angel
distillery,0.0003141241013072,en,angel
unappreciative,0.0003141241013072,en,angel
devlin,0.0003141241013072,en,angel
consolidated,0.0003141241013072,en,angel
huzzah,0.0003141241013072,en,angel
roughhouse,0.0003141241013072,en,angel
heil,0.0003141241013072,en,angel
crux,0.0003141241013072,en,angel
excommunicate,0.0003141241013072,en,angel
bavarian,0.0003141241013072,en,angel
shipshape,0.0003141241013072,en,angel
calamari,0.0003141241013072,en,angel
equal,0.0003125460184232,en,angel
relief,0.0003125460184232,en,angel
admire,0.0003125460184232,en,angel
pursue,0.0003125460184232,en,angel
understanding,0.0003125460184232,en,angel
mansion,0.0003113733438426,en,angel
prototype,0.0003113733438426,en,angel
dining,0.0003113733438426,en,angel
dissolve,0.0003113733438426,en,angel
disagreement,0.0003113733438426,en,angel
flap,0.0003113733438426,en,angel
altar,0.0003113733438426,en,angel
positively,0.0003113733438426,en,angel
wardrobe,0.0003113733438426,en,angel
automatically,0.0003113733438426,en,angel
indulge,0.0003113733438426,en,angel
boot,0.0003099939672495,en,angel
joint,0.0003099939672495,en,angel
medicine,0.0003099939672495,en,angel
current,0.0003099939672495,en,angel
gathering,0.000308240855362,en,angel
funding,0.000308240855362,en,angel
shipping,0.000308240855362,en,angel
rotate,0.000308240855362,en,angel
complicate,0.000308240855362,en,angel
silk,0.000308240855362,en,angel
missy,0.000308240855362,en,angel
reflex,0.000308240855362,en,angel
buffet,0.000308240855362,en,angel
sedative,0.000308240855362,en,angel
cooler,0.000308240855362,en,angel
confide,0.000308240855362,en,angel
association,0.000308240855362,en,angel
kicking,0.000308240855362,en,angel
mild,0.000308240855362,en,angel
overseas,0.000308240855362,en,angel
lobster,0.000308240855362,en,angel
silence,0.0003074675652653,en,angel
efficient,0.0003051658469898,en,angel
saddle,0.0003051658469898,en,angel
audio,0.0003051658469898,en,angel
accompany,0.0003051658469898,en,angel
herd,0.0003051658469898,en,angel
disgrace,0.0003051658469898,en,angel
spa,0.0003051658469898,en,angel
glance,0.0003051658469898,en,angel
legit,0.0003051658469898,en,angel
intrigue,0.0003051658469898,en,angel
funeral,0.0003049663020263,en,angel
directly,0.0003049663020263,en,angel
basically,0.0003049663020263,en,angel
glendale,0.0003042548690971,en,angel
lasso,0.0003042548690971,en,angel
barrio,0.0003042548690971,en,angel
convincingly,0.0003042548690971,en,angel
bloodless,0.0003042548690971,en,angel
incomparable,0.0003042548690971,en,angel
warble,0.0003042548690971,en,angel
hyperbaric,0.0003042548690971,en,angel
modulation,0.0003042548690971,en,angel
americano,0.0003042548690971,en,angel
spangle,0.0003042548690971,en,angel
druid,0.0003042548690971,en,angel
keister,0.0003042548690971,en,angel
sizzling,0.0003042548690971,en,angel
jacque,0.0003042548690971,en,angel
skimpy,0.0003042548690971,en,angel
realign,0.0003042548690971,en,angel
meddler,0.0003042548690971,en,angel
drunker,0.0003042548690971,en,angel
sherpa,0.0003042548690971,en,angel
heaving,0.0003042548690971,en,angel
franklin,0.0003042548690971,en,angel
housebroken,0.0003042548690971,en,angel
fielder,0.0003042548690971,en,angel
aptly,0.0003042548690971,en,angel
swordsman,0.0003042548690971,en,angel
riveting,0.0003042548690971,en,angel
interloper,0.0003042548690971,en,angel
displeasure,0.0003042548690971,en,angel
spritz,0.0003042548690971,en,angel
ectoplasm,0.0003042548690971,en,angel
aggregate,0.0003042548690971,en,angel
repose,0.0003042548690971,en,angel
cleanser,0.0003042548690971,en,angel
hiring,0.0003042548690971,en,angel
universally,0.0003042548690971,en,angel
frugal,0.0003042548690971,en,angel
ernest,0.0003042548690971,en,angel
orally,0.0003042548690971,en,angel
geographical,0.0003042548690971,en,angel
handcraft,0.0003042548690971,en,angel
colicky,0.0003042548690971,en,angel
annapoli,0.0003042548690971,en,angel
curdle,0.0003042548690971,en,angel
cautiously,0.0003042548690971,en,angel
francine,0.0003042548690971,en,angel
utopian,0.0003042548690971,en,angel
handpicke,0.0003042548690971,en,angel
ronald,0.0003042548690971,en,angel
silverman,0.0003042548690971,en,angel
conquering,0.0003042548690971,en,angel
pinocchio,0.0003042548690971,en,angel
poseidon,0.0003042548690971,en,angel
lain,0.0003042548690971,en,angel
soybean,0.0003042548690971,en,angel
saxon,0.0003042548690971,en,angel
juju,0.0003042548690971,en,angel
encino,0.0003042548690971,en,angel
upstande,0.0003042548690971,en,angel
heartily,0.0003042548690971,en,angel
socioeconomic,0.0003042548690971,en,angel
bulkhead,0.0003042548690971,en,angel
nightie,0.0003042548690971,en,angel
accessorize,0.0003042548690971,en,angel
cackle,0.0003042548690971,en,angel
rach,0.0003042548690971,en,angel
citadel,0.0003042548690971,en,angel
exemption,0.0003042548690971,en,angel
bizarro,0.0003042548690971,en,angel
couscous,0.0003042548690971,en,angel
backlog,0.0003042548690971,en,angel
interoffice,0.0003042548690971,en,angel
bubba,0.0003042548690971,en,angel
westminster,0.0003042548690971,en,angel
simile,0.0003042548690971,en,angel
agatha,0.0003042548690971,en,angel
hearin,0.0003042548690971,en,angel
gouging,0.0003042548690971,en,angel
burbank,0.0003042548690971,en,angel
lana,0.0003042548690971,en,angel
clobber,0.0003042548690971,en,angel
reptilian,0.0003042548690971,en,angel
heroically,0.0003042548690971,en,angel
hubcap,0.0003042548690971,en,angel
confidante,0.0003042548690971,en,angel
amplifier,0.0003042548690971,en,angel
mystify,0.0003042548690971,en,angel
phallic,0.0003042548690971,en,angel
spiel,0.0003042548690971,en,angel
waterworks,0.0003042548690971,en,angel
infighting,0.0003042548690971,en,angel
targeting,0.0003042548690971,en,angel
scythe,0.0003042548690971,en,angel
vehemently,0.0003042548690971,en,angel
doohickey,0.0003042548690971,en,angel
unafraid,0.0003042548690971,en,angel
shangri,0.0003042548690971,en,angel
mot,0.0003042548690971,en,angel
bruiser,0.0003042548690971,en,angel
ionic,0.0003042548690971,en,angel
towner,0.0003042548690971,en,angel
shtick,0.0003042548690971,en,angel
touchin,0.0003042548690971,en,angel
aficionado,0.0003042548690971,en,angel
trolley,0.0003042548690971,en,angel
morte,0.0003042548690971,en,angel
placate,0.0003042548690971,en,angel
injector,0.0003042548690971,en,angel
crasher,0.0003042548690971,en,angel
olympian,0.0003042548690971,en,angel
crawler,0.0003042548690971,en,angel
nursemaid,0.0003042548690971,en,angel
amaretto,0.0003042548690971,en,angel
tor,0.0003042548690971,en,angel
mink,0.0003042548690971,en,angel
rout,0.0003042548690971,en,angel
buttery,0.0003042548690971,en,angel
absurdity,0.0003042548690971,en,angel
excrement,0.0003042548690971,en,angel
gregor,0.0003042548690971,en,angel
fatale,0.0003042548690971,en,angel
nebula,0.0003042548690971,en,angel
odorless,0.0003042548690971,en,angel
drafty,0.0003042548690971,en,angel
resisting,0.0003042548690971,en,angel
rob,0.0003024896821754,en,angel
alcohol,0.0003024896821754,en,angel
grain,0.0003021462471995,en,angel
juicy,0.0003021462471995,en,angel
comparison,0.0003021462471995,en,angel
tickle,0.0003021462471995,en,angel
spice,0.0003021462471995,en,angel
tender,0.0003021462471995,en,angel
leftover,0.0003021462471995,en,angel
playground,0.0003021462471995,en,angel
damned,0.0003021462471995,en,angel
competitive,0.0003021462471995,en,angel
shaft,0.0002991800944689,en,angel
inflict,0.0002991800944689,en,angel
tracking,0.0002991800944689,en,angel
equally,0.0002991800944689,en,angel
realistic,0.0002991800944689,en,angel
swipe,0.0002991800944689,en,angel
nickel,0.0002991800944689,en,angel
ongoing,0.0002991800944689,en,angel
handwriting,0.0002991800944689,en,angel
musician,0.0002991800944689,en,angel
humiliation,0.0002991800944689,en,angel
bra,0.0002991800944689,en,angel
frustrating,0.0002991800944689,en,angel
stunning,0.0002991800944689,en,angel
explanation,0.0002976084631442,en,angel
automatic,0.0002962655296268,en,angel
calling,0.0002962655296268,en,angel
stat,0.0002962655296268,en,angel
heaven,0.0002962655296268,en,angel
nazi,0.0002962655296268,en,angel
tempting,0.0002962655296268,en,angel
flare,0.0002962655296268,en,angel
verse,0.0002962655296268,en,angel
carrier,0.0002962655296268,en,angel
era,0.0002962655296268,en,angel
landlord,0.0002962655296268,en,angel
excite,0.0002962655296268,en,angel
gin,0.0002962655296268,en,angel
blur,0.0002962655296268,en,angel
frequency,0.0002962655296268,en,angel
recognition,0.0002962655296268,en,angel
cotton,0.0002962655296268,en,angel
maiden,0.0002962655296268,en,angel
removable,0.0002954265400511,en,angel
frodo,0.0002954265400511,en,angel
sexless,0.0002954265400511,en,angel
underdressed,0.0002954265400511,en,angel
indistinguishable,0.0002954265400511,en,angel
rohypnol,0.0002954265400511,en,angel
shaq,0.0002954265400511,en,angel
instinctively,0.0002954265400511,en,angel
hankering,0.0002954265400511,en,angel
camden,0.0002954265400511,en,angel
prankster,0.0002954265400511,en,angel
mete,0.0002954265400511,en,angel
dividend,0.0002954265400511,en,angel
bran,0.0002954265400511,en,angel
cotillion,0.0002954265400511,en,angel
trivia,0.0002954265400511,en,angel
nutcracker,0.0002954265400511,en,angel
emblem,0.0002954265400511,en,angel
troupe,0.0002954265400511,en,angel
potted,0.0002954265400511,en,angel
mountaintop,0.0002954265400511,en,angel
umpire,0.0002954265400511,en,angel
tlc,0.0002954265400511,en,angel
immaterial,0.0002954265400511,en,angel
drab,0.0002954265400511,en,angel
aftershock,0.0002954265400511,en,angel
swig,0.0002954265400511,en,angel
cahoot,0.0002954265400511,en,angel
traitorous,0.0002954265400511,en,angel
commemorative,0.0002954265400511,en,angel
subspecie,0.0002954265400511,en,angel
hallucinating,0.0002954265400511,en,angel
watchful,0.0002954265400511,en,angel
pyrotechnic,0.0002954265400511,en,angel
torturer,0.0002954265400511,en,angel
izzy,0.0002954265400511,en,angel
booming,0.0002954265400511,en,angel
supervillain,0.0002954265400511,en,angel
hapless,0.0002954265400511,en,angel
helplessness,0.0002954265400511,en,angel
officiate,0.0002954265400511,en,angel
trespasser,0.0002954265400511,en,angel
nightstick,0.0002954265400511,en,angel
dweller,0.0002954265400511,en,angel
englishman,0.0002954265400511,en,angel
contentment,0.0002954265400511,en,angel
gazillion,0.0002954265400511,en,angel
laughable,0.0002954265400511,en,angel
colic,0.0002954265400511,en,angel
urination,0.0002954265400511,en,angel
daybreak,0.0002954265400511,en,angel
understate,0.0002954265400511,en,angel
meteorologist,0.0002954265400511,en,angel
dsl,0.0002954265400511,en,angel
garnish,0.0002954265400511,en,angel
gourd,0.0002954265400511,en,angel
quotient,0.0002954265400511,en,angel
waxy,0.0002954265400511,en,angel
vocalize,0.0002954265400511,en,angel
commendable,0.0002954265400511,en,angel
huevos,0.0002954265400511,en,angel
lurking,0.0002954265400511,en,angel
shamelessly,0.0002954265400511,en,angel
outdate,0.0002954265400511,en,angel
dismemberment,0.0002954265400511,en,angel
gully,0.0002954265400511,en,angel
nevada,0.0002954265400511,en,angel
conga,0.0002954265400511,en,angel
metamorphosis,0.0002954265400511,en,angel
melrose,0.0002954265400511,en,angel
organizer,0.0002954265400511,en,angel
involuntarily,0.0002954265400511,en,angel
humming,0.0002954265400511,en,angel
goop,0.0002954265400511,en,angel
wank,0.0002954265400511,en,angel
inaction,0.0002954265400511,en,angel
unadulterated,0.0002954265400511,en,angel
roma,0.0002954265400511,en,angel
storybook,0.0002954265400511,en,angel
pulverize,0.0002954265400511,en,angel
husk,0.0002954265400511,en,angel
theology,0.0002954265400511,en,angel
photogenic,0.0002954265400511,en,angel
colder,0.0002954265400511,en,angel
pecking,0.0002954265400511,en,angel
accumulation,0.0002954265400511,en,angel
heresy,0.0002954265400511,en,angel
dollop,0.0002954265400511,en,angel
bolivia,0.0002954265400511,en,angel
juiced,0.0002954265400511,en,angel
grooming,0.0002954265400511,en,angel
lovingly,0.0002954265400511,en,angel
rancid,0.0002954265400511,en,angel
venerable,0.0002954265400511,en,angel
intangible,0.0002954265400511,en,angel
sycophant,0.0002954265400511,en,angel
scratcher,0.0002954265400511,en,angel
rube,0.0002954265400511,en,angel
hoss,0.0002954265400511,en,angel
truer,0.0002954265400511,en,angel
shadowy,0.0002954265400511,en,angel
raindrop,0.0002954265400511,en,angel
seminary,0.0002954265400511,en,angel
sud,0.0002954265400511,en,angel
copacetic,0.0002954265400511,en,angel
redheade,0.0002954265400511,en,angel
styrofoam,0.0002954265400511,en,angel
flamingo,0.0002954265400511,en,angel
dank,0.0002954265400511,en,angel
telekinetic,0.0002954265400511,en,angel
rebar,0.0002954265400511,en,angel
bedbug,0.0002954265400511,en,angel
fallin,0.0002954265400511,en,angel
celle,0.0002954265400511,en,angel
telepathically,0.0002954265400511,en,angel
firebomb,0.0002954265400511,en,angel
froze,0.0002954265400511,en,angel
microbe,0.0002954265400511,en,angel
catnip,0.0002954265400511,en,angel
slain,0.0002954265400511,en,angel
ese,0.0002954265400511,en,angel
regenerative,0.0002954265400511,en,angel
measurable,0.0002954265400511,en,angel
dandruff,0.0002954265400511,en,angel
plannin,0.0002954265400511,en,angel
sleuth,0.0002954265400511,en,angel
net,0.000295202943529,en,angel
evacuate,0.0002934007888535,en,angel
running,0.0002934007888535,en,angel
consolation,0.0002934007888535,en,angel
edition,0.0002934007888535,en,angel
persuade,0.0002934007888535,en,angel
turf,0.0002934007888535,en,angel
getaway,0.0002934007888535,en,angel
shipment,0.0002934007888535,en,angel
grasp,0.0002934007888535,en,angel
making,0.0002934007888535,en,angel
vintage,0.0002934007888535,en,angel
sleeping,0.0002934007888535,en,angel
server,0.0002934007888535,en,angel
appreciation,0.0002934007888535,en,angel
button,0.0002928202253907,en,angel
leaf,0.0002905841972701,en,angel
flashlight,0.0002905841972701,en,angel
pledge,0.0002905841972701,en,angel
greet,0.0002905841972701,en,angel
chopper,0.0002905841972701,en,angel
tuna,0.0002905841972701,en,angel
found,0.0002905841972701,en,angel
latte,0.0002905841972701,en,angel
terminal,0.0002905841972701,en,angel
supportive,0.0002905841972701,en,angel
microwave,0.0002905841972701,en,angel
eastern,0.0002905841972701,en,angel
nancy,0.0002905841972701,en,angel
honorable,0.0002905841972701,en,angel
outcome,0.0002905841972701,en,angel
seminar,0.0002905841972701,en,angel
aspect,0.0002905841972701,en,angel
respond,0.000290459880523,en,angel
defend,0.0002881214926699,en,angel
inspiration,0.0002878141630573,en,angel
peak,0.0002878141630573,en,angel
eighth,0.0002878141630573,en,angel
adore,0.0002878141630573,en,angel
sane,0.0002878141630573,en,angel
mushroom,0.0002878141630573,en,angel
roller,0.0002878141630573,en,angel
flavor,0.0002878141630573,en,angel
batch,0.0002878141630573,en,angel
pimp,0.0002878141630573,en,angel
extensive,0.0002878141630573,en,angel
discipline,0.0002878141630573,en,angel
qualify,0.0002878141630573,en,angel
bassinet,0.0002874403449998,en,angel
fortuitous,0.0002874403449998,en,angel
lopsided,0.0002874403449998,en,angel
whopping,0.0002874403449998,en,angel
spartan,0.0002874403449998,en,angel
flipping,0.0002874403449998,en,angel
leapt,0.0002874403449998,en,angel
swayze,0.0002874403449998,en,angel
demente,0.0002874403449998,en,angel
staring,0.0002874403449998,en,angel
hipster,0.0002874403449998,en,angel
flippin,0.0002874403449998,en,angel
loitering,0.0002874403449998,en,angel
reverence,0.0002874403449998,en,angel
nether,0.0002874403449998,en,angel
hellish,0.0002874403449998,en,angel
cameo,0.0002874403449998,en,angel
chippy,0.0002874403449998,en,angel
hooded,0.0002874403449998,en,angel
hydrochloric,0.0002874403449998,en,angel
grievous,0.0002874403449998,en,angel
lozenge,0.0002874403449998,en,angel
warpath,0.0002874403449998,en,angel
nullify,0.0002874403449998,en,angel
pitching,0.0002874403449998,en,angel
bogie,0.0002874403449998,en,angel
girth,0.0002874403449998,en,angel
undone,0.0002874403449998,en,angel
evenin,0.0002874403449998,en,angel
zilch,0.0002874403449998,en,angel
trusted,0.0002874403449998,en,angel
capri,0.0002874403449998,en,angel
whooshing,0.0002874403449998,en,angel
furtive,0.0002874403449998,en,angel
inane,0.0002874403449998,en,angel
defcon,0.0002874403449998,en,angel
aging,0.0002874403449998,en,angel
dilute,0.0002874403449998,en,angel
lamppost,0.0002874403449998,en,angel
hancock,0.0002874403449998,en,angel
sacrilege,0.0002874403449998,en,angel
pleaser,0.0002874403449998,en,angel
henchman,0.0002874403449998,en,angel
patrolling,0.0002874403449998,en,angel
unguarde,0.0002874403449998,en,angel
yang,0.0002874403449998,en,angel
suckin,0.0002874403449998,en,angel
luge,0.0002874403449998,en,angel
hideously,0.0002874403449998,en,angel
topside,0.0002874403449998,en,angel
localized,0.0002874403449998,en,angel
pileup,0.0002874403449998,en,angel
radioactivity,0.0002874403449998,en,angel
nondescript,0.0002874403449998,en,angel
oat,0.0002874403449998,en,angel
angelo,0.0002874403449998,en,angel
trembling,0.0002874403449998,en,angel
intensifie,0.0002874403449998,en,angel
interstellar,0.0002874403449998,en,angel
seminal,0.0002874403449998,en,angel
runaround,0.0002874403449998,en,angel
switcheroo,0.0002874403449998,en,angel
appetizing,0.0002874403449998,en,angel
collaborator,0.0002874403449998,en,angel
remedial,0.0002874403449998,en,angel
tarzan,0.0002874403449998,en,angel
mongrel,0.0002874403449998,en,angel
tellin,0.0002874403449998,en,angel
balkan,0.0002874403449998,en,angel
truss,0.0002874403449998,en,angel
sneer,0.0002874403449998,en,angel
maneuvering,0.0002874403449998,en,angel
geese,0.0002874403449998,en,angel
coughing,0.0002874403449998,en,angel
plaintiff,0.0002874403449998,en,angel
icebreaker,0.0002874403449998,en,angel
sequester,0.0002874403449998,en,angel
suntan,0.0002874403449998,en,angel
amalgam,0.0002874403449998,en,angel
exclaim,0.0002874403449998,en,angel
ugli,0.0002874403449998,en,angel
supergirl,0.0002874403449998,en,angel
spiffy,0.0002874403449998,en,angel
bulky,0.0002874403449998,en,angel
abused,0.0002874403449998,en,angel
poindexter,0.0002874403449998,en,angel
inflection,0.0002874403449998,en,angel
lightheaded,0.0002874403449998,en,angel
shaped,0.0002874403449998,en,angel
exalt,0.0002874403449998,en,angel
splendor,0.0002874403449998,en,angel
narrate,0.0002874403449998,en,angel
nesting,0.0002874403449998,en,angel
toothed,0.0002874403449998,en,angel
unrepentant,0.0002874403449998,en,angel
burb,0.0002874403449998,en,angel
briggs,0.0002874403449998,en,angel
conservation,0.0002874403449998,en,angel
qualm,0.0002874403449998,en,angel
anderson,0.0002874403449998,en,angel
zinger,0.0002874403449998,en,angel
wazoo,0.0002874403449998,en,angel
enchanted,0.0002874403449998,en,angel
subsidize,0.0002874403449998,en,angel
plunder,0.0002874403449998,en,angel
randomness,0.0002874403449998,en,angel
dramamine,0.0002874403449998,en,angel
covertly,0.0002874403449998,en,angel
profane,0.0002874403449998,en,angel
slag,0.0002874403449998,en,angel
worshipper,0.0002874403449998,en,angel
insomniac,0.0002874403449998,en,angel
endocrine,0.0002874403449998,en,angel
sharpshooter,0.0002874403449998,en,angel
repository,0.0002874403449998,en,angel
dink,0.0002874403449998,en,angel
humongous,0.0002874403449998,en,angel
pinhole,0.0002874403449998,en,angel
madder,0.0002874403449998,en,angel
tasteless,0.0002874403449998,en,angel
incessantly,0.0002874403449998,en,angel
cobwebs,0.0002874403449998,en,angel
wiz,0.0002874403449998,en,angel
popeye,0.0002874403449998,en,angel
forensic,0.0002850891720524,en,angel
insanity,0.0002850891720524,en,angel
compound,0.0002850891720524,en,angel
poisoning,0.0002850891720524,en,angel
unnecessary,0.0002850891720524,en,angel
vain,0.0002850891720524,en,angel
junkie,0.0002850891720524,en,angel
irrelevant,0.0002850891720524,en,angel
emily,0.0002850891720524,en,angel
asap,0.0002824077827792,en,angel
politician,0.0002824077827792,en,angel
mole,0.0002824077827792,en,angel
supervisor,0.0002824077827792,en,angel
legacy,0.0002824077827792,en,angel
convincing,0.0002824077827792,en,angel
blaze,0.0002824077827792,en,angel
mary,0.0002824077827792,en,angel
snoop,0.0002824077827792,en,angel
drip,0.0002824077827792,en,angel
preliminary,0.0002824077827792,en,angel
pickup,0.0002824077827792,en,angel
instruct,0.0002824077827792,en,angel
allergy,0.0002824077827792,en,angel
inventory,0.0002824077827792,en,angel
integrity,0.0002824077827792,en,angel
flight,0.0002812340787802,en,angel
apt,0.00028014952014,en,angel
cuttin,0.00028014952014,en,angel
promiscuous,0.00028014952014,en,angel
tae,0.00028014952014,en,angel
paramilitary,0.00028014952014,en,angel
rump,0.00028014952014,en,angel
escalation,0.00028014952014,en,angel
beanbag,0.00028014952014,en,angel
geig,0.00028014952014,en,angel
overt,0.00028014952014,en,angel
alum,0.00028014952014,en,angel
ambiguity,0.00028014952014,en,angel
uplift,0.00028014952014,en,angel
catapult,0.00028014952014,en,angel
reintegrate,0.00028014952014,en,angel
trilogy,0.00028014952014,en,angel
namaste,0.00028014952014,en,angel
luxurious,0.00028014952014,en,angel
whipping,0.00028014952014,en,angel
concealment,0.00028014952014,en,angel
gawk,0.00028014952014,en,angel
acquittal,0.00028014952014,en,angel
systematic,0.00028014952014,en,angel
pleasantly,0.00028014952014,en,angel
suckere,0.00028014952014,en,angel
upkeep,0.00028014952014,en,angel
geometric,0.00028014952014,en,angel
welcoming,0.00028014952014,en,angel
drizzle,0.00028014952014,en,angel
cashew,0.00028014952014,en,angel
hibernation,0.00028014952014,en,angel
translucent,0.00028014952014,en,angel
wince,0.00028014952014,en,angel
pollyanna,0.00028014952014,en,angel
ebb,0.00028014952014,en,angel
excavate,0.00028014952014,en,angel
hoagie,0.00028014952014,en,angel
ungodly,0.00028014952014,en,angel
quandary,0.00028014952014,en,angel
patriarch,0.00028014952014,en,angel
minx,0.00028014952014,en,angel
rougher,0.00028014952014,en,angel
perennial,0.00028014952014,en,angel
delirium,0.00028014952014,en,angel
crud,0.00028014952014,en,angel
calming,0.00028014952014,en,angel
sublime,0.00028014952014,en,angel
copier,0.00028014952014,en,angel
stepford,0.00028014952014,en,angel
psychopathic,0.00028014952014,en,angel
improperly,0.00028014952014,en,angel
naple,0.00028014952014,en,angel
fryer,0.00028014952014,en,angel
roadway,0.00028014952014,en,angel
poolside,0.00028014952014,en,angel
bewitch,0.00028014952014,en,angel
convergence,0.00028014952014,en,angel
folding,0.00028014952014,en,angel
prissy,0.00028014952014,en,angel
demoralize,0.00028014952014,en,angel
tabasco,0.00028014952014,en,angel
vegetative,0.00028014952014,en,angel
monumentally,0.00028014952014,en,angel
tuscany,0.00028014952014,en,angel
cherub,0.00028014952014,en,angel
mouthed,0.00028014952014,en,angel
softie,0.00028014952014,en,angel
prejudiced,0.00028014952014,en,angel
wale,0.00028014952014,en,angel
letdown,0.00028014952014,en,angel
leach,0.00028014952014,en,angel
stockholder,0.00028014952014,en,angel
dilly,0.00028014952014,en,angel
hymn,0.00028014952014,en,angel
collate,0.00028014952014,en,angel
lamborghini,0.00028014952014,en,angel
torrid,0.00028014952014,en,angel
catwoman,0.00028014952014,en,angel
ber,0.00028014952014,en,angel
dapper,0.00028014952014,en,angel
bellman,0.00028014952014,en,angel
artsy,0.00028014952014,en,angel
courtship,0.00028014952014,en,angel
sidestep,0.00028014952014,en,angel
unrecognizable,0.00028014952014,en,angel
janitorial,0.00028014952014,en,angel
cataract,0.00028014952014,en,angel
smacking,0.00028014952014,en,angel
tourette,0.00028014952014,en,angel
opportunistic,0.00028014952014,en,angel
foie,0.00028014952014,en,angel
gunk,0.00028014952014,en,angel
achy,0.00028014952014,en,angel
laude,0.00028014952014,en,angel
mage,0.00028014952014,en,angel
wisher,0.00028014952014,en,angel
promenade,0.00028014952014,en,angel
detached,0.00028014952014,en,angel
tibetan,0.00028014952014,en,angel
insurrection,0.00028014952014,en,angel
twelfth,0.00028014952014,en,angel
conway,0.00028014952014,en,angel
wanton,0.00028014952014,en,angel
technical,0.0002797686218681,en,angel
broadcast,0.0002797686218681,en,angel
gently,0.0002797686218681,en,angel
kidney,0.0002797686218681,en,angel
flu,0.0002797686218681,en,angel
riot,0.0002797686218681,en,angel
originally,0.0002797686218681,en,angel
plead,0.0002797686218681,en,angel
working,0.0002797686218681,en,angel
unpleasant,0.0002797686218681,en,angel
elephant,0.0002797686218681,en,angel
eagle,0.0002797686218681,en,angel
ban,0.0002797686218681,en,angel
inconvenience,0.0002797686218681,en,angel
butterfly,0.0002797686218681,en,angel
meaningless,0.0002771703798326,en,angel
cooperation,0.0002771703798326,en,angel
pea,0.0002771703798326,en,angel
jealousy,0.0002771703798326,en,angel
janitor,0.0002771703798326,en,angel
protein,0.0002771703798326,en,angel
overreact,0.0002771703798326,en,angel
brag,0.0002771703798326,en,angel
healing,0.0002771703798326,en,angel
rifle,0.0002771703798326,en,angel
context,0.0002771703798326,en,angel
fountain,0.0002771703798326,en,angel
convert,0.0002771703798326,en,angel
tow,0.0002771703798326,en,angel
mint,0.0002746118071676,en,angel
casualty,0.0002746118071676,en,angel
hose,0.0002746118071676,en,angel
specialist,0.0002746118071676,en,angel
resign,0.0002746118071676,en,angel
tremendous,0.0002746118071676,en,angel
rehab,0.0002746118071676,en,angel
swoon,0.0002734426114212,en,angel
payload,0.0002734426114212,en,angel
flail,0.0002734426114212,en,angel
gallagher,0.0002734426114212,en,angel
theorem,0.0002734426114212,en,angel
femme,0.0002734426114212,en,angel
schmooze,0.0002734426114212,en,angel
chasm,0.0002734426114212,en,angel
follicle,0.0002734426114212,en,angel
agriculture,0.0002734426114212,en,angel
fanatical,0.0002734426114212,en,angel
trippy,0.0002734426114212,en,angel
bonanza,0.0002734426114212,en,angel
wrinkly,0.0002734426114212,en,angel
royce,0.0002734426114212,en,angel
gallant,0.0002734426114212,en,angel
spatial,0.0002734426114212,en,angel
neurosurgeon,0.0002734426114212,en,angel
himalayas,0.0002734426114212,en,angel
slew,0.0002734426114212,en,angel
henhouse,0.0002734426114212,en,angel
marcie,0.0002734426114212,en,angel
enigmatic,0.0002734426114212,en,angel
lumpy,0.0002734426114212,en,angel
quip,0.0002734426114212,en,angel
subvert,0.0002734426114212,en,angel
liaise,0.0002734426114212,en,angel
poultry,0.0002734426114212,en,angel
nothingness,0.0002734426114212,en,angel
lop,0.0002734426114212,en,angel
rabble,0.0002734426114212,en,angel
garble,0.0002734426114212,en,angel
tailpipe,0.0002734426114212,en,angel
delve,0.0002734426114212,en,angel
stank,0.0002734426114212,en,angel
sass,0.0002734426114212,en,angel
lite,0.0002734426114212,en,angel
manolo,0.0002734426114212,en,angel
hue,0.0002734426114212,en,angel
caffeinate,0.0002734426114212,en,angel
dreg,0.0002734426114212,en,angel
locale,0.0002734426114212,en,angel
undoing,0.0002734426114212,en,angel
sanctify,0.0002734426114212,en,angel
publicize,0.0002734426114212,en,angel
alphabetize,0.0002734426114212,en,angel
pyro,0.0002734426114212,en,angel
orbital,0.0002734426114212,en,angel
petrify,0.0002734426114212,en,angel
grit,0.0002734426114212,en,angel
broach,0.0002734426114212,en,angel
untangle,0.0002734426114212,en,angel
zippy,0.0002734426114212,en,angel
vaseline,0.0002734426114212,en,angel
snooty,0.0002734426114212,en,angel
wreath,0.0002734426114212,en,angel
heartbreaking,0.0002734426114212,en,angel
posit,0.0002734426114212,en,angel
pillage,0.0002734426114212,en,angel
petulant,0.0002734426114212,en,angel
ambiguous,0.0002734426114212,en,angel
jeebie,0.0002734426114212,en,angel
pictionary,0.0002734426114212,en,angel
jihad,0.0002734426114212,en,angel
freelancer,0.0002734426114212,en,angel
unintentionally,0.0002734426114212,en,angel
foresight,0.0002734426114212,en,angel
whitey,0.0002734426114212,en,angel
circumcise,0.0002734426114212,en,angel
effigy,0.0002734426114212,en,angel
repugnant,0.0002734426114212,en,angel
motorist,0.0002734426114212,en,angel
camcorder,0.0002734426114212,en,angel
recuse,0.0002734426114212,en,angel
gabby,0.0002734426114212,en,angel
cleverly,0.0002734426114212,en,angel
mabel,0.0002734426114212,en,angel
filly,0.0002734426114212,en,angel
diazepam,0.0002734426114212,en,angel
danke,0.0002734426114212,en,angel
macabre,0.0002734426114212,en,angel
deductive,0.0002734426114212,en,angel
grime,0.0002734426114212,en,angel
intermission,0.0002734426114212,en,angel
falter,0.0002734426114212,en,angel
impossibly,0.0002734426114212,en,angel
continuum,0.0002734426114212,en,angel
goad,0.0002734426114212,en,angel
nano,0.0002734426114212,en,angel
powwow,0.0002734426114212,en,angel
solitaire,0.0002734426114212,en,angel
madhouse,0.0002734426114212,en,angel
affront,0.0002734426114212,en,angel
newsflash,0.0002734426114212,en,angel
barstow,0.0002734426114212,en,angel
unhinge,0.0002734426114212,en,angel
barbarian,0.0002734426114212,en,angel
guerilla,0.0002734426114212,en,angel
sleepwalking,0.0002734426114212,en,angel
freaky,0.0002720917107406,en,angel
bid,0.0002720917107406,en,angel
mobile,0.0002720917107406,en,angel
overwhelming,0.0002720917107406,en,angel
lifestyle,0.0002720917107406,en,angel
category,0.0002720917107406,en,angel
jean,0.0002720917107406,en,angel
adrenaline,0.0002720917107406,en,angel
backyard,0.0002720917107406,en,angel
rival,0.0002720917107406,en,angel
boost,0.0002720917107406,en,angel
timer,0.0002696089504515,en,angel
sloppy,0.0002696089504515,en,angel
standing,0.0002696089504515,en,angel
pat,0.0002696089504515,en,angel
importance,0.0002696089504515,en,angel
topic,0.0002696089504515,en,angel
worthless,0.0002696089504515,en,angel
curve,0.0002696089504515,en,angel
seizure,0.0002696089504515,en,angel
novel,0.0002696089504515,en,angel
heck,0.0002696089504515,en,angel
grammy,0.0002672329838485,en,angel
mousse,0.0002672329838485,en,angel
phat,0.0002672329838485,en,angel
steadily,0.0002672329838485,en,angel
shimmer,0.0002672329838485,en,angel
freighter,0.0002672329838485,en,angel
oppressive,0.0002672329838485,en,angel
runny,0.0002672329838485,en,angel
bringin,0.0002672329838485,en,angel
swearing,0.0002672329838485,en,angel
controlling,0.0002672329838485,en,angel
ambivalent,0.0002672329838485,en,angel
frolic,0.0002672329838485,en,angel
whirring,0.0002672329838485,en,angel
embolism,0.0002672329838485,en,angel
overreaction,0.0002672329838485,en,angel
broth,0.0002672329838485,en,angel
chatting,0.0002672329838485,en,angel
classification,0.0002672329838485,en,angel
pornographic,0.0002672329838485,en,angel
millionth,0.0002672329838485,en,angel
fro,0.0002672329838485,en,angel
unnerve,0.0002672329838485,en,angel
classier,0.0002672329838485,en,angel
infiltration,0.0002672329838485,en,angel
electronically,0.0002672329838485,en,angel
dumple,0.0002672329838485,en,angel
unremarkable,0.0002672329838485,en,angel
malice,0.0002672329838485,en,angel
moping,0.0002672329838485,en,angel
urchin,0.0002672329838485,en,angel
quirky,0.0002672329838485,en,angel
bionic,0.0002672329838485,en,angel
requisite,0.0002672329838485,en,angel
sicce,0.0002672329838485,en,angel
horrid,0.0002672329838485,en,angel
doting,0.0002672329838485,en,angel
linoleum,0.0002672329838485,en,angel
wayward,0.0002672329838485,en,angel
fleshy,0.0002672329838485,en,angel
putz,0.0002672329838485,en,angel
unfriendly,0.0002672329838485,en,angel
payin,0.0002672329838485,en,angel
houseguest,0.0002672329838485,en,angel
morsel,0.0002672329838485,en,angel
expos,0.0002672329838485,en,angel
sellout,0.0002672329838485,en,angel
deviation,0.0002672329838485,en,angel
deter,0.0002672329838485,en,angel
rationalization,0.0002672329838485,en,angel
stoic,0.0002672329838485,en,angel
perspiration,0.0002672329838485,en,angel
nuthouse,0.0002672329838485,en,angel
teasing,0.0002672329838485,en,angel
whisker,0.0002672329838485,en,angel
gesundheit,0.0002672329838485,en,angel
neurotoxin,0.0002672329838485,en,angel
evoke,0.0002672329838485,en,angel
supple,0.0002672329838485,en,angel
consortium,0.0002672329838485,en,angel
bigwig,0.0002672329838485,en,angel
contention,0.0002672329838485,en,angel
disconcert,0.0002672329838485,en,angel
goofball,0.0002672329838485,en,angel
cookin,0.0002672329838485,en,angel
iove,0.0002672329838485,en,angel
denounce,0.0002672329838485,en,angel
unfulfilled,0.0002672329838485,en,angel
permutation,0.0002672329838485,en,angel
strum,0.0002672329838485,en,angel
oppress,0.0002672329838485,en,angel
topple,0.0002672329838485,en,angel
remodeling,0.0002672329838485,en,angel
pedigree,0.0002672329838485,en,angel
teacup,0.0002672329838485,en,angel
anchovy,0.0002672329838485,en,angel
geriatric,0.0002672329838485,en,angel
seaweed,0.0002672329838485,en,angel
inconsiderate,0.0002672329838485,en,angel
faze,0.0002672329838485,en,angel
bloodsucke,0.0002672329838485,en,angel
decoder,0.0002672329838485,en,angel
lemme,0.0002672329838485,en,angel
humankind,0.0002672329838485,en,angel
eva,0.0002672329838485,en,angel
fatherhood,0.0002672329838485,en,angel
oswald,0.0002672329838485,en,angel
bumping,0.0002672329838485,en,angel
throwing,0.0002672329838485,en,angel
slender,0.0002672329838485,en,angel
earmark,0.0002672329838485,en,angel
forger,0.0002672329838485,en,angel
fitzgerald,0.0002672329838485,en,angel
humanoid,0.0002672329838485,en,angel
faker,0.0002672329838485,en,angel
orthodox,0.0002672329838485,en,angel
blemish,0.0002672329838485,en,angel
gale,0.0002672329838485,en,angel
ticktock,0.0002672329838485,en,angel
melancholy,0.0002672329838485,en,angel
ostrich,0.0002672329838485,en,angel
org,0.0002672329838485,en,angel
memorie,0.0002672329838485,en,angel
whirlpool,0.0002672329838485,en,angel
certification,0.0002672329838485,en,angel
niagara,0.0002672329838485,en,angel
miami,0.0002672329838485,en,angel
showroom,0.0002672329838485,en,angel
mono,0.0002672329838485,en,angel
clinch,0.0002672329838485,en,angel
aberration,0.0002672329838485,en,angel
mishandle,0.0002672329838485,en,angel
verbally,0.0002672329838485,en,angel
reportedly,0.0002672329838485,en,angel
bane,0.0002672329838485,en,angel
shrub,0.0002672329838485,en,angel
dissent,0.0002672329838485,en,angel
unlisted,0.0002672329838485,en,angel
inherit,0.0002671624361352,en,angel
bartender,0.0002671624361352,en,angel
popcorn,0.0002671624361352,en,angel
intervention,0.0002671624361352,en,angel
generate,0.0002671624361352,en,angel
absurd,0.0002671624361352,en,angel
digital,0.0002671624361352,en,angel
sadly,0.0002671624361352,en,angel
reliable,0.0002671624361352,en,angel
payback,0.0002671624361352,en,angel
authorize,0.0002671624361352,en,angel
suitcase,0.0002671624361352,en,angel
psych,0.0002647511246872,en,angel
initiate,0.0002647511246872,en,angel
seventh,0.0002647511246872,en,angel
estimate,0.0002647511246872,en,angel
tomato,0.0002647511246872,en,angel
population,0.0002647511246872,en,angel
exhibit,0.0002623740173938,en,angel
jimmy,0.0002623740173938,en,angel
activate,0.0002623740173938,en,angel
fiance,0.0002623740173938,en,angel
reminder,0.0002623740173938,en,angel
shore,0.0002623740173938,en,angel
foster,0.0002623740173938,en,angel
income,0.0002623740173938,en,angel
fortunately,0.0002623740173938,en,angel
pine,0.0002623740173938,en,angel
merry,0.0002623740173938,en,angel
mini,0.0002623740173938,en,angel
sail,0.0002623740173938,en,angel
explosive,0.0002623740173938,en,angel
dodge,0.0002623740173938,en,angel
uptake,0.0002614519588838,en,angel
dee,0.0002614519588838,en,angel
pus,0.0002614519588838,en,angel
fixin,0.0002614519588838,en,angel
geezer,0.0002614519588838,en,angel
ferguson,0.0002614519588838,en,angel
albino,0.0002614519588838,en,angel
telly,0.0002614519588838,en,angel
overhaul,0.0002614519588838,en,angel
sidetrack,0.0002614519588838,en,angel
vid,0.0002614519588838,en,angel
beeper,0.0002614519588838,en,angel
collectible,0.0002614519588838,en,angel
snoopy,0.0002614519588838,en,angel
zealot,0.0002614519588838,en,angel
paralytic,0.0002614519588838,en,angel
muddle,0.0002614519588838,en,angel
lassie,0.0002614519588838,en,angel
unattainable,0.0002614519588838,en,angel
incurable,0.0002614519588838,en,angel
spurt,0.0002614519588838,en,angel
wasp,0.0002614519588838,en,angel
callin,0.0002614519588838,en,angel
homoerotic,0.0002614519588838,en,angel
underbelly,0.0002614519588838,en,angel
manifesto,0.0002614519588838,en,angel
saber,0.0002614519588838,en,angel
scuttle,0.0002614519588838,en,angel
reggie,0.0002614519588838,en,angel
tran,0.0002614519588838,en,angel
gallop,0.0002614519588838,en,angel
plunger,0.0002614519588838,en,angel
audacity,0.0002614519588838,en,angel
nepal,0.0002614519588838,en,angel
muss,0.0002614519588838,en,angel
begging,0.0002614519588838,en,angel
kaboom,0.0002614519588838,en,angel
doofus,0.0002614519588838,en,angel
thine,0.0002614519588838,en,angel
entanglement,0.0002614519588838,en,angel
anus,0.0002614519588838,en,angel
freshener,0.0002614519588838,en,angel
pullin,0.0002614519588838,en,angel
pester,0.0002614519588838,en,angel
handheld,0.0002614519588838,en,angel
kennedy,0.0002614519588838,en,angel
tingling,0.0002614519588838,en,angel
fletcher,0.0002614519588838,en,angel
caper,0.0002614519588838,en,angel
repellent,0.0002614519588838,en,angel
punke,0.0002614519588838,en,angel
william,0.0002614519588838,en,angel
pronged,0.0002614519588838,en,angel
hugging,0.0002614519588838,en,angel
pestilence,0.0002614519588838,en,angel
springer,0.0002614519588838,en,angel
wedgie,0.0002614519588838,en,angel
thudding,0.0002614519588838,en,angel
cellblock,0.0002614519588838,en,angel
cinch,0.0002614519588838,en,angel
charlene,0.0002614519588838,en,angel
roost,0.0002614519588838,en,angel
bushy,0.0002614519588838,en,angel
entre,0.0002614519588838,en,angel
neigh,0.0002614519588838,en,angel
hallucinogenic,0.0002614519588838,en,angel
fillet,0.0002614519588838,en,angel
vertigo,0.0002614519588838,en,angel
shiatsu,0.0002614519588838,en,angel
sentient,0.0002614519588838,en,angel
camaro,0.0002614519588838,en,angel
grubby,0.0002614519588838,en,angel
poltergeist,0.0002614519588838,en,angel
defining,0.0002614519588838,en,angel
wretch,0.0002614519588838,en,angel
bistro,0.0002614519588838,en,angel
outlying,0.0002614519588838,en,angel
volcanic,0.0002614519588838,en,angel
streamer,0.0002614519588838,en,angel
mocking,0.0002614519588838,en,angel
digitally,0.0002614519588838,en,angel
primer,0.0002614519588838,en,angel
moo,0.0002614519588838,en,angel
fricke,0.0002614519588838,en,angel
fluster,0.0002614519588838,en,angel
sulfuric,0.0002614519588838,en,angel
holiness,0.0002614519588838,en,angel
pest,0.0002614519588838,en,angel
snafu,0.0002614519588838,en,angel
friendless,0.0002614519588838,en,angel
sourpuss,0.0002614519588838,en,angel
souffl,0.0002614519588838,en,angel
costa,0.0002614519588838,en,angel
tate,0.0002614519588838,en,angel
twinkie,0.0002614519588838,en,angel
spunk,0.0002614519588838,en,angel
scavenge,0.0002614519588838,en,angel
talon,0.0002614519588838,en,angel
stalking,0.0002614519588838,en,angel
beatin,0.0002614519588838,en,angel
jiff,0.0002614519588838,en,angel
revs,0.0002614519588838,en,angel
miscalculate,0.0002614519588838,en,angel
contraire,0.0002614519588838,en,angel
earner,0.0002614519588838,en,angel
regurgitate,0.0002614519588838,en,angel
mahal,0.0002614519588838,en,angel
toiletry,0.0002614519588838,en,angel
ahoy,0.0002614519588838,en,angel
stronghold,0.0002614519588838,en,angel
regeneration,0.0002614519588838,en,angel
enchilada,0.0002614519588838,en,angel
hernia,0.0002614519588838,en,angel
ncic,0.0002614519588838,en,angel
rancher,0.0002614519588838,en,angel
fistfight,0.0002614519588838,en,angel
wary,0.0002614519588838,en,angel
monetary,0.0002614519588838,en,angel
bologna,0.0002614519588838,en,angel
scram,0.0002614519588838,en,angel
lojack,0.0002614519588838,en,angel
victorious,0.0002614519588838,en,angel
cirque,0.0002614519588838,en,angel
lukewarm,0.0002614519588838,en,angel
endless,0.0002600301574478,en,angel
concert,0.0002600301574478,en,angel
stray,0.0002600301574478,en,angel
consult,0.0002600301574478,en,angel
sergeant,0.0002600301574478,en,angel
emotionally,0.0002600301574478,en,angel
polish,0.0002577186276368,en,angel
bent,0.0002577186276368,en,angel
obligation,0.0002577186276368,en,angel
bracelet,0.0002577186276368,en,angel
clinic,0.0002577186276368,en,angel
rash,0.0002577186276368,en,angel
combine,0.0002577186276368,en,angel
drift,0.0002577186276368,en,angel
ward,0.0002577186276368,en,angel
auto,0.0002577186276368,en,angel
bee,0.0002577186276368,en,angel
koi,0.0002560441711828,en,angel
mistrust,0.0002560441711828,en,angel
pothole,0.0002560441711828,en,angel
mahogany,0.0002560441711828,en,angel
joystick,0.0002560441711828,en,angel
tourism,0.0002560441711828,en,angel
recruiting,0.0002560441711828,en,angel
swinger,0.0002560441711828,en,angel
skyscraper,0.0002560441711828,en,angel
measly,0.0002560441711828,en,angel
radiate,0.0002560441711828,en,angel
northbound,0.0002560441711828,en,angel
overcook,0.0002560441711828,en,angel
momentous,0.0002560441711828,en,angel
mediocrity,0.0002560441711828,en,angel
flimsy,0.0002560441711828,en,angel
electrocution,0.0002560441711828,en,angel
ethically,0.0002560441711828,en,angel
mannered,0.0002560441711828,en,angel
tutorial,0.0002560441711828,en,angel
plainly,0.0002560441711828,en,angel
atrophy,0.0002560441711828,en,angel
ridin,0.0002560441711828,en,angel
creamy,0.0002560441711828,en,angel
consonant,0.0002560441711828,en,angel
carman,0.0002560441711828,en,angel
atheist,0.0002560441711828,en,angel
rafter,0.0002560441711828,en,angel
twinge,0.0002560441711828,en,angel
terminally,0.0002560441711828,en,angel
commanding,0.0002560441711828,en,angel
ticker,0.0002560441711828,en,angel
stuffing,0.0002560441711828,en,angel
origami,0.0002560441711828,en,angel
elena,0.0002560441711828,en,angel
cobble,0.0002560441711828,en,angel
surly,0.0002560441711828,en,angel
snippy,0.0002560441711828,en,angel
whup,0.0002560441711828,en,angel
char,0.0002560441711828,en,angel
lieu,0.0002560441711828,en,angel
extraordinaire,0.0002560441711828,en,angel
swill,0.0002560441711828,en,angel
unmistakable,0.0002560441711828,en,angel
alleyway,0.0002560441711828,en,angel
napoleon,0.0002560441711828,en,angel
folly,0.0002560441711828,en,angel
ballsy,0.0002560441711828,en,angel
revival,0.0002560441711828,en,angel
perseverance,0.0002560441711828,en,angel
nonprofit,0.0002560441711828,en,angel
adaptation,0.0002560441711828,en,angel
elemental,0.0002560441711828,en,angel
doer,0.0002560441711828,en,angel
chummy,0.0002560441711828,en,angel
monstrous,0.0002560441711828,en,angel
backhand,0.0002560441711828,en,angel
surmise,0.0002560441711828,en,angel
subsidiary,0.0002560441711828,en,angel
sacrificial,0.0002560441711828,en,angel
glean,0.0002560441711828,en,angel
tracer,0.0002560441711828,en,angel
tourniquet,0.0002560441711828,en,angel
culturally,0.0002560441711828,en,angel
milky,0.0002560441711828,en,angel
exorcist,0.0002560441711828,en,angel
hobbit,0.0002560441711828,en,angel
penchant,0.0002560441711828,en,angel
amenity,0.0002560441711828,en,angel
holden,0.0002560441711828,en,angel
greenhouse,0.0002560441711828,en,angel
noun,0.0002560441711828,en,angel
duster,0.0002560441711828,en,angel
hussy,0.0002560441711828,en,angel
underline,0.0002560441711828,en,angel
drifter,0.0002560441711828,en,angel
staggering,0.0002560441711828,en,angel
countertop,0.0002560441711828,en,angel
sidebar,0.0002560441711828,en,angel
molding,0.0002560441711828,en,angel
baton,0.0002560441711828,en,angel
seein,0.0002560441711828,en,angel
copi,0.0002560441711828,en,angel
eel,0.0002560441711828,en,angel
twain,0.0002560441711828,en,angel
agreeable,0.0002560441711828,en,angel
trite,0.0002560441711828,en,angel
harlot,0.0002560441711828,en,angel
gar,0.0002560441711828,en,angel
undesirable,0.0002560441711828,en,angel
finely,0.0002560441711828,en,angel
choreography,0.0002560441711828,en,angel
layover,0.0002560441711828,en,angel
dialect,0.0002560441711828,en,angel
skydive,0.0002560441711828,en,angel
developed,0.0002560441711828,en,angel
stepping,0.0002560441711828,en,angel
gleam,0.0002560441711828,en,angel
retrofit,0.0002560441711828,en,angel
genetic,0.000255438548188,en,angel
definition,0.000255438548188,en,angel
download,0.000255438548188,en,angel
approval,0.000255438548188,en,angel
waiting,0.000255438548188,en,angel
freakin,0.000255438548188,en,angel
grid,0.000255438548188,en,angel
sole,0.000255438548188,en,angel
flood,0.000255438548188,en,angel
shred,0.000255438548188,en,angel
resort,0.000255438548188,en,angel
testing,0.0002531890747578,en,angel
prior,0.0002531890747578,en,angel
appetite,0.0002531890747578,en,angel
gum,0.0002531890747578,en,angel
purchase,0.0002531890747578,en,angel
brick,0.0002531890747578,en,angel
bay,0.0002531890747578,en,angel
tom,0.0002531890747578,en,angel
strongly,0.0002531890747578,en,angel
chemistry,0.0002509693965547,en,angel
tolerate,0.0002509693965547,en,angel
length,0.0002509693965547,en,angel
native,0.0002509693965547,en,angel
oppose,0.0002509693965547,en,angel
grocery,0.0002509693965547,en,angel
buyer,0.0002509693965547,en,angel
therapist,0.0002509693965547,en,angel
amateur,0.0002509693965547,en,angel
crown,0.0002509693965547,en,angel
everyday,0.0002509693965547,en,angel
stack,0.0002509693965547,en,angel
alrighty,0.0002509643354745,en,angel
mammoth,0.0002509643354745,en,angel
sinatra,0.0002509643354745,en,angel
freakish,0.0002509643354745,en,angel
lunge,0.0002509643354745,en,angel
bentley,0.0002509643354745,en,angel
desktop,0.0002509643354745,en,angel
mopey,0.0002509643354745,en,angel
herald,0.0002509643354745,en,angel
wane,0.0002509643354745,en,angel
powdered,0.0002509643354745,en,angel
musty,0.0002509643354745,en,angel
appreciative,0.0002509643354745,en,angel
unwritten,0.0002509643354745,en,angel
fathom,0.0002509643354745,en,angel
royally,0.0002509643354745,en,angel
juliet,0.0002509643354745,en,angel
varied,0.0002509643354745,en,angel
pressed,0.0002509643354745,en,angel
critique,0.0002509643354745,en,angel
steppin,0.0002509643354745,en,angel
gasket,0.0002509643354745,en,angel
bleeder,0.0002509643354745,en,angel
samaritan,0.0002509643354745,en,angel
triplet,0.0002509643354745,en,angel
quail,0.0002509643354745,en,angel
oversized,0.0002509643354745,en,angel
twerp,0.0002509643354745,en,angel
bodied,0.0002509643354745,en,angel
snivel,0.0002509643354745,en,angel
inflammation,0.0002509643354745,en,angel
bulge,0.0002509643354745,en,angel
obligated,0.0002509643354745,en,angel
agonizing,0.0002509643354745,en,angel
seclude,0.0002509643354745,en,angel
lode,0.0002509643354745,en,angel
waterfront,0.0002509643354745,en,angel
spiked,0.0002509643354745,en,angel
shiner,0.0002509643354745,en,angel
overzealous,0.0002509643354745,en,angel
captivate,0.0002509643354745,en,angel
vulgar,0.0002509643354745,en,angel
emilio,0.0002509643354745,en,angel
ordain,0.0002509643354745,en,angel
pesticide,0.0002509643354745,en,angel
iffy,0.0002509643354745,en,angel
sandman,0.0002509643354745,en,angel
prickly,0.0002509643354745,en,angel
gripe,0.0002509643354745,en,angel
skimp,0.0002509643354745,en,angel
baja,0.0002509643354745,en,angel
correctional,0.0002509643354745,en,angel
liberation,0.0002509643354745,en,angel
depressive,0.0002509643354745,en,angel
grapple,0.0002509643354745,en,angel
clack,0.0002509643354745,en,angel
casa,0.0002509643354745,en,angel
fluctuation,0.0002509643354745,en,angel
pummel,0.0002509643354745,en,angel
hee,0.0002509643354745,en,angel
sacrament,0.0002509643354745,en,angel
crusty,0.0002509643354745,en,angel
intensely,0.0002509643354745,en,angel
esophagus,0.0002509643354745,en,angel
orthopedic,0.0002509643354745,en,angel
differentiate,0.0002509643354745,en,angel
overdrive,0.0002509643354745,en,angel
displacement,0.0002509643354745,en,angel
opposable,0.0002509643354745,en,angel
generously,0.0002509643354745,en,angel
negatively,0.0002509643354745,en,angel
sleek,0.0002509643354745,en,angel
wristband,0.0002509643354745,en,angel
skydiving,0.0002509643354745,en,angel
treachery,0.0002509643354745,en,angel
pique,0.0002509643354745,en,angel
overrated,0.0002509643354745,en,angel
scratchy,0.0002509643354745,en,angel
subcommittee,0.0002509643354745,en,angel
decree,0.0002509643354745,en,angel
scrumptious,0.0002509643354745,en,angel
galley,0.0002509643354745,en,angel
smarty,0.0002509643354745,en,angel
uno,0.0002509643354745,en,angel
seniority,0.0002509643354745,en,angel
neurosis,0.0002509643354745,en,angel
graduating,0.0002509643354745,en,angel
insulation,0.0002509643354745,en,angel
query,0.0002509643354745,en,angel
matty,0.0002509643354745,en,angel
gratify,0.0002509643354745,en,angel
exaggerated,0.0002509643354745,en,angel
personalize,0.0002509643354745,en,angel
hawkin,0.0002509643354745,en,angel
viking,0.0002509643354745,en,angel
woof,0.0002509643354745,en,angel
deepen,0.0002509643354745,en,angel
breakdown,0.0002487787345847,en,angel
suspend,0.0002487787345847,en,angel
anonymous,0.0002487787345847,en,angel
nation,0.0002466163400104,en,angel
correctly,0.0002466163400104,en,angel
rose,0.0002466163400104,en,angel
cocktail,0.0002466163400104,en,angel
unhappy,0.0002466163400104,en,angel
unlock,0.0002466163400104,en,angel
swap,0.0002466163400104,en,angel
entitle,0.0002466163400104,en,angel
prep,0.0002466163400104,en,angel
purple,0.0002466163400104,en,angel
leap,0.0002466163400104,en,angel
reattach,0.0002461749389727,en,angel
grisly,0.0002461749389727,en,angel
rattlesnake,0.0002461749389727,en,angel
welsh,0.0002461749389727,en,angel
metropolitan,0.0002461749389727,en,angel
impolite,0.0002461749389727,en,angel
advisory,0.0002461749389727,en,angel
uninterrupted,0.0002461749389727,en,angel
pup,0.0002461749389727,en,angel
cheering,0.0002461749389727,en,angel
floater,0.0002461749389727,en,angel
shingle,0.0002461749389727,en,angel
attached,0.0002461749389727,en,angel
bridget,0.0002461749389727,en,angel
bulimic,0.0002461749389727,en,angel
peterson,0.0002461749389727,en,angel
hazing,0.0002461749389727,en,angel
lavish,0.0002461749389727,en,angel
haye,0.0002461749389727,en,angel
disband,0.0002461749389727,en,angel
mausoleum,0.0002461749389727,en,angel
shin,0.0002461749389727,en,angel
prof,0.0002461749389727,en,angel
zack,0.0002461749389727,en,angel
helium,0.0002461749389727,en,angel
immensely,0.0002461749389727,en,angel
problemo,0.0002461749389727,en,angel
best,0.0002461749389727,en,angel
opiate,0.0002461749389727,en,angel
chico,0.0002461749389727,en,angel
vader,0.0002461749389727,en,angel
fistful,0.0002461749389727,en,angel
contagion,0.0002461749389727,en,angel
infestation,0.0002461749389727,en,angel
poser,0.0002461749389727,en,angel
wan,0.0002461749389727,en,angel
damnation,0.0002461749389727,en,angel
upscale,0.0002461749389727,en,angel
ware,0.0002461749389727,en,angel
conjunction,0.0002461749389727,en,angel
darth,0.0002461749389727,en,angel
bicker,0.0002461749389727,en,angel
crease,0.0002461749389727,en,angel
matinee,0.0002461749389727,en,angel
lunar,0.0002461749389727,en,angel
skipper,0.0002461749389727,en,angel
lore,0.0002461749389727,en,angel
scarring,0.0002461749389727,en,angel
watering,0.0002461749389727,en,angel
mucus,0.0002461749389727,en,angel
burritos,0.0002461749389727,en,angel
mooch,0.0002461749389727,en,angel
goodie,0.0002461749389727,en,angel
samurai,0.0002461749389727,en,angel
amniotic,0.0002461749389727,en,angel
bookcase,0.0002461749389727,en,angel
rooster,0.0002461749389727,en,angel
sicko,0.0002461749389727,en,angel
distressed,0.0002461749389727,en,angel
damaging,0.0002461749389727,en,angel
realist,0.0002461749389727,en,angel
wrongly,0.0002461749389727,en,angel
heath,0.0002461749389727,en,angel
sag,0.0002461749389727,en,angel
horseman,0.0002461749389727,en,angel
pimple,0.0002461749389727,en,angel
ensue,0.0002461749389727,en,angel
hoover,0.0002461749389727,en,angel
dixie,0.0002461749389727,en,angel
scurry,0.0002461749389727,en,angel
construe,0.0002461749389727,en,angel
deformity,0.0002461749389727,en,angel
shelve,0.0002461749389727,en,angel
northw,0.0002461749389727,en,angel
motivator,0.0002461749389727,en,angel
unchecked,0.0002461749389727,en,angel
exclamation,0.0002461749389727,en,angel
watchin,0.0002461749389727,en,angel
lovin,0.0002461749389727,en,angel
storefront,0.0002461749389727,en,angel
puck,0.0002461749389727,en,angel
escaped,0.0002461749389727,en,angel
poly,0.0002461749389727,en,angel
debilitate,0.0002461749389727,en,angel
feely,0.0002461749389727,en,angel
misfit,0.0002461749389727,en,angel
boast,0.0002461749389727,en,angel
interactive,0.0002461749389727,en,angel
lithium,0.0002461749389727,en,angel
darken,0.0002461749389727,en,angel
shootin,0.0002461749389727,en,angel
pitchfork,0.0002461749389727,en,angel
snatcher,0.0002461749389727,en,angel
clover,0.0002461749389727,en,angel
douse,0.0002461749389727,en,angel
ensemble,0.0002461749389727,en,angel
skittish,0.0002461749389727,en,angel
fragrance,0.0002461749389727,en,angel
undivided,0.0002461749389727,en,angel
consecutive,0.0002461749389727,en,angel
counterpart,0.0002461749389727,en,angel
reprieve,0.0002461749389727,en,angel
ciao,0.0002461749389727,en,angel
garner,0.0002461749389727,en,angel
piata,0.0002461749389727,en,angel
lynch,0.0002461749389727,en,angel
gramp,0.0002461749389727,en,angel
gnarly,0.0002461749389727,en,angel
seaboard,0.0002461749389727,en,angel
agitate,0.0002461749389727,en,angel
shield,0.0002444814926136,en,angel
panel,0.0002444814926136,en,angel
justify,0.0002444814926136,en,angel
announcement,0.0002444814926136,en,angel
engagement,0.0002444814926136,en,angel
roger,0.0002444814926136,en,angel
sore,0.0002444814926136,en,angel
inappropriate,0.0002444814926136,en,angel
principle,0.0002444814926136,en,angel
unlikely,0.0002444814926136,en,angel
allergic,0.0002423734993558,en,angel
satisfied,0.0002423734993558,en,angel
risky,0.0002423734993558,en,angel
transient,0.0002416445585261,en,angel
olden,0.0002416445585261,en,angel
anthem,0.0002416445585261,en,angel
loafer,0.0002416445585261,en,angel
chrome,0.0002416445585261,en,angel
unused,0.0002416445585261,en,angel
lacrosse,0.0002416445585261,en,angel
rectify,0.0002416445585261,en,angel
exploratory,0.0002416445585261,en,angel
frankenstein,0.0002416445585261,en,angel
unavoidable,0.0002416445585261,en,angel
collaboration,0.0002416445585261,en,angel
misty,0.0002416445585261,en,angel
yum,0.0002416445585261,en,angel
aspen,0.0002416445585261,en,angel
conductor,0.0002416445585261,en,angel
rung,0.0002416445585261,en,angel
instill,0.0002416445585261,en,angel
repression,0.0002416445585261,en,angel
daft,0.0002416445585261,en,angel
blazer,0.0002416445585261,en,angel
afar,0.0002416445585261,en,angel
inward,0.0002416445585261,en,angel
orchestra,0.0002416445585261,en,angel
expend,0.0002416445585261,en,angel
obit,0.0002416445585261,en,angel
visibility,0.0002416445585261,en,angel
doomsday,0.0002416445585261,en,angel
sledgehammer,0.0002416445585261,en,angel
genesis,0.0002416445585261,en,angel
subtext,0.0002416445585261,en,angel
homeroom,0.0002416445585261,en,angel
dwelling,0.0002416445585261,en,angel
weirde,0.0002416445585261,en,angel
heartbreake,0.0002416445585261,en,angel
sappy,0.0002416445585261,en,angel
wilt,0.0002416445585261,en,angel
infrare,0.0002416445585261,en,angel
unaffected,0.0002416445585261,en,angel
discern,0.0002416445585261,en,angel
aerosol,0.0002416445585261,en,angel
prestige,0.0002416445585261,en,angel
endurance,0.0002416445585261,en,angel
hasting,0.0002416445585261,en,angel
throe,0.0002416445585261,en,angel
systematically,0.0002416445585261,en,angel
outsource,0.0002416445585261,en,angel
consensual,0.0002416445585261,en,angel
hellfire,0.0002416445585261,en,angel
provocation,0.0002416445585261,en,angel
bloodhound,0.0002416445585261,en,angel
drainage,0.0002416445585261,en,angel
intersect,0.0002416445585261,en,angel
rhino,0.0002416445585261,en,angel
equipped,0.0002416445585261,en,angel
backstabbe,0.0002416445585261,en,angel
unlawful,0.0002416445585261,en,angel
rudy,0.0002416445585261,en,angel
famine,0.0002416445585261,en,angel
affirm,0.0002416445585261,en,angel
rightly,0.0002416445585261,en,angel
appealing,0.0002416445585261,en,angel
wrack,0.0002416445585261,en,angel
methodology,0.0002416445585261,en,angel
cryogenic,0.0002416445585261,en,angel
vike,0.0002416445585261,en,angel
skylight,0.0002416445585261,en,angel
alloy,0.0002416445585261,en,angel
syphili,0.0002416445585261,en,angel
rhythmic,0.0002416445585261,en,angel
succession,0.0002416445585261,en,angel
soundproof,0.0002416445585261,en,angel
norwegian,0.0002416445585261,en,angel
rodney,0.0002416445585261,en,angel
decrypt,0.0002416445585261,en,angel
readout,0.0002416445585261,en,angel
elixir,0.0002416445585261,en,angel
satisfactory,0.0002416445585261,en,angel
understaffed,0.0002416445585261,en,angel
captioning,0.0002416445585261,en,angel
inactive,0.0002416445585261,en,angel
bel,0.0002416445585261,en,angel
cum,0.0002416445585261,en,angel
shindig,0.0002416445585261,en,angel
superhuman,0.0002416445585261,en,angel
diplomacy,0.0002416445585261,en,angel
est,0.0002416445585261,en,angel
depressant,0.0002416445585261,en,angel
roofie,0.0002416445585261,en,angel
housewarming,0.0002416445585261,en,angel
antsy,0.0002416445585261,en,angel
timeless,0.0002416445585261,en,angel
juncture,0.0002416445585261,en,angel
irreversible,0.0002416445585261,en,angel
vodka,0.0002402916930275,en,angel
conclusion,0.0002402916930275,en,angel
writing,0.0002402916930275,en,angel
surprising,0.0002402916930275,en,angel
pad,0.0002402916930275,en,angel
golf,0.0002402916930275,en,angel
compete,0.0002402916930275,en,angel
ceiling,0.0002402916930275,en,angel
symptom,0.0002402916930275,en,angel
booze,0.00023823543098,en,angel
frozen,0.00023823543098,en,angel
fuel,0.00023823543098,en,angel
fever,0.00023823543098,en,angel
foundation,0.00023823543098,en,angel
happily,0.00023823543098,en,angel
conspiracy,0.00023823543098,en,angel
dot,0.00023823543098,en,angel
ferocious,0.0002373466099267,en,angel
mandarin,0.0002373466099267,en,angel
bloodline,0.0002373466099267,en,angel
localize,0.0002373466099267,en,angel
lookie,0.0002373466099267,en,angel
compliance,0.0002373466099267,en,angel
disorientation,0.0002373466099267,en,angel
unnamed,0.0002373466099267,en,angel
bangin,0.0002373466099267,en,angel
kiddie,0.0002373466099267,en,angel
sig,0.0002373466099267,en,angel
piercing,0.0002373466099267,en,angel
leper,0.0002373466099267,en,angel
slacker,0.0002373466099267,en,angel
covering,0.0002373466099267,en,angel
eternally,0.0002373466099267,en,angel
recalibrate,0.0002373466099267,en,angel
daze,0.0002373466099267,en,angel
lorraine,0.0002373466099267,en,angel
remiss,0.0002373466099267,en,angel
specialized,0.0002373466099267,en,angel
annihilation,0.0002373466099267,en,angel
ordnance,0.0002373466099267,en,angel
lengthy,0.0002373466099267,en,angel
devastation,0.0002373466099267,en,angel
sic,0.0002373466099267,en,angel
impromptu,0.0002373466099267,en,angel
subtlety,0.0002373466099267,en,angel
mozart,0.0002373466099267,en,angel
crunchy,0.0002373466099267,en,angel
refusal,0.0002373466099267,en,angel
machete,0.0002373466099267,en,angel
comer,0.0002373466099267,en,angel
resonance,0.0002373466099267,en,angel
remover,0.0002373466099267,en,angel
stroller,0.0002373466099267,en,angel
smokey,0.0002373466099267,en,angel
debriefing,0.0002373466099267,en,angel
bitchin,0.0002373466099267,en,angel
informal,0.0002373466099267,en,angel
rummage,0.0002373466099267,en,angel
verification,0.0002373466099267,en,angel
craftsmanship,0.0002373466099267,en,angel
gape,0.0002373466099267,en,angel
conflicted,0.0002373466099267,en,angel
upbringing,0.0002373466099267,en,angel
chickene,0.0002373466099267,en,angel
ricochet,0.0002373466099267,en,angel
impostor,0.0002373466099267,en,angel
shard,0.0002373466099267,en,angel
foolproof,0.0002373466099267,en,angel
deceitful,0.0002373466099267,en,angel
joyful,0.0002373466099267,en,angel
headless,0.0002373466099267,en,angel
psychiatry,0.0002373466099267,en,angel
coherent,0.0002373466099267,en,angel
simmer,0.0002373466099267,en,angel
charmer,0.0002373466099267,en,angel
critter,0.0002373466099267,en,angel
acronym,0.0002373466099267,en,angel
precedence,0.0002373466099267,en,angel
ferris,0.0002373466099267,en,angel
nash,0.0002373466099267,en,angel
oasis,0.0002373466099267,en,angel
overpay,0.0002373466099267,en,angel
wasteland,0.0002373466099267,en,angel
mitten,0.0002373466099267,en,angel
buff,0.0002373466099267,en,angel
trickle,0.0002373466099267,en,angel
rigor,0.0002373466099267,en,angel
forklift,0.0002373466099267,en,angel
prance,0.0002373466099267,en,angel
mishap,0.0002373466099267,en,angel
momentary,0.0002373466099267,en,angel
racquetball,0.0002373466099267,en,angel
better,0.0002373466099267,en,angel
hearty,0.0002373466099267,en,angel
sustenance,0.0002373466099267,en,angel
gnaw,0.0002373466099267,en,angel
deb,0.0002373466099267,en,angel
changer,0.0002373466099267,en,angel
basin,0.0002373466099267,en,angel
unsavory,0.0002373466099267,en,angel
chomp,0.0002373466099267,en,angel
limited,0.000236204093935,en,angel
politic,0.000236204093935,en,angel
resident,0.0002341970848649,en,angel
ultimate,0.0002341970848649,en,angel
kidding,0.0002341970848649,en,angel
anti,0.0002341970848649,en,angel
tuck,0.0002341970848649,en,angel
heave,0.0002332584026813,en,angel
polyester,0.0002332584026813,en,angel
supreme,0.0002332584026813,en,angel
alibis,0.0002332584026813,en,angel
workup,0.0002332584026813,en,angel
desirable,0.0002332584026813,en,angel
atrocity,0.0002332584026813,en,angel
preschool,0.0002332584026813,en,angel
afflict,0.0002332584026813,en,angel
bankroll,0.0002332584026813,en,angel
arse,0.0002332584026813,en,angel
ouija,0.0002332584026813,en,angel
dicken,0.0002332584026813,en,angel
reprimand,0.0002332584026813,en,angel
racketeering,0.0002332584026813,en,angel
hydrated,0.0002332584026813,en,angel
thrilling,0.0002332584026813,en,angel
honorary,0.0002332584026813,en,angel
clench,0.0002332584026813,en,angel
pacific,0.0002332584026813,en,angel
contingent,0.0002332584026813,en,angel
hesitant,0.0002332584026813,en,angel
delicately,0.0002332584026813,en,angel
instability,0.0002332584026813,en,angel
alphabetical,0.0002332584026813,en,angel
feign,0.0002332584026813,en,angel
confessional,0.0002332584026813,en,angel
asteroid,0.0002332584026813,en,angel
spock,0.0002332584026813,en,angel
imperial,0.0002332584026813,en,angel
byproduct,0.0002332584026813,en,angel
territorial,0.0002332584026813,en,angel
fussy,0.0002332584026813,en,angel
vicodin,0.0002332584026813,en,angel
lisa,0.0002332584026813,en,angel
hal,0.0002332584026813,en,angel
earplug,0.0002332584026813,en,angel
comforting,0.0002332584026813,en,angel
downsize,0.0002332584026813,en,angel
charismatic,0.0002332584026813,en,angel
gra,0.0002332584026813,en,angel
hyperventilate,0.0002332584026813,en,angel
precautionary,0.0002332584026813,en,angel
retriever,0.0002332584026813,en,angel
absolve,0.0002332584026813,en,angel
messin,0.0002332584026813,en,angel
automate,0.0002332584026813,en,angel
tiptoe,0.0002332584026813,en,angel
gardening,0.0002332584026813,en,angel
prenatal,0.0002332584026813,en,angel
snug,0.0002332584026813,en,angel
helm,0.0002332584026813,en,angel
flex,0.0002332584026813,en,angel
malcolm,0.0002332584026813,en,angel
starch,0.0002332584026813,en,angel
indispose,0.0002332584026813,en,angel
assortment,0.0002332584026813,en,angel
dom,0.0002332584026813,en,angel
culinary,0.0002332584026813,en,angel
barter,0.0002332584026813,en,angel
talkative,0.0002332584026813,en,angel
adviser,0.0002332584026813,en,angel
shirley,0.0002332584026813,en,angel
idly,0.0002332584026813,en,angel
cynicism,0.0002332584026813,en,angel
snapshot,0.0002332584026813,en,angel
mangy,0.0002332584026813,en,angel
wench,0.0002332584026813,en,angel
adhere,0.0002332584026813,en,angel
sucky,0.0002332584026813,en,angel
debacle,0.0002332584026813,en,angel
brent,0.0002332584026813,en,angel
diversity,0.0002332584026813,en,angel
masquerade,0.0002332584026813,en,angel
ark,0.0002332584026813,en,angel
filet,0.0002332584026813,en,angel
ala,0.0002332584026813,en,angel
hearsay,0.0002332584026813,en,angel
malignant,0.0002332584026813,en,angel
mapping,0.0002332584026813,en,angel
furthermore,0.0002332584026813,en,angel
informative,0.0002332584026813,en,angel
preemptive,0.0002332584026813,en,angel
miserably,0.0002332584026813,en,angel
cog,0.0002332584026813,en,angel
dismissal,0.0002332584026813,en,angel
undetecte,0.0002332584026813,en,angel
senor,0.0002332584026813,en,angel
moldy,0.0002332584026813,en,angel
forgot,0.0002322138279392,en,angel
border,0.0002322138279392,en,angel
method,0.0002322138279392,en,angel
interfere,0.0002302537675329,en,angel
tempt,0.0002302537675329,en,angel
advise,0.0002302537675329,en,angel
environment,0.0002302537675329,en,angel
accumulate,0.0002293604148754,en,angel
richie,0.0002293604148754,en,angel
sonar,0.0002293604148754,en,angel
inherent,0.0002293604148754,en,angel
simultaneous,0.0002293604148754,en,angel
pleasantry,0.0002293604148754,en,angel
retrieval,0.0002293604148754,en,angel
burke,0.0002293604148754,en,angel
armani,0.0002293604148754,en,angel
shameless,0.0002293604148754,en,angel
pollute,0.0002293604148754,en,angel
veal,0.0002293604148754,en,angel
rolex,0.0002293604148754,en,angel
kindre,0.0002293604148754,en,angel
municipal,0.0002293604148754,en,angel
stealing,0.0002293604148754,en,angel
hefty,0.0002293604148754,en,angel
limousine,0.0002293604148754,en,angel
correlation,0.0002293604148754,en,angel
shortness,0.0002293604148754,en,angel
secrete,0.0002293604148754,en,angel
crass,0.0002293604148754,en,angel
insatiable,0.0002293604148754,en,angel
blob,0.0002293604148754,en,angel
oblivious,0.0002293604148754,en,angel
oblivion,0.0002293604148754,en,angel
extremity,0.0002293604148754,en,angel
tidbit,0.0002293604148754,en,angel
munchkin,0.0002293604148754,en,angel
hectic,0.0002293604148754,en,angel
petting,0.0002293604148754,en,angel
gash,0.0002293604148754,en,angel
belove,0.0002293604148754,en,angel
pfft,0.0002293604148754,en,angel
disciple,0.0002293604148754,en,angel
ugliness,0.0002293604148754,en,angel
polygraph,0.0002293604148754,en,angel
beige,0.0002293604148754,en,angel
consummate,0.0002293604148754,en,angel
umbilical,0.0002293604148754,en,angel
retina,0.0002293604148754,en,angel
locksmith,0.0002293604148754,en,angel
luncheon,0.0002293604148754,en,angel
sasquatch,0.0002293604148754,en,angel
bambi,0.0002293604148754,en,angel
misguide,0.0002293604148754,en,angel
overrun,0.0002293604148754,en,angel
genome,0.0002293604148754,en,angel
sterilize,0.0002293604148754,en,angel
dinnertime,0.0002293604148754,en,angel
prioritize,0.0002293604148754,en,angel
diffuse,0.0002293604148754,en,angel
recapture,0.0002293604148754,en,angel
abruptly,0.0002293604148754,en,angel
exceptionally,0.0002293604148754,en,angel
obscene,0.0002293604148754,en,angel
flak,0.0002293604148754,en,angel
eleanor,0.0002293604148754,en,angel
continental,0.0002293604148754,en,angel
angst,0.0002293604148754,en,angel
piper,0.0002293604148754,en,angel
decorator,0.0002293604148754,en,angel
gauntlet,0.0002293604148754,en,angel
dumping,0.0002293604148754,en,angel
gall,0.0002293604148754,en,angel
playmate,0.0002293604148754,en,angel
noir,0.0002293604148754,en,angel
rink,0.0002293604148754,en,angel
sor,0.0002293604148754,en,angel
dorky,0.0002293604148754,en,angel
feminist,0.0002293604148754,en,angel
hispanic,0.0002293604148754,en,angel
rem,0.0002293604148754,en,angel
stephen,0.0002293604148754,en,angel
celtic,0.0002293604148754,en,angel
mobster,0.0002293604148754,en,angel
turmoil,0.0002293604148754,en,angel
adventurous,0.0002293604148754,en,angel
headstone,0.0002293604148754,en,angel
overcompensate,0.0002293604148754,en,angel
dominance,0.0002293604148754,en,angel
impale,0.0002293604148754,en,angel
vibrant,0.0002293604148754,en,angel
vaporize,0.0002293604148754,en,angel
lopez,0.0002293604148754,en,angel
embezzlement,0.0002293604148754,en,angel
widespread,0.0002293604148754,en,angel
premier,0.0002293604148754,en,angel
formulate,0.0002293604148754,en,angel
scientist,0.0002283163672922,en,angel
naturally,0.0002283163672922,en,angel
salad,0.0002283163672922,en,angel
forbid,0.0002283163672922,en,angel
pillow,0.0002264011092533,en,angel
liberty,0.0002264011092533,en,angel
perpetrate,0.0002256357293592,en,angel
passing,0.0002256357293592,en,angel
clutter,0.0002256357293592,en,angel
tulip,0.0002256357293592,en,angel
whining,0.0002256357293592,en,angel
autopilot,0.0002256357293592,en,angel
invasive,0.0002256357293592,en,angel
godsend,0.0002256357293592,en,angel
platonic,0.0002256357293592,en,angel
footing,0.0002256357293592,en,angel
volunteering,0.0002256357293592,en,angel
progression,0.0002256357293592,en,angel
concierge,0.0002256357293592,en,angel
troublemaker,0.0002256357293592,en,angel
runt,0.0002256357293592,en,angel
spatter,0.0002256357293592,en,angel
wally,0.0002256357293592,en,angel
hazy,0.0002256357293592,en,angel
bathrobe,0.0002256357293592,en,angel
midget,0.0002256357293592,en,angel
dropout,0.0002256357293592,en,angel
prematurely,0.0002256357293592,en,angel
trinity,0.0002256357293592,en,angel
skyrocket,0.0002256357293592,en,angel
trivial,0.0002256357293592,en,angel
undertake,0.0002256357293592,en,angel
grammar,0.0002256357293592,en,angel
consolidate,0.0002256357293592,en,angel
dew,0.0002256357293592,en,angel
bogeyman,0.0002256357293592,en,angel
aftermath,0.0002256357293592,en,angel
disfigure,0.0002256357293592,en,angel
elevation,0.0002256357293592,en,angel
mwah,0.0002256357293592,en,angel
talkie,0.0002256357293592,en,angel
comprende,0.0002256357293592,en,angel
publication,0.0002256357293592,en,angel
timely,0.0002256357293592,en,angel
defective,0.0002256357293592,en,angel
dracula,0.0002256357293592,en,angel
versa,0.0002256357293592,en,angel
layman,0.0002256357293592,en,angel
murray,0.0002256357293592,en,angel
accelerant,0.0002256357293592,en,angel
checkin,0.0002256357293592,en,angel
binary,0.0002256357293592,en,angel
golly,0.0002256357293592,en,angel
morse,0.0002256357293592,en,angel
magnify,0.0002256357293592,en,angel
flutter,0.0002256357293592,en,angel
daring,0.0002256357293592,en,angel
miranda,0.0002256357293592,en,angel
sensory,0.0002256357293592,en,angel
meticulous,0.0002256357293592,en,angel
escrow,0.0002256357293592,en,angel
analog,0.0002256357293592,en,angel
squirrelly,0.0002256357293592,en,angel
astonishing,0.0002256357293592,en,angel
defiance,0.0002256357293592,en,angel
neon,0.0002256357293592,en,angel
vie,0.0002256357293592,en,angel
extrapolate,0.0002256357293592,en,angel
cha,0.0002256357293592,en,angel
restock,0.0002256357293592,en,angel
intimately,0.0002256357293592,en,angel
tidal,0.0002256357293592,en,angel
exaggeration,0.0002256357293592,en,angel
looker,0.0002256357293592,en,angel
hideout,0.0002256357293592,en,angel
chisel,0.0002256357293592,en,angel
roadkill,0.0002256357293592,en,angel
mite,0.0002256357293592,en,angel
broccoli,0.0002256357293592,en,angel
silently,0.0002256357293592,en,angel
shortcoming,0.0002256357293592,en,angel
financial,0.0002245074930114,en,angel
critical,0.0002245074930114,en,angel
title,0.0002245074930114,en,angel
chemical,0.0002245074930114,en,angel
lung,0.0002226350349355,en,angel
courtesy,0.0002226350349355,en,angel
flag,0.0002226350349355,en,angel
bull,0.0002226350349355,en,angel
playtime,0.0002220695900155,en,angel
quart,0.0002220695900155,en,angel
tingly,0.0002220695900155,en,angel
boiler,0.0002220695900155,en,angel
minefield,0.0002220695900155,en,angel
consort,0.0002220695900155,en,angel
visualize,0.0002220695900155,en,angel
unconventional,0.0002220695900155,en,angel
partie,0.0002220695900155,en,angel
sawyer,0.0002220695900155,en,angel
hemisphere,0.0002220695900155,en,angel
candor,0.0002220695900155,en,angel
watermelon,0.0002220695900155,en,angel
shiv,0.0002220695900155,en,angel
belittle,0.0002220695900155,en,angel
cruiser,0.0002220695900155,en,angel
botch,0.0002220695900155,en,angel
sandbox,0.0002220695900155,en,angel
christine,0.0002220695900155,en,angel
bailey,0.0002220695900155,en,angel
screwing,0.0002220695900155,en,angel
insidious,0.0002220695900155,en,angel
pediatrician,0.0002220695900155,en,angel
dipping,0.0002220695900155,en,angel
superb,0.0002220695900155,en,angel
victorian,0.0002220695900155,en,angel
covet,0.0002220695900155,en,angel
impending,0.0002220695900155,en,angel
jay,0.0002220695900155,en,angel
erect,0.0002220695900155,en,angel
lice,0.0002220695900155,en,angel
pamper,0.0002220695900155,en,angel
prodigy,0.0002220695900155,en,angel
imbalance,0.0002220695900155,en,angel
intricate,0.0002220695900155,en,angel
proactive,0.0002220695900155,en,angel
woody,0.0002220695900155,en,angel
lever,0.0002220695900155,en,angel
nightcap,0.0002220695900155,en,angel
fellowship,0.0002220695900155,en,angel
motivational,0.0002220695900155,en,angel
ucla,0.0002220695900155,en,angel
brit,0.0002220695900155,en,angel
unsettling,0.0002220695900155,en,angel
gucci,0.0002220695900155,en,angel
takeover,0.0002220695900155,en,angel
ointment,0.0002220695900155,en,angel
showdown,0.0002220695900155,en,angel
ralph,0.0002220695900155,en,angel
punching,0.0002220695900155,en,angel
unbreakable,0.0002220695900155,en,angel
nemesis,0.0002220695900155,en,angel
blip,0.0002220695900155,en,angel
ergo,0.0002220695900155,en,angel
stockpile,0.0002220695900155,en,angel
gooey,0.0002220695900155,en,angel
reactor,0.0002220695900155,en,angel
shrug,0.0002220695900155,en,angel
throttle,0.0002220695900155,en,angel
coddle,0.0002220695900155,en,angel
notoriously,0.0002220695900155,en,angel
inspiring,0.0002220695900155,en,angel
villa,0.0002220695900155,en,angel
interim,0.0002220695900155,en,angel
negligent,0.0002220695900155,en,angel
panicked,0.0002220695900155,en,angel
venice,0.0002220695900155,en,angel
rampage,0.0002220695900155,en,angel
floorboard,0.0002220695900155,en,angel
midday,0.0002220695900155,en,angel
expiration,0.0002220695900155,en,angel
crackhead,0.0002220695900155,en,angel
existential,0.0002220695900155,en,angel
wrapping,0.0002220695900155,en,angel
anguish,0.0002220695900155,en,angel
proxy,0.0002220695900155,en,angel
rejoin,0.0002220695900155,en,angel
wavelength,0.0002220695900155,en,angel
herpe,0.0002220695900155,en,angel
handing,0.0002220695900155,en,angel
woozy,0.0002220695900155,en,angel
ditch,0.0002207832674275,en,angel
motive,0.0002207832674275,en,angel
shed,0.0002207832674275,en,angel
stable,0.0002189517382209,en,angel
purse,0.0002189517382209,en,angel
injure,0.0002189517382209,en,angel
graduate,0.0002189517382209,en,angel
faced,0.0002186490486706,en,angel
untrue,0.0002186490486706,en,angel
unnoticed,0.0002186490486706,en,angel
vigil,0.0002186490486706,en,angel
disintegrate,0.0002186490486706,en,angel
rewarding,0.0002186490486706,en,angel
gulp,0.0002186490486706,en,angel
fruity,0.0002186490486706,en,angel
heed,0.0002186490486706,en,angel
inappropriately,0.0002186490486706,en,angel
unattended,0.0002186490486706,en,angel
merger,0.0002186490486706,en,angel
embark,0.0002186490486706,en,angel
skanky,0.0002186490486706,en,angel
figment,0.0002186490486706,en,angel
chic,0.0002186490486706,en,angel
dossier,0.0002186490486706,en,angel
sleepwalk,0.0002186490486706,en,angel
flatten,0.0002186490486706,en,angel
hypothesis,0.0002186490486706,en,angel
chestnut,0.0002186490486706,en,angel
domino,0.0002186490486706,en,angel
stamina,0.0002186490486706,en,angel
ingenious,0.0002186490486706,en,angel
stricken,0.0002186490486706,en,angel
dredge,0.0002186490486706,en,angel
crater,0.0002186490486706,en,angel
porcelain,0.0002186490486706,en,angel
coordination,0.0002186490486706,en,angel
chubby,0.0002186490486706,en,angel
scheduling,0.0002186490486706,en,angel
strut,0.0002186490486706,en,angel
mutate,0.0002186490486706,en,angel
spinning,0.0002186490486706,en,angel
soviet,0.0002186490486706,en,angel
carotid,0.0002186490486706,en,angel
trough,0.0002186490486706,en,angel
deluxe,0.0002186490486706,en,angel
unwilling,0.0002186490486706,en,angel
forte,0.0002186490486706,en,angel
faceless,0.0002186490486706,en,angel
stanford,0.0002186490486706,en,angel
ruby,0.0002186490486706,en,angel
wrestler,0.0002186490486706,en,angel
caretaker,0.0002186490486706,en,angel
postal,0.0002186490486706,en,angel
whisk,0.0002186490486706,en,angel
trashy,0.0002186490486706,en,angel
bimbo,0.0002186490486706,en,angel
esteemed,0.0002186490486706,en,angel
brilliantly,0.0002186490486706,en,angel
inflate,0.0002186490486706,en,angel
godfather,0.0002186490486706,en,angel
colleen,0.0002186490486706,en,angel
pulitzer,0.0002186490486706,en,angel
euro,0.0002186490486706,en,angel
ruffle,0.0002186490486706,en,angel
stow,0.0002186490486706,en,angel
workload,0.0002186490486706,en,angel
professionalism,0.0002186490486706,en,angel
wholesome,0.0002186490486706,en,angel
tote,0.0002186490486706,en,angel
woodwork,0.0002186490486706,en,angel
invert,0.0002186490486706,en,angel
imagery,0.0002186490486706,en,angel
privy,0.0002186490486706,en,angel
starvation,0.0002186490486706,en,angel
adultery,0.0002186490486706,en,angel
unemployment,0.0002186490486706,en,angel
explicit,0.0002186490486706,en,angel
slander,0.0002186490486706,en,angel
comet,0.0002186490486706,en,angel
han,0.0002186490486706,en,angel
gooder,0.0002186490486706,en,angel
shuck,0.0002186490486706,en,angel
maria,0.0002186490486706,en,angel
jerky,0.0002186490486706,en,angel
antiquity,0.0002186490486706,en,angel
resting,0.0002186490486706,en,angel
godspeed,0.0002186490486706,en,angel
nomination,0.0002186490486706,en,angel
rivet,0.0002186490486706,en,angel
daycare,0.0002186490486706,en,angel
mumbo,0.0002186490486706,en,angel
hospitalize,0.0002186490486706,en,angel
unmarried,0.0002186490486706,en,angel
stimulation,0.0002186490486706,en,angel
narrative,0.0002186490486706,en,angel
onstage,0.0002186490486706,en,angel
shopper,0.0002186490486706,en,angel
sadistic,0.0002186490486706,en,angel
screwup,0.0002186490486706,en,angel
fasten,0.0002186490486706,en,angel
intense,0.0002171400097179,en,angel
relative,0.0002171400097179,en,angel
delicious,0.0002171400097179,en,angel
dynasty,0.0002153626812968,en,angel
snip,0.0002153626812968,en,angel
cheerful,0.0002153626812968,en,angel
projectile,0.0002153626812968,en,angel
bureaucracy,0.0002153626812968,en,angel
acquit,0.0002153626812968,en,angel
fisher,0.0002153626812968,en,angel
moving,0.0002153626812968,en,angel
pendant,0.0002153626812968,en,angel
earthly,0.0002153626812968,en,angel
wednesday,0.0002153626812968,en,angel
eavesdrop,0.0002153626812968,en,angel
mover,0.0002153626812968,en,angel
batting,0.0002153626812968,en,angel
adamant,0.0002153626812968,en,angel
analogy,0.0002153626812968,en,angel
repaint,0.0002153626812968,en,angel
earful,0.0002153626812968,en,angel
cellmate,0.0002153626812968,en,angel
fixer,0.0002153626812968,en,angel
commuter,0.0002153626812968,en,angel
chopstick,0.0002153626812968,en,angel
raider,0.0002153626812968,en,angel
expansion,0.0002153626812968,en,angel
tangible,0.0002153626812968,en,angel
humane,0.0002153626812968,en,angel
hulk,0.0002153626812968,en,angel
nugget,0.0002153626812968,en,angel
rubbish,0.0002153626812968,en,angel
violently,0.0002153626812968,en,angel
mick,0.0002153626812968,en,angel
vomiting,0.0002153626812968,en,angel
newcomer,0.0002153626812968,en,angel
due,0.0002153626812968,en,angel
seeker,0.0002153626812968,en,angel
depict,0.0002153626812968,en,angel
complimentary,0.0002153626812968,en,angel
peed,0.0002153626812968,en,angel
dole,0.0002153626812968,en,angel
sesame,0.0002153626812968,en,angel
eject,0.0002153626812968,en,angel
surreal,0.0002153626812968,en,angel
sunburn,0.0002153626812968,en,angel
nostalgic,0.0002153626812968,en,angel
mogul,0.0002153626812968,en,angel
examiner,0.0002153626812968,en,angel
profitable,0.0002153626812968,en,angel
eclipse,0.0002153626812968,en,angel
knockoff,0.0002153626812968,en,angel
corporal,0.0002153626812968,en,angel
septic,0.0002153626812968,en,angel
adrift,0.0002153626812968,en,angel
volunteer,0.0002153476583617,en,angel
plug,0.0002153476583617,en,angel
film,0.0002135742740424,en,angel
barber,0.0002122003578054,en,angel
disposition,0.0002122003578054,en,angel
unreal,0.0002122003578054,en,angel
quake,0.0002122003578054,en,angel
involuntary,0.0002122003578054,en,angel
breeding,0.0002122003578054,en,angel
pottery,0.0002122003578054,en,angel
rocker,0.0002122003578054,en,angel
vengeful,0.0002122003578054,en,angel
cabo,0.0002122003578054,en,angel
birdie,0.0002122003578054,en,angel
amplify,0.0002122003578054,en,angel
distinguished,0.0002122003578054,en,angel
altercation,0.0002122003578054,en,angel
nay,0.0002122003578054,en,angel
mileage,0.0002122003578054,en,angel
plier,0.0002122003578054,en,angel
hubby,0.0002122003578054,en,angel
fabricate,0.0002122003578054,en,angel
postmortem,0.0002122003578054,en,angel
quarrel,0.0002122003578054,en,angel
dolly,0.0002122003578054,en,angel
biz,0.0002122003578054,en,angel
peppermint,0.0002122003578054,en,angel
voltage,0.0002122003578054,en,angel
rejoice,0.0002122003578054,en,angel
griffin,0.0002122003578054,en,angel
wonderland,0.0002122003578054,en,angel
drinkin,0.0002122003578054,en,angel
cabbage,0.0002122003578054,en,angel
hull,0.0002122003578054,en,angel
descendant,0.0002122003578054,en,angel
gruesome,0.0002122003578054,en,angel
liable,0.0002122003578054,en,angel
falcon,0.0002122003578054,en,angel
photographic,0.0002122003578054,en,angel
willingness,0.0002122003578054,en,angel
full,0.0002122003578054,en,angel
spasm,0.0002122003578054,en,angel
lifeline,0.0002122003578054,en,angel
narcissist,0.0002122003578054,en,angel
preoccupied,0.0002122003578054,en,angel
abdominal,0.0002122003578054,en,angel
joe,0.0002122003578054,en,angel
intellect,0.0002122003578054,en,angel
rift,0.0002122003578054,en,angel
minority,0.0002122003578054,en,angel
quieter,0.0002122003578054,en,angel
snowball,0.0002122003578054,en,angel
salsa,0.0002122003578054,en,angel
compulsion,0.0002122003578054,en,angel
saline,0.0002122003578054,en,angel
honking,0.0002122003578054,en,angel
airway,0.0002122003578054,en,angel
immaculate,0.0002122003578054,en,angel
philip,0.0002122003578054,en,angel
inn,0.0002122003578054,en,angel
waive,0.0002122003578054,en,angel
overkill,0.0002122003578054,en,angel
momentum,0.0002122003578054,en,angel
uncontrollable,0.0002122003578054,en,angel
abnormality,0.0002122003578054,en,angel
quirk,0.0002122003578054,en,angel
anesthetic,0.0002122003578054,en,angel
squawk,0.0002122003578054,en,angel
busboy,0.0002122003578054,en,angel
sid,0.0002122003578054,en,angel
cab,0.0002118194595335,en,angel
friendship,0.0002118194595335,en,angel
bike,0.0002118194595335,en,angel
cap,0.0002118194595335,en,angel
timing,0.0002100828299582,en,angel
romantic,0.0002100828299582,en,angel
custody,0.0002100828299582,en,angel
gutte,0.0002091530537241,en,angel
mutation,0.0002091530537241,en,angel
flaunt,0.0002091530537241,en,angel
disgusted,0.0002091530537241,en,angel
incidentally,0.0002091530537241,en,angel
freebie,0.0002091530537241,en,angel
def,0.0002091530537241,en,angel
brazilian,0.0002091530537241,en,angel
intimidation,0.0002091530537241,en,angel
interval,0.0002091530537241,en,angel
clink,0.0002091530537241,en,angel
evasion,0.0002091530537241,en,angel
intended,0.0002091530537241,en,angel
varsity,0.0002091530537241,en,angel
blab,0.0002091530537241,en,angel
participation,0.0002091530537241,en,angel
heartbreak,0.0002091530537241,en,angel
urgency,0.0002091530537241,en,angel
usher,0.0002091530537241,en,angel
reasonably,0.0002091530537241,en,angel
fascination,0.0002091530537241,en,angel
threatening,0.0002091530537241,en,angel
ferry,0.0002091530537241,en,angel
feeble,0.0002091530537241,en,angel
mitzvah,0.0002091530537241,en,angel
raisin,0.0002091530537241,en,angel
refine,0.0002091530537241,en,angel
copycat,0.0002091530537241,en,angel
binder,0.0002091530537241,en,angel
condescend,0.0002091530537241,en,angel
domination,0.0002091530537241,en,angel
vegan,0.0002091530537241,en,angel
voting,0.0002091530537241,en,angel
scorn,0.0002091530537241,en,angel
grail,0.0002091530537241,en,angel
prohibit,0.0002091530537241,en,angel
animate,0.0002091530537241,en,angel
angie,0.0002091530537241,en,angel
carving,0.0002091530537241,en,angel
cuisine,0.0002091530537241,en,angel
cher,0.0002091530537241,en,angel
sterling,0.0002091530537241,en,angel
jule,0.0002091530537241,en,angel
shush,0.0002091530537241,en,angel
riddance,0.0002091530537241,en,angel
turbulence,0.0002091530537241,en,angel
hub,0.0002091530537241,en,angel
holme,0.0002091530537241,en,angel
opt,0.0002091530537241,en,angel
contusion,0.0002091530537241,en,angel
lotto,0.0002091530537241,en,angel
gosh,0.0002091530537241,en,angel
pout,0.0002091530537241,en,angel
comfortably,0.0002091530537241,en,angel
obstruct,0.0002091530537241,en,angel
wildlife,0.0002091530537241,en,angel
drake,0.0002091530537241,en,angel
severity,0.0002091530537241,en,angel
unsure,0.0002091530537241,en,angel
ashley,0.0002091530537241,en,angel
foggy,0.0002091530537241,en,angel
announcer,0.0002091530537241,en,angel
uniform,0.0002083640122821,en,angel
approve,0.0002083640122821,en,angel
island,0.0002083640122821,en,angel
belt,0.000206662644833,en,angel
advance,0.000206662644833,en,angel
buddha,0.0002062126949378,en,angel
leukemia,0.0002062126949378,en,angel
breather,0.0002062126949378,en,angel
outweigh,0.0002062126949378,en,angel
miscarriage,0.0002062126949378,en,angel
patriotic,0.0002062126949378,en,angel
erupt,0.0002062126949378,en,angel
pathological,0.0002062126949378,en,angel
incense,0.0002062126949378,en,angel
communion,0.0002062126949378,en,angel
fret,0.0002062126949378,en,angel
mysteriously,0.0002062126949378,en,angel
potty,0.0002062126949378,en,angel
splendid,0.0002062126949378,en,angel
trimester,0.0002062126949378,en,angel
scribble,0.0002062126949378,en,angel
font,0.0002062126949378,en,angel
bitterness,0.0002062126949378,en,angel
mathematical,0.0002062126949378,en,angel
timetable,0.0002062126949378,en,angel
charcoal,0.0002062126949378,en,angel
relentless,0.0002062126949378,en,angel
pathology,0.0002062126949378,en,angel
vat,0.0002062126949378,en,angel
bony,0.0002062126949378,en,angel
expendable,0.0002062126949378,en,angel
vigilant,0.0002062126949378,en,angel
fringe,0.0002062126949378,en,angel
commodity,0.0002062126949378,en,angel
weirdness,0.0002062126949378,en,angel
nitrogen,0.0002062126949378,en,angel
reap,0.0002062126949378,en,angel
forwarding,0.0002062126949378,en,angel
burp,0.0002062126949378,en,angel
cheekbone,0.0002062126949378,en,angel
pas,0.0002062126949378,en,angel
imitation,0.0002062126949378,en,angel
sporting,0.0002062126949378,en,angel
josh,0.0002062126949378,en,angel
disastrous,0.0002062126949378,en,angel
porsche,0.0002062126949378,en,angel
bandit,0.0002062126949378,en,angel
goldfish,0.0002062126949378,en,angel
kosher,0.0002062126949378,en,angel
fictional,0.0002062126949378,en,angel
chauffeur,0.0002062126949378,en,angel
infamous,0.0002062126949378,en,angel
tic,0.0002062126949378,en,angel
incarceration,0.0002062126949378,en,angel
defuse,0.0002062126949378,en,angel
drummer,0.0002062126949378,en,angel
extort,0.0002062126949378,en,angel
hallmark,0.0002062126949378,en,angel
voter,0.0002062126949378,en,angel
generic,0.0002062126949378,en,angel
bermuda,0.0002062126949378,en,angel
condone,0.0002033720287594,en,angel
brutality,0.0002033720287594,en,angel
pilgrim,0.0002033720287594,en,angel
fluke,0.0002033720287594,en,angel
smuggling,0.0002033720287594,en,angel
fixate,0.0002033720287594,en,angel
festive,0.0002033720287594,en,angel
moist,0.0002033720287594,en,angel
harden,0.0002033720287594,en,angel
infrared,0.0002033720287594,en,angel
florist,0.0002033720287594,en,angel
dreamer,0.0002033720287594,en,angel
organism,0.0002033720287594,en,angel
transfusion,0.0002033720287594,en,angel
consulting,0.0002033720287594,en,angel
genocide,0.0002033720287594,en,angel
coronary,0.0002033720287594,en,angel
symbolize,0.0002033720287594,en,angel
spew,0.0002033720287594,en,angel
dishonest,0.0002033720287594,en,angel
courier,0.0002033720287594,en,angel
suction,0.0002033720287594,en,angel
mythology,0.0002033720287594,en,angel
muscular,0.0002033720287594,en,angel
indigenous,0.0002033720287594,en,angel
overstep,0.0002033720287594,en,angel
calcium,0.0002033720287594,en,angel
measurement,0.0002033720287594,en,angel
tightly,0.0002033720287594,en,angel
romantically,0.0002033720287594,en,angel
performer,0.0002033720287594,en,angel
pressing,0.0002033720287594,en,angel
cliche,0.0002033720287594,en,angel
butch,0.0002033720287594,en,angel
foreigner,0.0002033720287594,en,angel
interface,0.0002033720287594,en,angel
brandy,0.0002033720287594,en,angel
newfound,0.0002033720287594,en,angel
pantry,0.0002033720287594,en,angel
fractured,0.0002033720287594,en,angel
circulate,0.0002033720287594,en,angel
mutt,0.0002033720287594,en,angel
alexander,0.0002033720287594,en,angel
euphemism,0.0002033720287594,en,angel
legged,0.0002033720287594,en,angel
picket,0.0002033720287594,en,angel
nicer,0.0002033720287594,en,angel
torso,0.0002033720287594,en,angel
questioning,0.0002006245161506,en,angel
puttin,0.0002006245161506,en,angel
ordinarily,0.0002006245161506,en,angel
bahama,0.0002006245161506,en,angel
inquire,0.0002006245161506,en,angel
geometry,0.0002006245161506,en,angel
sittin,0.0002006245161506,en,angel
termination,0.0002006245161506,en,angel
intuition,0.0002006245161506,en,angel
stammer,0.0002006245161506,en,angel
repent,0.0002006245161506,en,angel
casserole,0.0002006245161506,en,angel
neurological,0.0002006245161506,en,angel
rehabilitation,0.0002006245161506,en,angel
indicator,0.0002006245161506,en,angel
diplomatic,0.0002006245161506,en,angel
slob,0.0002006245161506,en,angel
sap,0.0002006245161506,en,angel
kite,0.0002006245161506,en,angel
catherine,0.0002006245161506,en,angel
evolutionary,0.0002006245161506,en,angel
nonexistent,0.0002006245161506,en,angel
extracurricular,0.0002006245161506,en,angel
hypothermia,0.0002006245161506,en,angel
naval,0.0002006245161506,en,angel
residential,0.0002006245161506,en,angel
sitting,0.0002006245161506,en,angel
reiterate,0.0002006245161506,en,angel
eccentric,0.0002006245161506,en,angel
sander,0.0002006245161506,en,angel
blender,0.0002006245161506,en,angel
indestructible,0.0002006245161506,en,angel
bummed,0.0002006245161506,en,angel
freckle,0.0002006245161506,en,angel
pitiful,0.0002006245161506,en,angel
chivalry,0.0002006245161506,en,angel
freelance,0.0002006245161506,en,angel
commando,0.0002006245161506,en,angel
hotline,0.0002006245161506,en,angel
plow,0.0002006245161506,en,angel
stevie,0.0002006245161506,en,angel
whomever,0.0002006245161506,en,angel
shag,0.0002006245161506,en,angel
companionship,0.0002006245161506,en,angel
unprotected,0.0002006245161506,en,angel
barf,0.0002006245161506,en,angel
crossfire,0.0002006245161506,en,angel
knowing,0.0002006245161506,en,angel
unprepared,0.0002006245161506,en,angel
preference,0.0002006245161506,en,angel
chime,0.0002006245161506,en,angel
unannounced,0.0002006245161506,en,angel
response,0.0002000248165698,en,angel
internet,0.0002000248165698,en,angel
whiz,0.0001979642410584,en,angel
lively,0.0001979642410584,en,angel
outgoing,0.0001979642410584,en,angel
tribal,0.0001979642410584,en,angel
harvey,0.0001979642410584,en,angel
repulsive,0.0001979642410584,en,angel
accessible,0.0001979642410584,en,angel
predicament,0.0001979642410584,en,angel
implode,0.0001979642410584,en,angel
navigate,0.0001979642410584,en,angel
lifesaver,0.0001979642410584,en,angel
publicist,0.0001979642410584,en,angel
idiotic,0.0001979642410584,en,angel
obsessed,0.0001979642410584,en,angel
concur,0.0001979642410584,en,angel
friction,0.0001979642410584,en,angel
chaperone,0.0001979642410584,en,angel
harold,0.0001979642410584,en,angel
clipping,0.0001979642410584,en,angel
sprinkler,0.0001979642410584,en,angel
ramification,0.0001979642410584,en,angel
abomination,0.0001979642410584,en,angel
prospective,0.0001979642410584,en,angel
contrast,0.0001979642410584,en,angel
indictment,0.0001979642410584,en,angel
taxpayer,0.0001979642410584,en,angel
dong,0.0001979642410584,en,angel
retro,0.0001979642410584,en,angel
gourmet,0.0001979642410584,en,angel
dementia,0.0001979642410584,en,angel
pineapple,0.0001979642410584,en,angel
seam,0.0001979642410584,en,angel
primarily,0.0001979642410584,en,angel
britney,0.0001979642410584,en,angel
faulty,0.0001979642410584,en,angel
prediction,0.0001979642410584,en,angel
chitchat,0.0001979642410584,en,angel
roadblock,0.0001979642410584,en,angel
doorman,0.0001979642410584,en,angel
mist,0.0001979642410584,en,angel
heh,0.0001979642410584,en,angel
vandalism,0.0001979642410584,en,angel
lettuce,0.0001979642410584,en,angel
hazmat,0.0001979642410584,en,angel
hank,0.0001979642410584,en,angel
anyplace,0.0001979642410584,en,angel
dumbass,0.0001979642410584,en,angel
livestock,0.0001979642410584,en,angel
slab,0.0001979642410584,en,angel
glorify,0.0001979642410584,en,angel
pipeline,0.0001979642410584,en,angel
sturdy,0.0001979642410584,en,angel
schizophrenic,0.0001979642410584,en,angel
individually,0.0001979642410584,en,angel
reborn,0.0001979642410584,en,angel
rephrase,0.0001979642410584,en,angel
civic,0.0001979642410584,en,angel
decode,0.0001979642410584,en,angel
provision,0.0001979642410584,en,angel
rivalry,0.0001979642410584,en,angel
simulate,0.0001979642410584,en,angel
norm,0.0001979642410584,en,angel
diver,0.0001979642410584,en,angel
takeoff,0.0001979642410584,en,angel
holster,0.0001979642410584,en,angel
mutant,0.0001979642410584,en,angel
braid,0.0001953858337082,en,angel
dysfunctional,0.0001953858337082,en,angel
progressive,0.0001953858337082,en,angel
redirect,0.0001953858337082,en,angel
lightweight,0.0001953858337082,en,angel
binge,0.0001953858337082,en,angel
meditation,0.0001953858337082,en,angel
insinuate,0.0001953858337082,en,angel
forthcoming,0.0001953858337082,en,angel
groupie,0.0001953858337082,en,angel
delegate,0.0001953858337082,en,angel
psst,0.0001953858337082,en,angel
walkin,0.0001953858337082,en,angel
wand,0.0001953858337082,en,angel
hurl,0.0001953858337082,en,angel
revenue,0.0001953858337082,en,angel
untimely,0.0001953858337082,en,angel
doggy,0.0001953858337082,en,angel
kink,0.0001953858337082,en,angel
unfamiliar,0.0001953858337082,en,angel
congressman,0.0001953858337082,en,angel
chap,0.0001953858337082,en,angel
volatile,0.0001953858337082,en,angel
ignite,0.0001953858337082,en,angel
dazzle,0.0001953858337082,en,angel
tantrum,0.0001953858337082,en,angel
peculiar,0.0001953858337082,en,angel
spade,0.0001953858337082,en,angel
trevor,0.0001953858337082,en,angel
alarmed,0.0001953858337082,en,angel
infirmary,0.0001953858337082,en,angel
toad,0.0001953858337082,en,angel
superstition,0.0001953858337082,en,angel
nutty,0.0001953858337082,en,angel
moody,0.0001953858337082,en,angel
exhausting,0.0001953858337082,en,angel
refugee,0.0001953858337082,en,angel
chute,0.0001953858337082,en,angel
inferior,0.0001953858337082,en,angel
kathy,0.0001953858337082,en,angel
inspirational,0.0001953858337082,en,angel
bureaucrat,0.0001953858337082,en,angel
prognosis,0.0001953858337082,en,angel
continuous,0.0001953858337082,en,angel
insanely,0.0001953858337082,en,angel
momentarily,0.0001928844053501,en,angel
encryption,0.0001928844053501,en,angel
coil,0.0001928844053501,en,angel
hostility,0.0001928844053501,en,angel
subpoena,0.0001928844053501,en,angel
miniature,0.0001928844053501,en,angel
foil,0.0001928844053501,en,angel
rubble,0.0001928844053501,en,angel
plural,0.0001928844053501,en,angel
quickie,0.0001928844053501,en,angel
haunted,0.0001928844053501,en,angel
emma,0.0001928844053501,en,angel
icy,0.0001928844053501,en,angel
strapped,0.0001928844053501,en,angel
revolutionary,0.0001928844053501,en,angel
mosquito,0.0001928844053501,en,angel
corny,0.0001928844053501,en,angel
index,0.0001928844053501,en,angel
girlie,0.0001928844053501,en,angel
checkup,0.0001928844053501,en,angel
abet,0.0001928844053501,en,angel
coy,0.0001928844053501,en,angel
washer,0.0001928844053501,en,angel
preview,0.0001928844053501,en,angel
seating,0.0001928844053501,en,angel
syringe,0.0001928844053501,en,angel
arcade,0.0001928844053501,en,angel
stereotype,0.0001928844053501,en,angel
merge,0.0001928844053501,en,angel
aide,0.0001928844053501,en,angel
extinct,0.0001928844053501,en,angel
superpower,0.0001928844053501,en,angel
galaxy,0.0001928844053501,en,angel
pronto,0.0001928844053501,en,angel
jolt,0.0001928844053501,en,angel
crossroad,0.0001928844053501,en,angel
prod,0.0001928844053501,en,angel
unorthodox,0.0001928844053501,en,angel
arena,0.0001928844053501,en,angel
skid,0.0001928844053501,en,angel
inhibitor,0.0001928844053501,en,angel
lobe,0.0001928844053501,en,angel
upright,0.0001928844053501,en,angel
catchy,0.0001928844053501,en,angel
smoothie,0.0001928844053501,en,angel
prettiest,0.0001928844053501,en,angel
pos,0.0001928844053501,en,angel
tornado,0.0001928844053501,en,angel
hemorrhage,0.0001928844053501,en,angel
brainstorm,0.0001928844053501,en,angel
eld,0.0001928844053501,en,angel
icu,0.0001928844053501,en,angel
digging,0.0001928844053501,en,angel
irregular,0.0001928844053501,en,angel
reservoir,0.0001928844053501,en,angel
teacher,0.0001905364380567,en,angel
intercourse,0.000190455492468,en,angel
crooked,0.000190455492468,en,angel
subscription,0.000190455492468,en,angel
constitute,0.000190455492468,en,angel
allege,0.000190455492468,en,angel
ahem,0.000190455492468,en,angel
solitude,0.000190455492468,en,angel
pretzel,0.000190455492468,en,angel
kicker,0.000190455492468,en,angel
quadrant,0.000190455492468,en,angel
aggravate,0.000190455492468,en,angel
kenny,0.000190455492468,en,angel
cadaver,0.000190455492468,en,angel
ronnie,0.000190455492468,en,angel
assailant,0.000190455492468,en,angel
intentional,0.000190455492468,en,angel
collide,0.000190455492468,en,angel
spectacle,0.000190455492468,en,angel
louise,0.000190455492468,en,angel
brutally,0.000190455492468,en,angel
cetera,0.000190455492468,en,angel
bravery,0.000190455492468,en,angel
neighbour,0.000190455492468,en,angel
ploy,0.000190455492468,en,angel
canine,0.000190455492468,en,angel
handicap,0.000190455492468,en,angel
recite,0.000190455492468,en,angel
diploma,0.000190455492468,en,angel
ecstasy,0.000190455492468,en,angel
switzerland,0.000190455492468,en,angel
potent,0.000190455492468,en,angel
raspberry,0.000190455492468,en,angel
scholar,0.000190455492468,en,angel
penance,0.000190455492468,en,angel
refuge,0.000190455492468,en,angel
joan,0.000190455492468,en,angel
havoc,0.000190455492468,en,angel
initiation,0.000190455492468,en,angel
slutty,0.000190455492468,en,angel
dysfunction,0.000190455492468,en,angel
front,0.000190455492468,en,angel
panda,0.000190455492468,en,angel
learner,0.000190455492468,en,angel
handedly,0.000190455492468,en,angel
owl,0.000190455492468,en,angel
scoot,0.0001880950088483,en,angel
drastic,0.0001880950088483,en,angel
lizard,0.0001880950088483,en,angel
teller,0.0001880950088483,en,angel
derive,0.0001880950088483,en,angel
lag,0.0001880950088483,en,angel
finale,0.0001880950088483,en,angel
fiddle,0.0001880950088483,en,angel
bleak,0.0001880950088483,en,angel
clockwork,0.0001880950088483,en,angel
reasoning,0.0001880950088483,en,angel
segment,0.0001880950088483,en,angel
feud,0.0001880950088483,en,angel
compile,0.0001880950088483,en,angel
prejudice,0.0001880950088483,en,angel
voil,0.0001880950088483,en,angel
morgue,0.0001880950088483,en,angel
velvet,0.0001880950088483,en,angel
inability,0.0001880950088483,en,angel
heritage,0.0001880950088483,en,angel
orphanage,0.0001880950088483,en,angel
outdoors,0.0001880950088483,en,angel
tracker,0.0001880950088483,en,angel
integrate,0.0001880950088483,en,angel
zipper,0.0001880950088483,en,angel
supplement,0.0001880950088483,en,angel
technician,0.0001880950088483,en,angel
swollen,0.0001880950088483,en,angel
constitution,0.0001880950088483,en,angel
anomaly,0.0001880950088483,en,angel
bumper,0.0001880950088483,en,angel
vine,0.0001880950088483,en,angel
contempt,0.0001880950088483,en,angel
housekeeping,0.0001880950088483,en,angel
mule,0.0001880950088483,en,angel
procure,0.0001880950088483,en,angel
butler,0.0001880950088483,en,angel
winning,0.0001880950088483,en,angel
joker,0.0001880950088483,en,angel
unwanted,0.0001880950088483,en,angel
caring,0.0001880950088483,en,angel
intensity,0.0001880950088483,en,angel
shocker,0.0001880950088483,en,angel
petal,0.0001880950088483,en,angel
married,0.0001874893858534,en,angel
erotic,0.0001857992042184,en,angel
nuke,0.0001857992042184,en,angel
guideline,0.0001857992042184,en,angel
frenzy,0.0001857992042184,en,angel
screening,0.0001857992042184,en,angel
knob,0.0001857992042184,en,angel
yearbook,0.0001857992042184,en,angel
turnout,0.0001857992042184,en,angel
criticism,0.0001857992042184,en,angel
printer,0.0001857992042184,en,angel
cuckoo,0.0001857992042184,en,angel
bloodshed,0.0001857992042184,en,angel
judgmental,0.0001857992042184,en,angel
evidently,0.0001857992042184,en,angel
expedite,0.0001857992042184,en,angel
pavement,0.0001857992042184,en,angel
burglar,0.0001857992042184,en,angel
ste,0.0001857992042184,en,angel
tragically,0.0001857992042184,en,angel
respected,0.0001857992042184,en,angel
dripping,0.0001857992042184,en,angel
atlantic,0.0001857992042184,en,angel
fiery,0.0001857992042184,en,angel
parameter,0.0001857992042184,en,angel
manufacturer,0.0001857992042184,en,angel
frustrate,0.0001857992042184,en,angel
means,0.0001857992042184,en,angel
teddy,0.0001857992042184,en,angel
publisher,0.0001857992042184,en,angel
ten,0.0001857992042184,en,angel
viral,0.0001857992042184,en,angel
marty,0.0001857992042184,en,angel
strengthen,0.0001857992042184,en,angel
looking,0.0001857992042184,en,angel
foremost,0.0001857992042184,en,angel
pointer,0.0001857992042184,en,angel
internship,0.0001857992042184,en,angel
glitter,0.0001857992042184,en,angel
cheeseburger,0.0001857992042184,en,angel
uncertain,0.0001857992042184,en,angel
camouflage,0.0001857992042184,en,angel
cooperative,0.0001857992042184,en,angel
doodle,0.0001857992042184,en,angel
excessive,0.0001857992042184,en,angel
imaging,0.0001857992042184,en,angel
laboratory,0.0001857992042184,en,angel
financially,0.0001857992042184,en,angel
partly,0.0001835646284017,en,angel
hygiene,0.0001835646284017,en,angel
pasture,0.0001835646284017,en,angel
shady,0.0001835646284017,en,angel
consist,0.0001835646284017,en,angel
schoolgirl,0.0001835646284017,en,angel
roy,0.0001835646284017,en,angel
memorable,0.0001835646284017,en,angel
bidder,0.0001835646284017,en,angel
wisely,0.0001835646284017,en,angel
goodwill,0.0001835646284017,en,angel
circumstantial,0.0001835646284017,en,angel
burrito,0.0001835646284017,en,angel
splinter,0.0001835646284017,en,angel
swab,0.0001835646284017,en,angel
understatement,0.0001835646284017,en,angel
mow,0.0001835646284017,en,angel
deposition,0.0001835646284017,en,angel
socialize,0.0001835646284017,en,angel
prominent,0.0001835646284017,en,angel
launder,0.0001835646284017,en,angel
movin,0.0001835646284017,en,angel
vicinity,0.0001835646284017,en,angel
splatter,0.0001835646284017,en,angel
clamp,0.0001835646284017,en,angel
dresser,0.0001835646284017,en,angel
organized,0.0001835646284017,en,angel
bearing,0.0001835646284017,en,angel
loot,0.0001835646284017,en,angel
diminish,0.0001835646284017,en,angel
necessity,0.0001835646284017,en,angel
sensible,0.0001835646284017,en,angel
hyper,0.0001835646284017,en,angel
patio,0.0001835646284017,en,angel
venue,0.0001835646284017,en,angel
prostitution,0.0001835646284017,en,angel
defendant,0.0001835646284017,en,angel
lingerie,0.0001835646284017,en,angel
selfless,0.0001835646284017,en,angel
volcano,0.0001835646284017,en,angel
missus,0.0001835646284017,en,angel
frontal,0.0001835646284017,en,angel
scorpion,0.0001835646284017,en,angel
thong,0.0001835646284017,en,angel
fin,0.0001835646284017,en,angel
demise,0.0001835646284017,en,angel
mastermind,0.0001835646284017,en,angel
warfare,0.0001835646284017,en,angel
artistic,0.0001835646284017,en,angel
mash,0.0001835646284017,en,angel
tack,0.0001835646284017,en,angel
heighten,0.0001813881001296,en,angel
phoenix,0.0001813881001296,en,angel
arrogance,0.0001813881001296,en,angel
fog,0.0001813881001296,en,angel
incision,0.0001813881001296,en,angel
variation,0.0001813881001296,en,angel
shit,0.0001813881001296,en,angel
courageous,0.0001813881001296,en,angel
homecoming,0.0001813881001296,en,angel
cosmo,0.0001813881001296,en,angel
electrocute,0.0001813881001296,en,angel
untraceable,0.0001813881001296,en,angel
nonetheless,0.0001813881001296,en,angel
biblical,0.0001813881001296,en,angel
abnormal,0.0001813881001296,en,angel
republic,0.0001813881001296,en,angel
empower,0.0001813881001296,en,angel
foam,0.0001813881001296,en,angel
remarkably,0.0001813881001296,en,angel
nudge,0.0001813881001296,en,angel
clich,0.0001813881001296,en,angel
allegation,0.0001813881001296,en,angel
cutie,0.0001813881001296,en,angel
injustice,0.0001813881001296,en,angel
sedan,0.0001813881001296,en,angel
platinum,0.0001813881001296,en,angel
initially,0.0001813881001296,en,angel
vary,0.0001813881001296,en,angel
dwarf,0.0001813881001296,en,angel
respectfully,0.0001813881001296,en,angel
glare,0.0001813881001296,en,angel
surrounding,0.0001813881001296,en,angel
cricket,0.0001813881001296,en,angel
therapeutic,0.0001813881001296,en,angel
prone,0.0001813881001296,en,angel
gardener,0.0001813881001296,en,angel
batman,0.0001813881001296,en,angel
masse,0.0001813881001296,en,angel
merchant,0.0001813881001296,en,angel
attic,0.0001813881001296,en,angel
caf,0.0001813881001296,en,angel
ammunition,0.0001792666798023,en,angel
fantasize,0.0001792666798023,en,angel
skank,0.0001792666798023,en,angel
getting,0.0001792666798023,en,angel
acute,0.0001792666798023,en,angel
afterward,0.0001792666798023,en,angel
bound,0.0001792666798023,en,angel
touchdown,0.0001792666798023,en,angel
freshen,0.0001792666798023,en,angel
lunchtime,0.0001792666798023,en,angel
espresso,0.0001792666798023,en,angel
hedge,0.0001792666798023,en,angel
insecurity,0.0001792666798023,en,angel
threesome,0.0001792666798023,en,angel
veil,0.0001792666798023,en,angel
posse,0.0001792666798023,en,angel
radioactive,0.0001792666798023,en,angel
rearrange,0.0001792666798023,en,angel
pun,0.0001792666798023,en,angel
shortage,0.0001792666798023,en,angel
mortality,0.0001792666798023,en,angel
decoration,0.0001792666798023,en,angel
unethical,0.0001792666798023,en,angel
carb,0.0001792666798023,en,angel
bulletproof,0.0001792666798023,en,angel
cone,0.0001792666798023,en,angel
removal,0.0001792666798023,en,angel
orbit,0.0001792666798023,en,angel
gunfire,0.0001792666798023,en,angel
patrick,0.0001792666798023,en,angel
ancestor,0.0001792666798023,en,angel
ledge,0.0001792666798023,en,angel
hitler,0.0001792666798023,en,angel
tonic,0.0001771976456144,en,angel
puddle,0.0001771976456144,en,angel
stench,0.0001771976456144,en,angel
lotion,0.0001771976456144,en,angel
almighty,0.0001771976456144,en,angel
pitcher,0.0001771976456144,en,angel
depot,0.0001771976456144,en,angel
carriage,0.0001771976456144,en,angel
suitable,0.0001771976456144,en,angel
unbelievably,0.0001771976456144,en,angel
thankfully,0.0001771976456144,en,angel
interaction,0.0001771976456144,en,angel
bedside,0.0001771976456144,en,angel
darlin,0.0001771976456144,en,angel
sunday,0.0001771976456144,en,angel
evolution,0.0001771976456144,en,angel
soften,0.0001771976456144,en,angel
rim,0.0001771976456144,en,angel
pedal,0.0001771976456144,en,angel
dehydrate,0.0001771976456144,en,angel
greasy,0.0001771976456144,en,angel
takeout,0.0001771976456144,en,angel
forgiving,0.0001771976456144,en,angel
crossing,0.0001771976456144,en,angel
nag,0.0001771976456144,en,angel
abroad,0.0001771976456144,en,angel
partially,0.0001771976456144,en,angel
dosage,0.0001771976456144,en,angel
cashier,0.0001771976456144,en,angel
cranberry,0.0001771976456144,en,angel
casing,0.0001771976456144,en,angel
hinge,0.0001771976456144,en,angel
sketchy,0.0001771976456144,en,angel
enforce,0.0001771976456144,en,angel
motto,0.0001751784725569,en,angel
morality,0.0001751784725569,en,angel
sharpen,0.0001751784725569,en,angel
listener,0.0001751784725569,en,angel
bulk,0.0001751784725569,en,angel
petition,0.0001751784725569,en,angel
drone,0.0001751784725569,en,angel
resemble,0.0001751784725569,en,angel
traumatize,0.0001751784725569,en,angel
madame,0.0001751784725569,en,angel
entertaining,0.0001751784725569,en,angel
formality,0.0001751784725569,en,angel
catalogue,0.0001751784725569,en,angel
uncanny,0.0001751784725569,en,angel
default,0.0001751784725569,en,angel
crude,0.0001751784725569,en,angel
enable,0.0001751784725569,en,angel
packet,0.0001751784725569,en,angel
gunman,0.0001751784725569,en,angel
poisonous,0.0001751784725569,en,angel
rendezvous,0.0001751784725569,en,angel
unite,0.0001751784725569,en,angel
simultaneously,0.0001751784725569,en,angel
diving,0.0001751784725569,en,angel
mercenary,0.0001751784725569,en,angel
respectable,0.0001751784725569,en,angel
plaster,0.0001751784725569,en,angel
outnumber,0.0001751784725569,en,angel
swiss,0.0001732068138908,en,angel
experienced,0.0001732068138908,en,angel
standby,0.0001732068138908,en,angel
turner,0.0001732068138908,en,angel
witty,0.0001732068138908,en,angel
flock,0.0001732068138908,en,angel
retainer,0.0001732068138908,en,angel
racket,0.0001732068138908,en,angel
cynical,0.0001732068138908,en,angel
undergo,0.0001732068138908,en,angel
bagel,0.0001732068138908,en,angel
maternal,0.0001732068138908,en,angel
knuckle,0.0001732068138908,en,angel
flawed,0.0001732068138908,en,angel
paw,0.0001732068138908,en,angel
restless,0.0001732068138908,en,angel
carnival,0.0001732068138908,en,angel
reinforcement,0.0001732068138908,en,angel
saw,0.0001732068138908,en,angel
sterile,0.0001732068138908,en,angel
deliberate,0.0001732068138908,en,angel
zero,0.0001732068138908,en,angel
formally,0.0001732068138908,en,angel
northeast,0.0001732068138908,en,angel
valentine,0.0001732068138908,en,angel
ignorant,0.0001732068138908,en,angel
deli,0.0001732068138908,en,angel
amaze,0.0001732068138908,en,angel
enlist,0.0001732068138908,en,angel
slope,0.0001732068138908,en,angel
bomber,0.000171280484751,en,angel
functional,0.000171280484751,en,angel
smokin,0.000171280484751,en,angel
liberate,0.000171280484751,en,angel
anticipation,0.000171280484751,en,angel
socially,0.000171280484751,en,angel
brochure,0.000171280484751,en,angel
virtual,0.000171280484751,en,angel
phony,0.000171280484751,en,angel
sperm,0.000171280484751,en,angel
babysitte,0.000171280484751,en,angel
sedate,0.000171280484751,en,angel
eddie,0.000171280484751,en,angel
external,0.000171280484751,en,angel
collective,0.000171280484751,en,angel
implement,0.000171280484751,en,angel
sleeper,0.000171280484751,en,angel
heather,0.000171280484751,en,angel
establishment,0.000171280484751,en,angel
effectively,0.000171280484751,en,angel
postcard,0.000171280484751,en,angel
quarantine,0.000171280484751,en,angel
spinal,0.000171280484751,en,angel
mimic,0.000171280484751,en,angel
cheating,0.000171280484751,en,angel
retribution,0.000171280484751,en,angel
suffice,0.000171280484751,en,angel
worldwide,0.000171280484751,en,angel
dolphin,0.000171280484751,en,angel
poetic,0.000171280484751,en,angel
masterpiece,0.000171280484751,en,angel
attribute,0.0001693974475921,en,angel
impersonate,0.0001693974475921,en,angel
chilly,0.0001693974475921,en,angel
administration,0.0001693974475921,en,angel
gangster,0.0001693974475921,en,angel
marathon,0.0001693974475921,en,angel
molly,0.0001693974475921,en,angel
proximity,0.0001693974475921,en,angel
graphic,0.0001693974475921,en,angel
manipulation,0.0001693974475921,en,angel
viable,0.0001693974475921,en,angel
wiggle,0.0001693974475921,en,angel
speculate,0.0001693974475921,en,angel
opener,0.0001693974475921,en,angel
diane,0.0001693974475921,en,angel
swarm,0.0001693974475921,en,angel
vaguely,0.0001693974475921,en,angel
cub,0.0001693974475921,en,angel
jewish,0.0001693974475921,en,angel
orderly,0.0001693974475921,en,angel
peacefully,0.0001693974475921,en,angel
hallucinate,0.0001693974475921,en,angel
judging,0.0001693974475921,en,angel
lewis,0.0001693974475921,en,angel
shepherd,0.0001693974475921,en,angel
nip,0.0001693974475921,en,angel
thesis,0.0001693974475921,en,angel
disregard,0.0001693974475921,en,angel
tame,0.0001693974475921,en,angel
railroad,0.0001693974475921,en,angel
spiral,0.0001693974475921,en,angel
turning,0.0001693974475921,en,angel
coup,0.0001693974475921,en,angel
significance,0.0001693974475921,en,angel
bonding,0.0001693974475921,en,angel
rainy,0.0001693974475921,en,angel
housewife,0.0001675557992348,en,angel
withstand,0.0001675557992348,en,angel
heating,0.0001675557992348,en,angel
keg,0.0001675557992348,en,angel
virtually,0.0001675557992348,en,angel
irritate,0.0001675557992348,en,angel
cherish,0.0001675557992348,en,angel
keyboard,0.0001675557992348,en,angel
mute,0.0001675557992348,en,angel
cerebral,0.0001675557992348,en,angel
vous,0.0001675557992348,en,angel
robber,0.0001675557992348,en,angel
savage,0.0001675557992348,en,angel
trainer,0.0001675557992348,en,angel
oyster,0.0001675557992348,en,angel
dedicated,0.0001675557992348,en,angel
expel,0.0001675557992348,en,angel
overwhelmed,0.0001675557992348,en,angel
processing,0.0001675557992348,en,angel
haired,0.0001675557992348,en,angel
regional,0.0001675557992348,en,angel
passive,0.0001675557992348,en,angel
dispute,0.0001675557992348,en,angel
rider,0.0001675557992348,en,angel
housekeeper,0.0001675557992348,en,angel
nipple,0.0001675557992348,en,angel
architect,0.0001675557992348,en,angel
advertise,0.0001675557992348,en,angel
nonstop,0.0001675557992348,en,angel
affirmative,0.0001675557992348,en,angel
verdict,0.0001675557992348,en,angel
tread,0.0001675557992348,en,angel
curfew,0.0001675557992348,en,angel
dislike,0.0001657537593052,en,angel
recorder,0.0001657537593052,en,angel
clutch,0.0001657537593052,en,angel
authorization,0.0001657537593052,en,angel
ramp,0.0001657537593052,en,angel
beta,0.0001657537593052,en,angel
thirst,0.0001657537593052,en,angel
allowance,0.0001657537593052,en,angel
sitter,0.0001657537593052,en,angel
revive,0.0001657537593052,en,angel
delta,0.0001657537593052,en,angel
defect,0.0001657537593052,en,angel
impulsive,0.0001657537593052,en,angel
allegedly,0.0001657537593052,en,angel
warden,0.0001657537593052,en,angel
marketing,0.0001657537593052,en,angel
clay,0.0001657537593052,en,angel
wrench,0.0001657537593052,en,angel
unreasonable,0.0001657537593052,en,angel
reinforce,0.0001657537593052,en,angel
courthouse,0.0001657537593052,en,angel
moonlight,0.0001657537593052,en,angel
sofa,0.0001657537593052,en,angel
prosecutor,0.0001657537593052,en,angel
bowling,0.0001657537593052,en,angel
suspension,0.0001657537593052,en,angel
uphold,0.0001657537593052,en,angel
dork,0.0001657537593052,en,angel
sideline,0.0001657537593052,en,angel
dangle,0.0001657537593052,en,angel
cripple,0.0001657537593052,en,angel
blush,0.0001657537593052,en,angel
touching,0.0001657537593052,en,angel
interact,0.0001657537593052,en,angel
crumble,0.0001657537593052,en,angel
thrive,0.0001657537593052,en,angel
rewind,0.0001657537593052,en,angel
accommodate,0.0001657537593052,en,angel
commence,0.0001657537593052,en,angel
parachute,0.0001657537593052,en,angel
trustworthy,0.0001657537593052,en,angel
devastating,0.0001639896598911,en,angel
welfare,0.0001639896598911,en,angel
awol,0.0001639896598911,en,angel
insert,0.0001639896598911,en,angel
civilization,0.0001639896598911,en,angel
felon,0.0001639896598911,en,angel
dangerously,0.0001639896598911,en,angel
bladder,0.0001639896598911,en,angel
critic,0.0001639896598911,en,angel
distinguish,0.0001639896598911,en,angel
supermarket,0.0001639896598911,en,angel
upload,0.0001639896598911,en,angel
incentive,0.0001639896598911,en,angel
stereo,0.0001639896598911,en,angel
confrontation,0.0001639896598911,en,angel
legendary,0.0001639896598911,en,angel
truthfully,0.0001639896598911,en,angel
sponge,0.0001639896598911,en,angel
pupil,0.0001639896598911,en,angel
gaze,0.0001639896598911,en,angel
prosecution,0.0001639896598911,en,angel
stupidity,0.0001639896598911,en,angel
feminine,0.0001639896598911,en,angel
ginger,0.0001622619362654,en,angel
elevate,0.0001622619362654,en,angel
spontaneous,0.0001622619362654,en,angel
superman,0.0001622619362654,en,angel
unemployed,0.0001622619362654,en,angel
comeback,0.0001622619362654,en,angel
vouch,0.0001622619362654,en,angel
wedge,0.0001622619362654,en,angel
sticker,0.0001622619362654,en,angel
spotlight,0.0001622619362654,en,angel
redhead,0.0001622619362654,en,angel
walking,0.0001622619362654,en,angel
twitch,0.0001622619362654,en,angel
fried,0.0001622619362654,en,angel
firearm,0.0001622619362654,en,angel
carter,0.0001622619362654,en,angel
cloth,0.0001622619362654,en,angel
economic,0.0001622619362654,en,angel
utility,0.0001622619362654,en,angel
bicycle,0.0001622619362654,en,angel
bombing,0.0001622619362654,en,angel
martial,0.0001622619362654,en,angel
utter,0.0001622619362654,en,angel
atm,0.0001622619362654,en,angel
destructive,0.0001622619362654,en,angel
optimistic,0.0001622619362654,en,angel
prescribe,0.0001622619362654,en,angel
retain,0.0001622619362654,en,angel
repeatedly,0.0001622619362654,en,angel
seller,0.0001622619362654,en,angel
reunite,0.0001622619362654,en,angel
tighten,0.0001622619362654,en,angel
exceed,0.0001622619362654,en,angel
ache,0.0001605691185461,en,angel
abduction,0.0001605691185461,en,angel
decency,0.0001605691185461,en,angel
tweak,0.0001605691185461,en,angel
static,0.0001605691185461,en,angel
toxin,0.0001605691185461,en,angel
tequila,0.0001605691185461,en,angel
halt,0.0001605691185461,en,angel
operative,0.0001605691185461,en,angel
tenant,0.0001605691185461,en,angel
escalate,0.0001605691185461,en,angel
absent,0.0001605691185461,en,angel
verbal,0.0001605691185461,en,angel
sweetest,0.0001605691185461,en,angel
mitchell,0.0001605691185461,en,angel
korean,0.0001605691185461,en,angel
jake,0.0001605691185461,en,angel
underneath,0.0001605691185461,en,angel
gladly,0.0001605691185461,en,angel
amuse,0.0001605691185461,en,angel
lime,0.0001605691185461,en,angel
batter,0.0001605691185461,en,angel
advocate,0.0001605691185461,en,angel
jason,0.0001605691185461,en,angel
less,0.0001605691185461,en,angel
restrict,0.0001605691185461,en,angel
assembly,0.0001605691185461,en,angel
festival,0.0001605691185461,en,angel
triangle,0.0001605691185461,en,angel
romeo,0.0001605691185461,en,angel
swat,0.0001605691185461,en,angel
globe,0.0001605691185461,en,angel
fart,0.0001605691185461,en,angel
cocky,0.0001605691185461,en,angel
variable,0.0001589098241828,en,angel
cultural,0.0001589098241828,en,angel
recycle,0.0001589098241828,en,angel
freaking,0.0001589098241828,en,angel
incompetent,0.0001589098241828,en,angel
intervene,0.0001589098241828,en,angel
dedication,0.0001589098241828,en,angel
magnet,0.0001589098241828,en,angel
promising,0.0001589098241828,en,angel
obnoxious,0.0001589098241828,en,angel
plumbing,0.0001589098241828,en,angel
unavailable,0.0001589098241828,en,angel
restroom,0.0001589098241828,en,angel
morphine,0.0001589098241828,en,angel
inmate,0.0001589098241828,en,angel
ungrateful,0.0001589098241828,en,angel
corridor,0.0001589098241828,en,angel
sector,0.0001589098241828,en,angel
concentration,0.0001589098241828,en,angel
painkiller,0.0001589098241828,en,angel
midst,0.0001589098241828,en,angel
credential,0.0001589098241828,en,angel
horny,0.0001589098241828,en,angel
sidewalk,0.0001589098241828,en,angel
backseat,0.0001589098241828,en,angel
vocal,0.0001589098241828,en,angel
riding,0.0001589098241828,en,angel
preparation,0.0001572827511724,en,angel
bikini,0.0001572827511724,en,angel
brat,0.0001572827511724,en,angel
syndrome,0.0001572827511724,en,angel
clarify,0.0001572827511724,en,angel
rethink,0.0001572827511724,en,angel
contaminate,0.0001572827511724,en,angel
stun,0.0001572827511724,en,angel
freeway,0.0001572827511724,en,angel
tidy,0.0001572827511724,en,angel
dryer,0.0001572827511724,en,angel
christian,0.0001572827511724,en,angel
intellectual,0.0001572827511724,en,angel
newly,0.0001572827511724,en,angel
homemade,0.0001572827511724,en,angel
fur,0.0001572827511724,en,angel
phillip,0.0001572827511724,en,angel
balcony,0.0001572827511724,en,angel
medic,0.0001572827511724,en,angel
carol,0.0001572827511724,en,angel
perfection,0.0001572827511724,en,angel
snore,0.0001572827511724,en,angel
northern,0.0001556866719213,en,angel
visa,0.0001556866719213,en,angel
locked,0.0001556866719213,en,angel
deer,0.0001556866719213,en,angel
cavity,0.0001556866719213,en,angel
dent,0.0001556866719213,en,angel
relay,0.0001556866719213,en,angel
bureau,0.0001556866719213,en,angel
brad,0.0001556866719213,en,angel
hybrid,0.0001556866719213,en,angel
victor,0.0001556866719213,en,angel
luggage,0.0001556866719213,en,angel
chili,0.0001556866719213,en,angel
captive,0.0001556866719213,en,angel
finding,0.0001556866719213,en,angel
stabilize,0.0001556866719213,en,angel
grader,0.0001556866719213,en,angel
camping,0.0001556866719213,en,angel
toaster,0.0001556866719213,en,angel
embarrassment,0.000154120427681,en,angel
sincere,0.000154120427681,en,angel
supplier,0.000154120427681,en,angel
garlic,0.000154120427681,en,angel
glimpse,0.000154120427681,en,angel
bypass,0.000154120427681,en,angel
blindfold,0.000154120427681,en,angel
duct,0.000154120427681,en,angel
unload,0.000154120427681,en,angel
amusing,0.000154120427681,en,angel
slippery,0.000154120427681,en,angel
comedy,0.000154120427681,en,angel
tackle,0.000154120427681,en,angel
probation,0.000154120427681,en,angel
generator,0.000154120427681,en,angel
obtain,0.000154120427681,en,angel
reopen,0.000154120427681,en,angel
valid,0.000154120427681,en,angel
cannon,0.000154120427681,en,angel
prospect,0.000154120427681,en,angel
tendency,0.000154120427681,en,angel
onion,0.000154120427681,en,angel
profession,0.000154120427681,en,angel
vast,0.000154120427681,en,angel
universal,0.000154120427681,en,angel
devote,0.000154120427681,en,angel
underwater,0.000154120427681,en,angel
sibling,0.000154120427681,en,angel
governor,0.000154120427681,en,angel
aisle,0.000154120427681,en,angel
seeing,0.0001525829234949,en,angel
dynamic,0.0001525829234949,en,angel
riddle,0.0001525829234949,en,angel
semester,0.0001525829234949,en,angel
transaction,0.0001525829234949,en,angel
contribution,0.0001525829234949,en,angel
dressing,0.0001525829234949,en,angel
academic,0.0001525829234949,en,angel
fed,0.0001525829234949,en,angel
user,0.0001525829234949,en,angel
postpone,0.0001525829234949,en,angel
jewel,0.0001525829234949,en,angel
relatively,0.0001525829234949,en,angel
manufacture,0.0001525829234949,en,angel
decoy,0.0001525829234949,en,angel
jurisdiction,0.0001525829234949,en,angel
compensate,0.0001525829234949,en,angel
majority,0.0001525829234949,en,angel
henry,0.0001525829234949,en,angel
daisy,0.0001525829234949,en,angel
wrinkle,0.0001525829234949,en,angel
author,0.0001525829234949,en,angel
frustrated,0.0001525829234949,en,angel
leadership,0.0001525829234949,en,angel
classroom,0.0001525829234949,en,angel
election,0.0001525829234949,en,angel
homeland,0.0001525829234949,en,angel
germ,0.0001525829234949,en,angel
lesbian,0.0001525829234949,en,angel
selection,0.0001525829234949,en,angel
deploy,0.0001525829234949,en,angel
whale,0.0001510731235997,en,angel
regain,0.0001510731235997,en,angel
hysterical,0.0001510731235997,en,angel
pension,0.0001510731235997,en,angel
paddle,0.0001510731235997,en,angel
conditioning,0.0001510731235997,en,angel
reply,0.0001510731235997,en,angel
lone,0.0001510731235997,en,angel
thrilled,0.0001510731235997,en,angel
preppe,0.0001510731235997,en,angel
unlocked,0.0001510731235997,en,angel
gifted,0.0001510731235997,en,angel
vanilla,0.0001510731235997,en,angel
supervise,0.0001510731235997,en,angel
inspection,0.0001495900472344,en,angel
sniper,0.0001495900472344,en,angel
carbon,0.0001495900472344,en,angel
oversee,0.0001495900472344,en,angel
institute,0.0001495900472344,en,angel
doe,0.0001495900472344,en,angel
aged,0.0001495900472344,en,angel
cereal,0.0001495900472344,en,angel
quiz,0.0001495900472344,en,angel
obstacle,0.0001495900472344,en,angel
fox,0.0001495900472344,en,angel
dispose,0.0001495900472344,en,angel
scholarship,0.0001495900472344,en,angel
calculate,0.0001495900472344,en,angel
stew,0.0001495900472344,en,angel
infiltrate,0.0001495900472344,en,angel
input,0.0001495900472344,en,angel
outstanding,0.0001495900472344,en,angel
radiation,0.0001495900472344,en,angel
grandson,0.0001495900472344,en,angel
catholic,0.0001481327648134,en,angel
boxer,0.0001481327648134,en,angel
stressful,0.0001481327648134,en,angel
grape,0.0001481327648134,en,angel
temp,0.0001481327648134,en,angel
essentially,0.0001481327648134,en,angel
kindly,0.0001481327648134,en,angel
prank,0.0001481327648134,en,angel
hotter,0.0001481327648134,en,angel
bunk,0.0001481327648134,en,angel
chess,0.0001481327648134,en,angel
dvd,0.0001481327648134,en,angel
porch,0.0001481327648134,en,angel
swinge,0.0001481327648134,en,angel
tamper,0.0001481327648134,en,angel
stove,0.0001481327648134,en,angel
breaker,0.0001481327648134,en,angel
boob,0.0001467003944267,en,angel
expire,0.0001467003944267,en,angel
lid,0.0001467003944267,en,angel
outlet,0.0001467003944267,en,angel
sentimental,0.0001467003944267,en,angel
ransom,0.0001467003944267,en,angel
transition,0.0001467003944267,en,angel
counseling,0.0001467003944267,en,angel
grey,0.0001467003944267,en,angel
induce,0.0001467003944267,en,angel
conceal,0.0001467003944267,en,angel
scissor,0.0001467003944267,en,angel
sexually,0.0001467003944267,en,angel
coverage,0.000145292098635,en,angel
verge,0.000145292098635,en,angel
lipstick,0.000145292098635,en,angel
assumption,0.000145292098635,en,angel
toothbrush,0.000145292098635,en,angel
eyebrow,0.000145292098635,en,angel
beloved,0.000145292098635,en,angel
accomplice,0.000145292098635,en,angel
discretion,0.000145292098635,en,angel
harassment,0.000145292098635,en,angel
convinced,0.000145292098635,en,angel
crop,0.000145292098635,en,angel
pantie,0.000145292098635,en,angel
revolution,0.000145292098635,en,angel
determined,0.000145292098635,en,angel
adapt,0.000145292098635,en,angel
venture,0.000145292098635,en,angel
dean,0.000145292098635,en,angel
comic,0.0001439070815286,en,angel
elaborate,0.0001439070815286,en,angel
drunken,0.0001439070815286,en,angel
autograph,0.0001439070815286,en,angel
refrigerator,0.0001439070815286,en,angel
collateral,0.0001439070815286,en,angel
convention,0.0001439070815286,en,angel
curb,0.0001439070815286,en,angel
evolve,0.0001439070815286,en,angel
carrot,0.0001439070815286,en,angel
psychology,0.0001439070815286,en,angel
disturbing,0.0001439070815286,en,angel
footprint,0.0001439070815286,en,angel
rapid,0.0001439070815286,en,angel
tide,0.0001439070815286,en,angel
streak,0.0001439070815286,en,angel
delete,0.0001425445860262,en,angel
mourn,0.0001425445860262,en,angel
diagnose,0.0001425445860262,en,angel
amend,0.0001425445860262,en,angel
doc,0.0001425445860262,en,angel
scoop,0.0001425445860262,en,angel
regulation,0.0001425445860262,en,angel
diner,0.0001425445860262,en,angel
mechanical,0.0001425445860262,en,angel
peg,0.0001425445860262,en,angel
crowded,0.0001425445860262,en,angel
indian,0.0001425445860262,en,angel
specialty,0.0001425445860262,en,angel
doorstep,0.0001425445860262,en,angel
satisfaction,0.0001425445860262,en,angel
naughty,0.0001425445860262,en,angel
pissed,0.0001425445860262,en,angel
fiber,0.0001425445860262,en,angel
enforcement,0.0001412038913896,en,angel
aspirin,0.0001412038913896,en,angel
niece,0.0001412038913896,en,angel
invade,0.0001412038913896,en,angel
gossip,0.0001412038913896,en,angel
fax,0.0001412038913896,en,angel
suffocate,0.0001412038913896,en,angel
pervert,0.0001412038913896,en,angel
designer,0.0001412038913896,en,angel
transportation,0.0001412038913896,en,angel
apparent,0.0001412038913896,en,angel
psychiatrist,0.0001412038913896,en,angel
driveway,0.0001412038913896,en,angel
thorough,0.0001412038913896,en,angel
lighten,0.0001412038913896,en,angel
paramedic,0.0001412038913896,en,angel
offensive,0.000139884310934,en,angel
accessory,0.000139884310934,en,angel
motorcycle,0.000139884310934,en,angel
pursuit,0.000139884310934,en,angel
select,0.000139884310934,en,angel
medal,0.000139884310934,en,angel
rehearsal,0.000139884310934,en,angel
rhythm,0.000139884310934,en,angel
lottery,0.000139884310934,en,angel
yup,0.000139884310934,en,angel
rational,0.000139884310934,en,angel
passport,0.0001385851899163,en,angel
marker,0.0001385851899163,en,angel
balloon,0.0001385851899163,en,angel
protest,0.0001385851899163,en,angel
paycheck,0.0001385851899163,en,angel
photographer,0.0001385851899163,en,angel
jeopardy,0.0001385851899163,en,angel
visible,0.0001385851899163,en,angel
closing,0.0001385851899163,en,angel
leverage,0.0001385851899163,en,angel
vet,0.0001385851899163,en,angel
dummy,0.0001385851899163,en,angel
basketball,0.0001385851899163,en,angel
philosophy,0.0001385851899163,en,angel
scramble,0.0001385851899163,en,angel
gambling,0.0001385851899163,en,angel
concussion,0.0001373059035838,en,angel
resent,0.0001373059035838,en,angel
precisely,0.0001373059035838,en,angel
pawn,0.0001373059035838,en,angel
traumatic,0.0001373059035838,en,angel
jungle,0.0001373059035838,en,angel
sophisticated,0.0001373059035838,en,angel
sheriff,0.0001373059035838,en,angel
nanny,0.0001373059035838,en,angel
passionate,0.0001373059035838,en,angel
dope,0.0001373059035838,en,angel
dash,0.0001373059035838,en,angel
biological,0.0001373059035838,en,angel
script,0.0001373059035838,en,angel
coordinate,0.0001360458553703,en,angel
contribute,0.0001360458553703,en,angel
discovery,0.0001360458553703,en,angel
invasion,0.0001360458553703,en,angel
guitar,0.0001360458553703,en,angel
dizzy,0.0001360458553703,en,angel
awhile,0.0001360458553703,en,angel
slash,0.0001360458553703,en,angel
difficulty,0.0001360458553703,en,angel
mount,0.0001360458553703,en,angel
satisfy,0.0001348044752257,en,angel
port,0.0001348044752257,en,angel
jane,0.0001348044752257,en,angel
rental,0.0001348044752257,en,angel
disguise,0.0001348044752257,en,angel
gallery,0.0001348044752257,en,angel
introduction,0.0001348044752257,en,angel
bum,0.0001348044752257,en,angel
corn,0.0001348044752257,en,angel
verify,0.0001348044752257,en,angel
exotic,0.0001348044752257,en,angel
surprisingly,0.0001348044752257,en,angel
tennis,0.0001348044752257,en,angel
reset,0.0001348044752257,en,angel
congratulate,0.0001335812180676,en,angel
demonstrate,0.0001335812180676,en,angel
rap,0.0001335812180676,en,angel
acknowledge,0.0001335812180676,en,angel
cease,0.0001335812180676,en,angel
cue,0.0001335812180676,en,angel
unacceptable,0.0001335812180676,en,angel
runner,0.0001335812180676,en,angel
cope,0.0001335812180676,en,angel
rail,0.0001323755623436,en,angel
repay,0.0001323755623436,en,angel
casual,0.0001323755623436,en,angel
fishing,0.0001323755623436,en,angel
immune,0.0001323755623436,en,angel
spider,0.0001323755623436,en,angel
rebuild,0.0001323755623436,en,angel
trailer,0.0001323755623436,en,angel
banana,0.0001323755623436,en,angel
geek,0.0001323755623436,en,angel
shooter,0.0001323755623436,en,angel
ultimately,0.0001311870086969,en,angel
missing,0.0001311870086969,en,angel
talented,0.0001311870086969,en,angel
sponsor,0.0001311870086969,en,angel
seize,0.0001311870086969,en,angel
secretly,0.0001311870086969,en,angel
radius,0.0001311870086969,en,angel
organization,0.0001311870086969,en,angel
laptop,0.0001311870086969,en,angel
educate,0.0001300150787239,en,angel
pronounce,0.0001300150787239,en,angel
essential,0.0001300150787239,en,angel
sabotage,0.0001300150787239,en,angel
ambush,0.0001300150787239,en,angel
acid,0.0001288593138184,en,angel
budget,0.0001288593138184,en,angel
identical,0.0001288593138184,en,angel
honeymoon,0.0001288593138184,en,angel
prescription,0.0001288593138184,en,angel
cigar,0.0001288593138184,en,angel
brace,0.0001288593138184,en,angel
gamble,0.000127719274094,en,angel
distant,0.000127719274094,en,angel
proposal,0.000127719274094,en,angel
observation,0.000127719274094,en,angel
cooking,0.000127719274094,en,angel
ideal,0.000127719274094,en,angel
rear,0.000127719274094,en,angel
booth,0.000127719274094,en,angel
employ,0.000127719274094,en,angel
absence,0.000127719274094,en,angel
taxi,0.0001265945373789,en,angel
university,0.0001265945373789,en,angel
pole,0.0001265945373789,en,angel
boundary,0.0001265945373789,en,angel
concrete,0.0001265945373789,en,angel
pinch,0.0001265945373789,en,angel
straw,0.0001265945373789,en,angel
lion,0.0001254846982773,en,angel
porn,0.0001254846982773,en,angel
legitimate,0.0001254846982773,en,angel
sickness,0.0001254846982773,en,angel
resume,0.0001254846982773,en,angel
exhaust,0.0001254846982773,en,angel
dessert,0.0001243893672923,en,angel
dime,0.0001243893672923,en,angel
painting,0.0001243893672923,en,angel
eager,0.0001243893672923,en,angel
intelligent,0.0001243893672923,en,angel
toxic,0.0001243893672923,en,angel
vest,0.0001233081700052,en,angel
warehouse,0.0001233081700052,en,angel
permit,0.0001233081700052,en,angel
manual,0.0001233081700052,en,angel
wisdom,0.0001233081700052,en,angel
religion,0.0001233081700052,en,angel
significant,0.0001233081700052,en,angel
con,0.0001233081700052,en,angel
chapter,0.0001233081700052,en,angel
committee,0.0001222407463068,en,angel
pace,0.0001222407463068,en,angel
federal,0.0001222407463068,en,angel
exhausted,0.0001222407463068,en,angel
grandpa,0.0001222407463068,en,angel
minimum,0.0001222407463068,en,angel
jewelry,0.0001222407463068,en,angel
formal,0.0001222407463068,en,angel
shark,0.0001222407463068,en,angel
spray,0.0001211867496779,en,angel
lend,0.0001201458465137,en,angel
education,0.0001201458465137,en,angel
sober,0.0001201458465137,en,angel
steak,0.0001201458465137,en,angel
rubber,0.0001201458465137,en,angel
steam,0.0001201458465137,en,angel
reservation,0.0001201458465137,en,angel
error,0.00011911771549,en,angel
relation,0.00011911771549,en,angel
political,0.00011911771549,en,angel
gesture,0.00011911771549,en,angel
chew,0.0001181020469675,en,angel
trauma,0.0001181020469675,en,angel
construction,0.0001181020469675,en,angel
launch,0.0001170985424324,en,angel
behalf,0.0001170985424324,en,angel
advanced,0.0001170985424324,en,angel
aggressive,0.0001170985424324,en,angel
reasonable,0.0001170985424324,en,angel
medication,0.0001161069139696,en,angel
squad,0.0001161069139696,en,angel
expectation,0.0001161069139696,en,angel
subtle,0.0001161069139696,en,angel
repair,0.0001161069139696,en,angel
improve,0.0001161069139696,en,angel
extreme,0.0001161069139696,en,angel
development,0.0001161069139696,en,angel
remote,0.0001151268837664,en,angel
smoking,0.0001151268837664,en,angel
imply,0.0001151268837664,en,angel
triple,0.0001141581836461,en,angel
label,0.0001141581836461,en,angel
footage,0.0001141581836461,en,angel
delay,0.0001132005546266,en,angel
imagination,0.0001132005546266,en,angel
combination,0.0001132005546266,en,angel
dealer,0.0001122537465057,en,angel
civil,0.0001122537465057,en,angel
football,0.0001113175174677,en,angel
grandfather,0.0001103916337137,en,angel
announce,0.0001094758691104,en,angel
pro,0.0001094758691104,en,angel
airport,0.0001067871370212,en,angel
produce,0.0001067871370212,en,angel
identity,0.0001050414149791,en,angel
injury,0.000104182006141,en,angel
treatment,0.0001024891884217,en,angel
pride,0.0001024891884217,en,angel
react,0.0001024891884217,en,angel
total,9.299319347537602e-05,en,angel
