mot,poids_tfidf,langue,serie
bender,0.2912228596875048,en,futurama
robot,0.166760734179594,en,futurama
fry,0.1139301168810803,en,futurama
kif,0.0867995561790182,en,futurama
nibbler,0.0804172358717375,en,futurama
love,0.0773062214684423,en,futurama
great,0.0564260844801813,en,futurama
planet,0.055015726232775,en,futurama
win,0.0546860730644929,en,futurama
work,0.0544375000051089,en,futurama
human,0.051940759932511,en,futurama
old,0.0494660388174277,en,futurama
new,0.0492174657580436,en,futurama
flexo,0.0485056343353337,en,futurama
stop,0.0482231735205074,en,futurama
friend,0.0477260274017393,en,futurama
calculon,0.0472291702738775,en,futurama
earth,0.0464836336573815,en,futurama
life,0.0462345890454349,en,futurama
little,0.0462345890454349,en,futurama
amy,0.0461699641045007,en,futurama
zoidberg,0.0459527062124214,en,futurama
help,0.0447431506891306,en,futurama
kill,0.0427545662140581,en,futurama
herme,0.0414976203208506,en,futurama
professor,0.0402804863356118,en,futurama
snu,0.0399729962080473,en,futurama
sure,0.0397716895014494,en,futurama
big,0.0385877246949572,en,futurama
eat,0.0385288242045291,en,futurama
hear,0.038280251145145,en,futurama
bad,0.0360430936106885,en,futurama
live,0.0352973744325363,en,futurama
long,0.0348002283137682,en,futurama
like,0.0333087899574639,en,futurama
zapp,0.0331880655978599,en,futurama
ship,0.0323316631576398,en,futurama
happen,0.0323144977199276,en,futurama
universe,0.0319421093018884,en,futurama
hand,0.0315687785417754,en,futurama
talk,0.0315687785417754,en,futurama
die,0.0308230593636233,en,futurama
poppler,0.0293586734134914,en,futurama
futurama,0.0293586734134914,en,futurama
remember,0.0293316210073189,en,futurama
save,0.0280887557103986,en,futurama
head,0.0278401826510146,en,futurama
captain,0.0269989072328861,en,futurama
space,0.0269818793068709,en,futurama
place,0.0265973173540943,en,futurama
nice,0.0261001712353261,en,futurama
world,0.0261001712353261,en,futurama
bring,0.0258515981759421,en,futurama
bot,0.0253477238543457,en,futurama
boy,0.0251058789977899,en,futurama
baby,0.025005656530438,en,futurama
real,0.0243601598196377,en,futurama
home,0.0243601598196377,en,futurama
ass,0.0241258001728409,en,futurama
mom,0.0240609885930469,en,futurama
kid,0.0239334874198825,en,futurama
eye,0.0238630137008696,en,futurama
believe,0.0231172945227174,en,futurama
stupid,0.0230524069606238,en,futurama
morbo,0.0229763531062107,en,futurama
puter,0.0229763531062107,en,futurama
mcneal,0.0229763531062107,en,futurama
party,0.0226604295783994,en,futurama
dead,0.0226201484039493,en,futurama
death,0.0225512676788711,en,futurama
watch,0.0221230022851812,en,futurama
turn,0.0221230022851812,en,futurama
care,0.0221230022851812,en,futurama
hooray,0.0219019806301134,en,futurama
brain,0.0217220854708855,en,futurama
ciwan,0.0216998890447545,en,futurama
meet,0.0216258561664131,en,futurama
use,0.0216258561664131,en,futurama
hope,0.0216258561664131,en,futurama
shut,0.0215489891153657,en,futurama
body,0.0215489891153657,en,futurama
course,0.0212984194744894,en,futurama
farnsworth,0.0211621744630838,en,futurama
word,0.021128710047645,en,futurama
play,0.021128710047645,en,futurama
night,0.021128710047645,en,futurama
away,0.0208801369882609,en,futurama
fine,0.0207972801927367,en,futurama
guess,0.0206315639288768,en,futurama
delivery,0.0204654763891104,en,futurama
cool,0.0203689254637298,en,futurama
wrong,0.0201344178101087,en,futurama
check,0.0201344178101087,en,futurama
start,0.0196372716913406,en,futurama
mind,0.0193886986319565,en,futurama
stuff,0.0192938623474786,en,futurama
coilette,0.0191469609218422,en,futurama
hit,0.0191401255725725,en,futurama
face,0.0190432927066022,en,futurama
welcome,0.0189436791897258,en,futurama
forget,0.0187927230657259,en,futurama
miss,0.0186429794538044,en,futurama
lose,0.0186429794538044,en,futurama
end,0.0186429794538044,en,futurama
run,0.0186429794538044,en,futurama
machine,0.0184028672990015,en,futurama
second,0.0183944063944203,en,futurama
mutant,0.0182054692110133,en,futurama
sound,0.0181458333350363,en,futurama
happy,0.0181458333350363,en,futurama
bend,0.0181011452123538,en,futurama
eyephone,0.0178704968603861,en,futurama
seymour,0.0178460582912035,en,futurama
fire,0.0176486872162681,en,futurama
lady,0.0175398748613442,en,futurama
stay,0.0174001141568841,en,futurama
bigfoot,0.0172993880005761,en,futurama
build,0.0172893052204678,en,futurama
globetrotter,0.0170574369443449,en,futurama
steal,0.0170387355795915,en,futurama
hard,0.016902968038116,en,futurama
alien,0.0168774797443278,en,futurama
freedom,0.0167942743236892,en,futurama
news,0.0167881659387151,en,futurama
parent,0.0166912274479621,en,futurama
destroy,0.0166912274479621,en,futurama
true,0.0166543949787319,en,futurama
guenter,0.0165940327989299,en,futurama
robosexual,0.0165940327989299,en,futurama
hot,0.0165497519392804,en,futurama
dream,0.0164178552977623,en,futurama
robo,0.0162878825188333,en,futurama
break,0.0162870266569624,en,futurama
sweet,0.0160364570160861,en,futurama
hurt,0.0160364570160861,en,futurama
number,0.0160364570160861,en,futurama
express,0.0160235769168898,en,futurama
date,0.0159126905193696,en,futurama
hour,0.0159086758005797,en,futurama
job,0.0159086758005797,en,futurama
beautiful,0.0157859172343906,en,futurama
pay,0.0157858873752097,en,futurama
girl,0.0156601027411957,en,futurama
money,0.0156601027411957,en,futurama
century,0.0155060672654188,en,futurama
today,0.0154115296818116,en,futurama
fun,0.0154075257409769,en,futurama
elzar,0.0153175687374738,en,futurama
box,0.0152644981396749,en,futurama
ready,0.0151629566224275,en,futurama
fight,0.0151629566224275,en,futurama
plan,0.0150341784525807,en,futurama
beat,0.0150220825295007,en,futurama
sphere,0.0149690617431099,en,futurama
hell,0.0149143835630435,en,futurama
crazy,0.0149023609625843,en,futurama
dog,0.0148861320215401,en,futurama
evil,0.0148584965564774,en,futurama
garbage,0.014614513031088,en,futurama
clover,0.0146058645222768,en,futurama
child,0.014533039170828,en,futurama
free,0.014533039170828,en,futurama
cut,0.014533039170828,en,futurama
understand,0.0144172374442754,en,futurama
learn,0.0144172374442754,en,futurama
power,0.0143971961841916,en,futurama
secret,0.0143728171242456,en,futurama
jerk,0.0143576704783297,en,futurama
heart,0.0142824695299517,en,futurama
santa,0.0142564267910026,en,futurama
metal,0.0141715047652477,en,futurama
food,0.0141686643848913,en,futurama
spargle,0.0140411046760176,en,futurama
blernsball,0.0140411046760176,en,futurama
yancy,0.0140411046760176,en,futurama
orphanarium,0.0140411046760176,en,futurama
slurm,0.0140411046760176,en,futurama
car,0.0140036362563142,en,futurama
actually,0.0139200913255073,en,futurama
hate,0.013781330248199,en,futurama
buy,0.0136715182661232,en,futurama
low,0.0136394490166025,en,futurama
fat,0.0136245133133704,en,futurama
dear,0.0135735219281959,en,futurama
pharaoh,0.0135388641208359,en,futurama
sdi,0.0135108531277188,en,futurama
anchovy,0.0134769747811226,en,futurama
cyclop,0.0132972948561564,en,futurama
alive,0.0132801909664463,en,futurama
drink,0.0132801909664463,en,futurama
brannigan,0.0132499961541711,en,futurama
catch,0.0131743721473551,en,futurama
stand,0.0131743721473551,en,futurama
bubblegum,0.0130461608326799,en,futurama
smell,0.0130296213255699,en,futurama
rich,0.0129856679895438,en,futurama
pizza,0.012967387468662,en,futurama
problem,0.012925799087971,en,futurama
change,0.012925799087971,en,futurama
ball,0.0127792210148459,en,futurama
company,0.0127305784148311,en,futurama
poor,0.0126772950651537,en,futurama
idea,0.012677226028587,en,futurama
pick,0.012677226028587,en,futurama
idiot,0.0125762149837149,en,futurama
bone,0.0125559240338904,en,futurama
young,0.0125284820438173,en,futurama
clamp,0.0125247846934066,en,futurama
penguin,0.0124984664999625,en,futurama
animal,0.0124876401739402,en,futurama
wear,0.0124759668465345,en,futurama
mar,0.0124722673139478,en,futurama
question,0.0124286529692029,en,futurama
worm,0.0123423294580288,en,futurama
room,0.0121800799098188,en,futurama
tonight,0.0121239546814245,en,futurama
order,0.0121239546814245,en,futurama
future,0.0119968197282227,en,futurama
laugh,0.0119968197282227,en,futurama
open,0.0119315068504348,en,futurama
fast,0.0119315068504348,en,futurama
emperor,0.0119033014285357,en,futurama
damn,0.0118713722922281,en,futurama
dad,0.0118713722922281,en,futurama
spaceship,0.0117888446357314,en,futurama
act,0.0117767731211882,en,futurama
business,0.0117767731211882,en,futurama
plock,0.0117567635906021,en,futurama
matter,0.0116829337910507,en,futurama
week,0.0116829337910507,en,futurama
walk,0.0116829337910507,en,futurama
foot,0.0116829337910507,en,futurama
chance,0.0116829337910507,en,futurama
whale,0.011652362588582,en,futurama
moon,0.0115296393012569,en,futurama
send,0.0115262034803119,en,futurama
deliver,0.0114937419970426,en,futurama
shiny,0.0114680744184568,en,futurama
late,0.0114343607316667,en,futurama
lie,0.0114343607316667,en,futurama
point,0.0114343607316667,en,futurama
crew,0.0114044639662028,en,futurama
quit,0.0113955861949058,en,futurama
high,0.0113662075138354,en,futurama
mission,0.0112927017004117,en,futurama
wish,0.0112756338394355,en,futurama
important,0.0111857876722826,en,futurama
suppose,0.0111857876722826,en,futurama
movie,0.0111302879811206,en,futurama
cute,0.0111239778531816,en,futurama
giant,0.0110876733004749,en,futurama
star,0.0109536180127251,en,futurama
fly,0.0109536180127251,en,futurama
crap,0.0109530401146703,en,futurama
shoot,0.0109372146128985,en,futurama
rock,0.0108655589300265,en,futurama
limbo,0.0108610747926149,en,futurama
water,0.0108610427354427,en,futurama
set,0.0108610427354427,en,futurama
mighty,0.0107995382757752,en,futurama
enjoy,0.0107796128431842,en,futurama
write,0.0107796128431842,en,futurama
perfect,0.0107744945576828,en,futurama
fish,0.0107589329871395,en,futurama
honor,0.0107395250784083,en,futurama
dumb,0.0107288572071449,en,futurama
case,0.0106886415535145,en,futurama
announcer,0.0105479136214439,en,futurama
wake,0.0105239249168065,en,futurama
blow,0.0105239249168065,en,futurama
doctor,0.010522955394537,en,futurama
behold,0.0105157795941817,en,futurama
fall,0.0104400684941304,en,futurama
city,0.0104390743001615,en,futurama
whoa,0.0103400070253606,en,futurama
card,0.0103355316651471,en,futurama
boo,0.0103212669766111,en,futurama
present,0.0102733552759301,en,futurama
throw,0.0102733552759301,en,futurama
story,0.0102733552759301,en,futurama
female,0.010253283114756,en,futurama
persei,0.0102117124916492,en,futurama
wernstrom,0.0102117124916492,en,futurama
hermenthotip,0.0102117124916492,en,futurama
grunka,0.0102117124916492,en,futurama
blern,0.0102117124916492,en,futurama
buggalo,0.0102117124916492,en,futurama
close,0.0101914954347464,en,futurama
horn,0.0101597199824788,en,futurama
stick,0.0101032955678537,en,futurama
war,0.0101032955678537,en,futurama
finally,0.0101032955678537,en,futurama
cook,0.0100705180327075,en,futurama
escape,0.0100705180327075,en,futurama
unit,0.0100059049465148,en,futurama
crush,0.0100059049465148,en,futurama
cause,0.0099429223753623,en,futurama
loser,0.0098449194311281,en,futurama
nose,0.0098055044002678,en,futurama
monster,0.0097908694194678,en,futurama
spend,0.0097722159941774,en,futurama
dump,0.0097334806215339,en,futurama
taste,0.0097272298580436,en,futurama
dinner,0.0096752395952716,en,futurama
ionely,0.0096404127124108,en,futurama
buddy,0.0095781183308689,en,futurama
oil,0.0095717803188864,en,futurama
game,0.0095216463533011,en,futurama
twit,0.0095131586690277,en,futurama
scruffy,0.0095131586690277,en,futurama
beer,0.0095014653497371,en,futurama
quick,0.009496325599948,en,futurama
pant,0.0094783397732472,en,futurama
exactly,0.0094457762565942,en,futurama
ago,0.0094457762565942,en,futurama
doop,0.0094382898385404,en,futurama
sewer,0.0094115236292393,en,futurama
begin,0.0093455484002647,en,futurama
forever,0.0093139310682762,en,futurama
soon,0.0092710767124248,en,futurama
pretty,0.0092710767124248,en,futurama
worry,0.0092710767124248,en,futurama
line,0.0091972031972101,en,futurama
bean,0.0091876223813992,en,futurama
return,0.0090929660110683,en,futurama
light,0.0090929660110683,en,futurama
teach,0.0090552107608241,en,futurama
waste,0.0090552107608241,en,futurama
inspector,0.0090504267479342,en,futurama
later,0.0090205070715484,en,futurama
hang,0.0090205070715484,en,futurama
rest,0.0090205070715484,en,futurama
stink,0.0089912079498014,en,futurama
ice,0.0089585244726093,en,futurama
ancient,0.0089553974153576,en,futurama
mother,0.0089486301378261,en,futurama
special,0.0089486301378261,en,futurama
sign,0.0089486301378261,en,futurama
house,0.0089486301378261,en,futurama
turanga,0.008935248430193,en,futurama
cronoton,0.008935248430193,en,futurama
alcazar,0.008935248430193,en,futurama
vote,0.008903894938505,en,futurama
pet,0.0088896245430629,en,futurama
half,0.008840383621872,en,futurama
burn,0.008840383621872,en,futurama
mushu,0.0088333307694474,en,futurama
prepare,0.0088158615557102,en,futurama
greeting,0.0087966921493897,en,futurama
join,0.0087699374306721,en,futurama
touch,0.0087699374306721,en,futurama
son,0.0087699374306721,en,futurama
tomorrow,0.0087699374306721,en,futurama
super,0.0087573784272182,en,futurama
race,0.0087571367596515,en,futurama
knock,0.0086567933220851,en,futurama
feeling,0.0086567933220851,en,futurama
doom,0.0086394069660039,en,futurama
doomsday,0.0086022428581235,en,futurama
anymore,0.0085878012326756,en,futurama
beep,0.0085619372420766,en,futurama
dollar,0.0085473027950239,en,futurama
hole,0.0084804362380694,en,futurama
grow,0.008469695805359,en,futurama
drop,0.008451484019058,en,futurama
sleep,0.008451484019058,en,futurama
woo,0.0084500994158675,en,futurama
president,0.008443880212152,en,futurama
bam,0.0084315949229436,en,futurama
kick,0.0084021817537885,en,futurama
zookeeper,0.0083868176781513,en,futurama
paper,0.0083352188434793,en,futurama
peace,0.0082815669159702,en,futurama
land,0.0082790498384677,en,futurama
deal,0.0082687981489194,en,futurama
funny,0.0082687981489194,en,futurama
slave,0.0082686842265052,en,futurama
filthy,0.0082621120448975,en,futurama
flag,0.008255758008285,en,futurama
age,0.0082130383567118,en,futurama
clone,0.0081831216771695,en,futurama
claw,0.0080996537068314,en,futurama
slug,0.0080977502481516,en,futurama
form,0.0080848132951066,en,futurama
cold,0.008082636454283,en,futurama
naughty,0.0080344797668797,en,futurama
soylent,0.0080270291502799,en,futurama
pull,0.008018228508043,en,futurama
cat,0.0080002322212063,en,futurama
speak,0.0079543379002898,en,futurama
family,0.0079543379002898,en,futurama
drive,0.0079543379002898,en,futurama
program,0.0079361551884342,en,futurama
winner,0.0079197666431964,en,futurama
share,0.0078300540650866,en,futurama
hide,0.0078300540650866,en,futurama
control,0.0078300540650866,en,futurama
trap,0.0078096849494177,en,futurama
tree,0.0078096849494177,en,futurama
toilet,0.0077902968251735,en,futurama
emotion,0.0077902968251735,en,futurama
cheer,0.0077867844972271,en,futurama
sell,0.0077676588671667,en,futurama
wonderful,0.0077472722762302,en,futurama
ruin,0.0077472722762302,en,futurama
atomic,0.0077371459285482,en,futurama
dearie,0.0077291644232665,en,futurama
omicron,0.0077291644232665,en,futurama
monkey,0.0077237787378638,en,futurama
valentine,0.0077074313552661,en,futurama
person,0.0077057648409058,en,futurama
probably,0.0077057648409058,en,futurama
read,0.0077057648409058,en,futurama
invention,0.0077017615785125,en,futurama
egg,0.0076925725155215,en,futurama
sad,0.0076853953407504,en,futurama
spoonful,0.0076743865142037,en,futurama
crummy,0.0076743865142037,en,futurama
bite,0.0076624946646951,en,futurama
lrrr,0.0076587843687369,en,futurama
manbot,0.0076587843687369,en,futurama
adlai,0.0076587843687369,en,futurama
holophonor,0.0076587843687369,en,futurama
angleene,0.0076587843687369,en,futurama
cubert,0.0076587843687369,en,futurama
smizmarr,0.0076587843687369,en,futurama
pazoozoo,0.0076587843687369,en,futurama
clobberella,0.0076587843687369,en,futurama
gemerald,0.0076587843687369,en,futurama
enus,0.0076587843687369,en,futurama
crime,0.0076011722797897,en,futurama
martian,0.0075957091563049,en,futurama
attack,0.0075774716758903,en,futurama
realize,0.0075403854684033,en,futurama
follow,0.0075170892262903,en,futurama
finish,0.0075170892262903,en,futurama
sex,0.0075086850508976,en,futurama
marry,0.0075028889161114,en,futurama
crud,0.0074797283565879,en,futurama
goodbye,0.0074786849521666,en,futurama
count,0.0074571917815217,en,futurama
sit,0.0074571917815217,en,futurama
easy,0.0074571917815217,en,futurama
door,0.0074571917815217,en,futurama
barbado,0.0074549490472456,en,futurama
technology,0.0074504613204844,en,futurama
sun,0.0074484920680196,en,futurama
antenna,0.0074455860857251,en,futurama
phone,0.00744306601077,en,futurama
proud,0.00744306601077,en,futurama
butt,0.0074174972011634,en,futurama
single,0.007383735480602,en,futurama
school,0.007383735480602,en,futurama
gentleman,0.007383735480602,en,futurama
smoke,0.0073611469196006,en,futurama
coffee,0.0073611469196006,en,futurama
rustler,0.0073408920966425,en,futurama
ingredient,0.0073318766353727,en,futurama
cover,0.0073248892866939,en,futurama
father,0.0073248892866939,en,futurama
terrible,0.0073024120084834,en,futurama
hurry,0.0073024120084834,en,futurama
wiener,0.0073006602100378,en,futurama
large,0.0072710859873889,en,futurama
interesting,0.007266519585414,en,futurama
quiet,0.007266519585414,en,futurama
opera,0.0072574578207213,en,futurama
team,0.0072441686086593,en,futurama
atom,0.0072397888560307,en,futurama
dance,0.0072129776364902,en,futurama
gift,0.0072129776364902,en,futurama
reason,0.0072086187221377,en,futurama
afraid,0.0072086187221377,en,futurama
birthday,0.0071726219914263,en,futurama
bowel,0.007165403232009,en,futurama
chump,0.007165403232009,en,futurama
fate,0.0071448730374208,en,futurama
record,0.0070723068974976,en,futurama
gravity,0.0070545832463608,en,futurama
nator,0.0070540581543612,en,futurama
cry,0.007041611579609,en,futurama
scab,0.0070410344039849,en,futurama
device,0.0070272640464154,en,futurama
blast,0.0070272640464154,en,futurama
show,0.0070159499445376,en,futurama
sense,0.0070159499445376,en,futurama
puppy,0.0070071409584171,en,futurama
roll,0.0070017865063745,en,futurama
far,0.0069600456627536,en,futurama
freeze,0.0069524861582385,en,futurama
fresh,0.0069458303166202,en,futurama
battle,0.006936044459982,en,futurama
worth,0.0069297511134755,en,futurama
buck,0.006896751914833,en,futurama
crowd,0.006896751914833,en,futurama
bird,0.0067828579442579,en,futurama
relax,0.0067808111507346,en,futurama
fact,0.0067653803036613,en,futurama
boot,0.0067438531016339,en,futurama
sing,0.006713990127534,en,futurama
small,0.0067114726033695,en,futurama
brother,0.0067114726033695,en,futurama
straight,0.0067114726033695,en,futurama
clean,0.0067114726033695,en,futurama
arm,0.0066730936648283,en,futurama
allow,0.0066730936648283,en,futurama
air,0.0066730936648283,en,futurama
jelly,0.006656522307587,en,futurama
medal,0.0066396077612807,en,futurama
accept,0.0066199007757121,en,futurama
erotic,0.0066142183680083,en,futurama
ugly,0.0066061155995359,en,futurama
mommy,0.0065979434363664,en,futurama
hero,0.0065678525697386,en,futurama
bag,0.0065671421191049,en,futurama
hair,0.0065671421191049,en,futurama
lousy,0.0065568625245778,en,futurama
pile,0.0065496725748962,en,futurama
barf,0.0065468157856946,en,futurama
precious,0.0065443288804536,en,futurama
parallel,0.0065328644628861,en,futurama
fem,0.0065230804163399,en,futurama
memory,0.0065200107218602,en,futurama
honey,0.0065200107218602,en,futurama
black,0.0065200107218602,en,futurama
bastard,0.006515290525534,en,futurama
daddy,0.006515290525534,en,futurama
smart,0.0065148106627849,en,futurama
met,0.0064863596516649,en,futurama
cream,0.006474409083039,en,futurama
exist,0.0064680076863029,en,futurama
respect,0.0064680076863029,en,futurama
sick,0.0064680076863029,en,futurama
complete,0.0064680076863029,en,futurama
fan,0.0064631875443456,en,futurama
deep,0.0064628995439855,en,futurama
bet,0.0064628995439855,en,futurama
tape,0.0064480268075279,en,futurama
percent,0.006441081528333,en,futurama
tiny,0.0064220775132934,en,futurama
careful,0.0064164362161811,en,futurama
lucky,0.0064164362161811,en,futurama
attention,0.0064164362161811,en,futurama
ring,0.0064164362161811,en,futurama
demand,0.0063962872655794,en,futurama
actor,0.0063843593074208,en,futurama
earthican,0.0063823203072807,en,futurama
animatronio,0.0063823203072807,en,futurama
dunkity,0.0063823203072807,en,futurama
lunka,0.0063823203072807,en,futurama
mermaid,0.0063758661451996,en,futurama
explain,0.0063652892074155,en,futurama
fuel,0.006360661648661,en,futurama
group,0.0063603271785521,en,futurama
skin,0.0063095545025148,en,futurama
banana,0.0062832050661847,en,futurama
candy,0.0062743760862966,en,futurama
meat,0.0062680220496842,en,futurama
trouble,0.0062642410219086,en,futurama
moment,0.0062642410219086,en,futurama
hat,0.006230553266934,en,futurama
folk,0.0062176197822364,en,futurama
toy,0.0062176197822364,en,futurama
able,0.0062143264846014,en,futurama
pain,0.0062092873788508,en,futurama
law,0.0062092873788508,en,futurama
ride,0.0062092873788508,en,futurama
crash,0.0061938880633312,en,futurama
follower,0.0061923972485865,en,futurama
horrible,0.0061676778158963,en,futurama
music,0.0061443883570102,en,futurama
cigar,0.0061163063565103,en,futurama
curse,0.0061116361674168,en,futurama
force,0.0061106776391189,en,futurama
one,0.0061106776391189,en,futurama
court,0.0060953135461124,en,futurama
suit,0.0060953135461124,en,futurama
kiss,0.0060953135461124,en,futurama
horse,0.006069141685053,en,futurama
entire,0.0060619773407122,en,futurama
lead,0.0060619773407122,en,futurama
devil,0.00603134300868,en,futurama
telescope,0.0060242614811715,en,futurama
lesson,0.0060205315222604,en,futurama
itis,0.0060202718627099,en,futurama
blood,0.0060136713810323,en,futurama
picture,0.0060136713810323,en,futurama
action,0.0059984098641113,en,futurama
weird,0.0059984098641113,en,futurama
ear,0.0059984098641113,en,futurama
chip,0.0059831119565167,en,futurama
lawyer,0.0059723496484062,en,futurama
move,0.0059657534252174,en,futurama
possible,0.0059657534252174,en,futurama
different,0.0059657534252174,en,futurama
ham,0.0059647760582594,en,futurama
mayor,0.0059561302553576,en,futurama
squid,0.0059560101432926,en,futurama
normal,0.0059505670713987,en,futurama
mouth,0.0059505670713987,en,futurama
lobster,0.0059437015097549,en,futurama
gold,0.0059338602542229,en,futurama
ape,0.005919089551219,en,futurama
hail,0.0058905047495481,en,futurama
master,0.0058873288242646,en,futurama
awful,0.0058873288242646,en,futurama
destructor,0.005878381795301,en,futurama
fembot,0.005878381795301,en,futurama
harold,0.0058727320035526,en,futurama
whoo,0.0058644614329264,en,futurama
pass,0.0058560660708223,en,futurama
instead,0.0058560660708223,en,futurama
squishy,0.0058423458089107,en,futurama
mutate,0.0058377236864984,en,futurama
fishy,0.0058377236864984,en,futurama
laser,0.0058376159778052,en,futurama
subtitle,0.0058376159778052,en,futurama
award,0.0058376159778052,en,futurama
superhero,0.005826181294291,en,futurama
puny,0.0058175664995684,en,futurama
short,0.0058093949515159,en,futurama
wave,0.0057932716084597,en,futurama
girder,0.0057903656261652,en,futurama
cram,0.0057823458755424,en,futurama
prove,0.0057631017401559,en,futurama
bed,0.0057631017401559,en,futurama
fountain,0.0057557018679936,en,futurama
forbidden,0.0057499807725608,en,futurama
wonder,0.0057171803658333,en,futurama
favorite,0.0056982018633493,en,futurama
system,0.0056918467639465,en,futurama
dark,0.0056918467639465,en,futurama
sexy,0.0056832445643388,en,futurama
slim,0.005650238559837,en,futurama
test,0.0056464638702393,en,futurama
package,0.0056371672415117,en,futurama
player,0.0056371672415117,en,futurama
history,0.0056100937172701,en,futurama
pop,0.0056100937172701,en,futurama
mad,0.0056100937172701,en,futurama
belong,0.0056100937172701,en,futurama
romantic,0.0056090137141249,en,futurama
tube,0.0056057127667337,en,futurama
visit,0.0056014545025257,en,futurama
rescue,0.00559153511717,en,futurama
style,0.00559153511717,en,futurama
leonardo,0.0055912117854342,en,futurama
circuit,0.0055838721143977,en,futurama
scream,0.005565286281233,en,futurama
pathetic,0.0055631229008726,en,futurama
video,0.0055619889265908,en,futurama
luck,0.0055568125623195,en,futurama
safe,0.0055568125623195,en,futurama
charge,0.0055568125623195,en,futurama
neutral,0.0055278083916728,en,futurama
creature,0.0055210382561888,en,futurama
society,0.0055210382561888,en,futurama
mate,0.0055210382561888,en,futurama
field,0.0055174015318664,en,futurama
factory,0.005439521343368,en,futurama
jump,0.0054331264564944,en,futurama
fool,0.0054294087712783,en,futurama
tax,0.0054185173239887,en,futurama
nebula,0.0054155456483343,en,futurama
earthling,0.0054155456483343,en,futurama
pig,0.0053841264293736,en,futurama
tender,0.0053780135024224,en,futurama
bathroom,0.0053697625392041,en,futurama
dude,0.0053697625392041,en,futurama
tijuana,0.0053548990943747,en,futurama
adorable,0.0053517680619465,en,futurama
civilization,0.0053513404775526,en,futurama
scared,0.005346842934229,en,futurama
fear,0.005346842934229,en,futurama
bear,0.005346842934229,en,futurama
suck,0.0053429463974001,en,futurama
solve,0.0053266308410013,en,futurama
song,0.0053266308410013,en,futurama
bomb,0.0053266308410013,en,futurama
zombie,0.0053252178460696,en,futurama
tar,0.0053180572512327,en,futurama
bead,0.0053180572512327,en,futurama
name,0.0053042301731232,en,futurama
simple,0.0053042301731232,en,futurama
piece,0.0053042301731232,en,futurama
ahead,0.0053042301731232,en,futurama
fault,0.0053042301731232,en,futurama
book,0.0053042301731232,en,futurama
surprise,0.0053042301731232,en,futurama
bus,0.0052972437952137,en,futurama
quantum,0.0052854588031974,en,futurama
king,0.0052838894802612,en,futurama
saucer,0.0052702657058764,en,futurama
decide,0.0052619624584032,en,futurama
model,0.0052544270563309,en,futurama
washboard,0.0052434943547446,en,futurama
dolomite,0.0052434943547446,en,futurama
answer,0.0052200342470652,en,futurama
inferior,0.0052166177551633,en,futurama
deserve,0.0052160085774881,en,futurama
leg,0.0052160085774881,en,futurama
gun,0.0052160085774881,en,futurama
comedian,0.0051890877213319,en,futurama
survive,0.0051744061490423,en,futurama
oscar,0.005172216272728,en,futurama
intelligent,0.0051661228311299,en,futurama
computer,0.0051579383327144,en,futurama
upgrade,0.0051516005986339,en,futurama
galaxy,0.0051498319737272,en,futurama
treat,0.0051331489729448,en,futurama
truly,0.0051283816770143,en,futurama
tooth,0.0051283816770143,en,futurama
diamond,0.0051229656261378,en,futurama
moron,0.0051212186876984,en,futurama
bottle,0.0051166901392736,en,futurama
neptune,0.0051162576761358,en,futurama
dwight,0.0051120525827968,en,futurama
hobo,0.005111094020054,en,futurama
invent,0.0051107374883021,en,futurama
melllvar,0.0051058562458246,en,futurama
leela,0.0051058562458246,en,futurama
twitcher,0.0051058562458246,en,futurama
fossilization,0.0051058562458246,en,futurama
welshie,0.0051058562458246,en,futurama
funog,0.0051058562458246,en,futurama
signoid,0.0051058562458246,en,futurama
fabulous,0.005105104116275,en,futurama
marriage,0.0050871434581934,en,futurama
career,0.0050871434581934,en,futurama
scientist,0.0050798599912394,en,futurama
shell,0.0050798599912394,en,futurama
judge,0.0050757990775301,en,futurama
especially,0.0050757990775301,en,futurama
hug,0.0050686506516457,en,futurama
office,0.0050516477839268,en,futurama
rat,0.0050462818493697,en,futurama
sack,0.0050372470029547,en,futurama
price,0.0050352590163537,en,futurama
white,0.0050352590163537,en,futurama
surface,0.0050270045229458,en,futurama
lizard,0.0050219595975475,en,futurama
rotational,0.0050168932189249,en,futurama
glad,0.0050113928175269,en,futurama
couple,0.0050113928175269,en,futurama
uncle,0.0050029524732574,en,futurama
jeez,0.0049951155276674,en,futurama
ratchet,0.0049864855710586,en,futurama
month,0.0049714611876811,en,futurama
rule,0.0049714611876811,en,futurama
bit,0.0049714611876811,en,futurama
warming,0.0049706467152162,en,futurama
orphan,0.0049694989146646,en,futurama
chef,0.0049694989146646,en,futurama
season,0.0049656613786797,en,futurama
grab,0.0049552081486137,en,futurama
cost,0.0049552081486137,en,futurama
nerd,0.0049298457105539,en,futurama
fossil,0.0049287240827894,en,futurama
correct,0.004925889427304,en,futurama
girlfriend,0.004925889427304,en,futurama
degree,0.004922459715564,en,futurama
turtle,0.004917188082941,en,futurama
dork,0.004917188082941,en,futurama
thought,0.0049156858415902,en,futurama
gross,0.0049049986708919,en,futurama
awesome,0.0049046204375519,en,futurama
rub,0.0049046204375519,en,futurama
original,0.0048864678941505,en,futurama
lazy,0.0048821571174394,en,futurama
bra,0.0048814496922305,en,futurama
double,0.0048764915242976,en,futurama
countess,0.0048671068066918,en,futurama
harpoon,0.0048671068066918,en,futurama
app,0.0048438286401613,en,futurama
ala,0.0048438286401613,en,futurama
broken,0.0048434715838469,en,futurama
episode,0.0048434715838469,en,futurama
eyed,0.0048430616227174,en,futurama
create,0.0048376197976358,en,futurama
table,0.0048376197976358,en,futurama
infinity,0.0048265259040204,en,futurama
pizzeria,0.004825304688471,en,futurama
rebate,0.004825304688471,en,futurama
junk,0.0048221370698079,en,futurama
shake,0.0048086517576601,en,futurama
guard,0.0048086517576601,en,futurama
enter,0.0048086517576601,en,futurama
notice,0.0047990653947305,en,futurama
choice,0.0047990653947305,en,futurama
tired,0.0047990653947305,en,futurama
fellow,0.0047858901594432,en,futurama
pound,0.004765932857738,en,futurama
phew,0.0047628832818986,en,futurama
global,0.0047553236295082,en,futurama
store,0.0047321658768861,en,futurama
speed,0.0047276905876022,en,futurama
gas,0.0047276905876022,en,futurama
step,0.0047228881282971,en,futurama
clear,0.0047228881282971,en,futurama
humanity,0.0047142518309189,en,futurama
grandpa,0.0047142518309189,en,futurama
killbot,0.0047027054362408,en,futurama
giny,0.0047027054362408,en,futurama
lightspeed,0.0047027054362408,en,futurama
shame,0.0046897913020864,en,futurama
cake,0.0046706018278497,en,futurama
medium,0.0046706018278497,en,futurama
activate,0.0046700927822441,en,futurama
yay,0.0046658903723154,en,futurama
pie,0.0046621078258229,en,futurama
fill,0.0046569655341381,en,futurama
tate,0.0046536807196666,en,futurama
flush,0.0046359357507271,en,futurama
support,0.0046198340756503,en,futurama
fix,0.0046198340756503,en,futurama
missile,0.0046185416913193,en,futurama
fake,0.0046149974555866,en,futurama
enemy,0.0046149974555866,en,futurama
final,0.0046149974555866,en,futurama
letter,0.0046149974555866,en,futurama
hum,0.0046077911258708,en,futurama
famous,0.0045980816602049,en,futurama
design,0.0045980816602049,en,futurama
bee,0.0045872297673827,en,futurama
romance,0.0045872297673827,en,futurama
cell,0.0045830082293392,en,futurama
comrade,0.0045776284210908,en,futurama
gorilla,0.0045776284210908,en,futurama
energy,0.0045585614906794,en,futurama
greenhouse,0.0045574254937829,en,futurama
censor,0.0045574254937829,en,futurama
swim,0.0045467373874496,en,futurama
download,0.0045466457847057,en,futurama
fashioned,0.0045466457847057,en,futurama
push,0.0045464830055341,en,futurama
agree,0.0045464830055341,en,futurama
absolutely,0.0045464830055341,en,futurama
remain,0.0045415044377901,en,futurama
shoe,0.0045415044377901,en,futurama
area,0.0045415044377901,en,futurama
crater,0.0045404517561654,en,futurama
monument,0.0045404517561654,en,futurama
gentle,0.0045159411631438,en,futurama
feed,0.0045102535357742,en,futurama
engine,0.0045091151525788,en,futurama
coin,0.004506606569944,en,futurama
class,0.0045052317514744,en,futurama
rob,0.004486772024478,en,futurama
ray,0.004486772024478,en,futurama
stem,0.0044816779186854,en,futurama
script,0.0044805912771722,en,futurama
offer,0.004474315068913,en,futurama
robotic,0.0044722072675473,en,futurama
screw,0.0044692677726146,en,futurama
pretend,0.0044692677726146,en,futurama
search,0.0044692677726146,en,futurama
art,0.0044692677726146,en,futurama
contest,0.0044670976915182,en,futurama
compute,0.0044670076074694,en,futurama
porno,0.0044639640867089,en,futurama
sky,0.0044495911412726,en,futurama
pitch,0.0044350693201899,en,futurama
explode,0.0044350693201899,en,futurama
popular,0.0044350693201899,en,futurama
experience,0.0044336072908649,en,futurama
remind,0.0044336072908649,en,futurama
red,0.0044336072908649,en,futurama
voice,0.0044336072908649,en,futurama
gender,0.0044254692746469,en,futurama
funky,0.0044254692746469,en,futurama
bandido,0.0044166653847237,en,futurama
velour,0.0044166653847237,en,futurama
anteater,0.0044166653847237,en,futurama
helmut,0.0044166653847237,en,futurama
pal,0.0044143698293448,en,futurama
perform,0.0044143698293448,en,futurama
copy,0.0044139212254931,en,futurama
doodle,0.0044094789120055,en,futurama
philip,0.0044065386660253,en,futurama
nay,0.0044065386660253,en,futurama
salad,0.0044025453257408,en,futurama
forbid,0.0044025453257408,en,futurama
worthless,0.0043989642109725,en,futurama
ashamed,0.0043986289575776,en,futurama
ocean,0.0043986289575776,en,futurama
train,0.004398245226686,en,futurama
list,0.004398245226686,en,futurama
hopeless,0.0043944503514522,en,futurama
darth,0.004381759356683,en,futurama
science,0.0043786892136091,en,futurama
mix,0.0043785683798257,en,futurama
cube,0.004378369481634,en,futurama
strange,0.0043631766270031,en,futurama
tear,0.0043631766270031,en,futurama
impossible,0.0043631766270031,en,futurama
tie,0.0043631766270031,en,futurama
male,0.0043435270170227,en,futurama
suffer,0.0043435270170227,en,futurama
fancy,0.0043433468078506,en,futurama
roommate,0.0043291001239784,en,futurama
television,0.0043291001239784,en,futurama
network,0.0043140961181766,en,futurama
defeat,0.0043140961181766,en,futurama
microwave,0.0043101802272733,en,futurama
magic,0.0043083362605669,en,futurama
wash,0.0043083362605669,en,futurama
score,0.0043083362605669,en,futurama
brunch,0.0043047924008866,en,futurama
dimension,0.0043047924008866,en,futurama
sensual,0.0043011214290617,en,futurama
hawk,0.0042870442490214,en,futurama
batter,0.0042870442490214,en,futurama
crate,0.0042870442490214,en,futurama
steam,0.004277041272561,en,futurama
neat,0.004277041272561,en,futurama
apartment,0.0042736513975119,en,futurama
groan,0.0042690928357184,en,futurama
magnificent,0.0042690928357184,en,futurama
mckenzie,0.0042635480634465,en,futurama
sleaze,0.0042635480634465,en,futurama
message,0.0042596838948978,en,futurama
chief,0.0042565674846247,en,futurama
melt,0.0042404410991073,en,futurama
legend,0.0042404410991073,en,futurama
travel,0.0042402181190347,en,futurama
hunt,0.0042392862151612,en,futurama
mechanical,0.0042286735615156,en,futurama
wife,0.004225742009529,en,futurama
sandwich,0.0042219704312032,en,futurama
neck,0.0042063696683432,en,futurama
eternity,0.0041889010235189,en,futurama
hollywood,0.0041889010235189,en,futurama
cheap,0.0041876538895128,en,futurama
boring,0.0041876538895128,en,futurama
shove,0.0041870354988232,en,futurama
finger,0.0041728068619905,en,futurama
note,0.0041728068619905,en,futurama
club,0.0041728068619905,en,futurama
lift,0.0041728068619905,en,futurama
god,0.0041714916949431,en,futurama
soda,0.0041685610736712,en,futurama
oxygen,0.0041685610736712,en,futurama
booth,0.0041677586359802,en,futurama
cent,0.0041677586359802,en,futurama
asteroid,0.0041518531201382,en,futurama
fail,0.0041395249192338,en,futurama
hungry,0.0041395249192338,en,futurama
event,0.0041395249192338,en,futurama
murder,0.0041395249192338,en,futurama
window,0.0041395249192338,en,futurama
discover,0.0041380511488998,en,futurama
nut,0.0041200785073884,en,futurama
comedy,0.0041148702759841,en,futurama
instal,0.0041112156199954,en,futurama
nude,0.0041106300561419,en,futurama
past,0.0041065191783559,en,futurama
raise,0.0041065191783559,en,futurama
joke,0.0041065191783559,en,futurama
brave,0.0040867765993685,en,futurama
command,0.0040844411748934,en,futurama
transmission,0.0040738203621618,en,futurama
fair,0.0040737850927459,en,futurama
strong,0.0040737850927459,en,futurama
wax,0.0040732647974293,en,futurama
phony,0.0040649134571109,en,futurama
electric,0.0040590965101735,en,futurama
nephew,0.0040590965101735,en,futurama
liquor,0.0040590965101735,en,futurama
bureaucrat,0.004057369365127,en,futurama
titanium,0.004057369365127,en,futurama
oppression,0.0040559223389099,en,futurama
wedding,0.0040537903539939,en,futurama
blank,0.0040509543490902,en,futurama
private,0.0040413182271415,en,futurama
freak,0.004039492215216,en,futurama
crab,0.0040335101268168,en,futurama
celebrity,0.0040238146831916,en,futurama
malfunction,0.0040202242848529,en,futurama
uniform,0.0040178109839635,en,futurama
couch,0.0040178109839635,en,futurama
cheese,0.0040178109839635,en,futurama
sea,0.0040178109839635,en,futurama
colossal,0.004016174320781,en,futurama
cockfight,0.0040135145751399,en,futurama
underarm,0.0040135145751399,en,futurama
huge,0.0040072097980501,en,futurama
extinct,0.0040054248684545,en,futurama
aide,0.0040054248684545,en,futurama
fungus,0.0040054248684545,en,futurama
bum,0.0039990583736113,en,futurama
corn,0.0039990583736113,en,futurama
thou,0.0039939133845522,en,futurama
backwards,0.0039889823184699,en,futurama
boil,0.0039889823184699,en,futurama
holy,0.0039887413043445,en,futurama
mile,0.003975204486595,en,futurama
appear,0.003975204486595,en,futurama
lunch,0.003975204486595,en,futurama
camera,0.003975204486595,en,futurama
bar,0.003975204486595,en,futurama
standard,0.0039566671341504,en,futurama
costume,0.0039545881083285,en,futurama
cure,0.0039525269500087,en,futurama
strike,0.0039434715640717,en,futurama
willing,0.0039434715640717,en,futurama
totally,0.0039434715640717,en,futurama
forward,0.0039434715640717,en,futurama
sacred,0.0039270031663654,en,futurama
abandon,0.0039248858828431,en,futurama
funeral,0.003920372955642,en,futurama
trash,0.003920372955642,en,futurama
justice,0.003920372955642,en,futurama
royal,0.00391676237592,en,futurama
self,0.0039120064331161,en,futurama
fiddle,0.0039059685758703,en,futurama
mineral,0.0039059685758703,en,futurama
tune,0.0038972034749568,en,futurama
heat,0.0038933922486135,en,futurama
comet,0.0038918157909989,en,futurama
parrot,0.0038918157909989,en,futurama
sock,0.003887071007515,en,futurama
tanker,0.0038780672663888,en,futurama
delicious,0.0038649558450675,en,futurama
friendly,0.0038621810723064,en,futurama
remove,0.0038621810723064,en,futurama
hypno,0.0038602437507768,en,futurama
homeworld,0.0038602437507768,en,futurama
skip,0.0038570091652449,en,futurama
tongue,0.0038570091652449,en,futurama
simply,0.0038570091652449,en,futurama
tradition,0.003856977955634,en,futurama
superman,0.0038508807892562,en,futurama
unstoppable,0.0038508807892562,en,futurama
feast,0.0038508807892562,en,futurama
track,0.0038498617297086,en,futurama
cross,0.0038498617297086,en,futurama
slow,0.0038498617297086,en,futurama
completely,0.0038498617297086,en,futurama
handle,0.0038498617297086,en,futurama
coffin,0.0038421835521465,en,futurama
flavor,0.0038421835521465,en,futurama
chum,0.0038333205150405,en,futurama
moose,0.0038333205150405,en,futurama
warm,0.0038312473323475,en,futurama
bill,0.0038312473323475,en,futurama
shankman,0.0038293921843684,en,futurama
ambergris,0.0038293921843684,en,futurama
shnookum,0.0038293921843684,en,futurama
robanukah,0.0038293921843684,en,futurama
decapodian,0.0038293921843684,en,futurama
probulator,0.0038293921843684,en,futurama
ioyalty,0.0038293921843684,en,futurama
defrostee,0.0038293921843684,en,futurama
neutralness,0.0038293921843684,en,futurama
transcredible,0.0038293921843684,en,futurama
kroker,0.0038293921843684,en,futurama
nibblonian,0.0038293921843684,en,futurama
unbendable,0.0038293921843684,en,futurama
bonder,0.0038293921843684,en,futurama
becktionary,0.0038293921843684,en,futurama
omicronian,0.0038293921843684,en,futurama
wornstrum,0.0038293921843684,en,futurama
nappster,0.0038293921843684,en,futurama
poopenmeyer,0.0038293921843684,en,futurama
gorgak,0.0038293921843684,en,futurama
wormulon,0.0038293921843684,en,futurama
seat,0.0038191735244493,en,futurama
loot,0.0038118909936455,en,futurama
parasite,0.0038107059991302,en,futurama
contain,0.0038014879887342,en,futurama
film,0.0038014879887342,en,futurama
switch,0.0038005861398948,en,futurama
desecrate,0.0037978545781524,en,futurama
hologram,0.0037978545781524,en,futurama
pardon,0.0037948639851279,en,futurama
cooking,0.0037888714872547,en,futurama
level,0.0037887358379451,en,futurama
wall,0.0037887358379451,en,futurama
lug,0.0037770331423074,en,futurama
mon,0.0037770331423074,en,futurama
tank,0.0037702533922093,en,futurama
barely,0.0037701927342016,en,futurama
jealous,0.0037642339001372,en,futurama
jacket,0.0037642339001372,en,futurama
busy,0.0037585446131451,en,futurama
figure,0.0037585446131451,en,futurama
file,0.0037400624781801,en,futurama
member,0.0037400624781801,en,futurama
scene,0.0037400624781801,en,futurama
nervous,0.0037400624781801,en,futurama
meal,0.0037338914258246,en,futurama
gather,0.0037338914258246,en,futurama
hideous,0.0037327122978523,en,futurama
huzzah,0.0037274745236228,en,futurama
collider,0.0037274745236228,en,futurama
board,0.0037101908541553,en,futurama
possibly,0.0037101908541553,en,futurama
quarter,0.003703831211177,en,futurama
crawl,0.003703831211177,en,futurama
insane,0.003703831211177,en,futurama
dummy,0.0037000940579958,en,futurama
tasty,0.0037000940579958,en,futurama
park,0.0036805734598003,en,futurama
green,0.0036805734598003,en,futurama
primitive,0.0036796746480724,en,futurama
celebrate,0.0036740480531397,en,futurama
nuclear,0.0036659383176863,en,futurama
jungle,0.0036659383176863,en,futurama
rocket,0.003658013348356,en,futurama
aye,0.0036576624675414,en,futurama
dress,0.0036512060042417,en,futurama
silence,0.0036484864153926,en,futurama
dirt,0.0036484864153926,en,futurama
awake,0.0036445368912114,en,futurama
bank,0.0036445368912114,en,futurama
poop,0.0036377446332347,en,futurama
iron,0.0036325335236454,en,futurama
shark,0.0036263475622453,en,futurama
kitty,0.0036211736552549,en,futurama
millennium,0.0036198944280153,en,futurama
crotch,0.0036198944280153,en,futurama
whee,0.0036103637655562,en,futurama
miniskirt,0.0036103637655562,en,futurama
zero,0.0035968012991242,en,futurama
nonsense,0.0035950800984805,en,futurama
reach,0.0035932042810614,en,futurama
extra,0.0035932042810614,en,futurama
owe,0.0035932042810614,en,futurama
interested,0.0035932042810614,en,futurama
grand,0.0035863109957131,en,futurama
rotten,0.0035853423349483,en,futurama
beck,0.0035709904285607,en,futurama
choose,0.0035645619561527,en,futurama
ground,0.0035645619561527,en,futurama
dangerous,0.0035645619561527,en,futurama
display,0.0035642010604675,en,futurama
internet,0.0035603161525337,en,futurama
settle,0.0035575868086084,en,futurama
crack,0.0035575868086084,en,futurama
earn,0.0035575868086084,en,futurama
gutter,0.003556799274972,en,futurama
darn,0.003556799274972,en,futurama
radiation,0.0035501452307131,en,futurama
fetch,0.0035501452307131,en,futurama
prize,0.0035428761913119,en,futurama
hooker,0.0035343028497288,en,futurama
notch,0.0035343028497288,en,futurama
coma,0.0035337009159227,en,futurama
distract,0.0035314958634758,en,futurama
blind,0.0035291157013309,en,futurama
blame,0.0035291157013309,en,futurama
load,0.0035291157013309,en,futurama
blue,0.0035291157013309,en,futurama
damage,0.0035291157013309,en,futurama
hubert,0.0035270290771806,en,futurama
malachi,0.0035270290771806,en,futurama
noticeably,0.0035270290771806,en,futurama
ener,0.0035270290771806,en,futurama
neptunian,0.0035270290771806,en,futurama
fing,0.0035270290771806,en,futurama
jockey,0.0035236392021316,en,futurama
simulate,0.0035236392021316,en,futurama
smelly,0.0035236392021316,en,futurama
inventor,0.0035236392021316,en,futurama
buttock,0.0035205172019924,en,futurama
oop,0.0035155602811618,en,futurama
pipe,0.0035136320232077,en,futurama
key,0.0035079749722688,en,futurama
trust,0.0035079749722688,en,futurama
declare,0.0035035704792085,en,futurama
spin,0.0035029513708873,en,futurama
hire,0.0035008932531872,en,futurama
mistake,0.0034800228313768,en,futurama
outrage,0.0034777451701089,en,futurama
army,0.0034746774462805,en,futurama
deadly,0.003473800894726,en,futurama
jar,0.003473800894726,en,futurama
cop,0.0034729151583101,en,futurama
gag,0.0034712801600706,en,futurama
lick,0.0034712801600706,en,futurama
mindless,0.0034598776001152,en,futurama
role,0.0034560656095252,en,futurama
storm,0.0034466690084535,en,futurama
natural,0.0034466690084535,en,futurama
tall,0.0034466690084535,en,futurama
chicken,0.0034466690084535,en,futurama
opinion,0.0034451772217157,en,futurama
explosion,0.0034443836212913,en,futurama
wreck,0.0034443836212913,en,futurama
sucker,0.0034443836212913,en,futurama
headquarters,0.0034420316580587,en,futurama
specie,0.003440422325537,en,futurama
wheel,0.0034189211180095,en,futurama
dare,0.0034189211180095,en,futurama
wine,0.0034189211180095,en,futurama
grant,0.0034189211180095,en,futurama
cash,0.0034176753555288,en,futurama
laundry,0.0034153104174252,en,futurama
starship,0.0034108384507572,en,futurama
interstellar,0.0034108384507572,en,futurama
legendary,0.0034053984857153,en,futurama
coworker,0.0034053984857153,en,futurama
outdated,0.0034020594870704,en,futurama
blob,0.0034020594870704,en,futurama
toss,0.0033996862171999,en,futurama
apology,0.0033914289721289,en,futurama
trick,0.0033904055753673,en,futurama
fit,0.0033904055753673,en,futurama
blah,0.0033829388492125,en,futurama
mode,0.0033829388492125,en,futurama
gum,0.003379954927458,en,futurama
attract,0.0033719265508169,en,futurama
hippie,0.0033695206905992,en,futurama
millionaire,0.0033695206905992,en,futurama
college,0.0033641878995798,en,futurama
calm,0.0033633639968775,en,futurama
tough,0.0033633639968775,en,futurama
usually,0.0033633639968775,en,futurama
ill,0.0033581646686364,en,futurama
fuzzy,0.0033511208188151,en,futurama
tremble,0.0033479730650317,en,futurama
underpant,0.0033479730650317,en,futurama
farewell,0.0033479730650317,en,futurama
cuddly,0.0033468119339842,en,futurama
biologist,0.0033468119339842,en,futurama
pollution,0.0033468119339842,en,futurama
defective,0.0033468119339842,en,futurama
chair,0.0033371933559544,en,futurama
base,0.0033365468324141,en,futurama
seriously,0.0033365468324141,en,futurama
bother,0.0033365468324141,en,futurama
jazz,0.0033343677492389,en,futurama
stupider,0.0033243237140391,en,futurama
chaz,0.0033243237140391,en,futurama
fluid,0.0033210789628692,en,futurama
landing,0.0033198038806403,en,futurama
sheep,0.0033198038806403,en,futurama
gasp,0.0033198038806403,en,futurama
plead,0.0033198038806403,en,futurama
pure,0.003317238654774,en,futurama
ganglion,0.0033124990385427,en,futurama
blooper,0.0033124990385427,en,futurama
wang,0.0033124990385427,en,futurama
weight,0.0033104409191198,en,futurama
town,0.003309950387856,en,futurama
daughter,0.003309950387856,en,futurama
personal,0.003309950387856,en,futurama
protect,0.003309950387856,en,futurama
promise,0.003309950387856,en,futurama
tragic,0.003302303203314,en,futurama
humiliating,0.0032999109516829,en,futurama
proposition,0.0032999109516829,en,futurama
spore,0.0032939160661727,en,futurama
takeover,0.0032939160661727,en,futurama
religion,0.0032922120135204,en,futurama
fatal,0.0032889724959963,en,futurama
evening,0.0032839262848693,en,futurama
bat,0.0032748362874481,en,futurama
bounce,0.0032748362874481,en,futurama
locker,0.0032748362874481,en,futurama
mafia,0.0032673351374104,en,futurama
beach,0.0032636231398226,en,futurama
spirit,0.0032636231398226,en,futurama
sentence,0.0032636231398226,en,futurama
nope,0.0032636231398226,en,futurama
restaurant,0.0032636231398226,en,futurama
angry,0.003257645262767,en,futurama
officer,0.003257645262767,en,futurama
dry,0.003257645262767,en,futurama
floor,0.0032574053313924,en,futurama
consider,0.0032574053313924,en,futurama
nap,0.003247669562464,en,futurama
product,0.003247669562464,en,futurama
colon,0.0032431798258324,en,futurama
naked,0.0032372045415195,en,futurama
toast,0.0032372045415195,en,futurama
miracle,0.0032372045415195,en,futurama
student,0.0032372045415195,en,futurama
organ,0.0032355720886324,en,futurama
excellent,0.0032315937721728,en,futurama
heavy,0.0032315937721728,en,futurama
eve,0.0032287077484782,en,futurama
cutie,0.0032285943006649,en,futurama
refund,0.0032285943006649,en,futurama
object,0.0032207965375563,en,futurama
wallet,0.0032207965375563,en,futurama
ghost,0.0032110387566467,en,futurama
killing,0.0032077809544207,en,futurama
plenty,0.0032057678384401,en,futurama
preserve,0.003199246698889,en,futurama
aphrodisiac,0.0031944337625338,en,futurama
chop,0.0031942109301888,en,futurama
orbit,0.0031908343507396,en,futurama
tomb,0.0031908343507396,en,futurama
button,0.0031851209924238,en,futurama
language,0.0031851209924238,en,futurama
incredible,0.0031851209924238,en,futurama
penny,0.0031803308243305,en,futurama
tub,0.0031803308243305,en,futurama
emergency,0.003180163589276,en,futurama
mutiny,0.0031710528896759,en,futurama
humanoid,0.0031710528896759,en,futurama
brig,0.0031710528896759,en,futurama
oily,0.0031710528896759,en,futurama
duty,0.0031594465910824,en,futurama
station,0.0031547772512574,en,futurama
disk,0.0031540068412049,en,futurama
gigantic,0.0031540068412049,en,futurama
stench,0.0031540068412049,en,futurama
bake,0.0031532134312877,en,futurama
belly,0.0031532134312877,en,futurama
hull,0.0031475276185895,en,futurama
unspoiled,0.0031460966128468,en,futurama
halley,0.0031460966128468,en,futurama
diggity,0.0031460966128468,en,futurama
treetops,0.0031460966128468,en,futurama
blotto,0.0031460966128468,en,futurama
repay,0.0031416025330923,en,futurama
traditional,0.0031416025330923,en,futurama
academy,0.0031371745430797,en,futurama
juicy,0.0031371745430797,en,futurama
challenge,0.0031340110248421,en,futurama
serve,0.0031296051464928,en,futurama
anti,0.0031264208052534,en,futurama
calculation,0.0031180668284869,en,futurama
backup,0.0031161187300694,en,futurama
ironic,0.0031133951881627,en,futurama
discount,0.0031133951881627,en,futurama
depth,0.0031133951881627,en,futurama
risk,0.0031046436894254,en,futurama
pack,0.0031046436894254,en,futurama
monique,0.0031024538131111,en,futurama
slurp,0.0031024538131111,en,futurama
octopus,0.0031024538131111,en,futurama
bologna,0.0031024538131111,en,futurama
prophecy,0.0031023275357188,en,futurama
snake,0.0030999452591622,en,futurama
ordinary,0.0030999452591622,en,futurama
pill,0.0030906238338181,en,futurama
bore,0.0030906238338181,en,futurama
dna,0.0030855823645072,en,futurama
pray,0.0030838389079481,en,futurama
tail,0.0030838389079481,en,futurama
leader,0.0030838389079481,en,futurama
appreciate,0.0030798893837669,en,futurama
amazing,0.0030798893837669,en,futurama
shocking,0.0030761152460166,en,futurama
puff,0.0030761152460166,en,futurama
personality,0.0030737793756827,en,futurama
deck,0.0030737793756827,en,futurama
log,0.0030653877734699,en,futurama
beauty,0.0030653877734699,en,futurama
effect,0.0030590939096249,en,futurama
nail,0.0030590939096249,en,futurama
burp,0.0030587137521022,en,futurama
trek,0.0030587137521022,en,futurama
odor,0.0030587137521022,en,futurama
identical,0.0030581531782551,en,futurama
singing,0.0030581531782551,en,futurama
spoon,0.0030581531782551,en,futurama
draw,0.0030553388195594,en,futurama
billion,0.0030486850928332,en,futurama
tale,0.0030479159947436,en,futurama
cow,0.0030479159947436,en,futurama
fruit,0.0030479159947436,en,futurama
shrimp,0.0030463707368266,en,futurama
surgery,0.0030404053461605,en,futurama
quality,0.0030404053461605,en,futurama
castle,0.0030310971898038,en,futurama
information,0.0030309886703561,en,futurama
early,0.0030309886703561,en,futurama
weigh,0.0030223482017728,en,futurama
cruel,0.0030223482017728,en,futurama
whoop,0.0030171261590913,en,futurama
honorable,0.0030171261590913,en,futurama
mirror,0.00301567150434,en,futurama
screen,0.00301567150434,en,futurama
magnetic,0.0030151682136397,en,futurama
chairman,0.0030151682136397,en,futurama
shirt,0.0030102657611302,en,futurama
guest,0.0030102657611302,en,futurama
plant,0.0030102657611302,en,futurama
skintight,0.0030101359313549,en,futurama
fabled,0.0030101359313549,en,futurama
stately,0.0030101359313549,en,futurama
rubbery,0.0030101359313549,en,futurama
swear,0.0030068356905161,en,futurama
dignity,0.0030044043799627,en,futurama
soup,0.0029970693166004,en,futurama
cookie,0.0029970693166004,en,futurama
mental,0.0029970693166004,en,futurama
alcohol,0.002991181349652,en,futurama
route,0.002991181349652,en,futurama
success,0.002991181349652,en,futurama
scope,0.0029883649850029,en,futurama
thinking,0.0029861748242031,en,futurama
process,0.0029861748242031,en,futurama
regular,0.0029861748242031,en,futurama
morning,0.0029828767126087,en,futurama
construct,0.0029823880291297,en,futurama
theater,0.0029780651276788,en,futurama
raccoon,0.0029758253571339,en,futurama
merciful,0.0029758253571339,en,futurama
coat,0.0029669301271114,en,futurama
drunk,0.0029622942911584,en,futurama
proof,0.0029622942911584,en,futurama
rip,0.0029622942911584,en,futurama
direction,0.0029622942911584,en,futurama
delete,0.0029600714930609,en,futurama
witch,0.0029520701892171,en,futurama
artificial,0.0029503128497646,en,futurama
impulsive,0.0029503128497646,en,futurama
commence,0.0029503128497646,en,futurama
guinea,0.0029503128497646,en,futurama
crook,0.0029503128497646,en,futurama
ditch,0.0029473526587033,en,futurama
grandfather,0.0029473526587033,en,futurama
intend,0.0029429132195632,en,futurama
congratulation,0.00293862051857,en,futurama
rid,0.00293862051857,en,futurama
continue,0.00293862051857,en,futurama
idiotic,0.0029363660017763,en,futurama
gill,0.0029363660017763,en,futurama
deactivate,0.0029363660017763,en,futurama
statue,0.0029322307164632,en,futurama
vice,0.0029264106786848,en,futurama
bitter,0.0029264106786848,en,futurama
dish,0.0029229026062176,en,futurama
upside,0.0029229026062176,en,futurama
lunar,0.0029211729044553,en,futurama
wondrous,0.0029211729044553,en,futurama
ribbon,0.002918912987756,en,futurama
twice,0.0029151499568363,en,futurama
introduce,0.0029151499568363,en,futurama
warn,0.0029151499568363,en,futurama
drug,0.0029151499568363,en,futurama
offensive,0.0029048283955603,en,futurama
eagle,0.0029048283955603,en,futurama
technical,0.0029048283955603,en,futurama
fame,0.0029048283955603,en,futurama
salt,0.0028987168838006,en,futurama
wad,0.0028981209750907,en,futurama
cholesterol,0.0028981209750907,en,futurama
toad,0.0028981209750907,en,futurama
owner,0.0028955645385671,en,futurama
stomach,0.0028955645385671,en,futurama
rent,0.0028955645385671,en,futurama
mood,0.0028955645385671,en,futurama
queen,0.0028955645385671,en,futurama
neutrino,0.0028951828130826,en,futurama
hedonism,0.0028951828130826,en,futurama
holographic,0.0028951828130826,en,futurama
suppository,0.0028951828130826,en,futurama
implosion,0.0028951828130826,en,futurama
whaler,0.0028951828130826,en,futurama
dicaprio,0.0028951828130826,en,futurama
edna,0.0028951828130826,en,futurama
sake,0.0028918791469859,en,futurama
type,0.0028918791469859,en,futurama
balloon,0.0028778509339968,en,futurama
gotcha,0.0028760640787844,en,futurama
chamber,0.0028760640787844,en,futurama
meter,0.0028760640787844,en,futurama
reveal,0.0028747898371699,en,futurama
wood,0.0028722241737112,en,futurama
target,0.0028722241737112,en,futurama
beg,0.0028688047176184,en,futurama
interest,0.0028688047176184,en,futurama
difference,0.0028688047176184,en,futurama
obvious,0.0028688047176184,en,futurama
trip,0.0028688047176184,en,futurama
security,0.0028688047176184,en,futurama
cryogenic,0.0028674142860411,en,futurama
salty,0.0028610177631817,en,futurama
harmless,0.002851360848374,en,futurama
reception,0.002851360848374,en,futurama
beam,0.0028512853582005,en,futurama
eyeball,0.0028512853582005,en,futurama
reverse,0.0028511159915507,en,futurama
sin,0.0028511159915507,en,futurama
deny,0.0028491009316746,en,futurama
obviously,0.0028459233819732,en,futurama
hover,0.0028284951014425,en,futurama
booze,0.0028269607327382,en,futurama
suicide,0.0028261908101074,en,futurama
usual,0.0028261908101074,en,futurama
turkey,0.0028251192799185,en,futurama
bid,0.0028251192799185,en,futurama
controversial,0.0028249901595588,en,futurama
pleasure,0.0028232319351196,en,futurama
mess,0.0028232319351196,en,futurama
service,0.0028232319351196,en,futurama
cavern,0.0028164137615939,en,futurama
moderately,0.0028164137615939,en,futurama
trail,0.0028045068570624,en,futurama
customer,0.0028045068570624,en,futurama
function,0.0028045068570624,en,futurama
collect,0.0028034899163165,en,futurama
jury,0.0028028563833668,en,futurama
whistle,0.0028028563833668,en,futurama
lock,0.0028007272512628,en,futurama
fur,0.0027995342233892,en,futurama
grandchild,0.0027995342233892,en,futurama
parcheesi,0.0027956058927171,en,futurama
overlord,0.0027956058927171,en,futurama
gargoyle,0.0027956058927171,en,futurama
droid,0.0027956058927171,en,futurama
voil,0.0027899775541931,en,futurama
heap,0.0027899775541931,en,futurama
constitution,0.0027899775541931,en,futurama
unbearable,0.0027899775541931,en,futurama
darling,0.0027815614504363,en,futurama
someday,0.0027815614504363,en,futurama
wise,0.0027815614504363,en,futurama
center,0.0027809944632954,en,futurama
launch,0.0027790407157808,en,futurama
achieve,0.0027790407157808,en,futurama
grandmother,0.0027790407157808,en,futurama
reasonable,0.0027790407157808,en,futurama
scrape,0.0027739387838798,en,futurama
lemon,0.0027739387838798,en,futurama
popcorn,0.0027739387838798,en,futurama
culprit,0.0027679020800921,en,futurama
calculator,0.0027679020800921,en,futurama
spock,0.0027679020800921,en,futurama
fece,0.0027679020800921,en,futurama
handsome,0.0027588489961229,en,futurama
mail,0.0027587007659332,en,futurama
powerful,0.0027587007659332,en,futurama
wire,0.0027587007659332,en,futurama
total,0.0027587007659332,en,futurama
soft,0.0027587007659332,en,futurama
dripping,0.0027559243200034,en,futurama
wuss,0.0027559243200034,en,futurama
corpse,0.0027555068970331,en,futurama
mug,0.0027555068970331,en,futurama
horror,0.0027489022164558,en,futurama
vast,0.0027432468506561,en,futurama
mild,0.0027432468506561,en,futurama
recognize,0.0027366052373911,en,futurama
part,0.0027366052373911,en,futurama
hook,0.0027366052373911,en,futurama
apologize,0.0027366052373911,en,futurama
guilty,0.0027366052373911,en,futurama
fantasy,0.0027363648115445,en,futurama
bowl,0.0027363648115445,en,futurama
disgusting,0.0027363648115445,en,futurama
truth,0.0027343036532246,en,futurama
expect,0.0027343036532246,en,futurama
interfere,0.0027322483339402,en,futurama
debate,0.0027242207896424,en,futurama
defendant,0.0027227792811753,en,futurama
enslave,0.0027216475896563,en,futurama
morris,0.0027216475896563,en,futurama
wooden,0.0027158802414412,en,futurama
odd,0.0027147043856391,en,futurama
lovely,0.0027147043856391,en,futurama
credit,0.0027147043856391,en,futurama
closet,0.002714104353906,en,futurama
victory,0.0027092586619943,en,futurama
courage,0.0027092586619943,en,futurama
betsy,0.0027077728241671,en,futurama
stickup,0.0027077728241671,en,futurama
seduce,0.0026998845689438,en,futurama
bury,0.002692994810144,en,futurama
strip,0.0026920632146868,en,futurama
chick,0.0026920632146868,en,futurama
tickle,0.0026890067512112,en,futurama
lovable,0.0026774495471873,en,futurama
senile,0.0026774495471873,en,futurama
torpedo,0.0026774495471873,en,futurama
outlook,0.0026774495471873,en,futurama
invite,0.0026714731987,en,futurama
tour,0.0026702371144003,en,futurama
nuts,0.0026702371144003,en,futurama
lip,0.0026702371144003,en,futurama
ancestor,0.0026590286256163,en,futurama
mumble,0.0026590286256163,en,futurama
donkey,0.0026590286256163,en,futurama
freshen,0.0026590286256163,en,futurama
mud,0.0026522100410783,en,futurama
bucket,0.0026522100410783,en,futurama
arrest,0.0026501363243967,en,futurama
pressure,0.0026501363243967,en,futurama
grave,0.0026486218976068,en,futurama
band,0.0026486218976068,en,futurama
brand,0.0026486218976068,en,futurama
gay,0.0026418425626512,en,futurama
slightly,0.0026418425626512,en,futurama
pork,0.0026366702108713,en,futurama
revert,0.0026351328529382,en,futurama
boiler,0.0026351328529382,en,futurama
dome,0.0026351328529382,en,futurama
detonation,0.0026351328529382,en,futurama
liftoff,0.0026292034670211,en,futurama
splenic,0.0026292034670211,en,futurama
futuristic,0.0026292034670211,en,futurama
antic,0.0026292034670211,en,futurama
coliseum,0.0026292034670211,en,futurama
witness,0.0026289810427145,en,futurama
breathe,0.0026289810427145,en,futurama
press,0.0026289810427145,en,futurama
honest,0.0026289810427145,en,futurama
add,0.0026289810427145,en,futurama
avoid,0.0026289810427145,en,futurama
mob,0.0026288538324673,en,futurama
university,0.0026288538324673,en,futurama
cattle,0.0026283390343374,en,futurama
technically,0.0026272135281654,en,futurama
wipe,0.0026272135281654,en,futurama
flesh,0.0026272135281654,en,futurama
mystery,0.0026272135281654,en,futurama
pity,0.0026198690299584,en,futurama
shed,0.0026198690299584,en,futurama
shelter,0.0026198690299584,en,futurama
bunch,0.002608004288744,en,futurama
boss,0.002608004288744,en,futurama
character,0.0026060080847103,en,futurama
sale,0.0026060080847103,en,futurama
require,0.0026060080847103,en,futurama
exhaust,0.0026058069867189,en,futurama
lion,0.0026058069867189,en,futurama
swan,0.0025983890237391,en,futurama
poisonous,0.0025983890237391,en,futurama
sicken,0.0025945438606659,en,futurama
paradox,0.0025945438606659,en,futurama
public,0.0025872030745211,en,futurama
glass,0.0025872030745211,en,futurama
release,0.0025872030745211,en,futurama
beloved,0.002586108136364,en,futurama
leaf,0.002586108136364,en,futurama
pirate,0.002586108136364,en,futurama
stone,0.0025850017563401,en,futurama
chocolate,0.002576637230045,en,futurama
slice,0.002576637230045,en,futurama
coward,0.002576637230045,en,futurama
elder,0.0025691437850887,en,futurama
ignorant,0.0025691437850887,en,futurama
astronaut,0.0025691437850887,en,futurama
shower,0.0025641908385071,en,futurama
defend,0.0025641908385071,en,futurama
professional,0.0025641908385071,en,futurama
print,0.0025641908385071,en,futurama
logical,0.002561455701431,en,futurama
eternal,0.002561455701431,en,futurama
purple,0.0025606093438492,en,futurama
whiplash,0.0025581288380679,en,futurama
lordy,0.0025581288380679,en,futurama
putrid,0.0025581288380679,en,futurama
louvre,0.0025581288380679,en,futurama
daffodil,0.0025581288380679,en,futurama
gumbo,0.0025581288380679,en,futurama
beastie,0.0025581288380679,en,futurama
tutu,0.0025581288380679,en,futurama
tedious,0.002555547010027,en,futurama
lava,0.002555547010027,en,futurama
inhabit,0.002555547010027,en,futurama
drain,0.002555368744151,en,futurama
item,0.002555368744151,en,futurama
lasty,0.0025529281229123,en,futurama
odelay,0.0025529281229123,en,futurama
roseanne,0.0025529281229123,en,futurama
spidarian,0.0025529281229123,en,futurama
sploder,0.0025529281229123,en,futurama
cashbone,0.0025529281229123,en,futurama
gadzook,0.0025529281229123,en,futurama
stroyer,0.0025529281229123,en,futurama
cweam,0.0025529281229123,en,futurama
pimpmobile,0.0025529281229123,en,futurama
chumpette,0.0025529281229123,en,futurama
mcwhisker,0.0025529281229123,en,futurama
thuban,0.0025529281229123,en,futurama
cryogenicist,0.0025529281229123,en,futurama
lamprey,0.0025529281229123,en,futurama
tinkler,0.0025529281229123,en,futurama
humorbot,0.0025529281229123,en,futurama
tweeni,0.0025529281229123,en,futurama
petridge,0.0025529281229123,en,futurama
chronograph,0.0025529281229123,en,futurama
cyris,0.0025529281229123,en,futurama
limboe,0.0025529281229123,en,futurama
nintendu,0.0025529281229123,en,futurama
vergon,0.0025529281229123,en,futurama
alienese,0.0025529281229123,en,futurama
janeway,0.0025529281229123,en,futurama
packman,0.0025529281229123,en,futurama
lollypop,0.0025529281229123,en,futurama
hubie,0.0025529281229123,en,futurama
hovercopter,0.0025529281229123,en,futurama
mightiness,0.0025529281229123,en,futurama
kronaton,0.0025529281229123,en,futurama
robosexuality,0.0025529281229123,en,futurama
floozie,0.0025529281229123,en,futurama
cyclopia,0.0025529281229123,en,futurama
manwich,0.0025529281229123,en,futurama
lunkas,0.0025529281229123,en,futurama
funderful,0.0025529281229123,en,futurama
ioyal,0.0025529281229123,en,futurama
gleesh,0.0025529281229123,en,futurama
bendere,0.0025529281229123,en,futurama
wingus,0.0025529281229123,en,futurama
kajigger,0.0025529281229123,en,futurama
moocher,0.0025529281229123,en,futurama
bobsledder,0.0025529281229123,en,futurama
septuple,0.0025529281229123,en,futurama
tapir,0.0025529281229123,en,futurama
never,0.0025529281229123,en,futurama
kify,0.0025529281229123,en,futurama
jerkwad,0.0025529281229123,en,futurama
zoidbee,0.0025529281229123,en,futurama
edner,0.0025529281229123,en,futurama
veracruz,0.0025529281229123,en,futurama
decaying,0.0025529281229123,en,futurama
uecker,0.0025529281229123,en,futurama
gizmometer,0.0025529281229123,en,futurama
quizblorg,0.0025529281229123,en,futurama
yodel,0.0025529281229123,en,futurama
shubah,0.0025529281229123,en,futurama
kinna,0.0025529281229123,en,futurama
galpago,0.0025529281229123,en,futurama
quatloos,0.0025529281229123,en,futurama
wessel,0.0025529281229123,en,futurama
mobootu,0.0025529281229123,en,futurama
blernsballer,0.0025529281229123,en,futurama
hypnotoad,0.0025529281229123,en,futurama
accord,0.0025461156829662,en,futurama
weapon,0.0025461156829662,en,futurama
inside,0.0025461156829662,en,futurama
apparently,0.0025461156829662,en,futurama
value,0.0025435717290967,en,futurama
pool,0.0025435717290967,en,futurama
mysterious,0.0025384432935717,en,futurama
bath,0.0025343253258228,en,futurama
mountain,0.0025343253258228,en,futurama
host,0.0025343253258228,en,futurama
report,0.0025258238919634,en,futurama
definitely,0.0025258238919634,en,futurama
middle,0.0025258238919634,en,futurama
scratch,0.0025231409246848,en,futurama
direct,0.0025231409246848,en,futurama
speech,0.0025231409246848,en,futurama
purity,0.0025180220948716,en,futurama
mating,0.0025180220948716,en,futurama
intellect,0.0025180220948716,en,futurama
grandma,0.0025165560689363,en,futurama
calendar,0.0025165560689363,en,futurama
intelligence,0.0025165560689363,en,futurama
drinking,0.0025135022614729,en,futurama
zone,0.0025135022614729,en,futurama
pervert,0.0025133406141113,en,futurama
singer,0.0025133406141113,en,futurama
sweaty,0.0025133406141113,en,futurama
gangster,0.0025126401780331,en,futurama
disregard,0.0025126401780331,en,futurama
filth,0.0025126401780331,en,futurama
husband,0.0025056964087634,en,futurama
street,0.0025056964087634,en,futurama
image,0.0025028950169658,en,futurama
punch,0.0025028950169658,en,futurama
patient,0.0025028950169658,en,futurama
refuse,0.0025028950169658,en,futurama
wild,0.0025028950169658,en,futurama
chest,0.0025028950169658,en,futurama
shift,0.0025028950169658,en,futurama
scary,0.0025028950169658,en,futurama
fighter,0.0024949407423272,en,futurama
commercial,0.0024949407423272,en,futurama
golden,0.0024949407423272,en,futurama
powder,0.0024949407423272,en,futurama
legalize,0.0024932427855293,en,futurama
mathematically,0.0024932427855293,en,futurama
symposium,0.0024932427855293,en,futurama
gritty,0.0024932427855293,en,futurama
zinc,0.0024932427855293,en,futurama
commencing,0.0024932427855293,en,futurama
impress,0.0024928949840555,en,futurama
register,0.0024928949840555,en,futurama
pump,0.0024928949840555,en,futurama
beard,0.0024898529104802,en,futurama
lottery,0.0024898529104802,en,futurama
olympic,0.0024853233576081,en,futurama
skill,0.0024828306893398,en,futurama
boyfriend,0.0024828306893398,en,futurama
major,0.0024828306893398,en,futurama
riddance,0.002481862028575,en,futurama
algebra,0.002481862028575,en,futurama
amusement,0.002481862028575,en,futurama
rot,0.0024735906411459,en,futurama
error,0.0024735906411459,en,futurama
impressed,0.0024724990670544,en,futurama
experiment,0.0024724990670544,en,futurama
island,0.0024724990670544,en,futurama
basketball,0.0024667293719972,en,futurama
practice,0.002462944713652,en,futurama
beta,0.0024585940414705,en,futurama
bow,0.0024524993354459,en,futurama
chew,0.0024524993354459,en,futurama
indicate,0.0024524993354459,en,futurama
knowledge,0.0024523102187759,en,futurama
patch,0.0024523102187759,en,futurama
voter,0.0024469710016817,en,futurama
dope,0.0024439588784575,en,futurama
maximum,0.0024439588784575,en,futurama
madness,0.0024439588784575,en,futurama
clock,0.0024432339470752,en,futurama
danger,0.0024432339470752,en,futurama
breakfast,0.0024432339470752,en,futurama
prefer,0.0024432339470752,en,futurama
shawn,0.0024335534033459,en,futurama
girdle,0.0024335534033459,en,futurama
rodriguez,0.0024335534033459,en,futurama
spender,0.0024335534033459,en,futurama
pin,0.0024323242769284,en,futurama
treatment,0.0024323242769284,en,futurama
ultimate,0.0024316606263082,en,futurama
execute,0.0024316606263082,en,futurama
cheek,0.0024316606263082,en,futurama
pit,0.0024316606263082,en,futurama
pocket,0.0024236953291296,en,futurama
cup,0.0024236953291296,en,futurama
quickly,0.0024236953291296,en,futurama
scam,0.0024215308113587,en,futurama
virus,0.0024215308113587,en,futurama
obsolete,0.0024132629520102,en,futurama
omega,0.0024132629520102,en,futurama
interface,0.0024132629520102,en,futurama
spew,0.0024132629520102,en,futurama
claus,0.0024132629520102,en,futurama
titanic,0.0024132629520102,en,futurama
adult,0.002412537203472,en,futurama
lap,0.0024110685349039,en,futurama
lad,0.0024068004932851,en,futurama
kitchen,0.00240432587883,en,futurama
mama,0.0023994350241668,en,futurama
wha,0.0023994350241668,en,futurama
vomit,0.0023994350241668,en,futurama
misery,0.0023994350241668,en,futurama
league,0.0023929450797216,en,futurama
singe,0.0023907172921976,en,futurama
thirsty,0.0023907172921976,en,futurama
remote,0.0023907172921976,en,futurama
collapse,0.0023907172921976,en,futurama
wind,0.002385122691957,en,futurama
arrive,0.002385122691957,en,futurama
relationship,0.002385122691957,en,futurama
police,0.002385122691957,en,futurama
static,0.0023816912494563,en,futurama
cartridge,0.0023782896672569,en,futurama
booger,0.0023782896672569,en,futurama
roberto,0.0023782896672569,en,futurama
galactic,0.0023782896672569,en,futurama
pluto,0.0023782896672569,en,futurama
youngster,0.0023782896672569,en,futurama
iove,0.0023782896672569,en,futurama
protestor,0.0023782896672569,en,futurama
slop,0.0023782896672569,en,futurama
analyze,0.0023776618147541,en,futurama
vent,0.0023776618147541,en,futurama
rage,0.002370601329245,en,futurama
upset,0.002366082938443,en,futurama
certain,0.002366082938443,en,futurama
discuss,0.002366082938443,en,futurama
magnet,0.0023570792512021,en,futurama
disgust,0.0023570792512021,en,futurama
capital,0.0023562018998192,en,futurama
warrior,0.0023562018998192,en,futurama
flip,0.0023543305756505,en,futurama
lab,0.0023543305756505,en,futurama
reality,0.0023543305756505,en,futurama
birth,0.0023543305756505,en,futurama
confused,0.0023543305756505,en,futurama
scrunchy,0.0023513527181204,en,futurama
scuffed,0.0023513527181204,en,futurama
wange,0.0023513527181204,en,futurama
invertebrate,0.0023513527181204,en,futurama
fiire,0.0023513527181204,en,futurama
breakdance,0.0023513527181204,en,futurama
fiight,0.0023513527181204,en,futurama
dingus,0.0023513527181204,en,futurama
inauspicious,0.0023513527181204,en,futurama
toboggan,0.0023513527181204,en,futurama
nutley,0.0023513527181204,en,futurama
scooty,0.0023513527181204,en,futurama
stardate,0.0023513527181204,en,futurama
spoken,0.0023513527181204,en,futurama
uhura,0.0023513527181204,en,futurama
europa,0.0023513527181204,en,futurama
icecap,0.0023513527181204,en,futurama
butter,0.0023507152680455,en,futurama
pillow,0.0023507152680455,en,futurama
simulation,0.002349092801421,en,futurama
karate,0.002349092801421,en,futurama
meddle,0.002349092801421,en,futurama
admit,0.0023472038598696,en,futurama
certainly,0.0023472038598696,en,futurama
lonely,0.0023353009139248,en,futurama
stock,0.0023353009139248,en,futurama
net,0.0023353009139248,en,futurama
berry,0.0023329451861577,en,futurama
snore,0.0023329451861577,en,futurama
title,0.0023310539129114,en,futurama
miserable,0.0023310539129114,en,futurama
round,0.002328482767069,en,futurama
whammy,0.0023268403598333,en,futurama
kangaroo,0.0023268403598333,en,futurama
hemp,0.0023268403598333,en,futurama
heist,0.0023184967800726,en,futurama
hoot,0.0023184967800726,en,futurama
meatball,0.0023184967800726,en,futurama
offender,0.0023184967800726,en,futurama
hurl,0.0023184967800726,en,futurama
noise,0.0023164516308536,en,futurama
sport,0.0023164516308536,en,futurama
concert,0.0023141867733804,en,futurama
museum,0.0023141867733804,en,futurama
suggest,0.0023099170378251,en,futurama
toaster,0.0023092708456596,en,futurama
knee,0.002297779338969,en,futurama
highly,0.002297779338969,en,futurama
adopt,0.0022936148836913,en,futurama
shot,0.0022915041146696,en,futurama
yesterday,0.0022915041146696,en,futurama
carry,0.0022915041146696,en,futurama
preposterous,0.0022888142105454,en,futurama
grownup,0.0022888142105454,en,futurama
endure,0.0022860390422134,en,futurama
sporty,0.0022787127468914,en,futurama
gopher,0.0022787127468914,en,futurama
wormhole,0.0022787127468914,en,futurama
moronic,0.0022787127468914,en,futurama
trey,0.0022787127468914,en,futurama
task,0.0022733686937248,en,futurama
cough,0.0022733686937248,en,futurama
violence,0.0022733686937248,en,futurama
wage,0.0022733228923528,en,futurama
shred,0.0022733228923528,en,futurama
satellite,0.0022733228923528,en,futurama
distant,0.0022733228923528,en,futurama
sole,0.0022733228923528,en,futurama
genetic,0.0022733228923528,en,futurama
goose,0.0022733228923528,en,futurama
involve,0.002273241502767,en,futurama
fianc,0.0022632335345343,en,futurama
herd,0.0022632335345343,en,futurama
murderous,0.002259992127647,en,futurama
cetera,0.002259992127647,en,futurama
grim,0.002259992127647,en,futurama
filing,0.002259992127647,en,futurama
retire,0.0022545575762894,en,futurama
tent,0.002253303284972,en,futurama
bell,0.0022427919330532,en,futurama
exact,0.0022427919330532,en,futurama
bust,0.0022427919330532,en,futurama
guide,0.0022359476511321,en,futurama
native,0.0022335488457591,en,futurama
youth,0.0022335488457591,en,futurama
gee,0.0022335488457591,en,futurama
antonio,0.0022335038037347,en,futurama
neuter,0.0022335038037347,en,futurama
seductive,0.0022335038037347,en,futurama
blimp,0.0022335038037347,en,futurama
ballot,0.0022335038037347,en,futurama
divert,0.0022319820433544,en,futurama
dynamite,0.0022319820433544,en,futurama
granny,0.0022319820433544,en,futurama
size,0.0022247955706363,en,futurama
equally,0.0022188407691956,en,futurama
musician,0.0022188407691956,en,futurama
harvest,0.0022188407691956,en,futurama
produce,0.0022175346600949,en,futurama
stuck,0.0022175346600949,en,futurama
flame,0.0022175346600949,en,futurama
mercy,0.0022175346600949,en,futurama
theme,0.0022140526419128,en,futurama
toxic,0.0022140526419128,en,futurama
glow,0.0022140526419128,en,futurama
puke,0.0022140526419128,en,futurama
deaf,0.0022140526419128,en,futurama
circus,0.0022140526419128,en,futurama
pookum,0.0022083326923618,en,futurama
vestment,0.0022083326923618,en,futurama
aol,0.0022083326923618,en,futurama
sugarcane,0.0022083326923618,en,futurama
didst,0.0022083326923618,en,futurama
shatner,0.0022083326923618,en,futurama
vitruvian,0.0022083326923618,en,futurama
blastoff,0.0022083326923618,en,futurama
phooey,0.0022083326923618,en,futurama
sith,0.0022083326923618,en,futurama
ritzy,0.0022083326923618,en,futurama
showboating,0.0022083326923618,en,futurama
bopper,0.0022083326923618,en,futurama
melted,0.0022083326923618,en,futurama
nearly,0.0022069606127465,en,futurama
stage,0.0022069606127465,en,futurama
throat,0.0022069606127465,en,futurama
perfectly,0.0022069606127465,en,futurama
rate,0.0022069606127465,en,futurama
nature,0.0022069606127465,en,futurama
burglar,0.0022047394560027,en,futurama
printer,0.0022047394560027,en,futurama
frenzy,0.0022047394560027,en,futurama
cap,0.0021993144787888,en,futurama
clever,0.0021993144787888,en,futurama
violent,0.0021993144787888,en,futurama
choke,0.0021993144787888,en,futurama
float,0.0021993144787888,en,futurama
goodness,0.0021993144787888,en,futurama
era,0.0021972251757261,en,futurama
rhyme,0.0021972251757261,en,futurama
frequency,0.0021972251757261,en,futurama
chess,0.0021972251757261,en,futurama
rebel,0.0021972251757261,en,futurama
scan,0.0021948080090136,en,futurama
guacamole,0.0021908796783415,en,futurama
reconfigure,0.0021908796783415,en,futurama
sinister,0.0021908796783415,en,futurama
minibar,0.0021908796783415,en,futurama
slip,0.0021892841899128,en,futurama
trade,0.0021892841899128,en,futurama
swing,0.0021812831110486,en,futurama
fin,0.0021782234249402,en,futurama
jumbo,0.0021782234249402,en,futurama
hyper,0.0021782234249402,en,futurama
viewer,0.0021782234249402,en,futurama
monk,0.0021782234249402,en,futurama
lair,0.0021782234249402,en,futurama
hush,0.0021759790977333,en,futurama
stud,0.0021759790977333,en,futurama
scientific,0.0021759790977333,en,futurama
scissor,0.0021759790977333,en,futurama
outer,0.0021759790977333,en,futurama
union,0.0021758085373472,en,futurama
industry,0.0021758085373472,en,futurama
annoying,0.0021758085373472,en,futurama
info,0.0021758085373472,en,futurama
roger,0.0021758085373472,en,futurama
burger,0.0021758085373472,en,futurama
surrender,0.0021758085373472,en,futurama
rise,0.0021717635085113,en,futurama
lover,0.0021634366836726,en,futurama
attitude,0.0021634366836726,en,futurama
employee,0.0021634366836726,en,futurama
electricity,0.0021570480590883,en,futurama
hip,0.0021570480590883,en,futurama
dean,0.0021550901136366,en,futurama
incoming,0.0021550901136366,en,futurama
transmit,0.0021550901136366,en,futurama
drag,0.0021543958481152,en,futurama
study,0.0021543958481152,en,futurama
flower,0.0021543958481152,en,futurama
madman,0.0021523962004433,en,futurama
disco,0.0021523962004433,en,futurama
manly,0.0021523962004433,en,futurama
washing,0.0021523962004433,en,futurama
destruct,0.0021523962004433,en,futurama
jamaican,0.0021505607145308,en,futurama
charisma,0.0021505607145308,en,futurama
nominee,0.0021505607145308,en,futurama
beak,0.0021505607145308,en,futurama
birthing,0.0021505607145308,en,futurama
chlorine,0.0021505607145308,en,futurama
irreversible,0.0021505607145308,en,futurama
dribble,0.0021505607145308,en,futurama
prune,0.0021505607145308,en,futurama
operate,0.0021457714414289,en,futurama
medicine,0.0021457714414289,en,futurama
reservation,0.0021385206362805,en,futurama
adventure,0.0021385206362805,en,futurama
examine,0.0021385206362805,en,futurama
purpose,0.00213717855896,en,futurama
mat,0.0021345464178592,en,futurama
giggle,0.0021345464178592,en,futurama
evolve,0.0021345464178592,en,futurama
starve,0.0021282837423123,en,futurama
failure,0.0021282837423123,en,futurama
radioactive,0.002127222900493,en,futurama
frozen,0.0021202205495536,en,futurama
happiness,0.0021202205495536,en,futurama
fever,0.0021202205495536,en,futurama
surely,0.0021202205495536,en,futurama
liquid,0.0021202205495536,en,futurama
barn,0.0021143367807578,en,futurama
yorker,0.0021123103211954,en,futurama
wasteland,0.0021123103211954,en,futurama
cowardice,0.0021123103211954,en,futurama
mitten,0.0021123103211954,en,futurama
indecent,0.0021123103211954,en,futurama
tofu,0.0021123103211954,en,futurama
ahhh,0.0021123103211954,en,futurama
inhibition,0.0021123103211954,en,futurama
directly,0.002110970053038,en,futurama
basically,0.002110970053038,en,futurama
divorce,0.002110970053038,en,futurama
tight,0.0021031848341716,en,futurama
block,0.0021031848341716,en,futurama
greasy,0.0021026712274699,en,futurama
minus,0.0021026712274699,en,futurama
chore,0.0021026712274699,en,futurama
acting,0.0021026712274699,en,futurama
flawless,0.0021026712274699,en,futurama
audience,0.0021021422875251,en,futurama
temperature,0.0021021422875251,en,futurama
doubloon,0.0020973977418978,en,futurama
eunice,0.0020973977418978,en,futurama
tonk,0.0020973977418978,en,futurama
larva,0.0020973977418978,en,futurama
clunker,0.0020973977418978,en,futurama
unfrozen,0.0020973977418978,en,futurama
trotter,0.0020973977418978,en,futurama
humdrum,0.0020973977418978,en,futurama
fon,0.0020973977418978,en,futurama
trevi,0.0020973977418978,en,futurama
poopsie,0.0020973977418978,en,futurama
sunbeam,0.0020973977418978,en,futurama
showmanship,0.0020973977418978,en,futurama
nightmarish,0.0020973977418978,en,futurama
matic,0.0020973977418978,en,futurama
mistreatment,0.0020973977418978,en,futurama
anthology,0.0020973977418978,en,futurama
balderdash,0.0020973977418978,en,futurama
pert,0.0020973977418978,en,futurama
hubba,0.0020973977418978,en,futurama
snowmobile,0.0020973977418978,en,futurama
vittle,0.0020973977418978,en,futurama
stinging,0.0020973977418978,en,futurama
vinaigrette,0.0020973977418978,en,futurama
aftertaste,0.0020973977418978,en,futurama
unbeliever,0.0020973977418978,en,futurama
grayish,0.0020973977418978,en,futurama
antique,0.0020944505117594,en,futurama
river,0.0020938269447564,en,futurama
progress,0.0020938269447564,en,futurama
yell,0.0020938269447564,en,futurama
lack,0.0020938269447564,en,futurama
cheat,0.0020938269447564,en,futurama
issue,0.0020864034309952,en,futurama
country,0.0020864034309952,en,futurama
responsible,0.0020864034309952,en,futurama
dough,0.0020787112189913,en,futurama
cuddle,0.0020787112189913,en,futurama
clam,0.0020787112189913,en,futurama
muscle,0.002076851088978,en,futurama
nasty,0.002076851088978,en,futurama
snail,0.0020759265600691,en,futurama
saturn,0.0020759265600691,en,futurama
supreme,0.0020759265600691,en,futurama
sitcom,0.0020759265600691,en,futurama
honorary,0.0020759265600691,en,futurama
molten,0.0020759265600691,en,futurama
outraged,0.0020759265600691,en,futurama
imaginable,0.0020759265600691,en,futurama
layer,0.0020748774254002,en,futurama
software,0.0020748774254002,en,futurama
corner,0.0020697624596169,en,futurama
prayer,0.0020666301727748,en,futurama
easily,0.0020600392536942,en,futurama
clue,0.0020600392536942,en,futurama
janitor,0.0020556078099977,en,futurama
convert,0.0020556078099977,en,futurama
protest,0.0020556078099977,en,futurama
harness,0.0020553150280709,en,futurama
malt,0.0020553150280709,en,futurama
dunk,0.0020553150280709,en,futurama
imagine,0.0020532595891779,en,futurama
worried,0.0020532595891779,en,futurama
champagne,0.0020491862504551,en,futurama
sweetie,0.0020433882996842,en,futurama
truck,0.0020433882996842,en,futurama
yap,0.0020412356922422,en,futurama
urinal,0.0020412356922422,en,futurama
warranty,0.0020412356922422,en,futurama
consummate,0.0020412356922422,en,futurama
godzilla,0.0020412356922422,en,futurama
meek,0.0020412356922422,en,futurama
yarn,0.0020412356922422,en,futurama
state,0.0020368925463729,en,futurama
precisely,0.0020366323987146,en,futurama
install,0.0020324567285554,en,futurama
assassinate,0.0020324567285554,en,futurama
goon,0.0020324567285554,en,futurama
groove,0.0020324567285554,en,futurama
learning,0.0020324567285554,en,futurama
heater,0.0020324567285554,en,futurama
asylum,0.0020324567285554,en,futurama
inspire,0.0020319439964957,en,futurama
competition,0.0020319439964957,en,futurama
pilot,0.0020319439964957,en,futurama
previous,0.0020319439964957,en,futurama
fella,0.0020319439964957,en,futurama
thousand,0.0020268951769969,en,futurama
road,0.0020206591135707,en,futurama
mobile,0.0020179423427989,en,futurama
demon,0.0020179423427989,en,futurama
gym,0.0020148988011818,en,futurama
core,0.0020148988011818,en,futurama
boat,0.0020105569215979,en,futurama
gain,0.0020105569215979,en,futurama
replace,0.0020105569215979,en,futurama
badly,0.0020105569215979,en,futurama
legal,0.0020105569215979,en,futurama
rust,0.0020101121424264,en,futurama
cape,0.0020101121424264,en,futurama
wiggle,0.0020101121424264,en,futurama
swarm,0.0020101121424264,en,futurama
blooded,0.0020101121424264,en,futurama
triumph,0.0020101121424264,en,futurama
wink,0.0020101121424264,en,futurama
crocodile,0.0020080871603905,en,futurama
ceremonial,0.0020080871603905,en,futurama
gizmo,0.0020080871603905,en,futurama
binary,0.0020080871603905,en,futurama
emote,0.0020067572875699,en,futurama
stuffer,0.0020067572875699,en,futurama
craphole,0.0020067572875699,en,futurama
woodchuck,0.0020067572875699,en,futurama
pittance,0.0020067572875699,en,futurama
gullet,0.0020067572875699,en,futurama
windbag,0.0020067572875699,en,futurama
glob,0.0020067572875699,en,futurama
amazonian,0.0020067572875699,en,futurama
firestorm,0.0020067572875699,en,futurama
ogden,0.0020067572875699,en,futurama
marmoset,0.0020067572875699,en,futurama
rama,0.0020067572875699,en,futurama
chauvinistic,0.0020067572875699,en,futurama
uninhabited,0.0020067572875699,en,futurama
droll,0.0020067572875699,en,futurama
spay,0.0020067572875699,en,futurama
bupki,0.0020067572875699,en,futurama
frizzy,0.0020067572875699,en,futurama
rooter,0.0020067572875699,en,futurama
biff,0.0020067572875699,en,futurama
assume,0.0020045571270107,en,futurama
mention,0.0020045571270107,en,futurama
annual,0.0019995291868056,en,futurama
terror,0.0019995291868056,en,futurama
steady,0.0019980462110669,en,futurama
pink,0.0019980462110669,en,futurama
interrupt,0.0019943706521722,en,futurama
government,0.0019943706521722,en,futurama
american,0.0019943706521722,en,futurama
keg,0.0019882586860864,en,futurama
oyster,0.0019882586860864,en,futurama
hut,0.0019882586860864,en,futurama
data,0.0019882586860864,en,futurama
arouse,0.0019882586860864,en,futurama
acceptable,0.0019813848456284,en,futurama
lieutenant,0.0019813848456284,en,futurama
labor,0.0019813848456284,en,futurama
hatch,0.0019813848456284,en,futurama
punishment,0.0019813819219884,en,futurama
spell,0.0019813819219884,en,futurama
whip,0.0019813819219884,en,futurama
soldier,0.0019783335670752,en,futurama
confuse,0.0019783335670752,en,futurama
chain,0.0019783335670752,en,futurama
jack,0.0019783335670752,en,futurama
hoist,0.0019763496397036,en,futurama
dang,0.0019763496397036,en,futurama
unbreakable,0.0019763496397036,en,futurama
doctorate,0.0019763496397036,en,futurama
reactor,0.0019763496397036,en,futurama
vermin,0.0019763496397036,en,futurama
surplus,0.0019763496397036,en,futurama
hairy,0.0019668752331764,en,futurama
pyramid,0.0019668752331764,en,futurama
delta,0.0019668752331764,en,futurama
prosecutor,0.0019668752331764,en,futurama
jam,0.0019649017724688,en,futurama
clown,0.0019649017724688,en,futurama
worship,0.0019635015831827,en,futurama
sunshine,0.0019635015831827,en,futurama
puppet,0.0019635015831827,en,futurama
operation,0.0019624429414215,en,futurama
nightmare,0.0019624429414215,en,futurama
path,0.0019624429414215,en,futurama
square,0.0019624429414215,en,futurama
gut,0.0019624429414215,en,futurama
separate,0.0019624429414215,en,futurama
rain,0.0019624429414215,en,futurama
duck,0.0019486017374784,en,futurama
milk,0.0019486017374784,en,futurama
library,0.0019486017374784,en,futurama
farm,0.0019486017374784,en,futurama
project,0.0019466961243067,en,futurama
source,0.0019466961243067,en,futurama
supply,0.0019466961243067,en,futurama
regret,0.0019466961243067,en,futurama
bladder,0.0019459419918373,en,futurama
pod,0.0019459419918373,en,futurama
fundamental,0.0019459419918373,en,futurama
bimbo,0.0019459078954994,en,futurama
shuck,0.0019459078954994,en,futurama
boogie,0.0019459078954994,en,futurama
mumbo,0.0019459078954994,en,futurama
explosive,0.0019458719926017,en,futurama
pine,0.0019458719926017,en,futurama
primary,0.0019458719926017,en,futurama
exhibit,0.0019458719926017,en,futurama
leak,0.0019324779225337,en,futurama
provide,0.0019310905361532,en,futurama
schedule,0.0019310905361532,en,futurama
plate,0.0019310905361532,en,futurama
theory,0.0019310905361532,en,futurama
spare,0.0019310905361532,en,futurama
view,0.0019310905361532,en,futurama
recently,0.0019310905361532,en,futurama
boxy,0.0019301218753884,en,futurama
faraway,0.0019301218753884,en,futurama
yonder,0.0019301218753884,en,futurama
filament,0.0019301218753884,en,futurama
shapely,0.0019301218753884,en,futurama
tapeworm,0.0019301218753884,en,futurama
cripe,0.0019301218753884,en,futurama
upsy,0.0019301218753884,en,futurama
misdeed,0.0019301218753884,en,futurama
howitzer,0.0019301218753884,en,futurama
unisex,0.0019301218753884,en,futurama
enraged,0.0019301218753884,en,futurama
wong,0.0019301218753884,en,futurama
hubble,0.0019301218753884,en,futurama
oddity,0.0019301218753884,en,futurama
stallone,0.0019301218753884,en,futurama
sphincter,0.0019301218753884,en,futurama
safecracker,0.0019301218753884,en,futurama
hogwash,0.0019301218753884,en,futurama
dreadlock,0.0019301218753884,en,futurama
exam,0.001928488977817,en,futurama
sauce,0.001928488977817,en,futurama
exploit,0.001928488977817,en,futurama
pope,0.0019254403946281,en,futurama
martial,0.0019254403946281,en,futurama
comfy,0.0019254403946281,en,futurama
sticker,0.0019254403946281,en,futurama
orgy,0.0019166602575202,en,futurama
genre,0.0019166602575202,en,futurama
commend,0.0019166602575202,en,futurama
eject,0.0019166602575202,en,futurama
afterlife,0.0019166602575202,en,futurama
consumer,0.0019166602575202,en,futurama
trademark,0.0019166602575202,en,futurama
nachos,0.0019166602575202,en,futurama
math,0.0019165265581133,en,futurama
volunteer,0.0019165265581133,en,futurama
locate,0.0019165265581133,en,futurama
bread,0.0019165265581133,en,futurama
citizen,0.0019165265581133,en,futurama
access,0.0019156236661737,en,futurama
killer,0.0019156236661737,en,futurama
commit,0.0019156236661737,en,futurama
genius,0.0019156236661737,en,futurama
prison,0.0019156236661737,en,futurama
pair,0.0019156236661737,en,futurama
safety,0.0019156236661737,en,futurama
suspect,0.0019156236661737,en,futurama
scent,0.0019113457364094,en,futurama
bent,0.0019113457364094,en,futurama
drift,0.0019113457364094,en,futurama
brace,0.0019113457364094,en,futurama
picnic,0.0019113457364094,en,futurama
entertainment,0.0019113457364094,en,futurama
parade,0.0019113457364094,en,futurama
sweetest,0.0019053529995651,en,futurama
snag,0.0019053529995651,en,futurama
halt,0.0019053529995651,en,futurama
veteran,0.0019053529995651,en,futurama
fund,0.0019007439943671,en,futurama
classic,0.0019007439943671,en,futurama
artist,0.0019007439943671,en,futurama
edge,0.0019002930699474,en,futurama
claim,0.0019002930699474,en,futurama
billy,0.0018944357436273,en,futurama
wimp,0.0018885165711537,en,futurama
weld,0.0018885165711537,en,futurama
hock,0.0018885165711537,en,futurama
invader,0.0018885165711537,en,futurama
biz,0.0018885165711537,en,futurama
diarrhea,0.0018885165711537,en,futurama
dolly,0.0018885165711537,en,futurama
falcon,0.0018885165711537,en,futurama
monday,0.0018885165711537,en,futurama
skate,0.0018856634009616,en,futurama
recycle,0.0018856634009616,en,futurama
soothe,0.0018856634009616,en,futurama
pry,0.0018856634009616,en,futurama
cast,0.0018851266961046,en,futurama
desire,0.0018851266961046,en,futurama
midnight,0.0018851266961046,en,futurama
lifetime,0.0018851266961046,en,futurama
suddenly,0.0018850963671008,en,futurama
ticket,0.0018850963671008,en,futurama
evidence,0.0018850963671008,en,futurama
depend,0.0018850963671008,en,futurama
afford,0.0018850963671008,en,futurama
executive,0.0018777527374767,en,futurama
sniff,0.0018777527374767,en,futurama
sigh,0.0018777527374767,en,futurama
favor,0.00187003123909,en,futurama
useless,0.0018696712380416,en,futurama
charity,0.0018696712380416,en,futurama
engage,0.0018696712380416,en,futurama
intruder,0.0018663561489261,en,futurama
margin,0.0018663561489261,en,futurama
elect,0.0018663561489261,en,futurama
polygamy,0.0018637372618114,en,futurama
lander,0.0018637372618114,en,futurama
oddball,0.0018637372618114,en,futurama
fatso,0.0018637372618114,en,futurama
distillery,0.0018637372618114,en,futurama
mongoose,0.0018637372618114,en,futurama
suckle,0.0018637372618114,en,futurama
sandalwood,0.0018637372618114,en,futurama
tetris,0.0018637372618114,en,futurama
sorcery,0.0018637372618114,en,futurama
outwit,0.0018637372618114,en,futurama
chachi,0.0018637372618114,en,futurama
chromium,0.0018637372618114,en,futurama
hoth,0.0018637372618114,en,futurama
naturel,0.0018637372618114,en,futurama
trampy,0.0018637372618114,en,futurama
blech,0.0018637372618114,en,futurama
trashcan,0.0018637372618114,en,futurama
nonviolent,0.0018637372618114,en,futurama
waft,0.0018637372618114,en,futurama
singularity,0.0018637372618114,en,futurama
blowhole,0.0018637372618114,en,futurama
vroom,0.0018637372618114,en,futurama
forage,0.0018637372618114,en,futurama
uranus,0.0018637372618114,en,futurama
tract,0.0018613965214312,en,futurama
compress,0.0018613965214312,en,futurama
wretched,0.0018613965214312,en,futurama
swedish,0.0018613965214312,en,futurama
blackjack,0.0018613965214312,en,futurama
sarge,0.0018613965214312,en,futurama
incidentally,0.0018613965214312,en,futurama
hydraulic,0.0018613965214312,en,futurama
invisible,0.0018612907047992,en,futurama
shock,0.0018550954270776,en,futurama
spot,0.0018550954270776,en,futurama
familiar,0.0018550954270776,en,futurama
prisoner,0.0018543743002908,en,futurama
admire,0.0018543743002908,en,futurama
toe,0.0018543743002908,en,futurama
sink,0.0018543743002908,en,futurama
approve,0.0018543743002908,en,futurama
basement,0.0018543743002908,en,futurama
lust,0.0018474166765277,en,futurama
mine,0.0018474166765277,en,futurama
perception,0.0018474166765277,en,futurama
commander,0.0018474166765277,en,futurama
victor,0.0018474166765277,en,futurama
sensation,0.0018474166765277,en,futurama
actress,0.0018474166765277,en,futurama
fraud,0.0018450438682606,en,futurama
dismiss,0.0018450438682606,en,futurama
focus,0.0018402867299001,en,futurama
option,0.0018402867299001,en,futurama
clothe,0.0018402867299001,en,futurama
scare,0.0018402867299001,en,futurama
current,0.0018392326640819,en,futurama
joint,0.0018392326640819,en,futurama
babe,0.0018392326640819,en,futurama
charm,0.0018392326640819,en,futurama
fortune,0.0018392326640819,en,futurama
meaning,0.0018392326640819,en,futurama
determine,0.0018392326640819,en,futurama
armpit,0.0018352282512613,en,futurama
snappy,0.0018352282512613,en,futurama
grasshopper,0.0018352282512613,en,futurama
scrawny,0.0018352282512613,en,futurama
mega,0.0018352282512613,en,futurama
leonard,0.0018352282512613,en,futurama
caviar,0.0018352282512613,en,futurama
homeless,0.001829006674178,en,futurama
foul,0.001829006674178,en,futurama
casino,0.0018288312337707,en,futurama
cannon,0.0018288312337707,en,futurama
hog,0.0018288312337707,en,futurama
generator,0.0018288312337707,en,futurama
crunch,0.0018288312337707,en,futurama
cooler,0.0018288312337707,en,futurama
code,0.0018256030021208,en,futurama
post,0.0018256030021208,en,futurama
lay,0.0018256030021208,en,futurama
creep,0.0018242432076963,en,futurama
coincidence,0.0018242432076963,en,futurama
shield,0.0018131737811226,en,futurama
humiliate,0.0018131737811226,en,futurama
instant,0.0018131737811226,en,futurama
formal,0.0018131737811226,en,futurama
pleasant,0.0018131737811226,en,futurama
meeting,0.0018110421521648,en,futurama
hospital,0.0018110421521648,en,futurama
left,0.0018110421521648,en,futurama
disgrace,0.0018105868276274,en,futurama
doorbell,0.0018105868276274,en,futurama
operational,0.0018099472140076,en,futurama
moist,0.0018099472140076,en,futurama
pore,0.0018099472140076,en,futurama
edible,0.0018099472140076,en,futurama
requisition,0.0018099472140076,en,futurama
poodle,0.0018099472140076,en,futurama
butch,0.0018099472140076,en,futurama
nightfall,0.0018099472140076,en,futurama
premiere,0.0018099472140076,en,futurama
wildly,0.0018099472140076,en,futurama
frilly,0.0018051818827781,en,futurama
ensign,0.0018051818827781,en,futurama
belch,0.0018051818827781,en,futurama
swede,0.0018051818827781,en,futurama
poseidon,0.0018051818827781,en,futurama
phaser,0.0018051818827781,en,futurama
looting,0.0018051818827781,en,futurama
tinsel,0.0018051818827781,en,futurama
boron,0.0018051818827781,en,futurama
boyish,0.0018051818827781,en,futurama
infernal,0.0018051818827781,en,futurama
industrialist,0.0018051818827781,en,futurama
vladimir,0.0018051818827781,en,futurama
belay,0.0018051818827781,en,futurama
tenement,0.0018051818827781,en,futurama
perversion,0.0018051818827781,en,futurama
spacesuit,0.0018051818827781,en,futurama
ancestral,0.0018051818827781,en,futurama
gonzale,0.0018051818827781,en,futurama
drama,0.0017975400492402,en,futurama
haul,0.0017975400492402,en,futurama
underwear,0.0017975400492402,en,futurama
snack,0.0017975400492402,en,futurama
spray,0.0017975400492402,en,futurama
inner,0.0017975400492402,en,futurama
accident,0.0017966021405307,en,futurama
brilliant,0.0017947088097912,en,futurama
frankly,0.0017947088097912,en,futurama
accuse,0.0017947088097912,en,futurama
spice,0.0017926711674741,en,futurama
brew,0.0017926711674741,en,futurama
weep,0.0017926711674741,en,futurama
ranger,0.0017926711674741,en,futurama
glorious,0.0017926711674741,en,futurama
adversary,0.0017854952142803,en,futurama
badger,0.0017854952142803,en,futurama
fraternity,0.0017854952142803,en,futurama
emit,0.0017854952142803,en,futurama
funk,0.0017854952142803,en,futurama
slob,0.0017854952142803,en,futurama
okey,0.0017854952142803,en,futurama
dig,0.0017822809780763,en,futurama
outside,0.0017822809780763,en,futurama
sister,0.0017822809780763,en,futurama
destiny,0.0017821005302337,en,futurama
importantly,0.0017821005302337,en,futurama
ceiling,0.0017821005302337,en,futurama
observe,0.0017821005302337,en,futurama
sting,0.0017821005302337,en,futurama
rack,0.0017821005302337,en,futurama
concept,0.0017821005302337,en,futurama
worker,0.0017801580762668,en,futurama
squeeze,0.0017801580762668,en,futurama
impressive,0.0017801580762668,en,futurama
bachelor,0.0017750726153565,en,futurama
nickel,0.0017750726153565,en,futurama
squat,0.0017750726153565,en,futurama
fox,0.0017750726153565,en,futurama
ceremony,0.0017668504579613,en,futurama
journey,0.0017668504579613,en,futurama
lure,0.0017668504579613,en,futurama
scrub,0.0017668504579613,en,futurama
restore,0.0017668504579613,en,futurama
channel,0.0017657479317379,en,futurama
wet,0.0017657479317379,en,futurama
transfer,0.0017657479317379,en,futurama
voyage,0.0017618196010658,en,futurama
sturdy,0.0017618196010658,en,futurama
doo,0.0017618196010658,en,futurama
kudo,0.0017618196010658,en,futurama
following,0.0017618196010658,en,futurama
essentially,0.0017577801405809,en,futurama
kindly,0.0017577801405809,en,futurama
mortal,0.0017577801405809,en,futurama
barge,0.0017577801405809,en,futurama
heroic,0.0017577801405809,en,futurama
goop,0.0017528023113474,en,futurama
nobody,0.0017528023113474,en,futurama
hallucinating,0.0017528023113474,en,futurama
dank,0.0017528023113474,en,futurama
gonad,0.0017528023113474,en,futurama
thorax,0.0017528023113474,en,futurama
homeopathic,0.0017528023113474,en,futurama
commemorative,0.0017528023113474,en,futurama
barnacle,0.0017528023113474,en,futurama
honeycomb,0.0017528023113474,en,futurama
husk,0.0017528023113474,en,futurama
boned,0.0017528023113474,en,futurama
deliciously,0.0017528023113474,en,futurama
liege,0.0017528023113474,en,futurama
poopy,0.0017528023113474,en,futurama
flabby,0.0017528023113474,en,futurama
invest,0.0017517852396042,en,futurama
embarrassed,0.0017517852396042,en,futurama
fighting,0.0017517852396042,en,futurama
recommend,0.0017514756854436,en,futurama
permission,0.0017514756854436,en,futurama
negative,0.0017514756854436,en,futurama
expert,0.0017514756854436,en,futurama
ouch,0.0017407832781866,en,futurama
mexican,0.0017407832781866,en,futurama
sized,0.0017407832781866,en,futurama
diary,0.0017407832781866,en,futurama
addictive,0.0017388725850544,en,futurama
mammal,0.0017388725850544,en,futurama
ness,0.0017388725850544,en,futurama
peddle,0.0017388725850544,en,futurama
yuck,0.0017388725850544,en,futurama
highness,0.0017388725850544,en,futurama
particle,0.0017388725850544,en,futurama
alligator,0.0017388725850544,en,futurama
sweat,0.0017373387231402,en,futurama
row,0.0017373387231402,en,futurama
lecture,0.001736900447363,en,futurama
doll,0.001736900447363,en,futurama
beast,0.001736900447363,en,futurama
terminal,0.0017240720909093,en,futurama
lipstick,0.0017240720909093,en,futurama
pickle,0.0017240720909093,en,futurama
stare,0.0017233345042267,en,futurama
expensive,0.0017233345042267,en,futurama
pregnant,0.0017233345042267,en,futurama
physical,0.0017233345042267,en,futurama
unknown,0.0017221918106456,en,futurama
rank,0.0017221918106456,en,futurama
bubble,0.0017221918106456,en,futurama
foil,0.001716610657909,en,futurama
miniature,0.001716610657909,en,futurama
squeak,0.001716610657909,en,futurama
embassy,0.001716610657909,en,futurama
polar,0.001716610657909,en,futurama
magnitude,0.001716610657909,en,futurama
poo,0.001716610657909,en,futurama
workshop,0.001716610657909,en,futurama
elf,0.001716610657909,en,futurama
tummy,0.001716610657909,en,futurama
blister,0.001716610657909,en,futurama
countdown,0.001716610657909,en,futurama
bored,0.0017076552087126,en,futurama
environment,0.0017076552087126,en,futurama
surveillance,0.0017076552087126,en,futurama
holiday,0.0017076552087126,en,futurama
tempt,0.0017076552087126,en,futurama
consciousness,0.0017076371342873,en,futurama
athlete,0.0017076371342873,en,futurama
convention,0.0017076371342873,en,futurama
spine,0.0017076371342873,en,futurama
auction,0.0017076371342873,en,futurama
palace,0.0017076371342873,en,futurama
drunken,0.0017076371342873,en,futurama
ninth,0.0017076371342873,en,futurama
alcoholic,0.0017076371342873,en,futurama
vampire,0.0017076371342873,en,futurama
lawsuit,0.0017076371342873,en,futurama
smooch,0.0017054192253786,en,futurama
adonis,0.0017054192253786,en,futurama
matey,0.0017054192253786,en,futurama
rebuttal,0.0017054192253786,en,futurama
slinky,0.0017054192253786,en,futurama
hellish,0.0017054192253786,en,futurama
dateline,0.0017054192253786,en,futurama
tasteless,0.0017054192253786,en,futurama
aging,0.0017054192253786,en,futurama
fearsome,0.0017054192253786,en,futurama
lilac,0.0017054192253786,en,futurama
poindexter,0.0017054192253786,en,futurama
tis,0.0017054192253786,en,futurama
shopkeeper,0.0017054192253786,en,futurama
numeral,0.0017054192253786,en,futurama
unveiling,0.0017054192253786,en,futurama
aerodynamic,0.0017054192253786,en,futurama
virile,0.0017054192253786,en,futurama
crumple,0.0017054192253786,en,futurama
baster,0.0017054192253786,en,futurama
weekend,0.0016957144860644,en,futurama
sneak,0.0016957144860644,en,futurama
tool,0.0016957144860644,en,futurama
exquisite,0.0016949940957352,en,futurama
majesty,0.0016949940957352,en,futurama
cruelty,0.0016949940957352,en,futurama
incompetence,0.0016949940957352,en,futurama
saint,0.0016932866637464,en,futurama
dancing,0.0016932866637464,en,futurama
triple,0.0016932866637464,en,futurama
servant,0.0016914694246062,en,futurama
regulation,0.0016914694246062,en,futurama
physics,0.0016914694246062,en,futurama
insanity,0.0016914694246062,en,futurama
sunny,0.0016914694246062,en,futurama
paint,0.0016820939497899,en,futurama
surround,0.0016820939497899,en,futurama
strength,0.0016820939497899,en,futurama
loud,0.0016820939497899,en,futurama
snow,0.0016790823343182,en,futurama
oath,0.0016755604094075,en,futurama
franchise,0.0016739865325158,en,futurama
bumper,0.0016739865325158,en,futurama
butler,0.0016739865325158,en,futurama
sundown,0.0016739865325158,en,futurama
degenerate,0.0016739865325158,en,futurama
finale,0.0016739865325158,en,futurama
imprison,0.0016739865325158,en,futurama
mule,0.0016739865325158,en,futurama
coupon,0.0016739865325158,en,futurama
banking,0.0016739865325158,en,futurama
macho,0.0016739865325158,en,futurama
horrific,0.0016739865325158,en,futurama
loaf,0.0016739865325158,en,futurama
radio,0.0016685966779772,en,futurama
alarm,0.0016685966779772,en,futurama
tea,0.0016685966779772,en,futurama
incredibly,0.0016650385092224,en,futurama
awkward,0.0016650385092224,en,futurama
attractive,0.0016650385092224,en,futurama
heel,0.0016650385092224,en,futurama
beef,0.0016650385092224,en,futurama
humorous,0.0016621618570195,en,futurama
cuteness,0.0016621618570195,en,futurama
scallop,0.0016621618570195,en,futurama
mer,0.0016621618570195,en,futurama
nonchalant,0.0016621618570195,en,futurama
chrissy,0.0016621618570195,en,futurama
disembowel,0.0016621618570195,en,futurama
resin,0.0016621618570195,en,futurama
mouthed,0.0016621618570195,en,futurama
computerized,0.0016621618570195,en,futurama
roswell,0.0016621618570195,en,futurama
schnapp,0.0016621618570195,en,futurama
pez,0.0016621618570195,en,futurama
getup,0.0016621618570195,en,futurama
sinclair,0.0016621618570195,en,futurama
livable,0.0016621618570195,en,futurama
promiscuous,0.0016621618570195,en,futurama
stipend,0.0016621618570195,en,futurama
baloney,0.0016621618570195,en,futurama
whipping,0.0016621618570195,en,futurama
swish,0.0016621618570195,en,futurama
collate,0.0016621618570195,en,futurama
proton,0.0016621618570195,en,futurama
spunky,0.0016621618570195,en,futurama
banjo,0.0016621618570195,en,futurama
modem,0.0016621618570195,en,futurama
rump,0.0016621618570195,en,futurama
select,0.0016599019403201,en,futurama
counselor,0.0016599019403201,en,futurama
amount,0.0016599019403201,en,futurama
disposal,0.0016599019403201,en,futurama
shovel,0.0016599019403201,en,futurama
elephant,0.0016599019403201,en,futurama
martini,0.0016599019403201,en,futurama
journal,0.0016599019403201,en,futurama
vicious,0.0016599019403201,en,futurama
coke,0.0016599019403201,en,futurama
example,0.0016552204595599,en,futurama
thrust,0.001653554592002,en,futurama
fortress,0.001653554592002,en,futurama
atlantic,0.001653554592002,en,futurama
marshmallow,0.001653554592002,en,futurama
lung,0.001651151601657,en,futurama
skull,0.001651151601657,en,futurama
hostage,0.001651151601657,en,futurama
envy,0.0016444862479981,en,futurama
genuine,0.0016444862479981,en,futurama
thunder,0.0016444862479981,en,futurama
soul,0.0016419631424346,en,futurama
loss,0.0016419631424346,en,futurama
loan,0.001637418143724,en,futurama
session,0.001637418143724,en,futurama
million,0.001637418143724,en,futurama
shout,0.001637418143724,en,futurama
lowlife,0.0016336675687052,en,futurama
mash,0.0016336675687052,en,futurama
hygiene,0.0016336675687052,en,futurama
shady,0.0016336675687052,en,futurama
aluminum,0.0016336675687052,en,futurama
vicinity,0.0016336675687052,en,futurama
dungeon,0.0016336675687052,en,futurama
growth,0.0016293059189717,en,futurama
conquer,0.0016293059189717,en,futurama
ahh,0.0016293059189717,en,futurama
dash,0.0016293059189717,en,futurama
teen,0.0016293059189717,en,futurama
tremendous,0.0016293059189717,en,futurama
absorb,0.0016293059189717,en,futurama
page,0.0016288226313835,en,futurama
circle,0.0016288226313835,en,futurama
innocent,0.0016288226313835,en,futurama
conference,0.001623834781232,en,futurama
purse,0.001623834781232,en,futurama
emotional,0.001623834781232,en,futurama
tragedy,0.001623834781232,en,futurama
injure,0.001623834781232,en,futurama
tech,0.001623834781232,en,futurama
sympathizer,0.0016223689355639,en,futurama
himalayas,0.0016223689355639,en,futurama
televise,0.0016223689355639,en,futurama
tailpipe,0.0016223689355639,en,futurama
sheesh,0.0016223689355639,en,futurama
crustacean,0.0016223689355639,en,futurama
lager,0.0016223689355639,en,futurama
beeswax,0.0016223689355639,en,futurama
deserter,0.0016223689355639,en,futurama
automotive,0.0016223689355639,en,futurama
spacecraft,0.0016223689355639,en,futurama
wrinkly,0.0016223689355639,en,futurama
ick,0.0016223689355639,en,futurama
buffoon,0.0016223689355639,en,futurama
solemnly,0.0016223689355639,en,futurama
lunchroom,0.0016223689355639,en,futurama
brisk,0.0016223689355639,en,futurama
crippling,0.0016223689355639,en,futurama
vapor,0.0016223689355639,en,futurama
retirement,0.0016143538742391,en,futurama
scum,0.0016143538742391,en,futurama
helmet,0.0016143538742391,en,futurama
remarkable,0.0016143538742391,en,futurama
slash,0.0016143538742391,en,futurama
clog,0.0016142971503324,en,futurama
fog,0.0016142971503324,en,futurama
dropping,0.0016142971503324,en,futurama
apron,0.0016142971503324,en,futurama
poll,0.0016142971503324,en,futurama
foreman,0.0016142971503324,en,futurama
dense,0.0016142971503324,en,futurama
proceed,0.0016103982687781,en,futurama
magazine,0.0016103982687781,en,futurama
occasion,0.0016103982687781,en,futurama
mass,0.0016103982687781,en,futurama
buzz,0.0016103982687781,en,futurama
intense,0.0016103982687781,en,futurama
junior,0.0016103982687781,en,futurama
common,0.00160288391922,en,futurama
sight,0.00160288391922,en,futurama
oven,0.0015996233494445,en,futurama
curiosity,0.0015996233494445,en,futurama
disguise,0.0015996233494445,en,futurama
rope,0.0015971054650944,en,futurama
ease,0.0015971054650944,en,futurama
yep,0.0015971054650944,en,futurama
cosmic,0.0015954171753698,en,futurama
programming,0.0015954171753698,en,futurama
ale,0.0015954171753698,en,futurama
steering,0.0015954171753698,en,futurama
token,0.0015954171753698,en,futurama
wreckage,0.0015954171753698,en,futurama
gambler,0.0015954171753698,en,futurama
traveler,0.0015954171753698,en,futurama
devour,0.0015954171753698,en,futurama
necessary,0.001590081794638,en,futurama
spread,0.001590081794638,en,futurama
receive,0.001590081794638,en,futurama
pelvic,0.0015855264448379,en,futurama
frolic,0.0015855264448379,en,futurama
intergalactic,0.0015855264448379,en,futurama
shortstop,0.0015855264448379,en,futurama
eureka,0.0015855264448379,en,futurama
strum,0.0015855264448379,en,futurama
decompression,0.0015855264448379,en,futurama
reprogram,0.0015855264448379,en,futurama
inconsiderate,0.0015855264448379,en,futurama
dumple,0.0015855264448379,en,futurama
editing,0.0015855264448379,en,futurama
fro,0.0015855264448379,en,futurama
gingerbread,0.0015855264448379,en,futurama
steward,0.0015855264448379,en,futurama
botulism,0.0015855264448379,en,futurama
downgrade,0.0015855264448379,en,futurama
challenger,0.0015855264448379,en,futurama
beseech,0.0015855264448379,en,futurama
cue,0.0015851078765027,en,futurama
sweater,0.0015851078765027,en,futurama
confusing,0.0015851078765027,en,futurama
series,0.0015839533286392,en,futurama
vacation,0.0015839533286392,en,futurama
twist,0.0015839533286392,en,futurama
average,0.0015839533286392,en,futurama
mark,0.0015773886256287,en,futurama
smile,0.0015773886256287,en,futurama
squirt,0.0015770034206024,en,futurama
wireless,0.0015770034206024,en,futurama
cane,0.0015770034206024,en,futurama
hitter,0.0015770034206024,en,futurama
lotion,0.0015770034206024,en,futurama
karaoke,0.0015770034206024,en,futurama
period,0.0015709389134205,en,futurama
reunion,0.0015708012665461,en,futurama
illness,0.0015708012665461,en,futurama
immune,0.0015708012665461,en,futurama
initiate,0.0015708012665461,en,futurama
haircut,0.0015708012665461,en,futurama
spider,0.0015708012665461,en,futurama
treasure,0.0015708012665461,en,futurama
wound,0.0015648025732464,en,futurama
situation,0.0015648025732464,en,futurama
orientation,0.0015590334142434,en,futurama
yacht,0.0015590334142434,en,futurama
silver,0.0015580593650347,en,futurama
identity,0.0015580593650347,en,futurama
central,0.0015580593650347,en,futurama
distance,0.0015580593650347,en,futurama
glove,0.0015580593650347,en,futurama
successful,0.0015580593650347,en,futurama
mask,0.0015580593650347,en,futurama
shore,0.0015566975940813,en,futurama
unfair,0.0015566975940813,en,futurama
electrical,0.0015566975940813,en,futurama
seize,0.0015566975940813,en,futurama
bully,0.0015566975940813,en,futurama
manage,0.0015523218447127,en,futurama
account,0.0015523218447127,en,futurama
include,0.0015523218447127,en,futurama
beget,0.0015512269065555,en,futurama
speedo,0.0015512269065555,en,futurama
bronx,0.0015512269065555,en,futurama
communist,0.0015512269065555,en,futurama
jigsaw,0.0015512269065555,en,futurama
finalist,0.0015512269065555,en,futurama
brewery,0.0015512269065555,en,futurama
millisecond,0.0015512269065555,en,futurama
sapphire,0.0015512269065555,en,futurama
scram,0.0015512269065555,en,futurama
afghan,0.0015512269065555,en,futurama
fateful,0.0015512269065555,en,futurama
hypnotic,0.0015512269065555,en,futurama
outrank,0.0015512269065555,en,futurama
veneer,0.0015512269065555,en,futurama
coolant,0.0015512269065555,en,futurama
rascal,0.0015512269065555,en,futurama
lassie,0.0015512269065555,en,futurama
caper,0.0015512269065555,en,futurama
scuttle,0.0015512269065555,en,futurama
manure,0.0015512269065555,en,futurama
thudding,0.0015512269065555,en,futurama
national,0.001545311916909,en,futurama
equal,0.001545311916909,en,futurama
juice,0.001545311916909,en,futurama
frame,0.001545311916909,en,futurama
disaster,0.001545311916909,en,futurama
french,0.001545311916909,en,futurama
deeply,0.001545311916909,en,futurama
twin,0.001545311916909,en,futurama
testify,0.0015427911822536,en,futurama
pronounce,0.0015427911822536,en,futurama
prince,0.0015427911822536,en,futurama
heir,0.0015414862710532,en,futurama
differ,0.0015414862710532,en,futurama
spank,0.0015414862710532,en,futurama
thingy,0.0015414862710532,en,futurama
bacteria,0.0015414862710532,en,futurama
address,0.0015399446918834,en,futurama
decision,0.0015399446918834,en,futurama
halfway,0.0015326938867349,en,futurama
online,0.0015326938867349,en,futurama
military,0.0015326938867349,en,futurama
solid,0.0015326938867349,en,futurama
belt,0.0015326938867349,en,futurama
bloody,0.0015326938867349,en,futurama
soap,0.0015290765891275,en,futurama
bracelet,0.0015290765891275,en,futurama
fork,0.0015290765891275,en,futurama
combat,0.0015290765891275,en,futurama
basket,0.0015290765891275,en,futurama
cowboy,0.0015290765891275,en,futurama
sperm,0.0015243425464166,en,futurama
dolphin,0.0015243425464166,en,futurama
masterpiece,0.0015243425464166,en,futurama
spawn,0.0015243425464166,en,futurama
stadium,0.0015243425464166,en,futurama
slipper,0.0015243425464166,en,futurama
valuable,0.0015202026730802,en,futurama
offense,0.0015202026730802,en,futurama
garden,0.0015202026730802,en,futurama
louie,0.0015191418312609,en,futurama
whup,0.0015191418312609,en,futurama
swinger,0.0015191418312609,en,futurama
slammer,0.0015191418312609,en,futurama
terri,0.0015191418312609,en,futurama
monsieur,0.0015191418312609,en,futurama
chunky,0.0015191418312609,en,futurama
twain,0.0015191418312609,en,futurama
sworn,0.0015191418312609,en,futurama
messiah,0.0015191418312609,en,futurama
plainly,0.0015191418312609,en,futurama
tourism,0.0015191418312609,en,futurama
beethoven,0.0015191418312609,en,futurama
narrator,0.0015191418312609,en,futurama
uncharted,0.0015191418312609,en,futurama
penniless,0.0015191418312609,en,futurama
floozy,0.0015191418312609,en,futurama
dumpling,0.0015191418312609,en,futurama
blaster,0.0015191418312609,en,futurama
tentacle,0.0015191418312609,en,futurama
undetectable,0.0015191418312609,en,futurama
mouthwash,0.0015191418312609,en,futurama
hussy,0.0015191418312609,en,futurama
gurgle,0.0015191418312609,en,futurama
amnesia,0.0015191418312609,en,futurama
destabilize,0.0015191418312609,en,futurama
forehead,0.0015155485949019,en,futurama
capacity,0.0015155485949019,en,futurama
worthy,0.0015155485949019,en,futurama
await,0.0015155485949019,en,futurama
fiction,0.0015155485949019,en,futurama
angle,0.00150783575217,en,futurama
map,0.00150783575217,en,futurama
exciting,0.00150783575217,en,futurama
color,0.00150783575217,en,futurama
comfort,0.00150783575217,en,futurama
contract,0.00150783575217,en,futurama
alert,0.00150783575217,en,futurama
balance,0.00150783575217,en,futurama
dearly,0.0015075841068198,en,futurama
unlimited,0.0015075841068198,en,futurama
pajama,0.0015075841068198,en,futurama
atmosphere,0.0015075841068198,en,futurama
poorly,0.0015075841068198,en,futurama
hallucinate,0.0015075841068198,en,futurama
opener,0.0015075841068198,en,futurama
thesis,0.0015075841068198,en,futurama
straw,0.0015022021899813,en,futurama
rig,0.0015022021899813,en,futurama
spark,0.0015022021899813,en,futurama
grunt,0.0015022021899813,en,futurama
recipe,0.0015022021899813,en,futurama
limit,0.001495590674826,en,futurama
practically,0.001495590674826,en,futurama
spill,0.001495590674826,en,futurama
anchor,0.0014911940145648,en,futurama
weasel,0.0014911940145648,en,futurama
bun,0.0014911940145648,en,futurama
housewife,0.0014911940145648,en,futurama
virtually,0.0014911940145648,en,futurama
sneeze,0.0014911940145648,en,futurama
barrel,0.0014890325638394,en,futurama
destruction,0.0014890325638394,en,futurama
robbery,0.0014890325638394,en,futurama
length,0.0014890325638394,en,futurama
detect,0.0014890325638394,en,futurama
electroshock,0.0014890025358231,en,futurama
pastrami,0.0014890025358231,en,futurama
mopey,0.0014890025358231,en,futurama
cloning,0.0014890025358231,en,futurama
windmill,0.0014890025358231,en,futurama
gazelle,0.0014890025358231,en,futurama
nauseate,0.0014890025358231,en,futurama
bamboo,0.0014890025358231,en,futurama
cursed,0.0014890025358231,en,futurama
query,0.0014890025358231,en,futurama
scourge,0.0014890025358231,en,futurama
adieu,0.0014890025358231,en,futurama
shalom,0.0014890025358231,en,futurama
gradually,0.0014890025358231,en,futurama
evan,0.0014890025358231,en,futurama
yam,0.0014890025358231,en,futurama
snivel,0.0014890025358231,en,futurama
commie,0.0014890025358231,en,futurama
criminally,0.0014890025358231,en,futurama
bootleg,0.0014890025358231,en,futurama
navel,0.0014890025358231,en,futurama
blunder,0.0014890025358231,en,futurama
fantastic,0.0014834650635557,en,futurama
sugar,0.0014834650635557,en,futurama
assistant,0.0014834650635557,en,futurama
arrange,0.0014834650635557,en,futurama
plot,0.0014760350946085,en,futurama
assist,0.0014760350946085,en,futurama
celebration,0.0014760350946085,en,futurama
ink,0.0014760350946085,en,futurama
daylight,0.0014760350946085,en,futurama
soak,0.0014760350946085,en,futurama
booty,0.0014751564248823,en,futurama
hive,0.0014751564248823,en,futurama
noodle,0.0014751564248823,en,futurama
parachute,0.0014751564248823,en,futurama
honk,0.0014751564248823,en,futurama
near,0.0014714566097816,en,futurama
social,0.0014714566097816,en,futurama
normally,0.0014714566097816,en,futurama
wing,0.0014714566097816,en,futurama
capture,0.0014714566097816,en,futurama
actual,0.0014714566097816,en,futurama
pot,0.0014714566097816,en,futurama
awfully,0.0014632053393424,en,futurama
survivor,0.0014632053393424,en,futurama
nearby,0.0014632053393424,en,futurama
manual,0.0014632053393424,en,futurama
accent,0.0014632053393424,en,futurama
contraption,0.0014605864522276,en,futurama
leprechaun,0.0014605864522276,en,futurama
chronicle,0.0014605864522276,en,futurama
format,0.0014605864522276,en,futurama
damnation,0.0014605864522276,en,futurama
majestic,0.0014605864522276,en,futurama
propulsion,0.0014605864522276,en,futurama
stifle,0.0014605864522276,en,futurama
shin,0.0014605864522276,en,futurama
reattach,0.0014605864522276,en,futurama
emulate,0.0014605864522276,en,futurama
monroe,0.0014605864522276,en,futurama
achille,0.0014605864522276,en,futurama
prof,0.0014605864522276,en,futurama
monogamous,0.0014605864522276,en,futurama
rind,0.0014605864522276,en,futurama
maroon,0.0014605864522276,en,futurama
nutritious,0.0014605864522276,en,futurama
monastery,0.0014605864522276,en,futurama
wiper,0.0014605864522276,en,futurama
soundtrack,0.0014605864522276,en,futurama
scoundrel,0.0014605864522276,en,futurama
cancel,0.001459563071203,en,futurama
material,0.001459563071203,en,futurama
unbelievable,0.001459563071203,en,futurama
traffic,0.001459563071203,en,futurama
parking,0.001459563071203,en,futurama
describe,0.001459563071203,en,futurama
signal,0.001459563071203,en,futurama
ambassador,0.001459456493878,en,futurama
jenny,0.001459456493878,en,futurama
obey,0.001459456493878,en,futurama
wail,0.001459456493878,en,futurama
related,0.001459456493878,en,futurama
poet,0.001459456493878,en,futurama
pudding,0.001459456493878,en,futurama
stroke,0.0014505390248981,en,futurama
punk,0.0014505390248981,en,futurama
cruise,0.0014505390248981,en,futurama
principle,0.0014505390248981,en,futurama
committee,0.0014505390248981,en,futurama
pace,0.0014505390248981,en,futurama
nurse,0.0014477822692835,en,futurama
complain,0.0014477822692835,en,futurama
dozen,0.0014477822692835,en,futurama
villain,0.001444080295971,en,futurama
boarding,0.001444080295971,en,futurama
squash,0.001444080295971,en,futurama
achievement,0.001444080295971,en,futurama
ranch,0.001444080295971,en,futurama
tighten,0.001444080295971,en,futurama
jaw,0.0014380320393922,en,futurama
satisfied,0.0014380320393922,en,futurama
entirely,0.0014361120868556,en,futurama
health,0.0014361120868556,en,futurama
stress,0.0014361120868556,en,futurama
statement,0.0014361120868556,en,futurama
silly,0.0014361120868556,en,futurama
scenic,0.0014337071430205,en,futurama
jiggle,0.0014337071430205,en,futurama
gandhi,0.0014337071430205,en,futurama
rename,0.0014337071430205,en,futurama
motherhood,0.0014337071430205,en,futurama
tether,0.0014337071430205,en,futurama
bland,0.0014337071430205,en,futurama
cola,0.0014337071430205,en,futurama
anthem,0.0014337071430205,en,futurama
deduce,0.0014337071430205,en,futurama
infuriate,0.0014337071430205,en,futurama
humbly,0.0014337071430205,en,futurama
hardworke,0.0014337071430205,en,futurama
parasitic,0.0014337071430205,en,futurama
specification,0.0014337071430205,en,futurama
assembly,0.0014290147496738,en,futurama
decency,0.0014290147496738,en,futurama
lime,0.0014290147496738,en,futurama
tramp,0.0014290147496738,en,futurama
nowadays,0.0014290147496738,en,futurama
less,0.0014290147496738,en,futurama
digest,0.0014290147496738,en,futurama
avenge,0.0014290147496738,en,futurama
rainbow,0.0014290147496738,en,futurama
grad,0.0014290147496738,en,futurama
videotape,0.0014290147496738,en,futurama
cutting,0.0014290147496738,en,futurama
stamp,0.001425680424187,en,futurama
orange,0.001425680424187,en,futurama
baseball,0.001425680424187,en,futurama
sober,0.001425680424187,en,futurama
compete,0.001425680424187,en,futurama
rubber,0.001425680424187,en,futurama
peaceful,0.001425680424187,en,futurama
existence,0.001425680424187,en,futurama
weak,0.0014245504658373,en,futurama
elegant,0.0014142475507212,en,futurama
ceo,0.0014142475507212,en,futurama
bio,0.0014142475507212,en,futurama
ish,0.0014142475507212,en,futurama
obnoxious,0.0014142475507212,en,futurama
engineering,0.0014142475507212,en,futurama
sorrow,0.0014142475507212,en,futurama
succeed,0.0014134803663691,en,futurama
glory,0.0014134803663691,en,futurama
dot,0.0014134803663691,en,futurama
brutal,0.0014134803663691,en,futurama
web,0.0014134803663691,en,futurama
teacher,0.0014130954050537,en,futurama
shellfish,0.0014082068807969,en,futurama
manhole,0.0014082068807969,en,futurama
prance,0.0014082068807969,en,futurama
eggnog,0.0014082068807969,en,futurama
tweet,0.0014082068807969,en,futurama
inferno,0.0014082068807969,en,futurama
stabbing,0.0014082068807969,en,futurama
alphabetically,0.0014082068807969,en,futurama
coronation,0.0014082068807969,en,futurama
rummage,0.0014082068807969,en,futurama
subtlety,0.0014082068807969,en,futurama
annihilation,0.0014082068807969,en,futurama
headless,0.0014082068807969,en,futurama
grub,0.0014082068807969,en,futurama
acorn,0.0014082068807969,en,futurama
stinger,0.0014082068807969,en,futurama
erectile,0.0014082068807969,en,futurama
poking,0.0014082068807969,en,futurama
munchie,0.0014082068807969,en,futurama
fortified,0.0014082068807969,en,futurama
represent,0.0014017449581582,en,futurama
request,0.0014017449581582,en,futurama
transport,0.0014014281916834,en,futurama
polite,0.0014014281916834,en,futurama
spoil,0.0014014281916834,en,futurama
carpet,0.0014014281916834,en,futurama
bikini,0.0013997671116946,en,futurama
motivation,0.0013997671116946,en,futurama
convenience,0.0013997671116946,en,futurama
tournament,0.0013997671116946,en,futurama
refresh,0.0013997671116946,en,futurama
subway,0.0013997671116946,en,futurama
perfection,0.0013997671116946,en,futurama
urban,0.0013997671116946,en,futurama
summer,0.0013904972316477,en,futurama
property,0.0013904972316477,en,futurama
research,0.0013904972316477,en,futurama
panic,0.0013904972316477,en,futurama
married,0.0013904972316477,en,futurama
roof,0.0013904972316477,en,futurama
lost,0.0013895203578904,en,futurama
assign,0.0013895203578904,en,futurama
aunt,0.0013895203578904,en,futurama
advanced,0.0013895203578904,en,futurama
flick,0.0013855625073957,en,futurama
flap,0.0013855625073957,en,futurama
descend,0.0013855625073957,en,futurama
disturbance,0.0013855625073957,en,futurama
mansion,0.0013855625073957,en,futurama
urine,0.0013855625073957,en,futurama
visa,0.0013855625073957,en,futurama
submerge,0.001383951040046,en,futurama
imbecile,0.001383951040046,en,futurama
purr,0.001383951040046,en,futurama
nocturnal,0.001383951040046,en,futurama
miserably,0.001383951040046,en,futurama
planetary,0.001383951040046,en,futurama
mangy,0.001383951040046,en,futurama
imperial,0.001383951040046,en,futurama
ark,0.001383951040046,en,futurama
spineless,0.001383951040046,en,futurama
byproduct,0.001383951040046,en,futurama
tay,0.001383951040046,en,futurama
assortment,0.001383951040046,en,futurama
lovey,0.001383951040046,en,futurama
vcr,0.001383951040046,en,futurama
pooper,0.001383951040046,en,futurama
furnish,0.001383951040046,en,futurama
uncalled,0.001383951040046,en,futurama
feign,0.001383951040046,en,futurama
gra,0.001383951040046,en,futurama
knife,0.0013793503829666,en,futurama
subject,0.0013793503829666,en,futurama
living,0.0013793503829666,en,futurama
bait,0.0013777534485165,en,futurama
diet,0.0013777534485165,en,futurama
extreme,0.0013777534485165,en,futurama
reduce,0.0013777534485165,en,futurama
county,0.0013777534485165,en,futurama
buffet,0.001371623425328,en,futurama
governor,0.001371623425328,en,futurama
misunderstood,0.001371623425328,en,futurama
missy,0.001371623425328,en,futurama
disable,0.001371623425328,en,futurama
ridiculous,0.0013683026186955,en,futurama
condition,0.0013683026186955,en,futurama
rush,0.0013683026186955,en,futurama
apply,0.0013683026186955,en,futurama
rough,0.0013683026186955,en,futurama
smoking,0.0013661241669701,en,futurama
winter,0.0013661241669701,en,futurama
whack,0.0013661241669701,en,futurama
stole,0.0013661241669701,en,futurama
grace,0.0013661241669701,en,futurama
candidate,0.0013661241669701,en,futurama
hammer,0.0013661241669701,en,futurama
municipal,0.0013608237948281,en,futurama
walt,0.0013608237948281,en,futurama
pollute,0.0013608237948281,en,futurama
dokey,0.0013608237948281,en,futurama
fester,0.0013608237948281,en,futurama
upward,0.0013608237948281,en,futurama
vaporize,0.0013608237948281,en,futurama
retina,0.0013608237948281,en,futurama
quiver,0.0013608237948281,en,futurama
mistletoe,0.0013608237948281,en,futurama
trusty,0.0013608237948281,en,futurama
caterpillar,0.0013608237948281,en,futurama
dispenser,0.0013608237948281,en,futurama
demented,0.0013608237948281,en,futurama
stephen,0.0013608237948281,en,futurama
beige,0.0013608237948281,en,futurama
bonjour,0.0013608237948281,en,futurama
whirl,0.0013608237948281,en,futurama
digestive,0.0013608237948281,en,futurama
mangle,0.0013608237948281,en,futurama
mobster,0.0013608237948281,en,futurama
testimony,0.0013579401207206,en,futurama
spa,0.0013579401207206,en,futurama
intrigue,0.0013579401207206,en,futurama
election,0.0013579401207206,en,futurama
glance,0.0013579401207206,en,futurama
daisy,0.0013579401207206,en,futurama
sour,0.0013579401207206,en,futurama
jewel,0.0013579401207206,en,futurama
wrinkle,0.0013579401207206,en,futurama
conceive,0.0013579401207206,en,futurama
lately,0.0013573521928195,en,futurama
responsibility,0.0013573521928195,en,futurama
loose,0.0013573521928195,en,futurama
bright,0.0013573521928195,en,futurama
borrow,0.0013573521928195,en,futurama
label,0.0013546293309971,en,futurama
necessarily,0.0013546293309971,en,futurama
threaten,0.001346497405072,en,futurama
tvsubtitle,0.0013445033756056,en,futurama
adam,0.0013445033756056,en,futurama
spicy,0.0013445033756056,en,futurama
deceased,0.0013445033756056,en,futurama
accountant,0.0013445033756056,en,futurama
paddle,0.0013445033756056,en,futurama
publicity,0.0013445033756056,en,futurama
irrational,0.0013445033756056,en,futurama
damned,0.0013445033756056,en,futurama
passion,0.0013432658674545,en,futurama
spanish,0.0013432658674545,en,futurama
gorgeous,0.0013432658674545,en,futurama
skyrocket,0.0013387247735936,en,futurama
sle,0.0013387247735936,en,futurama
yeast,0.0013387247735936,en,futurama
talkie,0.0013387247735936,en,futurama
unholy,0.0013387247735936,en,futurama
bonehead,0.0013387247735936,en,futurama
disruption,0.0013387247735936,en,futurama
conundrum,0.0013387247735936,en,futurama
darkest,0.0013387247735936,en,futurama
platonic,0.0013387247735936,en,futurama
golly,0.0013387247735936,en,futurama
floppy,0.0013387247735936,en,futurama
output,0.0013387247735936,en,futurama
scented,0.0013387247735936,en,futurama
runt,0.0013387247735936,en,futurama
electron,0.0013387247735936,en,futurama
inning,0.0013387247735936,en,futurama
pasty,0.0013387247735936,en,futurama
horizontal,0.0013387247735936,en,futurama
complicated,0.00133573659935,en,futurama
humor,0.0013320308073779,en,futurama
speaking,0.0013320308073779,en,futurama
profit,0.0013320308073779,en,futurama
lower,0.0013320308073779,en,futurama
strategy,0.0013320308073779,en,futurama
modern,0.0013320308073779,en,futurama
vulnerable,0.0013320308073779,en,futurama
kitten,0.0013313044615174,en,futurama
bravo,0.0013313044615174,en,futurama
humiliation,0.0013313044615174,en,futurama
inspection,0.0013313044615174,en,futurama
mandatory,0.0013313044615174,en,futurama
slot,0.0013313044615174,en,futurama
dispose,0.0013313044615174,en,futurama
suicidal,0.0013313044615174,en,futurama
dumpster,0.0013313044615174,en,futurama
breath,0.0013250681621983,en,futurama
commitment,0.0013209212813256,en,futurama
underground,0.0013209212813256,en,futurama
bull,0.0013209212813256,en,futurama
downtown,0.0013209212813256,en,futurama
paradise,0.0013183351054356,en,futurama
conclude,0.0013183351054356,en,futurama
heaven,0.0013183351054356,en,futurama
radical,0.0013183351054356,en,futurama
sequence,0.0013183351054356,en,futurama
dragon,0.0013183351054356,en,futurama
maiden,0.0013183351054356,en,futurama
temp,0.0013183351054356,en,futurama
bunk,0.0013183351054356,en,futurama
gary,0.0013183351054356,en,futurama
hatred,0.0013183351054356,en,futurama
faithful,0.0013183351054356,en,futurama
figurine,0.0013175664264691,en,futurama
hemisphere,0.0013175664264691,en,futurama
caress,0.0013175664264691,en,futurama
sissy,0.0013175664264691,en,futurama
pebble,0.0013175664264691,en,futurama
meow,0.0013175664264691,en,futurama
bozo,0.0013175664264691,en,futurama
wacko,0.0013175664264691,en,futurama
frisky,0.0013175664264691,en,futurama
jug,0.0013175664264691,en,futurama
bosom,0.0013175664264691,en,futurama
gooey,0.0013175664264691,en,futurama
hebrew,0.0013175664264691,en,futurama
rampage,0.0013175664264691,en,futurama
duo,0.0013175664264691,en,futurama
frosty,0.0013175664264691,en,futurama
devise,0.0013175664264691,en,futurama
stallion,0.0013175664264691,en,futurama
dictator,0.0013175664264691,en,futurama
fifth,0.0013099345149792,en,futurama
counter,0.0013099345149792,en,futurama
moral,0.0013099345149792,en,futurama
audition,0.00130558745864,en,futurama
outlet,0.00130558745864,en,futurama
induce,0.00130558745864,en,futurama
walter,0.00130558745864,en,futurama
edition,0.00130558745864,en,futurama
position,0.001304002144372,en,futurama
stretch,0.0012990678249856,en,futurama
director,0.0012990678249856,en,futurama
murderer,0.0012990678249856,en,futurama
pro,0.0012990678249856,en,futurama
announce,0.0012990678249856,en,futurama
tote,0.0012972719303329,en,futurama
recount,0.0012972719303329,en,futurama
lincoln,0.0012972719303329,en,futurama
esteemed,0.0012972719303329,en,futurama
wallow,0.0012972719303329,en,futurama
weirdo,0.0012972719303329,en,futurama
cornered,0.0012972719303329,en,futurama
sleepwalk,0.0012972719303329,en,futurama
membrane,0.0012972719303329,en,futurama
chit,0.0012972719303329,en,futurama
overrule,0.0012972719303329,en,futurama
radiator,0.0012972719303329,en,futurama
building,0.0012936015372605,en,futurama
doubt,0.0012936015372605,en,futurama
steer,0.001293054068182,en,futurama
coverage,0.001293054068182,en,futurama
outcome,0.001293054068182,en,futurama
sticky,0.001293054068182,en,futurama
relative,0.0012883186150225,en,futurama
cloud,0.0012883186150225,en,futurama
apple,0.0012883186150225,en,futurama
stall,0.0012883186150225,en,futurama
expense,0.0012883186150225,en,futurama
apart,0.0012832872432362,en,futurama
sane,0.0012807278507155,en,futurama
creation,0.0012807278507155,en,futurama
cemetery,0.0012807278507155,en,futurama
moan,0.0012807278507155,en,futurama
ambitious,0.0012807278507155,en,futurama
lodge,0.0012807278507155,en,futurama
grease,0.0012807278507155,en,futurama
jackass,0.0012807278507155,en,futurama
supper,0.0012807278507155,en,futurama
minister,0.0012807278507155,en,futurama
mushroom,0.0012807278507155,en,futurama
logic,0.0012807278507155,en,futurama
refrigerator,0.0012807278507155,en,futurama
discharge,0.0012807278507155,en,futurama
pimp,0.0012807278507155,en,futurama
stapler,0.0012777735050135,en,futurama
cheerful,0.0012777735050135,en,futurama
hath,0.0012777735050135,en,futurama
siphon,0.0012777735050135,en,futurama
snip,0.0012777735050135,en,futurama
pageant,0.0012777735050135,en,futurama
petite,0.0012777735050135,en,futurama
humane,0.0012777735050135,en,futurama
nugget,0.0012777735050135,en,futurama
fertilize,0.0012777735050135,en,futurama
urinate,0.0012777735050135,en,futurama
batting,0.0012777735050135,en,futurama
dearest,0.0012777735050135,en,futurama
whirlwind,0.0012777735050135,en,futurama
beater,0.0012777735050135,en,futurama
sinus,0.0012777735050135,en,futurama
towel,0.0012776843720755,en,futurama
suspicious,0.0012776843720755,en,futurama
embarrass,0.0012776843720755,en,futurama
lean,0.0012776843720755,en,futurama
exaggerating,0.0012764640614561,en,futurama
fishkind,0.0012764640614561,en,futurama
chunklet,0.0012764640614561,en,futurama
crawdad,0.0012764640614561,en,futurama
motron,0.0012764640614561,en,futurama
foobelle,0.0012764640614561,en,futurama
wope,0.0012764640614561,en,futurama
shadys,0.0012764640614561,en,futurama
knower,0.0012764640614561,en,futurama
voke,0.0012764640614561,en,futurama
befitting,0.0012764640614561,en,futurama
carrey,0.0012764640614561,en,futurama
spectrolizer,0.0012764640614561,en,futurama
cyclops,0.0012764640614561,en,futurama
bicyclop,0.0012764640614561,en,futurama
hammurabi,0.0012764640614561,en,futurama
unblur,0.0012764640614561,en,futurama
arachno,0.0012764640614561,en,futurama
kickle,0.0012764640614561,en,futurama
bourguignon,0.0012764640614561,en,futurama
botwis,0.0012764640614561,en,futurama
benderbrau,0.0012764640614561,en,futurama
kicked,0.0012764640614561,en,futurama
stamper,0.0012764640614561,en,futurama
lobrau,0.0012764640614561,en,futurama
yipping,0.0012764640614561,en,futurama
bowstring,0.0012764640614561,en,futurama
saxophonist,0.0012764640614561,en,futurama
cosell,0.0012764640614561,en,futurama
peaberry,0.0012764640614561,en,futurama
smizmar,0.0012764640614561,en,futurama
naugateena,0.0012764640614561,en,futurama
enlarging,0.0012764640614561,en,futurama
jergen,0.0012764640614561,en,futurama
pinken,0.0012764640614561,en,futurama
roboton,0.0012764640614561,en,futurama
macbutt,0.0012764640614561,en,futurama
thespo,0.0012764640614561,en,futurama
whaling,0.0012764640614561,en,futurama
carryover,0.0012764640614561,en,futurama
gonk,0.0012764640614561,en,futurama
glagnar,0.0012764640614561,en,futurama
womanoid,0.0012764640614561,en,futurama
smogmeyer,0.0012764640614561,en,futurama
skinbag,0.0012764640614561,en,futurama
jumbonium,0.0012764640614561,en,futurama
bicy,0.0012764640614561,en,futurama
automo,0.0012764640614561,en,futurama
uttered,0.0012764640614561,en,futurama
lnspect,0.0012764640614561,en,futurama
dunderhead,0.0012764640614561,en,futurama
clacker,0.0012764640614561,en,futurama
clickity,0.0012764640614561,en,futurama
depromote,0.0012764640614561,en,futurama
spleeze,0.0012764640614561,en,futurama
disfiguring,0.0012764640614561,en,futurama
datafi,0.0012764640614561,en,futurama
videophone,0.0012764640614561,en,futurama
nonprotected,0.0012764640614561,en,futurama
skanadel,0.0012764640614561,en,futurama
spleck,0.0012764640614561,en,futurama
ercule,0.0012764640614561,en,futurama
encrusted,0.0012764640614561,en,futurama
expelling,0.0012764640614561,en,futurama
tronic,0.0012764640614561,en,futurama
iorde,0.0012764640614561,en,futurama
interfering,0.0012764640614561,en,futurama
spizzler,0.0012764640614561,en,futurama
schiffer,0.0012764640614561,en,futurama
scuttling,0.0012764640614561,en,futurama
lobsterina,0.0012764640614561,en,futurama
cloacal,0.0012764640614561,en,futurama
wigmaker,0.0012764640614561,en,futurama
yoik,0.0012764640614561,en,futurama
zoidfarb,0.0012764640614561,en,futurama
zoos,0.0012764640614561,en,futurama
larouche,0.0012764640614561,en,futurama
hibernative,0.0012764640614561,en,futurama
telesonic,0.0012764640614561,en,futurama
schman,0.0012764640614561,en,futurama
schmutze,0.0012764640614561,en,futurama
globbe,0.0012764640614561,en,futurama
polygamist,0.0012764640614561,en,futurama
recombobulate,0.0012764640614561,en,futurama
unnamable,0.0012764640614561,en,futurama
formulaic,0.0012764640614561,en,futurama
putation,0.0012764640614561,en,futurama
pute,0.0012764640614561,en,futurama
stumbo,0.0012764640614561,en,futurama
nylar,0.0012764640614561,en,futurama
horsy,0.0012764640614561,en,futurama
rifice,0.0012764640614561,en,futurama
ookum,0.0012764640614561,en,futurama
outla,0.0012764640614561,en,futurama
superslurm,0.0012764640614561,en,futurama
bjornson,0.0012764640614561,en,futurama
saucier,0.0012764640614561,en,futurama
smision,0.0012764640614561,en,futurama
bumbase,0.0012764640614561,en,futurama
dinkredient,0.0012764640614561,en,futurama
dasi,0.0012764640614561,en,futurama
muteen,0.0012764640614561,en,futurama
squirmal,0.0012764640614561,en,futurama
snooch,0.0012764640614561,en,futurama
niggle,0.0012764640614561,en,futurama
stupefaction,0.0012764640614561,en,futurama
professie,0.0012764640614561,en,futurama
intragnizent,0.0012764640614561,en,futurama
bendless,0.0012764640614561,en,futurama
squeeeker,0.0012764640614561,en,futurama
beani,0.0012764640614561,en,futurama
wumpus,0.0012764640614561,en,futurama
grapeade,0.0012764640614561,en,futurama
electronium,0.0012764640614561,en,futurama
mixologist,0.0012764640614561,en,futurama
wearily,0.0012764640614561,en,futurama
glurmo,0.0012764640614561,en,futurama
decontaminator,0.0012764640614561,en,futurama
gunculon,0.0012764640614561,en,futurama
laffer,0.0012764640614561,en,futurama
berra,0.0012764640614561,en,futurama
signa,0.0012764640614561,en,futurama
bonda,0.0012764640614561,en,futurama
planex,0.0012764640614561,en,futurama
thinkie,0.0012764640614561,en,futurama
leelas,0.0012764640614561,en,futurama
powerly,0.0012764640614561,en,futurama
lickity,0.0012764640614561,en,futurama
wholesomeness,0.0012764640614561,en,futurama
sewercom,0.0012764640614561,en,futurama
froad,0.0012764640614561,en,futurama
ungloved,0.0012764640614561,en,futurama
fuge,0.0012764640614561,en,futurama
materni,0.0012764640614561,en,futurama
semipermeable,0.0012764640614561,en,futurama
naptosis,0.0012764640614561,en,futurama
shareware,0.0012764640614561,en,futurama
compellingly,0.0012764640614561,en,futurama
shorti,0.0012764640614561,en,futurama
blankiest,0.0012764640614561,en,futurama
catastrophize,0.0012764640614561,en,futurama
tegrin,0.0012764640614561,en,futurama
permafrost,0.0012764640614561,en,futurama
leakproof,0.0012764640614561,en,futurama
supertank,0.0012764640614561,en,futurama
caflooie,0.0012764640614561,en,futurama
wangle,0.0012764640614561,en,futurama
tiparillo,0.0012764640614561,en,futurama
bravehead,0.0012764640614561,en,futurama
lobstertainment,0.0012764640614561,en,futurama
diapie,0.0012764640614561,en,futurama
hartfordshire,0.0012764640614561,en,futurama
rna,0.0012764640614561,en,futurama
sizing,0.0012764640614561,en,futurama
buckling,0.0012764640614561,en,futurama
fumigator,0.0012764640614561,en,futurama
izac,0.0012764640614561,en,futurama
wuvum,0.0012764640614561,en,futurama
labarbara,0.0012764640614561,en,futurama
cannibalon,0.0012764640614561,en,futurama
beelzebot,0.0012764640614561,en,futurama
panatela,0.0012764640614561,en,futurama
jerimatic,0.0012764640614561,en,futurama
jarg,0.0012764640614561,en,futurama
groady,0.0012764640614561,en,futurama
fryfish,0.0012764640614561,en,futurama
tempura,0.0012764640614561,en,futurama
conservate,0.0012764640614561,en,futurama
semipainless,0.0012764640614561,en,futurama
overgaspe,0.0012764640614561,en,futurama
ultrafertile,0.0012764640614561,en,futurama
robotology,0.0012764640614561,en,futurama
funkometer,0.0012764640614561,en,futurama
urectum,0.0012764640614561,en,futurama
symposia,0.0012764640614561,en,futurama
merg,0.0012764640614561,en,futurama
throm,0.0012764640614561,en,futurama
limboing,0.0012764640614561,en,futurama
trisol,0.0012764640614561,en,futurama
fricassee,0.0012764640614561,en,futurama
hudge,0.0012764640614561,en,futurama
bont,0.0012764640614561,en,futurama
shwab,0.0012764640614561,en,futurama
plon,0.0012764640614561,en,futurama
lnvasion,0.0012764640614561,en,futurama
collator,0.0012764640614561,en,futurama
spluh,0.0012764640614561,en,futurama
vanusian,0.0012764640614561,en,futurama
psionic,0.0012764640614561,en,futurama
nastification,0.0012764640614561,en,futurama
ille,0.0012764640614561,en,futurama
unamuse,0.0012764640614561,en,futurama
reaganaut,0.0012764640614561,en,futurama
profiit,0.0012764640614561,en,futurama
futurestock,0.0012764640614561,en,futurama
unheeded,0.0012764640614561,en,futurama
microbrewe,0.0012764640614561,en,futurama
richene,0.0012764640614561,en,futurama
gloviously,0.0012764640614561,en,futurama
schmand,0.0012764640614561,en,futurama
shrimpkin,0.0012764640614561,en,futurama
candelabra,0.0012764640614561,en,futurama
downloadisode,0.0012764640614561,en,futurama
likeability,0.0012764640614561,en,futurama
flof,0.0012764640614561,en,futurama
satirist,0.0012764640614561,en,futurama
enthrone,0.0012764640614561,en,futurama
saltiest,0.0012764640614561,en,futurama
blunk,0.0012764640614561,en,futurama
differenty,0.0012764640614561,en,futurama
cootietown,0.0012764640614561,en,futurama
cookieville,0.0012764640614561,en,futurama
clovere,0.0012764640614561,en,futurama
tappingly,0.0012764640614561,en,futurama
tanium,0.0012764640614561,en,futurama
forelock,0.0012764640614561,en,futurama
calculatory,0.0012764640614561,en,futurama
dealy,0.0012764640614561,en,futurama
picklepuss,0.0012764640614561,en,futurama
angrye,0.0012764640614561,en,futurama
giganto,0.0012764640614561,en,futurama
snoogy,0.0012764640614561,en,futurama
civili,0.0012764640614561,en,futurama
jerked,0.0012764640614561,en,futurama
ndnd,0.0012764640614561,en,futurama
bigface,0.0012764640614561,en,futurama
horsecrap,0.0012764640614561,en,futurama
hoverbridge,0.0012764640614561,en,futurama
hatrack,0.0012764640614561,en,futurama
folkish,0.0012764640614561,en,futurama
moneyless,0.0012764640614561,en,futurama
skag,0.0012764640614561,en,futurama
maniacally,0.0012764640614561,en,futurama
scuzzbot,0.0012764640614561,en,futurama
robonian,0.0012764640614561,en,futurama
sexfully,0.0012764640614561,en,futurama
ploding,0.0012764640614561,en,futurama
cosmetologist,0.0012764640614561,en,futurama
fishful,0.0012764640614561,en,futurama
handcarve,0.0012764640614561,en,futurama
farnypoo,0.0012764640614561,en,futurama
roberculosis,0.0012764640614561,en,futurama
robonza,0.0012764640614561,en,futurama
robomadom,0.0012764640614561,en,futurama
colonized,0.0012764640614561,en,futurama
chapek,0.0012764640614561,en,futurama
hemple,0.0012764640614561,en,futurama
deafo,0.0012764640614561,en,futurama
burps,0.0012764640614561,en,futurama
thorais,0.0012764640614561,en,futurama
aracneon,0.0012764640614561,en,futurama
treant,0.0012764640614561,en,futurama
agrow,0.0012764640614561,en,futurama
squeezably,0.0012764640614561,en,futurama
godfella,0.0012764640614561,en,futurama
pullutut,0.0012764640614561,en,futurama
enoughsis,0.0012764640614561,en,futurama
chunder,0.0012764640614561,en,futurama
egypt,0.0012764640614561,en,futurama
sandstone,0.0012764640614561,en,futurama
behindus,0.0012764640614561,en,futurama
hermaphlamingo,0.0012764640614561,en,futurama
nasium,0.0012764640614561,en,futurama
octillion,0.0012764640614561,en,futurama
ofpowerful,0.0012764640614561,en,futurama
cajigger,0.0012764640614561,en,futurama
farina,0.0012764640614561,en,futurama
silken,0.0012764640614561,en,futurama
sirrah,0.0012764640614561,en,futurama
coelacanth,0.0012764640614561,en,futurama
baldercrap,0.0012764640614561,en,futurama
evilla,0.0012764640614561,en,futurama
unlabeled,0.0012764640614561,en,futurama
childishness,0.0012764640614561,en,futurama
birthd,0.0012764640614561,en,futurama
interstice,0.0012764640614561,en,futurama
pavarotti,0.0012764640614561,en,futurama
beelersaurus,0.0012764640614561,en,futurama
labarbra,0.0012764640614561,en,futurama
boogye,0.0012764640614561,en,futurama
girash,0.0012764640614561,en,futurama
gwobal,0.0012764640614561,en,futurama
fuff,0.0012764640614561,en,futurama
goldarn,0.0012764640614561,en,futurama
gineering,0.0012764640614561,en,futurama
gineer,0.0012764640614561,en,futurama
goophy,0.0012764640614561,en,futurama
unforseen,0.0012764640614561,en,futurama
notifie,0.0012764640614561,en,futurama
baconate,0.0012764640614561,en,futurama
lnterplanetary,0.0012764640614561,en,futurama
assful,0.0012764640614561,en,futurama
snuggum,0.0012764640614561,en,futurama
atrosamacy,0.0012764640614561,en,futurama
viselike,0.0012764640614561,en,futurama
everyteen,0.0012764640614561,en,futurama
spiced,0.0012764640614561,en,futurama
aiee,0.0012764640614561,en,futurama
bodkin,0.0012764640614561,en,futurama
koenig,0.0012764640614561,en,futurama
doohan,0.0012764640614561,en,futurama
ignor,0.0012764640614561,en,futurama
debugger,0.0012764640614561,en,futurama
kracken,0.0012764640614561,en,futurama
blurnsman,0.0012764640614561,en,futurama
sulawesi,0.0012764640614561,en,futurama
shmeezus,0.0012764640614561,en,futurama
octahedral,0.0012764640614561,en,futurama
melter,0.0012764640614561,en,futurama
pwow,0.0012764640614561,en,futurama
fwooby,0.0012764640614561,en,futurama
fweeble,0.0012764640614561,en,futurama
fwubby,0.0012764640614561,en,futurama
scwatch,0.0012764640614561,en,futurama
fwuffy,0.0012764640614561,en,futurama
swaying,0.0012764640614561,en,futurama
graviolie,0.0012764640614561,en,futurama
xma,0.0012764640614561,en,futurama
rehiring,0.0012764640614561,en,futurama
ominos,0.0012764640614561,en,futurama
selfiish,0.0012764640614561,en,futurama
blork,0.0012764640614561,en,futurama
dingu,0.0012764640614561,en,futurama
zarlon,0.0012764640614561,en,futurama
blecch,0.0012764640614561,en,futurama
stwoke,0.0012764640614561,en,futurama
pwonounce,0.0012764640614561,en,futurama
dewicious,0.0012764640614561,en,futurama
wespectivewy,0.0012764640614561,en,futurama
zittzer,0.0012764640614561,en,futurama
tarantulon,0.0012764640614561,en,futurama
crybabie,0.0012764640614561,en,futurama
thweat,0.0012764640614561,en,futurama
tewwible,0.0012764640614561,en,futurama
dipey,0.0012764640614561,en,futurama
spritzing,0.0012764640614561,en,futurama
kerchoo,0.0012764640614561,en,futurama
revelant,0.0012764640614561,en,futurama
schmur,0.0012764640614561,en,futurama
shtimuwate,0.0012764640614561,en,futurama
scoopy,0.0012764640614561,en,futurama
uninstall,0.0012764640614561,en,futurama
cyclophage,0.0012764640614561,en,futurama
dablage,0.0012764640614561,en,futurama
tribial,0.0012764640614561,en,futurama
surblibe,0.0012764640614561,en,futurama
unremitte,0.0012764640614561,en,futurama
gygax,0.0012764640614561,en,futurama
diddlypoop,0.0012764640614561,en,futurama
exolinguistic,0.0012764640614561,en,futurama
brainzilla,0.0012764640614561,en,futurama
blacula,0.0012764640614561,en,futurama
onomy,0.0012764640614561,en,futurama
blurke,0.0012764640614561,en,futurama
scroop,0.0012764640614561,en,futurama
quasar,0.0012764640614561,en,futurama
engulfs,0.0012764640614561,en,futurama
coulve,0.0012764640614561,en,futurama
yarnell,0.0012764640614561,en,futurama
numbingly,0.0012764640614561,en,futurama
kinnear,0.0012764640614561,en,futurama
indunda,0.0012764640614561,en,futurama
shmatal,0.0012764640614561,en,futurama
dupey,0.0012764640614561,en,futurama
supey,0.0012764640614561,en,futurama
dumblock,0.0012764640614561,en,futurama
ladybot,0.0012764640614561,en,futurama
bureaucratize,0.0012764640614561,en,futurama
taronga,0.0012764640614561,en,futurama
tonguesmanship,0.0012764640614561,en,futurama
dustcake,0.0012764640614561,en,futurama
boogin,0.0012764640614561,en,futurama
bigfeet,0.0012764640614561,en,futurama
dwelljust,0.0012764640614561,en,futurama
hork,0.0012764640614561,en,futurama
greaselike,0.0012764640614561,en,futurama
womanlike,0.0012764640614561,en,futurama
bourgeoisie,0.0012764640614561,en,futurama
pants,0.0012764640614561,en,futurama
chopchop,0.0012764640614561,en,futurama
noncomputerized,0.0012764640614561,en,futurama
touchingly,0.0012764640614561,en,futurama
blithery,0.0012764640614561,en,futurama
gamy,0.0012764640614561,en,futurama
mutateous,0.0012764640614561,en,futurama
bazender,0.0012764640614561,en,futurama
unscalable,0.0012764640614561,en,futurama
weirdie,0.0012764640614561,en,futurama
cicle,0.0012764640614561,en,futurama
rodden,0.0012764640614561,en,futurama
snipping,0.0012764640614561,en,futurama
seekest,0.0012764640614561,en,futurama
diggety,0.0012764640614561,en,futurama
splainin,0.0012764640614561,en,futurama
puegot,0.0012764640614561,en,futurama
bureaucra,0.0012764640614561,en,futurama
kevorking,0.0012764640614561,en,futurama
dugong,0.0012764640614561,en,futurama
crumbnuncher,0.0012764640614561,en,futurama
trocious,0.0012764640614561,en,futurama
inventing,0.0012764640614561,en,futurama
basta,0.0012764640614561,en,futurama
porco,0.0012764640614561,en,futurama
bumbailey,0.0012764640614561,en,futurama
magnifica,0.0012764640614561,en,futurama
unpainte,0.0012764640614561,en,futurama
approacheth,0.0012764640614561,en,futurama
carpetbagger,0.0012764640614561,en,futurama
hoverdumpster,0.0012764640614561,en,futurama
dysfunc,0.0012764640614561,en,futurama
poopiter,0.0012764640614561,en,futurama
pimpson,0.0012764640614561,en,futurama
nudery,0.0012764640614561,en,futurama
deciphering,0.0012764640614561,en,futurama
overdevelope,0.0012764640614561,en,futurama
indeededly,0.0012764640614561,en,futurama
shmaneurysm,0.0012764640614561,en,futurama
smeesh,0.0012764640614561,en,futurama
reptilicus,0.0012764640614561,en,futurama
interestinger,0.0012764640614561,en,futurama
squito,0.0012764640614561,en,futurama
spybot,0.0012764640614561,en,futurama
twupdate,0.0012764640614561,en,futurama
isode,0.0012764640614561,en,futurama
mellonger,0.0012764640614561,en,futurama
osterone,0.0012764640614561,en,futurama
tafari,0.0012764640614561,en,futurama
filthmonger,0.0012764640614561,en,futurama
culkon,0.0012764640614561,en,futurama
opolize,0.0012764640614561,en,futurama
posie,0.0012764640614561,en,futurama
pussyfootcuppe,0.0012764640614561,en,futurama
winking,0.0012764640614561,en,futurama
robosex,0.0012764640614561,en,futurama
zai,0.0012764640614561,en,futurama
sneato,0.0012764640614561,en,futurama
yesterdayse,0.0012764640614561,en,futurama
flabbo,0.0012764640614561,en,futurama
landie,0.0012764640614561,en,futurama
extenso,0.0012764640614561,en,futurama
calcy,0.0012764640614561,en,futurama
paddleboat,0.0012764640614561,en,futurama
obsoletely,0.0012764640614561,en,futurama
turtledove,0.0012764640614561,en,futurama
partway,0.0012764640614561,en,futurama
zoidy,0.0012764640614561,en,futurama
splintery,0.0012764640614561,en,futurama
waterwheel,0.0012764640614561,en,futurama
umbriel,0.0012764640614561,en,futurama
girlishly,0.0012764640614561,en,futurama
femmzoil,0.0012764640614561,en,futurama
snuh,0.0012764640614561,en,futurama
testoster,0.0012764640614561,en,futurama
uddli,0.0012764640614561,en,futurama
shweet,0.0012764640614561,en,futurama
fabulatious,0.0012764640614561,en,futurama
terminate,0.0012686020684546,en,futurama
scrap,0.0012686020684546,en,futurama
airport,0.0012671626629114,en,futurama
tattoo,0.0012671626629114,en,futurama
tone,0.0012671626629114,en,futurama
generous,0.0012671626629114,en,futurama
joy,0.0012671626629114,en,futurama
banquet,0.0012590110474358,en,futurama
stylish,0.0012590110474358,en,futurama
mutilate,0.0012590110474358,en,futurama
lowly,0.0012590110474358,en,futurama
preside,0.0012590110474358,en,futurama
spanking,0.0012590110474358,en,futurama
shank,0.0012590110474358,en,futurama
species,0.0012590110474358,en,futurama
pouch,0.0012590110474358,en,futurama
pottery,0.0012590110474358,en,futurama
honking,0.0012590110474358,en,futurama
distinguished,0.0012590110474358,en,futurama
joe,0.0012590110474358,en,futurama
mush,0.0012590110474358,en,futurama
gruesome,0.0012590110474358,en,futurama
foresee,0.0012590110474358,en,futurama
ultra,0.0012590110474358,en,futurama
performance,0.0012567511307364,en,futurama
smash,0.0012567511307364,en,futurama
bless,0.0012567511307364,en,futurama
battery,0.0012567511307364,en,futurama
invade,0.0012566703070556,en,futurama
vessel,0.0012566703070556,en,futurama
stiff,0.0012566703070556,en,futurama
lighten,0.0012566703070556,en,futurama
region,0.0012566703070556,en,futurama
minded,0.0012566703070556,en,futurama
muffin,0.0012566703070556,en,futurama
drip,0.0012566703070556,en,futurama
pickup,0.0012566703070556,en,futurama
opening,0.0012464474920277,en,futurama
weather,0.0012464474920277,en,futurama
ton,0.0012464474920277,en,futurama
spit,0.0012464474920277,en,futurama
revenge,0.0012464474920277,en,futurama
concentrate,0.0012464474920277,en,futurama
climb,0.0012464474920277,en,futurama
inform,0.0012464474920277,en,futurama
rude,0.0012464474920277,en,futurama
ban,0.0012449264552401,en,futurama
rhythm,0.0012449264552401,en,futurama
broadcast,0.0012449264552401,en,futurama
brighten,0.0012409310142875,en,futurama
mining,0.0012409310142875,en,futurama
hoo,0.0012409310142875,en,futurama
raisin,0.0012409310142875,en,futurama
hub,0.0012409310142875,en,futurama
villager,0.0012409310142875,en,futurama
recycling,0.0012409310142875,en,futurama
consistency,0.0012409310142875,en,futurama
sear,0.0012409310142875,en,futurama
amazon,0.0012409310142875,en,futurama
sleazy,0.0012409310142875,en,futurama
media,0.0012409310142875,en,futurama
stealth,0.0012409310142875,en,futurama
maul,0.0012409310142875,en,futurama
voting,0.0012409310142875,en,futurama
yankee,0.0012409310142875,en,futurama
aquarium,0.0012409310142875,en,futurama
shush,0.0012409310142875,en,futurama
slide,0.0012362495335272,en,futurama
kidnap,0.0012362495335272,en,futurama
aid,0.0012362495335272,en,futurama
punish,0.0012362495335272,en,futurama
tow,0.0012333646859986,en,futurama
desperately,0.0012333646859986,en,futurama
summon,0.0012333646859986,en,futurama
closing,0.0012333646859986,en,futurama
enormous,0.0012333646859986,en,futurama
philosophy,0.0012333646859986,en,futurama
false,0.0012261551093879,en,futurama
sensitive,0.0012261551093879,en,futurama
swallow,0.0012261551093879,en,futurama
optimism,0.0012234855008408,en,futurama
exterminate,0.0012234855008408,en,futurama
hypnosis,0.0012234855008408,en,futurama
goggle,0.0012234855008408,en,futurama
hoof,0.0012234855008408,en,futurama
chirp,0.0012234855008408,en,futurama
skating,0.0012234855008408,en,futurama
caribbean,0.0012234855008408,en,futurama
sandal,0.0012234855008408,en,futurama
leisure,0.0012234855008408,en,futurama
scotty,0.0012234855008408,en,futurama
crock,0.0012234855008408,en,futurama
skunk,0.0012234855008408,en,futurama
expendable,0.0012234855008408,en,futurama
reaper,0.0012234855008408,en,futurama
shareholder,0.0012234855008408,en,futurama
binocular,0.0012234855008408,en,futurama
mint,0.0012219794392287,en,futurama
foolish,0.0012219794392287,en,futurama
sophisticated,0.0012219794392287,en,futurama
freezer,0.0012219794392287,en,futurama
humble,0.0012219794392287,en,futurama
sword,0.0012219794392287,en,futurama
silent,0.0012161621384642,en,futurama
spring,0.0012161621384642,en,futurama
illegal,0.0012161621384642,en,futurama
cancer,0.0012161621384642,en,futurama
license,0.0012161621384642,en,futurama
talent,0.0012161621384642,en,futurama
pride,0.0012161621384642,en,futurama
warning,0.0012161621384642,en,futurama
difficulty,0.0012107654056793,en,futurama
coordinate,0.0012107654056793,en,futurama
lifestyle,0.0012107654056793,en,futurama
category,0.0012107654056793,en,futurama
wicked,0.0012107654056793,en,futurama
eating,0.0012066314760051,en,futurama
dreadful,0.0012066314760051,en,futurama
metaphorically,0.0012066314760051,en,futurama
dehydration,0.0012066314760051,en,futurama
mutt,0.0012066314760051,en,futurama
pompous,0.0012066314760051,en,futurama
toenail,0.0012066314760051,en,futurama
torso,0.0012066314760051,en,futurama
commandment,0.0012066314760051,en,futurama
sonny,0.0012066314760051,en,futurama
nosy,0.0012066314760051,en,futurama
zen,0.0012066314760051,en,futurama
foreigner,0.0012066314760051,en,futurama
gamma,0.0012066314760051,en,futurama
romantically,0.0012066314760051,en,futurama
feat,0.0012066314760051,en,futurama
controller,0.0012066314760051,en,futurama
density,0.0012066314760051,en,futurama
speciman,0.0012066314760051,en,futurama
holdup,0.0012066314760051,en,futurama
attend,0.001206268601736,en,futurama
disappoint,0.001206268601736,en,futurama
extremely,0.001206268601736,en,futurama
profile,0.001206268601736,en,futurama
useful,0.001206268601736,en,futurama
chat,0.001206268601736,en,futurama
satisfy,0.0011997175120834,en,futurama
wealthy,0.0011997175120834,en,futurama
reset,0.0011997175120834,en,futurama
surprisingly,0.0011997175120834,en,futurama
scheme,0.0011997175120834,en,futurama
campus,0.0011997175120834,en,futurama
permanently,0.0011997175120834,en,futurama
importance,0.0011997175120834,en,futurama
musical,0.0011997175120834,en,futurama
drum,0.0011997175120834,en,futurama
barbecue,0.0011997175120834,en,futurama
hundred,0.0011964725398608,en,futurama
exit,0.0011964725398608,en,futurama
community,0.0011964725398608,en,futurama
flash,0.0011964725398608,en,futurama
activity,0.0011964725398608,en,futurama
repent,0.0011903301428535,en,futurama
pitiful,0.0011903301428535,en,futurama
adjacent,0.0011903301428535,en,futurama
ordinarily,0.0011903301428535,en,futurama
evasive,0.0011903301428535,en,futurama
indicator,0.0011903301428535,en,futurama
brute,0.0011903301428535,en,futurama
cognitive,0.0011903301428535,en,futurama
picky,0.0011903301428535,en,futurama
windy,0.0011903301428535,en,futurama
squish,0.0011903301428535,en,futurama
posture,0.0011903301428535,en,futurama
remnant,0.0011903301428535,en,futurama
tinkle,0.0011903301428535,en,futurama
efficiency,0.0011903301428535,en,futurama
huddle,0.0011903301428535,en,futurama
trot,0.0011903301428535,en,futurama
goo,0.0011903301428535,en,futurama
hardware,0.001188830907377,en,futurama
generate,0.001188830907377,en,futurama
whine,0.001188830907377,en,futurama
merely,0.001188830907377,en,futurama
demonstrate,0.001188830907377,en,futurama
cease,0.001188830907377,en,futurama
rap,0.001188830907377,en,futurama
pony,0.001188830907377,en,futurama
training,0.0011867720508445,en,futurama
opposite,0.0011867720508445,en,futurama
insurance,0.0011867720508445,en,futurama
cabin,0.0011781009499096,en,futurama
fishing,0.0011781009499096,en,futurama
prom,0.0011781009499096,en,futurama
casual,0.0011781009499096,en,futurama
decorate,0.0011781009499096,en,futurama
sleeve,0.0011781009499096,en,futurama
knight,0.0011781009499096,en,futurama
comb,0.0011781009499096,en,futurama
valley,0.0011781009499096,en,futurama
struggle,0.0011771652878252,en,futurama
client,0.0011771652878252,en,futurama
bedroom,0.0011771652878252,en,futurama
solution,0.0011771652878252,en,futurama
petere,0.0011756763590602,en,futurama
takey,0.0011756763590602,en,futurama
achusett,0.0011756763590602,en,futurama
coffiin,0.0011756763590602,en,futurama
deviled,0.0011756763590602,en,futurama
sightedness,0.0011756763590602,en,futurama
tex,0.0011756763590602,en,futurama
stereophonic,0.0011756763590602,en,futurama
seen,0.0011756763590602,en,futurama
cushiony,0.0011756763590602,en,futurama
muskrat,0.0011756763590602,en,futurama
unsubscribe,0.0011756763590602,en,futurama
hillel,0.0011756763590602,en,futurama
bounding,0.0011756763590602,en,futurama
centralized,0.0011756763590602,en,futurama
flavoring,0.0011756763590602,en,futurama
bighead,0.0011756763590602,en,futurama
signifiicant,0.0011756763590602,en,futurama
milken,0.0011756763590602,en,futurama
lota,0.0011756763590602,en,futurama
graviton,0.0011756763590602,en,futurama
roca,0.0011756763590602,en,futurama
freeloading,0.0011756763590602,en,futurama
spittoon,0.0011756763590602,en,futurama
anything,0.0011756763590602,en,futurama
helmsman,0.0011756763590602,en,futurama
parsec,0.0011756763590602,en,futurama
plausibility,0.0011756763590602,en,futurama
teetotaling,0.0011756763590602,en,futurama
cootchie,0.0011756763590602,en,futurama
spewer,0.0011756763590602,en,futurama
chanukah,0.0011756763590602,en,futurama
cloaca,0.0011756763590602,en,futurama
blek,0.0011756763590602,en,futurama
osmium,0.0011756763590602,en,futurama
peacenik,0.0011756763590602,en,futurama
gefilte,0.0011756763590602,en,futurama
papele,0.0011756763590602,en,futurama
smasher,0.0011756763590602,en,futurama
tailgater,0.0011756763590602,en,futurama
ayn,0.0011756763590602,en,futurama
trasher,0.0011756763590602,en,futurama
yakov,0.0011756763590602,en,futurama
honoree,0.0011756763590602,en,futurama
sexily,0.0011756763590602,en,futurama
strug,0.0011756763590602,en,futurama
grasshopp,0.0011756763590602,en,futurama
insectoid,0.0011756763590602,en,futurama
brite,0.0011756763590602,en,futurama
piloting,0.0011756763590602,en,futurama
webisode,0.0011756763590602,en,futurama
stogy,0.0011756763590602,en,futurama
twill,0.0011756763590602,en,futurama
deviously,0.0011756763590602,en,futurama
mouthwatering,0.0011756763590602,en,futurama
abutment,0.0011756763590602,en,futurama
tonite,0.0011756763590602,en,futurama
unambitious,0.0011756763590602,en,futurama
hammerstein,0.0011756763590602,en,futurama
sportscast,0.0011756763590602,en,futurama
singed,0.0011756763590602,en,futurama
pickled,0.0011756763590602,en,futurama
mcgovern,0.0011756763590602,en,futurama
porpoise,0.0011756763590602,en,futurama
barfy,0.0011756763590602,en,futurama
eversion,0.0011756763590602,en,futurama
preposterously,0.0011756763590602,en,futurama
swarthy,0.0011756763590602,en,futurama
mell,0.0011756763590602,en,futurama
monstro,0.0011756763590602,en,futurama
overstuff,0.0011756763590602,en,futurama
intrinsically,0.0011756763590602,en,futurama
symbolist,0.0011756763590602,en,futurama
lek,0.0011756763590602,en,futurama
multiculturalism,0.0011756763590602,en,futurama
mcdlt,0.0011756763590602,en,futurama
mechano,0.0011756763590602,en,futurama
pauly,0.0011756763590602,en,futurama
kwanza,0.0011756763590602,en,futurama
tinny,0.0011756763590602,en,futurama
phonograph,0.0011756763590602,en,futurama
broiler,0.0011756763590602,en,futurama
mildre,0.0011756763590602,en,futurama
tribble,0.0011756763590602,en,futurama
octagonal,0.0011756763590602,en,futurama
microtesla,0.0011756763590602,en,futurama
wouldst,0.0011756763590602,en,futurama
derisively,0.0011756763590602,en,futurama
downcourt,0.0011756763590602,en,futurama
mislay,0.0011756763590602,en,futurama
bendin,0.0011756763590602,en,futurama
bosomy,0.0011756763590602,en,futurama
takei,0.0011756763590602,en,futurama
phlebitis,0.0011756763590602,en,futurama
airdate,0.0011756763590602,en,futurama
vacantly,0.0011756763590602,en,futurama
shrimpy,0.0011756763590602,en,futurama
skeeball,0.0011756763590602,en,futurama
exercycle,0.0011756763590602,en,futurama
eviler,0.0011756763590602,en,futurama
holo,0.0011756763590602,en,futurama
mervin,0.0011756763590602,en,futurama
thither,0.0011756763590602,en,futurama
smoochy,0.0011756763590602,en,futurama
naptime,0.0011756763590602,en,futurama
lowery,0.0011756763590602,en,futurama
lincolns,0.0011756763590602,en,futurama
lne,0.0011756763590602,en,futurama
freebase,0.0011756763590602,en,futurama
clanky,0.0011756763590602,en,futurama
masterwork,0.0011756763590602,en,futurama
wonderment,0.0011756763590602,en,futurama
polisher,0.0011756763590602,en,futurama
ioneli,0.0011756763590602,en,futurama
galloping,0.0011756763590602,en,futurama
lowercase,0.0011756763590602,en,futurama
div,0.0011756763590602,en,futurama
aroused,0.0011756763590602,en,futurama
fastness,0.0011756763590602,en,futurama
untalente,0.0011756763590602,en,futurama
uncease,0.0011756763590602,en,futurama
crunk,0.0011756763590602,en,futurama
mudbug,0.0011756763590602,en,futurama
polygrip,0.0011756763590602,en,futurama
pentimento,0.0011756763590602,en,futurama
verdant,0.0011756763590602,en,futurama
univer,0.0011756763590602,en,futurama
batboy,0.0011756763590602,en,futurama
robote,0.0011756763590602,en,futurama
nert,0.0011756763590602,en,futurama
paramecium,0.0011756763590602,en,futurama
wallaby,0.0011756763590602,en,futurama
handcrafted,0.0011756763590602,en,futurama
titillating,0.0011756763590602,en,futurama
caplan,0.0011756763590602,en,futurama
mangia,0.0011756763590602,en,futurama
rampaging,0.0011756763590602,en,futurama
grav,0.0011756763590602,en,futurama
twi,0.0011756763590602,en,futurama
virgon,0.0011756763590602,en,futurama
superconductive,0.0011756763590602,en,futurama
superheroe,0.0011756763590602,en,futurama
sweetiekin,0.0011756763590602,en,futurama
plotze,0.0011756763590602,en,futurama
earthle,0.0011756763590602,en,futurama
mylanta,0.0011756763590602,en,futurama
watercraft,0.0011756763590602,en,futurama
gravano,0.0011756763590602,en,futurama
nicoise,0.0011756763590602,en,futurama
pyloric,0.0011756763590602,en,futurama
cyclopse,0.0011756763590602,en,futurama
dabba,0.0011756763590602,en,futurama
gameboy,0.0011756763590602,en,futurama
tantalizing,0.0011756763590602,en,futurama
pixelate,0.0011756763590602,en,futurama
lexia,0.0011756763590602,en,futurama
bathmat,0.0011756763590602,en,futurama
sizer,0.0011756763590602,en,futurama
smokable,0.0011756763590602,en,futurama
whoozit,0.0011756763590602,en,futurama
grumpiness,0.0011756763590602,en,futurama
olympus,0.0011756763590602,en,futurama
septuplet,0.0011756763590602,en,futurama
yow,0.0011756763590602,en,futurama
twos,0.0011756763590602,en,futurama
romo,0.0011756763590602,en,futurama
willst,0.0011756763590602,en,futurama
unhackable,0.0011756763590602,en,futurama
tarpaper,0.0011756763590602,en,futurama
prudently,0.0011756763590602,en,futurama
stub,0.0011745464007105,en,futurama
discard,0.0011745464007105,en,futurama
cougar,0.0011745464007105,en,futurama
shameful,0.0011745464007105,en,futurama
roosevelt,0.0011745464007105,en,futurama
outrun,0.0011745464007105,en,futurama
electromagnetic,0.0011745464007105,en,futurama
norm,0.0011745464007105,en,futurama
concur,0.0011745464007105,en,futurama
retaliate,0.0011745464007105,en,futurama
ridicule,0.0011745464007105,en,futurama
skateboard,0.0011745464007105,en,futurama
gourmet,0.0011745464007105,en,futurama
occupation,0.0011745464007105,en,futurama
sewage,0.0011745464007105,en,futurama
chitchat,0.0011745464007105,en,futurama
abomination,0.0011745464007105,en,futurama
bronze,0.0011745464007105,en,futurama
hank,0.0011745464007105,en,futurama
dong,0.0011745464007105,en,futurama
navigate,0.0011745464007105,en,futurama
devious,0.0011745464007105,en,futurama
seam,0.0011745464007105,en,futurama
replica,0.0011745464007105,en,futurama
artwork,0.0011745464007105,en,futurama
torture,0.0011676504569624,en,futurama
bug,0.0011676504569624,en,futurama
pour,0.0011676504569624,en,futurama
neighborhood,0.0011676504569624,en,futurama
naive,0.001167523195561,en,futurama
greek,0.001167523195561,en,futurama
sail,0.001167523195561,en,futurama
sponsor,0.001167523195561,en,futurama
troop,0.001167523195561,en,futurama
secretly,0.001167523195561,en,futurama
ending,0.001167523195561,en,futurama
doggy,0.0011592483900363,en,futurama
processor,0.0011592483900363,en,futurama
buzzing,0.0011592483900363,en,futurama
terry,0.0011592483900363,en,futurama
tenure,0.0011592483900363,en,futurama
salute,0.0011592483900363,en,futurama
waterfall,0.0011592483900363,en,futurama
patriot,0.0011592483900363,en,futurama
psst,0.0011592483900363,en,futurama
maggot,0.0011592483900363,en,futurama
trajectory,0.0011592483900363,en,futurama
bouquet,0.0011592483900363,en,futurama
graft,0.0011592483900363,en,futurama
exchange,0.0011582258154268,en,futurama
guarantee,0.0011582258154268,en,futurama
bang,0.0011582258154268,en,futurama
stake,0.0011582258154268,en,futurama
defense,0.0011582258154268,en,futurama
affect,0.0011582258154268,en,futurama
danny,0.0011570933866902,en,futurama
champion,0.0011570933866902,en,futurama
liver,0.0011570933866902,en,futurama
blond,0.0011570933866902,en,futurama
analysis,0.0011570933866902,en,futurama
sabotage,0.0011570933866902,en,futurama
seek,0.0011488896694845,en,futurama
envelope,0.0011468074418456,en,futurama
hollow,0.0011468074418456,en,futurama
rash,0.0011468074418456,en,futurama
polish,0.0011468074418456,en,futurama
combine,0.0011468074418456,en,futurama
makeup,0.0011468074418456,en,futurama
zoo,0.0011468074418456,en,futurama
western,0.0011468074418456,en,futurama
album,0.0011468074418456,en,futurama
cabinet,0.0011468074418456,en,futurama
catastrophic,0.0011444071052727,en,futurama
delirious,0.0011444071052727,en,futurama
eld,0.0011444071052727,en,futurama
accordingly,0.0011444071052727,en,futurama
persona,0.0011444071052727,en,futurama
visionary,0.0011444071052727,en,futurama
coil,0.0011444071052727,en,futurama
merge,0.0011444071052727,en,futurama
mascot,0.0011444071052727,en,futurama
stereotype,0.0011444071052727,en,futurama
supermodel,0.0011444071052727,en,futurama
corny,0.0011444071052727,en,futurama
imprint,0.0011444071052727,en,futurama
preacher,0.0011444071052727,en,futurama
immortality,0.0011444071052727,en,futurama
cardboard,0.0011444071052727,en,futurama
hotshot,0.0011444071052727,en,futurama
prevail,0.0011444071052727,en,futurama
degrade,0.0011444071052727,en,futurama
tornado,0.0011444071052727,en,futurama
pornography,0.0011444071052727,en,futurama
attempt,0.0011396403726698,en,futurama
poison,0.0011396403726698,en,futurama
breed,0.0011366614461764,en,futurama
substance,0.0011366614461764,en,futurama
legally,0.0011366614461764,en,futurama
flood,0.0011366614461764,en,futurama
definition,0.0011366614461764,en,futurama
rear,0.0011366614461764,en,futurama
constantly,0.0011366614461764,en,futurama
plane,0.0011304763240429,en,futurama
seal,0.0011304763240429,en,futurama
excited,0.0011304763240429,en,futurama
main,0.0011304763240429,en,futurama
healthy,0.0011304763240429,en,futurama
potent,0.0011299960638235,en,futurama
pave,0.0011299960638235,en,futurama
handbook,0.0011299960638235,en,futurama
puberty,0.0011299960638235,en,futurama
subscription,0.0011299960638235,en,futurama
frequently,0.0011299960638235,en,futurama
boredom,0.0011299960638235,en,futurama
spectacle,0.0011299960638235,en,futurama
intestine,0.0011299960638235,en,futurama
owl,0.0011299960638235,en,futurama
insignificant,0.0011299960638235,en,futurama
raspberry,0.0011299960638235,en,futurama
gibberish,0.0011299960638235,en,futurama
disability,0.0011299960638235,en,futurama
collide,0.0011299960638235,en,futurama
duplicate,0.0011299960638235,en,futurama
furry,0.0011299960638235,en,futurama
detonator,0.0011299960638235,en,futurama
shoo,0.0011299960638235,en,futurama
heavenly,0.0011299960638235,en,futurama
gent,0.0011299960638235,en,futurama
virgin,0.001126651642486,en,futurama
pencil,0.001126651642486,en,futurama
chin,0.001126651642486,en,futurama
pinch,0.001126651642486,en,futurama
motor,0.001126651642486,en,futurama
brick,0.001126651642486,en,futurama
bold,0.001126651642486,en,futurama
general,0.0011213959665266,en,futurama
stranger,0.0011213959665266,en,futurama
medical,0.0011213959665266,en,futurama
positive,0.0011213959665266,en,futurama
ensure,0.0011167744228795,en,futurama
gene,0.0011167744228795,en,futurama
ugh,0.0011167744228795,en,futurama
porn,0.0011167744228795,en,futurama
resume,0.0011167744228795,en,futurama
pancake,0.0011167744228795,en,futurama
pepperoni,0.0011159910216772,en,futurama
historic,0.0011159910216772,en,futurama
elusive,0.0011159910216772,en,futurama
cosmetic,0.0011159910216772,en,futurama
mustache,0.0011159910216772,en,futurama
chorus,0.0011159910216772,en,futurama
checkbook,0.0011159910216772,en,futurama
scoot,0.0011159910216772,en,futurama
infest,0.0011159910216772,en,futurama
swollen,0.0011159910216772,en,futurama
curly,0.0011159910216772,en,futurama
heritage,0.0011159910216772,en,futurama
ruler,0.0011159910216772,en,futurama
imitate,0.0011159910216772,en,futurama
photo,0.0011123977853181,en,futurama
harm,0.0011123977853181,en,futurama
repeat,0.0011123977853181,en,futurama
flight,0.0011123977853181,en,futurama
immediately,0.0011123977853181,en,futurama
curious,0.0011123977853181,en,futurama
fee,0.0011070263209564,en,futurama
content,0.0011070263209564,en,futurama
teenage,0.0011070263209564,en,futurama
vow,0.0011070263209564,en,futurama
fairy,0.0011070263209564,en,futurama
dessert,0.0011070263209564,en,futurama
nest,0.0011070263209564,en,futurama
verily,0.0011041663461809,en,futurama
guzzler,0.0011041663461809,en,futurama
twerps,0.0011041663461809,en,futurama
jalapeno,0.0011041663461809,en,futurama
scuzzball,0.0011041663461809,en,futurama
drat,0.0011041663461809,en,futurama
weirdoes,0.0011041663461809,en,futurama
eyeless,0.0011041663461809,en,futurama
circuitous,0.0011041663461809,en,futurama
jabbering,0.0011041663461809,en,futurama
mosh,0.0011041663461809,en,futurama
bellyaching,0.0011041663461809,en,futurama
zeppelin,0.0011041663461809,en,futurama
reeducate,0.0011041663461809,en,futurama
yowsa,0.0011041663461809,en,futurama
innings,0.0011041663461809,en,futurama
meatier,0.0011041663461809,en,futurama
honeybee,0.0011041663461809,en,futurama
nonmetallic,0.0011041663461809,en,futurama
whippersnapper,0.0011041663461809,en,futurama
forthwith,0.0011041663461809,en,futurama
smelt,0.0011041663461809,en,futurama
fie,0.0011041663461809,en,futurama
levelheade,0.0011041663461809,en,futurama
superboy,0.0011041663461809,en,futurama
scamming,0.0011041663461809,en,futurama
queequeg,0.0011041663461809,en,futurama
rastafarian,0.0011041663461809,en,futurama
ros,0.0011041663461809,en,futurama
toblerone,0.0011041663461809,en,futurama
scabbing,0.0011041663461809,en,futurama
azure,0.0011041663461809,en,futurama
weirdy,0.0011041663461809,en,futurama
centaur,0.0011041663461809,en,futurama
javelin,0.0011041663461809,en,futurama
cinematography,0.0011041663461809,en,futurama
frankie,0.0011041663461809,en,futurama
jowl,0.0011041663461809,en,futurama
charleston,0.0011041663461809,en,futurama
bader,0.0011041663461809,en,futurama
sega,0.0011041663461809,en,futurama
suz,0.0011041663461809,en,futurama
gussie,0.0011041663461809,en,futurama
narration,0.0011041663461809,en,futurama
xeroxed,0.0011041663461809,en,futurama
timesaver,0.0011041663461809,en,futurama
mutagenic,0.0011041663461809,en,futurama
clambake,0.0011041663461809,en,futurama
nuit,0.0011041663461809,en,futurama
humdinger,0.0011041663461809,en,futurama
nonviolence,0.0011041663461809,en,futurama
ladyfinger,0.0011041663461809,en,futurama
welp,0.0011041663461809,en,futurama
thoughtlessly,0.0011041663461809,en,futurama
shoeshine,0.0011041663461809,en,futurama
crudely,0.0011041663461809,en,futurama
clothesline,0.0011041663461809,en,futurama
fop,0.0011041663461809,en,futurama
cineplex,0.0011041663461809,en,futurama
rigger,0.0011041663461809,en,futurama
perspicacity,0.0011041663461809,en,futurama
petitioned,0.0011041663461809,en,futurama
libber,0.0011041663461809,en,futurama
americana,0.0011041663461809,en,futurama
jalopy,0.0011041663461809,en,futurama
decongestant,0.0011041663461809,en,futurama
tetrahedron,0.0011041663461809,en,futurama
proctology,0.0011041663461809,en,futurama
monogrammed,0.0011041663461809,en,futurama
nimoy,0.0011041663461809,en,futurama
croque,0.0011041663461809,en,futurama
playah,0.0011041663461809,en,futurama
gillman,0.0011041663461809,en,futurama
chiseler,0.0011041663461809,en,futurama
overact,0.0011041663461809,en,futurama
nfc,0.0011041663461809,en,futurama
parasol,0.0011041663461809,en,futurama
proportionately,0.0011041663461809,en,futurama
wove,0.0011041663461809,en,futurama
skipping,0.0011041663461809,en,futurama
listerine,0.0011041663461809,en,futurama
mouseketeer,0.0011041663461809,en,futurama
shanghai,0.0011041663461809,en,futurama
smoosh,0.0011041663461809,en,futurama
tittle,0.0011041663461809,en,futurama
maraca,0.0011041663461809,en,futurama
impeachment,0.0011041663461809,en,futurama
exiled,0.0011041663461809,en,futurama
sitar,0.0011041663461809,en,futurama
mondale,0.0011041663461809,en,futurama
soaker,0.0011041663461809,en,futurama
neutrality,0.0011041663461809,en,futurama
enchirito,0.0011041663461809,en,futurama
unimpressive,0.0011041663461809,en,futurama
danson,0.0011041663461809,en,futurama
potentate,0.0011041663461809,en,futurama
squab,0.0011041663461809,en,futurama
quickness,0.0011041663461809,en,futurama
kerr,0.0011041663461809,en,futurama
breezeway,0.0011041663461809,en,futurama
lawbreaker,0.0011041663461809,en,futurama
unaccountable,0.0011041663461809,en,futurama
clop,0.0011041663461809,en,futurama
ance,0.0011041663461809,en,futurama
stupidness,0.0011041663461809,en,futurama
smirnoff,0.0011041663461809,en,futurama
starling,0.0011041663461809,en,futurama
gastro,0.0011041663461809,en,futurama
kowtow,0.0011041663461809,en,futurama
uninteresting,0.0011041663461809,en,futurama
sandcastle,0.0011041663461809,en,futurama
thusly,0.0011041663461809,en,futurama
thattagirl,0.0011041663461809,en,futurama
environmentalism,0.0011041663461809,en,futurama
gadda,0.0011041663461809,en,futurama
ginsburg,0.0011041663461809,en,futurama
sus,0.0011041663461809,en,futurama
hilariously,0.0011041663461809,en,futurama
tabulation,0.0011041663461809,en,futurama
trike,0.0011041663461809,en,futurama
cookware,0.0011041663461809,en,futurama
picard,0.0011041663461809,en,futurama
bereft,0.0011041663461809,en,futurama
icbm,0.0011041663461809,en,futurama
hermes,0.0011041663461809,en,futurama
belabor,0.0011041663461809,en,futurama
smutty,0.0011041663461809,en,futurama
confection,0.0011041663461809,en,futurama
upchuck,0.0011041663461809,en,futurama
pointlessly,0.0011041663461809,en,futurama
dozy,0.0011041663461809,en,futurama
bending,0.0011041663461809,en,futurama
shrinky,0.0011041663461809,en,futurama
badunkadunk,0.0011041663461809,en,futurama
coffeepot,0.0011041663461809,en,futurama
surve,0.0011041663461809,en,futurama
slowing,0.0011041663461809,en,futurama
frijol,0.0011041663461809,en,futurama
marketability,0.0011041663461809,en,futurama
afore,0.0011041663461809,en,futurama
periscope,0.0011041663461809,en,futurama
ious,0.0011041663461809,en,futurama
iabor,0.0011041663461809,en,futurama
breakneck,0.0011041663461809,en,futurama
scuzzy,0.0011041663461809,en,futurama
boesky,0.0011041663461809,en,futurama
bandanna,0.0011041663461809,en,futurama
fevere,0.0011041663461809,en,futurama
passerby,0.0011041663461809,en,futurama
recitation,0.0011041663461809,en,futurama
tinkertoy,0.0011041663461809,en,futurama
rus,0.0011041663461809,en,futurama
grade,0.0011034803063732,en,futurama
wrap,0.0011034803063732,en,futurama
tranquilizer,0.0011023697280013,en,futurama
spaghetti,0.0011023697280013,en,futurama
socket,0.0011023697280013,en,futurama
pointy,0.0011023697280013,en,futurama
screening,0.0011023697280013,en,futurama
fiery,0.0011023697280013,en,futurama
restart,0.0011023697280013,en,futurama
edgy,0.0011023697280013,en,futurama
pointer,0.0011023697280013,en,futurama
laboratory,0.0011023697280013,en,futurama
turnout,0.0011023697280013,en,futurama
fertility,0.0011023697280013,en,futurama
camouflage,0.0011023697280013,en,futurama
chapter,0.0010974040045068,en,futurama
warehouse,0.0010974040045068,en,futurama
dip,0.0010974040045068,en,futurama
cocktail,0.0010974040045068,en,futurama
datum,0.0010974040045068,en,futurama
wolf,0.0010974040045068,en,futurama
bark,0.0010974040045068,en,futurama
motel,0.0010974040045068,en,futurama
sympathy,0.0010974040045068,en,futurama
market,0.0010946420949564,en,futurama
asleep,0.0010946420949564,en,futurama
memorable,0.0010891117124701,en,futurama
deem,0.0010891117124701,en,futurama
disposable,0.0010891117124701,en,futurama
loner,0.0010891117124701,en,futurama
bong,0.0010891117124701,en,futurama
thong,0.0010891117124701,en,futurama
painfully,0.0010891117124701,en,futurama
scorpion,0.0010891117124701,en,futurama
volcano,0.0010891117124701,en,futurama
splatter,0.0010891117124701,en,futurama
organized,0.0010891117124701,en,futurama
sore,0.0010879042686736,en,futurama
minimum,0.0010879042686736,en,futurama
announcement,0.0010879042686736,en,futurama
maid,0.0010879042686736,en,futurama
bye,0.0010879042686736,en,futurama
blend,0.0010879042686736,en,futurama
cherry,0.0010879042686736,en,futurama
peek,0.0010879042686736,en,futurama
hall,0.0010858817542556,en,futurama
shoulder,0.0010858817542556,en,futurama
starter,0.0010785240295441,en,futurama
cart,0.0010785240295441,en,futurama
fairly,0.0010785240295441,en,futurama
symbol,0.0010785240295441,en,futurama
replacement,0.0010785240295441,en,futurama
poke,0.0010785240295441,en,futurama
flee,0.0010785240295441,en,futurama
gray,0.0010785240295441,en,futurama
handy,0.0010785240295441,en,futurama
bare,0.0010785240295441,en,futurama
bolt,0.0010785240295441,en,futurama
shop,0.0010771979240576,en,futurama
approach,0.0010771979240576,en,futurama
exterior,0.0010761981002216,en,futurama
unplug,0.0010761981002216,en,futurama
cocoa,0.0010761981002216,en,futurama
offspring,0.0010761981002216,en,futurama
cleanup,0.0010761981002216,en,futurama
applaud,0.0010761981002216,en,futurama
toothpaste,0.0010761981002216,en,futurama
bookstore,0.0010761981002216,en,futurama
nominate,0.0010761981002216,en,futurama
dwarf,0.0010761981002216,en,futurama
empathy,0.0010761981002216,en,futurama
matrix,0.0010761981002216,en,futurama
pre,0.0010692603181402,en,futurama
vanish,0.0010692603181402,en,futurama
golf,0.0010692603181402,en,futurama
perspective,0.0010692603181402,en,futurama
priest,0.0010692603181402,en,futurama
lend,0.0010692603181402,en,futurama
severe,0.0010692603181402,en,futurama
steak,0.0010692603181402,en,futurama
dirty,0.00106858927948,en,futurama
savior,0.0010636114502465,en,futurama
shaving,0.0010636114502465,en,futurama
genetically,0.0010636114502465,en,futurama
decay,0.0010636114502465,en,futurama
voodoo,0.0010636114502465,en,futurama
menace,0.0010636114502465,en,futurama
conventional,0.0010636114502465,en,futurama
counting,0.0010636114502465,en,futurama
vanity,0.0010636114502465,en,futurama
phd,0.0010636114502465,en,futurama
palm,0.0010601102747768,en,futurama
unexpected,0.0010601102747768,en,futurama
dull,0.0010601102747768,en,futurama
personally,0.0010600545297586,en,futurama
match,0.0010600545297586,en,futurama
tip,0.0010600545297586,en,futurama
convince,0.0010600545297586,en,futurama
result,0.0010515924170858,en,futurama
forgive,0.0010515924170858,en,futurama
nag,0.0010513356137349,en,futurama
michelle,0.0010513356137349,en,futurama
weaken,0.0010513356137349,en,futurama
acre,0.0010513356137349,en,futurama
cheesy,0.0010513356137349,en,futurama
pitcher,0.0010513356137349,en,futurama
excess,0.0010513356137349,en,futurama
unauthorized,0.0010513356137349,en,futurama
partially,0.0010513356137349,en,futurama
puddle,0.0010513356137349,en,futurama
terrific,0.0010510711437625,en,futurama
negotiate,0.0010510711437625,en,futurama
peanut,0.0010510711437625,en,futurama
monger,0.0010486988709489,en,futurama
flophouse,0.0010486988709489,en,futurama
fonda,0.0010486988709489,en,futurama
worshiper,0.0010486988709489,en,futurama
yapper,0.0010486988709489,en,futurama
mch,0.0010486988709489,en,futurama
charlemagne,0.0010486988709489,en,futurama
algebraic,0.0010486988709489,en,futurama
doughy,0.0010486988709489,en,futurama
lmpossible,0.0010486988709489,en,futurama
vernon,0.0010486988709489,en,futurama
girli,0.0010486988709489,en,futurama
pisa,0.0010486988709489,en,futurama
yarmulke,0.0010486988709489,en,futurama
schmo,0.0010486988709489,en,futurama
wolfman,0.0010486988709489,en,futurama
knead,0.0010486988709489,en,futurama
murmuring,0.0010486988709489,en,futurama
steamboat,0.0010486988709489,en,futurama
encrust,0.0010486988709489,en,futurama
grump,0.0010486988709489,en,futurama
haa,0.0010486988709489,en,futurama
butterball,0.0010486988709489,en,futurama
nixon,0.0010486988709489,en,futurama
cheech,0.0010486988709489,en,futurama
goopy,0.0010486988709489,en,futurama
guttural,0.0010486988709489,en,futurama
loincloth,0.0010486988709489,en,futurama
perilously,0.0010486988709489,en,futurama
climactic,0.0010486988709489,en,futurama
automaton,0.0010486988709489,en,futurama
positron,0.0010486988709489,en,futurama
schoolmarm,0.0010486988709489,en,futurama
balsamic,0.0010486988709489,en,futurama
nitpick,0.0010486988709489,en,futurama
thunderous,0.0010486988709489,en,futurama
electrically,0.0010486988709489,en,futurama
neckerchief,0.0010486988709489,en,futurama
hilarity,0.0010486988709489,en,futurama
fain,0.0010486988709489,en,futurama
preheat,0.0010486988709489,en,futurama
talcum,0.0010486988709489,en,futurama
glacial,0.0010486988709489,en,futurama
nautilus,0.0010486988709489,en,futurama
archenemy,0.0010486988709489,en,futurama
avast,0.0010486988709489,en,futurama
polarize,0.0010486988709489,en,futurama
svidaniya,0.0010486988709489,en,futurama
timecard,0.0010486988709489,en,futurama
numbskull,0.0010486988709489,en,futurama
chung,0.0010486988709489,en,futurama
trekkie,0.0010486988709489,en,futurama
whosever,0.0010486988709489,en,futurama
appointee,0.0010486988709489,en,futurama
albanian,0.0010486988709489,en,futurama
monocle,0.0010486988709489,en,futurama
midlevel,0.0010486988709489,en,futurama
duos,0.0010486988709489,en,futurama
giblet,0.0010486988709489,en,futurama
inflexible,0.0010486988709489,en,futurama
equalize,0.0010486988709489,en,futurama
lsat,0.0010486988709489,en,futurama
harlequin,0.0010486988709489,en,futurama
superconducte,0.0010486988709489,en,futurama
quickening,0.0010486988709489,en,futurama
nitroglycerine,0.0010486988709489,en,futurama
puffin,0.0010486988709489,en,futurama
pitiless,0.0010486988709489,en,futurama
megawatt,0.0010486988709489,en,futurama
purebre,0.0010486988709489,en,futurama
stopover,0.0010486988709489,en,futurama
rickety,0.0010486988709489,en,futurama
unsatisfactory,0.0010486988709489,en,futurama
skell,0.0010486988709489,en,futurama
emotionless,0.0010486988709489,en,futurama
hdtv,0.0010486988709489,en,futurama
wah,0.0010486988709489,en,futurama
ulous,0.0010486988709489,en,futurama
felonious,0.0010486988709489,en,futurama
weasele,0.0010486988709489,en,futurama
zesty,0.0010486988709489,en,futurama
biochemist,0.0010486988709489,en,futurama
watercress,0.0010486988709489,en,futurama
searchlight,0.0010486988709489,en,futurama
olympiad,0.0010486988709489,en,futurama
gigawatt,0.0010486988709489,en,futurama
unyielde,0.0010486988709489,en,futurama
emcee,0.0010486988709489,en,futurama
dimwitte,0.0010486988709489,en,futurama
stalwart,0.0010486988709489,en,futurama
dirtball,0.0010486988709489,en,futurama
qualifi,0.0010486988709489,en,futurama
indubitably,0.0010486988709489,en,futurama
straightedge,0.0010486988709489,en,futurama
pacifi,0.0010486988709489,en,futurama
programmable,0.0010486988709489,en,futurama
snarf,0.0010486988709489,en,futurama
vmonos,0.0010486988709489,en,futurama
concurrent,0.0010486988709489,en,futurama
bipe,0.0010486988709489,en,futurama
landlocke,0.0010486988709489,en,futurama
caustic,0.0010486988709489,en,futurama
motorized,0.0010486988709489,en,futurama
terraforme,0.0010486988709489,en,futurama
silt,0.0010486988709489,en,futurama
sluttiness,0.0010486988709489,en,futurama
boson,0.0010486988709489,en,futurama
ias,0.0010486988709489,en,futurama
stix,0.0010486988709489,en,futurama
gearshift,0.0010486988709489,en,futurama
rote,0.0010486988709489,en,futurama
stanky,0.0010486988709489,en,futurama
appallingly,0.0010486988709489,en,futurama
lndustrial,0.0010486988709489,en,futurama
doodad,0.0010486988709489,en,futurama
chalky,0.0010486988709489,en,futurama
pocus,0.0010486988709489,en,futurama
courtesan,0.0010486988709489,en,futurama
transcendental,0.0010486988709489,en,futurama
disappointed,0.0010421402684178,en,futurama
grip,0.0010421402684178,en,futurama
thumb,0.0010421402684178,en,futurama
behalf,0.0010421402684178,en,futurama
divide,0.0010421402684178,en,futurama
grill,0.0010421402684178,en,futurama
resolve,0.0010421402684178,en,futurama
poker,0.0010421402684178,en,futurama
kit,0.0010421402684178,en,futurama
kidding,0.0010421402684178,en,futurama
forced,0.0010393556094956,en,futurama
chant,0.0010393556094956,en,futurama
diving,0.0010393556094956,en,futurama
sinner,0.0010393556094956,en,futurama
transmitter,0.0010393556094956,en,futurama
placement,0.0010393556094956,en,futurama
crude,0.0010393556094956,en,futurama
flexible,0.0010393556094956,en,futurama
fling,0.0010393556094956,en,futurama
immortal,0.0010393556094956,en,futurama
forth,0.0010333150863874,en,futurama
improve,0.0010333150863874,en,futurama
squad,0.0010333150863874,en,futurama
erase,0.0010333150863874,en,futurama
accidentally,0.0010333150863874,en,futurama
subtle,0.0010333150863874,en,futurama
delicate,0.0010333150863874,en,futurama
forgot,0.0010333150863874,en,futurama
potato,0.0010333150863874,en,futurama
phase,0.0010333150863874,en,futurama
gateway,0.0010276575140354,en,futurama
knuckle,0.0010276575140354,en,futurama
valve,0.0010276575140354,en,futurama
ownership,0.0010276575140354,en,futurama
paw,0.0010276575140354,en,futurama
sincerely,0.0010276575140354,en,futurama
plunge,0.0010276575140354,en,futurama
pastry,0.0010276575140354,en,futurama
sufficient,0.0010276575140354,en,futurama
probable,0.0010276575140354,en,futurama
max,0.0010276575140354,en,futurama
loneliness,0.0010276575140354,en,futurama
concern,0.0010266297945889,en,futurama
foreign,0.0010245931252275,en,futurama
fashion,0.0010245931252275,en,futurama
blanket,0.0010245931252275,en,futurama
daily,0.0010245931252275,en,futurama
loyal,0.0010245931252275,en,futurama
collision,0.0010162283642777,en,futurama
mimic,0.0010162283642777,en,futurama
brochure,0.0010162283642777,en,futurama
taker,0.0010162283642777,en,futurama
overload,0.0010162283642777,en,futurama
bankrupt,0.0010162283642777,en,futurama
functional,0.0010162283642777,en,futurama
jolly,0.0010162283642777,en,futurama
fleet,0.0010162283642777,en,futurama
crying,0.0010162283642777,en,futurama
booby,0.0010162283642777,en,futurama
heather,0.0010162283642777,en,futurama
arise,0.0010162283642777,en,futurama
steel,0.0010159719982478,en,futurama
safely,0.0010159719982478,en,futurama
lake,0.0010159719982478,en,futurama
van,0.0010159719982478,en,futurama
organize,0.0010159719982478,en,futurama
deposit,0.0010159719982478,en,futurama
dose,0.0010159719982478,en,futurama
decade,0.0010159719982478,en,futurama
reward,0.0010159719982478,en,futurama
reject,0.0010074494005909,en,futurama
sue,0.0010074494005909,en,futurama
reading,0.0010074494005909,en,futurama
biggie,0.0010050560712132,en,futurama
gracia,0.0010050560712132,en,futurama
founder,0.0010050560712132,en,futurama
ketchup,0.0010050560712132,en,futurama
infinite,0.0010050560712132,en,futurama
bingo,0.0010050560712132,en,futurama
egyptian,0.0010050560712132,en,futurama
horribly,0.0010050560712132,en,futurama
canadian,0.0010050560712132,en,futurama
tame,0.0010050560712132,en,futurama
garfunkel,0.0010033786437849,en,futurama
federation,0.0010033786437849,en,futurama
cryonic,0.0010033786437849,en,futurama
libbing,0.0010033786437849,en,futurama
libertarian,0.0010033786437849,en,futurama
entrant,0.0010033786437849,en,futurama
cryogenically,0.0010033786437849,en,futurama
inlay,0.0010033786437849,en,futurama
vitae,0.0010033786437849,en,futurama
fossilize,0.0010033786437849,en,futurama
poopie,0.0010033786437849,en,futurama
airship,0.0010033786437849,en,futurama
dodo,0.0010033786437849,en,futurama
rodger,0.0010033786437849,en,futurama
prot,0.0010033786437849,en,futurama
tubbing,0.0010033786437849,en,futurama
framed,0.0010033786437849,en,futurama
cymbal,0.0010033786437849,en,futurama
rectangular,0.0010033786437849,en,futurama
turnabout,0.0010033786437849,en,futurama
incompatibility,0.0010033786437849,en,futurama
gargantuan,0.0010033786437849,en,futurama
sunspot,0.0010033786437849,en,futurama
showy,0.0010033786437849,en,futurama
guppy,0.0010033786437849,en,futurama
electromagnet,0.0010033786437849,en,futurama
macaulay,0.0010033786437849,en,futurama
preset,0.0010033786437849,en,futurama
somersault,0.0010033786437849,en,futurama
nougat,0.0010033786437849,en,futurama
hailing,0.0010033786437849,en,futurama
amused,0.0010033786437849,en,futurama
selleck,0.0010033786437849,en,futurama
degrading,0.0010033786437849,en,futurama
heartthrob,0.0010033786437849,en,futurama
trillion,0.0010033786437849,en,futurama
craw,0.0010033786437849,en,futurama
recombine,0.0010033786437849,en,futurama
histamine,0.0010033786437849,en,futurama
doozie,0.0010033786437849,en,futurama
wort,0.0010033786437849,en,futurama
yack,0.0010033786437849,en,futurama
clergyman,0.0010033786437849,en,futurama
sensuous,0.0010033786437849,en,futurama
hyperion,0.0010033786437849,en,futurama
begrudgingly,0.0010033786437849,en,futurama
sylvester,0.0010033786437849,en,futurama
moonwalk,0.0010033786437849,en,futurama
ology,0.0010033786437849,en,futurama
applied,0.0010033786437849,en,futurama
smartly,0.0010033786437849,en,futurama
crotchety,0.0010033786437849,en,futurama
lennox,0.0010033786437849,en,futurama
ioneliness,0.0010033786437849,en,futurama
unfunny,0.0010033786437849,en,futurama
yosemite,0.0010033786437849,en,futurama
waistline,0.0010033786437849,en,futurama
sashay,0.0010033786437849,en,futurama
gelatinous,0.0010033786437849,en,futurama
gristle,0.0010033786437849,en,futurama
speedometer,0.0010033786437849,en,futurama
cubit,0.0010033786437849,en,futurama
eatery,0.0010033786437849,en,futurama
dorito,0.0010033786437849,en,futurama
helplessly,0.0010033786437849,en,futurama
armless,0.0010033786437849,en,futurama
wildebe,0.0010033786437849,en,futurama
discriminating,0.0010033786437849,en,futurama
backsie,0.0010033786437849,en,futurama
prewar,0.0010033786437849,en,futurama
fluffer,0.0010033786437849,en,futurama
flotation,0.0010033786437849,en,futurama
painlessly,0.0010033786437849,en,futurama
andromeda,0.0010033786437849,en,futurama
supernova,0.0010033786437849,en,futurama
woolworth,0.0010033786437849,en,futurama
sterno,0.0010033786437849,en,futurama
huggable,0.0010033786437849,en,futurama
epsilon,0.0010033786437849,en,futurama
samoa,0.0010033786437849,en,futurama
dollface,0.0010033786437849,en,futurama
slicker,0.0010033786437849,en,futurama
razzmatazz,0.0010033786437849,en,futurama
truman,0.0010033786437849,en,futurama
jackknife,0.0010033786437849,en,futurama
hoedown,0.0010033786437849,en,futurama
molt,0.0010033786437849,en,futurama
magoo,0.0010033786437849,en,futurama
subsidy,0.0010033786437849,en,futurama
confidentially,0.0010033786437849,en,futurama
turnstile,0.0010033786437849,en,futurama
selflessly,0.0010033786437849,en,futurama
jazzercise,0.0010033786437849,en,futurama
snookum,0.0010033786437849,en,futurama
waggle,0.0010033786437849,en,futurama
debonair,0.0010033786437849,en,futurama
tenderly,0.0010033786437849,en,futurama
splendidly,0.0010033786437849,en,futurama
spherical,0.0010033786437849,en,futurama
ninny,0.0010033786437849,en,futurama
temporary,0.0009990231055334,en,futurama
smack,0.0009990231055334,en,futurama
manner,0.0009990231055334,en,futurama
upper,0.0009990231055334,en,futurama
wrist,0.0009990231055334,en,futurama
complex,0.0009990231055334,en,futurama
outfit,0.0009990231055334,en,futurama
candle,0.0009990231055334,en,futurama
carefully,0.0009990231055334,en,futurama
tower,0.0009990231055334,en,futurama
critical,0.0009990231055334,en,futurama
propose,0.0009990231055334,en,futurama
harsh,0.0009990231055334,en,futurama
grumpy,0.0009941293430432,en,futurama
robber,0.0009941293430432,en,futurama
savage,0.0009941293430432,en,futurama
instructor,0.0009941293430432,en,futurama
rider,0.0009941293430432,en,futurama
haired,0.0009941293430432,en,futurama
cherish,0.0009941293430432,en,futurama
nonstop,0.0009941293430432,en,futurama
mustard,0.0009941293430432,en,futurama
redeem,0.0009941293430432,en,futurama
parlor,0.0009941293430432,en,futurama
coal,0.0009941293430432,en,futurama
meltdown,0.0009941293430432,en,futurama
expel,0.0009941293430432,en,futurama
crumb,0.0009941293430432,en,futurama
verdict,0.0009941293430432,en,futurama
tread,0.0009941293430432,en,futurama
flatter,0.0009906909609942,en,futurama
permanent,0.0009906909609942,en,futurama
thick,0.0009906909609942,en,futurama
physically,0.0009906909609942,en,futurama
confession,0.0009906909609942,en,futurama
shh,0.0009906909609942,en,futurama
football,0.0009906909609942,en,futurama
compartment,0.0009834376165882,en,futurama
sofa,0.0009834376165882,en,futurama
realm,0.0009834376165882,en,futurama
growl,0.0009834376165882,en,futurama
poem,0.0009834376165882,en,futurama
designate,0.0009834376165882,en,futurama
patron,0.0009834376165882,en,futurama
glamorous,0.0009834376165882,en,futurama
uphold,0.0009834376165882,en,futurama
torment,0.0009834376165882,en,futurama
sway,0.0009834376165882,en,futurama
par,0.0009834376165882,en,futurama
companion,0.0009834376165882,en,futurama
ramp,0.0009834376165882,en,futurama
coaster,0.0009834376165882,en,futurama
catalog,0.0009834376165882,en,futurama
investor,0.0009834376165882,en,futurama
genuinely,0.0009834376165882,en,futurama
educational,0.0009834376165882,en,futurama
confiscate,0.0009834376165882,en,futurama
dangle,0.0009834376165882,en,futurama
breakup,0.0009834376165882,en,futurama
crust,0.0009834376165882,en,futurama
windshield,0.0009834376165882,en,futurama
entrance,0.0009824508862344,en,futurama
entry,0.0009824508862344,en,futurama
prime,0.0009824508862344,en,futurama
chill,0.0009824508862344,en,futurama
motive,0.0009824508862344,en,futurama
appearance,0.0009824508862344,en,futurama
slap,0.0009743008687392,en,futurama
graduate,0.0009743008687392,en,futurama
possession,0.0009743008687392,en,futurama
jet,0.0009743008687392,en,futurama
slight,0.0009743008687392,en,futurama
flake,0.0009729709959186,en,futurama
insert,0.0009729709959186,en,futurama
roman,0.0009729709959186,en,futurama
dangerously,0.0009729709959186,en,futurama
sponge,0.0009729709959186,en,futurama
sheer,0.0009729709959186,en,futurama
lord,0.0009729709959186,en,futurama
vial,0.0009729709959186,en,futurama
exaggerate,0.0009729709959186,en,futurama
stereo,0.0009729709959186,en,futurama
cologne,0.0009729709959186,en,futurama
felon,0.0009729709959186,en,futurama
devastating,0.0009729709959186,en,futurama
sub,0.0009662389612668,en,futurama
smooth,0.0009662389612668,en,futurama
recall,0.0009662389612668,en,futurama
sand,0.0009662389612668,en,futurama
similar,0.0009662389612668,en,futurama
crisis,0.0009662389612668,en,futurama
chinese,0.0009662389612668,en,futurama
fascinating,0.0009662389612668,en,futurama
unforgiving,0.0009650609376942,en,futurama
abbreviation,0.0009650609376942,en,futurama
corneal,0.0009650609376942,en,futurama
squeezy,0.0009650609376942,en,futurama
fossilized,0.0009650609376942,en,futurama
guano,0.0009650609376942,en,futurama
kringle,0.0009650609376942,en,futurama
jillion,0.0009650609376942,en,futurama
robbing,0.0009650609376942,en,futurama
rowboat,0.0009650609376942,en,futurama
micron,0.0009650609376942,en,futurama
woodpecker,0.0009650609376942,en,futurama
casio,0.0009650609376942,en,futurama
hydroponic,0.0009650609376942,en,futurama
distaste,0.0009650609376942,en,futurama
dumpy,0.0009650609376942,en,futurama
subbasement,0.0009650609376942,en,futurama
pogo,0.0009650609376942,en,futurama
bedsore,0.0009650609376942,en,futurama
everyone,0.0009650609376942,en,futurama
wusse,0.0009650609376942,en,futurama
dishwater,0.0009650609376942,en,futurama
doorstop,0.0009650609376942,en,futurama
blockhead,0.0009650609376942,en,futurama
beastly,0.0009650609376942,en,futurama
paleontologist,0.0009650609376942,en,futurama
blather,0.0009650609376942,en,futurama
cosmos,0.0009650609376942,en,futurama
endowment,0.0009650609376942,en,futurama
moneybag,0.0009650609376942,en,futurama
mosaic,0.0009650609376942,en,futurama
stein,0.0009650609376942,en,futurama
mildred,0.0009650609376942,en,futurama
dingbat,0.0009650609376942,en,futurama
abominable,0.0009650609376942,en,futurama
doodie,0.0009650609376942,en,futurama
sagittarius,0.0009650609376942,en,futurama
hippopotamus,0.0009650609376942,en,futurama
reliant,0.0009650609376942,en,futurama
burgle,0.0009650609376942,en,futurama
revue,0.0009650609376942,en,futurama
archduke,0.0009650609376942,en,futurama
keno,0.0009650609376942,en,futurama
detrimental,0.0009650609376942,en,futurama
deaky,0.0009650609376942,en,futurama
clams,0.0009650609376942,en,futurama
ringside,0.0009650609376942,en,futurama
landowner,0.0009650609376942,en,futurama
winnipeg,0.0009650609376942,en,futurama
foodstuff,0.0009650609376942,en,futurama
barnyard,0.0009650609376942,en,futurama
googly,0.0009650609376942,en,futurama
objector,0.0009650609376942,en,futurama
uninsured,0.0009650609376942,en,futurama
retiree,0.0009650609376942,en,futurama
gook,0.0009650609376942,en,futurama
rend,0.0009650609376942,en,futurama
dreamboat,0.0009650609376942,en,futurama
cronkite,0.0009650609376942,en,futurama
perignon,0.0009650609376942,en,futurama
ful,0.0009650609376942,en,futurama
opinionate,0.0009650609376942,en,futurama
ruff,0.0009650609376942,en,futurama
barley,0.0009650609376942,en,futurama
unintereste,0.0009650609376942,en,futurama
jeeper,0.0009650609376942,en,futurama
ostentatious,0.0009650609376942,en,futurama
bobo,0.0009650609376942,en,futurama
lsland,0.0009650609376942,en,futurama
mosey,0.0009650609376942,en,futurama
expletive,0.0009650609376942,en,futurama
iota,0.0009650609376942,en,futurama
dewy,0.0009650609376942,en,futurama
foolhardy,0.0009650609376942,en,futurama
prawn,0.0009650609376942,en,futurama
sportsmanship,0.0009650609376942,en,futurama
reclassify,0.0009650609376942,en,futurama
hither,0.0009650609376942,en,futurama
phlegm,0.0009650609376942,en,futurama
scant,0.0009650609376942,en,futurama
icelandic,0.0009650609376942,en,futurama
whacker,0.0009650609376942,en,futurama
buxom,0.0009650609376942,en,futurama
archeologist,0.0009650609376942,en,futurama
zapper,0.0009650609376942,en,futurama
winch,0.0009650609376942,en,futurama
hubbub,0.0009650609376942,en,futurama
troubadour,0.0009650609376942,en,futurama
excrete,0.0009650609376942,en,futurama
petticoat,0.0009650609376942,en,futurama
perpendicular,0.0009650609376942,en,futurama
sunrise,0.000962720197314,en,futurama
unemployed,0.000962720197314,en,futurama
roam,0.000962720197314,en,futurama
solar,0.000962720197314,en,futurama
retain,0.000962720197314,en,futurama
clap,0.000962720197314,en,futurama
graveyard,0.000962720197314,en,futurama
atm,0.000962720197314,en,futurama
patent,0.000962720197314,en,futurama
wizard,0.000962720197314,en,futurama
fried,0.000962720197314,en,futurama
utter,0.000962720197314,en,futurama
cloth,0.000962720197314,en,futurama
modify,0.000962720197314,en,futurama
doug,0.000962720197314,en,futurama
drill,0.0009582632790566,en,futurama
invitation,0.0009582632790566,en,futurama
movement,0.0009582632790566,en,futurama
dust,0.0009582632790566,en,futurama
plug,0.0009582632790566,en,futurama
hack,0.0009582632790566,en,futurama
review,0.0009582632790566,en,futurama
basis,0.0009582632790566,en,futurama
gang,0.0009582632790566,en,futurama
unusual,0.0009582632790566,en,futurama
mankind,0.0009526764997825,en,futurama
globe,0.0009526764997825,en,futurama
offering,0.0009526764997825,en,futurama
probe,0.0009526764997825,en,futurama
tequila,0.0009526764997825,en,futurama
gladly,0.0009526764997825,en,futurama
certify,0.0009526764997825,en,futurama
amuse,0.0009526764997825,en,futurama
preach,0.0009526764997825,en,futurama
enterprise,0.0009526764997825,en,futurama
toxin,0.0009526764997825,en,futurama
experimental,0.0009526764997825,en,futurama
zoom,0.0009526764997825,en,futurama
priceless,0.0009526764997825,en,futurama
romeo,0.0009526764997825,en,futurama
shampoo,0.0009526764997825,en,futurama
motion,0.0009503719971835,en,futurama
massive,0.0009503719971835,en,futurama
generation,0.0009503719971835,en,futurama
sidewalk,0.0009428317004808,en,futurama
sector,0.0009428317004808,en,futurama
dedication,0.0009428317004808,en,futurama
ripe,0.0009428317004808,en,futurama
proportion,0.0009428317004808,en,futurama
independence,0.0009428317004808,en,futurama
extent,0.0009428317004808,en,futurama
runaway,0.0009428317004808,en,futurama
meaningful,0.0009428317004808,en,futurama
resolution,0.0009428317004808,en,futurama
ant,0.0009428317004808,en,futurama
paperwork,0.0009425633480523,en,futurama
selfish,0.0009425633480523,en,futurama
equipment,0.0009425633480523,en,futurama
non,0.0009348356190208,en,futurama
attach,0.0009348356190208,en,futurama
abuse,0.0009348356190208,en,futurama
yellow,0.0009348356190208,en,futurama
anger,0.0009348356190208,en,futurama
stun,0.000933178074463,en,futurama
bummer,0.000933178074463,en,futurama
ing,0.000933178074463,en,futurama
intellectual,0.000933178074463,en,futurama
championship,0.000933178074463,en,futurama
accounting,0.000933178074463,en,futurama
predictable,0.000933178074463,en,futurama
beating,0.000933178074463,en,futurama
clem,0.0009318686309057,en,futurama
nitwit,0.0009318686309057,en,futurama
unexploded,0.0009318686309057,en,futurama
busted,0.0009318686309057,en,futurama
luau,0.0009318686309057,en,futurama
paperboy,0.0009318686309057,en,futurama
evel,0.0009318686309057,en,futurama
eyeglass,0.0009318686309057,en,futurama
medalist,0.0009318686309057,en,futurama
interplanetary,0.0009318686309057,en,futurama
jambalaya,0.0009318686309057,en,futurama
flurry,0.0009318686309057,en,futurama
waterbe,0.0009318686309057,en,futurama
baywatch,0.0009318686309057,en,futurama
analyzer,0.0009318686309057,en,futurama
inescapable,0.0009318686309057,en,futurama
repopulate,0.0009318686309057,en,futurama
nonalcoholic,0.0009318686309057,en,futurama
tyrannical,0.0009318686309057,en,futurama
tungsten,0.0009318686309057,en,futurama
encyclopedic,0.0009318686309057,en,futurama
spitz,0.0009318686309057,en,futurama
notarized,0.0009318686309057,en,futurama
auspicious,0.0009318686309057,en,futurama
maj,0.0009318686309057,en,futurama
spongy,0.0009318686309057,en,futurama
gamut,0.0009318686309057,en,futurama
runoff,0.0009318686309057,en,futurama
repentance,0.0009318686309057,en,futurama
amoral,0.0009318686309057,en,futurama
brine,0.0009318686309057,en,futurama
calzone,0.0009318686309057,en,futurama
schlep,0.0009318686309057,en,futurama
peewee,0.0009318686309057,en,futurama
eradication,0.0009318686309057,en,futurama
kleptomania,0.0009318686309057,en,futurama
slaving,0.0009318686309057,en,futurama
economist,0.0009318686309057,en,futurama
calcutta,0.0009318686309057,en,futurama
countenance,0.0009318686309057,en,futurama
broil,0.0009318686309057,en,futurama
revoir,0.0009318686309057,en,futurama
respectively,0.0009318686309057,en,futurama
juggernaut,0.0009318686309057,en,futurama
tranquilize,0.0009318686309057,en,futurama
pizzazz,0.0009318686309057,en,futurama
lament,0.0009318686309057,en,futurama
cambodian,0.0009318686309057,en,futurama
gnat,0.0009318686309057,en,futurama
hairball,0.0009318686309057,en,futurama
typhoon,0.0009318686309057,en,futurama
titillate,0.0009318686309057,en,futurama
podcast,0.0009318686309057,en,futurama
artful,0.0009318686309057,en,futurama
jaywalk,0.0009318686309057,en,futurama
caseworker,0.0009318686309057,en,futurama
sunk,0.0009318686309057,en,futurama
uneducated,0.0009318686309057,en,futurama
gyrate,0.0009318686309057,en,futurama
meister,0.0009318686309057,en,futurama
sportscaster,0.0009318686309057,en,futurama
retardant,0.0009318686309057,en,futurama
commoner,0.0009318686309057,en,futurama
warship,0.0009318686309057,en,futurama
obsessing,0.0009318686309057,en,futurama
sax,0.0009318686309057,en,futurama
giza,0.0009318686309057,en,futurama
tron,0.0009318686309057,en,futurama
yuletide,0.0009318686309057,en,futurama
parasaile,0.0009318686309057,en,futurama
equinox,0.0009318686309057,en,futurama
hubris,0.0009318686309057,en,futurama
gumby,0.0009318686309057,en,futurama
jokester,0.0009318686309057,en,futurama
eloquence,0.0009318686309057,en,futurama
regulatory,0.0009318686309057,en,futurama
yon,0.0009318686309057,en,futurama
magma,0.0009318686309057,en,futurama
overdraw,0.0009318686309057,en,futurama
tangy,0.0009318686309057,en,futurama
rustling,0.0009318686309057,en,futurama
showoff,0.0009318686309057,en,futurama
nobleman,0.0009318686309057,en,futurama
xerox,0.0009318686309057,en,futurama
battleground,0.0009318686309057,en,futurama
regale,0.0009318686309057,en,futurama
bavarian,0.0009318686309057,en,futurama
legitimately,0.0009318686309057,en,futurama
hasta,0.0009318686309057,en,futurama
amoeba,0.0009318686309057,en,futurama
pipsqueak,0.0009318686309057,en,futurama
aboveground,0.0009318686309057,en,futurama
rager,0.0009318686309057,en,futurama
smog,0.0009318686309057,en,futurama
liven,0.0009318686309057,en,futurama
decal,0.0009318686309057,en,futurama
mantel,0.0009318686309057,en,futurama
consolidated,0.0009318686309057,en,futurama
pantheon,0.0009318686309057,en,futurama
bedchamber,0.0009318686309057,en,futurama
infantile,0.0009318686309057,en,futurama
zion,0.0009318686309057,en,futurama
breathless,0.0009318686309057,en,futurama
quagmire,0.0009318686309057,en,futurama
advantage,0.0009271871501454,en,futurama
gate,0.0009271871501454,en,futurama
prevent,0.0009271871501454,en,futurama
anytime,0.0009271871501454,en,futurama
stimulate,0.0009237083382638,en,futurama
marble,0.0009237083382638,en,futurama
precise,0.0009237083382638,en,futurama
disagreement,0.0009237083382638,en,futurama
cavity,0.0009237083382638,en,futurama
endanger,0.0009237083382638,en,futurama
essence,0.0009237083382638,en,futurama
phil,0.0009237083382638,en,futurama
delight,0.0009237083382638,en,futurama
umbrella,0.0009237083382638,en,futurama
basic,0.0009196163320409,en,futurama
insult,0.0009196163320409,en,futurama
pen,0.0009196163320409,en,futurama
trigger,0.0009196163320409,en,futurama
dial,0.0009196163320409,en,futurama
officially,0.0009196163320409,en,futurama
swamp,0.0009144156168853,en,futurama
probation,0.0009144156168853,en,futurama
disobey,0.0009144156168853,en,futurama
valid,0.0009144156168853,en,futurama
kicking,0.0009144156168853,en,futurama
dinosaur,0.0009144156168853,en,futurama
reflex,0.0009144156168853,en,futurama
unload,0.0009144156168853,en,futurama
underwater,0.0009144156168853,en,futurama
silk,0.0009144156168853,en,futurama
distribute,0.0009144156168853,en,futurama
intern,0.0009144156168853,en,futurama
tend,0.0009121216038481,en,futurama
random,0.0009121216038481,en,futurama
neighbor,0.0009121216038481,en,futurama
stab,0.0009121216038481,en,futurama
uncomfortable,0.0009121216038481,en,futurama
user,0.0009052934138137,en,futurama
overall,0.0009052934138137,en,futurama
dick,0.0009052934138137,en,futurama
rod,0.0009052934138137,en,futurama
assemble,0.0009052934138137,en,futurama
dressing,0.0009052934138137,en,futurama
pluck,0.0009052934138137,en,futurama
majority,0.0009052934138137,en,futurama
transaction,0.0009052934138137,en,futurama
saddle,0.0009052934138137,en,futurama
audio,0.0009052934138137,en,futurama
dynamic,0.0009052934138137,en,futurama
imaginary,0.0009052934138137,en,futurama
argument,0.000904701451302,en,futurama
guilt,0.000904701451302,en,futurama
trace,0.000904701451302,en,futurama
orangutan,0.000902590941389,en,futurama
rectal,0.000902590941389,en,futurama
sexiest,0.000902590941389,en,futurama
knievel,0.000902590941389,en,futurama
niceness,0.000902590941389,en,futurama
chanting,0.000902590941389,en,futurama
sunken,0.000902590941389,en,futurama
dalai,0.000902590941389,en,futurama
osbourne,0.000902590941389,en,futurama
ravioli,0.000902590941389,en,futurama
dried,0.000902590941389,en,futurama
fizzy,0.000902590941389,en,futurama
uninhabitable,0.000902590941389,en,futurama
kindling,0.000902590941389,en,futurama
statesman,0.000902590941389,en,futurama
downplay,0.000902590941389,en,futurama
monsignor,0.000902590941389,en,futurama
toned,0.000902590941389,en,futurama
interracial,0.000902590941389,en,futurama
marmaduke,0.000902590941389,en,futurama
henceforth,0.000902590941389,en,futurama
reconstitute,0.000902590941389,en,futurama
cavort,0.000902590941389,en,futurama
bras,0.000902590941389,en,futurama
trident,0.000902590941389,en,futurama
bacterium,0.000902590941389,en,futurama
rpm,0.000902590941389,en,futurama
wiggly,0.000902590941389,en,futurama
whimsical,0.000902590941389,en,futurama
mummify,0.000902590941389,en,futurama
meddler,0.000902590941389,en,futurama
sharpener,0.000902590941389,en,futurama
hurray,0.000902590941389,en,futurama
prosthesis,0.000902590941389,en,futurama
buh,0.000902590941389,en,futurama
perverted,0.000902590941389,en,futurama
reimbursement,0.000902590941389,en,futurama
licious,0.000902590941389,en,futurama
reacquaint,0.000902590941389,en,futurama
konnichiwa,0.000902590941389,en,futurama
crawler,0.000902590941389,en,futurama
larval,0.000902590941389,en,futurama
kirk,0.000902590941389,en,futurama
forewarn,0.000902590941389,en,futurama
villainous,0.000902590941389,en,futurama
stunk,0.000902590941389,en,futurama
youse,0.000902590941389,en,futurama
ingress,0.000902590941389,en,futurama
lusty,0.000902590941389,en,futurama
mutton,0.000902590941389,en,futurama
toughie,0.000902590941389,en,futurama
sangria,0.000902590941389,en,futurama
irrevocable,0.000902590941389,en,futurama
keister,0.000902590941389,en,futurama
bisque,0.000902590941389,en,futurama
teriyaki,0.000902590941389,en,futurama
physique,0.000902590941389,en,futurama
gaudy,0.000902590941389,en,futurama
ism,0.000902590941389,en,futurama
migration,0.000902590941389,en,futurama
garish,0.000902590941389,en,futurama
wily,0.000902590941389,en,futurama
gerber,0.000902590941389,en,futurama
alt,0.000902590941389,en,futurama
sherpa,0.000902590941389,en,futurama
bogarte,0.000902590941389,en,futurama
sirree,0.000902590941389,en,futurama
braille,0.000902590941389,en,futurama
brewski,0.000902590941389,en,futurama
misplaced,0.000902590941389,en,futurama
delectable,0.000902590941389,en,futurama
paella,0.000902590941389,en,futurama
whitefish,0.000902590941389,en,futurama
frazi,0.000902590941389,en,futurama
clobber,0.000902590941389,en,futurama
cylon,0.000902590941389,en,futurama
garbled,0.000902590941389,en,futurama
fenway,0.000902590941389,en,futurama
chronological,0.000902590941389,en,futurama
dorsal,0.000902590941389,en,futurama
underfoot,0.000902590941389,en,futurama
encino,0.000902590941389,en,futurama
gaydar,0.000902590941389,en,futurama
repose,0.000902590941389,en,futurama
arduous,0.000902590941389,en,futurama
spaceman,0.000902590941389,en,futurama
godlike,0.000902590941389,en,futurama
stinking,0.000902590941389,en,futurama
liquore,0.000902590941389,en,futurama
chocula,0.000902590941389,en,futurama
wristwatch,0.000902590941389,en,futurama
whimsy,0.000902590941389,en,futurama
paraffin,0.000902590941389,en,futurama
adequately,0.000902590941389,en,futurama
fizzle,0.000902590941389,en,futurama
nexus,0.000902590941389,en,futurama
positioning,0.000902590941389,en,futurama
bunt,0.000902590941389,en,futurama
redistribute,0.000902590941389,en,futurama
glaci,0.000902590941389,en,futurama
doke,0.000902590941389,en,futurama
dunce,0.000902590941389,en,futurama
petrified,0.000902590941389,en,futurama
guidebook,0.000902590941389,en,futurama
narrowly,0.000902590941389,en,futurama
someplace,0.0008973544048956,en,futurama
agent,0.0008973544048956,en,futurama
ability,0.0008973544048956,en,futurama
consequence,0.0008973544048956,en,futurama
angel,0.0008973544048956,en,futurama
outrageous,0.000896335583737,en,futurama
sausage,0.000896335583737,en,futurama
colonel,0.000896335583737,en,futurama
distinct,0.000896335583737,en,futurama
wealth,0.000896335583737,en,futurama
hamburger,0.000896335583737,en,futurama
tribe,0.000896335583737,en,futurama
correction,0.000896335583737,en,futurama
purely,0.000896335583737,en,futurama
fortunate,0.000896335583737,en,futurama
portion,0.000896335583737,en,futurama
cartoon,0.000896335583737,en,futurama
mattress,0.000896335583737,en,futurama
vanilla,0.000896335583737,en,futurama
equip,0.000896335583737,en,futurama
response,0.0008900790381334,en,futurama
manager,0.0008900790381334,en,futurama
cereal,0.0008875363076782,en,futurama
input,0.0008875363076782,en,futurama
mop,0.0008875363076782,en,futurama
hustle,0.0008875363076782,en,futurama
limo,0.0008875363076782,en,futurama
wheelchair,0.0008875363076782,en,futurama
surf,0.0008875363076782,en,futurama
infiltrate,0.0008875363076782,en,futurama
privacy,0.0008828739658689,en,futurama
visitor,0.0008828739658689,en,futurama
rare,0.0008828739658689,en,futurama
affair,0.0008828739658689,en,futurama
opponent,0.0008788900702904,en,futurama
memorize,0.0008788900702904,en,futurama
poetry,0.0008788900702904,en,futurama
prop,0.0008788900702904,en,futurama
additional,0.0008788900702904,en,futurama
cargo,0.0008788900702904,en,futurama
bathtub,0.0008788900702904,en,futurama
tamper,0.0008788900702904,en,futurama
breaker,0.0008788900702904,en,futurama
recognition,0.0008788900702904,en,futurama
dsl,0.0008764011556737,en,futurama
patented,0.0008764011556737,en,futurama
fonzie,0.0008764011556737,en,futurama
trivia,0.0008764011556737,en,futurama
sunup,0.0008764011556737,en,futurama
causality,0.0008764011556737,en,futurama
boldness,0.0008764011556737,en,futurama
bla,0.0008764011556737,en,futurama
outdate,0.0008764011556737,en,futurama
dewey,0.0008764011556737,en,futurama
codpiece,0.0008764011556737,en,futurama
delightfully,0.0008764011556737,en,futurama
booming,0.0008764011556737,en,futurama
snout,0.0008764011556737,en,futurama
tadpole,0.0008764011556737,en,futurama
computing,0.0008764011556737,en,futurama
appalling,0.0008764011556737,en,futurama
hydrocarbon,0.0008764011556737,en,futurama
ejection,0.0008764011556737,en,futurama
huey,0.0008764011556737,en,futurama
fading,0.0008764011556737,en,futurama
edgewise,0.0008764011556737,en,futurama
marmalade,0.0008764011556737,en,futurama
winkle,0.0008764011556737,en,futurama
tipsy,0.0008764011556737,en,futurama
buckaroo,0.0008764011556737,en,futurama
airlock,0.0008764011556737,en,futurama
reflexe,0.0008764011556737,en,futurama
laughable,0.0008764011556737,en,futurama
clod,0.0008764011556737,en,futurama
lecturer,0.0008764011556737,en,futurama
gild,0.0008764011556737,en,futurama
sty,0.0008764011556737,en,futurama
leathery,0.0008764011556737,en,futurama
unsolvable,0.0008764011556737,en,futurama
juiced,0.0008764011556737,en,futurama
terrestrial,0.0008764011556737,en,futurama
nutcracker,0.0008764011556737,en,futurama
euclid,0.0008764011556737,en,futurama
benji,0.0008764011556737,en,futurama
saute,0.0008764011556737,en,futurama
methink,0.0008764011556737,en,futurama
rancid,0.0008764011556737,en,futurama
waxy,0.0008764011556737,en,futurama
martiale,0.0008764011556737,en,futurama
casting,0.0008764011556737,en,futurama
marketable,0.0008764011556737,en,futurama
eon,0.0008764011556737,en,futurama
wording,0.0008764011556737,en,futurama
addendum,0.0008764011556737,en,futurama
bongo,0.0008764011556737,en,futurama
garnish,0.0008764011556737,en,futurama
malnourished,0.0008764011556737,en,futurama
expertly,0.0008764011556737,en,futurama
tollbooth,0.0008764011556737,en,futurama
ebay,0.0008764011556737,en,futurama
blasting,0.0008764011556737,en,futurama
vinnie,0.0008764011556737,en,futurama
cannoli,0.0008764011556737,en,futurama
conga,0.0008764011556737,en,futurama
jive,0.0008764011556737,en,futurama
infidel,0.0008764011556737,en,futurama
tapioca,0.0008764011556737,en,futurama
jockstrap,0.0008764011556737,en,futurama
juicer,0.0008764011556737,en,futurama
obscenely,0.0008764011556737,en,futurama
stringy,0.0008764011556737,en,futurama
teleprompter,0.0008764011556737,en,futurama
microbe,0.0008764011556737,en,futurama
domicile,0.0008764011556737,en,futurama
rembrandt,0.0008764011556737,en,futurama
socialist,0.0008764011556737,en,futurama
toke,0.0008764011556737,en,futurama
gourd,0.0008764011556737,en,futurama
trespasser,0.0008764011556737,en,futurama
cotillion,0.0008764011556737,en,futurama
styling,0.0008764011556737,en,futurama
buttload,0.0008764011556737,en,futurama
potted,0.0008764011556737,en,futurama
myrtle,0.0008764011556737,en,futurama
poncho,0.0008764011556737,en,futurama
honky,0.0008764011556737,en,futurama
oust,0.0008764011556737,en,futurama
sicily,0.0008764011556737,en,futurama
tricycle,0.0008764011556737,en,futurama
tootsie,0.0008764011556737,en,futurama
boundless,0.0008764011556737,en,futurama
originality,0.0008764011556737,en,futurama
gringo,0.0008764011556737,en,futurama
excitable,0.0008764011556737,en,futurama
abstain,0.0008764011556737,en,futurama
diatribe,0.0008764011556737,en,futurama
nuzzle,0.0008764011556737,en,futurama
fisticuff,0.0008764011556737,en,futurama
vinny,0.0008764011556737,en,futurama
plucky,0.0008764011556737,en,futurama
wriggle,0.0008764011556737,en,futurama
womanhood,0.0008764011556737,en,futurama
escapade,0.0008764011556737,en,futurama
camp,0.0008757378427218,en,futurama
cousin,0.0008757378427218,en,futurama
drown,0.0008757378427218,en,futurama
policy,0.0008757378427218,en,futurama
string,0.0008757378427218,en,futurama
whatsoever,0.0008703916390933,en,futurama
tenth,0.0008703916390933,en,futurama
plague,0.0008703916390933,en,futurama
expire,0.0008703916390933,en,futurama
reel,0.0008703916390933,en,futurama
vintage,0.0008703916390933,en,futurama
tourist,0.0008703916390933,en,futurama
sentimental,0.0008703916390933,en,futurama
appreciation,0.0008703916390933,en,futurama
annoy,0.0008703916390933,en,futurama
making,0.0008703916390933,en,futurama
dye,0.0008703916390933,en,futurama
sailor,0.0008703916390933,en,futurama
consolation,0.0008703916390933,en,futurama
hunger,0.0008703916390933,en,futurama
mainly,0.0008703916390933,en,futurama
persuade,0.0008703916390933,en,futurama
freshman,0.0008703916390933,en,futurama
shocked,0.0008703916390933,en,futurama
snap,0.0008686693615701,en,futurama
protection,0.0008686693615701,en,futurama
develop,0.0008686693615701,en,futurama
vision,0.0008686693615701,en,futurama
helpful,0.0008686693615701,en,futurama
curl,0.0008620360454546,en,futurama
adapt,0.0008620360454546,en,futurama
crank,0.0008620360454546,en,futurama
void,0.0008620360454546,en,futurama
verge,0.0008620360454546,en,futurama
applause,0.0008620360454546,en,futurama
supportive,0.0008620360454546,en,futurama
greet,0.0008620360454546,en,futurama
pledge,0.0008620360454546,en,futurama
whiskey,0.0008620360454546,en,futurama
aspect,0.0008620360454546,en,futurama
argue,0.0008616672521133,en,futurama
respond,0.0008616672521133,en,futurama
site,0.0008616672521133,en,futurama
sharp,0.0008616672521133,en,futurama
fully,0.0008616672521133,en,futurama
thin,0.0008616672521133,en,futurama
wide,0.0008547302795023,en,futurama
staff,0.0008547302795023,en,futurama
tap,0.0008547302795023,en,futurama
footprint,0.0008538185671436,en,futurama
lamp,0.0008538185671436,en,futurama
rusty,0.0008538185671436,en,futurama
tide,0.0008538185671436,en,futurama
discipline,0.0008538185671436,en,futurama
lounge,0.0008538185671436,en,futurama
confine,0.0008538185671436,en,futurama
rapid,0.0008538185671436,en,futurama
inspiration,0.0008538185671436,en,futurama
strangle,0.0008538185671436,en,futurama
extension,0.0008538185671436,en,futurama
slut,0.0008538185671436,en,futurama
carrot,0.0008538185671436,en,futurama
stripper,0.0008538185671436,en,futurama
slaying,0.0008527096126893,en,futurama
fruition,0.0008527096126893,en,futurama
rewrote,0.0008527096126893,en,futurama
sardine,0.0008527096126893,en,futurama
powerhouse,0.0008527096126893,en,futurama
belligerent,0.0008527096126893,en,futurama
babylon,0.0008527096126893,en,futurama
adjustable,0.0008527096126893,en,futurama
mariner,0.0008527096126893,en,futurama
diverge,0.0008527096126893,en,futurama
styx,0.0008527096126893,en,futurama
flirtation,0.0008527096126893,en,futurama
truss,0.0008527096126893,en,futurama
continuation,0.0008527096126893,en,futurama
obscurity,0.0008527096126893,en,futurama
pickpocket,0.0008527096126893,en,futurama
splendor,0.0008527096126893,en,futurama
pomegranate,0.0008527096126893,en,futurama
wuv,0.0008527096126893,en,futurama
dwayne,0.0008527096126893,en,futurama
unconsciousness,0.0008527096126893,en,futurama
lubricate,0.0008527096126893,en,futurama
exalt,0.0008527096126893,en,futurama
scamp,0.0008527096126893,en,futurama
angrily,0.0008527096126893,en,futurama
partake,0.0008527096126893,en,futurama
mandible,0.0008527096126893,en,futurama
sigmund,0.0008527096126893,en,futurama
bazaar,0.0008527096126893,en,futurama
peeking,0.0008527096126893,en,futurama
coleslaw,0.0008527096126893,en,futurama
bedspread,0.0008527096126893,en,futurama
dink,0.0008527096126893,en,futurama
appetizing,0.0008527096126893,en,futurama
edict,0.0008527096126893,en,futurama
wicker,0.0008527096126893,en,futurama
fungal,0.0008527096126893,en,futurama
gastrointestinal,0.0008527096126893,en,futurama
sarcophagus,0.0008527096126893,en,futurama
disturbingly,0.0008527096126893,en,futurama
perilous,0.0008527096126893,en,futurama
narrate,0.0008527096126893,en,futurama
laced,0.0008527096126893,en,futurama
esque,0.0008527096126893,en,futurama
switcheroo,0.0008527096126893,en,futurama
lozenge,0.0008527096126893,en,futurama
musing,0.0008527096126893,en,futurama
affirmation,0.0008527096126893,en,futurama
antarctic,0.0008527096126893,en,futurama
cheste,0.0008527096126893,en,futurama
wazoo,0.0008527096126893,en,futurama
aromatic,0.0008527096126893,en,futurama
cognac,0.0008527096126893,en,futurama
townie,0.0008527096126893,en,futurama
celsius,0.0008527096126893,en,futurama
energize,0.0008527096126893,en,futurama
metropolis,0.0008527096126893,en,futurama
confound,0.0008527096126893,en,futurama
prism,0.0008527096126893,en,futurama
subjugate,0.0008527096126893,en,futurama
kissy,0.0008527096126893,en,futurama
demente,0.0008527096126893,en,futurama
apostle,0.0008527096126893,en,futurama
pileup,0.0008527096126893,en,futurama
catchphrase,0.0008527096126893,en,futurama
nelly,0.0008527096126893,en,futurama
gassy,0.0008527096126893,en,futurama
iive,0.0008527096126893,en,futurama
yolk,0.0008527096126893,en,futurama
wasteful,0.0008527096126893,en,futurama
interject,0.0008527096126893,en,futurama
shaped,0.0008527096126893,en,futurama
writ,0.0008527096126893,en,futurama
yucky,0.0008527096126893,en,futurama
cyclical,0.0008527096126893,en,futurama
separatist,0.0008527096126893,en,futurama
bobcat,0.0008527096126893,en,futurama
cobalt,0.0008527096126893,en,futurama
reverence,0.0008527096126893,en,futurama
prong,0.0008527096126893,en,futurama
prophesy,0.0008527096126893,en,futurama
reshape,0.0008527096126893,en,futurama
rockefeller,0.0008527096126893,en,futurama
gable,0.0008527096126893,en,futurama
assure,0.0008478572430322,en,futurama
church,0.0008478572430322,en,futurama
bible,0.0008457347123031,en,futurama
forge,0.0008457347123031,en,futurama
indian,0.0008457347123031,en,futurama
scoop,0.0008457347123031,en,futurama
doorstep,0.0008457347123031,en,futurama
emerge,0.0008457347123031,en,futurama
mourn,0.0008457347123031,en,futurama
cramp,0.0008457347123031,en,futurama
ski,0.0008457347123031,en,futurama
fitting,0.0008457347123031,en,futurama
unnecessary,0.0008457347123031,en,futurama
alibi,0.0008457347123031,en,futurama
variety,0.0008457347123031,en,futurama
dice,0.0008457347123031,en,futurama
refill,0.0008457347123031,en,futurama
potential,0.0008410469748949,en,futurama
aside,0.0008410469748949,en,futurama
south,0.0008410469748949,en,futurama
inch,0.0008410469748949,en,futurama
back,0.0008410469748949,en,futurama
sacrifice,0.0008410469748949,en,futurama
implant,0.0008377802047037,en,futurama
designer,0.0008377802047037,en,futurama
plea,0.0008377802047037,en,futurama
itch,0.0008377802047037,en,futurama
reckless,0.0008377802047037,en,futurama
politician,0.0008377802047037,en,futurama
compassion,0.0008377802047037,en,futurama
mere,0.0008377802047037,en,futurama
mole,0.0008377802047037,en,futurama
bizarre,0.0008377802047037,en,futurama
integrity,0.0008377802047037,en,futurama
interference,0.0008377802047037,en,futurama
latin,0.0008377802047037,en,futurama
chunk,0.0008377802047037,en,futurama
transportation,0.0008377802047037,en,futurama
admission,0.0008377802047037,en,futurama
alternate,0.0008377802047037,en,futurama
jail,0.0008342983389886,en,futurama
bullet,0.0008342983389886,en,futurama
driver,0.0008342983389886,en,futurama
available,0.0008342983389886,en,futurama
spackle,0.0008310809285097,en,futurama
something,0.0008310809285097,en,futurama
eventual,0.0008310809285097,en,futurama
desolate,0.0008310809285097,en,futurama
lntereste,0.0008310809285097,en,futurama
connector,0.0008310809285097,en,futurama
tome,0.0008310809285097,en,futurama
cramped,0.0008310809285097,en,futurama
brisket,0.0008310809285097,en,futurama
smidge,0.0008310809285097,en,futurama
simpleton,0.0008310809285097,en,futurama
watery,0.0008310809285097,en,futurama
capillary,0.0008310809285097,en,futurama
mulligan,0.0008310809285097,en,futurama
prejudiced,0.0008310809285097,en,futurama
nucleus,0.0008310809285097,en,futurama
deface,0.0008310809285097,en,futurama
perennial,0.0008310809285097,en,futurama
letdown,0.0008310809285097,en,futurama
nestle,0.0008310809285097,en,futurama
sheldon,0.0008310809285097,en,futurama
tapestry,0.0008310809285097,en,futurama
fbl,0.0008310809285097,en,futurama
jurassic,0.0008310809285097,en,futurama
sloth,0.0008310809285097,en,futurama
cooker,0.0008310809285097,en,futurama
luscious,0.0008310809285097,en,futurama
fabrication,0.0008310809285097,en,futurama
foie,0.0008310809285097,en,futurama
fahrenheit,0.0008310809285097,en,futurama
brien,0.0008310809285097,en,futurama
delirium,0.0008310809285097,en,futurama
stagnant,0.0008310809285097,en,futurama
intolerance,0.0008310809285097,en,futurama
honorably,0.0008310809285097,en,futurama
precocious,0.0008310809285097,en,futurama
debutante,0.0008310809285097,en,futurama
foo,0.0008310809285097,en,futurama
chassis,0.0008310809285097,en,futurama
carbonate,0.0008310809285097,en,futurama
textile,0.0008310809285097,en,futurama
dishonorably,0.0008310809285097,en,futurama
kfc,0.0008310809285097,en,futurama
cpu,0.0008310809285097,en,futurama
digress,0.0008310809285097,en,futurama
scat,0.0008310809285097,en,futurama
stateroom,0.0008310809285097,en,futurama
superintendent,0.0008310809285097,en,futurama
improperly,0.0008310809285097,en,futurama
whuppe,0.0008310809285097,en,futurama
gunk,0.0008310809285097,en,futurama
illogical,0.0008310809285097,en,futurama
leotard,0.0008310809285097,en,futurama
invariably,0.0008310809285097,en,futurama
imitating,0.0008310809285097,en,futurama
negatory,0.0008310809285097,en,futurama
altering,0.0008310809285097,en,futurama
unfreeze,0.0008310809285097,en,futurama
ladylike,0.0008310809285097,en,futurama
ancestry,0.0008310809285097,en,futurama
moderation,0.0008310809285097,en,futurama
brainless,0.0008310809285097,en,futurama
atrocious,0.0008310809285097,en,futurama
eventful,0.0008310809285097,en,futurama
domesticate,0.0008310809285097,en,futurama
daiquiri,0.0008310809285097,en,futurama
luxurious,0.0008310809285097,en,futurama
nominal,0.0008310809285097,en,futurama
nobel,0.0008310809285097,en,futurama
fluctuate,0.0008310809285097,en,futurama
centric,0.0008310809285097,en,futurama
twizzler,0.0008310809285097,en,futurama
reelection,0.0008310809285097,en,futurama
tantamount,0.0008310809285097,en,futurama
stockholder,0.0008310809285097,en,futurama
suitably,0.0008310809285097,en,futurama
meteorite,0.0008310809285097,en,futurama
thickness,0.0008310809285097,en,futurama
lawman,0.0008310809285097,en,futurama
muy,0.0008310809285097,en,futurama
twofer,0.0008310809285097,en,futurama
oof,0.0008310809285097,en,futurama
pudgy,0.0008310809285097,en,futurama
jellyfish,0.0008310809285097,en,futurama
welcoming,0.0008310809285097,en,futurama
catapult,0.0008310809285097,en,futurama
glue,0.00082995097016,en,futurama
rehearsal,0.00082995097016,en,futurama
destination,0.00082995097016,en,futurama
corporation,0.00082995097016,en,futurama
toll,0.00082995097016,en,futurama
carve,0.00082995097016,en,futurama
rational,0.00082995097016,en,futurama
knot,0.00082995097016,en,futurama
prostitute,0.00082995097016,en,futurama
righteous,0.00082995097016,en,futurama
pointless,0.00082995097016,en,futurama
extract,0.00082995097016,en,futurama
gently,0.00082995097016,en,futurama
suffering,0.00082995097016,en,futurama
kidney,0.00082995097016,en,futurama
likely,0.0008276102297799,en,futurama
cracker,0.000822243123999,en,futurama
british,0.000822243123999,en,futurama
snatch,0.000822243123999,en,futurama
splash,0.000822243123999,en,futurama
armor,0.000822243123999,en,futurama
passport,0.000822243123999,en,futurama
scanner,0.000822243123999,en,futurama
rifle,0.000822243123999,en,futurama
presentation,0.000822243123999,en,futurama
fugitive,0.000822243123999,en,futurama
jealousy,0.000822243123999,en,futurama
gambling,0.000822243123999,en,futurama
pea,0.000822243123999,en,futurama
laughter,0.000822243123999,en,futurama
feather,0.000822243123999,en,futurama
shape,0.0008209815712173,en,futurama
frog,0.0008146529594858,en,futurama
lethal,0.0008146529594858,en,futurama
grudge,0.0008146529594858,en,futurama
hose,0.0008146529594858,en,futurama
buckle,0.0008146529594858,en,futurama
semi,0.0008146529594858,en,futurama
pawn,0.0008146529594858,en,futurama
proudly,0.0008146529594858,en,futurama
desperate,0.0008144113156917,en,futurama
swoon,0.0008111844677819,en,futurama
factual,0.0008111844677819,en,futurama
inconceivable,0.0008111844677819,en,futurama
replaceable,0.0008111844677819,en,futurama
deafen,0.0008111844677819,en,futurama
reenactment,0.0008111844677819,en,futurama
cilantro,0.0008111844677819,en,futurama
phi,0.0008111844677819,en,futurama
nothingness,0.0008111844677819,en,futurama
blissful,0.0008111844677819,en,futurama
mtv,0.0008111844677819,en,futurama
denture,0.0008111844677819,en,futurama
tenor,0.0008111844677819,en,futurama
lumpy,0.0008111844677819,en,futurama
dreg,0.0008111844677819,en,futurama
suzie,0.0008111844677819,en,futurama
frosted,0.0008111844677819,en,futurama
mario,0.0008111844677819,en,futurama
plaything,0.0008111844677819,en,futurama
notjust,0.0008111844677819,en,futurama
impersonation,0.0008111844677819,en,futurama
fanatical,0.0008111844677819,en,futurama
repugnant,0.0008111844677819,en,futurama
shaggy,0.0008111844677819,en,futurama
saucy,0.0008111844677819,en,futurama
rotor,0.0008111844677819,en,futurama
lenient,0.0008111844677819,en,futurama
flail,0.0008111844677819,en,futurama
backwood,0.0008111844677819,en,futurama
untangle,0.0008111844677819,en,futurama
mio,0.0008111844677819,en,futurama
unscrew,0.0008111844677819,en,futurama
congregate,0.0008111844677819,en,futurama
cleverly,0.0008111844677819,en,futurama
iooke,0.0008111844677819,en,futurama
macy,0.0008111844677819,en,futurama
environmentalist,0.0008111844677819,en,futurama
sweatpant,0.0008111844677819,en,futurama
brawn,0.0008111844677819,en,futurama
whitey,0.0008111844677819,en,futurama
cushy,0.0008111844677819,en,futurama
pew,0.0008111844677819,en,futurama
rudolph,0.0008111844677819,en,futurama
carpeting,0.0008111844677819,en,futurama
ballplayer,0.0008111844677819,en,futurama
rudeness,0.0008111844677819,en,futurama
caffeinate,0.0008111844677819,en,futurama
grabby,0.0008111844677819,en,futurama
powered,0.0008111844677819,en,futurama
pail,0.0008111844677819,en,futurama
esther,0.0008111844677819,en,futurama
tycoon,0.0008111844677819,en,futurama
rounded,0.0008111844677819,en,futurama
inefficient,0.0008111844677819,en,futurama
adolf,0.0008111844677819,en,futurama
academia,0.0008111844677819,en,futurama
fanfare,0.0008111844677819,en,futurama
felicity,0.0008111844677819,en,futurama
playthe,0.0008111844677819,en,futurama
quip,0.0008111844677819,en,futurama
sanctify,0.0008111844677819,en,futurama
tempo,0.0008111844677819,en,futurama
tranquility,0.0008111844677819,en,futurama
fiesta,0.0008111844677819,en,futurama
sayonara,0.0008111844677819,en,futurama
harlem,0.0008111844677819,en,futurama
eardrum,0.0008111844677819,en,futurama
whoopee,0.0008111844677819,en,futurama
underpaid,0.0008111844677819,en,futurama
excavation,0.0008111844677819,en,futurama
cootie,0.0008111844677819,en,futurama
pooh,0.0008111844677819,en,futurama
ferment,0.0008111844677819,en,futurama
gunner,0.0008111844677819,en,futurama
asterisk,0.0008111844677819,en,futurama
connoisseur,0.0008111844677819,en,futurama
shrewd,0.0008111844677819,en,futurama
chet,0.0008111844677819,en,futurama
lite,0.0008111844677819,en,futurama
salmonella,0.0008111844677819,en,futurama
presidency,0.0008111844677819,en,futurama
newscaster,0.0008111844677819,en,futurama
gallant,0.0008111844677819,en,futurama
daiquiris,0.0008111844677819,en,futurama
harem,0.0008111844677819,en,futurama
regulator,0.0008111844677819,en,futurama
heroism,0.0008111844677819,en,futurama
overgrown,0.0008111844677819,en,futurama
centrifuge,0.0008111844677819,en,futurama
aware,0.0008078984430432,en,futurama
honestly,0.0008078984430432,en,futurama
passage,0.0008071769371195,en,futurama
discovery,0.0008071769371195,en,futurama
bunny,0.0008071769371195,en,futurama
facial,0.0008071769371195,en,futurama
freaky,0.0008071769371195,en,futurama
chase,0.00080144195961,en,futurama
shallow,0.0007998116747222,en,futurama
perfume,0.0007998116747222,en,futurama
exotic,0.0007998116747222,en,futurama
japanese,0.0007998116747222,en,futurama
impulse,0.0007998116747222,en,futurama
roast,0.0007998116747222,en,futurama
draft,0.0007998116747222,en,futurama
crappy,0.0007998116747222,en,futurama
retrieve,0.0007998116747222,en,futurama
religious,0.0007998116747222,en,futurama
hostile,0.0007998116747222,en,futurama
footstep,0.0007998116747222,en,futurama
perimeter,0.0007998116747222,en,futurama
oreo,0.0007927632224189,en,futurama
pronunciation,0.0007927632224189,en,futurama
sanford,0.0007927632224189,en,futurama
circa,0.0007927632224189,en,futurama
washroom,0.0007927632224189,en,futurama
goto,0.0007927632224189,en,futurama
logically,0.0007927632224189,en,futurama
oppress,0.0007927632224189,en,futurama
cle,0.0007927632224189,en,futurama
brigade,0.0007927632224189,en,futurama
classier,0.0007927632224189,en,futurama
poacher,0.0007927632224189,en,futurama
musk,0.0007927632224189,en,futurama
seorita,0.0007927632224189,en,futurama
unremarkable,0.0007927632224189,en,futurama
blinker,0.0007927632224189,en,futurama
ravish,0.0007927632224189,en,futurama
blowhard,0.0007927632224189,en,futurama
tardy,0.0007927632224189,en,futurama
ticktock,0.0007927632224189,en,futurama
astronomer,0.0007927632224189,en,futurama
ethnicity,0.0007927632224189,en,futurama
snowboard,0.0007927632224189,en,futurama
moor,0.0007927632224189,en,futurama
morsel,0.0007927632224189,en,futurama
hypochondriac,0.0007927632224189,en,futurama
guzzle,0.0007927632224189,en,futurama
sweetener,0.0007927632224189,en,futurama
afoot,0.0007927632224189,en,futurama
silky,0.0007927632224189,en,futurama
decadent,0.0007927632224189,en,futurama
lard,0.0007927632224189,en,futurama
meld,0.0007927632224189,en,futurama
linoleum,0.0007927632224189,en,futurama
rand,0.0007927632224189,en,futurama
dandelion,0.0007927632224189,en,futurama
browser,0.0007927632224189,en,futurama
bloodthirsty,0.0007927632224189,en,futurama
dogfight,0.0007927632224189,en,futurama
cheapen,0.0007927632224189,en,futurama
spandex,0.0007927632224189,en,futurama
forefather,0.0007927632224189,en,futurama
stopper,0.0007927632224189,en,futurama
electro,0.0007927632224189,en,futurama
evoke,0.0007927632224189,en,futurama
peruse,0.0007927632224189,en,futurama
shaved,0.0007927632224189,en,futurama
caddie,0.0007927632224189,en,futurama
guillotine,0.0007927632224189,en,futurama
pantsuit,0.0007927632224189,en,futurama
sombrero,0.0007927632224189,en,futurama
stopping,0.0007927632224189,en,futurama
congo,0.0007927632224189,en,futurama
mph,0.0007927632224189,en,futurama
cyst,0.0007927632224189,en,futurama
vaccinate,0.0007927632224189,en,futurama
impurity,0.0007927632224189,en,futurama
hickory,0.0007927632224189,en,futurama
custard,0.0007927632224189,en,futurama
sinful,0.0007927632224189,en,futurama
seer,0.0007927632224189,en,futurama
shielding,0.0007927632224189,en,futurama
presently,0.0007927632224189,en,futurama
millionth,0.0007927632224189,en,futurama
sandstorm,0.0007927632224189,en,futurama
neurotoxin,0.0007927632224189,en,futurama
sonnet,0.0007927632224189,en,futurama
toothless,0.0007927632224189,en,futurama
jogging,0.0007927632224189,en,futurama
electronically,0.0007927632224189,en,futurama
clique,0.0007927632224189,en,futurama
resuscitation,0.0007927632224189,en,futurama
versatile,0.0007927632224189,en,futurama
hercule,0.0007927632224189,en,futurama
peso,0.0007927632224189,en,futurama
aromatherapy,0.0007927632224189,en,futurama
yearning,0.0007927632224189,en,futurama
preservative,0.0007927632224189,en,futurama
depraved,0.0007927632224189,en,futurama
grammy,0.0007927632224189,en,futurama
humankind,0.0007927632224189,en,futurama
veritable,0.0007927632224189,en,futurama
screwy,0.0007927632224189,en,futurama
penalty,0.0007925539382513,en,futurama
decline,0.0007925539382513,en,futurama
tease,0.0007925539382513,en,futurama
remotely,0.0007925539382513,en,futurama
payback,0.0007925539382513,en,futurama
acknowledge,0.0007925539382513,en,futurama
unacceptable,0.0007925539382513,en,futurama
empire,0.0007925539382513,en,futurama
congratulate,0.0007925539382513,en,futurama
suitcase,0.0007925539382513,en,futurama
trophy,0.0007925539382513,en,futurama
sadly,0.0007925539382513,en,futurama
digital,0.0007925539382513,en,futurama
afternoon,0.0007886943128143,en,futurama
surprised,0.0007886943128143,en,futurama
widow,0.000785400633273,en,futurama
population,0.000785400633273,en,futurama
businessman,0.000785400633273,en,futurama
guidance,0.000785400633273,en,futurama
seventh,0.000785400633273,en,futurama
fragile,0.000785400633273,en,futurama
undercover,0.000785400633273,en,futurama
salary,0.000785400633273,en,futurama
trailer,0.000785400633273,en,futurama
african,0.000785400633273,en,futurama
vegas,0.000785400633273,en,futurama
studio,0.000785400633273,en,futurama
ding,0.000785400633273,en,futurama
lunatic,0.000785400633273,en,futurama
certificate,0.0007783487970406,en,futurama
skirt,0.0007783487970406,en,futurama
fortunately,0.0007783487970406,en,futurama
reflect,0.0007783487970406,en,futurama
stunt,0.0007783487970406,en,futurama
income,0.0007783487970406,en,futurama
dodge,0.0007783487970406,en,futurama
scoring,0.0007756134532777,en,futurama
rendering,0.0007756134532777,en,futurama
hairstyle,0.0007756134532777,en,futurama
farming,0.0007756134532777,en,futurama
apocalyptic,0.0007756134532777,en,futurama
volkswagen,0.0007756134532777,en,futurama
pester,0.0007756134532777,en,futurama
davey,0.0007756134532777,en,futurama
splat,0.0007756134532777,en,futurama
pubic,0.0007756134532777,en,futurama
fiddler,0.0007756134532777,en,futurama
playful,0.0007756134532777,en,futurama
steamer,0.0007756134532777,en,futurama
overprice,0.0007756134532777,en,futurama
continuously,0.0007756134532777,en,futurama
unbiased,0.0007756134532777,en,futurama
supercomputer,0.0007756134532777,en,futurama
dreary,0.0007756134532777,en,futurama
hotdog,0.0007756134532777,en,futurama
lurch,0.0007756134532777,en,futurama
ahoy,0.0007756134532777,en,futurama
boycott,0.0007756134532777,en,futurama
victorious,0.0007756134532777,en,futurama
holiness,0.0007756134532777,en,futurama
avail,0.0007756134532777,en,futurama
eggplant,0.0007756134532777,en,futurama
cordon,0.0007756134532777,en,futurama
bringer,0.0007756134532777,en,futurama
beltway,0.0007756134532777,en,futurama
morph,0.0007756134532777,en,futurama
plat,0.0007756134532777,en,futurama
placebo,0.0007756134532777,en,futurama
nutter,0.0007756134532777,en,futurama
nighty,0.0007756134532777,en,futurama
muss,0.0007756134532777,en,futurama
volcanic,0.0007756134532777,en,futurama
sawdust,0.0007756134532777,en,futurama
anus,0.0007756134532777,en,futurama
munch,0.0007756134532777,en,futurama
bistro,0.0007756134532777,en,futurama
worsen,0.0007756134532777,en,futurama
postage,0.0007756134532777,en,futurama
mead,0.0007756134532777,en,futurama
fleece,0.0007756134532777,en,futurama
bayonet,0.0007756134532777,en,futurama
deliberation,0.0007756134532777,en,futurama
coating,0.0007756134532777,en,futurama
subatomic,0.0007756134532777,en,futurama
atms,0.0007756134532777,en,futurama
thicken,0.0007756134532777,en,futurama
neigh,0.0007756134532777,en,futurama
orifice,0.0007756134532777,en,futurama
gladys,0.0007756134532777,en,futurama
priestess,0.0007756134532777,en,futurama
aqua,0.0007756134532777,en,futurama
pus,0.0007756134532777,en,futurama
dune,0.0007756134532777,en,futurama
begging,0.0007756134532777,en,futurama
repertoire,0.0007756134532777,en,futurama
albino,0.0007756134532777,en,futurama
kleenex,0.0007756134532777,en,futurama
metaphysical,0.0007756134532777,en,futurama
tiara,0.0007756134532777,en,futurama
mesmerize,0.0007756134532777,en,futurama
prehistoric,0.0007756134532777,en,futurama
lubricant,0.0007756134532777,en,futurama
collectible,0.0007756134532777,en,futurama
flay,0.0007756134532777,en,futurama
solidify,0.0007756134532777,en,futurama
souffl,0.0007756134532777,en,futurama
tact,0.0007756134532777,en,futurama
fiscal,0.0007756134532777,en,futurama
underdog,0.0007756134532777,en,futurama
tran,0.0007756134532777,en,futurama
reputable,0.0007756134532777,en,futurama
sleigh,0.0007756134532777,en,futurama
dislodge,0.0007756134532777,en,futurama
hugging,0.0007756134532777,en,futurama
tardiness,0.0007756134532777,en,futurama
infallible,0.0007756134532777,en,futurama
closure,0.0007713955911268,en,futurama
consult,0.0007713955911268,en,futurama
solo,0.0007713955911268,en,futurama
sergeant,0.0007713955911268,en,futurama
bacon,0.0007713955911268,en,futurama
rug,0.0007713955911268,en,futurama
educate,0.0007713955911268,en,futurama
cord,0.0007713955911268,en,futurama
strain,0.0007713955911268,en,futurama
acquire,0.0007713955911268,en,futurama
nickname,0.0007645382945637,en,futurama
overcome,0.0007645382945637,en,futurama
engineer,0.0007645382945637,en,futurama
patrol,0.0007645382945637,en,futurama
helpless,0.0007645382945637,en,futurama
irony,0.0007645382945637,en,futurama
alpha,0.0007645382945637,en,futurama
decimal,0.0007595709156304,en,futurama
usable,0.0007595709156304,en,futurama
abode,0.0007595709156304,en,futurama
affordable,0.0007595709156304,en,futurama
melting,0.0007595709156304,en,futurama
celibacy,0.0007595709156304,en,futurama
alarming,0.0007595709156304,en,futurama
lama,0.0007595709156304,en,futurama
mahogany,0.0007595709156304,en,futurama
doer,0.0007595709156304,en,futurama
napoleon,0.0007595709156304,en,futurama
venus,0.0007595709156304,en,futurama
metric,0.0007595709156304,en,futurama
flux,0.0007595709156304,en,futurama
contemporary,0.0007595709156304,en,futurama
prosperous,0.0007595709156304,en,futurama
cameraman,0.0007595709156304,en,futurama
thor,0.0007595709156304,en,futurama
unbeatable,0.0007595709156304,en,futurama
tremendously,0.0007595709156304,en,futurama
duh,0.0007595709156304,en,futurama
sundaes,0.0007595709156304,en,futurama
cobble,0.0007595709156304,en,futurama
chummy,0.0007595709156304,en,futurama
laborer,0.0007595709156304,en,futurama
bale,0.0007595709156304,en,futurama
din,0.0007595709156304,en,futurama
nook,0.0007595709156304,en,futurama
etcetera,0.0007595709156304,en,futurama
kayak,0.0007595709156304,en,futurama
dignitary,0.0007595709156304,en,futurama
recede,0.0007595709156304,en,futurama
toed,0.0007595709156304,en,futurama
doctoral,0.0007595709156304,en,futurama
upwards,0.0007595709156304,en,futurama
candidacy,0.0007595709156304,en,futurama
boar,0.0007595709156304,en,futurama
overcook,0.0007595709156304,en,futurama
decease,0.0007595709156304,en,futurama
assorted,0.0007595709156304,en,futurama
fraudulent,0.0007595709156304,en,futurama
creamy,0.0007595709156304,en,futurama
broadcasting,0.0007595709156304,en,futurama
yahoo,0.0007595709156304,en,futurama
differential,0.0007595709156304,en,futurama
breakout,0.0007595709156304,en,futurama
harlot,0.0007595709156304,en,futurama
impediment,0.0007595709156304,en,futurama
eel,0.0007595709156304,en,futurama
bleep,0.0007595709156304,en,futurama
endangerment,0.0007595709156304,en,futurama
dignify,0.0007595709156304,en,futurama
roland,0.0007595709156304,en,futurama
smolder,0.0007595709156304,en,futurama
annoyance,0.0007595709156304,en,futurama
fashionable,0.0007595709156304,en,futurama
foliage,0.0007595709156304,en,futurama
energetic,0.0007595709156304,en,futurama
licensed,0.0007595709156304,en,futurama
peacock,0.0007595709156304,en,futurama
explanatory,0.0007595709156304,en,futurama
ricardo,0.0007595709156304,en,futurama
elemental,0.0007595709156304,en,futurama
cyborg,0.0007595709156304,en,futurama
calculated,0.0007595709156304,en,futurama
protester,0.0007595709156304,en,futurama
mba,0.0007595709156304,en,futurama
mannered,0.0007595709156304,en,futurama
glint,0.0007595709156304,en,futurama
milky,0.0007595709156304,en,futurama
goner,0.0007595709156304,en,futurama
petroleum,0.0007595709156304,en,futurama
flimsy,0.0007595709156304,en,futurama
spam,0.0007595709156304,en,futurama
patriotism,0.0007595709156304,en,futurama
measly,0.0007595709156304,en,futurama
trendy,0.0007595709156304,en,futurama
temper,0.0007577742974509,en,futurama
fort,0.0007577742974509,en,futurama
execution,0.0007577742974509,en,futurama
craft,0.0007577742974509,en,futurama
massage,0.0007577742974509,en,futurama
ideal,0.0007577742974509,en,futurama
occupy,0.0007577742974509,en,futurama
violation,0.0007577742974509,en,futurama
resort,0.0007577742974509,en,futurama
waiting,0.0007577742974509,en,futurama
receipt,0.0007577742974509,en,futurama
purchase,0.0007511010949906,en,futurama
retreat,0.0007511010949906,en,futurama
counsel,0.0007511010949906,en,futurama
mall,0.0007511010949906,en,futurama
magical,0.0007511010949906,en,futurama
rattle,0.0007511010949906,en,futurama
feature,0.0007445162819197,en,futurama
intimate,0.0007445162819197,en,futurama
database,0.0007445162819197,en,futurama
infect,0.0007445162819197,en,futurama
amateur,0.0007445162819197,en,futurama
entertain,0.0007445162819197,en,futurama
ego,0.0007445162819197,en,futurama
colonic,0.0007445012679115,en,futurama
malley,0.0007445012679115,en,futurama
pancrea,0.0007445012679115,en,futurama
omit,0.0007445012679115,en,futurama
apparatus,0.0007445012679115,en,futurama
ecosystem,0.0007445012679115,en,futurama
oversized,0.0007445012679115,en,futurama
summarize,0.0007445012679115,en,futurama
viagra,0.0007445012679115,en,futurama
sleek,0.0007445012679115,en,futurama
generously,0.0007445012679115,en,futurama
kook,0.0007445012679115,en,futurama
mammoth,0.0007445012679115,en,futurama
bearable,0.0007445012679115,en,futurama
gutsy,0.0007445012679115,en,futurama
shrivel,0.0007445012679115,en,futurama
wrecker,0.0007445012679115,en,futurama
wilder,0.0007445012679115,en,futurama
prowess,0.0007445012679115,en,futurama
slush,0.0007445012679115,en,futurama
reprogramme,0.0007445012679115,en,futurama
herald,0.0007445012679115,en,futurama
penmanship,0.0007445012679115,en,futurama
dignified,0.0007445012679115,en,futurama
skimp,0.0007445012679115,en,futurama
extinguish,0.0007445012679115,en,futurama
ogle,0.0007445012679115,en,futurama
deepen,0.0007445012679115,en,futurama
distrust,0.0007445012679115,en,futurama
clack,0.0007445012679115,en,futurama
dreamy,0.0007445012679115,en,futurama
radiant,0.0007445012679115,en,futurama
deductible,0.0007445012679115,en,futurama
baggie,0.0007445012679115,en,futurama
conscientious,0.0007445012679115,en,futurama
gremlin,0.0007445012679115,en,futurama
rotting,0.0007445012679115,en,futurama
cheetah,0.0007445012679115,en,futurama
yelp,0.0007445012679115,en,futurama
turbine,0.0007445012679115,en,futurama
copyright,0.0007445012679115,en,futurama
susie,0.0007445012679115,en,futurama
republican,0.0007445012679115,en,futurama
nomad,0.0007445012679115,en,futurama
philanthropist,0.0007445012679115,en,futurama
symmetrical,0.0007445012679115,en,futurama
ashore,0.0007445012679115,en,futurama
cynthia,0.0007445012679115,en,futurama
cucumber,0.0007445012679115,en,futurama
elastic,0.0007445012679115,en,futurama
astonish,0.0007445012679115,en,futurama
agonizing,0.0007445012679115,en,futurama
manatee,0.0007445012679115,en,futurama
snare,0.0007445012679115,en,futurama
rowdy,0.0007445012679115,en,futurama
dixon,0.0007445012679115,en,futurama
gripe,0.0007445012679115,en,futurama
buick,0.0007445012679115,en,futurama
mistrial,0.0007445012679115,en,futurama
sincerity,0.0007445012679115,en,futurama
alrighty,0.0007445012679115,en,futurama
personalize,0.0007445012679115,en,futurama
captivate,0.0007445012679115,en,futurama
ulterior,0.0007445012679115,en,futurama
sho,0.0007445012679115,en,futurama
eww,0.0007445012679115,en,futurama
scrumptious,0.0007445012679115,en,futurama
yous,0.0007445012679115,en,futurama
meddling,0.0007445012679115,en,futurama
impervious,0.0007445012679115,en,futurama
boiling,0.0007445012679115,en,futurama
installment,0.0007445012679115,en,futurama
transpire,0.0007445012679115,en,futurama
eloquent,0.0007445012679115,en,futurama
bulge,0.0007445012679115,en,futurama
fencing,0.0007445012679115,en,futurama
royally,0.0007445012679115,en,futurama
bonnet,0.0007445012679115,en,futurama
eager,0.0007380175473042,en,futurama
fade,0.0007380175473042,en,futurama
international,0.0007380175473042,en,futurama
breast,0.0007380175473042,en,futurama
tiger,0.0007380175473042,en,futurama
dime,0.0007380175473042,en,futurama
shotgun,0.0007380175473042,en,futurama
exposure,0.0007380175473042,en,futurama
theft,0.0007316026696712,en,futurama
hunch,0.0007316026696712,en,futurama
scotch,0.0007316026696712,en,futurama
hunting,0.0007316026696712,en,futurama
swell,0.0007316026696712,en,futurama
permit,0.0007316026696712,en,futurama
pan,0.0007316026696712,en,futurama
pee,0.0007316026696712,en,futurama
unhappy,0.0007316026696712,en,futurama
con,0.0007316026696712,en,futurama
nee,0.0007302932261138,en,futurama
deduct,0.0007302932261138,en,futurama
atkin,0.0007302932261138,en,futurama
mucus,0.0007302932261138,en,futurama
debilitate,0.0007302932261138,en,futurama
gator,0.0007302932261138,en,futurama
infestation,0.0007302932261138,en,futurama
standup,0.0007302932261138,en,futurama
devoid,0.0007302932261138,en,futurama
thermo,0.0007302932261138,en,futurama
bookcase,0.0007302932261138,en,futurama
hypodermic,0.0007302932261138,en,futurama
immense,0.0007302932261138,en,futurama
lifeless,0.0007302932261138,en,futurama
persecution,0.0007302932261138,en,futurama
discrimination,0.0007302932261138,en,futurama
implore,0.0007302932261138,en,futurama
bicker,0.0007302932261138,en,futurama
opiate,0.0007302932261138,en,futurama
filler,0.0007302932261138,en,futurama
watering,0.0007302932261138,en,futurama
saturate,0.0007302932261138,en,futurama
piata,0.0007302932261138,en,futurama
irritation,0.0007302932261138,en,futurama
forgetful,0.0007302932261138,en,futurama
emmy,0.0007302932261138,en,futurama
latrine,0.0007302932261138,en,futurama
splice,0.0007302932261138,en,futurama
ross,0.0007302932261138,en,futurama
mein,0.0007302932261138,en,futurama
cantaloupe,0.0007302932261138,en,futurama
enroll,0.0007302932261138,en,futurama
skipper,0.0007302932261138,en,futurama
enema,0.0007302932261138,en,futurama
christen,0.0007302932261138,en,futurama
flushed,0.0007302932261138,en,futurama
unclean,0.0007302932261138,en,futurama
pimple,0.0007302932261138,en,futurama
recreation,0.0007302932261138,en,futurama
fragrance,0.0007302932261138,en,futurama
trio,0.0007302932261138,en,futurama
theorize,0.0007302932261138,en,futurama
sided,0.0007302932261138,en,futurama
overture,0.0007302932261138,en,futurama
mainstream,0.0007302932261138,en,futurama
handkerchief,0.0007302932261138,en,futurama
repossess,0.0007302932261138,en,futurama
upbeat,0.0007302932261138,en,futurama
haggle,0.0007302932261138,en,futurama
rover,0.0007302932261138,en,futurama
partying,0.0007302932261138,en,futurama
paradigm,0.0007302932261138,en,futurama
fetched,0.0007302932261138,en,futurama
hemorrhaging,0.0007302932261138,en,futurama
attagirl,0.0007302932261138,en,futurama
dyin,0.0007302932261138,en,futurama
mooch,0.0007302932261138,en,futurama
goblin,0.0007302932261138,en,futurama
composer,0.0007302932261138,en,futurama
raven,0.0007302932261138,en,futurama
braver,0.0007302932261138,en,futurama
racetrack,0.0007302932261138,en,futurama
mirage,0.0007302932261138,en,futurama
sicko,0.0007302932261138,en,futurama
poser,0.0007302932261138,en,futurama
fuzz,0.0007302932261138,en,futurama
feline,0.0007302932261138,en,futurama
guild,0.0007302932261138,en,futurama
esquire,0.0007302932261138,en,futurama
digestion,0.0007302932261138,en,futurama
enjoyment,0.0007302932261138,en,futurama
counterpart,0.0007302932261138,en,futurama
crossbow,0.0007302932261138,en,futurama
limitless,0.0007302932261138,en,futurama
swanky,0.0007302932261138,en,futurama
jewelry,0.000725269512449,en,futurama
accurate,0.000725269512449,en,futurama
panel,0.000725269512449,en,futurama
inappropriate,0.000725269512449,en,futurama
seed,0.000725269512449,en,futurama
protective,0.000725269512449,en,futurama
phrase,0.000725269512449,en,futurama
reserve,0.000725269512449,en,futurama
justify,0.000725269512449,en,futurama
stain,0.000725269512449,en,futurama
poster,0.0007190160196961,en,futurama
translate,0.0007190160196961,en,futurama
alter,0.0007190160196961,en,futurama
allergic,0.0007190160196961,en,futurama
princess,0.0007190160196961,en,futurama
risky,0.0007190160196961,en,futurama
talente,0.0007168535715102,en,futurama
weirde,0.0007168535715102,en,futurama
blazer,0.0007168535715102,en,futurama
emerald,0.0007168535715102,en,futurama
norwegian,0.0007168535715102,en,futurama
panty,0.0007168535715102,en,futurama
disbar,0.0007168535715102,en,futurama
perch,0.0007168535715102,en,futurama
landfill,0.0007168535715102,en,futurama
immobilize,0.0007168535715102,en,futurama
stinkin,0.0007168535715102,en,futurama
jackal,0.0007168535715102,en,futurama
screenplay,0.0007168535715102,en,futurama
ineffective,0.0007168535715102,en,futurama
ozone,0.0007168535715102,en,futurama
testy,0.0007168535715102,en,futurama
interestingly,0.0007168535715102,en,futurama
topping,0.0007168535715102,en,futurama
sect,0.0007168535715102,en,futurama
birthplace,0.0007168535715102,en,futurama
unsuspecting,0.0007168535715102,en,futurama
klutz,0.0007168535715102,en,futurama
endurance,0.0007168535715102,en,futurama
pumping,0.0007168535715102,en,futurama
satisfactory,0.0007168535715102,en,futurama
thud,0.0007168535715102,en,futurama
diplomacy,0.0007168535715102,en,futurama
pelvis,0.0007168535715102,en,futurama
corral,0.0007168535715102,en,futurama
nuance,0.0007168535715102,en,futurama
subliminal,0.0007168535715102,en,futurama
rudy,0.0007168535715102,en,futurama
congregation,0.0007168535715102,en,futurama
readout,0.0007168535715102,en,futurama
housewarming,0.0007168535715102,en,futurama
repetitive,0.0007168535715102,en,futurama
launcher,0.0007168535715102,en,futurama
shindig,0.0007168535715102,en,futurama
clarification,0.0007168535715102,en,futurama
silicon,0.0007168535715102,en,futurama
chariot,0.0007168535715102,en,futurama
straddle,0.0007168535715102,en,futurama
workman,0.0007168535715102,en,futurama
conjecture,0.0007168535715102,en,futurama
unpopular,0.0007168535715102,en,futurama
refrigerate,0.0007168535715102,en,futurama
pta,0.0007168535715102,en,futurama
outskirt,0.0007168535715102,en,futurama
retch,0.0007168535715102,en,futurama
propeller,0.0007168535715102,en,futurama
loopy,0.0007168535715102,en,futurama
productivity,0.0007168535715102,en,futurama
shattered,0.0007168535715102,en,futurama
pacifist,0.0007168535715102,en,futurama
successor,0.0007168535715102,en,futurama
bootie,0.0007168535715102,en,futurama
satanic,0.0007168535715102,en,futurama
telepathy,0.0007168535715102,en,futurama
genesis,0.0007168535715102,en,futurama
gala,0.0007168535715102,en,futurama
exhume,0.0007168535715102,en,futurama
bah,0.0007168535715102,en,futurama
throe,0.0007168535715102,en,futurama
gracefully,0.0007168535715102,en,futurama
itching,0.0007168535715102,en,futurama
cower,0.0007168535715102,en,futurama
bel,0.0007168535715102,en,futurama
termite,0.0007168535715102,en,futurama
aerosol,0.0007168535715102,en,futurama
prude,0.0007168535715102,en,futurama
jester,0.0007168535715102,en,futurama
iooking,0.0007168535715102,en,futurama
corsage,0.0007168535715102,en,futurama
handprint,0.0007168535715102,en,futurama
cornerstone,0.0007168535715102,en,futurama
unhappiness,0.0007168535715102,en,futurama
kegger,0.0007168535715102,en,futurama
anoint,0.0007168535715102,en,futurama
archaic,0.0007168535715102,en,futurama
hiking,0.0007168535715102,en,futurama
faucet,0.0007168535715102,en,futurama
freakishly,0.0007168535715102,en,futurama
alloy,0.0007168535715102,en,futurama
scuba,0.0007168535715102,en,futurama
cartilage,0.0007168535715102,en,futurama
bluff,0.0007128402120935,en,futurama
forest,0.0007128402120935,en,futurama
bribe,0.0007128402120935,en,futurama
psycho,0.0007128402120935,en,futurama
tissue,0.0007128402120935,en,futurama
promote,0.0007128402120935,en,futurama
noble,0.0007128402120935,en,futurama
blink,0.0007128402120935,en,futurama
expression,0.0007128402120935,en,futurama
slack,0.0007128402120935,en,futurama
clothing,0.0007128402120935,en,futurama
bargain,0.0007128402120935,en,futurama
foundation,0.0007067401831845,en,futurama
shave,0.0007067401831845,en,futurama
corporate,0.0007067401831845,en,futurama
political,0.0007067401831845,en,futurama
gesture,0.0007067401831845,en,futurama
shrink,0.0007067401831845,en,futurama
bride,0.0007067401831845,en,futurama
pierce,0.0007067401831845,en,futurama
relation,0.0007067401831845,en,futurama
bethany,0.0007041034403984,en,futurama
emptiness,0.0007041034403984,en,futurama
loin,0.0007041034403984,en,futurama
resonance,0.0007041034403984,en,futurama
affected,0.0007041034403984,en,futurama
warlord,0.0007041034403984,en,futurama
stylist,0.0007041034403984,en,futurama
joyride,0.0007041034403984,en,futurama
primo,0.0007041034403984,en,futurama
shalt,0.0007041034403984,en,futurama
receptor,0.0007041034403984,en,futurama
chester,0.0007041034403984,en,futurama
hydrant,0.0007041034403984,en,futurama
eyeliner,0.0007041034403984,en,futurama
constitutional,0.0007041034403984,en,futurama
shenanigan,0.0007041034403984,en,futurama
reactivate,0.0007041034403984,en,futurama
deviant,0.0007041034403984,en,futurama
toodle,0.0007041034403984,en,futurama
ringtone,0.0007041034403984,en,futurama
remiss,0.0007041034403984,en,futurama
mistreat,0.0007041034403984,en,futurama
forceful,0.0007041034403984,en,futurama
mano,0.0007041034403984,en,futurama
fatten,0.0007041034403984,en,futurama
refusal,0.0007041034403984,en,futurama
elimination,0.0007041034403984,en,futurama
bombard,0.0007041034403984,en,futurama
astounding,0.0007041034403984,en,futurama
omen,0.0007041034403984,en,futurama
disqualify,0.0007041034403984,en,futurama
cakewalk,0.0007041034403984,en,futurama
alleviate,0.0007041034403984,en,futurama
crunchy,0.0007041034403984,en,futurama
hearty,0.0007041034403984,en,futurama
lengthy,0.0007041034403984,en,futurama
anthrax,0.0007041034403984,en,futurama
ref,0.0007041034403984,en,futurama
oval,0.0007041034403984,en,futurama
prosper,0.0007041034403984,en,futurama
gape,0.0007041034403984,en,futurama
informal,0.0007041034403984,en,futurama
punishable,0.0007041034403984,en,futurama
methane,0.0007041034403984,en,futurama
migrate,0.0007041034403984,en,futurama
sculptor,0.0007041034403984,en,futurama
trivium,0.0007041034403984,en,futurama
catheter,0.0007041034403984,en,futurama
encore,0.0007041034403984,en,futurama
tinker,0.0007041034403984,en,futurama
upbringing,0.0007041034403984,en,futurama
astronomical,0.0007041034403984,en,futurama
kiddie,0.0007041034403984,en,futurama
roasted,0.0007041034403984,en,futurama
flatline,0.0007041034403984,en,futurama
recalibrate,0.0007041034403984,en,futurama
gander,0.0007041034403984,en,futurama
politic,0.0007007140958417,en,futurama
raw,0.0007007140958417,en,futurama
blackmail,0.0007007140958417,en,futurama
pleased,0.0007007140958417,en,futurama
bud,0.0007007140958417,en,futurama
management,0.0007007140958417,en,futurama
sum,0.0007007140958417,en,futurama
strict,0.0007007140958417,en,futurama
menu,0.0006947601789452,en,futurama
puzzle,0.0006947601789452,en,futurama
aim,0.0006947601789452,en,futurama
tense,0.0006947601789452,en,futurama
alternative,0.0006947601789452,en,futurama
haunt,0.0006947601789452,en,futurama
impact,0.0006947601789452,en,futurama
survival,0.0006947601789452,en,futurama
recruit,0.0006947601789452,en,futurama
blessing,0.0006947601789452,en,futurama
yearn,0.000691975520023,en,futurama
bragging,0.000691975520023,en,futurama
diabolical,0.000691975520023,en,futurama
unthinkable,0.000691975520023,en,futurama
starch,0.000691975520023,en,futurama
pacific,0.000691975520023,en,futurama
shirley,0.000691975520023,en,futurama
helm,0.000691975520023,en,futurama
ouija,0.000691975520023,en,futurama
inoperable,0.000691975520023,en,futurama
proclaim,0.000691975520023,en,futurama
breakin,0.000691975520023,en,futurama
dom,0.000691975520023,en,futurama
yore,0.000691975520023,en,futurama
delicately,0.000691975520023,en,futurama
undetected,0.000691975520023,en,futurama
bloated,0.000691975520023,en,futurama
wobbly,0.000691975520023,en,futurama
boggle,0.000691975520023,en,futurama
pastime,0.000691975520023,en,futurama
crouch,0.000691975520023,en,futurama
entice,0.000691975520023,en,futurama
wheeze,0.000691975520023,en,futurama
mortify,0.000691975520023,en,futurama
snug,0.000691975520023,en,futurama
reenact,0.000691975520023,en,futurama
jig,0.000691975520023,en,futurama
moldy,0.000691975520023,en,futurama
eyelash,0.000691975520023,en,futurama
fundamentally,0.000691975520023,en,futurama
unattractive,0.000691975520023,en,futurama
labour,0.000691975520023,en,futurama
stumped,0.000691975520023,en,futurama
brittle,0.000691975520023,en,futurama
clench,0.000691975520023,en,futurama
mesh,0.000691975520023,en,futurama
atrocity,0.000691975520023,en,futurama
shifty,0.000691975520023,en,futurama
hyperventilate,0.000691975520023,en,futurama
exploration,0.000691975520023,en,futurama
adviser,0.000691975520023,en,futurama
cubic,0.000691975520023,en,futurama
perpetual,0.000691975520023,en,futurama
granola,0.000691975520023,en,futurama
chandelier,0.000691975520023,en,futurama
antisocial,0.000691975520023,en,futurama
module,0.000691975520023,en,futurama
idolize,0.000691975520023,en,futurama
lessen,0.000691975520023,en,futurama
alphabetical,0.000691975520023,en,futurama
backbone,0.000691975520023,en,futurama
scoreboard,0.000691975520023,en,futurama
possum,0.000691975520023,en,futurama
loony,0.000691975520023,en,futurama
icky,0.000691975520023,en,futurama
claudia,0.000691975520023,en,futurama
garment,0.000691975520023,en,futurama
arthur,0.000691975520023,en,futurama
recession,0.000691975520023,en,futurama
almond,0.000691975520023,en,futurama
diversity,0.000691975520023,en,futurama
reassemble,0.000691975520023,en,futurama
sculpt,0.000691975520023,en,futurama
desirable,0.000691975520023,en,futurama
mockery,0.000691975520023,en,futurama
rad,0.000691975520023,en,futurama
horde,0.000691975520023,en,futurama
top,0.0006888767242582,en,futurama
strictly,0.0006888767242582,en,futurama
medication,0.0006888767242582,en,futurama
anniversary,0.0006888767242582,en,futurama
pulse,0.0006888767242582,en,futurama
radar,0.0006888767242582,en,futurama
mouse,0.0006888767242582,en,futurama
method,0.0006888767242582,en,futurama
headache,0.0006888767242582,en,futurama
stalk,0.0006888767242582,en,futurama
cage,0.000683062083485,en,futurama
privilege,0.000683062083485,en,futurama
adjust,0.000683062083485,en,futurama
thief,0.000683062083485,en,futurama
fold,0.000683062083485,en,futurama
application,0.000683062083485,en,futurama
chart,0.000683062083485,en,futurama
vibrant,0.000680411897414,en,futurama
swag,0.000680411897414,en,futurama
negotiating,0.000680411897414,en,futurama
eleanor,0.000680411897414,en,futurama
drought,0.000680411897414,en,futurama
graph,0.000680411897414,en,futurama
enigma,0.000680411897414,en,futurama
aboard,0.000680411897414,en,futurama
capitol,0.000680411897414,en,futurama
aman,0.000680411897414,en,futurama
tarp,0.000680411897414,en,futurama
shameless,0.000680411897414,en,futurama
veal,0.000680411897414,en,futurama
sal,0.000680411897414,en,futurama
maim,0.000680411897414,en,futurama
downfall,0.000680411897414,en,futurama
populate,0.000680411897414,en,futurama
carnage,0.000680411897414,en,futurama
propaganda,0.000680411897414,en,futurama
belove,0.000680411897414,en,futurama
munchkin,0.000680411897414,en,futurama
cyber,0.000680411897414,en,futurama
rustic,0.000680411897414,en,futurama
rink,0.000680411897414,en,futurama
chock,0.000680411897414,en,futurama
rolex,0.000680411897414,en,futurama
tammy,0.000680411897414,en,futurama
luncheon,0.000680411897414,en,futurama
racer,0.000680411897414,en,futurama
slasher,0.000680411897414,en,futurama
simpson,0.000680411897414,en,futurama
limousine,0.000680411897414,en,futurama
formulate,0.000680411897414,en,futurama
slump,0.000680411897414,en,futurama
adventurous,0.000680411897414,en,futurama
emission,0.000680411897414,en,futurama
simultaneous,0.000680411897414,en,futurama
wandering,0.000680411897414,en,futurama
modesty,0.000680411897414,en,futurama
pleasantry,0.000680411897414,en,futurama
petting,0.000680411897414,en,futurama
carefree,0.000680411897414,en,futurama
scandalous,0.000680411897414,en,futurama
enclose,0.000680411897414,en,futurama
scrounge,0.000680411897414,en,futurama
easier,0.000680411897414,en,futurama
umbilical,0.000680411897414,en,futurama
revolt,0.000680411897414,en,futurama
tally,0.000680411897414,en,futurama
pfft,0.000680411897414,en,futurama
stealing,0.000680411897414,en,futurama
laundromat,0.000680411897414,en,futurama
obscene,0.000680411897414,en,futurama
clan,0.000680411897414,en,futurama
rue,0.000680411897414,en,futurama
turtleneck,0.000680411897414,en,futurama
fender,0.000680411897414,en,futurama
dinnertime,0.000680411897414,en,futurama
dumping,0.000680411897414,en,futurama
simulator,0.000680411897414,en,futurama
brilliance,0.000680411897414,en,futurama
unopened,0.000680411897414,en,futurama
taboo,0.000680411897414,en,futurama
manually,0.000680411897414,en,futurama
sasquatch,0.000680411897414,en,futurama
cider,0.000680411897414,en,futurama
genome,0.000680411897414,en,futurama
newsletter,0.000680411897414,en,futurama
frostbite,0.000680411897414,en,futurama
vinegar,0.000680411897414,en,futurama
countryside,0.000680411897414,en,futurama
prob,0.000680411897414,en,futurama
structure,0.0006773146654985,en,futurama
dawn,0.0006773146654985,en,futurama
superior,0.0006773146654985,en,futurama
naturally,0.0006773146654985,en,futurama
footage,0.0006773146654985,en,futurama
shortly,0.0006773146654985,en,futurama
hiding,0.0006773146654985,en,futurama
internal,0.0006716329337272,en,futurama
dramatic,0.0006716329337272,en,futurama
complaint,0.0006716329337272,en,futurama
village,0.0006716329337272,en,futurama
urgent,0.0006716329337272,en,futurama
culture,0.0006716329337272,en,futurama
liberty,0.0006716329337272,en,futurama
senior,0.0006716329337272,en,futurama
lame,0.0006716329337272,en,futurama
combination,0.0006716329337272,en,futurama
imagination,0.0006716329337272,en,futurama
creative,0.0006716329337272,en,futurama
coach,0.0006716329337272,en,futurama
tunnel,0.0006716329337272,en,futurama
convent,0.0006693623867968,en,futurama
sovereign,0.0006693623867968,en,futurama
looker,0.0006693623867968,en,futurama
hideout,0.0006693623867968,en,futurama
sweden,0.0006693623867968,en,futurama
ion,0.0006693623867968,en,futurama
dropout,0.0006693623867968,en,futurama
exhibition,0.0006693623867968,en,futurama
wonderfully,0.0006693623867968,en,futurama
confer,0.0006693623867968,en,futurama
mite,0.0006693623867968,en,futurama
assimilate,0.0006693623867968,en,futurama
gist,0.0006693623867968,en,futurama
tulip,0.0006693623867968,en,futurama
hag,0.0006693623867968,en,futurama
tidal,0.0006693623867968,en,futurama
sugarcoat,0.0006693623867968,en,futurama
curriculum,0.0006693623867968,en,futurama
democratic,0.0006693623867968,en,futurama
knox,0.0006693623867968,en,futurama
baptize,0.0006693623867968,en,futurama
dracula,0.0006693623867968,en,futurama
hookup,0.0006693623867968,en,futurama
restock,0.0006693623867968,en,futurama
astonishing,0.0006693623867968,en,futurama
commentary,0.0006693623867968,en,futurama
trout,0.0006693623867968,en,futurama
tarnish,0.0006693623867968,en,futurama
luther,0.0006693623867968,en,futurama
autopilot,0.0006693623867968,en,futurama
superiority,0.0006693623867968,en,futurama
crapper,0.0006693623867968,en,futurama
unhook,0.0006693623867968,en,futurama
meatloaf,0.0006693623867968,en,futurama
baptism,0.0006693623867968,en,futurama
carcass,0.0006693623867968,en,futurama
rye,0.0006693623867968,en,futurama
denominator,0.0006693623867968,en,futurama
outsmart,0.0006693623867968,en,futurama
magnify,0.0006693623867968,en,futurama
chisel,0.0006693623867968,en,futurama
biter,0.0006693623867968,en,futurama
walnut,0.0006693623867968,en,futurama
grammar,0.0006693623867968,en,futurama
dio,0.0006693623867968,en,futurama
innovative,0.0006693623867968,en,futurama
crackpot,0.0006693623867968,en,futurama
comprende,0.0006693623867968,en,futurama
facade,0.0006693623867968,en,futurama
trumpet,0.0006693623867968,en,futurama
fearful,0.0006693623867968,en,futurama
revere,0.0006693623867968,en,futurama
gwen,0.0006693623867968,en,futurama
dating,0.0006693623867968,en,futurama
bishop,0.0006693623867968,en,futurama
clout,0.0006693623867968,en,futurama
auxiliary,0.0006693623867968,en,futurama
daring,0.0006693623867968,en,futurama
underestimate,0.0006660154036889,en,futurama
dealer,0.0006660154036889,en,futurama
maintain,0.0006660154036889,en,futurama
tricky,0.0006660154036889,en,futurama
constant,0.0006660154036889,en,futurama
civil,0.0006660154036889,en,futurama
confident,0.0006604606406628,en,futurama
teenager,0.0006604606406628,en,futurama
text,0.0006604606406628,en,futurama
creepy,0.0006604606406628,en,futurama
thrill,0.0006604606406628,en,futurama
courtesy,0.0006604606406628,en,futurama
alley,0.0006604606406628,en,futurama
pamper,0.0006587832132345,en,futurama
newsstand,0.0006587832132345,en,futurama
blurt,0.0006587832132345,en,futurama
consort,0.0006587832132345,en,futurama
floorboard,0.0006587832132345,en,futurama
villa,0.0006587832132345,en,futurama
relaxation,0.0006587832132345,en,futurama
tux,0.0006587832132345,en,futurama
proxy,0.0006587832132345,en,futurama
affiliate,0.0006587832132345,en,futurama
giraffe,0.0006587832132345,en,futurama
wart,0.0006587832132345,en,futurama
irregularity,0.0006587832132345,en,futurama
quadruple,0.0006587832132345,en,futurama
buggy,0.0006587832132345,en,futurama
lice,0.0006587832132345,en,futurama
hamper,0.0006587832132345,en,futurama
shiv,0.0006587832132345,en,futurama
united,0.0006587832132345,en,futurama
subside,0.0006587832132345,en,futurama
yah,0.0006587832132345,en,futurama
candor,0.0006587832132345,en,futurama
complexity,0.0006587832132345,en,futurama
erect,0.0006587832132345,en,futurama
quack,0.0006587832132345,en,futurama
ado,0.0006587832132345,en,futurama
inspiring,0.0006587832132345,en,futurama
partie,0.0006587832132345,en,futurama
extinction,0.0006587832132345,en,futurama
hurdle,0.0006587832132345,en,futurama
insidious,0.0006587832132345,en,futurama
admiral,0.0006587832132345,en,futurama
waiver,0.0006587832132345,en,futurama
swerve,0.0006587832132345,en,futurama
presumptuous,0.0006587832132345,en,futurama
mack,0.0006587832132345,en,futurama
moisture,0.0006587832132345,en,futurama
ergo,0.0006587832132345,en,futurama
scarecrow,0.0006587832132345,en,futurama
standpoint,0.0006587832132345,en,futurama
asbestos,0.0006587832132345,en,futurama
cadillac,0.0006587832132345,en,futurama
hornet,0.0006587832132345,en,futurama
sawyer,0.0006587832132345,en,futurama
hamster,0.0006587832132345,en,futurama
pricey,0.0006587832132345,en,futurama
impending,0.0006587832132345,en,futurama
woozy,0.0006587832132345,en,futurama
projector,0.0006587832132345,en,futurama
knick,0.0006587832132345,en,futurama
scripture,0.0006587832132345,en,futurama
deployment,0.0006587832132345,en,futurama
manhattan,0.0006587832132345,en,futurama
anguish,0.0006587832132345,en,futurama
parch,0.0006587832132345,en,futurama
pike,0.0006587832132345,en,futurama
multiple,0.0006549672574896,en,futurama
shadow,0.0006549672574896,en,futurama
cave,0.0006549672574896,en,futurama
burst,0.0006549672574896,en,futurama
gear,0.0006549672574896,en,futurama
last,0.0006549672574896,en,futurama
typical,0.0006495339124928,en,futurama
painful,0.0006495339124928,en,futurama
whisper,0.0006495339124928,en,futurama
influence,0.0006495339124928,en,futurama
root,0.0006495339124928,en,futurama
unique,0.0006495339124928,en,futurama
minor,0.0006495339124928,en,futurama
escort,0.0006495339124928,en,futurama
debt,0.0006495339124928,en,futurama
mayonnaise,0.0006486359651664,en,futurama
pansy,0.0006486359651664,en,futurama
colombian,0.0006486359651664,en,futurama
chevy,0.0006486359651664,en,futurama
daycare,0.0006486359651664,en,futurama
aroma,0.0006486359651664,en,futurama
regenerate,0.0006486359651664,en,futurama
manic,0.0006486359651664,en,futurama
coordination,0.0006486359651664,en,futurama
hiker,0.0006486359651664,en,futurama
faceless,0.0006486359651664,en,futurama
chateau,0.0006486359651664,en,futurama
nomination,0.0006486359651664,en,futurama
flatten,0.0006486359651664,en,futurama
doghouse,0.0006486359651664,en,futurama
woodwork,0.0006486359651664,en,futurama
jerky,0.0006486359651664,en,futurama
wholesome,0.0006486359651664,en,futurama
solace,0.0006486359651664,en,futurama
ruffle,0.0006486359651664,en,futurama
nudity,0.0006486359651664,en,futurama
enjoyable,0.0006486359651664,en,futurama
roach,0.0006486359651664,en,futurama
stow,0.0006486359651664,en,futurama
chestnut,0.0006486359651664,en,futurama
shopper,0.0006486359651664,en,futurama
fireball,0.0006486359651664,en,futurama
csi,0.0006486359651664,en,futurama
unmarried,0.0006486359651664,en,futurama
clark,0.0006486359651664,en,futurama
mushy,0.0006486359651664,en,futurama
crypt,0.0006486359651664,en,futurama
starvation,0.0006486359651664,en,futurama
transcend,0.0006486359651664,en,futurama
hazardous,0.0006486359651664,en,futurama
inhuman,0.0006486359651664,en,futurama
apiece,0.0006486359651664,en,futurama
phenomenal,0.0006486359651664,en,futurama
reload,0.0006486359651664,en,futurama
pixie,0.0006486359651664,en,futurama
symphony,0.0006486359651664,en,futurama
lucke,0.0006486359651664,en,futurama
gush,0.0006486359651664,en,futurama
domino,0.0006486359651664,en,futurama
seasoned,0.0006486359651664,en,futurama
disintegrate,0.0006486359651664,en,futurama
possessive,0.0006486359651664,en,futurama
overweight,0.0006486359651664,en,futurama
fruity,0.0006486359651664,en,futurama
marilyn,0.0006486359651664,en,futurama
gulp,0.0006486359651664,en,futurama
strut,0.0006486359651664,en,futurama
ammonia,0.0006486359651664,en,futurama
embark,0.0006486359651664,en,futurama
rebirth,0.0006486359651664,en,futurama
seldom,0.0006486359651664,en,futurama
slander,0.0006486359651664,en,futurama
screwup,0.0006486359651664,en,futurama
receptive,0.0006486359651664,en,futurama
plight,0.0006486359651664,en,futurama
inflate,0.0006486359651664,en,futurama
muzzle,0.0006486359651664,en,futurama
tri,0.0006486359651664,en,futurama
eugene,0.0006486359651664,en,futurama
scheduling,0.0006486359651664,en,futurama
padre,0.0006486359651664,en,futurama
remake,0.0006486359651664,en,futurama
bacterial,0.0006486359651664,en,futurama
logistic,0.0006486359651664,en,futurama
shroud,0.0006486359651664,en,futurama
techno,0.0006486359651664,en,futurama
mound,0.0006486359651664,en,futurama
loyalty,0.0006441593075112,en,futurama
prepared,0.0006441593075112,en,futurama
uncool,0.0006388867525067,en,futurama
fanny,0.0006388867525067,en,futurama
commissioner,0.0006388867525067,en,futurama
profitable,0.0006388867525067,en,futurama
directive,0.0006388867525067,en,futurama
ascend,0.0006388867525067,en,futurama
widely,0.0006388867525067,en,futurama
grapefruit,0.0006388867525067,en,futurama
structural,0.0006388867525067,en,futurama
bureaucracy,0.0006388867525067,en,futurama
vomiting,0.0006388867525067,en,futurama
expansion,0.0006388867525067,en,futurama
turkish,0.0006388867525067,en,futurama
homeowner,0.0006388867525067,en,futurama
grande,0.0006388867525067,en,futurama
bonfire,0.0006388867525067,en,futurama
knucklehead,0.0006388867525067,en,futurama
vineyard,0.0006388867525067,en,futurama
sunburn,0.0006388867525067,en,futurama
analogy,0.0006388867525067,en,futurama
campfire,0.0006388867525067,en,futurama
coincidental,0.0006388867525067,en,futurama
flying,0.0006388867525067,en,futurama
divorced,0.0006388867525067,en,futurama
insomnia,0.0006388867525067,en,futurama
physicist,0.0006388867525067,en,futurama
philosophical,0.0006388867525067,en,futurama
mannequin,0.0006388867525067,en,futurama
baked,0.0006388867525067,en,futurama
mogul,0.0006388867525067,en,futurama
wishful,0.0006388867525067,en,futurama
scapegoat,0.0006388867525067,en,futurama
seeker,0.0006388867525067,en,futurama
depict,0.0006388867525067,en,futurama
tuxedo,0.0006388867525067,en,futurama
soar,0.0006388867525067,en,futurama
novelty,0.0006388867525067,en,futurama
hulk,0.0006388867525067,en,futurama
refreshing,0.0006388867525067,en,futurama
peasant,0.0006388867525067,en,futurama
misfortune,0.0006388867525067,en,futurama
groin,0.0006388867525067,en,futurama
previously,0.0006388421860377,en,futurama
comment,0.0006388421860377,en,futurama
appropriate,0.0006388421860377,en,futurama
presence,0.0006335813314557,en,futurama
confidence,0.0006335813314557,en,futurama
sweep,0.0006335813314557,en,futurama
childhood,0.0006335813314557,en,futurama
effective,0.0006335813314557,en,futurama
brush,0.0006335813314557,en,futurama
increase,0.0006335813314557,en,futurama
invalid,0.0006295055237179,en,futurama
evelyn,0.0006295055237179,en,futurama
nibble,0.0006295055237179,en,futurama
balanced,0.0006295055237179,en,futurama
looky,0.0006295055237179,en,futurama
woe,0.0006295055237179,en,futurama
rocker,0.0006295055237179,en,futurama
momentum,0.0006295055237179,en,futurama
quake,0.0006295055237179,en,futurama
coming,0.0006295055237179,en,futurama
squawk,0.0006295055237179,en,futurama
greece,0.0006295055237179,en,futurama
cathedral,0.0006295055237179,en,futurama
ooze,0.0006295055237179,en,futurama
hypnotize,0.0006295055237179,en,futurama
unimaginable,0.0006295055237179,en,futurama
quieter,0.0006295055237179,en,futurama
photographic,0.0006295055237179,en,futurama
cubicle,0.0006295055237179,en,futurama
barber,0.0006295055237179,en,futurama
peril,0.0006295055237179,en,futurama
murphy,0.0006295055237179,en,futurama
abnormality,0.0006295055237179,en,futurama
amplify,0.0006295055237179,en,futurama
participant,0.0006295055237179,en,futurama
firecracker,0.0006295055237179,en,futurama
melodramatic,0.0006295055237179,en,futurama
feeler,0.0006295055237179,en,futurama
brotherhood,0.0006295055237179,en,futurama
middleman,0.0006295055237179,en,futurama
eulogy,0.0006295055237179,en,futurama
beneficial,0.0006295055237179,en,futurama
vengeful,0.0006295055237179,en,futurama
scrabble,0.0006295055237179,en,futurama
picasso,0.0006295055237179,en,futurama
breeding,0.0006295055237179,en,futurama
commemorate,0.0006295055237179,en,futurama
hanger,0.0006295055237179,en,futurama
hater,0.0006295055237179,en,futurama
overheat,0.0006295055237179,en,futurama
canister,0.0006295055237179,en,futurama
fig,0.0006295055237179,en,futurama
spasm,0.0006295055237179,en,futurama
masculine,0.0006295055237179,en,futurama
shaker,0.0006295055237179,en,futurama
thump,0.0006295055237179,en,futurama
snowball,0.0006295055237179,en,futurama
collection,0.0006283755653682,en,futurama
behave,0.0006283755653682,en,futurama
friendship,0.0006283755653682,en,futurama
procedure,0.0006232237460138,en,futurama
measure,0.0006232237460138,en,futurama
sexual,0.0006232237460138,en,futurama
heartbreak,0.0006204655071437,en,futurama
ashtray,0.0006204655071437,en,futurama
snooze,0.0006204655071437,en,futurama
blab,0.0006204655071437,en,futurama
brazilian,0.0006204655071437,en,futurama
recap,0.0006204655071437,en,futurama
prohibit,0.0006204655071437,en,futurama
overslept,0.0006204655071437,en,futurama
roomie,0.0006204655071437,en,futurama
dramatically,0.0006204655071437,en,futurama
mayhem,0.0006204655071437,en,futurama
blindly,0.0006204655071437,en,futurama
mitzvah,0.0006204655071437,en,futurama
scorn,0.0006204655071437,en,futurama
cowardly,0.0006204655071437,en,futurama
catering,0.0006204655071437,en,futurama
unrealistic,0.0006204655071437,en,futurama
calculus,0.0006204655071437,en,futurama
captivity,0.0006204655071437,en,futurama
fascist,0.0006204655071437,en,futurama
carpenter,0.0006204655071437,en,futurama
articulate,0.0006204655071437,en,futurama
jeep,0.0006204655071437,en,futurama
reasonably,0.0006204655071437,en,futurama
slimy,0.0006204655071437,en,futurama
hardy,0.0006204655071437,en,futurama
animate,0.0006204655071437,en,futurama
citation,0.0006204655071437,en,futurama
snuggle,0.0006204655071437,en,futurama
immoral,0.0006204655071437,en,futurama
relic,0.0006204655071437,en,futurama
sizzle,0.0006204655071437,en,futurama
gem,0.0006204655071437,en,futurama
cher,0.0006204655071437,en,futurama
tac,0.0006204655071437,en,futurama
lotto,0.0006204655071437,en,futurama
inscription,0.0006204655071437,en,futurama
fertilizer,0.0006204655071437,en,futurama
directory,0.0006204655071437,en,futurama
chimp,0.0006204655071437,en,futurama
anecdote,0.0006204655071437,en,futurama
dictionary,0.0006204655071437,en,futurama
piggyback,0.0006204655071437,en,futurama
caveman,0.0006204655071437,en,futurama
moderate,0.0006204655071437,en,futurama
desert,0.0006181247667636,en,futurama
bind,0.0006181247667636,en,futurama
goal,0.0006181247667636,en,futurama
element,0.0006181247667636,en,futurama
boom,0.0006181247667636,en,futurama
relief,0.0006181247667636,en,futurama
advance,0.0006130775546939,en,futurama
bail,0.0006130775546939,en,futurama
range,0.0006130775546939,en,futurama
imitation,0.0006117427504204,en,futurama
reinvent,0.0006117427504204,en,futurama
josh,0.0006117427504204,en,futurama
dandy,0.0006117427504204,en,futurama
diss,0.0006117427504204,en,futurama
unwind,0.0006117427504204,en,futurama
four,0.0006117427504204,en,futurama
outdoor,0.0006117427504204,en,futurama
mathematical,0.0006117427504204,en,futurama
shouting,0.0006117427504204,en,futurama
conquest,0.0006117427504204,en,futurama
intercom,0.0006117427504204,en,futurama
bloodbath,0.0006117427504204,en,futurama
breather,0.0006117427504204,en,futurama
minion,0.0006117427504204,en,futurama
scribble,0.0006117427504204,en,futurama
comp,0.0006117427504204,en,futurama
relentless,0.0006117427504204,en,futurama
bony,0.0006117427504204,en,futurama
erupt,0.0006117427504204,en,futurama
reproductive,0.0006117427504204,en,futurama
unsuccessful,0.0006117427504204,en,futurama
duly,0.0006117427504204,en,futurama
fret,0.0006117427504204,en,futurama
bandit,0.0006117427504204,en,futurama
infuse,0.0006117427504204,en,futurama
stuffy,0.0006117427504204,en,futurama
checkmate,0.0006117427504204,en,futurama
demonic,0.0006117427504204,en,futurama
mitt,0.0006117427504204,en,futurama
patriotic,0.0006117427504204,en,futurama
brainer,0.0006117427504204,en,futurama
debut,0.0006117427504204,en,futurama
comic_strip,0.0006117427504204,en,futurama
treaty,0.0006117427504204,en,futurama
billboard,0.0006117427504204,en,futurama
burrow,0.0006117427504204,en,futurama
toot,0.0006117427504204,en,futurama
tic,0.0006117427504204,en,futurama
vigilant,0.0006117427504204,en,futurama
buddha,0.0006117427504204,en,futurama
entrepreneur,0.0006117427504204,en,futurama
sonic,0.0006117427504204,en,futurama
font,0.0006117427504204,en,futurama
deduction,0.0006117427504204,en,futurama
mandy,0.0006117427504204,en,futurama
resist,0.0006080810692321,en,futurama
yard,0.0006080810692321,en,futurama
meantime,0.0006080810692321,en,futurama
cunning,0.0006033157380025,en,futurama
brandy,0.0006033157380025,en,futurama
shelly,0.0006033157380025,en,futurama
rockin,0.0006033157380025,en,futurama
transformer,0.0006033157380025,en,futurama
flashy,0.0006033157380025,en,futurama
muscular,0.0006033157380025,en,futurama
reduction,0.0006033157380025,en,futurama
inadequate,0.0006033157380025,en,futurama
summary,0.0006033157380025,en,futurama
shiver,0.0006033157380025,en,futurama
armored,0.0006033157380025,en,futurama
fiend,0.0006033157380025,en,futurama
pantry,0.0006033157380025,en,futurama
liter,0.0006033157380025,en,futurama
stephanie,0.0006033157380025,en,futurama
hor,0.0006033157380025,en,futurama
superstitious,0.0006033157380025,en,futurama
ravage,0.0006033157380025,en,futurama
thompson,0.0006033157380025,en,futurama
asse,0.0006033157380025,en,futurama
hen,0.0006033157380025,en,futurama
formidable,0.0006033157380025,en,futurama
oeuvre,0.0006033157380025,en,futurama
gypsy,0.0006033157380025,en,futurama
wreak,0.0006033157380025,en,futurama
fritz,0.0006033157380025,en,futurama
altitude,0.0006033157380025,en,futurama
ponytail,0.0006033157380025,en,futurama
pilgrim,0.0006033157380025,en,futurama
paternity,0.0006033157380025,en,futurama
legged,0.0006033157380025,en,futurama
fluke,0.0006033157380025,en,futurama
dam,0.0006033157380025,en,futurama
compatible,0.0006033157380025,en,futurama
infectious,0.0006033157380025,en,futurama
festive,0.0006033157380025,en,futurama
pedestrian,0.0006033157380025,en,futurama
seduction,0.0006033157380025,en,futurama
euphemism,0.0006033157380025,en,futurama
backside,0.0006033157380025,en,futurama
grate,0.0006033157380025,en,futurama
reboot,0.0006033157380025,en,futurama
falsely,0.0006033157380025,en,futurama
insider,0.0006033157380025,en,futurama
symbolize,0.0006033157380025,en,futurama
illustrate,0.0006033157380025,en,futurama
gullible,0.0006033157380025,en,futurama
hourly,0.0006033157380025,en,futurama
distinctly,0.0006033157380025,en,futurama
organism,0.0006033157380025,en,futurama
banter,0.0006033157380025,en,futurama
shoplift,0.0006033157380025,en,futurama
judgment,0.000603134300868,en,futurama
background,0.000603134300868,en,futurama
downstairs,0.000603134300868,en,futurama
literally,0.000603134300868,en,futurama
reaction,0.000603134300868,en,futurama
occur,0.0005982362699304,en,futurama
sample,0.0005982362699304,en,futurama
bridge,0.0005982362699304,en,futurama
heal,0.0005982362699304,en,futurama
ulcer,0.0005951650714267,en,futurama
scavenger,0.0005951650714267,en,futurama
grope,0.0005951650714267,en,futurama
diagram,0.0005951650714267,en,futurama
meadow,0.0005951650714267,en,futurama
suspense,0.0005951650714267,en,futurama
betcha,0.0005951650714267,en,futurama
pheromone,0.0005951650714267,en,futurama
wrapper,0.0005951650714267,en,futurama
rake,0.0005951650714267,en,futurama
intuition,0.0005951650714267,en,futurama
impregnate,0.0005951650714267,en,futurama
rematch,0.0005951650714267,en,futurama
recital,0.0005951650714267,en,futurama
exhaustion,0.0005951650714267,en,futurama
loom,0.0005951650714267,en,futurama
prestigious,0.0005951650714267,en,futurama
reiterate,0.0005951650714267,en,futurama
papi,0.0005951650714267,en,futurama
casserole,0.0005951650714267,en,futurama
observant,0.0005951650714267,en,futurama
sim,0.0005951650714267,en,futurama
tablet,0.0005951650714267,en,futurama
mildly,0.0005951650714267,en,futurama
pamphlet,0.0005951650714267,en,futurama
fluff,0.0005951650714267,en,futurama
navigation,0.0005951650714267,en,futurama
annihilate,0.0005951650714267,en,futurama
sympathize,0.0005951650714267,en,futurama
stammer,0.0005951650714267,en,futurama
naval,0.0005951650714267,en,futurama
snicker,0.0005951650714267,en,futurama
warp,0.0005951650714267,en,futurama
endorsement,0.0005951650714267,en,futurama
defenseless,0.0005951650714267,en,futurama
outlive,0.0005951650714267,en,futurama
nuisance,0.0005951650714267,en,futurama
scottish,0.0005951650714267,en,futurama
craziness,0.0005951650714267,en,futurama
sailing,0.0005951650714267,en,futurama
fusion,0.0005951650714267,en,futurama
inquire,0.0005951650714267,en,futurama
trouser,0.0005951650714267,en,futurama
plausible,0.0005951650714267,en,futurama
freckle,0.0005951650714267,en,futurama
sap,0.0005951650714267,en,futurama
proper,0.0005933860254222,en,futurama
version,0.0005933860254222,en,futurama
effort,0.0005885826439126,en,futurama
nerve,0.0005885826439126,en,futurama
slowly,0.0005885826439126,en,futurama
sprinkler,0.0005872732003552,en,futurama
alleged,0.0005872732003552,en,futurama
livestock,0.0005872732003552,en,futurama
wallpaper,0.0005872732003552,en,futurama
literal,0.0005872732003552,en,futurama
heh,0.0005872732003552,en,futurama
melon,0.0005872732003552,en,futurama
contrast,0.0005872732003552,en,futurama
provision,0.0005872732003552,en,futurama
ramification,0.0005872732003552,en,futurama
developer,0.0005872732003552,en,futurama
scorch,0.0005872732003552,en,futurama
pager,0.0005872732003552,en,futurama
third,0.0005872732003552,en,futurama
chimney,0.0005872732003552,en,futurama
clipping,0.0005872732003552,en,futurama
consumption,0.0005872732003552,en,futurama
repulsive,0.0005872732003552,en,futurama
qualification,0.0005872732003552,en,futurama
sow,0.0005872732003552,en,futurama
crafty,0.0005872732003552,en,futurama
prudent,0.0005872732003552,en,futurama
hunk,0.0005872732003552,en,futurama
precision,0.0005872732003552,en,futurama
australian,0.0005872732003552,en,futurama
unexplained,0.0005872732003552,en,futurama
decipher,0.0005872732003552,en,futurama
implode,0.0005872732003552,en,futurama
retro,0.0005872732003552,en,futurama
bankruptcy,0.0005872732003552,en,futurama
popsicle,0.0005872732003552,en,futurama
taxpayer,0.0005872732003552,en,futurama
gus,0.0005872732003552,en,futurama
heinous,0.0005872732003552,en,futurama
mutter,0.0005872732003552,en,futurama
ridiculously,0.0005872732003552,en,futurama
monitoring,0.0005872732003552,en,futurama
bottled,0.0005872732003552,en,futurama
faulty,0.0005872732003552,en,futurama
slavery,0.0005872732003552,en,futurama
bond,0.0005838252284812,en,futurama
identify,0.0005838252284812,en,futurama
gadget,0.0005796241950181,en,futurama
whiff,0.0005796241950181,en,futurama
carton,0.0005796241950181,en,futurama
volatile,0.0005796241950181,en,futurama
stocking,0.0005796241950181,en,futurama
gland,0.0005796241950181,en,futurama
dazzle,0.0005796241950181,en,futurama
lightweight,0.0005796241950181,en,futurama
misjudge,0.0005796241950181,en,futurama
refugee,0.0005796241950181,en,futurama
bbs,0.0005796241950181,en,futurama
cottage,0.0005796241950181,en,futurama
dismantle,0.0005796241950181,en,futurama
rebellion,0.0005796241950181,en,futurama
peculiar,0.0005796241950181,en,futurama
continuous,0.0005796241950181,en,futurama
slime,0.0005796241950181,en,futurama
fetal,0.0005796241950181,en,futurama
meditation,0.0005796241950181,en,futurama
mystical,0.0005796241950181,en,futurama
expedition,0.0005796241950181,en,futurama
stinky,0.0005796241950181,en,futurama
groupie,0.0005796241950181,en,futurama
maine,0.0005796241950181,en,futurama
precedent,0.0005796241950181,en,futurama
turd,0.0005796241950181,en,futurama
peck,0.0005796241950181,en,futurama
senseless,0.0005796241950181,en,futurama
forearm,0.0005796241950181,en,futurama
hiss,0.0005796241950181,en,futurama
submarine,0.0005796241950181,en,futurama
reproduce,0.0005796241950181,en,futurama
sweatshirt,0.0005796241950181,en,futurama
boulevard,0.0005796241950181,en,futurama
speedy,0.0005796241950181,en,futurama
freddy,0.0005796241950181,en,futurama
sprout,0.0005796241950181,en,futurama
activist,0.0005796241950181,en,futurama
pretentious,0.0005796241950181,en,futurama
unprecedented,0.0005796241950181,en,futurama
deodorant,0.0005796241950181,en,futurama
outline,0.0005796241950181,en,futurama
talker,0.0005796241950181,en,futurama
beaver,0.0005796241950181,en,futurama
characteristic,0.0005796241950181,en,futurama
stride,0.0005796241950181,en,futurama
wand,0.0005796241950181,en,futurama
headlight,0.0005796241950181,en,futurama
chap,0.0005796241950181,en,futurama
ignite,0.0005796241950181,en,futurama
mag,0.0005796241950181,en,futurama
secure,0.0005744448347422,en,futurama
associate,0.0005744448347422,en,futurama
compare,0.0005744448347422,en,futurama
rodent,0.0005722035526363,en,futurama
fatigue,0.0005722035526363,en,futurama
icy,0.0005722035526363,en,futurama
checker,0.0005722035526363,en,futurama
needless,0.0005722035526363,en,futurama
creativity,0.0005722035526363,en,futurama
hooked,0.0005722035526363,en,futurama
vile,0.0005722035526363,en,futurama
strapped,0.0005722035526363,en,futurama
pronto,0.0005722035526363,en,futurama
spleen,0.0005722035526363,en,futurama
stoke,0.0005722035526363,en,futurama
tractor,0.0005722035526363,en,futurama
lobe,0.0005722035526363,en,futurama
deficiency,0.0005722035526363,en,futurama
rubble,0.0005722035526363,en,futurama
alumnus,0.0005722035526363,en,futurama
renovation,0.0005722035526363,en,futurama
abstract,0.0005722035526363,en,futurama
alimony,0.0005722035526363,en,futurama
subpoena,0.0005722035526363,en,futurama
mace,0.0005722035526363,en,futurama
jolt,0.0005722035526363,en,futurama
impair,0.0005722035526363,en,futurama
sexuality,0.0005722035526363,en,futurama
prod,0.0005722035526363,en,futurama
shackle,0.0005722035526363,en,futurama
benefit,0.0005698201863349,en,futurama
north,0.0005698201863349,en,futurama
trial,0.0005698201863349,en,futurama
criminal,0.0005698201863349,en,futurama
relate,0.0005698201863349,en,futurama
fourth,0.0005652381620214,en,futurama
forum,0.0005649980319117,en,futurama
voluntarily,0.0005649980319117,en,futurama
sac,0.0005649980319117,en,futurama
ploy,0.0005649980319117,en,futurama
dysfunction,0.0005649980319117,en,futurama
irresistible,0.0005649980319117,en,futurama
avert,0.0005649980319117,en,futurama
joan,0.0005649980319117,en,futurama
redecorate,0.0005649980319117,en,futurama
calorie,0.0005649980319117,en,futurama
tobacco,0.0005649980319117,en,futurama
rio,0.0005649980319117,en,futurama
habitat,0.0005649980319117,en,futurama
vulnerability,0.0005649980319117,en,futurama
tattooed,0.0005649980319117,en,futurama
crooked,0.0005649980319117,en,futurama
quadrant,0.0005649980319117,en,futurama
compose,0.0005649980319117,en,futurama
havoc,0.0005649980319117,en,futurama
makeover,0.0005649980319117,en,futurama
diploma,0.0005649980319117,en,futurama
solitude,0.0005649980319117,en,futurama
handedly,0.0005649980319117,en,futurama
recite,0.0005649980319117,en,futurama
intercourse,0.0005649980319117,en,futurama
cadaver,0.0005649980319117,en,futurama
bravery,0.0005649980319117,en,futurama
switzerland,0.0005649980319117,en,futurama
constructive,0.0005649980319117,en,futurama
contestant,0.0005649980319117,en,futurama
catastrophe,0.0005649980319117,en,futurama
bargaining,0.0005649980319117,en,futurama
convene,0.0005649980319117,en,futurama
sorority,0.0005649980319117,en,futurama
burning,0.0005649980319117,en,futurama
shrine,0.0005649980319117,en,futurama
scholar,0.0005649980319117,en,futurama
sage,0.0005649980319117,en,futurama
receptionist,0.0005649980319117,en,futurama
panda,0.0005649980319117,en,futurama
bossy,0.0005649980319117,en,futurama
cellular,0.0005649980319117,en,futurama
treason,0.0005649980319117,en,futurama
overthrow,0.0005649980319117,en,futurama
mummy,0.0005649980319117,en,futurama
outgrow,0.0005649980319117,en,futurama
threat,0.0005606979832633,en,futurama
poach,0.0005579955108386,en,futurama
derive,0.0005579955108386,en,futurama
stale,0.0005579955108386,en,futurama
squeaky,0.0005579955108386,en,futurama
contempt,0.0005579955108386,en,futurama
violin,0.0005579955108386,en,futurama
suburb,0.0005579955108386,en,futurama
offshore,0.0005579955108386,en,futurama
criticize,0.0005579955108386,en,futurama
paste,0.0005579955108386,en,futurama
teamwork,0.0005579955108386,en,futurama
fang,0.0005579955108386,en,futurama
velvet,0.0005579955108386,en,futurama
multiply,0.0005579955108386,en,futurama
researcher,0.0005579955108386,en,futurama
cite,0.0005579955108386,en,futurama
classical,0.0005579955108386,en,futurama
prejudice,0.0005579955108386,en,futurama
negotiator,0.0005579955108386,en,futurama
perish,0.0005579955108386,en,futurama
procure,0.0005579955108386,en,futurama
smite,0.0005579955108386,en,futurama
machinery,0.0005579955108386,en,futurama
iceberg,0.0005579955108386,en,futurama
inability,0.0005579955108386,en,futurama
thermal,0.0005579955108386,en,futurama
burglary,0.0005579955108386,en,futurama
detach,0.0005579955108386,en,futurama
micro,0.0005579955108386,en,futurama
crowbar,0.0005579955108386,en,futurama
pow,0.0005579955108386,en,futurama
morgue,0.0005579955108386,en,futurama
anatomy,0.0005579955108386,en,futurama
vine,0.0005579955108386,en,futurama
painless,0.0005579955108386,en,futurama
overpower,0.0005579955108386,en,futurama
utmost,0.0005579955108386,en,futurama
dissect,0.0005579955108386,en,futurama
clockwork,0.0005579955108386,en,futurama
dibs,0.0005579955108386,en,futurama
shrapnel,0.0005579955108386,en,futurama
particular,0.000556198892659,en,futurama
local,0.000556198892659,en,futurama
hardly,0.000556198892659,en,futurama
victim,0.000556198892659,en,futurama
split,0.0005517401531866,en,futurama
faith,0.0005517401531866,en,futurama
liar,0.0005517401531866,en,futurama
connection,0.0005517401531866,en,futurama
department,0.0005517401531866,en,futurama
synthetic,0.0005511848640006,en,futurama
foremost,0.0005511848640006,en,futurama
tragically,0.0005511848640006,en,futurama
seemingly,0.0005511848640006,en,futurama
hiccup,0.0005511848640006,en,futurama
dealing,0.0005511848640006,en,futurama
fireplace,0.0005511848640006,en,futurama
ivy,0.0005511848640006,en,futurama
evidently,0.0005511848640006,en,futurama
flunk,0.0005511848640006,en,futurama
greatness,0.0005511848640006,en,futurama
classmate,0.0005511848640006,en,futurama
broadway,0.0005511848640006,en,futurama
respected,0.0005511848640006,en,futurama
excessive,0.0005511848640006,en,futurama
ford,0.0005511848640006,en,futurama
loft,0.0005511848640006,en,futurama
scalpel,0.0005511848640006,en,futurama
cuckoo,0.0005511848640006,en,futurama
homicidal,0.0005511848640006,en,futurama
invincible,0.0005511848640006,en,futurama
mac,0.0005511848640006,en,futurama
administrator,0.0005511848640006,en,futurama
extraction,0.0005511848640006,en,futurama
volt,0.0005511848640006,en,futurama
pulp,0.0005511848640006,en,futurama
bloodshed,0.0005511848640006,en,futurama
squirm,0.0005511848640006,en,futurama
helper,0.0005511848640006,en,futurama
looking,0.0005511848640006,en,futurama
nuke,0.0005511848640006,en,futurama
melissa,0.0005511848640006,en,futurama
testosterone,0.0005511848640006,en,futurama
eventually,0.0005473210474782,en,futurama
connect,0.0005473210474782,en,futurama
acquaint,0.000544555856235,en,futurama
understatement,0.000544555856235,en,futurama
patio,0.000544555856235,en,futurama
smoothly,0.000544555856235,en,futurama
bearing,0.000544555856235,en,futurama
addicted,0.000544555856235,en,futurama
patty,0.000544555856235,en,futurama
outburst,0.000544555856235,en,futurama
comprehend,0.000544555856235,en,futurama
wisely,0.000544555856235,en,futurama
dresser,0.000544555856235,en,futurama
schoolgirl,0.000544555856235,en,futurama
prominent,0.000544555856235,en,futurama
eater,0.000544555856235,en,futurama
distraught,0.000544555856235,en,futurama
cockroach,0.000544555856235,en,futurama
strategic,0.000544555856235,en,futurama
presidential,0.000544555856235,en,futurama
cutter,0.000544555856235,en,futurama
fatty,0.000544555856235,en,futurama
lingerie,0.000544555856235,en,futurama
parenting,0.000544555856235,en,futurama
lance,0.000544555856235,en,futurama
downhill,0.000544555856235,en,futurama
stool,0.000544555856235,en,futurama
mastermind,0.000544555856235,en,futurama
precede,0.000544555856235,en,futurama
reside,0.000544555856235,en,futurama
formation,0.000544555856235,en,futurama
venue,0.000544555856235,en,futurama
testicle,0.000544555856235,en,futurama
fyi,0.000544555856235,en,futurama
cinnamon,0.000544555856235,en,futurama
adequate,0.000544555856235,en,futurama
amendment,0.000544555856235,en,futurama
ignore,0.0005429408771278,en,futurama
concerned,0.0005385989620288,en,futurama
advice,0.0005385989620288,en,futurama
microscope,0.0005380990501108,en,futurama
lash,0.0005380990501108,en,futurama
republic,0.0005380990501108,en,futurama
glare,0.0005380990501108,en,futurama
crow,0.0005380990501108,en,futurama
conservative,0.0005380990501108,en,futurama
lifelong,0.0005380990501108,en,futurama
electrocute,0.0005380990501108,en,futurama
disabled,0.0005380990501108,en,futurama
kisser,0.0005380990501108,en,futurama
selling,0.0005380990501108,en,futurama
northwest,0.0005380990501108,en,futurama
hearted,0.0005380990501108,en,futurama
marking,0.0005380990501108,en,futurama
attic,0.0005380990501108,en,futurama
biblical,0.0005380990501108,en,futurama
injustice,0.0005380990501108,en,futurama
nauseous,0.0005380990501108,en,futurama
scour,0.0005380990501108,en,futurama
nudge,0.0005380990501108,en,futurama
evade,0.0005380990501108,en,futurama
cricket,0.0005380990501108,en,futurama
merchant,0.0005380990501108,en,futurama
reporting,0.0005380990501108,en,futurama
combo,0.0005380990501108,en,futurama
abnormal,0.0005380990501108,en,futurama
incorporate,0.0005380990501108,en,futurama
sedan,0.0005380990501108,en,futurama
taunt,0.0005380990501108,en,futurama
prophet,0.0005380990501108,en,futurama
itchy,0.0005380990501108,en,futurama
vary,0.0005380990501108,en,futurama
alex,0.0005380990501108,en,futurama
ipod,0.0005380990501108,en,futurama
babble,0.0005380990501108,en,futurama
originate,0.0005380990501108,en,futurama
desk,0.00053429463974,en,futurama
ledge,0.0005318057251232,en,futurama
ted,0.0005318057251232,en,futurama
whatnot,0.0005318057251232,en,futurama
shortage,0.0005318057251232,en,futurama
skank,0.0005318057251232,en,futurama
hitler,0.0005318057251232,en,futurama
neil,0.0005318057251232,en,futurama
exclude,0.0005318057251232,en,futurama
touchdown,0.0005318057251232,en,futurama
statistically,0.0005318057251232,en,futurama
succumb,0.0005318057251232,en,futurama
getting,0.0005318057251232,en,futurama
modification,0.0005318057251232,en,futurama
tropical,0.0005318057251232,en,futurama
unethical,0.0005318057251232,en,futurama
mainframe,0.0005318057251232,en,futurama
teeny,0.0005318057251232,en,futurama
funnel,0.0005318057251232,en,futurama
charitable,0.0005318057251232,en,futurama
wingman,0.0005318057251232,en,futurama
espresso,0.0005318057251232,en,futurama
vase,0.0005318057251232,en,futurama
misplace,0.0005318057251232,en,futurama
gunfire,0.0005318057251232,en,futurama
pun,0.0005318057251232,en,futurama
mortality,0.0005318057251232,en,futurama
drape,0.0005318057251232,en,futurama
coyote,0.0005318057251232,en,futurama
bulletproof,0.0005318057251232,en,futurama
mellow,0.0005318057251232,en,futurama
typically,0.0005318057251232,en,futurama
bleed,0.0005300272648793,en,futurama
beginning,0.0005300272648793,en,futurama
sweetheart,0.0005300272648793,en,futurama
chow,0.0005256678068674,en,futurama
demo,0.0005256678068674,en,futurama
blossom,0.0005256678068674,en,futurama
dutch,0.0005256678068674,en,futurama
debris,0.0005256678068674,en,futurama
overboard,0.0005256678068674,en,futurama
rupture,0.0005256678068674,en,futurama
pedal,0.0005256678068674,en,futurama
underage,0.0005256678068674,en,futurama
rustle,0.0005256678068674,en,futurama
shuffle,0.0005256678068674,en,futurama
crossing,0.0005256678068674,en,futurama
almighty,0.0005256678068674,en,futurama
enforce,0.0005256678068674,en,futurama
bulletin,0.0005256678068674,en,futurama
idle,0.0005256678068674,en,futurama
cashier,0.0005256678068674,en,futurama
smother,0.0005256678068674,en,futurama
thankfully,0.0005256678068674,en,futurama
fairness,0.0005256678068674,en,futurama
manipulative,0.0005256678068674,en,futurama
knack,0.0005256678068674,en,futurama
evolution,0.0005256678068674,en,futurama
accommodation,0.0005256678068674,en,futurama
shutter,0.0005256678068674,en,futurama
dehydrate,0.0005256678068674,en,futurama
suitable,0.0005256678068674,en,futurama
unbelievably,0.0005256678068674,en,futurama
connor,0.0005256678068674,en,futurama
soften,0.0005256678068674,en,futurama
abroad,0.0005256678068674,en,futurama
tart,0.0005256678068674,en,futurama
devotion,0.0005256678068674,en,futurama
considerate,0.0005256678068674,en,futurama
cement,0.0005256678068674,en,futurama
ruth,0.0005256678068674,en,futurama
tilt,0.0005256678068674,en,futurama
cranberry,0.0005256678068674,en,futurama
com,0.0005216008577488,en,futurama
conversation,0.0005216008577488,en,futurama
upstairs,0.0005216008577488,en,futurama
weave,0.0005196778047478,en,futurama
mandate,0.0005196778047478,en,futurama
resemble,0.0005196778047478,en,futurama
motto,0.0005196778047478,en,futurama
madame,0.0005196778047478,en,futurama
ingest,0.0005196778047478,en,futurama
por,0.0005196778047478,en,futurama
cling,0.0005196778047478,en,futurama
vend,0.0005196778047478,en,futurama
logo,0.0005196778047478,en,futurama
portable,0.0005196778047478,en,futurama
madam,0.0005196778047478,en,futurama
crane,0.0005196778047478,en,futurama
mil,0.0005196778047478,en,futurama
tangle,0.0005196778047478,en,futurama
reform,0.0005196778047478,en,futurama
signing,0.0005196778047478,en,futurama
superstar,0.0005196778047478,en,futurama
willie,0.0005196778047478,en,futurama
coconut,0.0005196778047478,en,futurama
timeline,0.0005196778047478,en,futurama
randomly,0.0005196778047478,en,futurama
reed,0.0005196778047478,en,futurama
screwdriver,0.0005196778047478,en,futurama
sharpen,0.0005196778047478,en,futurama
solitary,0.0005196778047478,en,futurama
linen,0.0005196778047478,en,futurama
snot,0.0005196778047478,en,futurama
uncanny,0.0005196778047478,en,futurama
outlaw,0.0005196778047478,en,futurama
bulk,0.0005196778047478,en,futurama
outnumber,0.0005196778047478,en,futurama
morality,0.0005196778047478,en,futurama
term,0.0005174406149042,en,futurama
willingly,0.0005138287570177,en,futurama
lyric,0.0005138287570177,en,futurama
mercury,0.0005138287570177,en,futurama
slay,0.0005138287570177,en,futurama
entity,0.0005138287570177,en,futurama
racket,0.0005138287570177,en,futurama
pasta,0.0005138287570177,en,futurama
standby,0.0005138287570177,en,futurama
slope,0.0005138287570177,en,futurama
slick,0.0005138287570177,en,futurama
documentary,0.0005138287570177,en,futurama
flock,0.0005138287570177,en,futurama
willy,0.0005138287570177,en,futurama
bleach,0.0005138287570177,en,futurama
rapidly,0.0005138287570177,en,futurama
salmon,0.0005138287570177,en,futurama
incriminate,0.0005138287570177,en,futurama
turner,0.0005138287570177,en,futurama
witty,0.0005138287570177,en,futurama
monthly,0.0005138287570177,en,futurama
flawed,0.0005138287570177,en,futurama
geez,0.0005138287570177,en,futurama
enlist,0.0005138287570177,en,futurama
eligible,0.0005138287570177,en,futurama
swiss,0.0005138287570177,en,futurama
tile,0.0005138287570177,en,futurama
reckon,0.0005138287570177,en,futurama
amazingly,0.0005138287570177,en,futurama
taco,0.0005138287570177,en,futurama
carnival,0.0005138287570177,en,futurama
platter,0.0005138287570177,en,futurama
console,0.0005138287570177,en,futurama
idol,0.0005138287570177,en,futurama
tat,0.0005138287570177,en,futurama
blurry,0.0005138287570177,en,futurama
shakespeare,0.0005138287570177,en,futurama
dependent,0.0005138287570177,en,futurama
civilized,0.0005138287570177,en,futurama
virtual,0.0005081141821388,en,futurama
tacky,0.0005081141821388,en,futurama
collective,0.0005081141821388,en,futurama
upsetting,0.0005081141821388,en,futurama
recess,0.0005081141821388,en,futurama
poetic,0.0005081141821388,en,futurama
equivalent,0.0005081141821388,en,futurama
apocalypse,0.0005081141821388,en,futurama
liberate,0.0005081141821388,en,futurama
intriguing,0.0005081141821388,en,futurama
smoker,0.0005081141821388,en,futurama
bob,0.0005081141821388,en,futurama
aircraft,0.0005081141821388,en,futurama
crisp,0.0005081141821388,en,futurama
worldwide,0.0005081141821388,en,futurama
noisy,0.0005081141821388,en,futurama
spear,0.0005081141821388,en,futurama
suppress,0.0005081141821388,en,futurama
disarm,0.0005081141821388,en,futurama
planner,0.0005081141821388,en,futurama
fury,0.0005081141821388,en,futurama
cluster,0.0005081141821388,en,futurama
craving,0.0005081141821388,en,futurama
enthusiasm,0.0005081141821388,en,futurama
unlucky,0.0005081141821388,en,futurama
extortion,0.0005081141821388,en,futurama
waffle,0.0005081141821388,en,futurama
disappear,0.0005051647783926,en,futurama
chilly,0.0005025280356066,en,futurama
peacefully,0.0005025280356066,en,futurama
caliber,0.0005025280356066,en,futurama
sammy,0.0005025280356066,en,futurama
flop,0.0005025280356066,en,futurama
orderly,0.0005025280356066,en,futurama
attribute,0.0005025280356066,en,futurama
isolated,0.0005025280356066,en,futurama
uptight,0.0005025280356066,en,futurama
ironically,0.0005025280356066,en,futurama
perp,0.0005025280356066,en,futurama
impersonate,0.0005025280356066,en,futurama
syrup,0.0005025280356066,en,futurama
portfolio,0.0005025280356066,en,futurama
kissing,0.0005025280356066,en,futurama
battlefield,0.0005025280356066,en,futurama
holder,0.0005025280356066,en,futurama
omelet,0.0005025280356066,en,futurama
penis,0.0005025280356066,en,futurama
brainwash,0.0005025280356066,en,futurama
warmth,0.0005025280356066,en,futurama
reinstate,0.0005025280356066,en,futurama
blog,0.0005025280356066,en,futurama
bourbon,0.0005025280356066,en,futurama
shepherd,0.0005025280356066,en,futurama
unclear,0.0005025280356066,en,futurama
vaguely,0.0005025280356066,en,futurama
hay,0.0005025280356066,en,futurama
maggie,0.0005025280356066,en,futurama
maniac,0.0004970646715216,en,futurama
span,0.0004970646715216,en,futurama
reign,0.0004970646715216,en,futurama
valet,0.0004970646715216,en,futurama
irritate,0.0004970646715216,en,futurama
withstand,0.0004970646715216,en,futurama
easter,0.0004970646715216,en,futurama
affirmative,0.0004970646715216,en,futurama
surge,0.0004970646715216,en,futurama
shortcut,0.0004970646715216,en,futurama
nipple,0.0004970646715216,en,futurama
nursery,0.0004970646715216,en,futurama
billionaire,0.0004970646715216,en,futurama
currency,0.0004970646715216,en,futurama
unfinished,0.0004970646715216,en,futurama
trainer,0.0004970646715216,en,futurama
spree,0.0004970646715216,en,futurama
peer,0.0004970646715216,en,futurama
lemonade,0.0004970646715216,en,futurama
ridge,0.0004970646715216,en,futurama
overrate,0.0004970646715216,en,futurama
wrestling,0.0004970646715216,en,futurama
despise,0.0004970646715216,en,futurama
compelling,0.0004970646715216,en,futurama
adoption,0.0004970646715216,en,futurama
dove,0.0004970646715216,en,futurama
advertise,0.0004970646715216,en,futurama
detain,0.0004970646715216,en,futurama
cal,0.0004970646715216,en,futurama
component,0.0004970646715216,en,futurama
curfew,0.0004970646715216,en,futurama
rum,0.0004970646715216,en,futurama
recreate,0.0004970646715216,en,futurama
journalist,0.0004970646715216,en,futurama
immature,0.0004970646715216,en,futurama
waist,0.0004970646715216,en,futurama
loudly,0.0004917188082941,en,futurama
stripe,0.0004917188082941,en,futurama
allowance,0.0004917188082941,en,futurama
overwhelm,0.0004917188082941,en,futurama
microphone,0.0004917188082941,en,futurama
recorder,0.0004917188082941,en,futurama
dislike,0.0004917188082941,en,futurama
rewind,0.0004917188082941,en,futurama
yelling,0.0004917188082941,en,futurama
beverage,0.0004917188082941,en,futurama
thirst,0.0004917188082941,en,futurama
intimacy,0.0004917188082941,en,futurama
tribute,0.0004917188082941,en,futurama
bundle,0.0004917188082941,en,futurama
plumber,0.0004917188082941,en,futurama
moonlight,0.0004917188082941,en,futurama
cripple,0.0004917188082941,en,futurama
remark,0.0004917188082941,en,futurama
persuasive,0.0004917188082941,en,futurama
faculty,0.0004917188082941,en,futurama
ethical,0.0004917188082941,en,futurama
defect,0.0004917188082941,en,futurama
wrench,0.0004917188082941,en,futurama
todd,0.0004917188082941,en,futurama
wiring,0.0004917188082941,en,futurama
zap,0.0004917188082941,en,futurama
substantial,0.0004917188082941,en,futurama
clutch,0.0004917188082941,en,futurama
reinforce,0.0004917188082941,en,futurama
detonate,0.0004917188082941,en,futurama
climate,0.0004917188082941,en,futurama
tad,0.0004917188082941,en,futurama
bass,0.0004917188082941,en,futurama
infant,0.0004917188082941,en,futurama
marketing,0.0004917188082941,en,futurama
contagious,0.0004917188082941,en,futurama
rotation,0.0004917188082941,en,futurama
agony,0.0004917188082941,en,futurama
ruthless,0.0004917188082941,en,futurama
firework,0.0004917188082941,en,futurama
magician,0.0004917188082941,en,futurama
vip,0.0004917188082941,en,futurama
resignation,0.0004917188082941,en,futurama
trustworthy,0.0004917188082941,en,futurama
tactical,0.0004864854979593,en,futurama
immunity,0.0004864854979593,en,futurama
critic,0.0004864854979593,en,futurama
squeal,0.0004864854979593,en,futurama
steroid,0.0004864854979593,en,futurama
cradle,0.0004864854979593,en,futurama
prosecution,0.0004864854979593,en,futurama
obscure,0.0004864854979593,en,futurama
juvenile,0.0004864854979593,en,futurama
rebound,0.0004864854979593,en,futurama
feminine,0.0004864854979593,en,futurama
detention,0.0004864854979593,en,futurama
awareness,0.0004864854979593,en,futurama
distinguish,0.0004864854979593,en,futurama
upload,0.0004864854979593,en,futurama
stupidity,0.0004864854979593,en,futurama
lens,0.0004864854979593,en,futurama
overly,0.0004864854979593,en,futurama
gaze,0.0004864854979593,en,futurama
alice,0.0004864854979593,en,futurama
outsider,0.0004864854979593,en,futurama
attendant,0.0004864854979593,en,futurama
seller,0.000481360098657,en,futurama
margarita,0.000481360098657,en,futurama
classy,0.000481360098657,en,futurama
spontaneous,0.000481360098657,en,futurama
tuesday,0.000481360098657,en,futurama
deception,0.000481360098657,en,futurama
override,0.000481360098657,en,futurama
axe,0.000481360098657,en,futurama
twitch,0.000481360098657,en,futurama
rumble,0.000481360098657,en,futurama
magically,0.000481360098657,en,futurama
comeback,0.000481360098657,en,futurama
bombing,0.000481360098657,en,futurama
goddess,0.000481360098657,en,futurama
economic,0.000481360098657,en,futurama
utility,0.000481360098657,en,futurama
numerous,0.000481360098657,en,futurama
bicycle,0.000481360098657,en,futurama
interior,0.000481360098657,en,futurama
powerless,0.000481360098657,en,futurama
sean,0.000481360098657,en,futurama
prescribe,0.000481360098657,en,futurama
amigo,0.000481360098657,en,futurama
screech,0.000481360098657,en,futurama
festival,0.0004763382498912,en,futurama
plus,0.0004763382498912,en,futurama
impose,0.0004763382498912,en,futurama
advocate,0.0004763382498912,en,futurama
trespass,0.0004763382498912,en,futurama
dialogue,0.0004763382498912,en,futurama
fart,0.0004763382498912,en,futurama
unnatural,0.0004763382498912,en,futurama
fulfil,0.0004763382498912,en,futurama
massacre,0.0004763382498912,en,futurama
rooftop,0.0004763382498912,en,futurama
heartless,0.0004763382498912,en,futurama
senator,0.0004763382498912,en,futurama
abduction,0.0004763382498912,en,futurama
impatient,0.0004763382498912,en,futurama
ache,0.0004763382498912,en,futurama
charade,0.0004763382498912,en,futurama
diversion,0.0004763382498912,en,futurama
dine,0.0004763382498912,en,futurama
delusion,0.0004763382498912,en,futurama
jame,0.0004714158502404,en,futurama
marshal,0.0004714158502404,en,futurama
abort,0.0004714158502404,en,futurama
aggression,0.0004714158502404,en,futurama
countless,0.0004714158502404,en,futurama
promising,0.0004714158502404,en,futurama
showtime,0.0004714158502404,en,futurama
copper,0.0004714158502404,en,futurama
ungrateful,0.0004714158502404,en,futurama
concentration,0.0004714158502404,en,futurama
corridor,0.0004714158502404,en,futurama
morphine,0.0004714158502404,en,futurama
restroom,0.0004714158502404,en,futurama
quest,0.0004714158502404,en,futurama
smear,0.0004714158502404,en,futurama
frat,0.0004714158502404,en,futurama
duke,0.0004714158502404,en,futurama
incompetent,0.0004714158502404,en,futurama
fume,0.0004714158502404,en,futurama
holding,0.0004714158502404,en,futurama
kidnapper,0.0004714158502404,en,futurama
cam,0.0004714158502404,en,futurama
merchandise,0.0004714158502404,en,futurama
freaking,0.0004714158502404,en,futurama
fireman,0.0004714158502404,en,futurama
souvenir,0.0004665890372315,en,futurama
clumsy,0.0004665890372315,en,futurama
transplant,0.0004665890372315,en,futurama
environmental,0.0004665890372315,en,futurama
lurk,0.0004665890372315,en,futurama
clarify,0.0004665890372315,en,futurama
waltz,0.0004665890372315,en,futurama
diagnosis,0.0004665890372315,en,futurama
literature,0.0004665890372315,en,futurama
bogus,0.0004665890372315,en,futurama
waiter,0.0004665890372315,en,futurama
freeway,0.0004665890372315,en,futurama
plasma,0.0004665890372315,en,futurama
dryer,0.0004665890372315,en,futurama
utterly,0.0004665890372315,en,futurama
wee,0.0004665890372315,en,futurama
saturday,0.0004665890372315,en,futurama
preparation,0.0004665890372315,en,futurama
litter,0.0004665890372315,en,futurama
newly,0.0004665890372315,en,futurama
louder,0.0004665890372315,en,futurama
robe,0.0004665890372315,en,futurama
penetrate,0.0004618541691319,en,futurama
positively,0.0004618541691319,en,futurama
dent,0.0004618541691319,en,futurama
vegetarian,0.0004618541691319,en,futurama
feeding,0.0004618541691319,en,futurama
chili,0.0004618541691319,en,futurama
divine,0.0004618541691319,en,futurama
dining,0.0004618541691319,en,futurama
hybrid,0.0004618541691319,en,futurama
babysitter,0.0004618541691319,en,futurama
classify,0.0004618541691319,en,futurama
indulge,0.0004618541691319,en,futurama
mia,0.0004618541691319,en,futurama
prototype,0.0004618541691319,en,futurama
identification,0.0004618541691319,en,futurama
wardrobe,0.0004618541691319,en,futurama
operator,0.0004618541691319,en,futurama
gauge,0.0004618541691319,en,futurama
bureau,0.0004618541691319,en,futurama
untie,0.0004618541691319,en,futurama
grader,0.0004618541691319,en,futurama
sibling,0.0004572078084426,en,futurama
prospect,0.0004572078084426,en,futurama
pearl,0.0004572078084426,en,futurama
complicate,0.0004572078084426,en,futurama
sedative,0.0004572078084426,en,futurama
scarf,0.0004572078084426,en,futurama
garlic,0.0004572078084426,en,futurama
rotate,0.0004572078084426,en,futurama
editor,0.0004572078084426,en,futurama
obtain,0.0004572078084426,en,futurama
sadness,0.0004572078084426,en,futurama
temptation,0.0004572078084426,en,futurama
shipping,0.0004572078084426,en,futurama
breaking,0.0004572078084426,en,futurama
specialize,0.0004572078084426,en,futurama
secondary,0.0004572078084426,en,futurama
gallon,0.0004572078084426,en,futurama
blindfold,0.0004572078084426,en,futurama
successfully,0.0004572078084426,en,futurama
breakthrough,0.0004572078084426,en,futurama
halloween,0.0004572078084426,en,futurama
association,0.0004572078084426,en,futurama
improvise,0.0004572078084426,en,futurama
profession,0.0004572078084426,en,futurama
napkin,0.0004572078084426,en,futurama
spectacular,0.0004572078084426,en,futurama
relive,0.0004572078084426,en,futurama
onion,0.0004572078084426,en,futurama
demonstration,0.0004572078084426,en,futurama
earthquake,0.0004572078084426,en,futurama
efficient,0.0004526467069068,en,futurama
crucial,0.0004526467069068,en,futurama
cupcake,0.0004526467069068,en,futurama
semester,0.0004526467069068,en,futurama
squirrel,0.0004526467069068,en,futurama
academic,0.0004526467069068,en,futurama
blackout,0.0004526467069068,en,futurama
lesbian,0.0004526467069068,en,futurama
contribution,0.0004526467069068,en,futurama
selection,0.0004526467069068,en,futurama
hockey,0.0004526467069068,en,futurama
riddle,0.0004526467069068,en,futurama
decoy,0.0004526467069068,en,futurama
author,0.0004526467069068,en,futurama
unleash,0.0004526467069068,en,futurama
settlement,0.0004526467069068,en,futurama
motivate,0.0004526467069068,en,futurama
administer,0.0004526467069068,en,futurama
rehearse,0.0004526467069068,en,futurama
psychotic,0.0004526467069068,en,futurama
homeland,0.0004526467069068,en,futurama
nod,0.0004526467069068,en,futurama
pende,0.0004526467069068,en,futurama
dread,0.0004526467069068,en,futurama
deploy,0.0004526467069068,en,futurama
nun,0.0004526467069068,en,futurama
reschedule,0.0004481677918685,en,futurama
lone,0.0004481677918685,en,futurama
productive,0.0004481677918685,en,futurama
notion,0.0004481677918685,en,futurama
disappointing,0.0004481677918685,en,futurama
enhance,0.0004481677918685,en,futurama
conditioning,0.0004481677918685,en,futurama
horizon,0.0004481677918685,en,futurama
grain,0.0004481677918685,en,futurama
fulfill,0.0004481677918685,en,futurama
caffeine,0.0004481677918685,en,futurama
regain,0.0004481677918685,en,futurama
playground,0.0004481677918685,en,futurama
mistress,0.0004481677918685,en,futurama
wrestle,0.0004481677918685,en,futurama
mold,0.0004481677918685,en,futurama
hysterical,0.0004481677918685,en,futurama
assassin,0.0004481677918685,en,futurama
fabric,0.0004481677918685,en,futurama
mechanism,0.0004481677918685,en,futurama
pension,0.0004481677918685,en,futurama
wig,0.0004481677918685,en,futurama
cautious,0.0004481677918685,en,futurama
leftover,0.0004481677918685,en,futurama
institute,0.0004437681538391,en,futurama
shaft,0.0004437681538391,en,futurama
carbon,0.0004437681538391,en,futurama
charle,0.0004437681538391,en,futurama
depress,0.0004437681538391,en,futurama
attraction,0.0004437681538391,en,futurama
brass,0.0004437681538391,en,futurama
calculate,0.0004437681538391,en,futurama
remorse,0.0004437681538391,en,futurama
involved,0.0004437681538391,en,futurama
whispering,0.0004437681538391,en,futurama
stunning,0.0004437681538391,en,futurama
hidden,0.0004437681538391,en,futurama
quiz,0.0004437681538391,en,futurama
taxis,0.0004437681538391,en,futurama
temple,0.0004437681538391,en,futurama
sensor,0.0004394450351452,en,futurama
prank,0.0004394450351452,en,futurama
gin,0.0004394450351452,en,futurama
hoop,0.0004394450351452,en,futurama
porch,0.0004394450351452,en,futurama
avenue,0.0004394450351452,en,futurama
felony,0.0004394450351452,en,futurama
blur,0.0004394450351452,en,futurama
injection,0.0004394450351452,en,futurama
carrier,0.0004394450351452,en,futurama
excite,0.0004394450351452,en,futurama
cotton,0.0004394450351452,en,futurama
highlight,0.0004394450351452,en,futurama
objection,0.0004394450351452,en,futurama
tempting,0.0004394450351452,en,futurama
bulb,0.0004394450351452,en,futurama
stove,0.0004394450351452,en,futurama
bush,0.0004394450351452,en,futurama
hotter,0.0004394450351452,en,futurama
dwell,0.0004351958195466,en,futurama
import,0.0004351958195466,en,futurama
turf,0.0004351958195466,en,futurama
sexually,0.0004351958195466,en,futurama
abduct,0.0004351958195466,en,futurama
uncover,0.0004351958195466,en,futurama
conceal,0.0004351958195466,en,futurama
ransom,0.0004351958195466,en,futurama
keen,0.0004351958195466,en,futurama
bathe,0.0004351958195466,en,futurama
evacuate,0.0004351958195466,en,futurama
deliberately,0.0004351958195466,en,futurama
getaway,0.0004351958195466,en,futurama
initiative,0.0004351958195466,en,futurama
temporarily,0.0004351958195466,en,futurama
classified,0.0004351958195466,en,futurama
appoint,0.0004351958195466,en,futurama
counseling,0.0004351958195466,en,futurama
council,0.0004351958195466,en,futurama
premise,0.0004310180227273,en,futurama
convinced,0.0004310180227273,en,futurama
barrier,0.0004310180227273,en,futurama
pantie,0.0004310180227273,en,futurama
mixed,0.0004310180227273,en,futurama
distracted,0.0004310180227273,en,futurama
driving,0.0004310180227273,en,futurama
contrary,0.0004310180227273,en,futurama
textbook,0.0004310180227273,en,futurama
chopper,0.0004310180227273,en,futurama
crop,0.0004310180227273,en,futurama
household,0.0004310180227273,en,futurama
restrain,0.0004310180227273,en,futurama
bidding,0.0004310180227273,en,futurama
discretion,0.0004310180227273,en,futurama
found,0.0004310180227273,en,futurama
parole,0.0004310180227273,en,futurama
translation,0.0004310180227273,en,futurama
shack,0.0004310180227273,en,futurama
seminar,0.0004310180227273,en,futurama
eyebrow,0.0004310180227273,en,futurama
nancy,0.0004310180227273,en,futurama
curb,0.0004269092835718,en,futurama
autograph,0.0004269092835718,en,futurama
goat,0.0004269092835718,en,futurama
comic,0.0004269092835718,en,futurama
pause,0.0004269092835718,en,futurama
delightful,0.0004269092835718,en,futurama
peak,0.0004269092835718,en,futurama
elaborate,0.0004269092835718,en,futurama
gal,0.0004269092835718,en,futurama
equation,0.0004269092835718,en,futurama
withdraw,0.0004269092835718,en,futurama
participate,0.0004269092835718,en,futurama
messenger,0.0004269092835718,en,futurama
qualify,0.0004269092835718,en,futurama
website,0.0004269092835718,en,futurama
collateral,0.0004269092835718,en,futurama
streak,0.0004269092835718,en,futurama
rep,0.0004269092835718,en,futurama
disturbing,0.0004269092835718,en,futurama
disrupt,0.0004269092835718,en,futurama
sob,0.0004228673561515,en,futurama
junkie,0.0004228673561515,en,futurama
crowded,0.0004228673561515,en,futurama
sunlight,0.0004228673561515,en,futurama
compound,0.0004228673561515,en,futurama
affection,0.0004228673561515,en,futurama
cafeteria,0.0004228673561515,en,futurama
diagnose,0.0004228673561515,en,futurama
institution,0.0004228673561515,en,futurama
kidnapping,0.0004228673561515,en,futurama
amend,0.0004228673561515,en,futurama
fiber,0.0004228673561515,en,futurama
vain,0.0004228673561515,en,futurama
breeze,0.0004228673561515,en,futurama
origin,0.0004228673561515,en,futurama
specialty,0.0004228673561515,en,futurama
spiritual,0.0004228673561515,en,futurama
amazed,0.0004188901023518,en,futurama
olive,0.0004188901023518,en,futurama
vibe,0.0004188901023518,en,futurama
sustain,0.0004188901023518,en,futurama
legacy,0.0004188901023518,en,futurama
overlook,0.0004188901023518,en,futurama
submit,0.0004188901023518,en,futurama
ashe,0.0004188901023518,en,futurama
convincing,0.0004188901023518,en,futurama
arrow,0.0004188901023518,en,futurama
compel,0.0004188901023518,en,futurama
transform,0.0004188901023518,en,futurama
snoop,0.0004188901023518,en,futurama
allergy,0.0004188901023518,en,futurama
motorcycle,0.00041497548508,en,futurama
instantly,0.00041497548508,en,futurama
riot,0.00041497548508,en,futurama
unpleasant,0.00041497548508,en,futurama
mechanic,0.00041497548508,en,futurama
denial,0.00041497548508,en,futurama
yup,0.00041497548508,en,futurama
vague,0.00041497548508,en,futurama
accessory,0.00041497548508,en,futurama
principal,0.00041497548508,en,futurama
inhale,0.00041497548508,en,futurama
understandable,0.00041497548508,en,futurama
soccer,0.00041497548508,en,futurama
pursuit,0.00041497548508,en,futurama
papa,0.00041497548508,en,futurama
bald,0.00041497548508,en,futurama
steven,0.0004111215619995,en,futurama
visible,0.0004111215619995,en,futurama
cooperation,0.0004111215619995,en,futurama
ladder,0.0004111215619995,en,futurama
swimming,0.0004111215619995,en,futurama
addition,0.0004111215619995,en,futurama
mentally,0.0004111215619995,en,futurama
hitch,0.0004111215619995,en,futurama
overreact,0.0004111215619995,en,futurama
wit,0.0004111215619995,en,futurama
myth,0.0004111215619995,en,futurama
meaningless,0.0004111215619995,en,futurama
paycheck,0.0004111215619995,en,futurama
piano,0.0004111215619995,en,futurama
marker,0.0004111215619995,en,futurama
chuck,0.0004111215619995,en,futurama
context,0.0004111215619995,en,futurama
biological,0.0004073264797429,en,futurama
negotiation,0.0004073264797429,en,futurama
farmer,0.0004073264797429,en,futurama
groom,0.0004073264797429,en,futurama
thoughtful,0.0004073264797429,en,futurama
gap,0.0004073264797429,en,futurama
disconnect,0.0004073264797429,en,futurama
setting,0.0004073264797429,en,futurama
metaphor,0.0004073264797429,en,futurama
skeleton,0.0004073264797429,en,futurama
vein,0.0004073264797429,en,futurama
trump,0.0004073264797429,en,futurama
cliff,0.0004073264797429,en,futurama
loosen,0.0004073264797429,en,futurama
nanny,0.0004073264797429,en,futurama
innocence,0.0004073264797429,en,futurama
salesman,0.0004073264797429,en,futurama
hormone,0.0004035884685597,en,futurama
guitar,0.0004035884685597,en,futurama
occasionally,0.0004035884685597,en,futurama
straighten,0.0004035884685597,en,futurama
boost,0.0004035884685597,en,futurama
donation,0.0004035884685597,en,futurama
invasion,0.0004035884685597,en,futurama
rival,0.0004035884685597,en,futurama
arrival,0.0004035884685597,en,futurama
troubled,0.0004035884685597,en,futurama
donor,0.0004035884685597,en,futurama
thigh,0.0004035884685597,en,futurama
mount,0.0004035884685597,en,futurama
dizzy,0.0004035884685597,en,futurama
consent,0.0003999058373611,en,futurama
notify,0.0003999058373611,en,futurama
butcher,0.0003999058373611,en,futurama
inject,0.0003999058373611,en,futurama
jane,0.0003999058373611,en,futurama
topic,0.0003999058373611,en,futurama
verify,0.0003999058373611,en,futurama
airplane,0.0003999058373611,en,futurama
publish,0.0003999058373611,en,futurama
sketch,0.0003999058373611,en,futurama
timer,0.0003999058373611,en,futurama
heck,0.0003999058373611,en,futurama
tennis,0.0003999058373611,en,futurama
lightning,0.0003999058373611,en,futurama
pat,0.0003999058373611,en,futurama
port,0.0003999058373611,en,futurama
runner,0.0003962769691256,en,futurama
inherit,0.0003962769691256,en,futurama
brake,0.0003962769691256,en,futurama
reliable,0.0003962769691256,en,futurama
cope,0.0003962769691256,en,futurama
luxury,0.0003962769691256,en,futurama
absurd,0.0003962769691256,en,futurama
shade,0.0003962769691256,en,futurama
autopsy,0.0003962769691256,en,futurama
sip,0.0003962769691256,en,futurama
diaper,0.0003962769691256,en,futurama
personnel,0.0003962769691256,en,futurama
inevitable,0.0003962769691256,en,futurama
peel,0.0003962769691256,en,futurama
rarely,0.0003962769691256,en,futurama
anticipate,0.0003962769691256,en,futurama
filter,0.0003962769691256,en,futurama
yank,0.0003962769691256,en,futurama
rail,0.0003927003166365,en,futurama
finance,0.0003927003166365,en,futurama
shooter,0.0003927003166365,en,futurama
rebuild,0.0003927003166365,en,futurama
mister,0.0003927003166365,en,futurama
pepper,0.0003927003166365,en,futurama
tomato,0.0003927003166365,en,futurama
elbow,0.0003927003166365,en,futurama
geek,0.0003927003166365,en,futurama
strawberry,0.0003927003166365,en,futurama
psychic,0.0003927003166365,en,futurama
numb,0.0003891743985203,en,futurama
devastate,0.0003891743985203,en,futurama
dispatch,0.0003891743985203,en,futurama
radius,0.0003891743985203,en,futurama
confidential,0.0003891743985203,en,futurama
talented,0.0003891743985203,en,futurama
reminder,0.0003891743985203,en,futurama
collar,0.0003891743985203,en,futurama
pale,0.0003891743985203,en,futurama
organization,0.0003891743985203,en,futurama
unstable,0.0003891743985203,en,futurama
intact,0.0003891743985203,en,futurama
missing,0.0003891743985203,en,futurama
mini,0.0003891743985203,en,futurama
guardian,0.0003891743985203,en,futurama
foster,0.0003891743985203,en,futurama
corrupt,0.0003891743985203,en,futurama
fiance,0.0003891743985203,en,futurama
terrified,0.0003891743985203,en,futurama
somewhat,0.0003891743985203,en,futurama
convict,0.0003891743985203,en,futurama
dedicate,0.0003856977955634,en,futurama
essential,0.0003856977955634,en,futurama
electronic,0.0003856977955634,en,futurama
endless,0.0003856977955634,en,futurama
intimidate,0.0003856977955634,en,futurama
ambush,0.0003856977955634,en,futurama
faint,0.0003856977955634,en,futurama
raid,0.0003856977955634,en,futurama
breach,0.0003856977955634,en,futurama
fond,0.0003856977955634,en,futurama
german,0.0003856977955634,en,futurama
speaker,0.0003856977955634,en,futurama
traitor,0.0003856977955634,en,futurama
emotionally,0.0003856977955634,en,futurama
heavily,0.0003822691472818,en,futurama
budget,0.0003822691472818,en,futurama
lease,0.0003822691472818,en,futurama
obligation,0.0003822691472818,en,futurama
ounce,0.0003822691472818,en,futurama
neglect,0.0003822691472818,en,futurama
isolate,0.0003822691472818,en,futurama
luckily,0.0003822691472818,en,futurama
honeymoon,0.0003822691472818,en,futurama
spook,0.0003822691472818,en,futurama
ward,0.0003822691472818,en,futurama
mock,0.0003822691472818,en,futurama
maintenance,0.0003788871487254,en,futurama
fist,0.0003788871487254,en,futurama
employ,0.0003788871487254,en,futurama
absence,0.0003788871487254,en,futurama
relevant,0.0003788871487254,en,futurama
vault,0.0003788871487254,en,futurama
serial,0.0003788871487254,en,futurama
zip,0.0003788871487254,en,futurama
approval,0.0003788871487254,en,futurama
twisted,0.0003755505474953,en,futurama
cooperate,0.0003755505474953,en,futurama
terribly,0.0003755505474953,en,futurama
bay,0.0003755505474953,en,futurama
taxi,0.0003755505474953,en,futurama
prior,0.0003755505474953,en,futurama
helicopter,0.0003755505474953,en,futurama
testing,0.0003755505474953,en,futurama
chuckle,0.0003755505474953,en,futurama
dive,0.0003755505474953,en,futurama
closely,0.0003755505474953,en,futurama
detector,0.0003755505474953,en,futurama
heartbeat,0.0003755505474953,en,futurama
convenient,0.0003755505474953,en,futurama
weed,0.0003755505474953,en,futurama
donate,0.0003755505474953,en,futurama
flirt,0.0003755505474953,en,futurama
passenger,0.0003722581409598,en,futurama
buyer,0.0003722581409598,en,futurama
crown,0.0003722581409598,en,futurama
oppose,0.0003722581409598,en,futurama
mistaken,0.0003722581409598,en,futurama
bench,0.0003722581409598,en,futurama
everyday,0.0003722581409598,en,futurama
chemistry,0.0003722581409598,en,futurama
sickness,0.0003722581409598,en,futurama
initial,0.0003722581409598,en,futurama
curtain,0.0003722581409598,en,futurama
illusion,0.0003722581409598,en,futurama
promotion,0.0003722581409598,en,futurama
visual,0.0003722581409598,en,futurama
painting,0.0003690087736521,en,futurama
anonymous,0.0003690087736521,en,futurama
undo,0.0003690087736521,en,futurama
telephone,0.0003690087736521,en,futurama
frank,0.0003690087736521,en,futurama
suspend,0.0003690087736521,en,futurama
breakdown,0.0003690087736521,en,futurama
offend,0.0003690087736521,en,futurama
mutual,0.0003690087736521,en,futurama
crystal,0.0003658013348356,en,futurama
gunshot,0.0003658013348356,en,futurama
waitress,0.0003658013348356,en,futurama
entitle,0.0003658013348356,en,futurama
prep,0.0003658013348356,en,futurama
shelf,0.0003658013348356,en,futurama
nation,0.0003658013348356,en,futurama
civilian,0.0003658013348356,en,futurama
significant,0.0003658013348356,en,futurama
wisdom,0.0003658013348356,en,futurama
bonus,0.0003658013348356,en,futurama
vest,0.0003658013348356,en,futurama
suspicion,0.0003658013348356,en,futurama
strap,0.0003658013348356,en,futurama
talking,0.0003658013348356,en,futurama
dock,0.0003658013348356,en,futurama
unlock,0.0003658013348356,en,futurama
rose,0.0003658013348356,en,futurama
leap,0.0003658013348356,en,futurama
correctly,0.0003658013348356,en,futurama
blade,0.0003658013348356,en,futurama
bout,0.0003626347562245,en,futurama
lobby,0.0003626347562245,en,futurama
infection,0.0003626347562245,en,futurama
federal,0.0003626347562245,en,futurama
russian,0.0003626347562245,en,futurama
march,0.0003626347562245,en,futurama
cable,0.000359508009848,en,futurama
cleaning,0.000359508009848,en,futurama
urge,0.000359508009848,en,futurama
tab,0.000359508009848,en,futurama
custom,0.000359508009848,en,futurama
gig,0.000359508009848,en,futurama
agenda,0.000359508009848,en,futurama
factor,0.000359508009848,en,futurama
cuff,0.000359508009848,en,futurama
investment,0.000359508009848,en,futurama
surprising,0.0003564201060467,en,futurama
absolute,0.0003564201060467,en,futurama
symptom,0.0003564201060467,en,futurama
pad,0.0003564201060467,en,futurama
writing,0.0003564201060467,en,futurama
conclusion,0.0003564201060467,en,futurama
clip,0.0003564201060467,en,futurama
vodka,0.0003564201060467,en,futurama
shooting,0.0003564201060467,en,futurama
darkness,0.0003564201060467,en,futurama
commission,0.0003533700915922,en,futurama
distraction,0.0003533700915922,en,futurama
unable,0.0003533700915922,en,futurama
conspiracy,0.0003533700915922,en,futurama
suite,0.0003503570479208,en,futurama
coast,0.0003503570479208,en,futurama
alike,0.0003503570479208,en,futurama
burden,0.0003503570479208,en,futurama
fingerprint,0.0003503570479208,en,futurama
trauma,0.0003503570479208,en,futurama
mid,0.0003473800894726,en,futurama
asset,0.0003473800894726,en,futurama
payment,0.0003473800894726,en,futurama
quietly,0.0003473800894726,en,futurama
embrace,0.0003473800894726,en,futurama
stir,0.0003473800894726,en,futurama
conflict,0.0003473800894726,en,futurama
hint,0.0003473800894726,en,futurama
assistance,0.0003473800894726,en,futurama
scout,0.0003473800894726,en,futurama
routine,0.0003444383621291,en,futurama
border,0.0003444383621291,en,futurama
embarrassing,0.0003444383621291,en,futurama
planning,0.0003444383621291,en,futurama
rabbit,0.0003444383621291,en,futurama
immediate,0.0003415310417425,en,futurama
bro,0.0003415310417425,en,futurama
rely,0.0003415310417425,en,futurama
storage,0.0003415310417425,en,futurama
article,0.0003415310417425,en,futurama
imply,0.0003415310417425,en,futurama
loop,0.0003415310417425,en,futurama
advise,0.0003415310417425,en,futurama
explore,0.0003415310417425,en,futurama
noon,0.0003415310417425,en,futurama
drawer,0.0003386573327492,en,futurama
lane,0.0003386573327492,en,futurama
grief,0.0003386573327492,en,futurama
cigarette,0.0003386573327492,en,futurama
scar,0.0003358164668636,en,futurama
exception,0.0003358164668636,en,futurama
eliminate,0.0003358164668636,en,futurama
active,0.0003358164668636,en,futurama
click,0.0003358164668636,en,futurama
elevator,0.0003358164668636,en,futurama
update,0.0003358164668636,en,futurama
appeal,0.0003330077018444,en,futurama
chemical,0.0003330077018444,en,futurama
newspaper,0.0003330077018444,en,futurama
photograph,0.0003330077018444,en,futurama
financial,0.0003330077018444,en,futurama
currently,0.0003330077018444,en,futurama
quote,0.0003302303203314,en,futurama
resource,0.0003302303203314,en,futurama
rib,0.0003302303203314,en,futurama
warrant,0.0003302303203314,en,futurama
bruise,0.0003274836287448,en,futurama
got,0.0003274836287448,en,futurama
unfortunate,0.0003274836287448,en,futurama
agency,0.0003247669562464,en,futurama
east,0.0003247669562464,en,futurama
attorney,0.0003247669562464,en,futurama
assignment,0.0003247669562464,en,futurama
communicate,0.0003247669562464,en,futurama
conscience,0.0003247669562464,en,futurama
relieve,0.0003247669562464,en,futurama
wander,0.0003247669562464,en,futurama
stable,0.0003247669562464,en,futurama
confess,0.0003247669562464,en,futurama
patience,0.0003247669562464,en,futurama
fence,0.0003220796537556,en,futurama
whore,0.0003220796537556,en,futurama
encourage,0.0003220796537556,en,futurama
extend,0.0003220796537556,en,futurama
terrify,0.0003220796537556,en,futurama
individual,0.0003220796537556,en,futurama
hop,0.0003220796537556,en,futurama
slam,0.0003220796537556,en,futurama
height,0.0003220796537556,en,futurama
define,0.0003194210930188,en,futurama
firm,0.0003194210930188,en,futurama
suggestion,0.0003194210930188,en,futurama
hallway,0.0003194210930188,en,futurama
scale,0.0003194210930188,en,futurama
sync,0.0003167906657278,en,futurama
compliment,0.0003167906657278,en,futurama
badge,0.0003167906657278,en,futurama
accomplish,0.0003167906657278,en,futurama
properly,0.0003167906657278,en,futurama
brown,0.0003167906657278,en,futurama
monitor,0.0003167906657278,en,futurama
rumor,0.0003167906657278,en,futurama
armed,0.0003167906657278,en,futurama
agreement,0.0003167906657278,en,futurama
ambulance,0.0003167906657278,en,futurama
signature,0.0003167906657278,en,futurama
discussion,0.0003141877826841,en,futurama
bike,0.0003141877826841,en,futurama
cab,0.0003141877826841,en,futurama
spy,0.0003141877826841,en,futurama
facility,0.0003141877826841,en,futurama
needle,0.0003141877826841,en,futurama
english,0.0003141877826841,en,futurama
exercise,0.0003141877826841,en,futurama
specifically,0.0003116118730069,en,futurama
shy,0.0003116118730069,en,futurama
timing,0.0003116118730069,en,futurama
plastic,0.0003116118730069,en,futurama
hill,0.0003116118730069,en,futurama
stair,0.0003090623833818,en,futurama
differently,0.0003090623833818,en,futurama
homework,0.0003090623833818,en,futurama
disturb,0.0003090623833818,en,futurama
arrangement,0.0003090623833818,en,futurama
injury,0.0003090623833818,en,futurama
brief,0.0003090623833818,en,futurama
tick,0.0003090623833818,en,futurama
understanding,0.0003090623833818,en,futurama
narrow,0.0003065387773469,en,futurama
colleague,0.000304040534616,en,futurama
behavior,0.000304040534616,en,futurama
sudden,0.000304040534616,en,futurama
compromise,0.000304040534616,en,futurama
garage,0.000304040534616,en,futurama
impression,0.000304040534616,en,futurama
shine,0.000304040534616,en,futurama
refer,0.000301567150434,en,futurama
flow,0.000301567150434,en,futurama
habit,0.000301567150434,en,futurama
recent,0.000301567150434,en,futurama
particularly,0.000301567150434,en,futurama
sheet,0.000301567150434,en,futurama
side,0.0002991181349652,en,futurama
betray,0.0002991181349652,en,futurama
decent,0.0002966930127111,en,futurama
flat,0.0002966930127111,en,futurama
disease,0.0002966930127111,en,futurama
tag,0.0002966930127111,en,futurama
explanation,0.0002942913219563,en,futurama
section,0.0002942913219563,en,futurama
location,0.0002919126142406,en,futurama
intention,0.0002919126142406,en,futurama
instinct,0.0002895564538567,en,futurama
expose,0.0002895564538567,en,futurama
incident,0.0002895564538567,en,futurama
link,0.0002872224173711,en,futurama
capable,0.0002872224173711,en,futurama
insist,0.0002849100931674,en,futurama
hotel,0.0002849100931674,en,futurama
circumstance,0.0002826190810107,en,futurama
authority,0.0002780994463295,en,futurama
official,0.0002758700765933,en,futurama
confirm,0.0002736605237391,en,futurama
unfortunately,0.0002714704385639,en,futurama
partner,0.0002714704385639,en,futurama
piss,0.0002692994810144,en,futurama
difficult,0.0002650136324396,en,futurama
opportunity,0.0002628981042714,en,futurama
detail,0.0002566574486472,en,futurama
