mot,poids_tfidf,langue,serie
bender,0.4552759076185321,fr,futurama
fry,0.2904090428985225,fr,futurama
robot,0.1436541872926593,fr,futurama
taire,0.098850246301811,fr,futurama
zoidberg,0.094530191535029,fr,futurama
tre,0.0852999878199897,fr,futurama
leela,0.0717518321289979,fr,futurama
nibbler,0.063779406336887,fr,futurama
sdi,0.0611050840092925,fr,futurama
mme,0.0586437416262429,fr,futurama
ici,0.0566445231617119,fr,futurama
aimer,0.0473148369939005,fr,futurama
grand,0.0468705662240047,fr,futurama
brannigan,0.0433375999989823,fr,futurama
regarder,0.0430942646798906,fr,futurama
humain,0.0427842329357774,fr,futurama
petit,0.0426499939099948,fr,futurama
heure,0.0426499939099948,fr,futurama
media,0.0423434252710669,fr,futurama
ami,0.0417614523702033,fr,futurama
french,0.0403753316490333,fr,futurama
vaisseau,0.0398632414854826,fr,futurama
calculon,0.0388074434298733,fr,futurama
flexo,0.0387232109902528,fr,futurama
herme,0.0377585936074443,fr,futurama
slurm,0.0375842930199512,fr,futurama
voil,0.0375408800561934,fr,futurama
plante,0.0371148655139268,fr,futurama
elzar,0.0364453750496497,fr,futurama
amy,0.0356554262997316,fr,futurama
terre,0.0353815817738668,fr,futurama
titrage,0.034424625778828,fr,futurama
super,0.0334536289444642,fr,futurama
dieu,0.0333203077421834,fr,futurama
mourir,0.0328760369722877,fr,futurama
vieux,0.0326539015873398,fr,futurama
mal,0.0324317662023919,fr,futurama
mort,0.030210412352913,fr,futurama
accord,0.0297661415830172,fr,futurama
group,0.0294777403557843,fr,futurama
trs,0.0290997354281735,fr,futurama
nouveau,0.0286554646582778,fr,futurama
professeur,0.0283377013721197,fr,futurama
poppler,0.0273340312872373,fr,futurama
farnsworth,0.0272700953831542,fr,futurama
vrai,0.0268783815786946,fr,futurama
mieux,0.0257677046539552,fr,futurama
univers,0.02449365923605,fr,futurama
gros,0.02421275695932,fr,futurama
attendre,0.02421275695932,fr,futurama
nom,0.02421275695932,fr,futurama
appeler,0.0239906215743721,fr,futurama
elno,0.0239172773763326,fr,futurama
planet,0.0238424290831738,fr,futurama
capitaine,0.0237017860336123,fr,futurama
tuer,0.0231020800345805,fr,futurama
tte,0.0231020800345805,fr,futurama
apr,0.0224356738797368,fr,futurama
vite,0.0222135384947889,fr,futurama
ouai,0.0220748435892043,fr,futurama
manger,0.021897499935086,fr,futurama
besoin,0.0213249969549974,fr,futurama
air,0.0213249969549974,fr,futurama
dsol,0.0208807261851016,fr,futurama
arrte,0.0208807261851016,fr,futurama
amour,0.0204183056728112,fr,futurama
devenir,0.01999218464531,fr,futurama
souvenir,0.01999218464531,fr,futurama
salut,0.0197700492603622,fr,futurama
raison,0.0197700492603622,fr,futurama
main,0.0197700492603622,fr,futurama
vivre,0.0197700492603622,fr,futurama
fait,0.0197700492603622,fr,futurama
bote,0.0195058708651228,fr,futurama
blernsball,0.0193616054951264,fr,futurama
pharaon,0.0192424729285213,fr,futurama
veux,0.0191036431055185,fr,futurama
finir,0.0191036431055185,fr,futurama
terrien,0.0190843606855513,fr,futurama
meilleur,0.0188815077205706,fr,futurama
tai,0.018810461196233,fr,futurama
gnial,0.0187335219872208,fr,futurama
fte,0.0187335219872208,fr,futurama
machine,0.0187190420284936,fr,futurama
sentir,0.0186593723356227,fr,futurama
sortir,0.0184372369506748,fr,futurama
corps,0.0183625930725131,fr,futurama
morbo,0.0182226875248248,fr,futurama
yancy,0.0182226875248248,fr,futurama
enfant,0.0182151015657269,fr,futurama
fort,0.017992966180779,fr,futurama
perdre,0.0175486954108833,fr,futurama
question,0.0171044246409875,fr,futurama
coup,0.0170189887013536,fr,futurama
quelqu,0.0168822892560396,fr,futurama
cerveau,0.0168234428357348,fr,futurama
express,0.0168117227144815,fr,futurama
klaxon,0.0166094863996899,fr,futurama
bigfoot,0.0165883387314839,fr,futurama
cur,0.016330243722972,fr,futurama
donne,0.0162158831011959,fr,futurama
essayer,0.0162158831011959,fr,futurama
persei,0.0159448515842217,fr,futurama
minute,0.0154514502683342,fr,futurama
laisse,0.0153273415614044,fr,futurama
wong,0.0152094076684161,fr,futurama
sauver,0.0151052061764565,fr,futurama
plat,0.0150035821446144,fr,futurama
fille,0.0148830707915086,fr,futurama
fernand,0.0148059336139202,fr,futurama
orphelinarium,0.0148059336139202,fr,futurama
eyephone,0.0148059336139202,fr,futurama
attend,0.0147796480827545,fr,futurama
ferme,0.0146735824307277,fr,futurama
sang,0.0146609354065607,fr,futurama
cyclope,0.0145180709562153,fr,futurama
aider,0.0144388000216128,fr,futurama
prend,0.0142166646366649,fr,futurama
aime,0.0142166646366649,fr,futurama
globetrotter,0.0140306606377875,fr,futurama
nol,0.0140189419778092,fr,futurama
pauvre,0.0139945690566459,fr,futurama
parent,0.0139945690566459,fr,futurama
revenir,0.013994529251717,fr,futurama
fin,0.013994529251717,fr,futurama
travail,0.013994529251717,fr,futurama
hourra,0.0139371956894128,fr,futurama
soir,0.0138839118353148,fr,futurama
plein,0.0138839118353148,fr,futurama
anne,0.0137723938667691,fr,futurama
bel,0.0137705927426829,fr,futurama
limbo,0.013681755699213,fr,futurama
robosexuel,0.0136670156436186,fr,futurama
bubblegum,0.0136350476915771,fr,futurama
porte,0.0135502584818212,fr,futurama
secret,0.0134269667192067,fr,futurama
vien,0.0133281230968733,fr,futurama
nuit,0.0133281230968733,fr,futurama
idiot,0.0133063115620567,fr,futurama
problme,0.0131059877119255,fr,futurama
extraterrestre,0.0131032923143273,fr,futurama
mec,0.0129515707565971,fr,futurama
mot,0.0128838523269776,fr,futurama
chance,0.0128838523269776,fr,futurama
pote,0.0128474732323306,fr,futurama
robo,0.0128042909087902,fr,futurama
tac,0.01273939306876,fr,futurama
doop,0.0125861978691481,fr,futurama
robotique,0.0125486468858809,fr,futurama
spargle,0.012528097673317,fr,futurama
buggalo,0.012528097673317,fr,futurama
lunka,0.012528097673317,fr,futurama
melllvar,0.012528097673317,fr,futurama
garde,0.0124395815570818,fr,futurama
nixon,0.0123593765176945,fr,futurama
zapp,0.0123369068927602,fr,futurama
cher,0.0122577366089222,fr,futurama
bienvenu,0.0122222435860551,fr,futurama
aide,0.0122174461721339,fr,futurama
trouv,0.0122174461721339,fr,futurama
philip,0.0121918495796459,fr,futurama
eau,0.0121903607886045,fr,futurama
animal,0.0121825312209552,fr,futurama
jouer,0.0120924393404355,fr,futurama
mutant,0.0120749250196343,fr,futurama
espce,0.0120264585596973,fr,futurama
rentrer,0.011995310787186,fr,futurama
espace,0.0119798231446733,fr,futurama
pire,0.0118685052785755,fr,futurama
film,0.0118474949547428,fr,futurama
ancien,0.0118339367694703,fr,futurama
apprendre,0.0117731754022381,fr,futurama
prt,0.0116445712167156,fr,futurama
sicle,0.0116065270648281,fr,futurama
gagner,0.0115510400172902,fr,futurama
servir,0.0114206371548557,fr,futurama
fishy,0.0113891797030155,fr,futurama
pizza,0.0113440973756694,fr,futurama
carte,0.0113289046323423,fr,futurama
pass,0.0113289046323423,fr,futurama
revoir,0.0111967030929958,fr,futurama
bonjour,0.0111067692473944,fr,futurama
argent,0.0111067692473944,fr,futurama
parfaire,0.0110616236785486,fr,futurama
fou,0.0109727690311359,fr,futurama
dollar,0.0109602637281054,fr,futurama
demande,0.0108846338624466,fr,futurama
presque,0.0108846338624466,fr,futurama
mission,0.0108700683135725,fr,futurama
cul,0.0108700683135725,fr,futurama
grce,0.0108564360030963,fr,futurama
rve,0.010811984710741,fr,futurama
chien,0.0107827007485632,fr,futurama
hubert,0.0107385276797973,fr,futurama
pre,0.0106624984774987,fr,futurama
peur,0.0106624984774987,fr,futurama
anchois,0.0106432633523018,fr,futurama
libert,0.0106185854698143,fr,futurama
chef,0.0106101288345262,fr,futurama
cool,0.0105957817045111,fr,futurama
beau,0.010524900907416,fr,futurama
futur,0.0105104190925888,fr,futurama
vergon,0.01048849822429,fr,futurama
marche,0.0104403630925508,fr,futurama
dernier,0.0104403630925508,fr,futurama
livrer,0.010427464868844,fr,futurama
ordure,0.0104046949270566,fr,futurama
vol,0.010384381412515,fr,futurama
boire,0.010384381412515,fr,futurama
tordeur,0.0102502617327139,fr,futurama
twit,0.0102502617327139,fr,futurama
futurama,0.0102502617327139,fr,futurama
sale,0.0102409068197339,fr,futurama
livreur,0.0102371181629064,fr,futurama
place,0.0102182277076029,fr,futurama
papa,0.0102182277076029,fr,futurama
valoir,0.0102182277076029,fr,futurama
toilette,0.0101162244574306,fr,futurama
crtin,0.0100897740534775,fr,futurama
dur,0.0100770327836962,fr,futurama
martien,0.0100389175087047,fr,futurama
voiture,0.0100255626840852,fr,futurama
adorer,0.0100133311126287,fr,futurama
invention,0.0099644955679461,fr,futurama
pince,0.0099619080526245,fr,futurama
riche,0.0099449561166727,fr,futurama
million,0.0099449561166727,fr,futurama
arrtez,0.0099328865684926,fr,futurama
prix,0.009865024089111,fr,futurama
arrter,0.0097739569377071,fr,futurama
plan,0.0097071391464814,fr,futurama
impossible,0.0097071391464814,fr,futurama
continuer,0.0096291646599764,fr,futurama
oublier,0.0096291646599764,fr,futurama
vinci,0.009582395999821,fr,futurama
voler,0.009559257442965,fr,futurama
jeu,0.0095518215527592,fr,futurama
chercher,0.0095518215527592,fr,futurama
mauvais,0.0095518215527592,fr,futurama
compte,0.0095518215527592,fr,futurama
semaine,0.0095518215527592,fr,futurama
trfle,0.0095414474971142,fr,futurama
singe,0.0094866336099634,fr,futurama
neal,0.0094780059214941,fr,futurama
combat,0.0092787163784817,fr,futurama
mars,0.0092453014602234,fr,futurama
bande,0.0092410460646994,fr,futurama
empereur,0.009212223799968,fr,futurama
disquette,0.0091866121134729,fr,futurama
choisir,0.0091812965362565,fr,futurama
demain,0.0091812965362565,fr,futurama
jeune,0.0091812965362565,fr,futurama
soleil,0.0091666826895413,fr,futurama
monstre,0.0091292757298764,fr,futurama
turanger,0.0091113437624124,fr,futurama
semord,0.0091113437624124,fr,futurama
chupakneebray,0.0091113437624124,fr,futurama
blern,0.0091113437624124,fr,futurama
droit,0.0091075507828634,fr,futurama
oeil,0.0091075507828634,fr,futurama
important,0.0091075507828634,fr,futurama
trou,0.0090929522018447,fr,futurama
chat,0.0090555621483901,fr,futurama
boulot,0.0090298968804478,fr,futurama
faux,0.0090298968804478,fr,futurama
commencer,0.0088854153979155,fr,futurama
ide,0.0088854153979155,fr,futurama
point,0.0088854153979155,fr,futurama
livraison,0.008853929659059,fr,futurama
ville,0.0088041494584366,fr,futurama
acteur,0.0087935824713743,fr,futurama
tard,0.0087334284125367,fr,futurama
endroit,0.0087334284125367,fr,futurama
stupide,0.0087179282647958,fr,futurama
bizarre,0.0086478768699975,fr,futurama
espoir,0.0085994338030272,fr,futurama
jeter,0.0085784020364254,fr,futurama
gentil,0.0085094943506768,fr,futurama
autant,0.0085094943506768,fr,futurama
mets,0.0084885090999327,fr,futurama
noir,0.0084885090999327,fr,futurama
travailler,0.0084411446280198,fr,futurama
maison,0.0084411446280198,fr,futurama
got,0.008360560641832,fr,futurama
socit,0.008360560641832,fr,futurama
manque,0.0083526546144142,fr,futurama
guerre,0.0083526546144142,fr,futurama
fesse,0.0083213273796017,fr,futurama
hro,0.0082932464683199,fr,futurama
plutt,0.0082855602888169,fr,futurama
pied,0.0082855602888169,fr,futurama
retrouver,0.0082855602888169,fr,futurama
interdire,0.0082756119051323,fr,futurama
temporel,0.0082425160315503,fr,futurama
nez,0.0081927254557871,fr,futurama
esprit,0.008126907192403,fr,futurama
vendre,0.008126907192403,fr,futurama
sphr,0.0081240050755664,fr,futurama
xxme,0.008053895759848,fr,futurama
lecon,0.008053895759848,fr,futurama
joe,0.0080248815617397,fr,futurama
tour,0.007996873858124,fr,futurama
dernire,0.007996873858124,fr,futurama
lieu,0.007996873858124,fr,futurama
seigneur,0.0079914669601129,fr,futurama
robonia,0.0079724257921108,fr,futurama
laitance,0.0079724257921108,fr,futurama
barbad,0.0079724257921108,fr,futurama
poisson,0.0079662450796039,fr,futurama
bras,0.0079651497486819,fr,futurama
exister,0.0079651497486819,fr,futurama
saint,0.0079468362783833,fr,futurama
mariage,0.0079271890990441,fr,futurama
bire,0.0079271890990441,fr,futurama
russi,0.0079011597703918,fr,futurama
drapeau,0.007895348394666,fr,futurama
ordre,0.0078634536736482,fr,futurama
pingouin,0.0078507589317564,fr,futurama
spatial,0.0078184482974816,fr,futurama
cadeau,0.0078002516053436,fr,futurama
vraie,0.0078002516053436,fr,futurama
feu,0.0077747384731761,fr,futurama
affaire,0.0077747384731761,fr,futurama
aujourd,0.0077747384731761,fr,futurama
voyon,0.0077375740415767,fr,futurama
ecouter,0.0077162322709036,fr,futurama
enfer,0.007694036478484,fr,futurama
laser,0.0076812859208551,fr,futurama
journal,0.0076466956242596,fr,futurama
univer,0.0076301195761872,fr,futurama
baleine,0.0076300514972099,fr,futurama
ignorer,0.0076137581032371,fr,futurama
lonard,0.0076023309659299,fr,futurama
amoureux,0.0075823967710354,fr,futurama
trek,0.0075753572562371,fr,futurama
tomber,0.0075526030882282,fr,futurama
cause,0.0075526030882282,fr,futurama
fils,0.0075526030882282,fr,futurama
sacr,0.0075526030882282,fr,futurama
construire,0.0075258815683676,fr,futurama
bientt,0.0075099983344715,fr,futurama
gunther,0.0074787564486878,fr,futurama
milliard,0.0074714310394684,fr,futurama
ger,0.007470503149831,fr,futurama
dner,0.0074608838579239,fr,futurama
huile,0.0074578887313826,fr,futurama
offrir,0.0074496649263694,fr,futurama
payer,0.0074496649263694,fr,futurama
honneur,0.0074050679970512,fr,futurama
bienvenue,0.0074050679970512,fr,futurama
club,0.0073423476878838,fr,futurama
scruffy,0.007341948757003,fr,futurama
zoid,0.007341948757003,fr,futurama
triste,0.0072824226273663,fr,futurama
oreille,0.0072277312373637,fr,futurama
cuisine,0.0072277312373637,fr,futurama
prfre,0.0072239175043582,fr,futurama
homard,0.0072061597473649,fr,futurama
star,0.0071953181364164,fr,futurama
acheter,0.0071696195259734,fr,futurama
joueur,0.0071690499853655,fr,futurama
chambre,0.0071658899795173,fr,futurama
faute,0.0071658899795173,fr,futurama
man,0.0071509938213643,fr,futurama
glace,0.0071084969728456,fr,futurama
simple,0.0071083323183324,fr,futurama
garder,0.0071083323183324,fr,futurama
famille,0.0071083323183324,fr,futurama
montrer,0.0071083323183324,fr,futurama
taient,0.0071083323183324,fr,futurama
tombe,0.006998170082347,fr,futurama
heureux,0.006998170082347,fr,futurama
normal,0.006998170082347,fr,futurama
secours,0.0069945786168036,fr,futurama
mignon,0.0069945786168036,fr,futurama
dsole,0.0069419559176574,fr,futurama
gout,0.0069199690136917,fr,futurama
bte,0.0069086410928794,fr,futurama
ingrdient,0.0069010502515609,fr,futurama
shiny,0.0068946181816562,fr,futurama
mushu,0.0068946181816562,fr,futurama
utiliser,0.0068861969333845,fr,futurama
sai,0.0068861969333845,fr,futurama
bouche,0.0068825749458914,fr,futurama
numro,0.0068825749458914,fr,futurama
couper,0.0068825749458914,fr,futurama
grunka,0.0068335078218093,fr,futurama
cronoton,0.0068335078218093,fr,futurama
gmeraude,0.0068335078218093,fr,futurama
prie,0.0068272712131559,fr,futurama
peuple,0.0068035269185823,fr,futurama
atome,0.0067993627934003,fr,futurama
ecoute,0.0067902843983952,fr,futurama
naze,0.0067781964580477,fr,futurama
infrieur,0.0067699422130881,fr,futurama
oscar,0.0067699422130881,fr,futurama
mchant,0.0067614259962435,fr,futurama
anniversaire,0.0067614259962435,fr,futurama
prochain,0.0067180218557975,fr,futurama
forme,0.0067180218557975,fr,futurama
lune,0.0066813668409581,fr,futurama
partie,0.0066640615484366,fr,futurama
sens,0.0066640615484366,fr,futurama
valentin,0.0066362063346637,fr,futurama
adieu,0.0066271362076916,fr,futurama
voix,0.0065812080847989,fr,futurama
goudron,0.0065602489856582,fr,futurama
malachi,0.0065476416309675,fr,futurama
bouger,0.0065466752383246,fr,futurama
galaxie,0.0065405843856352,fr,futurama
nbuleuse,0.0065081202587029,fr,futurama
suite,0.0064940877939375,fr,futurama
matre,0.0064770303041581,fr,futurama
fer,0.0064702056644753,fr,futurama
arriv,0.0064419261634888,fr,futurama
entrer,0.0064419261634888,fr,futurama
docteur,0.0064237366161653,fr,futurama
niveau,0.0064237366161653,fr,futurama
sentiment,0.0064237366161653,fr,futurama
scientifique,0.0064167066012559,fr,futurama
soire,0.0063976472755611,fr,futurama
pile,0.0063722463535496,fr,futurama
rat,0.0063721197989455,fr,futurama
exploser,0.0063461649389132,fr,futurama
incroyable,0.0063461649389132,fr,futurama
oubli,0.0063209278163134,fr,futurama
nul,0.0063209278163134,fr,futurama
surprise,0.0063209278163134,fr,futurama
sac,0.0063209278163134,fr,futurama
vido,0.0063205865891751,fr,futurama
crit,0.0062951207551233,fr,futurama
quipe,0.0062951207551233,fr,futurama
horrible,0.0062951207551233,fr,futurama
erreur,0.0062701537320776,fr,futurama
expliquer,0.0062701537320776,fr,futurama
doi,0.0062701537320776,fr,futurama
cours,0.0062701537320776,fr,futurama
scaphandre,0.0062641411465484,fr,futurama
loi,0.0062445073290736,fr,futurama
paix,0.0062445073290736,fr,futurama
long,0.0062197907785409,fr,futurama
loin,0.0062197907785409,fr,futurama
tirer,0.0062197907785409,fr,futurama
alcool,0.0062186867646371,fr,futurama
prsident,0.0062081423835127,fr,futurama
refuser,0.0061943174513023,fr,futurama
abandonner,0.0061943174513023,fr,futurama
opra,0.0061937925790195,fr,futurama
prsider,0.0061771145814061,fr,futurama
dtruire,0.0061684295472138,fr,futurama
cigare,0.0061168972773235,fr,futurama
sauv,0.0061111217930275,fr,futurama
excellent,0.0061111217930275,fr,futurama
march,0.0060951803943022,fr,futurama
sphre,0.0060795894993671,fr,futurama
dbile,0.0060684466947183,fr,futurama
sexy,0.0060677631256081,fr,futurama
bureaucrate,0.0060614366303693,fr,futurama
boul,0.0060572660371654,fr,futurama
journe,0.0060462196702177,fr,futurama
accepter,0.0060462196702177,fr,futurama
ouvrir,0.0060462196702177,fr,futurama
derrire,0.0060462196702177,fr,futurama
abonn,0.0060374625098171,fr,futurama
programm,0.0060177264116338,fr,futurama
retard,0.0060132292798486,fr,futurama
frre,0.005997655393593,fr,futurama
chrie,0.005997655393593,fr,futurama
content,0.005997655393593,fr,futurama
lire,0.0059648982864392,fr,futurama
inquite,0.0059648982864392,fr,futurama
prsenter,0.0059648982864392,fr,futurama
sandwich,0.0059569429644794,fr,futurama
porter,0.0059169683847351,fr,futurama
prouver,0.0059169683847351,fr,futurama
grave,0.0059169683847351,fr,futurama
blob,0.0059096727271339,fr,futurama
harold,0.0058893341464839,fr,futurama
crotte,0.0058729003985061,fr,futurama
espre,0.005869432972291,fr,futurama
peine,0.005869432972291,fr,futurama
retourner,0.0058222856083578,fr,futurama
joue,0.0058222856083578,fr,futurama
nergie,0.0058149396620411,fr,futurama
action,0.0057819512306237,fr,futurama
programme,0.0057329558686848,fr,futurama
holophone,0.0056945898515077,fr,futurama
pazoozoo,0.0056945898515077,fr,futurama
romanticorp,0.0056945898515077,fr,futurama
lrrr,0.0056945898515077,fr,futurama
umbriel,0.0056945898515077,fr,futurama
cookievill,0.0056945898515077,fr,futurama
smizmarr,0.0056945898515077,fr,futurama
animatronio,0.0056945898515077,fr,futurama
welshie,0.0056945898515077,fr,futurama
alcazar,0.0056945898515077,fr,futurama
omicronien,0.0056945898515077,fr,futurama
angleene,0.0056945898515077,fr,futurama
prparer,0.0056893926776299,fr,futurama
manquer,0.0056893926776299,fr,futurama
livre,0.0056893926776299,fr,futurama
ressentir,0.0056893926776299,fr,futurama
salet,0.0056750012335317,fr,futurama
gravit,0.0056750012335317,fr,futurama
minable,0.0056679954358508,fr,futurama
inspecteur,0.0056679954358508,fr,futurama
plaisir,0.0056436855502799,fr,futurama
toucher,0.0056436855502799,fr,futurama
oiseau,0.0056075767911237,fr,futurama
arbre,0.0056075767911237,fr,futurama
changer,0.0055983515464979,fr,futurama
lche,0.0055983515464979,fr,futurama
risque,0.0055983515464979,fr,futurama
all,0.0055983515464979,fr,futurama
roi,0.0055759277663954,fr,futurama
moteur,0.0055731471226248,fr,futurama
battr,0.0055621161984741,fr,futurama
rappeler,0.0055533846236972,fr,futurama
comprend,0.0055533846236972,fr,futurama
abruti,0.0055270003087082,fr,futurama
bombe,0.0055170746034215,fr,futurama
envier,0.0055060599567131,fr,futurama
chasse,0.0054724443528806,fr,futurama
mckenzie,0.0054698340205129,fr,futurama
salle,0.0054618169705247,fr,futurama
missile,0.0054534075128985,fr,futurama
bord,0.0054498476791816,fr,futurama
york,0.005431284316505,fr,futurama
remettre,0.0054179381282687,fr,futurama
intresser,0.0054179381282687,fr,futurama
gars,0.0054179381282687,fr,futurama
magnifique,0.0054059923553705,fr,futurama
rayon,0.0053964886023123,fr,futurama
hont,0.0053964886023123,fr,futurama
train,0.005374417484638,fr,futurama
limace,0.0053674764428113,fr,futurama
allez,0.0053312492387493,fr,futurama
pice,0.0053312492387493,fr,futurama
doute,0.0053312492387493,fr,futurama
amuser,0.0053193951321738,fr,futurama
casser,0.0053193951321738,fr,futurama
srie,0.0053092927349071,fr,futurama
champ,0.0052978908522555,fr,futurama
faim,0.0052766407918501,fr,futurama
gant,0.0052670635630249,fr,futurama
jambe,0.0052552095462944,fr,futurama
dolomite,0.005244249112145,fr,futurama
fossilisation,0.005244249112145,fr,futurama
adlai,0.005244249112145,fr,futurama
technologie,0.0052356415167866,fr,futurama
chapeau,0.0052241385170307,fr,futurama
cheval,0.0052236968822951,fr,futurama
antenne,0.0052157512223996,fr,futurama
mtal,0.0052023474635283,fr,futurama
devrai,0.0051921907062575,fr,futurama
doux,0.0051814808196596,fr,futurama
cass,0.0051814808196596,fr,futurama
circuit,0.0051581796905105,fr,futurama
cabine,0.0051565040858126,fr,futurama
maire,0.0051565040858126,fr,futurama
chang,0.005150483422778,fr,futurama
ensembl,0.005150483422778,fr,futurama
joli,0.005150483422778,fr,futurama
atomique,0.0051477219806285,fr,futurama
mang,0.0051293576523226,fr,futurama
avocat,0.0051293576523226,fr,futurama
face,0.0051091138538014,fr,futurama
donn,0.0051091138538014,fr,futurama
poque,0.0050981778366361,fr,futurama
inutile,0.0050881170829488,fr,futurama
femelle,0.005081991393363,fr,futurama
pub,0.0050636392156763,fr,futurama
neptune,0.0050618713123245,fr,futurama
edna,0.0050618713123245,fr,futurama
chanson,0.0050564692713401,fr,futurama
orphelin,0.0050520799464164,fr,futurama
tordre,0.0050217703835916,fr,futurama
dent,0.0050163363850992,fr,futurama
dtruit,0.0050155223667468,fr,futurama
chanter,0.0050155223667468,fr,futurama
cent,0.0050073540295868,fr,futurama
svelte,0.0049858376324585,fr,futurama
ocaniqu,0.0049858376324585,fr,futurama
neutre,0.0049821532995691,fr,futurama
bouffe,0.0049803354332207,fr,futurama
banane,0.0049782392478126,fr,futurama
caf,0.0049759478809919,fr,futurama
rire,0.0049749494117097,fr,futurama
laiss,0.0049664432842463,fr,futurama
tire,0.0049664432842463,fr,futurama
pluton,0.00494663729187,fr,futurama
cuiller,0.0049327545791568,fr,futurama
marcher,0.0049265493609181,fr,futurama
premire,0.0049265493609181,fr,futurama
preuve,0.0049265493609181,fr,futurama
fondre,0.0049225430311601,fr,futurama
arme,0.0048869784688535,fr,futurama
dormir,0.0048869784688535,fr,futurama
veu,0.0048869784688535,fr,futurama
appel,0.0048869784688535,fr,futurama
lucy,0.0048815517521548,fr,futurama
prsente,0.0048568390337239,fr,futurama
termin,0.0048568390337239,fr,futurama
ballon,0.0048547573557746,fr,futurama
adn,0.0048547573557746,fr,futurama
cratre,0.0048500846465101,fr,futurama
inventeur,0.0048485388420884,fr,futurama
mdaille,0.0048439783095841,fr,futurama
mac,0.0048431975636567,fr,futurama
gteau,0.0048429072286977,fr,futurama
fconder,0.0048393569854051,fr,futurama
blanc,0.004817802462124,fr,futurama
seconde,0.004817802462124,fr,futurama
ciel,0.0048162644111414,fr,futurama
ennemi,0.0048162644111414,fr,futurama
onde,0.0048136682720246,fr,futurama
parc,0.0048036458077731,fr,futurama
spcial,0.0047790898492091,fr,futurama
battre,0.0047790898492091,fr,futurama
bois,0.004777463223904,fr,futurama
bain,0.004777463223904,fr,futurama
abrutir,0.0047730487880849,fr,futurama
conrad,0.0047710901713878,fr,futurama
poubelle,0.0047427831400587,fr,futurama
romantique,0.0047427831400587,fr,futurama
reprendre,0.0047406958622351,fr,futurama
papier,0.0047406958622351,fr,futurama
terrible,0.0047406958622351,fr,futurama
gagn,0.0047389979818971,fr,futurama
solution,0.0047389979818971,fr,futurama
tube,0.0047100331459869,fr,futurama
zut,0.0047088589231058,fr,futurama
garou,0.0047072511646617,fr,futurama
srement,0.0047026152990582,fr,futurama
force,0.0047026152990582,fr,futurama
suivre,0.0047026152990582,fr,futurama
instant,0.0047026152990582,fr,futurama
rendez,0.0047026152990582,fr,futurama
gagnant,0.0047017246653276,fr,futurama
pliage,0.0046884291604396,fr,futurama
hourrah,0.0046768868792625,fr,futurama
chiot,0.0046654331423026,fr,futurama
gele,0.0046654331423026,fr,futurama
envoyer,0.0046648430839056,fr,futurama
vue,0.0046648430839056,fr,futurama
doigt,0.0046630524112024,fr,futurama
race,0.004653903570477,fr,futurama
catch,0.0046457318964709,fr,futurama
bureau,0.0046255609844989,fr,futurama
craindre,0.0046255609844989,fr,futurama
froid,0.0046255609844989,fr,futurama
intestin,0.0046144217416834,fr,futurama
zombie,0.0046007001677073,fr,futurama
slip,0.0046007001677073,fr,futurama
voter,0.0045916863518201,fr,futurama
oxygne,0.0045903065854661,fr,futurama
pierre,0.0045886269791181,fr,futurama
vache,0.0045886269791181,fr,futurama
libre,0.0045883832972609,fr,futurama
balle,0.0045883832972609,fr,futurama
crime,0.0045754511905843,fr,futurama
minijupe,0.0045613985795579,fr,futurama
giny,0.0045556718812062,fr,futurama
tamanoir,0.0045556718812062,fr,futurama
cubert,0.0045556718812062,fr,futurama
fnog,0.0045556718812062,fr,futurama
androgynator,0.0045556718812062,fr,futurama
tordage,0.0045556718812062,fr,futurama
kroker,0.0045556718812062,fr,futurama
clonomate,0.0045556718812062,fr,futurama
nappster,0.0045556718812062,fr,futurama
pinucci,0.0045556718812062,fr,futurama
enus,0.0045556718812062,fr,futurama
robotmafia,0.0045556718812062,fr,futurama
blotto,0.0045556718812062,fr,futurama
ositose,0.0045556718812062,fr,futurama
castagneller,0.0045556718812062,fr,futurama
gamin,0.0045515141421039,fr,futurama
tas,0.0045385900627088,fr,futurama
quipage,0.0045228806503453,fr,futurama
sexe,0.0045139701300721,fr,futurama
langue,0.0045139701300721,fr,futurama
jouet,0.004513846287082,fr,futurama
motion,0.004513846287082,fr,futurama
attraper,0.0045020480828022,fr,futurama
clair,0.0044786812371983,fr,futurama
table,0.0044786812371983,fr,futurama
mise,0.0044774544705387,fr,futurama
fruit,0.0044770040285712,fr,futurama
mince,0.0044770040285712,fr,futurama
civilisation,0.0044747557728085,fr,futurama
muse,0.0044747332388296,fr,futurama
bureaucrat,0.0044743865332489,fr,futurama
hologramme,0.0044717847999165,fr,futurama
nobel,0.004471777144969,fr,futurama
vainqueur,0.0044706439049139,fr,futurama
classe,0.0044658197718278,fr,futurama
herm,0.0044454287452233,fr,futurama
message,0.0044427076989577,fr,futurama
rveill,0.0044412692739939,fr,futurama
remonter,0.0044412692739939,fr,futurama
danser,0.0044405177394761,fr,futurama
photo,0.0044298997906423,fr,futurama
sort,0.0044298997906423,fr,futurama
attaque,0.0044298997906423,fr,futurama
successeur,0.0044215196359033,fr,futurama
cube,0.0044170006098629,fr,futurama
couch,0.0044054086127303,fr,futurama
veste,0.0044043806068275,fr,futurama
humanit,0.0043998529915459,fr,futurama
calcul,0.0043998529915459,fr,futurama
habitude,0.004394282935274,fr,futurama
dos,0.004394282935274,fr,futurama
poil,0.0043905115237238,fr,futurama
comique,0.0043858918257955,fr,futurama
destin,0.0043685860113957,fr,futurama
ailleurs,0.0043589641323979,fr,futurama
pleurer,0.0043589641323979,fr,futurama
excuse,0.0043589641323979,fr,futurama
esclave,0.0043466390059438,fr,futurama
branchie,0.0043387468391353,fr,futurama
vivant,0.0043239384349987,fr,futurama
accident,0.0043239384349987,fr,futurama
botte,0.0043187077450523,fr,futurama
cosmique,0.004311754285837,fr,futurama
clin,0.0042905962928185,fr,futurama
bout,0.0042892010182127,fr,futurama
absolument,0.0042892010182127,fr,futurama
peau,0.0042892010182127,fr,futurama
apporter,0.0042892010182127,fr,futurama
enlever,0.0042892010182127,fr,futurama
mle,0.0042833426158615,fr,futurama
lettre,0.0042650981837074,fr,futurama
dingue,0.0042650981837074,fr,futurama
coin,0.0042547471753384,fr,futurama
parle,0.0042547471753384,fr,futurama
prsent,0.0042547471753384,fr,futurama
pareil,0.0042547471753384,fr,futurama
gratuit,0.0042483259172536,fr,futurama
central,0.0042483259172536,fr,futurama
usine,0.0042479126863028,fr,futurama
soucoupe,0.0042438240656963,fr,futurama
toile,0.0042287069999532,fr,futurama
bonsoir,0.0042287069999532,fr,futurama
agir,0.0042205723140099,fr,futurama
occuper,0.0042205723140099,fr,futurama
haut,0.0042205723140099,fr,futurama
vider,0.0041967471700822,fr,futurama
teindre,0.0041967471700822,fr,futurama
colis,0.0041949288560758,fr,futurama
naturel,0.0041945320921054,fr,futurama
maman,0.0041945320921054,fr,futurama
voleur,0.0041793108136245,fr,futurama
oncle,0.0041793108136245,fr,futurama
boulette,0.0041635962595383,fr,futurama
sembler,0.004163004886049,fr,futurama
fermer,0.004163004886049,fr,futurama
atteindre,0.004163004886049,fr,futurama
poids,0.0041606636898008,fr,futurama
fonctionner,0.0041606636898008,fr,futurama
merveilleux,0.0041606636898008,fr,futurama
neveu,0.0041533350655627,fr,futurama
infini,0.0041517944163076,fr,futurama
vilain,0.0041502795276839,fr,futurama
lemon,0.0041480202732043,fr,futurama
fumer,0.0041452993946611,fr,futurama
dteste,0.0041295449675348,fr,futurama
rouille,0.0041165536546363,fr,futurama
pizzeria,0.0041085259256392,fr,futurama
ternit,0.0041065294587762,fr,futurama
client,0.0040938247494702,fr,futurama
chouette,0.0040822765393416,fr,futurama
banque,0.0040782376662717,fr,futurama
rserve,0.0040782376662717,fr,futurama
dchet,0.0040779315182157,fr,futurama
ambassade,0.004076488267841,fr,futurama
cire,0.0040705925853108,fr,futurama
hollywood,0.0040679597934623,fr,futurama
jet,0.0040634535962015,fr,futurama
compter,0.0040634535962015,fr,futurama
amie,0.0040634535962015,fr,futurama
mre,0.0040634535962015,fr,futurama
systme,0.0040608437403184,fr,futurama
nettoyer,0.0040608437403184,fr,futurama
zone,0.0040608437403184,fr,futurama
ordinateur,0.0040451754170721,fr,futurama
metal,0.0040450498593695,fr,futurama
craser,0.0040381773581103,fr,futurama
mur,0.0040308131134785,fr,futurama
couter,0.0040308131134785,fr,futurama
unit,0.0040156337023701,fr,futurama
chteau,0.0040124407808698,fr,futurama
concours,0.0040124407808698,fr,futurama
mois,0.003998436929062,fr,futurama
faon,0.003998436929062,fr,futurama
pense,0.003998436929062,fr,futurama
occasion,0.0039957334800564,fr,futurama
remplir,0.0039957334800564,fr,futurama
charge,0.0039957334800564,fr,futurama
bonheur,0.0039828055474253,fr,futurama
surface,0.0039828055474253,fr,futurama
carapac,0.0039812012955561,fr,futurama
nourrir,0.0039799595293677,fr,futurama
diamant,0.003978265707404,fr,futurama
batteur,0.0039749130177502,fr,futurama
clone,0.0039749130177502,fr,futurama
mrite,0.003963594549522,fr,futurama
sondeur,0.0039397818180893,fr,futurama
sith,0.0039397818180893,fr,futurama
planete,0.0039397818180893,fr,futurama
matiere,0.0039397818180893,fr,futurama
cliquet,0.0039397818180893,fr,futurama
holo,0.0039397818180893,fr,futurama
invertbr,0.0039397818180893,fr,futurama
fonction,0.0039383860566371,fr,futurama
horreur,0.0039383860566371,fr,futurama
lumire,0.0039317268368241,fr,futurama
fossile,0.0039253794658782,fr,futurama
poulet,0.003918103887773,fr,futurama
estomac,0.0039058214094601,fr,futurama
tranquille,0.0039001258026718,fr,futurama
pisode,0.0038862181824948,fr,futurama
don,0.0038843259707704,fr,futurama
coupable,0.0038843259707704,fr,futurama
invent,0.0038735942258383,fr,futurama
cruel,0.0038735942258383,fr,futurama
dgotant,0.0038712513633935,fr,futurama
compteur,0.0038712513633935,fr,futurama
gonfler,0.0038712513633935,fr,futurama
descendre,0.0038687870207883,fr,futurama
disparaître,0.0038687870207883,fr,futurama
jambon,0.0038554153741076,fr,futurama
route,0.0038377061741903,fr,futurama
lit,0.0038377061741903,fr,futurama
scurit,0.0038377061741903,fr,futurama
betsy,0.0038329583999284,fr,futurama
orphelinat,0.0038326704762995,fr,futurama
adorable,0.0038233478121298,fr,futurama
marre,0.0038219705791232,fr,futurama
titane,0.0038142645145731,fr,futurama
visage,0.0038068790516185,fr,futurama
facile,0.0038068790516185,fr,futurama
mouton,0.0038059829575304,fr,futurama
kif,0.0038011654829649,fr,futurama
abeille,0.0037971993779042,fr,futurama
match,0.0037923519535051,fr,futurama
andouille,0.0037876786281185,fr,futurama
miel,0.0037812966510125,fr,futurama
crature,0.0037812966510125,fr,futurama
change,0.0037763015441141,fr,futurama
moyen,0.0037763015441141,fr,futurama
second,0.0037763015441141,fr,futurama
compltement,0.0037763015441141,fr,futurama
diabolique,0.003771807725835,fr,futurama
pop,0.0037680265167895,fr,futurama
patiner,0.0037645940657642,fr,futurama
dentier,0.0037645940657642,fr,futurama
vert,0.0037616417750601,fr,futurama
gerber,0.0037615493749505,fr,futurama
neuf,0.0037606903341708,fr,futurama
prfr,0.0037606903341708,fr,futurama
zro,0.0037497361182452,fr,futurama
unite,0.00374150950341,fr,futurama
shatner,0.00374150950341,fr,futurama
tanker,0.00374150950341,fr,futurama
moose,0.00374150950341,fr,futurama
sirne,0.0037381038916977,fr,futurama
congel,0.0037366149746768,fr,futurama
porno,0.0037357155197342,fr,futurama
copain,0.0037312120587822,fr,futurama
frappe,0.0037312120587822,fr,futurama
fier,0.0037304419289619,fr,futurama
sympa,0.0037304419289619,fr,futurama
centre,0.0037304419289619,fr,futurama
membre,0.0037304419289619,fr,futurama
prpare,0.0037304419289619,fr,futurama
drle,0.0037304419289619,fr,futurama
fil,0.0037304419289619,fr,futurama
anti,0.0037172851775969,fr,futurama
lutin,0.0037105629155444,fr,futurama
brunch,0.0037105629155444,fr,futurama
monument,0.0037105629155444,fr,futurama
sha,0.0037045239543527,fr,futurama
cryognie,0.0037045239543527,fr,futurama
roswell,0.0037045239543527,fr,futurama
crme,0.0037037914900337,fr,futurama
superbe,0.0037010577283283,fr,futurama
odeur,0.0037010577283283,fr,futurama
diable,0.0037010577283283,fr,futurama
colre,0.0037004487875991,fr,futurama
regarde,0.0037004487875991,fr,futurama
imagine,0.0037004487875991,fr,futurama
chewing,0.0036985334715754,fr,futurama
essence,0.0036876313589634,fr,futurama
sauf,0.0036869444941174,fr,futurama
fan,0.0036711738439419,fr,futurama
marrant,0.0036711738439419,fr,futurama
adore,0.0036711738439419,fr,futurama
dcouvert,0.0036707066378087,fr,futurama
youpi,0.0036611953502924,fr,futurama
perroquet,0.0036611953502924,fr,futurama
clon,0.0036611953502924,fr,futurama
sensuel,0.0036611953502924,fr,futurama
parallle,0.0036611638141161,fr,futurama
magique,0.0036568969619215,fr,futurama
viande,0.0036568969619215,fr,futurama
ann,0.0036415555975972,fr,futurama
rencontrer,0.0036412113136831,fr,futurama
intrieur,0.0036412113136831,fr,futurama
public,0.0036412113136831,fr,futurama
groupe,0.0036412113136831,fr,futurama
fond,0.0036412113136831,fr,futurama
arrire,0.0036412113136831,fr,futurama
prise,0.0036412113136831,fr,futurama
clibatair,0.0036396950527257,fr,futurama
jaune,0.0036268341659273,fr,futurama
censurer,0.0036156223659461,fr,futurama
plaire,0.003612198308356,fr,futurama
intelliger,0.003612198308356,fr,futurama
marque,0.003612198308356,fr,futurama
intelligent,0.003612198308356,fr,futurama
tourner,0.0036119587521791,fr,futurama
verre,0.0036119587521791,fr,futurama
demi,0.0036119587521791,fr,futurama
viter,0.0036119587521791,fr,futurama
mode,0.0035976590682082,fr,futurama
filer,0.003583097417928,fr,futurama
lve,0.003583097417928,fr,futurama
achet,0.003583097417928,fr,futurama
dame,0.003583097417928,fr,futurama
cherche,0.0035829449897586,fr,futurama
choix,0.0035829449897586,fr,futurama
cacher,0.0035829449897586,fr,futurama
service,0.0035829449897586,fr,futurama
explosion,0.0035797865910636,fr,futurama
boule,0.0035797865910636,fr,futurama
vice,0.0035797865910636,fr,futurama
choupinette,0.0035795092265991,fr,futurama
lgendaire,0.0035783683883916,fr,futurama
strik,0.0035783176285408,fr,futurama
imbcile,0.0035672906130256,fr,futurama
survivre,0.0035542484864228,fr,futurama
commence,0.0035542484864228,fr,futurama
mmoire,0.0035542484864228,fr,futurama
propre,0.0035541661591662,fr,futurama
avis,0.0035541661591662,fr,futurama
visite,0.0035541661591662,fr,futurama
demand,0.0035541661591662,fr,futurama
new,0.0035496662183908,fr,futurama
bravo,0.0035496662183908,fr,futurama
uvre,0.0035450965589961,fr,futurama
puce,0.0035395284899381,fr,futurama
suicide,0.0035395284899381,fr,futurama
beaut,0.0035395284899381,fr,futurama
millnaire,0.003539310045154,fr,futurama
pouser,0.0035379730007627,fr,futurama
sol,0.0035256471882851,fr,futurama
trange,0.0035256471882851,fr,futurama
module,0.0035215936505479,fr,futurama
collgue,0.0035108656567228,fr,futurama
vitesse,0.0035108656567228,fr,futurama
mange,0.0035108656567228,fr,futurama
enfoir,0.003508950042855,fr,futurama
paradis,0.003508950042855,fr,futurama
malade,0.0034972893084018,fr,futurama
respecter,0.0034972893084018,fr,futurama
fric,0.0034904276778577,fr,futurama
cour,0.0034824645881967,fr,futurama
courage,0.0034824645881967,fr,futurama
pur,0.0034824645881967,fr,futurama
chane,0.0034824645881967,fr,futurama
bus,0.0034802158753874,fr,futurama
touch,0.0034691707383742,fr,futurama
lever,0.0034691707383742,fr,futurama
aphrodisiaque,0.0034671855937453,fr,futurama
tlescope,0.0034671855937453,fr,futurama
orbite,0.0034636780744967,fr,futurama
fter,0.0034517648077686,fr,futurama
parade,0.0034505251257804,fr,futurama
ogden,0.0034425399441854,fr,futurama
morceau,0.0034412874729457,fr,futurama
connat,0.0034412874729457,fr,futurama
festin,0.0034354449187822,fr,futurama
administration,0.0034289161143955,fr,futurama
hippie,0.0034270358880957,fr,futurama
pain,0.0034264289210124,fr,futurama
commande,0.0034264289210124,fr,futurama
habiter,0.0034264289210124,fr,futurama
copine,0.0034264289210124,fr,futurama
jury,0.0034244058930896,fr,futurama
mer,0.0034235913159662,fr,futurama
nuclair,0.0034174794401138,fr,futurama
destructor,0.0034167539109046,fr,futurama
tonk,0.0034167539109046,fr,futurama
shankman,0.0034167539109046,fr,futurama
wornstrum,0.0034167539109046,fr,futurama
appliquee,0.0034167539109046,fr,futurama
panucci,0.0034167539109046,fr,futurama
becktionnaire,0.0034167539109046,fr,futurama
ronco,0.0034167539109046,fr,futurama
zorgna,0.0034167539109046,fr,futurama
kwanza,0.0034167539109046,fr,futurama
tordai,0.0034167539109046,fr,futurama
neptunien,0.0034167539109046,fr,futurama
slurms,0.0034167539109046,fr,futurama
skeeball,0.0034167539109046,fr,futurama
humourbot,0.0034167539109046,fr,futurama
vide,0.0034136356065779,fr,futurama
danger,0.0034136356065779,fr,futurama
formidable,0.0034039674082739,fr,futurama
norm,0.0033987852244241,fr,futurama
nourriture,0.0033987852244241,fr,futurama
contenir,0.0033956900360699,fr,futurama
queue,0.0033956900360699,fr,futurama
spectacle,0.0033956900360699,fr,futurama
restaurant,0.0033956900360699,fr,futurama
dmon,0.0033951421991976,fr,futurama
bonbon,0.0033951421991976,fr,futurama
ensuite,0.0033862113301679,fr,futurama
poqu,0.0033850021148193,fr,futurama
tenaille,0.0033850021148193,fr,futurama
comtesse,0.0033850021148193,fr,futurama
carapace,0.0033850021148193,fr,futurama
matire,0.0033757594771175,fr,futurama
salade,0.0033757594771175,fr,futurama
tourn,0.003371385087799,fr,futurama
tonne,0.003371385087799,fr,futurama
requin,0.0033680532976109,fr,futurama
partout,0.0033590109278987,fr,futurama
rgle,0.0033590109278987,fr,futurama
hier,0.0033590109278987,fr,futurama
dsactiver,0.0033535866667621,fr,futurama
hla,0.0033535866667621,fr,futurama
champignon,0.0033529829286854,fr,futurama
taille,0.0033442242567328,fr,futurama
folie,0.0033442242567328,fr,futurama
poste,0.0033442242567328,fr,futurama
objet,0.003340683420479,fr,futurama
mtier,0.003340683420479,fr,futurama
mtre,0.003340683420479,fr,futurama
pourrir,0.003340683420479,fr,futurama
science,0.003340683420479,fr,futurama
ennuyer,0.003340683420479,fr,futurama
lgende,0.003337645682095,fr,futurama
tat,0.0033320307742183,fr,futurama
poser,0.0033320307742183,fr,futurama
pousser,0.0033172985873279,fr,futurama
bite,0.0033142187996037,fr,futurama
adulte,0.0033135681038458,fr,futurama
danse,0.0033135681038458,fr,futurama
satan,0.0033093969370169,fr,futurama
couche,0.0032906040423994,fr,futurama
unir,0.003286705026371,fr,futurama
leon,0.003286705026371,fr,futurama
chou,0.003286705026371,fr,futurama
uniforme,0.0032658212314733,fr,futurama
soif,0.0032658212314733,fr,futurama
titre,0.0032641366878417,fr,futurama
bouge,0.0032641366878417,fr,futurama
produire,0.0032641366878417,fr,futurama
frais,0.0032600895383854,fr,futurama
envoi,0.0032599792544579,fr,futurama
pdg,0.0032543678347698,fr,futurama
bot,0.0032543678347698,fr,futurama
diadme,0.00325418321499,fr,futurama
disque,0.0032538607001915,fr,futurama
pantalon,0.0032390308087892,fr,futurama
aquarium,0.0032383526463076,fr,futurama
mont,0.0032378926891492,fr,futurama
voyage,0.0032378926891492,fr,futurama
gloire,0.003226558860467,fr,futurama
casier,0.003226558860467,fr,futurama
anctre,0.0032217598909177,fr,futurama
perle,0.0032217598909177,fr,futurama
symposium,0.0032192366351089,fr,futurama
tamponneur,0.0032192366351089,fr,futurama
hawking,0.0032192366351089,fr,futurama
rver,0.0032125069618961,fr,futurama
cache,0.0032118683080826,fr,futurama
dangereux,0.0032118683080826,fr,futurama
dommage,0.0032118683080826,fr,futurama
enlve,0.0032075833645511,fr,futurama
appartement,0.0032075833645511,fr,futurama
assister,0.0032075833645511,fr,futurama
gorille,0.003201763953606,fr,futurama
comte,0.003201763953606,fr,futurama
gaine,0.0031941319999403,fr,futurama
joyeux,0.0031862444379402,fr,futurama
puissant,0.0031862444379402,fr,futurama
taper,0.0031862444379402,fr,futurama
dcid,0.0031860598994727,fr,futurama
ligne,0.0031860598994727,fr,futurama
moiti,0.0031860598994727,fr,futurama
respect,0.0031860598994727,fr,futurama
base,0.0031860598994727,fr,futurama
fleur,0.003181683998083,fr,futurama
embrasser,0.003181683998083,fr,futurama
plaindre,0.003181683998083,fr,futurama
chaussure,0.003181683998083,fr,futurama
lzard,0.003180482499038,fr,futurama
ringard,0.0031660164552417,fr,futurama
chouchou,0.0031660164552417,fr,futurama
exact,0.0031604639081567,fr,futurama
dbut,0.0031604639081567,fr,futurama
lunette,0.0031602381378149,fr,futurama
vomir,0.0031602381378149,fr,futurama
transmission,0.0031582858906904,fr,futurama
vitruve,0.003146549467287,fr,futurama
annee,0.003146549467287,fr,futurama
waterfall,0.003146549467287,fr,futurama
bonder,0.003146549467287,fr,futurama
tnia,0.003146549467287,fr,futurama
titanic,0.0031381674431078,fr,futurama
spore,0.0031371617214702,fr,futurama
rachat,0.0031371617214702,fr,futurama
crustac,0.0031371617214702,fr,futurama
connatre,0.0031350768660388,fr,futurama
asseoir,0.0031350768660388,fr,futurama
recherche,0.0031350768660388,fr,futurama
contrle,0.0031350768660388,fr,futurama
chemin,0.0031350768660388,fr,futurama
violon,0.0031310723398427,fr,futurama
inconnu,0.0031305718672419,fr,futurama
source,0.0031305718672419,fr,futurama
tait,0.0031305718672419,fr,futurama
crevette,0.0031273793189926,fr,futurama
digne,0.0031203034575844,fr,futurama
rduction,0.0031139860561612,fr,futurama
pte,0.0031130962664451,fr,futurama
parl,0.0031098953892704,fr,futurama
sport,0.0031089745459958,fr,futurama
lance,0.0031089745459958,fr,futurama
patron,0.0031053510955376,fr,futurama
clodo,0.0030971545976473,fr,futurama
inn,0.0030968962895097,fr,futurama
tempte,0.0030864929083614,fr,futurama
etat,0.0030860245029559,fr,futurama
obscur,0.0030860245029559,fr,futurama
laver,0.0030837077727499,fr,futurama
ajouter,0.0030837077727499,fr,futurama
saut,0.0030837077727499,fr,futurama
kilomètre,0.0030837077727499,fr,futurama
copie,0.0030837077727499,fr,futurama
beck,0.003082971611973,fr,futurama
berk,0.003082971611973,fr,futurama
jolie,0.0030803486882331,fr,futurama
ralit,0.0030803486882331,fr,futurama
quartier,0.0030803486882331,fr,futurama
projet,0.0030803486882331,fr,futurama
cou,0.0030803486882331,fr,futurama
frapper,0.0030803486882331,fr,futurama
monnaie,0.0030688596788615,fr,futurama
radiation,0.003063455265281,fr,futurama
vnrer,0.0030573662008807,fr,futurama
insrer,0.0030573662008807,fr,futurama
code,0.0030555608965137,fr,futurama
rouge,0.0030555608965137,fr,futurama
impressionner,0.0030555608965137,fr,futurama
trognon,0.0030409323863719,fr,futurama
puer,0.0030342233473591,fr,futurama
marin,0.0030342233473591,fr,futurama
aveugle,0.003033881562804,fr,futurama
envahisseur,0.0030313029040688,fr,futurama
parasite,0.0030312479678498,fr,futurama
tir,0.0030309840672815,fr,futurama
coucher,0.0030309840672815,fr,futurama
mensonge,0.0030309840672815,fr,futurama
velours,0.0030187312549085,fr,futurama
coque,0.0030187312549085,fr,futurama
moche,0.0030184766725601,fr,futurama
rose,0.0030093134200481,fr,futurama
vomi,0.0030088632058169,fr,futurama
rcuprer,0.0030066146399243,fr,futurama
arranger,0.0030066146399243,fr,futurama
gras,0.003004412417752,fr,futurama
tlvision,0.003004412417752,fr,futurama
caverne,0.0029986564020837,fr,futurama
inscrire,0.0029936694621838,fr,futurama
professionnel,0.0029849696470258,fr,futurama
saison,0.0029849696470258,fr,futurama
exprience,0.0029824491432196,fr,futurama
cheveux,0.0029824491432196,fr,futurama
bruit,0.0029824491432196,fr,futurama
nomin,0.0029819313571173,fr,futurama
lunaire,0.0029819313571173,fr,futurama
baliverne,0.0029811847633126,fr,futurama
vapeur,0.0029804292699426,fr,futurama
religion,0.0029779323158665,fr,futurama
planche,0.0029779323158665,fr,futurama
dsormai,0.0029691115747234,fr,futurama
ptrole,0.0029672422489149,fr,futurama
lphant,0.0029672422489149,fr,futurama
modem,0.0029636191634822,fr,futurama
vinaigrette,0.0029636191634822,fr,futurama
chaz,0.0029636191634822,fr,futurama
apparemment,0.0029584841923675,fr,futurama
poule,0.0029580551819923,fr,futurama
fiert,0.0029580551819923,fr,futurama
beastie,0.0029548363635669,fr,futurama
poindexter,0.0029548363635669,fr,futurama
bobsleigh,0.0029548363635669,fr,futurama
tlcommande,0.0029524431312433,fr,futurama
dpche,0.0029447980484047,fr,futurama
tester,0.0029447980484047,fr,futurama
carburant,0.0029446670732419,fr,futurama
sicl,0.0029446670732419,fr,futurama
infernal,0.0029446670732419,fr,futurama
vin,0.0029369390751535,fr,futurama
blague,0.0029369390751535,fr,futurama
caresse,0.002936450199253,fr,futurama
hank,0.002936450199253,fr,futurama
dwight,0.0029346613754566,fr,futurama
souverain,0.0029346613754566,fr,futurama
lectriqu,0.0029332353276973,fr,futurama
fichu,0.0029332353276973,fr,futurama
clater,0.0029332353276973,fr,futurama
goter,0.0029332353276973,fr,futurama
loser,0.0029260016438239,fr,futurama
fontaine,0.0029248909036875,fr,futurama
gum,0.0029248909036875,fr,futurama
bouteille,0.0029207240681119,fr,futurama
alerte,0.0029207240681119,fr,futurama
ennuyeux,0.0029207240681119,fr,futurama
soldat,0.0029132444780778,fr,futurama
attaquer,0.0029132444780778,fr,futurama
sonn,0.0029132444780778,fr,futurama
regard,0.0029111428041789,fr,futurama
mari,0.0029111428041789,fr,futurama
connai,0.0029111428041789,fr,futurama
quitter,0.0029111428041789,fr,futurama
mental,0.0029086897315481,fr,futurama
nulle,0.0029086897315481,fr,futurama
primitif,0.0029062560914153,fr,futurama
dcembre,0.0029062560914153,fr,futurama
piloter,0.0029062560914153,fr,futurama
pirate,0.0029005335482696,fr,futurama
applaudir,0.0028977593372959,fr,futurama
jungle,0.0028977593372959,fr,futurama
clbre,0.0028968849596637,fr,futurama
curly,0.0028924978927568,fr,futurama
maladie,0.0028897586466848,fr,futurama
fentre,0.0028897586466848,fr,futurama
coinc,0.0028897586466848,fr,futurama
signer,0.0028897586466848,fr,futurama
inverse,0.0028844123986502,fr,futurama
rembourser,0.0028844123986502,fr,futurama
michell,0.0028766371445587,fr,futurama
dgueu,0.0028766371445587,fr,futurama
miss,0.0028753858146203,fr,futurama
capsule,0.0028745028572246,fr,futurama
reine,0.0028732761843669,fr,futurama
sage,0.0028732761843669,fr,futurama
vision,0.0028732761843669,fr,futurama
mdecin,0.0028664779343424,fr,futurama
musique,0.0028664779343424,fr,futurama
entier,0.0028664779343424,fr,futurama
degr,0.0028603975285457,fr,futurama
saluer,0.0028603975285457,fr,futurama
serre,0.0028603975285457,fr,futurama
canap,0.0028603975285457,fr,futurama
costume,0.0028498933338295,fr,futurama
fac,0.0028498933338295,fr,futurama
barre,0.0028498933338295,fr,futurama
virtuel,0.0028475718554236,fr,futurama
approche,0.0028433987891382,fr,futurama
flicitation,0.0028433987891382,fr,futurama
peloter,0.0028407589710889,fr,futurama
roue,0.0028366395068949,fr,futurama
feuille,0.0028366395068949,fr,futurama
enterrement,0.0028366395068949,fr,futurama
bientot,0.0028266498810685,fr,futurama
tete,0.0028266498810685,fr,futurama
truman,0.0028266498810685,fr,futurama
tentacule,0.0028266498810685,fr,futurama
saturne,0.0028266498810685,fr,futurama
gosse,0.0028205177506281,fr,futurama
sauter,0.0028205177506281,fr,futurama
mauviette,0.0028190399045529,fr,futurama
royal,0.0028187648621736,fr,futurama
volant,0.0028131328975979,fr,futurama
fortune,0.0028131328975979,fr,futurama
mercenaire,0.0028078483530701,fr,futurama
hook,0.0028061321275575,fr,futurama
ade,0.0028061321275575,fr,futurama
requt,0.0028061321275575,fr,futurama
facade,0.0028061321275575,fr,futurama
dicaprio,0.0028061321275575,fr,futurama
residence,0.0028061321275575,fr,futurama
extenseur,0.0028061321275575,fr,futurama
nourricire,0.0028061321275575,fr,futurama
terr,0.0028038424756273,fr,futurama
cellule,0.0028037883955618,fr,futurama
coma,0.0028017866398006,fr,futurama
park,0.0028017866398006,fr,futurama
traire,0.0027978314467214,fr,futurama
mauver,0.0027978314467214,fr,futurama
scne,0.0027978314467214,fr,futurama
relation,0.0027978314467214,fr,futurama
cercueil,0.0027931948803109,fr,futurama
barreau,0.0027931948803109,fr,futurama
dimension,0.0027910220709608,fr,futurama
mcaniqu,0.0027910220709608,fr,futurama
redevenir,0.0027898724353286,fr,futurama
rel,0.002781058099237,fr,futurama
miracle,0.002781058099237,fr,futurama
boy,0.0027778436175253,fr,futurama
rchauffement,0.0027757308396922,fr,futurama
aaron,0.0027757308396922,fr,futurama
souche,0.0027757308396922,fr,futurama
reconnaître,0.0027753365906993,fr,futurama
prudent,0.0027753365906993,fr,futurama
contraire,0.0027753365906993,fr,futurama
milieu,0.0027753365906993,fr,futurama
double,0.0027753365906993,fr,futurama
jamacain,0.0027653468488029,fr,futurama
conglation,0.0027653468488029,fr,futurama
manifestant,0.0027653468488029,fr,futurama
ambre,0.0027653468488029,fr,futurama
entraille,0.0027634497724395,fr,futurama
ferraill,0.0027634497724395,fr,futurama
conseiller,0.0027585373017107,fr,futurama
paquet,0.0027585373017107,fr,futurama
dgoter,0.0027541839512797,fr,futurama
concert,0.0027541839512797,fr,futurama
attirer,0.0027530299783565,fr,futurama
foutre,0.0027530299783565,fr,futurama
diriger,0.0027530299783565,fr,futurama
lointain,0.0027443691030908,fr,futurama
acadmie,0.0027443691030908,fr,futurama
chec,0.0027440697023273,fr,futurama
exprimer,0.0027440697023273,fr,futurama
viril,0.0027364569041185,fr,futurama
impulsif,0.0027364569041185,fr,futurama
genou,0.0027362221764403,fr,futurama
sre,0.0027309084852623,fr,futurama
signe,0.0027309084852623,fr,futurama
lave,0.0027308010126232,fr,futurama
ouïr,0.0027244746532665,fr,futurama
camra,0.002714109000774,fr,futurama
rattraper,0.002714109000774,fr,futurama
piqu,0.002714109000774,fr,futurama
remplacer,0.002714109000774,fr,futurama
justice,0.002714109000774,fr,futurama
image,0.0027089690641343,fr,futurama
pens,0.0027089690641343,fr,futurama
envoy,0.0027089690641343,fr,futurama
coupe,0.0027089690641343,fr,futurama
amne,0.0027089690641343,fr,futurama
ensemble,0.0027089690641343,fr,futurama
crou,0.0027080016918554,fr,futurama
roberto,0.0027080016918554,fr,futurama
vlan,0.0027080016918554,fr,futurama
oppression,0.0027080016918554,fr,futurama
casse,0.0026991923406577,fr,futurama
appart,0.0026991923406577,fr,futurama
bouton,0.0026991923406577,fr,futurama
vaincre,0.0026944426380887,fr,futurama
noix,0.0026944426380887,fr,futurama
conduire,0.002687208742319,fr,futurama
travers,0.002687208742319,fr,futurama
promettre,0.002687208742319,fr,futurama
laverie,0.0026868209821075,fr,futurama
raffin,0.0026868209821075,fr,futurama
chut,0.0026848399432977,fr,futurama
monocle,0.0026846319199493,fr,futurama
universite,0.0026846319199493,fr,futurama
bellevue,0.0026846319199493,fr,futurama
prof,0.0026770891349134,fr,futurama
jaloux,0.0026770891349134,fr,futurama
bataille,0.0026770891349134,fr,futurama
ravir,0.0026704741049046,fr,futurama
juge,0.0026704741049046,fr,futurama
installer,0.0026704741049046,fr,futurama
tier,0.0026656246193746,fr,futurama
confiance,0.0026656246193746,fr,futurama
ressembler,0.0026656246193746,fr,futurama
garon,0.0026656246193746,fr,futurama
intelligence,0.0026622496637931,fr,futurama
botter,0.0026622496637931,fr,futurama
nager,0.0026622496637931,fr,futurama
laid,0.0026580395645329,fr,futurama
honte,0.0026552036982835,fr,futurama
lapin,0.0026552036982835,fr,futurama
atlanta,0.0026541341970374,fr,futurama
holiday,0.0026541341970374,fr,futurama
accoupler,0.0026504020825317,fr,futurama
proposer,0.0026489454261277,fr,futurama
fiche,0.0026489454261277,fr,futurama
bosser,0.0026489454261277,fr,futurama
dclare,0.0026470509474369,fr,futurama
prcieux,0.0026399117949275,fr,futurama
rception,0.0026399117949275,fr,futurama
fantme,0.0026335317815124,fr,futurama
rgl,0.0026335317815124,fr,futurama
saucisse,0.0026327553050898,fr,futurama
envie,0.0026276047731472,fr,futurama
date,0.0026276047731472,fr,futurama
tonner,0.0026276047731472,fr,futurama
dcollage,0.0026258187988123,fr,futurama
humilier,0.0026238207724686,fr,futurama
strip,0.0026238207724686,fr,futurama
pche,0.0026178207583933,fr,futurama
internet,0.0026120692585153,fr,futurama
technique,0.0026120692585153,fr,futurama
traitement,0.0026120692585153,fr,futurama
dfendre,0.0026120692585153,fr,futurama
chanteur,0.0026078756111998,fr,futurama
crer,0.0026064488900434,fr,futurama
invit,0.0026064488900434,fr,futurama
pays,0.0026064488900434,fr,futurama
tlphone,0.0026064488900434,fr,futurama
omega,0.002603346571992,fr,futurama
vieillesse,0.002603346571992,fr,futurama
pieuvre,0.002603346571992,fr,futurama
bibine,0.002603346571992,fr,futurama
gratter,0.0026008903500657,fr,futurama
fromage,0.0025959711587852,fr,futurama
miroir,0.0025959711587852,fr,futurama
retraite,0.0025908121216632,fr,futurama
bouc,0.0025833877398379,fr,futurama
asile,0.0025833877398379,fr,futurama
anchoi,0.0025819049581391,fr,futurama
coler,0.0025819049581391,fr,futurama
prophtiqu,0.0025819049581391,fr,futurama
electrique,0.0025819049581391,fr,futurama
gamma,0.002580962164706,fr,futurama
conu,0.0025782520429063,fr,futurama
rythme,0.0025743577756911,fr,futurama
vote,0.0025743577756911,fr,futurama
lvre,0.0025697564772915,fr,futurama
gauche,0.0025646788261613,fr,futurama
dvorer,0.0025592795407266,fr,futurama
camarade,0.0025558985018847,fr,futurama
gorill,0.0025553055999522,fr,futurama
curer,0.0025553055999522,fr,futurama
huil,0.0025553055999522,fr,futurama
liquide,0.0025488985414198,fr,futurama
bloqu,0.0025488985414198,fr,futurama
exterminer,0.0025478051674006,fr,futurama
cras,0.0025478051674006,fr,futurama
souffrir,0.0025440585414744,fr,futurama
rend,0.0025440585414744,fr,futurama
parole,0.0025440585414744,fr,futurama
bang,0.0025355394201339,fr,futurama
machin,0.0025355394201339,fr,futurama
tradition,0.0025338226517895,fr,futurama
opposer,0.0025338226517895,fr,futurama
exiger,0.0025318196078381,fr,futurama
rencard,0.0025318196078381,fr,futurama
mortel,0.00252823463567,fr,futurama
abri,0.00252823463567,fr,futurama
information,0.0025236108134935,fr,futurama
cole,0.0025236108134935,fr,futurama
couvrir,0.0025236108134935,fr,futurama
jurer,0.0025236108134935,fr,futurama
pay,0.0025236108134935,fr,futurama
sors,0.0025236108134935,fr,futurama
rue,0.0025236108134935,fr,futurama
rgaler,0.0025156093790904,fr,futurama
implant,0.0025121563073937,fr,futurama
gaz,0.0025108851917958,fr,futurama
jamaque,0.0025097293771761,fr,futurama
amortir,0.0025097293771761,fr,futurama
sige,0.0025077611833734,fr,futurama
imaginer,0.0025033327781571,fr,futurama
empcher,0.0025033327781571,fr,futurama
entend,0.0025033327781571,fr,futurama
vrit,0.0025033327781571,fr,futurama
tranard,0.0024929188162292,fr,futurama
rama,0.0024929188162292,fr,futurama
bent,0.0024929188162292,fr,futurama
shady,0.0024929188162292,fr,futurama
jamaqu,0.0024929188162292,fr,futurama
assembler,0.0024910766497845,fr,futurama
lancement,0.0024910766497845,fr,futurama
organe,0.0024904770131561,fr,futurama
identique,0.0024904770131561,fr,futurama
parfum,0.0024901677166103,fr,futurama
fabrique,0.0024901677166103,fr,futurama
saute,0.0024901677166103,fr,futurama
tudiant,0.0024901677166103,fr,futurama
bar,0.0024874747058548,fr,futurama
dark,0.0024843206360939,fr,futurama
trouve,0.0024832216421231,fr,futurama
court,0.0024832216421231,fr,futurama
manuel,0.0024691943266891,fr,futurama
tache,0.0024691943266891,fr,futurama
gorge,0.0024673718188855,fr,futurama
tocard,0.0024663772895784,fr,futurama
pose,0.002463274680459,fr,futurama
rponse,0.002463274680459,fr,futurama
particule,0.0024538892277016,fr,futurama
victoire,0.002449365923605,fr,futurama
branche,0.002449365923605,fr,futurama
couple,0.0024474492292946,fr,futurama
nerveux,0.0024474492292946,fr,futurama
prcieus,0.002444045520272,fr,futurama
assurer,0.0024434892344267,fr,futurama
montr,0.0024434892344267,fr,futurama
foule,0.0024292731065919,fr,futurama
chair,0.0024292731065919,fr,futurama
portable,0.0024277037317315,fr,futurama
unique,0.0024277037317315,fr,futurama
chri,0.0024277037317315,fr,futurama
vole,0.0024277037317315,fr,futurama
palourde,0.002425042323255,fr,futurama
jupiter,0.002425042323255,fr,futurama
brooklyn,0.0024242694210442,fr,futurama
bouillie,0.0024242694210442,fr,futurama
lastique,0.0024242694210442,fr,futurama
colise,0.0024144274763317,fr,futurama
vladimir,0.0024144274763317,fr,futurama
epsilon,0.0024144274763317,fr,futurama
halley,0.0024144274763317,fr,futurama
neutralit,0.0024144274763317,fr,futurama
crabouill,0.0024144274763317,fr,futurama
excdent,0.0024144274763317,fr,futurama
provoquer,0.0024093802214221,fr,futurama
termine,0.0024093802214221,fr,futurama
sein,0.0024093802214221,fr,futurama
classique,0.0024093802214221,fr,futurama
ventre,0.0024093802214221,fr,futurama
courageux,0.0024093802214221,fr,futurama
rsultat,0.0024081322055707,fr,futurama
dgage,0.0024081322055707,fr,futurama
poche,0.0024081322055707,fr,futurama
baby,0.0024068341360123,fr,futurama
champagne,0.0024068341360123,fr,futurama
dtruiser,0.0024002412800768,fr,futurama
confrrie,0.0023954190476872,fr,futurama
tirez,0.0023954190476872,fr,futurama
potable,0.0023954190476872,fr,futurama
renfermer,0.0023954190476872,fr,futurama
vieillard,0.0023954190476872,fr,futurama
paresseux,0.0023923046322521,fr,futurama
cuir,0.0023896833284551,fr,futurama
rigole,0.0023896833284551,fr,futurama
explos,0.0023896833284551,fr,futurama
pot,0.0023896833284551,fr,futurama
dfense,0.002388731611952,fr,futurama
nature,0.002388731611952,fr,futurama
pige,0.002388731611952,fr,futurama
prive,0.002388731611952,fr,futurama
gris,0.0023865243940424,fr,futurama
george,0.0023865243940424,fr,futurama
condamn,0.0023865243940424,fr,futurama
max,0.0023865243940424,fr,futurama
mutinerie,0.0023855450856939,fr,futurama
peigne,0.0023855450856939,fr,futurama
perdant,0.0023787933856258,fr,futurama
qualit,0.0023701786033612,fr,futurama
fuir,0.0023694989909485,fr,futurama
position,0.0023694989909485,fr,futurama
tomb,0.0023694989909485,fr,futurama
aim,0.0023694989909485,fr,futurama
dison,0.0023694989909485,fr,futurama
convertir,0.0023687144180178,fr,futurama
raton,0.0023672991425741,fr,futurama
dcouverte,0.0023664441455938,fr,futurama
pch,0.0023664441455938,fr,futurama
ranger,0.0023508623326638,fr,futurama
brillant,0.0023508623326638,fr,futurama
dessin,0.0023508623326638,fr,futurama
police,0.0023504314588567,fr,futurama
bleu,0.0023504314588567,fr,futurama
morri,0.0023477291003653,fr,futurama
cirqu,0.0023477291003653,fr,futurama
cesse,0.0023465882621578,fr,futurama
crmonie,0.0023465882621578,fr,futurama
vierge,0.0023465882621578,fr,futurama
crote,0.0023455344892445,fr,futurama
diffus,0.0023455344892445,fr,futurama
bbte,0.0023442145802198,fr,futurama
lgaliser,0.0023442145802198,fr,futurama
supernover,0.0023442145802198,fr,futurama
hypnotiseur,0.0023442145802198,fr,futurama
doyen,0.0023398736275584,fr,futurama
magntiqu,0.0023398736275584,fr,futurama
morveux,0.0023398736275584,fr,futurama
origine,0.0023317309094969,fr,futurama
lger,0.0023317309094969,fr,futurama
tche,0.0023317309094969,fr,futurama
concerner,0.0023315262056012,fr,futurama
emmne,0.0023315262056012,fr,futurama
rveiller,0.0023315262056012,fr,futurama
bibliothque,0.0023269517852385,fr,futurama
nommer,0.0023161695790073,fr,futurama
oppo,0.0023161695790073,fr,futurama
gay,0.0023161695790073,fr,futurama
plaider,0.0023161695790073,fr,futurama
script,0.0023131090330768,fr,futurama
ralisateur,0.0023131090330768,fr,futurama
billet,0.0023127808295624,fr,futurama
douleur,0.0023127804922494,fr,futurama
calme,0.0023127804922494,fr,futurama
ridicule,0.0023127804922494,fr,futurama
frnsie,0.0023114570624969,fr,futurama
savant,0.0023114570624969,fr,futurama
bol,0.0023075299189201,fr,futurama
ramper,0.0023003500838536,fr,futurama
humiliant,0.0023003500838536,fr,futurama
blagu,0.0022941916486304,fr,futurama
mriter,0.0022940086872778,fr,futurama
contrat,0.0022940086872778,fr,futurama
chapper,0.0022940086872778,fr,futurama
opration,0.0022940086872778,fr,futurama
produit,0.0022940086872778,fr,futurama
micro,0.0022883180228365,fr,futurama
champion,0.0022883180228365,fr,futurama
trsor,0.0022883180228365,fr,futurama
simulation,0.0022869742525757,fr,futurama
esclavage,0.0022869742525757,fr,futurama
sauvegarde,0.0022869742525757,fr,futurama
disqu,0.0022869742525757,fr,futurama
intergalactique,0.0022806992897789,fr,futurama
thalasso,0.0022806992897789,fr,futurama
fete,0.0022806992897789,fr,futurama
folk,0.0022806992897789,fr,futurama
kronaton,0.0022778359406031,fr,futurama
chapek,0.0022778359406031,fr,futurama
taxo,0.0022778359406031,fr,futurama
arocaisse,0.0022778359406031,fr,futurama
perceptron,0.0022778359406031,fr,futurama
aidf,0.0022778359406031,fr,futurama
cyclopia,0.0022778359406031,fr,futurama
cwm,0.0022778359406031,fr,futurama
discrete,0.0022778359406031,fr,futurama
laqueue,0.0022778359406031,fr,futurama
holophonore,0.0022778359406031,fr,futurama
boxy,0.0022778359406031,fr,futurama
fungus,0.0022778359406031,fr,futurama
vermulia,0.0022778359406031,fr,futurama
nintendu,0.0022778359406031,fr,futurama
twitcher,0.0022778359406031,fr,futurama
sfavoir,0.0022778359406031,fr,futurama
mcwhisker,0.0022778359406031,fr,futurama
nibbloniain,0.0022778359406031,fr,futurama
trucomtre,0.0022778359406031,fr,futurama
sphron,0.0022778359406031,fr,futurama
academie,0.0022778359406031,fr,futurama
packman,0.0022778359406031,fr,futurama
juniorscout,0.0022778359406031,fr,futurama
fernande,0.0022778359406031,fr,futurama
afry,0.0022778359406031,fr,futurama
tlptard,0.0022778359406031,fr,futurama
gorgak,0.0022778359406031,fr,futurama
trisol,0.0022778359406031,fr,futurama
jurr,0.0022778359406031,fr,futurama
oaou,0.0022778359406031,fr,futurama
ndnd,0.0022778359406031,fr,futurama
jouvencer,0.0022778359406031,fr,futurama
champague,0.0022778359406031,fr,futurama
poopenmeyer,0.0022778359406031,fr,futurama
robosexualit,0.0022778359406031,fr,futurama
ygene,0.0022778359406031,fr,futurama
dingu,0.0022778359406031,fr,futurama
robanukah,0.0022778359406031,fr,futurama
quinquennat,0.0022778359406031,fr,futurama
zuban,0.0022778359406031,fr,futurama
taronger,0.0022778359406031,fr,futurama
stroyer,0.0022778359406031,fr,futurama
lunkadid,0.0022778359406031,fr,futurama
koji,0.0022778359406031,fr,futurama
cretin,0.0022778359406031,fr,futurama
cyclophage,0.0022778359406031,fr,futurama
mellonger,0.0022778359406031,fr,futurama
odelay,0.0022778359406031,fr,futurama
amazonia,0.0022778359406031,fr,futurama
bandido,0.0022778359406031,fr,futurama
tchip,0.0022778359406031,fr,futurama
thuban,0.0022778359406031,fr,futurama
wernstrum,0.0022778359406031,fr,futurama
shubah,0.0022778359406031,fr,futurama
neutralia,0.0022778359406031,fr,futurama
terricain,0.0022778359406031,fr,futurama
quatloo,0.0022778359406031,fr,futurama
exercycle,0.0022778359406031,fr,futurama
encornet,0.0022778359406031,fr,futurama
quizblorg,0.0022778359406031,fr,futurama
hdoniste,0.0022778359406031,fr,futurama
noticeably,0.0022778359406031,fr,futurama
cryogenie,0.0022778359406031,fr,futurama
benderbrau,0.0022778359406031,fr,futurama
freebie,0.0022778359406031,fr,futurama
castagnella,0.0022778359406031,fr,futurama
mollasse,0.0022778359406031,fr,futurama
regote,0.0022778359406031,fr,futurama
glagnar,0.0022778359406031,fr,futurama
araignien,0.0022778359406031,fr,futurama
roseann,0.0022778359406031,fr,futurama
cawesse,0.0022778359406031,fr,futurama
dtonation,0.0022766078296399,fr,futurama
congeler,0.0022766078296399,fr,futurama
incassable,0.0022766078296399,fr,futurama
justicier,0.0022766078296399,fr,futurama
remercier,0.0022757570710519,fr,futurama
partager,0.0022757570710519,fr,futurama
montre,0.0022757570710519,fr,futurama
soutenir,0.002275411172103,fr,futurama
parat,0.002275411172103,fr,futurama
chaise,0.002275411172103,fr,futurama
arracher,0.002275411172103,fr,futurama
muscle,0.0022693116055159,fr,futurama
environnement,0.0022693116055159,fr,futurama
salaire,0.0022693116055159,fr,futurama
cinma,0.0022693116055159,fr,futurama
vif,0.0022693116055159,fr,futurama
but,0.0022574742201119,fr,futurama
gne,0.002256985065036,fr,futurama
physique,0.002256985065036,fr,futurama
baisse,0.002256985065036,fr,futurama
calendrier,0.0022566474043627,fr,futurama
bible,0.002255970537543,fr,futurama
foie,0.002255970537543,fr,futurama
cingl,0.0022505063180783,fr,futurama
gal,0.0022505063180783,fr,futurama
guide,0.0022505063180783,fr,futurama
sauterelle,0.0022430739805018,fr,futurama
raconter,0.0022393406185991,fr,futurama
permettre,0.0022393406185991,fr,futurama
intrt,0.0022393406185991,fr,futurama
matin,0.0022393406185991,fr,futurama
sortie,0.0022393406185991,fr,futurama
ramener,0.0022393406185991,fr,futurama
courant,0.0022393406185991,fr,futurama
appareil,0.0022387272352693,fr,futurama
invite,0.0022387272352693,fr,futurama
logique,0.0022387272352693,fr,futurama
clochard,0.0022364802427447,fr,futurama
minuscule,0.0022364111891491,fr,futurama
formulaire,0.0022364111891491,fr,futurama
bla,0.0022353219524569,fr,futurama
graisse,0.0022353219524569,fr,futurama
futuriste,0.0022227143726116,fr,futurama
imprial,0.0022227143726116,fr,futurama
sornette,0.0022227143726116,fr,futurama
funky,0.0022227143726116,fr,futurama
drouille,0.0022227143726116,fr,futurama
barker,0.0022227143726116,fr,futurama
conscience,0.0022206346369969,fr,futurama
ralis,0.0022206346369969,fr,futurama
cauchemar,0.0022206346369969,fr,futurama
mchante,0.0022170948203158,fr,futurama
dtruite,0.0022170948203158,fr,futurama
panier,0.0022170948203158,fr,futurama
cogn,0.0022170948203158,fr,futurama
maudire,0.0022170948203158,fr,futurama
addition,0.0022143323484324,fr,futurama
fauch,0.0022143323484324,fr,futurama
mardi,0.0022134824147647,fr,futurama
violent,0.0022134824147647,fr,futurama
effondrer,0.0022134824147647,fr,futurama
lait,0.0022134824147647,fr,futurama
soupe,0.0022134824147647,fr,futurama
majest,0.0022120687782212,fr,futurama
flte,0.0022120687782212,fr,futurama
aisselle,0.0022107598179516,fr,futurama
larve,0.0022107598179516,fr,futurama
beta,0.0022107598179516,fr,futurama
rouquin,0.0022107598179516,fr,futurama
drl,0.0022027043063651,fr,futurama
pilote,0.0021980154681272,fr,futurama
comdie,0.0021980154681272,fr,futurama
beal,0.0021952557618619,fr,futurama
janvier,0.0021881823323436,fr,futurama
truqu,0.0021881823323436,fr,futurama
ternell,0.0021881823323436,fr,futurama
ambassadeur,0.0021881823323436,fr,futurama
sorcier,0.0021881823323436,fr,futurama
crabe,0.0021881823323436,fr,futurama
corn,0.0021881823323436,fr,futurama
bosse,0.0021849333585583,fr,futurama
tenter,0.0021849333585583,fr,futurama
crocodile,0.0021795797226132,fr,futurama
racteur,0.0021795797226132,fr,futurama
quantique,0.0021795797226132,fr,futurama
dbauche,0.0021795797226132,fr,futurama
pollution,0.0021795797226132,fr,futurama
dbil,0.0021791673865116,fr,futurama
soda,0.0021791673865116,fr,futurama
aventure,0.0021772141543155,fr,futurama
navire,0.0021733195029719,fr,futurama
lchage,0.0021693734195676,fr,futurama
glandeur,0.0021693734195676,fr,futurama
oter,0.0021693734195676,fr,futurama
vtre,0.0021673189850136,fr,futurama
short,0.0021647987965604,fr,futurama
rotique,0.0021647987965604,fr,futurama
moral,0.0021593538725261,fr,futurama
haïr,0.0021593538725261,fr,futurama
texte,0.0021532768349089,fr,futurama
hot,0.0021532768349089,fr,futurama
walter,0.0021532768349089,fr,futurama
regretter,0.0021498584507568,fr,futurama
crapaud,0.002149456785686,fr,futurama
amnsique,0.002149456785686,fr,futurama
lotion,0.002149456785686,fr,futurama
horde,0.002149456785686,fr,futurama
rduire,0.0021421430732175,fr,futurama
approuver,0.0021421430732175,fr,futurama
toxique,0.0021421430732175,fr,futurama
prire,0.0021421430732175,fr,futurama
rock,0.0021421430732175,fr,futurama
ignorant,0.0021418974300598,fr,futurama
caillou,0.0021418974300598,fr,futurama
syndicat,0.0021418974300598,fr,futurama
crne,0.0021416713079307,fr,futurama
mystre,0.0021416713079307,fr,futurama
examen,0.0021416713079307,fr,futurama
liaison,0.0021416713079307,fr,futurama
boucher,0.0021335311062054,fr,futurama
ncessair,0.0021325490918537,fr,futurama
trace,0.0021325490918537,fr,futurama
valeur,0.0021325490918537,fr,futurama
course,0.0021325490918537,fr,futurama
flic,0.0021325490918537,fr,futurama
excuser,0.0021325490918537,fr,futurama
boisson,0.0021241629586268,fr,futurama
affreux,0.0021241629586268,fr,futurama
dou,0.0021241629586268,fr,futurama
record,0.0021239563431514,fr,futurama
frimeur,0.0021203216660253,fr,futurama
cachon,0.0021199874108014,fr,futurama
dcompression,0.0021199874108014,fr,futurama
louvre,0.0021199874108014,fr,futurama
hurleur,0.0021199874108014,fr,futurama
klingon,0.0021199874108014,fr,futurama
trotter,0.0021199874108014,fr,futurama
levure,0.0021199874108014,fr,futurama
bactrie,0.0021194587492249,fr,futurama
gigantesque,0.0021194587492249,fr,futurama
quitte,0.002115388312971,fr,futurama
enfuir,0.002115388312971,fr,futurama
gnral,0.002115388312971,fr,futurama
engager,0.002115388312971,fr,futurama
hpital,0.002115388312971,fr,futurama
tmoin,0.002115388312971,fr,futurama
parti,0.002115388312971,fr,futurama
urgence,0.002115388312971,fr,futurama
episode,0.0021140736466302,fr,futurama
vir,0.0021068254252099,fr,futurama
vritabl,0.0021068254252099,fr,futurama
plage,0.0021068254252099,fr,futurama
voyager,0.0021068254252099,fr,futurama
marrer,0.0021068254252099,fr,futurama
grill,0.0021068254252099,fr,futurama
mordre,0.0021068254252099,fr,futurama
rpare,0.0021059798690107,fr,futurama
lent,0.0021059798690107,fr,futurama
reu,0.0020983735850411,fr,futurama
rflchir,0.0020983735850411,fr,futurama
prison,0.0020983735850411,fr,futurama
test,0.0020983735850411,fr,futurama
nombre,0.0020983735850411,fr,futurama
trieur,0.002097699644858,fr,futurama
laporte,0.002097699644858,fr,futurama
macache,0.002097699644858,fr,futurama
grignot,0.002097699644858,fr,futurama
hdonisme,0.002097699644858,fr,futurama
nimoy,0.002097699644858,fr,futurama
septuple,0.002097699644858,fr,futurama
europer,0.002097699644858,fr,futurama
wiggle,0.002097699644858,fr,futurama
coursier,0.0020974644280379,fr,futurama
sauvs,0.0020974644280379,fr,futurama
frotter,0.0020948961602332,fr,futurama
conserve,0.0020948961602332,fr,futurama
buffet,0.0020948961602332,fr,futurama
morse,0.0020921116287385,fr,futurama
walt,0.0020921116287385,fr,futurama
entreprise,0.0020896554068122,fr,futurama
auto,0.0020882088447871,fr,futurama
dcouvrir,0.0020815024430245,fr,futurama
note,0.0020815024430245,fr,futurama
pleine,0.0020815024430245,fr,futurama
dog,0.0020759907041075,fr,futurama
traditionnel,0.0020759907041075,fr,futurama
dispositif,0.0020758972081538,fr,futurama
anderson,0.0020758972081538,fr,futurama
atterrissage,0.0020758972081538,fr,futurama
coquin,0.0020758972081538,fr,futurama
gastronomie,0.0020740101366021,fr,futurama
fantastique,0.0020726496973305,fr,futurama
passion,0.0020706386273946,fr,futurama
neige,0.0020706386273946,fr,futurama
four,0.0020706386273946,fr,futurama
tendre,0.0020647724837674,fr,futurama
pression,0.0020647724837674,fr,futurama
occupe,0.0020647724837674,fr,futurama
compagnie,0.0020647724837674,fr,futurama
alphabtiqu,0.0020647697317648,fr,futurama
sofa,0.0020647697317648,fr,futurama
savoureux,0.0020647697317648,fr,futurama
batte,0.0020573496686373,fr,futurama
caractre,0.0020573496686373,fr,futurama
possde,0.0020558051818332,fr,futurama
lanc,0.0020558051818332,fr,futurama
pig,0.0020558051818332,fr,futurama
vente,0.0020558051818332,fr,futurama
mlle,0.0020558051818332,fr,futurama
puisser,0.0020558051818332,fr,futurama
douche,0.0020558051818332,fr,futurama
combattre,0.0020558051818332,fr,futurama
soie,0.0020547408175419,fr,futurama
fusion,0.0020547408175419,fr,futurama
magazine,0.0020532647293881,fr,futurama
ser,0.0020481813639467,fr,futurama
avance,0.0020481813639467,fr,futurama
inquiter,0.0020481813639467,fr,futurama
difficile,0.0020481813639467,fr,futurama
prvu,0.0020481813639467,fr,futurama
prte,0.0020481813639467,fr,futurama
protger,0.0020481813639467,fr,futurama
diffrent,0.0020481813639467,fr,futurama
cloche,0.0020391188331358,fr,futurama
tueur,0.0020391188331358,fr,futurama
amricain,0.0020391188331358,fr,futurama
file,0.0020391188331358,fr,futurama
jacki,0.0020382441339205,fr,futurama
hopital,0.0020382441339205,fr,futurama
dlire,0.0020360828120836,fr,futurama
trier,0.0020339798967311,fr,futurama
ciseau,0.0020339798967311,fr,futurama
sapin,0.0020339798967311,fr,futurama
forum,0.0020339798967311,fr,futurama
tronche,0.0020339798967311,fr,futurama
rejoindre,0.0020317267981007,fr,futurama
responsable,0.0020317267981007,fr,futurama
voi,0.0020317267981007,fr,futurama
utile,0.0020317267981007,fr,futurama
personnel,0.0020317267981007,fr,futurama
sponsoris,0.0020310012688916,fr,futurama
amazone,0.0020310012688916,fr,futurama
gicler,0.0020310012688916,fr,futurama
fessier,0.0020310012688916,fr,futurama
humanode,0.0020310012688916,fr,futurama
entraner,0.002022587708536,fr,futurama
suffire,0.002022587708536,fr,futurama
augmenter,0.002022587708536,fr,futurama
distance,0.002022587708536,fr,futurama
caisse,0.002022587708536,fr,futurama
cadavre,0.002022587708536,fr,futurama
crash,0.0020208319785665,fr,futurama
dbat,0.0020208319785665,fr,futurama
dmissionne,0.0020208319785665,fr,futurama
crev,0.0020208319785665,fr,futurama
cder,0.0020208319785665,fr,futurama
puissance,0.0020190886790551,fr,futurama
bourr,0.0020190886790551,fr,futurama
esprer,0.0020154065567392,fr,futurama
rapport,0.0020154065567392,fr,futurama
montage,0.0020135999318235,fr,futurama
jersey,0.0020135999318235,fr,futurama
dfectueux,0.0020124875032723,fr,futurama
perturbation,0.0020124875032723,fr,futurama
flexible,0.0020124875032723,fr,futurama
naissance,0.0020062089466987,fr,futurama
rater,0.0020062089466987,fr,futurama
cot,0.0020062089466987,fr,futurama
couleur,0.0020062089466987,fr,futurama
rapprocher,0.0020062089466987,fr,futurama
grandir,0.0020062089466987,fr,futurama
ete,0.0020029416118347,fr,futurama
ocan,0.002002278269982,fr,futurama
accu,0.002002278269982,fr,futurama
pathtiqu,0.002002278269982,fr,futurama
essay,0.001999218464531,fr,futurama
harpon,0.001990600647778,fr,futurama
saphir,0.001990600647778,fr,futurama
stellaire,0.001990600647778,fr,futurama
lgue,0.001990600647778,fr,futurama
chanvre,0.001990600647778,fr,futurama
echec,0.001990600647778,fr,futurama
noel,0.001990600647778,fr,futurama
marier,0.0019899797646838,fr,futurama
discours,0.0019899797646838,fr,futurama
vivr,0.0019899797646838,fr,futurama
dlicieus,0.0019874565088751,fr,futurama
sauna,0.0019874565088751,fr,futurama
alternatif,0.0019874565088751,fr,futurama
cercle,0.0019856476548264,fr,futurama
courrier,0.0019856476548264,fr,futurama
porc,0.0019856476548264,fr,futurama
billy,0.0019852882105777,fr,futurama
reste,0.0019738974551084,fr,futurama
botulique,0.0019698909090446,fr,futurama
hypno,0.0019698909090446,fr,futurama
divertissemer,0.0019698909090446,fr,futurama
coupole,0.0019698909090446,fr,futurama
eunice,0.0019698909090446,fr,futurama
calculette,0.0019698909090446,fr,futurama
trevi,0.0019698909090446,fr,futurama
crustacs,0.0019698909090446,fr,futurama
limaille,0.0019698909090446,fr,futurama
superconducteur,0.0019698909090446,fr,futurama
bibliothequ,0.0019698909090446,fr,futurama
inluctabl,0.0019698909090446,fr,futurama
breakdance,0.0019698909090446,fr,futurama
telechargement,0.0019698909090446,fr,futurama
tlchargerer,0.0019698909090446,fr,futurama
lamproie,0.0019698909090446,fr,futurama
monsanto,0.0019698909090446,fr,futurama
cotir,0.0019698909090446,fr,futurama
gillman,0.0019698909090446,fr,futurama
biff,0.0019698909090446,fr,futurama
inventai,0.0019698909090446,fr,futurama
obtint,0.0019698909090446,fr,futurama
lundi,0.0019691930283185,fr,futurama
outil,0.0019691930283185,fr,futurama
team,0.0019691930283185,fr,futurama
rivire,0.0019691930283185,fr,futurama
hutre,0.0019631113821613,fr,futurama
milk,0.0019631113821613,fr,futurama
muter,0.0019631113821613,fr,futurama
kong,0.0019631113821613,fr,futurama
toit,0.0019579593834356,fr,futurama
magasin,0.0019579593834356,fr,futurama
art,0.0019579593834356,fr,futurama
soigner,0.0019579593834356,fr,futurama
grc,0.0019579593834356,fr,futurama
amus,0.00195291070473,fr,futurama
entran,0.00195291070473,fr,futurama
cuisiner,0.00195291070473,fr,futurama
transport,0.00195291070473,fr,futurama
dict,0.001952509928994,fr,futurama
luge,0.001952509928994,fr,futurama
board,0.001952509928994,fr,futurama
dpotoir,0.001952509928994,fr,futurama
torpille,0.001952509928994,fr,futurama
vidange,0.001952509928994,fr,futurama
biologiste,0.001952509928994,fr,futurama
blackjack,0.001952509928994,fr,futurama
massacre,0.0019506677625493,fr,futurama
branch,0.0019506677625493,fr,futurama
passe,0.0019421629853852,fr,futurama
expert,0.0019421629853852,fr,futurama
sremer,0.0019421629853852,fr,futurama
laveur,0.0019394155368353,fr,futurama
poutre,0.0019394155368353,fr,futurama
salutation,0.0019394155368353,fr,futurama
actionnaire,0.0019394155368353,fr,futurama
jeep,0.0019394155368353,fr,futurama
labo,0.0019367971129191,fr,futurama
salaud,0.0019367971129191,fr,futurama
violence,0.0019367971129191,fr,futurama
chocolat,0.0019367971129191,fr,futurama
top,0.0019367971129191,fr,futurama
mini,0.0019336890321797,fr,futurama
revoil,0.0019336890321797,fr,futurama
agent,0.0019265057644565,fr,futurama
terrain,0.0019265057644565,fr,futurama
chiffre,0.0019208487916291,fr,futurama
mine,0.0019208487916291,fr,futurama
hanche,0.0019169584032113,fr,futurama
donnon,0.0019169584032113,fr,futurama
hyper,0.0019169584032113,fr,futurama
bip,0.0019169584032113,fr,futurama
sauce,0.0019169238764135,fr,futurama
scnario,0.0019169238764135,fr,futurama
sourd,0.0019169238764135,fr,futurama
inver,0.0019169238764135,fr,futurama
dard,0.0019164791999642,fr,futurama
lgend,0.0019164791999642,fr,futurama
sitcom,0.0019164791999642,fr,futurama
apocalyptique,0.0019164791999642,fr,futurama
eteigner,0.0019164791999642,fr,futurama
rendement,0.0019164791999642,fr,futurama
tutu,0.0019164791999642,fr,futurama
astrode,0.0019164791999642,fr,futurama
ronchon,0.0019164791999642,fr,futurama
mauve,0.0019164791999642,fr,futurama
butch,0.0019164791999642,fr,futurama
shawn,0.0019164791999642,fr,futurama
matez,0.0019164791999642,fr,futurama
noyau,0.0019163352381497,fr,futurama
facer,0.0019163352381497,fr,futurama
frappez,0.0019163352381497,fr,futurama
rduits,0.0019163352381497,fr,futurama
bocal,0.0019163352381497,fr,futurama
recommencer,0.0019109852895616,fr,futurama
virer,0.0019109852895616,fr,futurama
faible,0.0019109852895616,fr,futurama
haute,0.0019109852895616,fr,futurama
terminer,0.0019109852895616,fr,futurama
retrouv,0.0019109852895616,fr,futurama
gardien,0.0019050623850261,fr,futurama
louer,0.0019050623850261,fr,futurama
serrer,0.0019050623850261,fr,futurama
rserv,0.0019050623850261,fr,futurama
dlicieux,0.0019050623850261,fr,futurama
division,0.0019003669888421,fr,futurama
chaussette,0.0019003669888421,fr,futurama
nain,0.0018985996889521,fr,futurama
palais,0.0018985996889521,fr,futurama
rentr,0.0018955991927588,fr,futurama
perte,0.0018955991927588,fr,futurama
oblig,0.0018955991927588,fr,futurama
pouss,0.0018955991927588,fr,futurama
revien,0.0018955991927588,fr,futurama
mangeur,0.0018938393140592,fr,futurama
puret,0.0018938393140592,fr,futurama
rigoler,0.0018894346384604,fr,futurama
modl,0.0018894346384604,fr,futurama
bton,0.0018894346384604,fr,futurama
chaleur,0.0018894346384604,fr,futurama
dsir,0.0018894346384604,fr,futurama
oreiller,0.0018840132583947,fr,futurama
dconseill,0.0018822970328821,fr,futurama
mayo,0.0018822970328821,fr,futurama
imposant,0.0018822970328821,fr,futurama
canine,0.0018822970328821,fr,futurama
carrosserie,0.0018822970328821,fr,futurama
ganglion,0.0018822970328821,fr,futurama
gote,0.0018805395036355,fr,futurama
alien,0.0018805395036355,fr,futurama
gain,0.0018805395036355,fr,futurama
toc,0.0018805395036355,fr,futurama
divine,0.0018805395036355,fr,futurama
droite,0.0018803451670854,fr,futurama
traverser,0.0018803451670854,fr,futurama
techniquement,0.0018739623944394,fr,futurama
former,0.0018739623944394,fr,futurama
transform,0.0018739623944394,fr,futurama
sonde,0.0018718989020467,fr,futurama
caca,0.0018718989020467,fr,futurama
golden,0.0018718989020467,fr,futurama
constitution,0.0018718989020467,fr,futurama
drode,0.001870754751705,fr,futurama
pottery,0.001870754751705,fr,futurama
magnitud,0.001870754751705,fr,futurama
remanger,0.001870754751705,fr,futurama
prchauffer,0.001870754751705,fr,futurama
tamarin,0.001870754751705,fr,futurama
rotative,0.001870754751705,fr,futurama
securite,0.001870754751705,fr,futurama
mavis,0.001870754751705,fr,futurama
immondice,0.001870754751705,fr,futurama
cinemer,0.001870754751705,fr,futurama
astrod,0.001870754751705,fr,futurama
alunissage,0.001870754751705,fr,futurama
fumon,0.001870754751705,fr,futurama
onion,0.001870754751705,fr,futurama
biere,0.001870754751705,fr,futurama
gteux,0.001870754751705,fr,futurama
concu,0.001870754751705,fr,futurama
renver,0.0018678577598671,fr,futurama
dguis,0.0018678577598671,fr,futurama
ruine,0.0018678577598671,fr,futurama
bidon,0.0018678577598671,fr,futurama
crever,0.0018678577598671,fr,futurama
camp,0.0018652209644809,fr,futurama
doucement,0.0018652209644809,fr,futurama
coeur,0.0018652209644809,fr,futurama
foutu,0.0018652209644809,fr,futurama
baigner,0.0018627682937141,fr,futurama
intrus,0.0018627682937141,fr,futurama
anim,0.0018627682937141,fr,futurama
cuillre,0.0018627682937141,fr,futurama
stade,0.0018586425887984,fr,futurama
dper,0.0018586425887984,fr,futurama
brillante,0.0018518957450168,fr,futurama
cochon,0.0018518957450168,fr,futurama
parton,0.0018518957450168,fr,futurama
bestiole,0.0018504872264614,fr,futurama
portefeuill,0.0018504872264614,fr,futurama
intresse,0.0018502243937995,fr,futurama
rapide,0.0018502243937995,fr,futurama
situation,0.0018502243937995,fr,futurama
mioche,0.0018497829671838,fr,futurama
fastoche,0.0018497829671838,fr,futurama
dbardeur,0.0018497829671838,fr,futurama
terrestre,0.001845276957027,fr,futurama
feindre,0.001845276957027,fr,futurama
tabasser,0.001845276957027,fr,futurama
dcoller,0.001845276957027,fr,futurama
guerrier,0.001845276957027,fr,futurama
dtester,0.0018434722470587,fr,futurama
rapporter,0.0018434722470587,fr,futurama
cote,0.0018434722470587,fr,futurama
roul,0.0018434722470587,fr,futurama
prfrer,0.0018434722470587,fr,futurama
tuyau,0.0018434722470587,fr,futurama
commerce,0.0018361226341864,fr,futurama
pis,0.0018361226341864,fr,futurama
amen,0.0018353533189043,fr,futurama
impression,0.0018353533189043,fr,futurama
djeuner,0.0018353533189043,fr,futurama
allai,0.0018353533189043,fr,futurama
ramne,0.0018353533189043,fr,futurama
nervant,0.0018295794020605,fr,futurama
cochonnerie,0.0018295794020605,fr,futurama
ranch,0.0018295794020605,fr,futurama
leo,0.0018295794020605,fr,futurama
cri,0.0018284484809607,fr,futurama
ordinaire,0.0018284484809607,fr,futurama
indice,0.0018284484809607,fr,futurama
placard,0.0018284484809607,fr,futurama
cogner,0.0018280568148047,fr,futurama
absorber,0.0018280568148047,fr,futurama
terreur,0.0018280568148047,fr,futurama
mentir,0.0018206056568415,fr,futurama
ferai,0.0018206056568415,fr,futurama
retenir,0.0018206056568415,fr,futurama
pourtant,0.0018206056568415,fr,futurama
clown,0.0018205340084155,fr,futurama
plafond,0.0018205340084155,fr,futurama
talon,0.0018205340084155,fr,futurama
puant,0.0018187817424412,fr,futurama
irrversibl,0.0018187817424412,fr,futurama
chlore,0.0018187817424412,fr,futurama
marmotte,0.0018187817424412,fr,futurama
entrejambe,0.0018187817424412,fr,futurama
sot,0.0018187817424412,fr,futurama
site,0.0018135684851642,fr,futurama
tran,0.0018135684851642,fr,futurama
ternel,0.0018110995858099,fr,futurama
hitler,0.0018091522601381,fr,futurama
gala,0.0018091522601381,fr,futurama
antique,0.0018091522601381,fr,futurama
nud,0.0018091522601381,fr,futurama
lanceur,0.0018091522601381,fr,futurama
tort,0.0018059793760895,fr,futurama
rencontr,0.0018059793760895,fr,futurama
discuter,0.0018059793760895,fr,futurama
sujet,0.0018059793760895,fr,futurama
parier,0.0018059793760895,fr,futurama
fiston,0.0018051256020092,fr,futurama
cocktail,0.0018051256020092,fr,futurama
fonce,0.0018051256020092,fr,futurama
temprature,0.0018051256020092,fr,futurama
cibl,0.0018051256020092,fr,futurama
carrire,0.0017988295341041,fr,futurama
arrterer,0.0017988295341041,fr,futurama
moque,0.0017988295341041,fr,futurama
pouse,0.0017988295341041,fr,futurama
solaire,0.001794397362424,fr,futurama
vaisselle,0.001794397362424,fr,futurama
chariot,0.001794397362424,fr,futurama
dominer,0.001794397362424,fr,futurama
monter,0.0017914724948793,fr,futurama
arrt,0.0017914724948793,fr,futurama
devin,0.0017898932955318,fr,futurama
boulett,0.0017897546132995,fr,futurama
mulet,0.0017897546132995,fr,futurama
poltron,0.0017897546132995,fr,futurama
interplantaire,0.0017897546132995,fr,futurama
guili,0.0017897546132995,fr,futurama
felicitation,0.0017897546132995,fr,futurama
rasta,0.0017897546132995,fr,futurama
gargouille,0.0017897546132995,fr,futurama
propriete,0.0017897546132995,fr,futurama
materiel,0.0017897546132995,fr,futurama
epice,0.0017897546132995,fr,futurama
siecle,0.0017897546132995,fr,futurama
congre,0.0017897546132995,fr,futurama
mildred,0.0017897546132995,fr,futurama
btisier,0.0017897546132995,fr,futurama
leche,0.0017897546132995,fr,futurama
rocailleux,0.0017897546132995,fr,futurama
tonneau,0.0017891841941958,fr,futurama
vessie,0.0017891841941958,fr,futurama
suprm,0.0017891841941958,fr,futurama
damnation,0.0017891588142704,fr,futurama
durer,0.0017842289789939,fr,futurama
propritaire,0.0017842289789939,fr,futurama
succ,0.0017842289789939,fr,futurama
proc,0.0017842289789939,fr,futurama
gcher,0.0017842289789939,fr,futurama
talent,0.0017842289789939,fr,futurama
avril,0.0017779425885045,fr,futurama
ruin,0.0017779425885045,fr,futurama
retourne,0.0017770830795831,fr,futurama
coute,0.0017770830795831,fr,futurama
tragique,0.0017748331091954,fr,futurama
cassette,0.0017748331091954,fr,futurama
haine,0.0017748331091954,fr,futurama
toast,0.0017748331091954,fr,futurama
poupe,0.0017748331091954,fr,futurama
populaire,0.0017748331091954,fr,futurama
goutte,0.0017748331091954,fr,futurama
millier,0.001769764244969,fr,futurama
allumer,0.001769764244969,fr,futurama
original,0.001769764244969,fr,futurama
rparer,0.001769764244969,fr,futurama
achte,0.001769764244969,fr,futurama
curieux,0.001769764244969,fr,futurama
gueul,0.001769764244969,fr,futurama
manoir,0.001769655022577,fr,futurama
bouclier,0.001769655022577,fr,futurama
invincible,0.001769655022577,fr,futurama
adversaire,0.0017617280388585,fr,futurama
consoler,0.0017617280388585,fr,futurama
escargot,0.0017607968252739,fr,futurama
mammifre,0.0017607968252739,fr,futurama
momie,0.0017607968252739,fr,futurama
statique,0.0017607968252739,fr,futurama
perceur,0.0017607968252739,fr,futurama
breakfast,0.0017607968252739,fr,futurama
gat,0.0017607968252739,fr,futurama
ouverture,0.0017599411966183,fr,futurama
visiteur,0.0017599411966183,fr,futurama
envahir,0.0017599411966183,fr,futurama
personnalit,0.0017599411966183,fr,futurama
bougie,0.0017599411966183,fr,futurama
douter,0.0017554328283614,fr,futurama
observer,0.0017554328283614,fr,futurama
heureusement,0.0017554328283614,fr,futurama
rpter,0.0017554328283614,fr,futurama
politique,0.0017554328283614,fr,futurama
remarquer,0.0017554328283614,fr,futurama
forc,0.0017554328283614,fr,futurama
millionnaire,0.0017505458658748,fr,futurama
triomphe,0.0017505458658748,fr,futurama
indulgent,0.0017505458658748,fr,futurama
ministre,0.0017457468001943,fr,futurama
dalle,0.0017457468001943,fr,futurama
excuter,0.0017457468001943,fr,futurama
sieste,0.0017457468001943,fr,futurama
cracher,0.0017452138389288,fr,futurama
clibataire,0.0017452138389288,fr,futurama
rate,0.0017452138389288,fr,futurama
manche,0.0017452138389288,fr,futurama
dgager,0.0017412322940983,fr,futurama
coffre,0.0017412322940983,fr,futurama
gnie,0.0017412322940983,fr,futurama
subir,0.0017412322940983,fr,futurama
baisser,0.0017412322940983,fr,futurama
colle,0.0017412322940983,fr,futurama
bibl,0.0017335927968726,fr,futurama
nacho,0.0017335927968726,fr,futurama
profane,0.0017335927968726,fr,futurama
garniture,0.0017335927968726,fr,futurama
polluer,0.0017335927968726,fr,futurama
agaant,0.0017335927968726,fr,futurama
dme,0.0017335927968726,fr,futurama
exigeant,0.0017335927968726,fr,futurama
hmisphre,0.0017335927968726,fr,futurama
paradoxe,0.0017335927968726,fr,futurama
pyramide,0.0017318390372483,fr,futurama
bandeau,0.0017318390372483,fr,futurama
fourrure,0.0017318390372483,fr,futurama
pape,0.0017318390372483,fr,futurama
digrer,0.0017318390372483,fr,futurama
rler,0.0017318390372483,fr,futurama
dance,0.0017318390372483,fr,futurama
aigle,0.0017318390372483,fr,futurama
fine,0.0017299922534229,fr,futurama
imbcil,0.0017299922534229,fr,futurama
sergent,0.0017299922534229,fr,futurama
juger,0.0017271602732198,fr,futurama
vcu,0.0017271602732198,fr,futurama
direct,0.0017271602732198,fr,futurama
bore,0.0017212699720927,fr,futurama
bichonner,0.0017212699720927,fr,futurama
observon,0.0017212699720927,fr,futurama
rtroaction,0.0017212699720927,fr,futurama
camionnett,0.0017212699720927,fr,futurama
calumet,0.0017212699720927,fr,futurama
presider,0.0017212699720927,fr,futurama
crevisse,0.0017212699720927,fr,futurama
pitrerie,0.0017212699720927,fr,futurama
eclater,0.0017212699720927,fr,futurama
vautr,0.0017212699720927,fr,futurama
rebaptiser,0.0017212699720927,fr,futurama
pactiser,0.0017212699720927,fr,futurama
edner,0.0017212699720927,fr,futurama
gargouill,0.0017212699720927,fr,futurama
caquet,0.0017212699720927,fr,futurama
kyoto,0.0017212699720927,fr,futurama
riker,0.0017212699720927,fr,futurama
nonchalant,0.0017212699720927,fr,futurama
dreadlock,0.0017212699720927,fr,futurama
kappa,0.0017212699720927,fr,futurama
arn,0.0017212699720927,fr,futurama
cie,0.0017212699720927,fr,futurama
bandito,0.0017212699720927,fr,futurama
sphincter,0.0017212699720927,fr,futurama
stallone,0.0017212699720927,fr,futurama
tapir,0.0017212699720927,fr,futurama
alvole,0.0017212699720927,fr,futurama
piquer,0.0017162385171274,fr,futurama
tout,0.0017162385171274,fr,futurama
zoo,0.0017144580571977,fr,futurama
hai,0.0017144580571977,fr,futurama
routier,0.0017135179440478,fr,futurama
dsigner,0.0017135179440478,fr,futurama
camionnette,0.0017135179440478,fr,futurama
refus,0.0017132144605062,fr,futurama
digre,0.0017074558722299,fr,futurama
dbris,0.0017074558722299,fr,futurama
farcir,0.0017074558722299,fr,futurama
btise,0.0017019837041369,fr,futurama
rsolu,0.0017019837041369,fr,futurama
candidat,0.0017019837041369,fr,futurama
pervers,0.0017019837041369,fr,futurama
sable,0.0017019837041369,fr,futurama
dfi,0.0017019837041369,fr,futurama
pause,0.001699392612212,fr,futurama
couteau,0.001699392612212,fr,futurama
anneau,0.0016991381325898,fr,futurama
exploit,0.0016991381325898,fr,futurama
loterie,0.0016955669993799,fr,futurama
gnrateur,0.0016955669993799,fr,futurama
cape,0.0016955669993799,fr,futurama
tortue,0.0016955669993799,fr,futurama
hic,0.0016955669993799,fr,futurama
dgt,0.0016878797385587,fr,futurama
rveil,0.0016878797385587,fr,futurama
pourra,0.0016856925438995,fr,futurama
bref,0.0016856925438995,fr,futurama
piger,0.0016856925438995,fr,futurama
manqu,0.0016856925438995,fr,futurama
cloner,0.0016823054853763,fr,futurama
activation,0.0016823054853763,fr,futurama
flasque,0.0016823054853763,fr,futurama
albert,0.0016823054853763,fr,futurama
degrs,0.0016823054853763,fr,futurama
dpasss,0.0016823054853763,fr,futurama
greffer,0.0016823054853763,fr,futurama
escadron,0.0016823054853763,fr,futurama
cingls,0.0016823054853763,fr,futurama
rti,0.0016779715424303,fr,futurama
butin,0.0016779715424303,fr,futurama
grimpe,0.0016779715424303,fr,futurama
romance,0.0016779715424303,fr,futurama
superman,0.0016779715424303,fr,futurama
embouteillage,0.0016779715424303,fr,futurama
junior,0.0016779715424303,fr,futurama
milliardaire,0.0016779715424303,fr,futurama
doctorat,0.0016779715424303,fr,futurama
statu,0.0016779715424303,fr,futurama
permission,0.0016739234611972,fr,futurama
satisfaire,0.0016739234611972,fr,futurama
dpen,0.0016739234611972,fr,futurama
cble,0.0016739234611972,fr,futurama
plomb,0.0016739234611972,fr,futurama
universit,0.0016739234611972,fr,futurama
risqu,0.0016739234611972,fr,futurama
leve,0.0016739234611972,fr,futurama
minuit,0.0016739234611972,fr,futurama
traiter,0.0016721121283664,fr,futurama
presse,0.0016721121283664,fr,futurama
parfaitement,0.0016721121283664,fr,futurama
patient,0.0016721121283664,fr,futurama
cach,0.0016721121283664,fr,futurama
avion,0.0016721121283664,fr,futurama
jou,0.0016721121283664,fr,futurama
identit,0.0016721121283664,fr,futurama
explosif,0.0016691180098622,fr,futurama
fatal,0.0016691180098622,fr,futurama
laboratoire,0.0016691180098622,fr,futurama
dramatique,0.0016691180098622,fr,futurama
jim,0.0016691180098622,fr,futurama
lion,0.0016691180098622,fr,futurama
casque,0.0016691180098622,fr,futurama
ironie,0.0016691180098622,fr,futurama
doublon,0.0016619458774861,fr,futurama
popo,0.0016619458774861,fr,futurama
vidanger,0.0016619458774861,fr,futurama
pepsi,0.0016619458774861,fr,futurama
suppositoire,0.0016619458774861,fr,futurama
polygamie,0.0016619458774861,fr,futurama
mangouste,0.0016619458774861,fr,futurama
ill,0.0016619458774861,fr,futurama
fenway,0.0016619458774861,fr,futurama
premiere,0.0016619458774861,fr,futurama
extensible,0.0016619458774861,fr,futurama
commencon,0.0016619458774861,fr,futurama
majestueuse,0.0016619458774861,fr,futurama
olympiade,0.0016619458774861,fr,futurama
ingrdier,0.0016619458774861,fr,futurama
pliable,0.0016619458774861,fr,futurama
bonsa,0.0016619458774861,fr,futurama
sduisant,0.001660717766523,fr,futurama
moine,0.001660717766523,fr,futurama
tripoter,0.001660717766523,fr,futurama
morgan,0.001660717766523,fr,futurama
combinaison,0.0016601118110735,fr,futurama
mdecine,0.0016601118110735,fr,futurama
brl,0.0016601118110735,fr,futurama
coince,0.0016601118110735,fr,futurama
vengeance,0.0016601118110735,fr,futurama
shirt,0.0016601118110735,fr,futurama
humour,0.0016601118110735,fr,futurama
forcer,0.0016586492936639,fr,futurama
antonio,0.0016580698634637,fr,futurama
cavit,0.0016580698634637,fr,futurama
moulant,0.0016580698634637,fr,futurama
bazar,0.001654406842148,fr,futurama
simuler,0.001654406842148,fr,futurama
remuer,0.001654406842148,fr,futurama
linge,0.001654406842148,fr,futurama
fche,0.001654406842148,fr,futurama
smith,0.001654406842148,fr,futurama
john,0.0016464418213964,fr,futurama
battu,0.0016464418213964,fr,futurama
rgler,0.0016453020211997,fr,futurama
connaissance,0.0016453020211997,fr,futurama
recevoir,0.0016453020211997,fr,futurama
importance,0.0016453020211997,fr,futurama
leurre,0.0016437926540335,fr,futurama
destructeur,0.0016437926540335,fr,futurama
loto,0.0016437926540335,fr,futurama
chante,0.0016437926540335,fr,futurama
spa,0.0016437926540335,fr,futurama
ignoble,0.0016437926540335,fr,futurama
prostitue,0.0016398879827929,fr,futurama
jsus,0.0016398879827929,fr,futurama
catastrophe,0.0016398879827929,fr,futurama
biscuit,0.0016398879827929,fr,futurama
sacre,0.0016398879827929,fr,futurama
sduite,0.0016346847919599,fr,futurama
cruelle,0.0016346847919599,fr,futurama
flamber,0.0016346847919599,fr,futurama
barque,0.0016346847919599,fr,futurama
gore,0.0016346847919599,fr,futurama
broyeur,0.0016346847919599,fr,futurama
bureaucratie,0.0016346847919599,fr,futurama
rebeller,0.0016346847919599,fr,futurama
reprogrammer,0.0016346847919599,fr,futurama
crpuscule,0.0016346847919599,fr,futurama
principe,0.0016329106157366,fr,futurama
malheureux,0.0016329106157366,fr,futurama
incendie,0.0016329106157366,fr,futurama
command,0.0016329106157366,fr,futurama
bless,0.0016320683439208,fr,futurama
lun,0.0016271839173849,fr,futurama
aot,0.0016271839173849,fr,futurama
grade,0.0016271839173849,fr,futurama
moyenne,0.0016255564687911,fr,futurama
sch,0.0016255564687911,fr,futurama
sel,0.0016255564687911,fr,futurama
clbrit,0.0016255564687911,fr,futurama
dignit,0.0016255564687911,fr,futurama
prince,0.0016255564687911,fr,futurama
capital,0.0016255564687911,fr,futurama
solide,0.0016195154043946,fr,futurama
dose,0.0016195154043946,fr,futurama
anglais,0.0016195154043946,fr,futurama
civil,0.0016195154043946,fr,futurama
plupart,0.0016189463445746,fr,futurama
liste,0.0016189463445746,fr,futurama
meurtre,0.0016189463445746,fr,futurama
subtilit,0.0016120925892645,fr,futurama
cygne,0.0016120925892645,fr,futurama
effroyable,0.0016120925892645,fr,futurama
casting,0.0016120925892645,fr,futurama
feuilleton,0.0016120925892645,fr,futurama
minimal,0.0016120925892645,fr,futurama
dcharge,0.0016114075268164,fr,futurama
sche,0.0016114075268164,fr,futurama
nid,0.0016114075268164,fr,futurama
extrer,0.0016114075268164,fr,futurama
bassin,0.0016108799454588,fr,futurama
matir,0.0016108799454588,fr,futurama
misrable,0.0016108799454588,fr,futurama
pondre,0.0016108799454588,fr,futurama
ford,0.0016108799454588,fr,futurama
matelas,0.0016108799454588,fr,futurama
mcanique,0.0016108799454588,fr,futurama
commentateur,0.0016096183175544,fr,futurama
centaure,0.0016096183175544,fr,futurama
mandibule,0.0016096183175544,fr,futurama
posidon,0.0016096183175544,fr,futurama
subway,0.0016096183175544,fr,futurama
adul,0.0016096183175544,fr,futurama
tamponner,0.0016096183175544,fr,futurama
extermine,0.0016096183175544,fr,futurama
zinc,0.0016096183175544,fr,futurama
swinguer,0.0016096183175544,fr,futurama
maigrelet,0.0016096183175544,fr,futurama
hub,0.0016096183175544,fr,futurama
barbade,0.0016096183175544,fr,futurama
mere,0.0016096183175544,fr,futurama
jection,0.0016096183175544,fr,futurama
surpuisser,0.0016096183175544,fr,futurama
neuneu,0.0016096183175544,fr,futurama
parachutiste,0.0016096183175544,fr,futurama
escarre,0.0016096183175544,fr,futurama
chemise,0.001606253480948,fr,futurama
tenue,0.001606253480948,fr,futurama
reproduire,0.001606253480948,fr,futurama
avancer,0.0016059341540413,fr,futurama
occup,0.0016059341540413,fr,futurama
appelle,0.0016059341540413,fr,futurama
scanner,0.0015974365636779,fr,futurama
prserver,0.0015974365636779,fr,futurama
poker,0.0015974365636779,fr,futurama
relais,0.0015974365636779,fr,futurama
lecteur,0.0015974365636779,fr,futurama
abm,0.0015948697548347,fr,futurama
fluide,0.0015948697548347,fr,futurama
vachemer,0.0015948697548347,fr,futurama
regagner,0.0015948697548347,fr,futurama
intello,0.0015948697548347,fr,futurama
mthode,0.0015931222189701,fr,futurama
participer,0.0015931222189701,fr,futurama
lyce,0.0015931222189701,fr,futurama
foyer,0.0015931222189701,fr,futurama
surveiller,0.0015930299497363,fr,futurama
conseil,0.0015930299497363,fr,futurama
rencontre,0.0015930299497363,fr,futurama
souci,0.0015930299497363,fr,futurama
derrir,0.0015930299497363,fr,futurama
emmener,0.0015930299497363,fr,futurama
inoubliable,0.001590241249519,fr,futurama
applaudissement,0.001590241249519,fr,futurama
redmarrer,0.001590241249519,fr,futurama
dvier,0.001590241249519,fr,futurama
ruche,0.001590241249519,fr,futurama
orange,0.0015836391573684,fr,futurama
livr,0.0015836391573684,fr,futurama
habitant,0.0015836391573684,fr,futurama
inspir,0.0015836391573684,fr,futurama
coutez,0.0015802319540783,fr,futurama
supposer,0.0015802319540783,fr,futurama
jur,0.0015801190689074,fr,futurama
accomplir,0.0015801190689074,fr,futurama
canon,0.0015801190689074,fr,futurama
agrabl,0.0015801190689074,fr,futurama
recommence,0.0015801190689074,fr,futurama
evidemment,0.0015791429453452,fr,futurama
engendrer,0.0015791429453452,fr,futurama
pipe,0.0015791429453452,fr,futurama
ridiculiser,0.0015791429453452,fr,futurama
pincer,0.0015791429453452,fr,futurama
navette,0.0015791429453452,fr,futurama
chqu,0.0015700110486623,fr,futurama
atroce,0.0015700110486623,fr,futurama
douceur,0.0015700110486623,fr,futurama
basket,0.0015700110486623,fr,futurama
comit,0.0015700110486623,fr,futurama
salad,0.0015690837215539,fr,futurama
ddicace,0.0015690837215539,fr,futurama
culinaire,0.0015690837215539,fr,futurama
submerge,0.0015690837215539,fr,futurama
orgie,0.0015690837215539,fr,futurama
tord,0.0015690837215539,fr,futurama
redonn,0.0015690837215539,fr,futurama
controverse,0.0015690837215539,fr,futurama
multi,0.0015690837215539,fr,futurama
chaudire,0.0015690837215539,fr,futurama
carburer,0.0015690837215539,fr,futurama
dtail,0.0015675384330194,fr,futurama
ouest,0.0015672415551092,fr,futurama
arc,0.0015636896594963,fr,futurama
dment,0.0015636896594963,fr,futurama
inspection,0.0015636896594963,fr,futurama
imposteur,0.0015636896594963,fr,futurama
copier,0.0015636896594963,fr,futurama
jadis,0.0015628097201465,fr,futurama
kingston,0.0015628097201465,fr,futurama
mollasson,0.0015628097201465,fr,futurama
patraque,0.0015628097201465,fr,futurama
excu,0.0015628097201465,fr,futurama
baratineur,0.0015628097201465,fr,futurama
bend,0.0015628097201465,fr,futurama
basketteur,0.0015628097201465,fr,futurama
intersidral,0.0015628097201465,fr,futurama
pout,0.0015628097201465,fr,futurama
cronkite,0.0015628097201465,fr,futurama
grattage,0.0015628097201465,fr,futurama
macdo,0.0015628097201465,fr,futurama
polluant,0.0015628097201465,fr,futurama
aromatique,0.0015628097201465,fr,futurama
farm,0.0015628097201465,fr,futurama
souvenon,0.0015628097201465,fr,futurama
arodynamiqu,0.0015628097201465,fr,futurama
introdui,0.0015628097201465,fr,futurama
spcialiste,0.0015565481332225,fr,futurama
oprer,0.0015565481332225,fr,futurama
ours,0.0015565481332225,fr,futurama
matresse,0.0015565481332225,fr,futurama
invisible,0.0015565481332225,fr,futurama
quipement,0.0015565481332225,fr,futurama
punir,0.0015544872729979,fr,futurama
cesser,0.0015544872729979,fr,futurama
joie,0.0015544872729979,fr,futurama
amrique,0.0015544872729979,fr,futurama
humeur,0.0015544872729979,fr,futurama
carcasse,0.0015485772988236,fr,futurama
framboise,0.0015485772988236,fr,futurama
caviar,0.0015485772988236,fr,futurama
recyclage,0.0015485772988236,fr,futurama
tlcharge,0.0015485772988236,fr,futurama
alligator,0.0015485772988236,fr,futurama
jefferson,0.0015485772988236,fr,futurama
quip,0.0015485005453574,fr,futurama
vader,0.0015485005453574,fr,futurama
ligue,0.0015485005453574,fr,futurama
rpugner,0.0015485005453574,fr,futurama
nana,0.0015432464541807,fr,futurama
recette,0.0015432464541807,fr,futurama
serpent,0.0015432464541807,fr,futurama
figurer,0.0015432464541807,fr,futurama
connect,0.0015432464541807,fr,futurama
concept,0.0015432464541807,fr,futurama
survcu,0.0015418538863749,fr,futurama
crire,0.0015418538863749,fr,futurama
accorder,0.0015418538863749,fr,futurama
panique,0.0015418538863749,fr,futurama
appelon,0.0015335667225691,fr,futurama
bouillir,0.0015335667225691,fr,futurama
crack,0.0015335667225691,fr,futurama
faillite,0.0015335667225691,fr,futurama
intellectuel,0.0015335667225691,fr,futurama
engin,0.0015335667225691,fr,futurama
malsain,0.0015335667225691,fr,futurama
trembler,0.0015301021951553,fr,futurama
polir,0.0015301021951553,fr,futurama
bob,0.0015301021951553,fr,futurama
dbrouille,0.0015301021951553,fr,futurama
sommet,0.0015301021951553,fr,futurama
tiroir,0.0015301021951553,fr,futurama
prtre,0.0015301021951553,fr,futurama
crase,0.0015301021951553,fr,futurama
radio,0.0015293391248519,fr,futurama
renvoyer,0.0015293391248519,fr,futurama
vague,0.0015293391248519,fr,futurama
ador,0.0015293391248519,fr,futurama
risquer,0.0015293391248519,fr,futurama
opinion,0.0015293391248519,fr,futurama
geste,0.0015293391248519,fr,futurama
fuite,0.0015293391248519,fr,futurama
effort,0.0015293391248519,fr,futurama
charabier,0.0015286831004403,fr,futurama
yorkais,0.0015286831004403,fr,futurama
paperasserie,0.0015286831004403,fr,futurama
rap,0.0015286831004403,fr,futurama
consommateur,0.0015286831004403,fr,futurama
rajeunir,0.0015286831004403,fr,futurama
dchirure,0.0015286831004403,fr,futurama
remarcher,0.0015286831004403,fr,futurama
simpson,0.0015286831004403,fr,futurama
radiateur,0.0015286831004403,fr,futurama
inhabite,0.0015204661931859,fr,futurama
garcon,0.0015204661931859,fr,futurama
corned,0.0015204661931859,fr,futurama
exhibitionnisme,0.0015204661931859,fr,futurama
yorker,0.0015204661931859,fr,futurama
holographique,0.0015204661931859,fr,futurama
incompatibilit,0.0015204661931859,fr,futurama
effroi,0.0015204661931859,fr,futurama
convivial,0.0015204661931859,fr,futurama
bachelor,0.0015204661931859,fr,futurama
farfadet,0.0015204661931859,fr,futurama
volcanique,0.0015204661931859,fr,futurama
figurant,0.0015204661931859,fr,futurama
dnon,0.0015204661931859,fr,futurama
accoutremer,0.0015204661931859,fr,futurama
vaisseal,0.0015204661931859,fr,futurama
valle,0.0015188797511616,fr,futurama
franchise,0.0015188797511616,fr,futurama
fuse,0.0015188797511616,fr,futurama
activer,0.0015188797511616,fr,futurama
troupeau,0.0015188797511616,fr,futurama
dessine,0.0015188797511616,fr,futurama
processus,0.0015171116736795,fr,futurama
collection,0.0015171116736795,fr,futurama
pilule,0.0015171116736795,fr,futurama
condamner,0.0015171116736795,fr,futurama
attrape,0.001516940781402,fr,futurama
pute,0.001516940781402,fr,futurama
entir,0.001516940781402,fr,futurama
brler,0.001516940781402,fr,futurama
mne,0.001516940781402,fr,futurama
karat,0.0015093656274542,fr,futurama
clyd,0.0015093656274542,fr,futurama
lard,0.0015093656274542,fr,futurama
nounours,0.0015093656274542,fr,futurama
lgance,0.0015093656274542,fr,futurama
endormir,0.001504656710024,fr,futurama
hte,0.001504656710024,fr,futurama
job,0.001504656710024,fr,futurama
commener,0.001504656710024,fr,futurama
statue,0.0015044316029084,fr,futurama
rigolo,0.0015044316029084,fr,futurama
troit,0.0015044316029084,fr,futurama
chque,0.0015042713350076,fr,futurama
fminin,0.0015042713350076,fr,futurama
boue,0.0015042713350076,fr,futurama
runis,0.0015042713350076,fr,futurama
criminel,0.0014924848235129,fr,futurama
con,0.0014924848235129,fr,futurama
fivre,0.0014915777462765,fr,futurama
pompe,0.0014915777462765,fr,futurama
poumon,0.0014915777462765,fr,futurama
fragile,0.0014915777462765,fr,futurama
juteux,0.0014905923816563,fr,futurama
donjon,0.0014905923816563,fr,futurama
prestigieux,0.0014905923816563,fr,futurama
patch,0.0014905923816563,fr,futurama
coquill,0.0014905923816563,fr,futurama
marionnette,0.0014902146349713,fr,futurama
foutaise,0.0014902146349713,fr,futurama
lavage,0.0014902146349713,fr,futurama
siest,0.0014902146349713,fr,futurama
habitable,0.0014818095817411,fr,futurama
ciblage,0.0014818095817411,fr,futurama
talc,0.0014818095817411,fr,futurama
incruste,0.0014818095817411,fr,futurama
promotionnel,0.0014818095817411,fr,futurama
cordialement,0.0014818095817411,fr,futurama
trucage,0.0014818095817411,fr,futurama
dplore,0.0014818095817411,fr,futurama
sapristi,0.0014818095817411,fr,futurama
leonardo,0.0014818095817411,fr,futurama
sinclair,0.0014818095817411,fr,futurama
chanton,0.0014818095817411,fr,futurama
excroissance,0.0014818095817411,fr,futurama
centrifugeuse,0.0014818095817411,fr,futurama
inarrtabl,0.0014818095817411,fr,futurama
viscration,0.0014818095817411,fr,futurama
moniqu,0.0014818095817411,fr,futurama
portai,0.0014818095817411,fr,futurama
avouer,0.0014804230913313,fr,futurama
mener,0.0014804230913313,fr,futurama
rflchi,0.0014804230913313,fr,futurama
final,0.0014804230913313,fr,futurama
soutien,0.0014804230913313,fr,futurama
conclure,0.0014804230913313,fr,futurama
rpte,0.0014804230913313,fr,futurama
cran,0.0014804230913313,fr,futurama
rle,0.0014804230913313,fr,futurama
total,0.0014804230913313,fr,futurama
tragdie,0.0014790275909961,fr,futurama
pendre,0.0014790275909961,fr,futurama
accepte,0.0014790275909961,fr,futurama
luxe,0.0014790275909961,fr,futurama
fermeture,0.0014790275909961,fr,futurama
imminent,0.0014762215656216,fr,futurama
musicien,0.0014762215656216,fr,futurama
vampire,0.0014762215656216,fr,futurama
travailleur,0.0014762215656216,fr,futurama
halte,0.0014723335366209,fr,futurama
radioactif,0.0014723335366209,fr,futurama
diarrhe,0.0014723335366209,fr,futurama
ject,0.0014723335366209,fr,futurama
mutation,0.0014723335366209,fr,futurama
bouffon,0.0014723335366209,fr,futurama
hler,0.0014723335366209,fr,futurama
sourde,0.0014723335366209,fr,futurama
mathmatique,0.0014723335366209,fr,futurama
monroe,0.0014723335366209,fr,futurama
duper,0.0014723335366209,fr,futurama
voisin,0.0014684695375767,fr,futurama
vieillir,0.0014666176638486,fr,futurama
issue,0.0014666176638486,fr,futurama
frache,0.0014666176638486,fr,futurama
effac,0.0014666176638486,fr,futurama
ennuie,0.0014666176638486,fr,futurama
stratgie,0.0014666176638486,fr,futurama
brave,0.0014666176638486,fr,futurama
prononcer,0.0014666176638486,fr,futurama
immense,0.0014666176638486,fr,futurama
lection,0.0014624454518437,fr,futurama
taupe,0.0014624454518437,fr,futurama
maillot,0.0014624454518437,fr,futurama
agresseur,0.0014624454518437,fr,futurama
librer,0.0014566222390389,fr,futurama
acte,0.0014566222390389,fr,futurama
malgr,0.0014566222390389,fr,futurama
lancer,0.0014566222390389,fr,futurama
franchement,0.0014566222390389,fr,futurama
frapp,0.0014566222390389,fr,futurama
fournir,0.0014566222390389,fr,futurama
empchent,0.0014545616526265,fr,futurama
atlanter,0.0014545616526265,fr,futurama
buf,0.0014545616526265,fr,futurama
automobile,0.0014545616526265,fr,futurama
camouflage,0.0014545616526265,fr,futurama
blaireau,0.0014545616526265,fr,futurama
coq,0.0014545616526265,fr,futurama
batterie,0.001454344865774,fr,futurama
davantage,0.001454344865774,fr,futurama
tatouage,0.001454344865774,fr,futurama
disparition,0.001454344865774,fr,futurama
personnage,0.001454344865774,fr,futurama
dbloqu,0.0014462489463784,fr,futurama
himalaya,0.0014462489463784,fr,futurama
coriandre,0.0014462489463784,fr,futurama
interdir,0.0014462489463784,fr,futurama
fumant,0.0014462489463784,fr,futurama
president,0.0014462489463784,fr,futurama
reunion,0.0014462489463784,fr,futurama
iota,0.0014462489463784,fr,futurama
furoncle,0.0014462489463784,fr,futurama
jrusalem,0.0014462489463784,fr,futurama
vogel,0.0014462489463784,fr,futurama
zarbi,0.0014462489463784,fr,futurama
banjo,0.0014462489463784,fr,futurama
jockey,0.0014462489463784,fr,futurama
charnire,0.0014462489463784,fr,futurama
concentrer,0.0014448793233424,fr,futurama
souvien,0.0014448793233424,fr,futurama
transformer,0.0014448793233424,fr,futurama
port,0.0014448793233424,fr,futurama
nerf,0.0014422061993251,fr,futurama
amateur,0.0014422061993251,fr,futurama
relve,0.0014422061993251,fr,futurama
culture,0.0014422061993251,fr,futurama
forteresse,0.0014372514286123,fr,futurama
miniature,0.0014372514286123,fr,futurama
emplir,0.0014372514286123,fr,futurama
casserole,0.0014372514286123,fr,futurama
tablier,0.0014372514286123,fr,futurama
space,0.0014372514286123,fr,futurama
puanteur,0.0014372514286123,fr,futurama
myrtille,0.0014372514286123,fr,futurama
macho,0.0014372514286123,fr,futurama
stimuler,0.0014355178899392,fr,futurama
testament,0.0014355178899392,fr,futurama
largue,0.0014355178899392,fr,futurama
imiter,0.0014355178899392,fr,futurama
approuv,0.0014355178899392,fr,futurama
redonner,0.0014355178899392,fr,futurama
artificiel,0.0014355178899392,fr,futurama
pardonner,0.0014332389671712,fr,futurama
fabriquer,0.0014301987642728,fr,futurama
fum,0.0014301987642728,fr,futurama
commercial,0.0014301987642728,fr,futurama
distributeur,0.0014301987642728,fr,futurama
arrir,0.0014301987642728,fr,futurama
menu,0.0014301987642728,fr,futurama
conduite,0.0014301987642728,fr,futurama
tequila,0.0014223540708036,fr,futurama
annuel,0.0014223540708036,fr,futurama
marteau,0.0014223540708036,fr,futurama
refermer,0.0014223540708036,fr,futurama
panne,0.0014223540708036,fr,futurama
pull,0.0014223540708036,fr,futurama
escroc,0.0014223540708036,fr,futurama
thorie,0.0014216993945691,fr,futurama
calmer,0.0014216993945691,fr,futurama
runion,0.0014216993945691,fr,futurama
repartir,0.0014216993945691,fr,futurama
gard,0.0014216993945691,fr,futurama
sal,0.0014203794855444,fr,futurama
incomptence,0.0014203794855444,fr,futurama
crade,0.0014203794855444,fr,futurama
sucette,0.0014203794855444,fr,futurama
ebay,0.0014203794855444,fr,futurama
prserve,0.0014203794855444,fr,futurama
trouillard,0.0014203794855444,fr,futurama
piscine,0.0014183197534474,fr,futurama
ado,0.0014183197534474,fr,futurama
analyse,0.0014183197534474,fr,futurama
extraordinaire,0.0014183197534474,fr,futurama
barbant,0.0014133249405342,fr,futurama
eclate,0.0014133249405342,fr,futurama
beauf,0.0014133249405342,fr,futurama
lilas,0.0014133249405342,fr,futurama
colmater,0.0014133249405342,fr,futurama
romeo,0.0014133249405342,fr,futurama
servi,0.0014133249405342,fr,futurama
puff,0.0014133249405342,fr,futurama
louie,0.0014133249405342,fr,futurama
recevable,0.0014133249405342,fr,futurama
attrapon,0.0014133249405342,fr,futurama
rodriguer,0.0014133249405342,fr,futurama
ceterer,0.0014133249405342,fr,futurama
affranchir,0.0014133249405342,fr,futurama
dcider,0.001410258875314,fr,futurama
totalement,0.001410258875314,fr,futurama
contrler,0.001410258875314,fr,futurama
diffrer,0.001410258875314,fr,futurama
retourn,0.001410258875314,fr,futurama
info,0.001410258875314,fr,futurama
reconnat,0.0014093824310868,fr,futurama
encre,0.0014093824310868,fr,futurama
procureur,0.0014093824310868,fr,futurama
retournon,0.0014093824310868,fr,futurama
dinde,0.0014093824310868,fr,futurama
pro,0.0014065664487989,fr,futurama
dimanche,0.0014065664487989,fr,futurama
prts,0.0014065664487989,fr,futurama
existence,0.0014065664487989,fr,futurama
pic,0.0014065664487989,fr,futurama
viser,0.0014065664487989,fr,futurama
volcan,0.001403924176535,fr,futurama
naître,0.001403924176535,fr,futurama
gante,0.001403924176535,fr,futurama
bille,0.001403924176535,fr,futurama
ring,0.001403924176535,fr,futurama
vnement,0.0013989157233607,fr,futurama
voulai,0.0013989157233607,fr,futurama
absolu,0.0013965974401554,fr,futurama
active,0.0013965974401554,fr,futurama
fabriqu,0.0013965974401554,fr,futurama
destination,0.0013965974401554,fr,futurama
sorcire,0.0013965974401554,fr,futurama
patate,0.0013965974401554,fr,futurama
rir,0.0013949362176643,fr,futurama
attir,0.0013949362176643,fr,futurama
proposition,0.0013949362176643,fr,futurama
larme,0.0013949362176643,fr,futurama
maximum,0.0013949362176643,fr,futurama
jack,0.0013949362176643,fr,futurama
ramasser,0.0013949362176643,fr,futurama
gnration,0.0013949362176643,fr,futurama
vermine,0.0013878654198461,fr,futurama
puissante,0.0013878654198461,fr,futurama
karaok,0.0013878654198461,fr,futurama
chatouille,0.0013878654198461,fr,futurama
dmence,0.0013878654198461,fr,futurama
lamentable,0.0013878654198461,fr,futurama
recharger,0.0013878654198461,fr,futurama
voie,0.0013876682953496,fr,futurama
accompagner,0.0013876682953496,fr,futurama
commenc,0.0013876682953496,fr,futurama
souhaiter,0.0013876682953496,fr,futurama
dpart,0.0013876682953496,fr,futurama
dure,0.0013876682953496,fr,futurama
appartenir,0.0013876682953496,fr,futurama
signifier,0.0013876682953496,fr,futurama
enchre,0.0013839938027383,fr,futurama
enfiler,0.0013839938027383,fr,futurama
grossier,0.0013839938027383,fr,futurama
merveille,0.0013839938027383,fr,futurama
lumir,0.0013839938027383,fr,futurama
douce,0.0013834265092279,fr,futurama
ticket,0.0013834265092279,fr,futurama
effet,0.0013834265092279,fr,futurama
charme,0.0013834265092279,fr,futurama
vnu,0.0013826734244014,fr,futurama
majestueux,0.0013826734244014,fr,futurama
crabouiller,0.0013826734244014,fr,futurama
filou,0.0013826734244014,fr,futurama
sav,0.0013826734244014,fr,futurama
saccage,0.0013826734244014,fr,futurama
galactique,0.0013826734244014,fr,futurama
preum,0.0013826734244014,fr,futurama
extermin,0.0013826734244014,fr,futurama
conan,0.0013826734244014,fr,futurama
calamar,0.0013826734244014,fr,futurama
dorsal,0.0013826734244014,fr,futurama
capable,0.0013765149891782,fr,futurama
excus,0.0013765149891782,fr,futurama
dernir,0.0013765149891782,fr,futurama
racont,0.0013765149891782,fr,futurama
tease,0.0013721845515454,fr,futurama
infidle,0.0013721845515454,fr,futurama
inefficace,0.0013721845515454,fr,futurama
coincs,0.0013721845515454,fr,futurama
cuite,0.0013721845515454,fr,futurama
jazz,0.0013721845515454,fr,futurama
dentifrice,0.0013721845515454,fr,futurama
popularit,0.0013721845515454,fr,futurama
bam,0.0013721845515454,fr,futurama
fouetter,0.0013721845515454,fr,futurama
moquette,0.0013721845515454,fr,futurama
fichue,0.0013721845515454,fr,futurama
mord,0.0013721845515454,fr,futurama
sance,0.0013720348511636,fr,futurama
vire,0.0013720348511636,fr,futurama
tribunal,0.0013720348511636,fr,futurama
correct,0.0013720348511636,fr,futurama
planter,0.0013720348511636,fr,futurama
raisonnable,0.0013720348511636,fr,futurama
laisson,0.0013720348511636,fr,futurama
matriel,0.0013720348511636,fr,futurama
acclrer,0.0013715664457582,fr,futurama
modifi,0.0013715664457582,fr,futurama
alcoolique,0.0013715664457582,fr,futurama
cration,0.0013715664457582,fr,futurama
crm,0.0013715664457582,fr,futurama
obligatoire,0.0013715664457582,fr,futurama
frquence,0.0013715664457582,fr,futurama
idal,0.0013607588464472,fr,futurama
chinois,0.0013607588464472,fr,futurama
convier,0.0013607588464472,fr,futurama
fini,0.0013607588464472,fr,futurama
voyant,0.0013607588464472,fr,futurama
mdical,0.0013607588464472,fr,futurama
baignoire,0.0013593105060719,fr,futurama
ordonner,0.0013593105060719,fr,futurama
hlicoptre,0.0013593105060719,fr,futurama
dmonstration,0.0013593105060719,fr,futurama
caille,0.0013568641951036,fr,futurama
humidit,0.0013568641951036,fr,futurama
hold,0.0013568641951036,fr,futurama
trangle,0.0013568641951036,fr,futurama
poire,0.0013568641951036,fr,futurama
grotesque,0.0013568641951036,fr,futurama
pancarte,0.0013568641951036,fr,futurama
douillet,0.0013568641951036,fr,futurama
mdaill,0.0013568641951036,fr,futurama
savai,0.0013544845320671,fr,futurama
tourne,0.0013544845320671,fr,futurama
premir,0.0013544845320671,fr,futurama
percussion,0.0013540008459277,fr,futurama
piranha,0.0013540008459277,fr,futurama
pensionnaire,0.0013540008459277,fr,futurama
ecouton,0.0013540008459277,fr,futurama
squatteur,0.0013540008459277,fr,futurama
inflexible,0.0013540008459277,fr,futurama
pissenlit,0.0013540008459277,fr,futurama
borgne,0.0013540008459277,fr,futurama
pastrami,0.0013540008459277,fr,futurama
bizut,0.0013540008459277,fr,futurama
mycose,0.0013540008459277,fr,futurama
tyrannique,0.0013540008459277,fr,futurama
restaurateur,0.0013540008459277,fr,futurama
enrags,0.0013540008459277,fr,futurama
norme,0.0013495961703288,fr,futurama
profit,0.0013495961703288,fr,futurama
homm,0.0013495961703288,fr,futurama
patte,0.0013495961703288,fr,futurama
tudier,0.0013495961703288,fr,futurama
retire,0.0013495961703288,fr,futurama
fiction,0.0013472213190443,fr,futurama
catgorie,0.0013472213190443,fr,futurama
adopter,0.0013472213190443,fr,futurama
lieutenant,0.0013472213190443,fr,futurama
cuire,0.0013472213190443,fr,futurama
commandant,0.0013472213190443,fr,futurama
scandale,0.0013472213190443,fr,futurama
population,0.0013472213190443,fr,futurama
devient,0.0013472213190443,fr,futurama
espr,0.0013436043711595,fr,futurama
srieux,0.0013436043711595,fr,futurama
olympique,0.0013418881456468,fr,futurama
sombrer,0.0013418881456468,fr,futurama
comptabilit,0.0013418881456468,fr,futurama
avaner,0.0013418881456468,fr,futurama
craint,0.0013418881456468,fr,futurama
astronaute,0.0013418881456468,fr,futurama
invitation,0.0013385445674567,fr,futurama
choc,0.0013385445674567,fr,futurama
gaff,0.0013385445674567,fr,futurama
balancer,0.0013385445674567,fr,futurama
amiti,0.0013385445674567,fr,futurama
virus,0.0013352944078898,fr,futurama
magicien,0.0013352944078898,fr,futurama
ironique,0.0013352944078898,fr,futurama
retrait,0.0013352944078898,fr,futurama
annonce,0.0013276018491417,fr,futurama
miam,0.0013272412669327,fr,futurama
suer,0.0013272412669327,fr,futurama
dtonateur,0.0013272412669327,fr,futurama
moutarde,0.0013272412669327,fr,futurama
cousu,0.0013272412669327,fr,futurama
interfrence,0.0013272412669327,fr,futurama
meurtr,0.0013270670985187,fr,futurama
nerie,0.0013270670985187,fr,futurama
mixture,0.0013270670985187,fr,futurama
dcors,0.0013270670985187,fr,futurama
copieur,0.0013270670985187,fr,futurama
magot,0.0013270670985187,fr,futurama
chrome,0.0013270670985187,fr,futurama
afghan,0.0013270670985187,fr,futurama
nageoire,0.0013270670985187,fr,futurama
ravioli,0.0013270670985187,fr,futurama
nuisible,0.0013270670985187,fr,futurama
piece,0.0013270670985187,fr,futurama
billonne,0.0013270670985187,fr,futurama
imprimante,0.0013270670985187,fr,futurama
congele,0.0013270670985187,fr,futurama
servirai,0.0013270670985187,fr,futurama
nigel,0.0013270670985187,fr,futurama
tuba,0.0013270670985187,fr,futurama
vengerai,0.0013270670985187,fr,futurama
amarre,0.0013270670985187,fr,futurama
adjug,0.0013270670985187,fr,futurama
industrie,0.0013235254737184,fr,futurama
barbe,0.0013235254737184,fr,futurama
substance,0.0013235254737184,fr,futurama
gueule,0.0013167658907562,fr,futurama
intervenir,0.0013167658907562,fr,futurama
article,0.0013167658907562,fr,futurama
gouvernement,0.0013167658907562,fr,futurama
affronter,0.0013167658907562,fr,futurama
effacer,0.0013167658907562,fr,futurama
immortel,0.0013129093994061,fr,futurama
repentir,0.0013129093994061,fr,futurama
bouquet,0.0013129093994061,fr,futurama
yankee,0.0013129093994061,fr,futurama
application,0.0013129093994061,fr,futurama
flicite,0.0013129093994061,fr,futurama
halluciner,0.0013129093994061,fr,futurama
canette,0.0013129093994061,fr,futurama
tranquillit,0.0013129093994061,fr,futurama
rome,0.0013129093994061,fr,futurama
consister,0.0013119103862343,fr,futurama
bouffer,0.0013119103862343,fr,futurama
remarquable,0.0013119103862343,fr,futurama
king,0.0013119103862343,fr,futurama
licence,0.0013119103862343,fr,futurama
nerver,0.0013060346292576,fr,futurama
deuxime,0.0013060346292576,fr,futurama
brle,0.0013060346292576,fr,futurama
ali,0.001301673285996,fr,futurama
bouh,0.001301673285996,fr,futurama
admirez,0.001301673285996,fr,futurama
lolo,0.001301673285996,fr,futurama
tendrement,0.001301673285996,fr,futurama
dtritu,0.001301673285996,fr,futurama
poisseux,0.001301673285996,fr,futurama
encadr,0.001301673285996,fr,futurama
monastre,0.001301673285996,fr,futurama
taxer,0.001301673285996,fr,futurama
rgulation,0.001301673285996,fr,futurama
castr,0.001301673285996,fr,futurama
sunshine,0.001301673285996,fr,futurama
lobotomie,0.001301673285996,fr,futurama
beef,0.001301673285996,fr,futurama
rorganiser,0.001301673285996,fr,futurama
indolore,0.001301673285996,fr,futurama
prosterner,0.001301673285996,fr,futurama
hach,0.001301673285996,fr,futurama
finaliste,0.001301673285996,fr,futurama
siffle,0.001301673285996,fr,futurama
venimeux,0.001301673285996,fr,futurama
volante,0.001301673285996,fr,futurama
messie,0.001301673285996,fr,futurama
repr,0.0013004451750328,fr,futurama
barbecue,0.0013004451750328,fr,futurama
exceptionnel,0.0013004451750328,fr,futurama
roule,0.0013004451750328,fr,futurama
auteur,0.0013004451750328,fr,futurama
orteil,0.0013004451750328,fr,futurama
dauphin,0.0012988792779362,fr,futurama
limonade,0.0012988792779362,fr,futurama
collision,0.0012988792779362,fr,futurama
tableau,0.0012954060608316,fr,futurama
fire,0.0012954060608316,fr,futurama
week,0.0012954060608316,fr,futurama
enferm,0.0012954060608316,fr,futurama
belle,0.0012954060608316,fr,futurama
sexuel,0.0012954060608316,fr,futurama
activit,0.0012954060608316,fr,futurama
malin,0.0012954060608316,fr,futurama
coter,0.0012954060608316,fr,futurama
louche,0.0012891260214531,fr,futurama
fantasme,0.0012891260214531,fr,futurama
bourre,0.0012891260214531,fr,futurama
gel,0.0012891260214531,fr,futurama
collier,0.0012891260214531,fr,futurama
tranche,0.0012891260214531,fr,futurama
bingo,0.0012891260214531,fr,futurama
adam,0.0012891260214531,fr,futurama
jeunesse,0.0012891260214531,fr,futurama
voyou,0.0012891260214531,fr,futurama
rgner,0.0012851384580358,fr,futurama
allemagne,0.0012851384580358,fr,futurama
gadget,0.0012851384580358,fr,futurama
adapt,0.0012851384580358,fr,futurama
inviter,0.0012848782386457,fr,futurama
employ,0.0012848782386457,fr,futurama
baiser,0.0012848782386457,fr,futurama
emporter,0.0012848782386457,fr,futurama
accuser,0.0012848782386457,fr,futurama
poitrine,0.0012848782386457,fr,futurama
dtecteur,0.0012779492509423,fr,futurama
choqu,0.0012779492509423,fr,futurama
amant,0.0012779492509423,fr,futurama
torche,0.0012779492509423,fr,futurama
propulsion,0.0012776527999761,fr,futurama
continuum,0.0012776527999761,fr,futurama
sardine,0.0012776527999761,fr,futurama
bouffi,0.0012776527999761,fr,futurama
prsidentiel,0.0012776527999761,fr,futurama
inhibition,0.0012776527999761,fr,futurama
drisoir,0.0012776527999761,fr,futurama
bart,0.0012776527999761,fr,futurama
bulldozer,0.0012776527999761,fr,futurama
mathmatiqu,0.0012776527999761,fr,futurama
lointaine,0.0012776527999761,fr,futurama
calculatrice,0.0012776527999761,fr,futurama
dplu,0.0012776527999761,fr,futurama
derniere,0.0012776527999761,fr,futurama
follemer,0.0012776527999761,fr,futurama
nudiste,0.0012776527999761,fr,futurama
piqueur,0.0012776527999761,fr,futurama
appuyer,0.0012744492707099,fr,futurama
local,0.0012744492707099,fr,futurama
militaire,0.0012744492707099,fr,futurama
chute,0.0012744492707099,fr,futurama
entrez,0.0012744492707099,fr,futurama
cueillir,0.0012716752495349,fr,futurama
dgnr,0.0012716752495349,fr,futurama
thse,0.0012716752495349,fr,futurama
sinistre,0.0012716752495349,fr,futurama
stresser,0.0012669113258947,fr,futurama
renverser,0.0012669113258947,fr,futurama
inoffensif,0.0012669113258947,fr,futurama
mater,0.0012669113258947,fr,futurama
compassion,0.0012669113258947,fr,futurama
disparatr,0.0012669113258947,fr,futurama
explication,0.001264117317835,fr,futurama
concidence,0.001264117317835,fr,futurama
cheveu,0.001264117317835,fr,futurama
rouler,0.001264117317835,fr,futurama
couvert,0.001264117317835,fr,futurama
ferm,0.001264117317835,fr,futurama
lectroniqu,0.0012584786568227,fr,futurama
sduiser,0.0012584786568227,fr,futurama
gangster,0.0012584786568227,fr,futurama
projection,0.0012584786568227,fr,futurama
reportage,0.0012584786568227,fr,futurama
visa,0.0012584786568227,fr,futurama
festival,0.0012584786568227,fr,futurama
dpense,0.0012560088389298,fr,futurama
contenu,0.0012560088389298,fr,futurama
bill,0.0012560088389298,fr,futurama
chirurgie,0.0012560088389298,fr,futurama
gniale,0.0012560088389298,fr,futurama
hamburger,0.0012560088389298,fr,futurama
refroidir,0.0012560088389298,fr,futurama
gastro,0.001254864688588,fr,futurama
jadi,0.001254864688588,fr,futurama
laque,0.001254864688588,fr,futurama
guacamole,0.001254864688588,fr,futurama
ozone,0.001254864688588,fr,futurama
dgel,0.001254864688588,fr,futurama
nutritif,0.001254864688588,fr,futurama
mamour,0.001254864688588,fr,futurama
monogame,0.001254864688588,fr,futurama
devint,0.001254864688588,fr,futurama
bateau,0.0012538805916867,fr,futurama
annoncer,0.0012538805916867,fr,futurama
confier,0.0012538805916867,fr,futurama
organiser,0.0012538805916867,fr,futurama
grandi,0.0012538805916867,fr,futurama
robe,0.0012538805916867,fr,futurama
troisime,0.0012538805916867,fr,futurama
style,0.0012538805916867,fr,futurama
htel,0.0012538805916867,fr,futurama
attribu,0.0012455383248922,fr,futurama
taler,0.0012455383248922,fr,futurama
tarif,0.0012455383248922,fr,futurama
chiotte,0.0012455383248922,fr,futurama
complique,0.0012455383248922,fr,futurama
arnaquer,0.0012455383248922,fr,futurama
victor,0.0012455383248922,fr,futurama
obisser,0.0012455383248922,fr,futurama
primo,0.0012455383248922,fr,futurama
sermer,0.0012455383248922,fr,futurama
spcialit,0.001245238506578,fr,futurama
destruction,0.001245238506578,fr,futurama
draguer,0.001245238506578,fr,futurama
dclarer,0.001245238506578,fr,futurama
chauffe,0.001245238506578,fr,futurama
deuxim,0.0012437373529274,fr,futurama
chanceux,0.0012437373529274,fr,futurama
end,0.0012437373529274,fr,futurama
prci,0.0012437373529274,fr,futurama
blesse,0.0012437373529274,fr,futurama
centaine,0.0012437373529274,fr,futurama
pann,0.0012345971633445,fr,futurama
fichier,0.0012345971633445,fr,futurama
kilogramme,0.0012345971633445,fr,futurama
pratiquemer,0.0012345971633445,fr,futurama
tranger,0.0012336859094427,fr,futurama
avenir,0.0012336859094427,fr,futurama
clonage,0.0012331886447892,fr,futurama
batifoler,0.0012331886447892,fr,futurama
minrau,0.0012331886447892,fr,futurama
pichet,0.0012331886447892,fr,futurama
embrassai,0.0012331886447892,fr,futurama
dirigeable,0.0012331886447892,fr,futurama
retrouvon,0.0012331886447892,fr,futurama
indcent,0.0012331886447892,fr,futurama
tapisserie,0.0012331886447892,fr,futurama
intelligemment,0.0012331886447892,fr,futurama
hollande,0.0012331886447892,fr,futurama
pill,0.0012331886447892,fr,futurama
rapprendre,0.0012331886447892,fr,futurama
supprime,0.0012331886447892,fr,futurama
zero,0.0012331886447892,fr,futurama
chow,0.0012331886447892,fr,futurama
buzz,0.0012331886447892,fr,futurama
condamns,0.0012331886447892,fr,futurama
compatibilit,0.0012331886447892,fr,futurama
couronnement,0.0012331886447892,fr,futurama
khan,0.0012331886447892,fr,futurama
rciproqu,0.0012331886447892,fr,futurama
drlement,0.0012331886447892,fr,futurama
grincer,0.0012331886447892,fr,futurama
palmier,0.0012331886447892,fr,futurama
gntiqu,0.0012328444905251,fr,futurama
particulir,0.0012328444905251,fr,futurama
ptisserie,0.0012328444905251,fr,futurama
flotte,0.0012328444905251,fr,futurama
cordon,0.0012328444905251,fr,futurama
humaine,0.0012328444905251,fr,futurama
casino,0.0012328444905251,fr,futurama
remporter,0.0012328444905251,fr,futurama
pai,0.0012328444905251,fr,futurama
dfie,0.0012328444905251,fr,futurama
renvers,0.0012328444905251,fr,futurama
fouine,0.0012328444905251,fr,futurama
hroque,0.0012328444905251,fr,futurama
accorde,0.0012328444905251,fr,futurama
fiance,0.0012240817561243,fr,futurama
habille,0.0012240817561243,fr,futurama
manteau,0.0012240817561243,fr,futurama
curiosit,0.0012240817561243,fr,futurama
tunnel,0.0012240817561243,fr,futurama
colocataire,0.0012240817561243,fr,futurama
richard,0.0012240817561243,fr,futurama
lcher,0.0012237246146473,fr,futurama
particulier,0.0012237246146473,fr,futurama
hasard,0.0012237246146473,fr,futurama
affaiblir,0.0012203879380387,fr,futurama
chargement,0.0012203879380387,fr,futurama
supprim,0.0012203879380387,fr,futurama
agite,0.0012203879380387,fr,futurama
mdoc,0.0012203879380387,fr,futurama
mouchoir,0.0012203879380387,fr,futurama
temp,0.0012138518658657,fr,futurama
principal,0.0012138518658657,fr,futurama
honnt,0.0012138518658657,fr,futurama
fasse,0.0012138518658657,fr,futurama
dcide,0.0012138518658657,fr,futurama
piste,0.0012138518658657,fr,futurama
touche,0.0012138518658657,fr,futurama
crier,0.0012138518658657,fr,futurama
remarqu,0.0012138518658657,fr,futurama
avertissement,0.0012136893389436,fr,futurama
entour,0.0012136893389436,fr,futurama
chic,0.0012136893389436,fr,futurama
poignet,0.0012136893389436,fr,futurama
beurre,0.0012136893389436,fr,futurama
enseigner,0.0012136893389436,fr,futurama
lutter,0.0012136893389436,fr,futurama
merger,0.0012125211616275,fr,futurama
chur,0.0012125211616275,fr,futurama
vantard,0.0012125211616275,fr,futurama
tortu,0.0012125211616275,fr,futurama
rpugnant,0.0012125211616275,fr,futurama
dlicieusement,0.0012125211616275,fr,futurama
rot,0.0012125211616275,fr,futurama
bagarrer,0.0012125211616275,fr,futurama
attein,0.0012125211616275,fr,futurama
orge,0.0012125211616275,fr,futurama
survtement,0.0012125211616275,fr,futurama
exterminateur,0.0012125211616275,fr,futurama
effacs,0.0012125211616275,fr,futurama
platonique,0.0012125211616275,fr,futurama
agrafeur,0.0012125211616275,fr,futurama
egypte,0.0012125211616275,fr,futurama
dserteur,0.0012125211616275,fr,futurama
interface,0.0012125211616275,fr,futurama
branchs,0.0012125211616275,fr,futurama
pendule,0.0012125211616275,fr,futurama
cimetir,0.0012125211616275,fr,futurama
afficher,0.0012081599590941,fr,futurama
scandaleux,0.0012081599590941,fr,futurama
impt,0.0012081599590941,fr,futurama
flingu,0.0012081599590941,fr,futurama
stephen,0.0012081599590941,fr,futurama
caleon,0.0012081599590941,fr,futurama
crim,0.0012081599590941,fr,futurama
savourer,0.0012081599590941,fr,futurama
indigne,0.0012081599590941,fr,futurama
profond,0.0012040661027853,fr,futurama
effrayer,0.0012040661027853,fr,futurama
crise,0.0012040661027853,fr,futurama
vrifie,0.0012040661027853,fr,futurama
bris,0.0012040661027853,fr,futurama
fianc,0.0012034170680061,fr,futurama
quilibre,0.0012034170680061,fr,futurama
balance,0.0012034170680061,fr,futurama
rupture,0.0012034170680061,fr,futurama
moderne,0.0012034170680061,fr,futurama
valable,0.0012034170680061,fr,futurama
poudre,0.0012034170680061,fr,futurama
banal,0.0012034170680061,fr,futurama
einstein,0.001196152316126,fr,futurama
trembl,0.001196152316126,fr,futurama
cafard,0.001196152316126,fr,futurama
richesse,0.001196152316126,fr,futurama
cabane,0.001196152316126,fr,futurama
rellemer,0.001196152316126,fr,futurama
dlicieuse,0.001196152316126,fr,futurama
amens,0.001196152316126,fr,futurama
olive,0.001196152316126,fr,futurama
bont,0.001196152316126,fr,futurama
caoutchouc,0.001196152316126,fr,futurama
gouverneur,0.001196152316126,fr,futurama
page,0.001194365805976,fr,futurama
condition,0.001194365805976,fr,futurama
direction,0.001194365805976,fr,futurama
faillir,0.001194365805976,fr,futurama
discussion,0.001194365805976,fr,futurama
survie,0.0011932621970212,fr,futurama
dcevoir,0.0011932621970212,fr,futurama
dpasser,0.0011932621970212,fr,futurama
ruiner,0.0011932621970212,fr,futurama
insulter,0.0011932621970212,fr,futurama
secteur,0.0011932621970212,fr,futurama
ose,0.0011932621970212,fr,futurama
honorer,0.0011932621970212,fr,futurama
band,0.0011932621970212,fr,futurama
show,0.0011932621970212,fr,futurama
maquereau,0.0011927725428469,fr,futurama
brume,0.0011927725428469,fr,futurama
grise,0.0011927725428469,fr,futurama
uriner,0.0011927725428469,fr,futurama
bourgeois,0.0011927725428469,fr,futurama
friday,0.0011927725428469,fr,futurama
allumage,0.0011927725428469,fr,futurama
friture,0.0011927725428469,fr,futurama
pleurai,0.0011927725428469,fr,futurama
gringalet,0.0011927725428469,fr,futurama
dense,0.0011927725428469,fr,futurama
somnambule,0.0011927725428469,fr,futurama
deep,0.0011927725428469,fr,futurama
peupl,0.0011927725428469,fr,futurama
verrue,0.0011927725428469,fr,futurama
kangourou,0.0011927725428469,fr,futurama
squash,0.0011927725428469,fr,futurama
fuyant,0.0011927725428469,fr,futurama
ind,0.0011927725428469,fr,futurama
cosmos,0.0011927725428469,fr,futurama
carnaval,0.0011927725428469,fr,futurama
danson,0.0011927725428469,fr,futurama
kay,0.0011927725428469,fr,futurama
plaidoirie,0.0011927725428469,fr,futurama
reposer,0.0011847494954742,fr,futurama
blesser,0.0011847494954742,fr,futurama
intressant,0.0011847494954742,fr,futurama
joindre,0.0011847494954742,fr,futurama
moindre,0.0011847494954742,fr,futurama
innocent,0.0011847494954742,fr,futurama
diffrence,0.0011847494954742,fr,futurama
utilis,0.0011847494954742,fr,futurama
flatt,0.0011843572090089,fr,futurama
fondateur,0.0011843572090089,fr,futurama
invasion,0.0011843572090089,fr,futurama
hasser,0.0011843572090089,fr,futurama
offense,0.0011843572090089,fr,futurama
sophistiqu,0.0011843572090089,fr,futurama
emballe,0.0011843572090089,fr,futurama
concurrent,0.0011843572090089,fr,futurama
mineur,0.0011832220727969,fr,futurama
dtruir,0.0011832220727969,fr,futurama
pistolet,0.0011832220727969,fr,futurama
pleur,0.0011832220727969,fr,futurama
otage,0.0011832220727969,fr,futurama
montagne,0.0011832220727969,fr,futurama
arrive,0.0011752157294283,fr,futurama
cens,0.0011752157294283,fr,futurama
adresse,0.0011752157294283,fr,futurama
perdu,0.0011752157294283,fr,futurama
ausculter,0.0011738645501826,fr,futurama
encercls,0.0011738645501826,fr,futurama
binaire,0.0011738645501826,fr,futurama
arrosage,0.0011738645501826,fr,futurama
capitain,0.0011738645501826,fr,futurama
gag,0.0011738645501826,fr,futurama
armstrong,0.0011738645501826,fr,futurama
tombeau,0.0011738645501826,fr,futurama
incarnation,0.0011738645501826,fr,futurama
surcharger,0.0011738645501826,fr,futurama
nabot,0.0011738645501826,fr,futurama
cadence,0.0011738645501826,fr,futurama
glacier,0.0011738645501826,fr,futurama
carcer,0.0011738645501826,fr,futurama
casss,0.0011738645501826,fr,futurama
shake,0.0011738645501826,fr,futurama
essaim,0.0011738645501826,fr,futurama
lchet,0.0011738645501826,fr,futurama
usage,0.0011732941310789,fr,futurama
chant,0.0011732941310789,fr,futurama
racheter,0.0011732941310789,fr,futurama
torture,0.0011732941310789,fr,futurama
entrane,0.0011732941310789,fr,futurama
russite,0.0011732941310789,fr,futurama
kilo,0.0011732941310789,fr,futurama
phase,0.0011732941310789,fr,futurama
attraction,0.0011727672446222,fr,futurama
affirmatif,0.0011727672446222,fr,futurama
ruban,0.0011727672446222,fr,futurama
passionner,0.0011727672446222,fr,futurama
plombier,0.0011727672446222,fr,futurama
affile,0.0011727672446222,fr,futurama
rsout,0.0011727672446222,fr,futurama
burger,0.0011727672446222,fr,futurama
rebondir,0.0011727672446222,fr,futurama
vtement,0.0011657631028006,fr,futurama
respirer,0.0011657631028006,fr,futurama
exclure,0.0011634758926192,fr,futurama
intimit,0.0011634758926192,fr,futurama
nomm,0.0011634758926192,fr,futurama
marquer,0.0011634758926192,fr,futurama
confrence,0.0011634758926192,fr,futurama
blonde,0.0011634758926192,fr,futurama
rideau,0.0011634758926192,fr,futurama
glisser,0.0011634758926192,fr,futurama
dpose,0.0011634758926192,fr,futurama
semi,0.001161375409018,fr,futurama
culot,0.001161375409018,fr,futurama
librez,0.001161375409018,fr,futurama
roulette,0.001161375409018,fr,futurama
volontier,0.001161375409018,fr,futurama
rafrachir,0.001161375409018,fr,futurama
colonel,0.001161375409018,fr,futurama
chercheur,0.001161375409018,fr,futurama
industriel,0.001161375409018,fr,futurama
logiciel,0.001161375409018,fr,futurama
araigne,0.001161375409018,fr,futurama
priv,0.0011563902461247,fr,futurama
dcision,0.0011563902461247,fr,futurama
commun,0.0011563902461247,fr,futurama
vaine,0.0011557285312484,fr,futurama
volatil,0.0011557285312484,fr,futurama
coffret,0.0011557285312484,fr,futurama
assortiment,0.0011557285312484,fr,futurama
jonction,0.0011557285312484,fr,futurama
glaage,0.0011557285312484,fr,futurama
ptition,0.0011557285312484,fr,futurama
limpide,0.0011557285312484,fr,futurama
chssi,0.0011557285312484,fr,futurama
brien,0.0011557285312484,fr,futurama
hydraulique,0.0011557285312484,fr,futurama
ovni,0.0011557285312484,fr,futurama
lectrochoc,0.0011557285312484,fr,futurama
offerte,0.0011557285312484,fr,futurama
diffu,0.0011557285312484,fr,futurama
renommer,0.0011557285312484,fr,futurama
urbaine,0.0011557285312484,fr,futurama
indique,0.00115376495946,fr,futurama
front,0.00115376495946,fr,futurama
sacrifier,0.00115376495946,fr,futurama
rampe,0.0011501750419268,fr,futurama
martini,0.0011501750419268,fr,futurama
aliment,0.0011501750419268,fr,futurama
peluche,0.0011501750419268,fr,futurama
gchi,0.0011501750419268,fr,futurama
promet,0.0011470958243152,fr,futurama
arrestation,0.0011441590114182,fr,futurama
embarrasser,0.0011441590114182,fr,futurama
cong,0.0011441590114182,fr,futurama
mobile,0.0011441590114182,fr,futurama
oser,0.0011441590114182,fr,futurama
commencez,0.0011441590114182,fr,futurama
souffrance,0.0011441590114182,fr,futurama
essayon,0.0011441590114182,fr,futurama
paratre,0.0011441590114182,fr,futurama
dpas,0.0011441590114182,fr,futurama
relaxe,0.0011391598133712,fr,futurama
construit,0.0011391598133712,fr,futurama
racle,0.0011391598133712,fr,futurama
russirer,0.0011391598133712,fr,futurama
corne,0.0011391598133712,fr,futurama
decheance,0.0011389179703015,fr,futurama
snackrifice,0.0011389179703015,fr,futurama
weehauken,0.0011389179703015,fr,futurama
submutant,0.0011389179703015,fr,futurama
subgout,0.0011389179703015,fr,futurama
signod,0.0011389179703015,fr,futurama
signa,0.0011389179703015,fr,futurama
tabasserai,0.0011389179703015,fr,futurama
inteluit,0.0011389179703015,fr,futurama
indigene,0.0011389179703015,fr,futurama
blorks,0.0011389179703015,fr,futurama
createur,0.0011389179703015,fr,futurama
hommewich,0.0011389179703015,fr,futurama
superslurm,0.0011389179703015,fr,futurama
dikr,0.0011389179703015,fr,futurama
slurmmelier,0.0011389179703015,fr,futurama
sushine,0.0011389179703015,fr,futurama
saxophonist,0.0011389179703015,fr,futurama
beelersaure,0.0011389179703015,fr,futurama
beeler,0.0011389179703015,fr,futurama
vitelli,0.0011389179703015,fr,futurama
generateur,0.0011389179703015,fr,futurama
afffair,0.0011389179703015,fr,futurama
swede,0.0011389179703015,fr,futurama
signods,0.0011389179703015,fr,futurama
encombrait,0.0011389179703015,fr,futurama
stumbo,0.0011389179703015,fr,futurama
cerceal,0.0011389179703015,fr,futurama
odorama,0.0011389179703015,fr,futurama
nichelle,0.0011389179703015,fr,futurama
blacula,0.0011389179703015,fr,futurama
millenaire,0.0011389179703015,fr,futurama
onomi,0.0011389179703015,fr,futurama
hubie,0.0011389179703015,fr,futurama
refrigerer,0.0011389179703015,fr,futurama
ecrem,0.0011389179703015,fr,futurama
qualite,0.0011389179703015,fr,futurama
verrouillee,0.0011389179703015,fr,futurama
debuggage,0.0011389179703015,fr,futurama
ladyland,0.0011389179703015,fr,futurama
bicy,0.0011389179703015,fr,futurama
outp,0.0011389179703015,fr,futurama
faufilon,0.0011389179703015,fr,futurama
latourer,0.0011389179703015,fr,futurama
mlangiste,0.0011389179703015,fr,futurama
centrali,0.0011389179703015,fr,futurama
glurmo,0.0011389179703015,fr,futurama
fierement,0.0011389179703015,fr,futurama
phrer,0.0011389179703015,fr,futurama
resolidifi,0.0011389179703015,fr,futurama
reaganaute,0.0011389179703015,fr,futurama
lunkadidon,0.0011389179703015,fr,futurama
dansrent,0.0011389179703015,fr,futurama
masacrar,0.0011389179703015,fr,futurama
splendider,0.0011389179703015,fr,futurama
necrologie,0.0011389179703015,fr,futurama
parallele,0.0011389179703015,fr,futurama
endormeur,0.0011389179703015,fr,futurama
jumbonium,0.0011389179703015,fr,futurama
envahisson,0.0011389179703015,fr,futurama
dukaki,0.0011389179703015,fr,futurama
skanadel,0.0011389179703015,fr,futurama
pondration,0.0011389179703015,fr,futurama
riviere,0.0011389179703015,fr,futurama
agrandisseur,0.0011389179703015,fr,futurama
aromatisee,0.0011389179703015,fr,futurama
roboton,0.0011389179703015,fr,futurama
mcfesse,0.0011389179703015,fr,futurama
tragi,0.0011389179703015,fr,futurama
dchanera,0.0011389179703015,fr,futurama
dsinstallation,0.0011389179703015,fr,futurama
enfivr,0.0011389179703015,fr,futurama
regate,0.0011389179703015,fr,futurama
abrgier,0.0011389179703015,fr,futurama
executeur,0.0011389179703015,fr,futurama
thermostadt,0.0011389179703015,fr,futurama
garout,0.0011389179703015,fr,futurama
inserer,0.0011389179703015,fr,futurama
echoua,0.0011389179703015,fr,futurama
interclubs,0.0011389179703015,fr,futurama
attrapa,0.0011389179703015,fr,futurama
decapodian,0.0011389179703015,fr,futurama
decapod,0.0011389179703015,fr,futurama
gamahl,0.0011389179703015,fr,futurama
changstein,0.0011389179703015,fr,futurama
jaillissaient,0.0011389179703015,fr,futurama
seigneurweiser,0.0011389179703015,fr,futurama
crevetasse,0.0011389179703015,fr,futurama
crabuleuse,0.0011389179703015,fr,futurama
flagornerie,0.0011389179703015,fr,futurama
insinuent,0.0011389179703015,fr,futurama
botwiser,0.0011389179703015,fr,futurama
oily,0.0011389179703015,fr,futurama
tricheri,0.0011389179703015,fr,futurama
reacteur,0.0011389179703015,fr,futurama
echappement,0.0011389179703015,fr,futurama
coursiv,0.0011389179703015,fr,futurama
cannibalon,0.0011389179703015,fr,futurama
gnialifique,0.0011389179703015,fr,futurama
cretine,0.0011389179703015,fr,futurama
usit,0.0011389179703015,fr,futurama
irreverencieux,0.0011389179703015,fr,futurama
jergen,0.0011389179703015,fr,futurama
antechrysler,0.0011389179703015,fr,futurama
dome,0.0011389179703015,fr,futurama
jettunmax,0.0011389179703015,fr,futurama
norvegien,0.0011389179703015,fr,futurama
dgivr,0.0011389179703015,fr,futurama
cryogenise,0.0011389179703015,fr,futurama
polygrip,0.0011389179703015,fr,futurama
speleologie,0.0011389179703015,fr,futurama
randonnee,0.0011389179703015,fr,futurama
mentholyptus,0.0011389179703015,fr,futurama
formica,0.0011389179703015,fr,futurama
lectronium,0.0011389179703015,fr,futurama
clbrissime,0.0011389179703015,fr,futurama
grea,0.0011389179703015,fr,futurama
depute,0.0011389179703015,fr,futurama
denivellation,0.0011389179703015,fr,futurama
spizzler,0.0011389179703015,fr,futurama
franglais,0.0011389179703015,fr,futurama
antichoc,0.0011389179703015,fr,futurama
dtentrice,0.0011389179703015,fr,futurama
jah,0.0011389179703015,fr,futurama
prelevemer,0.0011389179703015,fr,futurama
cybercrature,0.0011389179703015,fr,futurama
microdrode,0.0011389179703015,fr,futurama
enrouill,0.0011389179703015,fr,futurama
couardise,0.0011389179703015,fr,futurama
audacieuce,0.0011389179703015,fr,futurama
traverserait,0.0011389179703015,fr,futurama
tele,0.0011389179703015,fr,futurama
coteuser,0.0011389179703015,fr,futurama
aldebaran,0.0011389179703015,fr,futurama
pantalonnade,0.0011389179703015,fr,futurama
hibernative,0.0011389179703015,fr,futurama
cryoniqu,0.0011389179703015,fr,futurama
estamper,0.0011389179703015,fr,futurama
oprahisme,0.0011389179703015,fr,futurama
jerimatic,0.0011389179703015,fr,futurama
baptismal,0.0011389179703015,fr,futurama
robotologie,0.0011389179703015,fr,futurama
influencera,0.0011389179703015,fr,futurama
sicily,0.0011389179703015,fr,futurama
ringardo,0.0011389179703015,fr,futurama
beelzebot,0.0011389179703015,fr,futurama
expulson,0.0011389179703015,fr,futurama
chatouillon,0.0011389179703015,fr,futurama
nougath,0.0011389179703015,fr,futurama
pylorique,0.0011389179703015,fr,futurama
elasto,0.0011389179703015,fr,futurama
elastoman,0.0011389179703015,fr,futurama
dcongestif,0.0011389179703015,fr,futurama
gommant,0.0011389179703015,fr,futurama
irriteron,0.0011389179703015,fr,futurama
egoutcom,0.0011389179703015,fr,futurama
astroque,0.0011389179703015,fr,futurama
procrateur,0.0011389179703015,fr,futurama
crapouill,0.0011389179703015,fr,futurama
fugeus,0.0011389179703015,fr,futurama
odoromtre,0.0011389179703015,fr,futurama
urectum,0.0011389179703015,fr,futurama
uranus,0.0011389179703015,fr,futurama
prsomptueu,0.0011389179703015,fr,futurama
popeil,0.0011389179703015,fr,futurama
chevitz,0.0011389179703015,fr,futurama
partay,0.0011389179703015,fr,futurama
tricorders,0.0011389179703015,fr,futurama
hermenthotip,0.0011389179703015,fr,futurama
chaipluqui,0.0011389179703015,fr,futurama
toutankatruc,0.0011389179703015,fr,futurama
asuffi,0.0011389179703015,fr,futurama
tombeal,0.0011389179703015,fr,futurama
cyri,0.0011389179703015,fr,futurama
pruneal,0.0011389179703015,fr,futurama
cratie,0.0011389179703015,fr,futurama
plon,0.0011389179703015,fr,futurama
blooper,0.0011389179703015,fr,futurama
bathroom,0.0011389179703015,fr,futurama
dcoiffera,0.0011389179703015,fr,futurama
amazonier,0.0011389179703015,fr,futurama
zoido,0.0011389179703015,fr,futurama
partenair,0.0011389179703015,fr,futurama
rampera,0.0011389179703015,fr,futurama
tlsonique,0.0011389179703015,fr,futurama
croquiez,0.0011389179703015,fr,futurama
decapodia,0.0011389179703015,fr,futurama
parcourut,0.0011389179703015,fr,futurama
dglutit,0.0011389179703015,fr,futurama
ungo,0.0011389179703015,fr,futurama
crotter,0.0011389179703015,fr,futurama
zooka,0.0011389179703015,fr,futurama
tiparillo,0.0011389179703015,fr,futurama
scratchmo,0.0011389179703015,fr,futurama
branchee,0.0011389179703015,fr,futurama
angleen,0.0011389179703015,fr,futurama
flof,0.0011389179703015,fr,futurama
limac,0.0011389179703015,fr,futurama
magret,0.0011389179703015,fr,futurama
robotany,0.0011389179703015,fr,futurama
jombee,0.0011389179703015,fr,futurama
btostrone,0.0011389179703015,fr,futurama
deplace,0.0011389179703015,fr,futurama
disparme,0.0011389179703015,fr,futurama
martyrise,0.0011389179703015,fr,futurama
palpi,0.0011389179703015,fr,futurama
attrapo,0.0011389179703015,fr,futurama
torque,0.0011389179703015,fr,futurama
altruistement,0.0011389179703015,fr,futurama
inaltre,0.0011389179703015,fr,futurama
tourterelle,0.0011389179703015,fr,futurama
consolon,0.0011389179703015,fr,futurama
ebriete,0.0011389179703015,fr,futurama
inferieur,0.0011389179703015,fr,futurama
ringarder,0.0011389179703015,fr,futurama
eventrez,0.0011389179703015,fr,futurama
throm,0.0011389179703015,fr,futurama
hudg,0.0011389179703015,fr,futurama
spiegel,0.0011389179703015,fr,futurama
jillion,0.0011389179703015,fr,futurama
lightspeed,0.0011389179703015,fr,futurama
ameliorant,0.0011389179703015,fr,futurama
cosmetique,0.0011389179703015,fr,futurama
smogmeyer,0.0011389179703015,fr,futurama
halatiner,0.0011389179703015,fr,futurama
glemmy,0.0011389179703015,fr,futurama
automo,0.0011389179703015,fr,futurama
tresors,0.0011389179703015,fr,futurama
matombay,0.0011389179703015,fr,futurama
zoidy,0.0011389179703015,fr,futurama
smalley,0.0011389179703015,fr,futurama
ufr,0.0011389179703015,fr,futurama
mprisent,0.0011389179703015,fr,futurama
lentomobile,0.0011389179703015,fr,futurama
rformiste,0.0011389179703015,fr,futurama
zoidbie,0.0011389179703015,fr,futurama
tweenis,0.0011389179703015,fr,futurama
tweeni,0.0011389179703015,fr,futurama
bamiez,0.0011389179703015,fr,futurama
surbcu,0.0011389179703015,fr,futurama
refroidiront,0.0011389179703015,fr,futurama
megateuf,0.0011389179703015,fr,futurama
merdenmeyer,0.0011389179703015,fr,futurama
robnol,0.0011389179703015,fr,futurama
rpauchement,0.0011389179703015,fr,futurama
zouave,0.0011389179703015,fr,futurama
tournag,0.0011389179703015,fr,futurama
gotier,0.0011389179703015,fr,futurama
slassi,0.0011389179703015,fr,futurama
imprtabl,0.0011389179703015,fr,futurama
tholien,0.0011389179703015,fr,futurama
adomuter,0.0011389179703015,fr,futurama
altrateur,0.0011389179703015,fr,futurama
jouvenceur,0.0011389179703015,fr,futurama
jouvenceuse,0.0011389179703015,fr,futurama
faisceal,0.0011389179703015,fr,futurama
tlcomande,0.0011389179703015,fr,futurama
coolomtre,0.0011389179703015,fr,futurama
epingle,0.0011389179703015,fr,futurama
vanitie,0.0011389179703015,fr,futurama
proprof,0.0011389179703015,fr,futurama
millisecond,0.0011389179703015,fr,futurama
nibblonien,0.0011389179703015,fr,futurama
eternium,0.0011389179703015,fr,futurama
ominos,0.0011389179703015,fr,futurama
shockolin,0.0011389179703015,fr,futurama
robamadan,0.0011389179703015,fr,futurama
coloni,0.0011389179703015,fr,futurama
sensuellement,0.0011389179703015,fr,futurama
hermaflamant,0.0011389179703015,fr,futurama
erotiqu,0.0011389179703015,fr,futurama
suffisanc,0.0011389179703015,fr,futurama
octillion,0.0011389179703015,fr,futurama
geologie,0.0011389179703015,fr,futurama
lectriquemer,0.0011389179703015,fr,futurama
mobootu,0.0011389179703015,fr,futurama
exorbitant,0.0011389179703015,fr,futurama
zarlon,0.0011389179703015,fr,futurama
adostandard,0.0011389179703015,fr,futurama
telechargemer,0.0011389179703015,fr,futurama
crvriale,0.0011389179703015,fr,futurama
roberculose,0.0011389179703015,fr,futurama
desinfection,0.0011389179703015,fr,futurama
crnom,0.0011389179703015,fr,futurama
lulabelle,0.0011389179703015,fr,futurama
piquon,0.0011389179703015,fr,futurama
incorrection,0.0011389179703015,fr,futurama
ckoi,0.0011389179703015,fr,futurama
holosketch,0.0011389179703015,fr,futurama
holodisqu,0.0011389179703015,fr,futurama
coucouche,0.0011389179703015,fr,futurama
nesse,0.0011389179703015,fr,futurama
buggalos,0.0011389179703015,fr,futurama
tribiale,0.0011389179703015,fr,futurama
embauchoir,0.0011389179703015,fr,futurama
epargnez,0.0011389179703015,fr,futurama
fenimore,0.0011389179703015,fr,futurama
mutagene,0.0011389179703015,fr,futurama
collationneur,0.0011389179703015,fr,futurama
saturnien,0.0011389179703015,fr,futurama
vnusien,0.0011389179703015,fr,futurama
seniorscout,0.0011389179703015,fr,futurama
dedicace,0.0011389179703015,fr,futurama
zoidberb,0.0011389179703015,fr,futurama
odeurovision,0.0011389179703015,fr,futurama
variete,0.0011389179703015,fr,futurama
megaphone,0.0011389179703015,fr,futurama
monstro,0.0011389179703015,fr,futurama
bravehead,0.0011389179703015,fr,futurama
ancetre,0.0011389179703015,fr,futurama
sexytria,0.0011389179703015,fr,futurama
dernierer,0.0011389179703015,fr,futurama
nimballer,0.0011389179703015,fr,futurama
vertebr,0.0011389179703015,fr,futurama
catraz,0.0011389179703015,fr,futurama
evade,0.0011389179703015,fr,futurama
marisatomei,0.0011389179703015,fr,futurama
futuroscope,0.0011389179703015,fr,futurama
girash,0.0011389179703015,fr,futurama
neunil,0.0011389179703015,fr,futurama
festu,0.0011389179703015,fr,futurama
froissable,0.0011389179703015,fr,futurama
cervoziller,0.0011389179703015,fr,futurama
saperli,0.0011389179703015,fr,futurama
starbeurk,0.0011389179703015,fr,futurama
mcdonaz,0.0011389179703015,fr,futurama
yeur,0.0011389179703015,fr,futurama
savourrer,0.0011389179703015,fr,futurama
hartfordshire,0.0011389179703015,fr,futurama
pathe,0.0011389179703015,fr,futurama
congler,0.0011389179703015,fr,futurama
aquisition,0.0011389179703015,fr,futurama
encphal,0.0011389179703015,fr,futurama
archduke,0.0011389179703015,fr,futurama
baconis,0.0011389179703015,fr,futurama
guepe,0.0011389179703015,fr,futurama
xxillme,0.0011389179703015,fr,futurama
debugger,0.0011389179703015,fr,futurama
vitamor,0.0011389179703015,fr,futurama
sonom,0.0011389179703015,fr,futurama
homopathe,0.0011389179703015,fr,futurama
megacolle,0.0011389179703015,fr,futurama
tragedie,0.0011389179703015,fr,futurama
alleger,0.0011389179703015,fr,futurama
centauri,0.0011389179703015,fr,futurama
dorp,0.0011389179703015,fr,futurama
dveil,0.0011389179703015,fr,futurama
leeler,0.0011389179703015,fr,futurama
phry,0.0011389179703015,fr,futurama
securise,0.0011389179703015,fr,futurama
parlhpl,0.0011389179703015,fr,futurama
glacir,0.0011389179703015,fr,futurama
spaciopilote,0.0011389179703015,fr,futurama
favouar,0.0011389179703015,fr,futurama
prve,0.0011389179703015,fr,futurama
charpiiie,0.0011389179703015,fr,futurama
infrieurer,0.0011389179703015,fr,futurama
fievre,0.0011389179703015,fr,futurama
joueuser,0.0011389179703015,fr,futurama
zittzer,0.0011389179703015,fr,futurama
roupette,0.0011389179703015,fr,futurama
kooparillo,0.0011389179703015,fr,futurama
derriere,0.0011389179703015,fr,futurama
bollar,0.0011389179703015,fr,futurama
delicieux,0.0011389179703015,fr,futurama
atchou,0.0011389179703015,fr,futurama
pernitent,0.0011389179703015,fr,futurama
dementia,0.0011389179703015,fr,futurama
gonk,0.0011389179703015,fr,futurama
paramcil,0.0011389179703015,fr,futurama
doohan,0.0011389179703015,fr,futurama
rebarios,0.0011389179703015,fr,futurama
motron,0.0011389179703015,fr,futurama
dauverer,0.0011389179703015,fr,futurama
ceti,0.0011389179703015,fr,futurama
trekfest,0.0011389179703015,fr,futurama
daisseau,0.0011389179703015,fr,futurama
trefle,0.0011389179703015,fr,futurama
tempura,0.0011389179703015,fr,futurama
reinitialisation,0.0011389179703015,fr,futurama
karatka,0.0011389179703015,fr,futurama
crustace,0.0011389179703015,fr,futurama
fischerprei,0.0011389179703015,fr,futurama
tapisserai,0.0011389179703015,fr,futurama
arrivee,0.0011389179703015,fr,futurama
octadre,0.0011389179703015,fr,futurama
localisrer,0.0011389179703015,fr,futurama
saumer,0.0011389179703015,fr,futurama
obliteron,0.0011389179703015,fr,futurama
regawde,0.0011389179703015,fr,futurama
magicienn,0.0011389179703015,fr,futurama
curative,0.0011389179703015,fr,futurama
frenesi,0.0011389179703015,fr,futurama
giclerai,0.0011389179703015,fr,futurama
teratchou,0.0011389179703015,fr,futurama
tarantulon,0.0011389179703015,fr,futurama
freaksworth,0.0011389179703015,fr,futurama
clacanthe,0.0011389179703015,fr,futurama
diabolisme,0.0011389179703015,fr,futurama
diabla,0.0011389179703015,fr,futurama
planetair,0.0011389179703015,fr,futurama
gravistat,0.0011389179703015,fr,futurama
eliminateur,0.0011389179703015,fr,futurama
pinon,0.0011389179703015,fr,futurama
extrafayette,0.0011389179703015,fr,futurama
minuteman,0.0011389179703015,fr,futurama
groady,0.0011389179703015,fr,futurama
crypool,0.0011389179703015,fr,futurama
preparatoir,0.0011389179703015,fr,futurama
rodman,0.0011389179703015,fr,futurama
larroquette,0.0011389179703015,fr,futurama
misericorde,0.0011389179703015,fr,futurama
recombobiner,0.0011389179703015,fr,futurama
rancon,0.0011389179703015,fr,futurama
onssbar,0.0011389179703015,fr,futurama
bisoubear,0.0011389179703015,fr,futurama
klaxonnante,0.0011389179703015,fr,futurama
recuire,0.0011389179703015,fr,futurama
klaxonna,0.0011389179703015,fr,futurama
ptroleuse,0.0011389179703015,fr,futurama
gwatte,0.0011389179703015,fr,futurama
fouwwuwe,0.0011389179703015,fr,futurama
pwononce,0.0011389179703015,fr,futurama
wespectivement,0.0011389179703015,fr,futurama
tewwibl,0.0011389179703015,fr,futurama
hedonismbot,0.0011389179703015,fr,futurama
hypnotoad,0.0011389179703015,fr,futurama
nioise,0.0011389179703015,fr,futurama
sisi,0.0011389179703015,fr,futurama
bigface,0.0011389179703015,fr,futurama
shiz,0.0011389179703015,fr,futurama
blablateur,0.0011389179703015,fr,futurama
clbrrer,0.0011389179703015,fr,futurama
zoidfarb,0.0011389179703015,fr,futurama
aerienn,0.0011389179703015,fr,futurama
calamiteu,0.0011389179703015,fr,futurama
friedan,0.0011389179703015,fr,futurama
scop,0.0011389179703015,fr,futurama
abruto,0.0011389179703015,fr,futurama
adopton,0.0011389179703015,fr,futurama
volee,0.0011389179703015,fr,futurama
chtimul,0.0011389179703015,fr,futurama
microtesla,0.0011389179703015,fr,futurama
darn,0.0011389179703015,fr,futurama
frico,0.0011389179703015,fr,futurama
fricos,0.0011389179703015,fr,futurama
fertiliserai,0.0011389179703015,fr,futurama
sulawesi,0.0011389179703015,fr,futurama
kify,0.0011389179703015,fr,futurama
guppy,0.0011389179703015,fr,futurama
starfishbuck,0.0011389179703015,fr,futurama
itineraire,0.0011389179703015,fr,futurama
komedie,0.0011389179703015,fr,futurama
sinewave,0.0011389179703015,fr,futurama
labarbrer,0.0011389179703015,fr,futurama
superieure,0.0011389179703015,fr,futurama
vrito,0.0011389179703015,fr,futurama
arovoiture,0.0011389179703015,fr,futurama
aropont,0.0011389179703015,fr,futurama
dvissabl,0.0011389179703015,fr,futurama
presidentiel,0.0011389179703015,fr,futurama
rligibl,0.0011389179703015,fr,futurama
verbiag,0.0011389179703015,fr,futurama
trempez,0.0011389179703015,fr,futurama
sega,0.0011389179703015,fr,futurama
bureaucratiser,0.0011389179703015,fr,futurama
tabulation,0.0011389179703015,fr,futurama
nimbus,0.0011389179703015,fr,futurama
hammurabi,0.0011389179703015,fr,futurama
ressucite,0.0011389179703015,fr,futurama
neunuil,0.0011389179703015,fr,futurama
insron,0.0011389179703015,fr,futurama
duraflame,0.0011389179703015,fr,futurama
tirrer,0.0011389179703015,fr,futurama
rabouler,0.0011389179703015,fr,futurama
coquinerie,0.0011389179703015,fr,futurama
selectionnee,0.0011389179703015,fr,futurama
ynator,0.0011389179703015,fr,futurama
androg,0.0011389179703015,fr,futurama
chasuble,0.0011389179703015,fr,futurama
testostr,0.0011389179703015,fr,futurama
robonienne,0.0011389179703015,fr,futurama
multiculturalisme,0.0011389179703015,fr,futurama
asienne,0.0011389179703015,fr,futurama
antarctico,0.0011389179703015,fr,futurama
thorai,0.0011389179703015,fr,futurama
civi,0.0011389179703015,fr,futurama
derapage,0.0011389179703015,fr,futurama
pecheur,0.0011389179703015,fr,futurama
buttoir,0.0011389179703015,fr,futurama
bendaide,0.0011389179703015,fr,futurama
becktionnair,0.0011389179703015,fr,futurama
larouch,0.0011389179703015,fr,futurama
hexomdine,0.0011389179703015,fr,futurama
legalation,0.0011389179703015,fr,futurama
deforest,0.0011389179703015,fr,futurama
pouillage,0.0011389179703015,fr,futurama
injustic,0.0011389179703015,fr,futurama
tlporta,0.0011389179703015,fr,futurama
spectroliseur,0.0011389179703015,fr,futurama
saucier,0.0011389179703015,fr,futurama
degustation,0.0011389179703015,fr,futurama
colisee,0.0011389179703015,fr,futurama
smision,0.0011389179703015,fr,futurama
clodobase,0.0011389179703015,fr,futurama
metallico,0.0011389179703015,fr,futurama
roussir,0.0011389179703015,fr,futurama
moustillante,0.0011389179703015,fr,futurama
tenebre,0.0011389179703015,fr,futurama
coprolithe,0.0011389179703015,fr,futurama
comatonine,0.0011389179703015,fr,futurama
pixelliss,0.0011389179703015,fr,futurama
nintendien,0.0011389179703015,fr,futurama
xanfor,0.0011389179703015,fr,futurama
egout,0.0011389179703015,fr,futurama
plausibilit,0.0011389179703015,fr,futurama
solaud,0.0011389179703015,fr,futurama
executo,0.0011389179703015,fr,futurama
immediate,0.0011389179703015,fr,futurama
pouvanter,0.0011389179703015,fr,futurama
pramala,0.0011389179703015,fr,futurama
farnscrotte,0.0011389179703015,fr,futurama
cuissot,0.0011389179703015,fr,futurama
fmifluide,0.0011389179703015,fr,futurama
telecharger,0.0011389179703015,fr,futurama
lancon,0.0011389179703015,fr,futurama
horriblissime,0.0011389179703015,fr,futurama
roderai,0.0011389179703015,fr,futurama
demolisseur,0.0011389179703015,fr,futurama
sacree,0.0011389179703015,fr,futurama
algbrique,0.0011389179703015,fr,futurama
sentoscope,0.0011389179703015,fr,futurama
antisaut,0.0011389179703015,fr,futurama
fluctuent,0.0011389179703015,fr,futurama
urtrier,0.0011389179703015,fr,futurama
sploseur,0.0011389179703015,fr,futurama
rieux,0.0011389179703015,fr,futurama
physionomister,0.0011389179703015,fr,futurama
wingu,0.0011389179703015,fr,futurama
grolch,0.0011389179703015,fr,futurama
marchiez,0.0011389179703015,fr,futurama
infomoustique,0.0011389179703015,fr,futurama
mosast,0.0011389179703015,fr,futurama
suburbaine,0.0011389179703015,fr,futurama
lascive,0.0011389179703015,fr,futurama
liu,0.0011389179703015,fr,futurama
robosex,0.0011389179703015,fr,futurama
girdleson,0.0011389179703015,fr,futurama
pretendre,0.0011389179703015,fr,futurama
pequenot,0.0011389179703015,fr,futurama
gobot,0.0011389179703015,fr,futurama
cervo,0.0011389179703015,fr,futurama
lesotho,0.0011389179703015,fr,futurama
chunks,0.0011389179703015,fr,futurama
twiter,0.0011389179703015,fr,futurama
compliquon,0.0011389179703015,fr,futurama
chunk,0.0011389179703015,fr,futurama
dsabonne,0.0011389179703015,fr,futurama
antichampignon,0.0011389179703015,fr,futurama
pensee,0.0011389179703015,fr,futurama
lure,0.0011389179703015,fr,futurama
mamancomp,0.0011389179703015,fr,futurama
roboticon,0.0011389179703015,fr,futurama
obsoltely,0.0011389179703015,fr,futurama
quac,0.0011389179703015,fr,futurama
garderi,0.0011389179703015,fr,futurama
indunder,0.0011389179703015,fr,futurama
pabst,0.0011389179703015,fr,futurama
lbrau,0.0011389179703015,fr,futurama
clonon,0.0011389179703015,fr,futurama
merdecure,0.0011389179703015,fr,futurama
kracken,0.0011389179703015,fr,futurama
chronographe,0.0011389179703015,fr,futurama
facad,0.0011389179703015,fr,futurama
meurtriere,0.0011389179703015,fr,futurama
competent,0.0011389179703015,fr,futurama
activee,0.0011389179703015,fr,futurama
ttri,0.0011389179703015,fr,futurama
projeton,0.0011389179703015,fr,futurama
representant,0.0011389179703015,fr,futurama
bopper,0.0011389179703015,fr,futurama
televiseur,0.0011389179703015,fr,futurama
fedora,0.0011389179703015,fr,futurama
kinnear,0.0011389179703015,fr,futurama
enu,0.0011389179703015,fr,futurama
dotre,0.0011389179703015,fr,futurama
dominon,0.0011389179703015,fr,futurama
bouddah,0.0011389179703015,fr,futurama
aerosol,0.0011389179703015,fr,futurama
jorell,0.0011389179703015,fr,futurama
gravioli,0.0011389179703015,fr,futurama
obsede,0.0011389179703015,fr,futurama
zodberg,0.0011389179703015,fr,futurama
sanibroyeur,0.0011389179703015,fr,futurama
geant,0.0011389179703015,fr,futurama
smizmar,0.0011389179703015,fr,futurama
octunien,0.0011389179703015,fr,futurama
realisation,0.0011389179703015,fr,futurama
mutinon,0.0011389179703015,fr,futurama
pilonnage,0.0011389179703015,fr,futurama
inaltr,0.0011389179703015,fr,futurama
simette,0.0011389179703015,fr,futurama
veracruz,0.0011389179703015,fr,futurama
septupl,0.0011389179703015,fr,futurama
atron,0.0011389179703015,fr,futurama
emote,0.0011389179703015,fr,futurama
culkon,0.0011389179703015,fr,futurama
crapo,0.0011389179703015,fr,futurama
plongemer,0.0011389179703015,fr,futurama
nylar,0.0011389179703015,fr,futurama
dballent,0.0011389179703015,fr,futurama
chuchoton,0.0011389179703015,fr,futurama
reptilicus,0.0011389179703015,fr,futurama
ouate,0.0011389179703015,fr,futurama
sseau,0.0011389179703015,fr,futurama
fesson,0.0011389179703015,fr,futurama
calcy,0.0011389179703015,fr,futurama
imploser,0.0011383039148199,fr,futurama
rebondissement,0.0011383039148199,fr,futurama
altesse,0.0011383039148199,fr,futurama
stro,0.0011383039148199,fr,futurama
dbarra,0.0011383039148199,fr,futurama
prude,0.0011383039148199,fr,futurama
majordome,0.0011383039148199,fr,futurama
sinus,0.0011383039148199,fr,futurama
fton,0.0011383039148199,fr,futurama
cblage,0.0011383039148199,fr,futurama
simulateur,0.0011383039148199,fr,futurama
tricot,0.0011383039148199,fr,futurama
orgueil,0.0011383039148199,fr,futurama
pompeux,0.0011383039148199,fr,futurama
eden,0.0011383039148199,fr,futurama
asticot,0.0011383039148199,fr,futurama
exhumer,0.0011383039148199,fr,futurama
rpond,0.0011378785355259,fr,futurama
disai,0.0011378785355259,fr,futurama
pen,0.0011378785355259,fr,futurama
examiner,0.0011346558027579,fr,futurama
consulter,0.0011346558027579,fr,futurama
mler,0.0011346558027579,fr,futurama
press,0.0011346558027579,fr,futurama
rejet,0.0011346558027579,fr,futurama
ceinture,0.0011346558027579,fr,futurama
aroport,0.0011346558027579,fr,futurama
courir,0.0011287371100559,fr,futurama
postal,0.0011283237021813,fr,futurama
honor,0.0011283237021813,fr,futurama
songer,0.0011283237021813,fr,futurama
lectrique,0.0011283237021813,fr,futurama
fameux,0.0011283237021813,fr,futurama
volu,0.0011283237021813,fr,futurama
verdict,0.0011283237021813,fr,futurama
mrit,0.0011252531590391,fr,futurama
chaude,0.0011252531590391,fr,futurama
prouv,0.0011252531590391,fr,futurama
trane,0.0011252531590391,fr,futurama
fusil,0.0011252531590391,fr,futurama
prviens,0.0011252531590391,fr,futurama
reprend,0.0011252531590391,fr,futurama
flamme,0.0011252531590391,fr,futurama
prisonnier,0.0011252531590391,fr,futurama
dbarrer,0.0011252531590391,fr,futurama
stylo,0.0011252531590391,fr,futurama
propret,0.0011215369902509,fr,futurama
beige,0.0011215369902509,fr,futurama
pouvantail,0.0011215369902509,fr,futurama
chan,0.0011215369902509,fr,futurama
pacifiste,0.0011215369902509,fr,futurama
prsentateur,0.0011215369902509,fr,futurama
dcidera,0.0011215369902509,fr,futurama
rangers,0.0011215369902509,fr,futurama
orifice,0.0011215369902509,fr,futurama
chausson,0.0011215369902509,fr,futurama
flair,0.0011215369902509,fr,futurama
dlice,0.0011215369902509,fr,futurama
flin,0.0011215369902509,fr,futurama
parader,0.0011215369902509,fr,futurama
charisme,0.0011215369902509,fr,futurama
cyclone,0.0011215369902509,fr,futurama
cne,0.0011215369902509,fr,futurama
gypte,0.0011215369902509,fr,futurama
oie,0.0011215369902509,fr,futurama
vrifier,0.0011196703092995,fr,futurama
exemple,0.0011196703092995,fr,futurama
simplement,0.0011196703092995,fr,futurama
dcever,0.0011176609762284,fr,futurama
gamme,0.0011176609762284,fr,futurama
dragon,0.0011176609762284,fr,futurama
pnibl,0.0011176609762284,fr,futurama
cuisinier,0.0011176609762284,fr,futurama
marchand,0.0011176609762284,fr,futurama
serment,0.0011176609762284,fr,futurama
musiqu,0.0011176609762284,fr,futurama
atelier,0.0011176609762284,fr,futurama
magie,0.0011159489741314,fr,futurama
tar,0.0011159489741314,fr,futurama
retir,0.0011159489741314,fr,futurama
repasser,0.0011159489741314,fr,futurama
bague,0.0011159489741314,fr,futurama
jardin,0.0011159489741314,fr,futurama
remet,0.0011159489741314,fr,futurama
jus,0.0011159489741314,fr,futurama
promener,0.0011159489741314,fr,futurama
propos,0.0011106769247394,fr,futurama
rein,0.0011071661742162,fr,futurama
terriblemer,0.0011071661742162,fr,futurama
dconne,0.0011071661742162,fr,futurama
rer,0.0011071661742162,fr,futurama
retrouvera,0.0011071661742162,fr,futurama
autographe,0.0011071661742162,fr,futurama
souffle,0.0011067412073823,fr,futurama
ralise,0.0011067412073823,fr,futurama
secrt,0.0011067412073823,fr,futurama
encourager,0.0011067412073823,fr,futurama
sucre,0.0011067412073823,fr,futurama
navr,0.0011067412073823,fr,futurama
partiellement,0.0011053799089758,fr,futurama
exploration,0.0011053799089758,fr,futurama
dingo,0.0011053799089758,fr,futurama
girafe,0.0011053799089758,fr,futurama
buanderie,0.0011053799089758,fr,futurama
chenille,0.0011053799089758,fr,futurama
camelote,0.0011053799089758,fr,futurama
marshmallow,0.0011053799089758,fr,futurama
niche,0.0011053799089758,fr,futurama
fente,0.0011053799089758,fr,futurama
hritire,0.0011053799089758,fr,futurama
minral,0.0011053799089758,fr,futurama
soupir,0.0011053799089758,fr,futurama
incomprhensibl,0.0011053799089758,fr,futurama
mutiler,0.0011053799089758,fr,futurama
perptuer,0.0011053799089758,fr,futurama
communiste,0.0011053799089758,fr,futurama
certifi,0.0011053799089758,fr,futurama
fouineur,0.0011053799089758,fr,futurama
gentille,0.0010976278809309,fr,futurama
ressemble,0.0010976278809309,fr,futurama
prcdent,0.0010976278809309,fr,futurama
volontaire,0.0010976278809309,fr,futurama
ngatif,0.0010976278809309,fr,futurama
salon,0.0010976278809309,fr,futurama
dtest,0.0010976278809309,fr,futurama
expression,0.0010976278809309,fr,futurama
tristesse,0.0010968340888828,fr,futurama
mas,0.0010968340888828,fr,futurama
chvre,0.0010968340888828,fr,futurama
cadeal,0.0010968340888828,fr,futurama
mnent,0.0010968340888828,fr,futurama
dvou,0.0010968340888828,fr,futurama
gnre,0.0010897898613066,fr,futurama
neuvime,0.0010897898613066,fr,futurama
silicone,0.0010897898613066,fr,futurama
prsidence,0.0010897898613066,fr,futurama
dshydrat,0.0010897898613066,fr,futurama
geindre,0.0010897898613066,fr,futurama
ration,0.0010897898613066,fr,futurama
galre,0.0010897898613066,fr,futurama
odieu,0.0010897898613066,fr,futurama
hisser,0.0010897898613066,fr,futurama
tracteur,0.0010897898613066,fr,futurama
rvai,0.0010897898613066,fr,futurama
rafrachisser,0.0010897898613066,fr,futurama
optimisme,0.0010897898613066,fr,futurama
importanc,0.0010897898613066,fr,futurama
prairie,0.0010897898613066,fr,futurama
cuistot,0.0010897898613066,fr,futurama
horizontal,0.0010897898613066,fr,futurama
soigneusement,0.0010897898613066,fr,futurama
pdal,0.0010897898613066,fr,futurama
reprsente,0.0010886070771577,fr,futurama
cousin,0.0010886070771577,fr,futurama
volont,0.0010886070771577,fr,futurama
rsister,0.0010886070771577,fr,futurama
nanmoin,0.0010866597514859,fr,futurama
sauveur,0.0010866597514859,fr,futurama
dornaver,0.0010866597514859,fr,futurama
diffuser,0.0010866597514859,fr,futurama
dfaite,0.0010866597514859,fr,futurama
galerie,0.0010866597514859,fr,futurama
culotte,0.0010866597514859,fr,futurama
bavard,0.0010866597514859,fr,futurama
torse,0.0010866597514859,fr,futurama
crainte,0.0010866597514859,fr,futurama
venger,0.001079676936263,fr,futurama
cancer,0.001079676936263,fr,futurama
vendredi,0.001079676936263,fr,futurama
rang,0.001079676936263,fr,futurama
ressen,0.001079676936263,fr,futurama
mlange,0.001079676936263,fr,futurama
perd,0.001079676936263,fr,futurama
avaler,0.001079676936263,fr,futurama
herbe,0.001079676936263,fr,futurama
essaie,0.001079676936263,fr,futurama
justifier,0.001079676936263,fr,futurama
corde,0.001079676936263,fr,futurama
stand,0.0010766384174544,fr,futurama
brute,0.0010766384174544,fr,futurama
mare,0.0010766384174544,fr,futurama
score,0.0010766384174544,fr,futurama
devenu,0.0010766384174544,fr,futurama
comptable,0.0010766384174544,fr,futurama
phil,0.0010766384174544,fr,futurama
mexicain,0.0010766384174544,fr,futurama
jsu,0.0010766384174544,fr,futurama
sportif,0.0010766384174544,fr,futurama
rclame,0.0010766384174544,fr,futurama
universitaire,0.0010766384174544,fr,futurama
humiliation,0.0010766384174544,fr,futurama
grato,0.001074728392843,fr,futurama
agile,0.001074728392843,fr,futurama
trio,0.001074728392843,fr,futurama
sympathiser,0.001074728392843,fr,futurama
prophtie,0.001074728392843,fr,futurama
disco,0.001074728392843,fr,futurama
routire,0.001074728392843,fr,futurama
pastille,0.001074728392843,fr,futurama
corbeau,0.001074728392843,fr,futurama
tronc,0.001074728392843,fr,futurama
apprt,0.001074728392843,fr,futurama
navigation,0.001074728392843,fr,futurama
skate,0.001074728392843,fr,futurama
matrice,0.001074728392843,fr,futurama
rcipient,0.001074728392843,fr,futurama
poussireux,0.001074728392843,fr,futurama
fri,0.001074728392843,fr,futurama
chquier,0.001074728392843,fr,futurama
piller,0.001074728392843,fr,futurama
scotty,0.001074728392843,fr,futurama
cendrier,0.001074728392843,fr,futurama
efficace,0.0010708356539653,fr,futurama
enfance,0.0010708356539653,fr,futurama
meur,0.0010708356539653,fr,futurama
devine,0.0010708356539653,fr,futurama
pont,0.0010708356539653,fr,futurama
crdit,0.0010708356539653,fr,futurama
moquer,0.0010708356539653,fr,futurama
office,0.0010667655531027,fr,futurama
oublierai,0.0010667655531027,fr,futurama
douteux,0.0010667655531027,fr,futurama
flatter,0.0010667655531027,fr,futurama
peser,0.0010667655531027,fr,futurama
ver,0.0010667655531027,fr,futurama
claque,0.0010667655531027,fr,futurama
doubl,0.0010667655531027,fr,futurama
chips,0.0010667655531027,fr,futurama
dfil,0.0010667655531027,fr,futurama
honorable,0.0010667655531027,fr,futurama
insupportable,0.0010667655531027,fr,futurama
pitoyable,0.0010667655531027,fr,futurama
ficelle,0.0010667655531027,fr,futurama
bec,0.0010667655531027,fr,futurama
look,0.0010667655531027,fr,futurama
spare,0.0010620814793134,fr,futurama
couler,0.0010620814793134,fr,futurama
autoriser,0.0010620814793134,fr,futurama
visiter,0.0010620814793134,fr,futurama
causer,0.0010620814793134,fr,futurama
prpar,0.0010620814793134,fr,futurama
empreinte,0.0010620814793134,fr,futurama
appele,0.0010620814793134,fr,futurama
baptiser,0.0010601608330126,fr,futurama
field,0.0010601608330126,fr,futurama
plantaire,0.0010601608330126,fr,futurama
veau,0.0010601608330126,fr,futurama
transmet,0.0010601608330126,fr,futurama
mmorable,0.0010601608330126,fr,futurama
vade,0.0010601608330126,fr,futurama
originel,0.0010601608330126,fr,futurama
frankie,0.0010601608330126,fr,futurama
revrifier,0.0010601608330126,fr,futurama
mtallique,0.0010601608330126,fr,futurama
shak,0.0010601608330126,fr,futurama
astiquer,0.0010601608330126,fr,futurama
caniveau,0.0010601608330126,fr,futurama
tortiller,0.0010601608330126,fr,futurama
imitateur,0.0010601608330126,fr,futurama
dcapiter,0.0010601608330126,fr,futurama
pillage,0.0010601608330126,fr,futurama
navet,0.0010601608330126,fr,futurama
mangue,0.0010601608330126,fr,futurama
forain,0.0010601608330126,fr,futurama
atlantic,0.0010601608330126,fr,futurama
chappement,0.0010601608330126,fr,futurama
vestiaire,0.0010570368233151,fr,futurama
poing,0.0010570368233151,fr,futurama
nause,0.0010570368233151,fr,futurama
pse,0.0010570368233151,fr,futurama
lac,0.0010570368233151,fr,futurama
bluff,0.0010570368233151,fr,futurama
vrification,0.0010570368233151,fr,futurama
tmoignage,0.0010570368233151,fr,futurama
refuse,0.0010570368233151,fr,futurama
cure,0.0010570368233151,fr,futurama
dcoll,0.0010570368233151,fr,futurama
interrompre,0.0010534127126049,fr,futurama
sain,0.0010534127126049,fr,futurama
document,0.0010534127126049,fr,futurama
officier,0.0010534127126049,fr,futurama
fatigu,0.0010534127126049,fr,futurama
vis,0.0010534127126049,fr,futurama
parrot,0.001048849822429,fr,futurama
crete,0.001048849822429,fr,futurama
assassinera,0.001048849822429,fr,futurama
accosts,0.001048849822429,fr,futurama
canneberg,0.001048849822429,fr,futurama
comprendrion,0.001048849822429,fr,futurama
monterai,0.001048849822429,fr,futurama
bagou,0.001048849822429,fr,futurama
mcgovern,0.001048849822429,fr,futurama
ologie,0.001048849822429,fr,futurama
svidaniya,0.001048849822429,fr,futurama
laborieu,0.001048849822429,fr,futurama
ocupado,0.001048849822429,fr,futurama
priss,0.001048849822429,fr,futurama
tandy,0.001048849822429,fr,futurama
transcontinental,0.001048849822429,fr,futurama
inachevs,0.001048849822429,fr,futurama
lectroaimant,0.001048849822429,fr,futurama
hydrocarbone,0.001048849822429,fr,futurama
graviton,0.001048849822429,fr,futurama
bours,0.001048849822429,fr,futurama
splatch,0.001048849822429,fr,futurama
nambul,0.001048849822429,fr,futurama
eternell,0.001048849822429,fr,futurama
diverg,0.001048849822429,fr,futurama
fricasse,0.001048849822429,fr,futurama
koenig,0.001048849822429,fr,futurama
dviez,0.001048849822429,fr,futurama
interprete,0.001048849822429,fr,futurama
antiller,0.001048849822429,fr,futurama
clotur,0.001048849822429,fr,futurama
venteuse,0.001048849822429,fr,futurama
obligeance,0.001048849822429,fr,futurama
repeter,0.001048849822429,fr,futurama
considrera,0.001048849822429,fr,futurama
porco,0.001048849822429,fr,futurama
plieur,0.001048849822429,fr,futurama
nica,0.001048849822429,fr,futurama
guimauv,0.001048849822429,fr,futurama
causon,0.001048849822429,fr,futurama
insectode,0.001048849822429,fr,futurama
varan,0.001048849822429,fr,futurama
autoneige,0.001048849822429,fr,futurama
luau,0.001048849822429,fr,futurama
schiffer,0.001048849822429,fr,futurama
takei,0.001048849822429,fr,futurama
gadda,0.001048849822429,fr,futurama
btifier,0.001048849822429,fr,futurama
attribuent,0.001048849822429,fr,futurama
indcente,0.001048849822429,fr,futurama
chanette,0.001048849822429,fr,futurama
fanfreluche,0.001048849822429,fr,futurama
rebrise,0.001048849822429,fr,futurama
contournemer,0.001048849822429,fr,futurama
dessouder,0.001048849822429,fr,futurama
nfc,0.001048849822429,fr,futurama
colmatage,0.001048849822429,fr,futurama
volurer,0.001048849822429,fr,futurama
mili,0.001048849822429,fr,futurama
bogg,0.001048849822429,fr,futurama
gravano,0.001048849822429,fr,futurama
anthropophage,0.001048849822429,fr,futurama
presentent,0.001048849822429,fr,futurama
tub,0.001048849822429,fr,futurama
succe,0.001048849822429,fr,futurama
prchai,0.001048849822429,fr,futurama
remportera,0.001048849822429,fr,futurama
choupinou,0.001048849822429,fr,futurama
infinity,0.001048849822429,fr,futurama
clinez,0.001048849822429,fr,futurama
matraquez,0.001048849822429,fr,futurama
cognerai,0.001048849822429,fr,futurama
aurol,0.001048849822429,fr,futurama
chouquette,0.001048849822429,fr,futurama
gambas,0.001048849822429,fr,futurama
restrent,0.001048849822429,fr,futurama
enclav,0.001048849822429,fr,futurama
lingual,0.001048849822429,fr,futurama
virgon,0.001048849822429,fr,futurama
dcoinc,0.001048849822429,fr,futurama
stupfaction,0.001048849822429,fr,futurama
millnium,0.001048849822429,fr,futurama
mcgwir,0.001048849822429,fr,futurama
pentimento,0.001048849822429,fr,futurama
inhum,0.001048849822429,fr,futurama
fenetre,0.001048849822429,fr,futurama
zorn,0.001048849822429,fr,futurama
schwab,0.001048849822429,fr,futurama
strug,0.001048849822429,fr,futurama
interstice,0.001048849822429,fr,futurama
refabriquer,0.001048849822429,fr,futurama
mouline,0.001048849822429,fr,futurama
chantrer,0.001048849822429,fr,futurama
bourgeonnant,0.001048849822429,fr,futurama
musky,0.001048849822429,fr,futurama
incinerateur,0.001048849822429,fr,futurama
titl,0.001048849822429,fr,futurama
ratchet,0.001048849822429,fr,futurama
postcombustion,0.001048849822429,fr,futurama
louperai,0.001048849822429,fr,futurama
pugnace,0.001048849822429,fr,futurama
irrvocable,0.001048849822429,fr,futurama
enregistron,0.001048849822429,fr,futurama
dcorent,0.001048849822429,fr,futurama
tourneau,0.001048849822429,fr,futurama
cantharide,0.001048849822429,fr,futurama
naissanc,0.001048849822429,fr,futurama
parasit,0.001048849822429,fr,futurama
adoni,0.001048849822429,fr,futurama
meduser,0.001048849822429,fr,futurama
rastafarien,0.001048849822429,fr,futurama
altair,0.001048849822429,fr,futurama
ordurier,0.001048849822429,fr,futurama
eszterher,0.001048849822429,fr,futurama
affecton,0.001048849822429,fr,futurama
sidral,0.001048849822429,fr,futurama
mitten,0.001048849822429,fr,futurama
grumeleu,0.001048849822429,fr,futurama
charlemagn,0.001048849822429,fr,futurama
atrocer,0.001048849822429,fr,futurama
xxm,0.001048849822429,fr,futurama
monceau,0.001048849822429,fr,futurama
debat,0.001048849822429,fr,futurama
spacioport,0.001048849822429,fr,futurama
aroplane,0.001048849822429,fr,futurama
mae,0.001048849822429,fr,futurama
jodler,0.001048849822429,fr,futurama
mutagne,0.001048849822429,fr,futurama
parfumerie,0.001048849822429,fr,futurama
symboliste,0.001048849822429,fr,futurama
terraform,0.001048849822429,fr,futurama
roca,0.001048849822429,fr,futurama
xixme,0.001048849822429,fr,futurama
scratcher,0.001048849822429,fr,futurama
panatella,0.001048849822429,fr,futurama
propulss,0.001048849822429,fr,futurama
rappelrer,0.001048849822429,fr,futurama
cinmatographie,0.001048849822429,fr,futurama
ceremonie,0.001048849822429,fr,futurama
thsarde,0.001048849822429,fr,futurama
deguisement,0.001048849822429,fr,futurama
prostituee,0.001048849822429,fr,futurama
concue,0.001048849822429,fr,futurama
rassasie,0.001048849822429,fr,futurama
melaleuca,0.001048849822429,fr,futurama
trekkie,0.001048849822429,fr,futurama
grauman,0.001048849822429,fr,futurama
phb,0.001048849822429,fr,futurama
chevre,0.001048849822429,fr,futurama
lur,0.001048849822429,fr,futurama
embourbs,0.001048849822429,fr,futurama
baladeuser,0.001048849822429,fr,futurama
univ,0.001048849822429,fr,futurama
queequeg,0.001048849822429,fr,futurama
rigolerai,0.001048849822429,fr,futurama
milken,0.001048849822429,fr,futurama
palot,0.001048849822429,fr,futurama
boesky,0.001048849822429,fr,futurama
thtralit,0.001048849822429,fr,futurama
insouponne,0.001048849822429,fr,futurama
mobiliss,0.001048849822429,fr,futurama
foller,0.001048849822429,fr,futurama
berrer,0.001048849822429,fr,futurama
trsors,0.001048849822429,fr,futurama
fluffer,0.001048849822429,fr,futurama
rutilante,0.001048849822429,fr,futurama
inquitabl,0.001048849822429,fr,futurama
pelotonn,0.001048849822429,fr,futurama
dniaiser,0.001048849822429,fr,futurama
whitefish,0.001048849822429,fr,futurama
survivrai,0.001048849822429,fr,futurama
tricycl,0.001048849822429,fr,futurama
intrinsquement,0.001048849822429,fr,futurama
dbiliter,0.001048849822429,fr,futurama
nit,0.001048849822429,fr,futurama
incomprise,0.001048849822429,fr,futurama
choculer,0.001048849822429,fr,futurama
suppositoir,0.001048849822429,fr,futurama
souquez,0.001048849822429,fr,futurama
remplaabl,0.001048849822429,fr,futurama
complete,0.001048849822429,fr,futurama
jian,0.001048849822429,fr,futurama
marsouin,0.001048849822429,fr,futurama
concrtion,0.001048849822429,fr,futurama
cinquimement,0.001048849822429,fr,futurama
pauly,0.001048849822429,fr,futurama
debile,0.001048849822429,fr,futurama
kwanzer,0.001048849822429,fr,futurama
aerienne,0.001048849822429,fr,futurama
rtissage,0.001048849822429,fr,futurama
suz,0.001048849822429,fr,futurama
fabulou,0.001048849822429,fr,futurama
bruti,0.001048849822429,fr,futurama
cabotin,0.001048849822429,fr,futurama
liberia,0.001048849822429,fr,futurama
soyeuser,0.001048849822429,fr,futurama
veterinair,0.001048849822429,fr,futurama
mckenzi,0.001048849822429,fr,futurama
suant,0.001048849822429,fr,futurama
fon,0.001048849822429,fr,futurama
furoncl,0.001048849822429,fr,futurama
comprirent,0.001048849822429,fr,futurama
volatile,0.001048849822429,fr,futurama
proxima,0.001048849822429,fr,futurama
inconsquence,0.001048849822429,fr,futurama
pdalo,0.001048849822429,fr,futurama
diabolo,0.001048849822429,fr,futurama
niera,0.001048849822429,fr,futurama
broyage,0.001048849822429,fr,futurama
pyjama,0.0010474480801166,fr,futurama
terminal,0.0010474480801166,fr,futurama
ronde,0.0010474480801166,fr,futurama
guri,0.0010474480801166,fr,futurama
rcolter,0.0010474480801166,fr,futurama
satisfaction,0.0010474480801166,fr,futurama
abuser,0.0010474480801166,fr,futurama
flaque,0.0010460558143692,fr,futurama
ouvron,0.0010460558143692,fr,futurama
faucon,0.0010460558143692,fr,futurama
ddie,0.0010460558143692,fr,futurama
succulent,0.0010460558143692,fr,futurama
grad,0.0010460558143692,fr,futurama
rayonner,0.0010460558143692,fr,futurama
linda,0.0010460558143692,fr,futurama
caniche,0.0010460558143692,fr,futurama
entendent,0.0010460558143692,fr,futurama
sweet,0.0010460558143692,fr,futurama
soutient,0.0010460558143692,fr,futurama
hamster,0.0010460558143692,fr,futurama
pubert,0.0010460558143692,fr,futurama
dynamite,0.0010460558143692,fr,futurama
gandhi,0.0010460558143692,fr,futurama
lment,0.0010448277034061,fr,futurama
surveillance,0.0010448277034061,fr,futurama
prier,0.0010448277034061,fr,futurama
party,0.0010448277034061,fr,futurama
sensible,0.0010448277034061,fr,futurama
nerv,0.0010448277034061,fr,futurama
profil,0.0010448277034061,fr,futurama
pleuvoir,0.0010448277034061,fr,futurama
nerve,0.0010448277034061,fr,futurama
bancaire,0.0010379953520537,fr,futurama
rob,0.0010379953520537,fr,futurama
dave,0.0010379953520537,fr,futurama
ordonn,0.0010379953520537,fr,futurama
angele,0.0010379953520537,fr,futurama
dvelopp,0.0010379953520537,fr,futurama
radar,0.0010379953520537,fr,futurama
exagre,0.0010379953520537,fr,futurama
dmnage,0.0010379953520537,fr,futurama
coiffure,0.0010379953520537,fr,futurama
tmoigner,0.0010379953520537,fr,futurama
beignet,0.0010379953520537,fr,futurama
perfection,0.0010379953520537,fr,futurama
angleterre,0.0010379953520537,fr,futurama
ralentir,0.0010363248486652,fr,futurama
auter,0.0010363248486652,fr,futurama
cible,0.0010363248486652,fr,futurama
balze,0.0010323848658824,fr,futurama
couton,0.0010323848658824,fr,futurama
zoom,0.0010323848658824,fr,futurama
cognitif,0.0010323848658824,fr,futurama
roulement,0.0010323848658824,fr,futurama
mercure,0.0010323848658824,fr,futurama
placs,0.0010323848658824,fr,futurama
delta,0.0010323848658824,fr,futurama
caisson,0.0010323848658824,fr,futurama
inculpation,0.0010323848658824,fr,futurama
essuie,0.0010323848658824,fr,futurama
snat,0.0010323848658824,fr,futurama
resservir,0.0010323848658824,fr,futurama
contrepartie,0.0010323848658824,fr,futurama
dpendrer,0.0010323848658824,fr,futurama
perdai,0.0010323848658824,fr,futurama
rebelle,0.0010286748343186,fr,futurama
permis,0.0010286748343186,fr,futurama
inacceptable,0.0010286748343186,fr,futurama
pratiquer,0.0010286748343186,fr,futurama
ramass,0.0010286748343186,fr,futurama
scout,0.0010286748343186,fr,futurama
relaxer,0.0010286748343186,fr,futurama
you,0.0010286748343186,fr,futurama
trip,0.0010286748343186,fr,futurama
structure,0.0010286748343186,fr,futurama
phras,0.0010286748343186,fr,futurama
choquer,0.0010286748343186,fr,futurama
ponge,0.0010286748343186,fr,futurama
apparence,0.0010279025909166,fr,futurama
descend,0.0010279025909166,fr,futurama
del,0.0010279025909166,fr,futurama
proprit,0.0010279025909166,fr,futurama
rsoudre,0.0010279025909166,fr,futurama
briser,0.0010195594165679,fr,futurama
cen,0.0010195594165679,fr,futurama
sign,0.0010195594165679,fr,futurama
btiment,0.0010195594165679,fr,futurama
protg,0.0010195594165679,fr,futurama
suprieur,0.0010195594165679,fr,futurama
inspirer,0.0010194828795539,fr,futurama
utilit,0.0010194828795539,fr,futurama
finira,0.0010194828795539,fr,futurama
vodka,0.0010194828795539,fr,futurama
cerise,0.0010194828795539,fr,futurama
big,0.0010194828795539,fr,futurama
errer,0.0010194828795539,fr,futurama
bonhomme,0.0010194828795539,fr,futurama
marron,0.0010194828795539,fr,futurama
portez,0.0010191220669602,fr,futurama
mayonnaise,0.0010191220669602,fr,futurama
ventr,0.0010191220669602,fr,futurama
roosevelt,0.0010191220669602,fr,futurama
hypnose,0.0010191220669602,fr,futurama
rodo,0.0010191220669602,fr,futurama
tordu,0.0010191220669602,fr,futurama
ducatif,0.0010191220669602,fr,futurama
rveillon,0.0010191220669602,fr,futurama
spray,0.0010191220669602,fr,futurama
utilison,0.0010191220669602,fr,futurama
cholestrol,0.0010191220669602,fr,futurama
autocollant,0.0010191220669602,fr,futurama
incrust,0.0010191220669602,fr,futurama
piton,0.0010191220669602,fr,futurama
rcupr,0.001011293854268,fr,futurama
empche,0.001011293854268,fr,futurama
vacance,0.001011293854268,fr,futurama
net,0.001011293854268,fr,futurama
perspective,0.0010104159892832,fr,futurama
bisou,0.0010104159892832,fr,futurama
flotter,0.0010104159892832,fr,futurama
transforme,0.0010104159892832,fr,futurama
cambriolage,0.0010104159892832,fr,futurama
cachet,0.0010104159892832,fr,futurama
solo,0.0010104159892832,fr,futurama
maltraiter,0.0010062437516361,fr,futurama
yacht,0.0010062437516361,fr,futurama
immonde,0.0010062437516361,fr,futurama
commerant,0.0010062437516361,fr,futurama
infme,0.0010062437516361,fr,futurama
mtalliqu,0.0010062437516361,fr,futurama
gyptien,0.0010062437516361,fr,futurama
maternit,0.0010062437516361,fr,futurama
broyer,0.0010062437516361,fr,futurama
ngociateur,0.0010062437516361,fr,futurama
audace,0.0010062437516361,fr,futurama
spcimen,0.0010062437516361,fr,futurama
anime,0.0010062437516361,fr,futurama
pater,0.0010062437516361,fr,futurama
raisonnement,0.0010062437516361,fr,futurama
drogue,0.0010031044733493,fr,futurama
baseball,0.0010014708059173,fr,futurama
admirer,0.0010014708059173,fr,futurama
dfinition,0.0010014708059173,fr,futurama
lee,0.0010014708059173,fr,futurama
rime,0.0010014708059173,fr,futurama
entiremer,0.0010014708059173,fr,futurama
cycle,0.0010014708059173,fr,futurama
cacahute,0.0010014708059173,fr,futurama
fabuleux,0.0010014708059173,fr,futurama
maigre,0.0010014708059173,fr,futurama
indien,0.0010014708059173,fr,futurama
garanti,0.0010014708059173,fr,futurama
justement,0.0009949898823419,fr,futurama
charg,0.0009949898823419,fr,futurama
ombre,0.0009949898823419,fr,futurama
sincrit,0.0009937282544375,fr,futurama
set,0.0009937282544375,fr,futurama
pointure,0.0009937282544375,fr,futurama
vacu,0.0009937282544375,fr,futurama
tripl,0.0009937282544375,fr,futurama
prospre,0.0009937282544375,fr,futurama
war,0.0009937282544375,fr,futurama
aimiez,0.0009937282544375,fr,futurama
ethan,0.0009937282544375,fr,futurama
captif,0.0009937282544375,fr,futurama
rvolte,0.0009937282544375,fr,futurama
furtif,0.0009937282544375,fr,futurama
habitu,0.0009926441052888,fr,futurama
rentron,0.0009926441052888,fr,futurama
splendide,0.0009926441052888,fr,futurama
ficher,0.0009926441052888,fr,futurama
crayon,0.0009926441052888,fr,futurama
steak,0.0009926441052888,fr,futurama
gym,0.0009926441052888,fr,futurama
construction,0.0009926441052888,fr,futurama
funraille,0.0009926441052888,fr,futurama
loup,0.0009869487275542,fr,futurama
lais,0.0009869487275542,fr,futurama
assurance,0.0009869487275542,fr,futurama
responsabilit,0.0009869487275542,fr,futurama
attente,0.0009869487275542,fr,futurama
pointe,0.0009869487275542,fr,futurama
groin,0.0009849454545223,fr,futurama
rembauch,0.0009849454545223,fr,futurama
prlevon,0.0009849454545223,fr,futurama
tlchargeabl,0.0009849454545223,fr,futurama
gig,0.0009849454545223,fr,futurama
lgalis,0.0009849454545223,fr,futurama
chorizo,0.0009849454545223,fr,futurama
effectus,0.0009849454545223,fr,futurama
roturire,0.0009849454545223,fr,futurama
aro,0.0009849454545223,fr,futurama
brlerai,0.0009849454545223,fr,futurama
rec,0.0009849454545223,fr,futurama
antar,0.0009849454545223,fr,futurama
dulcorant,0.0009849454545223,fr,futurama
capturez,0.0009849454545223,fr,futurama
chappez,0.0009849454545223,fr,futurama
trma,0.0009849454545223,fr,futurama
incartade,0.0009849454545223,fr,futurama
recois,0.0009849454545223,fr,futurama
outang,0.0009849454545223,fr,futurama
dfendront,0.0009849454545223,fr,futurama
chtiez,0.0009849454545223,fr,futurama
farniente,0.0009849454545223,fr,futurama
chutney,0.0009849454545223,fr,futurama
imbuvable,0.0009849454545223,fr,futurama
rinvent,0.0009849454545223,fr,futurama
protonique,0.0009849454545223,fr,futurama
egalit,0.0009849454545223,fr,futurama
cineple,0.0009849454545223,fr,futurama
fourbi,0.0009849454545223,fr,futurama
baragouin,0.0009849454545223,fr,futurama
ttradre,0.0009849454545223,fr,futurama
ngociera,0.0009849454545223,fr,futurama
construisit,0.0009849454545223,fr,futurama
baragouinage,0.0009849454545223,fr,futurama
interraciau,0.0009849454545223,fr,futurama
verdtr,0.0009849454545223,fr,futurama
sagouin,0.0009849454545223,fr,futurama
bourguignon,0.0009849454545223,fr,futurama
bedonnant,0.0009849454545223,fr,futurama
plantureuse,0.0009849454545223,fr,futurama
hyprion,0.0009849454545223,fr,futurama
chappemer,0.0009849454545223,fr,futurama
fourriere,0.0009849454545223,fr,futurama
distrayez,0.0009849454545223,fr,futurama
gonze,0.0009849454545223,fr,futurama
cintr,0.0009849454545223,fr,futurama
brison,0.0009849454545223,fr,futurama
surdveloppe,0.0009849454545223,fr,futurama
astronef,0.0009849454545223,fr,futurama
succuler,0.0009849454545223,fr,futurama
streptocoqu,0.0009849454545223,fr,futurama
masure,0.0009849454545223,fr,futurama
bader,0.0009849454545223,fr,futurama
kissinger,0.0009849454545223,fr,futurama
clu,0.0009849454545223,fr,futurama
abyssale,0.0009849454545223,fr,futurama
illicitement,0.0009849454545223,fr,futurama
duchovny,0.0009849454545223,fr,futurama
contemporaine,0.0009849454545223,fr,futurama
amr,0.0009849454545223,fr,futurama
confion,0.0009849454545223,fr,futurama
londonien,0.0009849454545223,fr,futurama
reposante,0.0009849454545223,fr,futurama
astrisqu,0.0009849454545223,fr,futurama
moulu,0.0009849454545223,fr,futurama
francais,0.0009849454545223,fr,futurama
polisseur,0.0009849454545223,fr,futurama
protege,0.0009849454545223,fr,futurama
tourneur,0.0009849454545223,fr,futurama
webelo,0.0009849454545223,fr,futurama
intestinau,0.0009849454545223,fr,futurama
renfrogner,0.0009849454545223,fr,futurama
soutenance,0.0009849454545223,fr,futurama
aristo,0.0009849454545223,fr,futurama
sacrifiant,0.0009849454545223,fr,futurama
slicer,0.0009849454545223,fr,futurama
vmono,0.0009849454545223,fr,futurama
colossale,0.0009849454545223,fr,futurama
simp,0.0009849454545223,fr,futurama
winkle,0.0009849454545223,fr,futurama
liberte,0.0009849454545223,fr,futurama
pharaonique,0.0009849454545223,fr,futurama
dvoilon,0.0009849454545223,fr,futurama
expiez,0.0009849454545223,fr,futurama
tonka,0.0009849454545223,fr,futurama
protoplasme,0.0009849454545223,fr,futurama
transgniqu,0.0009849454545223,fr,futurama
javelot,0.0009849454545223,fr,futurama
daver,0.0009849454545223,fr,futurama
etre,0.0009849454545223,fr,futurama
sarl,0.0009849454545223,fr,futurama
vocabulair,0.0009849454545223,fr,futurama
esquif,0.0009849454545223,fr,futurama
meurtrie,0.0009849454545223,fr,futurama
rainette,0.0009849454545223,fr,futurama
minage,0.0009849454545223,fr,futurama
osmium,0.0009849454545223,fr,futurama
smasher,0.0009849454545223,fr,futurama
immunise,0.0009849454545223,fr,futurama
bonfire,0.0009849454545223,fr,futurama
begley,0.0009849454545223,fr,futurama
euclide,0.0009849454545223,fr,futurama
estimon,0.0009849454545223,fr,futurama
formate,0.0009849454545223,fr,futurama
terroir,0.0009849454545223,fr,futurama
sauvrer,0.0009849454545223,fr,futurama
hilarit,0.0009849454545223,fr,futurama
fender,0.0009849454545223,fr,futurama
trancheur,0.0009849454545223,fr,futurama
positron,0.0009849454545223,fr,futurama
cambrer,0.0009849454545223,fr,futurama
supertanker,0.0009849454545223,fr,futurama
explorant,0.0009849454545223,fr,futurama
proctologie,0.0009849454545223,fr,futurama
celebre,0.0009849454545223,fr,futurama
approcha,0.0009849454545223,fr,futurama
zap,0.0009849454545223,fr,futurama
maroon,0.0009849454545223,fr,futurama
bartley,0.0009849454545223,fr,futurama
jerk,0.0009849454545223,fr,futurama
sharpton,0.0009849454545223,fr,futurama
degueu,0.0009849454545223,fr,futurama
glo,0.0009849454545223,fr,futurama
moxie,0.0009849454545223,fr,futurama
epaule,0.0009849454545223,fr,futurama
pivert,0.0009849454545223,fr,futurama
hertzien,0.0009849454545223,fr,futurama
ine,0.0009849454545223,fr,futurama
glaive,0.0009849454545223,fr,futurama
moissonner,0.0009849454545223,fr,futurama
proctor,0.0009849454545223,fr,futurama
trilliard,0.0009849454545223,fr,futurama
environnementaliste,0.0009849454545223,fr,futurama
gauss,0.0009849454545223,fr,futurama
dvalue,0.0009849454545223,fr,futurama
pismo,0.0009849454545223,fr,futurama
esquir,0.0009849454545223,fr,futurama
boxeus,0.0009849454545223,fr,futurama
realit,0.0009849454545223,fr,futurama
mesurant,0.0009849454545223,fr,futurama
blanco,0.0009849454545223,fr,futurama
timor,0.0009849454545223,fr,futurama
proce,0.0009849454545223,fr,futurama
etablissement,0.0009849454545223,fr,futurama
biochimiste,0.0009849454545223,fr,futurama
degre,0.0009849454545223,fr,futurama
mcherer,0.0009849454545223,fr,futurama
tranglerai,0.0009849454545223,fr,futurama
chanukah,0.0009849454545223,fr,futurama
epoustoufler,0.0009849454545223,fr,futurama
ufs,0.0009849454545223,fr,futurama
casio,0.0009849454545223,fr,futurama
debout,0.0009849454545223,fr,futurama
millnair,0.0009849454545223,fr,futurama
donnrent,0.0009849454545223,fr,futurama
dratisation,0.0009849454545223,fr,futurama
parentalit,0.0009849454545223,fr,futurama
contorsion,0.0009849454545223,fr,futurama
tonitruant,0.0009849454545223,fr,futurama
acheminement,0.0009849454545223,fr,futurama
subornation,0.0009849454545223,fr,futurama
millio,0.0009849454545223,fr,futurama
cesserai,0.0009849454545223,fr,futurama
wallaby,0.0009849454545223,fr,futurama
transfron,0.0009849454545223,fr,futurama
octogonal,0.0009849454545223,fr,futurama
toblerone,0.0009849454545223,fr,futurama
bigrement,0.0009849454545223,fr,futurama
entierement,0.0009849454545223,fr,futurama
led,0.0009849454545223,fr,futurama
spatiotemporel,0.0009849454545223,fr,futurama
peoria,0.0009849454545223,fr,futurama
pataug,0.0009849454545223,fr,futurama
strict,0.0009839327896757,fr,futurama
revivre,0.0009839327896757,fr,futurama
rpar,0.0009839327896757,fr,futurama
divorcer,0.0009839327896757,fr,futurama
dfendu,0.0009839327896757,fr,futurama
tiers,0.0009839327896757,fr,futurama
souhait,0.0009839327896757,fr,futurama
sobre,0.0009839327896757,fr,futurama
trottoir,0.0009839327896757,fr,futurama
arsenal,0.0009815556910806,fr,futurama
stationnement,0.0009815556910806,fr,futurama
fainant,0.0009815556910806,fr,futurama
sponsor,0.0009815556910806,fr,futurama
repli,0.0009815556910806,fr,futurama
branleur,0.0009815556910806,fr,futurama
tanire,0.0009815556910806,fr,futurama
smoking,0.0009815556910806,fr,futurama
minou,0.0009815556910806,fr,futurama
initier,0.0009815556910806,fr,futurama
immunis,0.0009815556910806,fr,futurama
aluminium,0.0009815556910806,fr,futurama
idole,0.0009815556910806,fr,futurama
fox,0.0009815556910806,fr,futurama
mpriser,0.0009815556910806,fr,futurama
atlantique,0.0009815556910806,fr,futurama
australien,0.0009815556910806,fr,futurama
scu,0.0009815556910806,fr,futurama
enceint,0.0009789796917178,fr,futurama
tude,0.0009789796917178,fr,futurama
tage,0.0009789796917178,fr,futurama
avi,0.0009789796917178,fr,futurama
raliser,0.0009789796917178,fr,futurama
marie,0.0009789796917178,fr,futurama
potentiel,0.0009789796917178,fr,futurama
nuage,0.0009753338812746,fr,futurama
tonn,0.0009753338812746,fr,futurama
extraire,0.0009753338812746,fr,futurama
ntr,0.0009753338812746,fr,futurama
math,0.0009753338812746,fr,futurama
remplie,0.0009753338812746,fr,futurama
puisqu,0.0009753338812746,fr,futurama
bat,0.0009753338812746,fr,futurama
extrme,0.0009753338812746,fr,futurama
clou,0.0009753338812746,fr,futurama
sud,0.0009710814926926,fr,futurama
annuler,0.0009710814926926,fr,futurama
laine,0.0009697077684176,fr,futurama
carpe,0.0009697077684176,fr,futurama
quota,0.0009697077684176,fr,futurama
dduction,0.0009697077684176,fr,futurama
rvise,0.0009697077684176,fr,futurama
valve,0.0009697077684176,fr,futurama
malheureuse,0.0009697077684176,fr,futurama
strotype,0.0009697077684176,fr,futurama
tombeur,0.0009697077684176,fr,futurama
tlcharger,0.0009697077684176,fr,futurama
abominable,0.0009697077684176,fr,futurama
gluant,0.0009697077684176,fr,futurama
perplexe,0.0009697077684176,fr,futurama
beuverie,0.0009697077684176,fr,futurama
dplaer,0.0009697077684176,fr,futurama
clinique,0.0009668445160898,fr,futurama
creux,0.0009668445160898,fr,futurama
historique,0.0009668445160898,fr,futurama
refuge,0.0009668445160898,fr,futurama
disposition,0.0009668445160898,fr,futurama
appliquer,0.0009668445160898,fr,futurama
chauffer,0.0009668445160898,fr,futurama
sorton,0.0009668445160898,fr,futurama
moitir,0.0009668445160898,fr,futurama
hommage,0.0009668445160898,fr,futurama
acier,0.0009668445160898,fr,futurama
menace,0.0009632528822282,fr,futurama
victime,0.0009632528822282,fr,futurama
proche,0.0009632528822282,fr,futurama
srieusemer,0.0009632528822282,fr,futurama
sache,0.0009632528822282,fr,futurama
modle,0.0009584619382067,fr,futurama
diplme,0.0009584619382067,fr,futurama
passager,0.0009584619382067,fr,futurama
dmarre,0.0009584619382067,fr,futurama
vexer,0.0009584619382067,fr,futurama
rflchis,0.0009584619382067,fr,futurama
yeux,0.0009584619382067,fr,futurama
diversion,0.0009584619382067,fr,futurama
jaillir,0.0009581676190748,fr,futurama
rebour,0.0009581676190748,fr,futurama
recycler,0.0009581676190748,fr,futurama
scorpion,0.0009581676190748,fr,futurama
lav,0.0009581676190748,fr,futurama
tourisme,0.0009581676190748,fr,futurama
bandit,0.0009581676190748,fr,futurama
gagnez,0.0009581676190748,fr,futurama
refoul,0.0009581676190748,fr,futurama
piment,0.0009581676190748,fr,futurama
niquer,0.0009581676190748,fr,futurama
approcher,0.0009554926447808,fr,futurama
vent,0.0009554926447808,fr,futurama
deviner,0.0009554926447808,fr,futurama
profiter,0.0009554926447808,fr,futurama
parfait,0.0009554926447808,fr,futurama
tarte,0.000950183494421,fr,futurama
enseigne,0.000950183494421,fr,futurama
embarquer,0.000950183494421,fr,futurama
aube,0.000950183494421,fr,futurama
empcherer,0.000950183494421,fr,futurama
accent,0.000950183494421,fr,futurama
affam,0.000950183494421,fr,futurama
gentleman,0.000950183494421,fr,futurama
retirer,0.0009477995963794,fr,futurama
faveur,0.0009477995963794,fr,futurama
malheureusement,0.0009477995963794,fr,futurama
dpend,0.0009477995963794,fr,futurama
consquence,0.0009477995963794,fr,futurama
clic,0.0009469196570296,fr,futurama
cambriol,0.0009469196570296,fr,futurama
microbe,0.0009469196570296,fr,futurama
bobo,0.0009469196570296,fr,futurama
entron,0.0009469196570296,fr,futurama
virilit,0.0009469196570296,fr,futurama
publicitaire,0.0009469196570296,fr,futurama
classement,0.0009469196570296,fr,futurama
taudis,0.0009469196570296,fr,futurama
waouh,0.0009469196570296,fr,futurama
lincoln,0.0009469196570296,fr,futurama
nuclaire,0.0009469196570296,fr,futurama
nomination,0.0009469196570296,fr,futurama
recroître,0.0009469196570296,fr,futurama
prcoc,0.0009469196570296,fr,futurama
terrier,0.0009469196570296,fr,futurama
accroche,0.0009420066291973,fr,futurama
adolescent,0.0009420066291973,fr,futurama
dessert,0.0009420066291973,fr,futurama
mdia,0.0009420066291973,fr,futurama
pourri,0.0009420066291973,fr,futurama
plaqu,0.0009420066291973,fr,futurama
traduire,0.0009420066291973,fr,futurama
metton,0.0009420066291973,fr,futurama
hiver,0.0009420066291973,fr,futurama
dchir,0.0009420066291973,fr,futurama
finisson,0.0009420066291973,fr,futurama
lien,0.0009401725835427,fr,futurama
limite,0.0009401725835427,fr,futurama
dbutant,0.0009359494510233,fr,futurama
mystrieu,0.0009359494510233,fr,futurama
obse,0.0009359494510233,fr,futurama
jouent,0.0009359494510233,fr,futurama
armement,0.0009359494510233,fr,futurama
marchander,0.0009359494510233,fr,futurama
ravissant,0.0009359494510233,fr,futurama
gntiquement,0.0009359494510233,fr,futurama
rsolver,0.0009359494510233,fr,futurama
poilu,0.0009359494510233,fr,futurama
dodo,0.0009359494510233,fr,futurama
filtrer,0.0009359494510233,fr,futurama
abstenir,0.0009359494510233,fr,futurama
langag,0.0009359494510233,fr,futurama
mixter,0.0009353773758525,fr,futurama
inclue,0.0009353773758525,fr,futurama
goulasch,0.0009353773758525,fr,futurama
eur,0.0009353773758525,fr,futurama
lassi,0.0009353773758525,fr,futurama
cabriole,0.0009353773758525,fr,futurama
balsamique,0.0009353773758525,fr,futurama
activez,0.0009353773758525,fr,futurama
prsentez,0.0009353773758525,fr,futurama
mondiau,0.0009353773758525,fr,futurama
koch,0.0009353773758525,fr,futurama
mandragor,0.0009353773758525,fr,futurama
rclamier,0.0009353773758525,fr,futurama
hubble,0.0009353773758525,fr,futurama
lug,0.0009353773758525,fr,futurama
dpensez,0.0009353773758525,fr,futurama
fortiche,0.0009353773758525,fr,futurama
rajoutez,0.0009353773758525,fr,futurama
ensuiv,0.0009353773758525,fr,futurama
abmerer,0.0009353773758525,fr,futurama
infirmiere,0.0009353773758525,fr,futurama
dadais,0.0009353773758525,fr,futurama
recoiffer,0.0009353773758525,fr,futurama
suffolk,0.0009353773758525,fr,futurama
ronron,0.0009353773758525,fr,futurama
lyophilise,0.0009353773758525,fr,futurama
rflchissant,0.0009353773758525,fr,futurama
bia,0.0009353773758525,fr,futurama
mavi,0.0009353773758525,fr,futurama
walking,0.0009353773758525,fr,futurama
holliday,0.0009353773758525,fr,futurama
execution,0.0009353773758525,fr,futurama
ressouder,0.0009353773758525,fr,futurama
culasse,0.0009353773758525,fr,futurama
rho,0.0009353773758525,fr,futurama
antillais,0.0009353773758525,fr,futurama
petunia,0.0009353773758525,fr,futurama
existera,0.0009353773758525,fr,futurama
dsopiler,0.0009353773758525,fr,futurama
smirnoff,0.0009353773758525,fr,futurama
underdog,0.0009353773758525,fr,futurama
selection,0.0009353773758525,fr,futurama
inabordable,0.0009353773758525,fr,futurama
dissips,0.0009353773758525,fr,futurama
braun,0.0009353773758525,fr,futurama
dboucheur,0.0009353773758525,fr,futurama
hail,0.0009353773758525,fr,futurama
cassable,0.0009353773758525,fr,futurama
modestement,0.0009353773758525,fr,futurama
dirigeon,0.0009353773758525,fr,futurama
profitant,0.0009353773758525,fr,futurama
tres,0.0009353773758525,fr,futurama
blessai,0.0009353773758525,fr,futurama
lourdaud,0.0009353773758525,fr,futurama
accer,0.0009353773758525,fr,futurama
lethal,0.0009353773758525,fr,futurama
esturgeon,0.0009353773758525,fr,futurama
parmentier,0.0009353773758525,fr,futurama
dcu,0.0009353773758525,fr,futurama
unirai,0.0009353773758525,fr,futurama
transcendantal,0.0009353773758525,fr,futurama
envotant,0.0009353773758525,fr,futurama
plaisai,0.0009353773758525,fr,futurama
victuaille,0.0009353773758525,fr,futurama
coursive,0.0009353773758525,fr,futurama
ymnite,0.0009353773758525,fr,futurama
conglerer,0.0009353773758525,fr,futurama
perl,0.0009353773758525,fr,futurama
notari,0.0009353773758525,fr,futurama
programmable,0.0009353773758525,fr,futurama
hurlante,0.0009353773758525,fr,futurama
webisode,0.0009353773758525,fr,futurama
palabrer,0.0009353773758525,fr,futurama
albanais,0.0009353773758525,fr,futurama
cdent,0.0009353773758525,fr,futurama
crachoir,0.0009353773758525,fr,futurama
fahrenheit,0.0009353773758525,fr,futurama
rouste,0.0009353773758525,fr,futurama
window,0.0009353773758525,fr,futurama
comprime,0.0009353773758525,fr,futurama
gru,0.0009353773758525,fr,futurama
savoureuse,0.0009353773758525,fr,futurama
galis,0.0009353773758525,fr,futurama
aguilerer,0.0009353773758525,fr,futurama
giuliani,0.0009353773758525,fr,futurama
hahn,0.0009353773758525,fr,futurama
frontiere,0.0009353773758525,fr,futurama
charpie,0.0009353773758525,fr,futurama
pendouill,0.0009353773758525,fr,futurama
crevs,0.0009353773758525,fr,futurama
stre,0.0009353773758525,fr,futurama
shasta,0.0009353773758525,fr,futurama
lamine,0.0009353773758525,fr,futurama
emeraude,0.0009353773758525,fr,futurama
pagne,0.0009353773758525,fr,futurama
extrai,0.0009353773758525,fr,futurama
intriguent,0.0009353773758525,fr,futurama
lustr,0.0009353773758525,fr,futurama
pourrissant,0.0009353773758525,fr,futurama
gigawatt,0.0009353773758525,fr,futurama
jarret,0.0009353773758525,fr,futurama
goshen,0.0009353773758525,fr,futurama
dfavori,0.0009353773758525,fr,futurama
proxntisme,0.0009353773758525,fr,futurama
faucheus,0.0009353773758525,fr,futurama
higg,0.0009353773758525,fr,futurama
laiteux,0.0009353773758525,fr,futurama
propulse,0.0009353773758525,fr,futurama
cryognisation,0.0009353773758525,fr,futurama
carrey,0.0009353773758525,fr,futurama
dgeu,0.0009353773758525,fr,futurama
vomira,0.0009353773758525,fr,futurama
cigogn,0.0009353773758525,fr,futurama
tlcommander,0.0009353773758525,fr,futurama
vidophone,0.0009353773758525,fr,futurama
timonier,0.0009353773758525,fr,futurama
tnbreus,0.0009353773758525,fr,futurama
lombric,0.0009353773758525,fr,futurama
cryogniser,0.0009353773758525,fr,futurama
flemme,0.0009353773758525,fr,futurama
honoron,0.0009353773758525,fr,futurama
rflex,0.0009353773758525,fr,futurama
manquent,0.0009353773758525,fr,futurama
trotteur,0.0009353773758525,fr,futurama
tremens,0.0009353773758525,fr,futurama
illustrated,0.0009353773758525,fr,futurama
rebooter,0.0009353773758525,fr,futurama
chihuahuer,0.0009353773758525,fr,futurama
lgalisation,0.0009353773758525,fr,futurama
rampez,0.0009353773758525,fr,futurama
sacrifierai,0.0009353773758525,fr,futurama
dgradante,0.0009353773758525,fr,futurama
vermeil,0.0009353773758525,fr,futurama
adaptera,0.0009353773758525,fr,futurama
fumerie,0.0009353773758525,fr,futurama
houblon,0.0009353773758525,fr,futurama
cle,0.0009353773758525,fr,futurama
contenance,0.0009353773758525,fr,futurama
ennuiera,0.0009353773758525,fr,futurama
vingtime,0.0009353773758525,fr,futurama
tropicale,0.0009353773758525,fr,futurama
saxo,0.0009353773758525,fr,futurama
armateur,0.0009353773758525,fr,futurama
interdison,0.0009353773758525,fr,futurama
guacamol,0.0009353773758525,fr,futurama
evel,0.0009353773758525,fr,futurama
mikado,0.0009353773758525,fr,futurama
inhospitalier,0.0009353773758525,fr,futurama
dpossder,0.0009353773758525,fr,futurama
duch,0.0009353773758525,fr,futurama
roboto,0.0009353773758525,fr,futurama
redire,0.0009339288799335,fr,futurama
secouer,0.0009339288799335,fr,futurama
mouche,0.0009339288799335,fr,futurama
assiette,0.0009339288799335,fr,futurama
hsite,0.0009339288799335,fr,futurama
prsentation,0.0009339288799335,fr,futurama
conviction,0.0009339288799335,fr,futurama
distribuer,0.0009339288799335,fr,futurama
minimum,0.0009339288799335,fr,futurama
terme,0.0009326104822404,fr,futurama
apprcie,0.0009326104822404,fr,futurama
dossier,0.0009326104822404,fr,futurama
diffrente,0.0009326104822404,fr,futurama
bordel,0.0009326104822404,fr,futurama
lgre,0.0009259478725084,fr,futurama
coude,0.0009259478725084,fr,futurama
veine,0.0009259478725084,fr,futurama
symbole,0.0009259478725084,fr,futurama
retomber,0.0009259478725084,fr,futurama
chaud,0.0009259478725084,fr,futurama
portefeuille,0.0009259478725084,fr,futurama
bal,0.0009259478725084,fr,futurama
dlit,0.0009259478725084,fr,futurama
intact,0.0009259478725084,fr,futurama
anecdote,0.0009252436132307,fr,futurama
talage,0.0009252436132307,fr,futurama
dlivre,0.0009252436132307,fr,futurama
frire,0.0009252436132307,fr,futurama
advenir,0.0009252436132307,fr,futurama
blous,0.0009252436132307,fr,futurama
yal,0.0009252436132307,fr,futurama
ruth,0.0009252436132307,fr,futurama
souvient,0.0009252436132307,fr,futurama
fute,0.0009252436132307,fr,futurama
nouveaut,0.0009252436132307,fr,futurama
organisateur,0.0009252436132307,fr,futurama
eloigner,0.0009252436132307,fr,futurama
grognon,0.0009252436132307,fr,futurama
fiole,0.0009252436132307,fr,futurama
extinction,0.0009252436132307,fr,futurama
chaine,0.0009252436132307,fr,futurama
drange,0.0009251121968997,fr,futurama
manire,0.0009251121968997,fr,futurama
midi,0.0009251121968997,fr,futurama
rpondre,0.0009251121968997,fr,futurama
standard,0.0009180613170932,fr,futurama
confortable,0.0009180613170932,fr,futurama
troupe,0.0009180613170932,fr,futurama
borne,0.0009180613170932,fr,futurama
enveloppe,0.0009180613170932,fr,futurama
absurde,0.0009180613170932,fr,futurama
verra,0.0009180613170932,fr,futurama
garantie,0.0009180613170932,fr,futurama
cigarette,0.0009180613170932,fr,futurama
comporte,0.0009180613170932,fr,futurama
aval,0.0009180613170932,fr,futurama
soin,0.0009176766594521,fr,futurama
refaire,0.0009176766594521,fr,futurama
poursuivre,0.0009176766594521,fr,futurama
picoler,0.0009147897010302,fr,futurama
dmange,0.0009147897010302,fr,futurama
redoutable,0.0009147897010302,fr,futurama
glamour,0.0009147897010302,fr,futurama
proprement,0.0009147897010302,fr,futurama
bowl,0.0009147897010302,fr,futurama
rapporte,0.0009147897010302,fr,futurama
coca,0.0009147897010302,fr,futurama
combin,0.0009147897010302,fr,futurama
pue,0.0009147897010302,fr,futurama
perce,0.0009147897010302,fr,futurama
bavardage,0.0009147897010302,fr,futurama
btail,0.0009147897010302,fr,futurama
rpander,0.0009147897010302,fr,futurama
admettre,0.0009103028284207,fr,futurama
compliqu,0.0009103028284207,fr,futurama
supprimer,0.0009102670042077,fr,futurama
arrach,0.0009102670042077,fr,futurama
trouille,0.0009102670042077,fr,futurama
ple,0.0009102670042077,fr,futurama
embter,0.0009102670042077,fr,futurama
coule,0.0009102670042077,fr,futurama
gage,0.0009102670042077,fr,futurama
faciliter,0.0009102670042077,fr,futurama
dchiffrer,0.000904576130069,fr,futurama
accabler,0.000904576130069,fr,futurama
maudit,0.000904576130069,fr,futurama
labeur,0.000904576130069,fr,futurama
torride,0.000904576130069,fr,futurama
dmonter,0.000904576130069,fr,futurama
brune,0.000904576130069,fr,futurama
nant,0.000904576130069,fr,futurama
crneau,0.000904576130069,fr,futurama
geler,0.000904576130069,fr,futurama
capteur,0.000904576130069,fr,futurama
plancher,0.000904576130069,fr,futurama
honoraire,0.000904576130069,fr,futurama
string,0.000904576130069,fr,futurama
tech,0.000904576130069,fr,futurama
brevet,0.000904576130069,fr,futurama
revoi,0.000904576130069,fr,futurama
renier,0.000904576130069,fr,futurama
gratt,0.000904576130069,fr,futurama
combattant,0.000904576130069,fr,futurama
merde,0.0009029896880447,fr,futurama
arm,0.0009025628010046,fr,futurama
soyon,0.0009025628010046,fr,futurama
devinez,0.0009025628010046,fr,futurama
marqu,0.0009025628010046,fr,futurama
expr,0.0009025628010046,fr,futurama
renoncer,0.0009025628010046,fr,futurama
apptit,0.0009025628010046,fr,futurama
probablement,0.0008957362474396,fr,futurama
oublie,0.0008949466477659,fr,futurama
rgime,0.0008949466477659,fr,futurama
mat,0.0008949466477659,fr,futurama
tante,0.0008949466477659,fr,futurama
prfrerai,0.0008949466477659,fr,futurama
crain,0.0008949466477659,fr,futurama
motif,0.0008949466477659,fr,futurama
solitaire,0.0008949466477659,fr,futurama
ombrelle,0.0008948773066497,fr,futurama
dgnrs,0.0008948773066497,fr,futurama
treuil,0.0008948773066497,fr,futurama
permabl,0.0008948773066497,fr,futurama
belliqueux,0.0008948773066497,fr,futurama
brille,0.0008948773066497,fr,futurama
simultane,0.0008948773066497,fr,futurama
picard,0.0008948773066497,fr,futurama
tabagisme,0.0008948773066497,fr,futurama
ineffable,0.0008948773066497,fr,futurama
achill,0.0008948773066497,fr,futurama
armee,0.0008948773066497,fr,futurama
cresson,0.0008948773066497,fr,futurama
triomphal,0.0008948773066497,fr,futurama
visitez,0.0008948773066497,fr,futurama
braconner,0.0008948773066497,fr,futurama
ergot,0.0008948773066497,fr,futurama
exercez,0.0008948773066497,fr,futurama
gonflant,0.0008948773066497,fr,futurama
godziller,0.0008948773066497,fr,futurama
endormira,0.0008948773066497,fr,futurama
app,0.0008948773066497,fr,futurama
kringle,0.0008948773066497,fr,futurama
gonade,0.0008948773066497,fr,futurama
tetris,0.0008948773066497,fr,futurama
islandais,0.0008948773066497,fr,futurama
naturiste,0.0008948773066497,fr,futurama
assomme,0.0008948773066497,fr,futurama
copernic,0.0008948773066497,fr,futurama
combattai,0.0008948773066497,fr,futurama
moonwalk,0.0008948773066497,fr,futurama
flouze,0.0008948773066497,fr,futurama
ascensionnel,0.0008948773066497,fr,futurama
sommelier,0.0008948773066497,fr,futurama
valriane,0.0008948773066497,fr,futurama
griffonnage,0.0008948773066497,fr,futurama
evasion,0.0008948773066497,fr,futurama
pec,0.0008948773066497,fr,futurama
nausabond,0.0008948773066497,fr,futurama
tut,0.0008948773066497,fr,futurama
napperon,0.0008948773066497,fr,futurama
chiper,0.0008948773066497,fr,futurama
esqu,0.0008948773066497,fr,futurama
rabche,0.0008948773066497,fr,futurama
raging,0.0008948773066497,fr,futurama
ornithologue,0.0008948773066497,fr,futurama
polariser,0.0008948773066497,fr,futurama
stagnant,0.0008948773066497,fr,futurama
squid,0.0008948773066497,fr,futurama
carne,0.0008948773066497,fr,futurama
eventreur,0.0008948773066497,fr,futurama
histamine,0.0008948773066497,fr,futurama
diantre,0.0008948773066497,fr,futurama
arrangeon,0.0008948773066497,fr,futurama
sottis,0.0008948773066497,fr,futurama
olymp,0.0008948773066497,fr,futurama
dpilatoire,0.0008948773066497,fr,futurama
honnete,0.0008948773066497,fr,futurama
intercontinental,0.0008948773066497,fr,futurama
couchiez,0.0008948773066497,fr,futurama
tlgraphe,0.0008948773066497,fr,futurama
objecteur,0.0008948773066497,fr,futurama
assumez,0.0008948773066497,fr,futurama
pelucheux,0.0008948773066497,fr,futurama
prsiderer,0.0008948773066497,fr,futurama
livrai,0.0008948773066497,fr,futurama
rtelier,0.0008948773066497,fr,futurama
cola,0.0008948773066497,fr,futurama
election,0.0008948773066497,fr,futurama
quick,0.0008948773066497,fr,futurama
read,0.0008948773066497,fr,futurama
homopathie,0.0008948773066497,fr,futurama
blek,0.0008948773066497,fr,futurama
cyclop,0.0008948773066497,fr,futurama
bipd,0.0008948773066497,fr,futurama
tlprompteur,0.0008948773066497,fr,futurama
conomiste,0.0008948773066497,fr,futurama
macaulay,0.0008948773066497,fr,futurama
courtisan,0.0008948773066497,fr,futurama
gizeh,0.0008948773066497,fr,futurama
ecrasez,0.0008948773066497,fr,futurama
gueuleton,0.0008948773066497,fr,futurama
blass,0.0008948773066497,fr,futurama
amibe,0.0008948773066497,fr,futurama
boson,0.0008948773066497,fr,futurama
mosaque,0.0008948773066497,fr,futurama
reverser,0.0008948773066497,fr,futurama
month,0.0008948773066497,fr,futurama
merveillemer,0.0008948773066497,fr,futurama
licieux,0.0008948773066497,fr,futurama
dtruisit,0.0008948773066497,fr,futurama
routard,0.0008948773066497,fr,futurama
succde,0.0008948773066497,fr,futurama
zob,0.0008948773066497,fr,futurama
cafin,0.0008948773066497,fr,futurama
ite,0.0008948773066497,fr,futurama
zion,0.0008948773066497,fr,futurama
sphriqu,0.0008948773066497,fr,futurama
prsentemer,0.0008948773066497,fr,futurama
phlbite,0.0008948773066497,fr,futurama
crditer,0.0008948773066497,fr,futurama
machiste,0.0008948773066497,fr,futurama
pavs,0.0008948773066497,fr,futurama
conjur,0.0008948773066497,fr,futurama
fataliste,0.0008948773066497,fr,futurama
inaugure,0.0008948773066497,fr,futurama
ptant,0.0008948773066497,fr,futurama
papouille,0.0008948773066497,fr,futurama
rangeon,0.0008948773066497,fr,futurama
rajeunissement,0.0008948773066497,fr,futurama
radiqus,0.0008948773066497,fr,futurama
cuiter,0.0008948773066497,fr,futurama
carpette,0.0008948773066497,fr,futurama
pliant,0.0008948773066497,fr,futurama
gosm,0.0008948773066497,fr,futurama
boycotte,0.0008948773066497,fr,futurama
sabord,0.0008948773066497,fr,futurama
linolum,0.0008948773066497,fr,futurama
kinko,0.0008948773066497,fr,futurama
robotis,0.0008948773066497,fr,futurama
scene,0.0008948773066497,fr,futurama
mman,0.0008948773066497,fr,futurama
benji,0.0008948773066497,fr,futurama
guirland,0.0008948773066497,fr,futurama
kareem,0.0008948773066497,fr,futurama
magnet,0.0008948773066497,fr,futurama
ciboulot,0.0008948773066497,fr,futurama
marchai,0.0008948773066497,fr,futurama
delirium,0.0008948773066497,fr,futurama
mthan,0.0008948773066497,fr,futurama
sagittaire,0.0008948773066497,fr,futurama
micmac,0.0008948773066497,fr,futurama
biler,0.0008948773066497,fr,futurama
profile,0.0008948773066497,fr,futurama
couard,0.0008948773066497,fr,futurama
avancent,0.0008948773066497,fr,futurama
admiral,0.0008948773066497,fr,futurama
franken,0.0008948773066497,fr,futurama
ketchup,0.0008945920970979,fr,futurama
tornade,0.0008945920970979,fr,futurama
comptez,0.0008945920970979,fr,futurama
adoption,0.0008945920970979,fr,futurama
wendy,0.0008945920970979,fr,futurama
bronze,0.0008945920970979,fr,futurama
cantine,0.0008945920970979,fr,futurama
tlcharg,0.0008945920970979,fr,futurama
santa,0.0008945920970979,fr,futurama
tournage,0.0008945920970979,fr,futurama
turner,0.0008945920970979,fr,futurama
keith,0.0008945920970979,fr,futurama
bad,0.0008945920970979,fr,futurama
pomper,0.0008945920970979,fr,futurama
faison,0.0008874165545977,fr,futurama
dessiner,0.0008874165545977,fr,futurama
dpartement,0.0008874165545977,fr,futurama
admire,0.0008874165545977,fr,futurama
enregistrement,0.0008874165545977,fr,futurama
aimerai,0.0008874165545977,fr,futurama
enterr,0.0008874165545977,fr,futurama
quantit,0.0008874165545977,fr,futurama
insulte,0.0008874165545977,fr,futurama
dall,0.0008848275112885,fr,futurama
zen,0.0008848275112885,fr,futurama
sauc,0.0008848275112885,fr,futurama
visionnaire,0.0008848275112885,fr,futurama
meuf,0.0008848275112885,fr,futurama
contaminer,0.0008848275112885,fr,futurama
trajectoire,0.0008848275112885,fr,futurama
cogne,0.0008848275112885,fr,futurama
surfer,0.0008848275112885,fr,futurama
pan,0.0008848275112885,fr,futurama
blabla,0.0008848275112885,fr,futurama
excentrique,0.0008848275112885,fr,futurama
rvlerer,0.0008848275112885,fr,futurama
gland,0.0008848275112885,fr,futurama
moqu,0.0008848275112885,fr,futurama
coke,0.0008848275112885,fr,futurama
pest,0.0008848275112885,fr,futurama
dtendre,0.0008799705983091,fr,futurama
diplm,0.0008799705983091,fr,futurama
relever,0.0008799705983091,fr,futurama
revanche,0.0008799705983091,fr,futurama
contrairement,0.0008799705983091,fr,futurama
souris,0.0008799705983091,fr,futurama
malheur,0.0008799705983091,fr,futurama
embte,0.0008799705983091,fr,futurama
habile,0.0008752729329374,fr,futurama
vincent,0.0008752729329374,fr,futurama
pourvu,0.0008752729329374,fr,futurama
scn,0.0008752729329374,fr,futurama
pnible,0.0008752729329374,fr,futurama
inauguration,0.0008752729329374,fr,futurama
natal,0.0008752729329374,fr,futurama
grimp,0.0008752729329374,fr,futurama
rallumer,0.0008752729329374,fr,futurama
imitation,0.0008752729329374,fr,futurama
globe,0.0008752729329374,fr,futurama
grandiose,0.0008752729329374,fr,futurama
verrai,0.0008752729329374,fr,futurama
sou,0.0008752729329374,fr,futurama
fiancer,0.0008752729329374,fr,futurama
romain,0.0008752729329374,fr,futurama
dpenser,0.0008726069194644,fr,futurama
ira,0.0008726069194644,fr,futurama
raccrocher,0.0008726069194644,fr,futurama
urgent,0.0008726069194644,fr,futurama
nettoyage,0.0008726069194644,fr,futurama
clat,0.0008726069194644,fr,futurama
manipuler,0.0008726069194644,fr,futurama
heather,0.0008659195186241,fr,futurama
initiale,0.0008659195186241,fr,futurama
hant,0.0008659195186241,fr,futurama
couture,0.0008659195186241,fr,futurama
colo,0.0008659195186241,fr,futurama
riposter,0.0008659195186241,fr,futurama
arthur,0.0008659195186241,fr,futurama
incapacit,0.0008659195186241,fr,futurama
rechange,0.0008659195186241,fr,futurama
sondage,0.0008659195186241,fr,futurama
american,0.0008659195186241,fr,futurama
master,0.0008659195186241,fr,futurama
neil,0.0008659195186241,fr,futurama
dortoir,0.0008659195186241,fr,futurama
aiderai,0.000865323719595,fr,futurama
tasse,0.000865323719595,fr,futurama
serr,0.000865323719595,fr,futurama
imposer,0.000865323719595,fr,futurama
meurt,0.000865323719595,fr,futurama
convenir,0.000865323719595,fr,futurama
autorisation,0.000865323719595,fr,futurama
injuste,0.000865323719595,fr,futurama
cave,0.000865323719595,fr,futurama
contrl,0.000865323719595,fr,futurama
sauvent,0.0008606349860463,fr,futurama
chrysalide,0.0008606349860463,fr,futurama
bagne,0.0008606349860463,fr,futurama
redistribu,0.0008606349860463,fr,futurama
viscosit,0.0008606349860463,fr,futurama
cloaque,0.0008606349860463,fr,futurama
recuperer,0.0008606349860463,fr,futurama
rectangulaire,0.0008606349860463,fr,futurama
humblemer,0.0008606349860463,fr,futurama
shrapnel,0.0008606349860463,fr,futurama
impressionnent,0.0008606349860463,fr,futurama
congnre,0.0008606349860463,fr,futurama
brulure,0.0008606349860463,fr,futurama
conference,0.0008606349860463,fr,futurama
bolt,0.0008606349860463,fr,futurama
cyborgs,0.0008606349860463,fr,futurama
rubik,0.0008606349860463,fr,futurama
pquenot,0.0008606349860463,fr,futurama
retendre,0.0008606349860463,fr,futurama
lande,0.0008606349860463,fr,futurama
borgner,0.0008606349860463,fr,futurama
exonration,0.0008606349860463,fr,futurama
cymbale,0.0008606349860463,fr,futurama
dvous,0.0008606349860463,fr,futurama
commmore,0.0008606349860463,fr,futurama
tungstne,0.0008606349860463,fr,futurama
vids,0.0008606349860463,fr,futurama
burin,0.0008606349860463,fr,futurama
marv,0.0008606349860463,fr,futurama
radiotlescope,0.0008606349860463,fr,futurama
libellule,0.0008606349860463,fr,futurama
cambodgien,0.0008606349860463,fr,futurama
alt,0.0008606349860463,fr,futurama
marcel,0.0008606349860463,fr,futurama
roland,0.0008606349860463,fr,futurama
surexcite,0.0008606349860463,fr,futurama
macaqu,0.0008606349860463,fr,futurama
encourags,0.0008606349860463,fr,futurama
perpendiculaire,0.0008606349860463,fr,futurama
quinoxe,0.0008606349860463,fr,futurama
morau,0.0008606349860463,fr,futurama
proccupante,0.0008606349860463,fr,futurama
nonce,0.0008606349860463,fr,futurama
receler,0.0008606349860463,fr,futurama
pise,0.0008606349860463,fr,futurama
ahuri,0.0008606349860463,fr,futurama
fascisme,0.0008606349860463,fr,futurama
sautera,0.0008606349860463,fr,futurama
loulou,0.0008606349860463,fr,futurama
humoriste,0.0008606349860463,fr,futurama
rotor,0.0008606349860463,fr,futurama
hbreux,0.0008606349860463,fr,futurama
preservatif,0.0008606349860463,fr,futurama
amidonn,0.0008606349860463,fr,futurama
mnagement,0.0008606349860463,fr,futurama
domo,0.0008606349860463,fr,futurama
krach,0.0008606349860463,fr,futurama
ossature,0.0008606349860463,fr,futurama
embarquemer,0.0008606349860463,fr,futurama
macon,0.0008606349860463,fr,futurama
brasier,0.0008606349860463,fr,futurama
offrent,0.0008606349860463,fr,futurama
waterloo,0.0008606349860463,fr,futurama
encanailler,0.0008606349860463,fr,futurama
droger,0.0008606349860463,fr,futurama
fumett,0.0008606349860463,fr,futurama
proteger,0.0008606349860463,fr,futurama
balancerai,0.0008606349860463,fr,futurama
calzone,0.0008606349860463,fr,futurama
fossilis,0.0008606349860463,fr,futurama
podcast,0.0008606349860463,fr,futurama
drole,0.0008606349860463,fr,futurama
baleinier,0.0008606349860463,fr,futurama
infm,0.0008606349860463,fr,futurama
rparez,0.0008606349860463,fr,futurama
photocopi,0.0008606349860463,fr,futurama
doler,0.0008606349860463,fr,futurama
disparut,0.0008606349860463,fr,futurama
typhon,0.0008606349860463,fr,futurama
chocolaterie,0.0008606349860463,fr,futurama
bobcat,0.0008606349860463,fr,futurama
liberace,0.0008606349860463,fr,futurama
neutrino,0.0008606349860463,fr,futurama
clinquant,0.0008606349860463,fr,futurama
adonis,0.0008606349860463,fr,futurama
wear,0.0008606349860463,fr,futurama
tlchargez,0.0008606349860463,fr,futurama
volera,0.0008606349860463,fr,futurama
dmolisseur,0.0008606349860463,fr,futurama
dorito,0.0008606349860463,fr,futurama
contestable,0.0008606349860463,fr,futurama
dlicieu,0.0008606349860463,fr,futurama
gribouille,0.0008606349860463,fr,futurama
garfunkel,0.0008606349860463,fr,futurama
galile,0.0008606349860463,fr,futurama
knievel,0.0008606349860463,fr,futurama
renou,0.0008606349860463,fr,futurama
libertaire,0.0008606349860463,fr,futurama
aol,0.0008606349860463,fr,futurama
dbrouillai,0.0008606349860463,fr,futurama
mtropolitain,0.0008606349860463,fr,futurama
samoa,0.0008606349860463,fr,futurama
gabl,0.0008606349860463,fr,futurama
taguer,0.0008606349860463,fr,futurama
mole,0.0008606349860463,fr,futurama
fconde,0.0008606349860463,fr,futurama
luner,0.0008606349860463,fr,futurama
rognure,0.0008606349860463,fr,futurama
percuts,0.0008606349860463,fr,futurama
inez,0.0008606349860463,fr,futurama
doggy,0.0008606349860463,fr,futurama
tnt,0.0008606349860463,fr,futurama
hippy,0.0008606349860463,fr,futurama
bluffeur,0.0008606349860463,fr,futurama
cabosse,0.0008606349860463,fr,futurama
affrt,0.0008606349860463,fr,futurama
arigato,0.0008606349860463,fr,futurama
dissout,0.0008606349860463,fr,futurama
contrematr,0.0008606349860463,fr,futurama
maraca,0.0008606349860463,fr,futurama
porcinet,0.0008606349860463,fr,futurama
fibonacci,0.0008606349860463,fr,futurama
tangente,0.0008606349860463,fr,futurama
sty,0.0008606349860463,fr,futurama
protgeon,0.0008606349860463,fr,futurama
dsastre,0.0008581192585637,fr,futurama
ongle,0.0008581192585637,fr,futurama
crir,0.0008581192585637,fr,futurama
ngocier,0.0008581192585637,fr,futurama
sensation,0.0008581192585637,fr,futurama
infirmire,0.0008581192585637,fr,futurama
honnte,0.0008581192585637,fr,futurama
frer,0.0008581192585637,fr,futurama
progr,0.0008581192585637,fr,futurama
lot,0.0008581192585637,fr,futurama
enregistrer,0.0008581192585637,fr,futurama
paraître,0.0008581192585637,fr,futurama
kilomtre,0.0008581192585637,fr,futurama
enchante,0.0008581192585637,fr,futurama
jeton,0.0008581192585637,fr,futurama
plonger,0.0008581192585637,fr,futurama
apocalypse,0.0008567589720239,fr,futurama
fourmi,0.0008567589720239,fr,futurama
planer,0.0008567589720239,fr,futurama
emmerdeur,0.0008567589720239,fr,futurama
organique,0.0008567589720239,fr,futurama
cobaye,0.0008567589720239,fr,futurama
fissure,0.0008567589720239,fr,futurama
rplique,0.0008567589720239,fr,futurama
documentaire,0.0008567589720239,fr,futurama
conventionnel,0.0008567589720239,fr,futurama
vivement,0.0008567589720239,fr,futurama
terriblement,0.0008567589720239,fr,futurama
canadien,0.0008567589720239,fr,futurama
troubl,0.0008567589720239,fr,futurama
posie,0.0008567589720239,fr,futurama
rsolue,0.0008567589720239,fr,futurama
braque,0.0008567589720239,fr,futurama
timbre,0.0008567589720239,fr,futurama
dtect,0.0008567589720239,fr,futurama
rglemer,0.0008567589720239,fr,futurama
dclaration,0.0008509918520684,fr,futurama
promotion,0.0008509918520684,fr,futurama
gch,0.0008509918520684,fr,futurama
station,0.0008509918520684,fr,futurama
profondment,0.0008509918520684,fr,futurama
accusation,0.0008509918520684,fr,futurama
foir,0.0008509918520684,fr,futurama
samedi,0.0008509918520684,fr,futurama
disputer,0.0008509918520684,fr,futurama
rvler,0.0008509918520684,fr,futurama
coiffeur,0.0008477834996899,fr,futurama
cbl,0.0008477834996899,fr,futurama
vitez,0.0008477834996899,fr,futurama
maquiller,0.0008477834996899,fr,futurama
exprimental,0.0008477834996899,fr,futurama
mcanisme,0.0008477834996899,fr,futurama
invente,0.0008477834996899,fr,futurama
dgagez,0.0008477834996899,fr,futurama
souterrain,0.0008477834996899,fr,futurama
motionnell,0.0008477834996899,fr,futurama
dinosaure,0.0008477834996899,fr,futurama
fiscal,0.0008477834996899,fr,futurama
rjouir,0.0008477834996899,fr,futurama
reconstituer,0.0008477834996899,fr,futurama
taxe,0.0008477834996899,fr,futurama
satellite,0.0008477834996899,fr,futurama
souple,0.0008477834996899,fr,futurama
visit,0.0008477834996899,fr,futurama
support,0.0008439398692793,fr,futurama
pari,0.0008439398692793,fr,futurama
soudain,0.0008439398692793,fr,futurama
affect,0.0008439398692793,fr,futurama
rela,0.0008439398692793,fr,futurama
jeudi,0.0008439398692793,fr,futurama
culpabilit,0.0008439398692793,fr,futurama
citoyen,0.0008439398692793,fr,futurama
masse,0.0008439398692793,fr,futurama
communiquer,0.0008439398692793,fr,futurama
lpher,0.0008389857712151,fr,futurama
vernir,0.0008389857712151,fr,futurama
masqu,0.0008389857712151,fr,futurama
braquage,0.0008389857712151,fr,futurama
rattrape,0.0008389857712151,fr,futurama
dcharger,0.0008389857712151,fr,futurama
dlivrer,0.0008389857712151,fr,futurama
nichon,0.0008389857712151,fr,futurama
mairie,0.0008389857712151,fr,futurama
squatter,0.0008389857712151,fr,futurama
dguiser,0.0008389857712151,fr,futurama
aimant,0.0008389857712151,fr,futurama
euphmisme,0.0008389857712151,fr,futurama
agence,0.0008369617305986,fr,futurama
accroch,0.0008369617305986,fr,futurama
dsirer,0.0008369617305986,fr,futurama
panneau,0.0008369617305986,fr,futurama
actuel,0.0008369617305986,fr,futurama
pter,0.0008369617305986,fr,futurama
charit,0.0008369617305986,fr,futurama
boutique,0.0008369617305986,fr,futurama
facture,0.0008369617305986,fr,futurama
bisque,0.000830972938743,fr,futurama
gombo,0.000830972938743,fr,futurama
fes,0.000830972938743,fr,futurama
nenni,0.000830972938743,fr,futurama
gurissez,0.000830972938743,fr,futurama
gaul,0.000830972938743,fr,futurama
subjugu,0.000830972938743,fr,futurama
reconfigur,0.000830972938743,fr,futurama
jurassic,0.000830972938743,fr,futurama
trident,0.000830972938743,fr,futurama
microprocesseur,0.000830972938743,fr,futurama
nnette,0.000830972938743,fr,futurama
librs,0.000830972938743,fr,futurama
dculotte,0.000830972938743,fr,futurama
kraft,0.000830972938743,fr,futurama
jacassement,0.000830972938743,fr,futurama
intacter,0.000830972938743,fr,futurama
chenill,0.000830972938743,fr,futurama
blush,0.000830972938743,fr,futurama
extracteur,0.000830972938743,fr,futurama
dvisser,0.000830972938743,fr,futurama
paella,0.000830972938743,fr,futurama
rebellion,0.000830972938743,fr,futurama
cajun,0.000830972938743,fr,futurama
effrai,0.000830972938743,fr,futurama
admirai,0.000830972938743,fr,futurama
dmods,0.000830972938743,fr,futurama
dcadent,0.000830972938743,fr,futurama
planton,0.000830972938743,fr,futurama
oserai,0.000830972938743,fr,futurama
muscls,0.000830972938743,fr,futurama
usin,0.000830972938743,fr,futurama
dpecer,0.000830972938743,fr,futurama
civisme,0.000830972938743,fr,futurama
watson,0.000830972938743,fr,futurama
satyre,0.000830972938743,fr,futurama
souhaiton,0.000830972938743,fr,futurama
imposable,0.000830972938743,fr,futurama
rigolera,0.000830972938743,fr,futurama
matou,0.000830972938743,fr,futurama
micron,0.000830972938743,fr,futurama
rendaient,0.000830972938743,fr,futurama
northwest,0.000830972938743,fr,futurama
spock,0.000830972938743,fr,futurama
scrupuleusemer,0.000830972938743,fr,futurama
tempr,0.000830972938743,fr,futurama
cultivateur,0.000830972938743,fr,futurama
domestiqu,0.000830972938743,fr,futurama
millsime,0.000830972938743,fr,futurama
seinfeld,0.000830972938743,fr,futurama
sautill,0.000830972938743,fr,futurama
moriarty,0.000830972938743,fr,futurama
chachi,0.000830972938743,fr,futurama
encino,0.000830972938743,fr,futurama
bebe,0.000830972938743,fr,futurama
blotti,0.000830972938743,fr,futurama
fripouill,0.000830972938743,fr,futurama
brader,0.000830972938743,fr,futurama
attila,0.000830972938743,fr,futurama
proclam,0.000830972938743,fr,futurama
mangeait,0.000830972938743,fr,futurama
proths,0.000830972938743,fr,futurama
sociologique,0.000830972938743,fr,futurama
paraplui,0.000830972938743,fr,futurama
aclu,0.000830972938743,fr,futurama
moussaillon,0.000830972938743,fr,futurama
shore,0.000830972938743,fr,futurama
clac,0.000830972938743,fr,futurama
conscutiv,0.000830972938743,fr,futurama
surdit,0.000830972938743,fr,futurama
riter,0.000830972938743,fr,futurama
dride,0.000830972938743,fr,futurama
paltrow,0.000830972938743,fr,futurama
nettoys,0.000830972938743,fr,futurama
lauper,0.000830972938743,fr,futurama
commercialiser,0.000830972938743,fr,futurama
nargu,0.000830972938743,fr,futurama
biologist,0.000830972938743,fr,futurama
vinny,0.000830972938743,fr,futurama
converse,0.000830972938743,fr,futurama
lison,0.000830972938743,fr,futurama
cinquantenaire,0.000830972938743,fr,futurama
interpo,0.000830972938743,fr,futurama
hachis,0.000830972938743,fr,futurama
cinglant,0.000830972938743,fr,futurama
sylvester,0.000830972938743,fr,futurama
mlangez,0.000830972938743,fr,futurama
cui,0.000830972938743,fr,futurama
odorant,0.000830972938743,fr,futurama
olfactif,0.000830972938743,fr,futurama
imploron,0.000830972938743,fr,futurama
crneur,0.000830972938743,fr,futurama
hubbl,0.000830972938743,fr,futurama
chtr,0.000830972938743,fr,futurama
etranger,0.000830972938743,fr,futurama
aiguillage,0.000830972938743,fr,futurama
cpre,0.000830972938743,fr,futurama
fuie,0.000830972938743,fr,futurama
magma,0.000830972938743,fr,futurama
hydroponique,0.000830972938743,fr,futurama
dcolorer,0.000830972938743,fr,futurama
gateal,0.000830972938743,fr,futurama
prisme,0.000830972938743,fr,futurama
inconsidre,0.000830972938743,fr,futurama
grabataire,0.000830972938743,fr,futurama
dribbl,0.000830972938743,fr,futurama
xener,0.000830972938743,fr,futurama
rondin,0.000830972938743,fr,futurama
phosphorescent,0.000830972938743,fr,futurama
dvors,0.000830972938743,fr,futurama
accessoiriste,0.000830972938743,fr,futurama
rlu,0.000830972938743,fr,futurama
doter,0.000830972938743,fr,futurama
bistro,0.000830972938743,fr,futurama
hiss,0.000830972938743,fr,futurama
couperai,0.000830972938743,fr,futurama
tourist,0.000830972938743,fr,futurama
encyclopdiqu,0.000830972938743,fr,futurama
provoqus,0.000830972938743,fr,futurama
moduler,0.000830972938743,fr,futurama
sparatiste,0.000830972938743,fr,futurama
vaillant,0.000830972938743,fr,futurama
chmer,0.000830972938743,fr,futurama
leonard,0.000830972938743,fr,futurama
cools,0.000830972938743,fr,futurama
polygame,0.000830972938743,fr,futurama
materni,0.000830972938743,fr,futurama
bomber,0.000830972938743,fr,futurama
chaumire,0.000830972938743,fr,futurama
lexie,0.000830972938743,fr,futurama
cassis,0.000830972938743,fr,futurama
hygine,0.0008303588832615,fr,futurama
prvisibl,0.0008303588832615,fr,futurama
country,0.0008303588832615,fr,futurama
brochure,0.0008303588832615,fr,futurama
universel,0.0008303588832615,fr,futurama
fourre,0.0008303588832615,fr,futurama
bikini,0.0008303588832615,fr,futurama
prisonnir,0.0008303588832615,fr,futurama
resto,0.0008303588832615,fr,futurama
arbitre,0.0008303588832615,fr,futurama
inond,0.0008303588832615,fr,futurama
audacieux,0.0008303588832615,fr,futurama
tremper,0.0008303588832615,fr,futurama
billard,0.0008303588832615,fr,futurama
distraire,0.0008300559055367,fr,futurama
accept,0.0008300559055367,fr,futurama
meurtrier,0.0008300559055367,fr,futurama
chappe,0.0008300559055367,fr,futurama
avre,0.0008300559055367,fr,futurama
assumer,0.0008300559055367,fr,futurama
inventer,0.0008300559055367,fr,futurama
excit,0.0008300559055367,fr,futurama
contenter,0.0008300559055367,fr,futurama
accueillir,0.0008232209106982,fr,futurama
saigner,0.0008232209106982,fr,futurama
rduit,0.0008232209106982,fr,futurama
empire,0.0008232209106982,fr,futurama
large,0.0008232209106982,fr,futurama
faite,0.0008232209106982,fr,futurama
sorcir,0.0008218963270167,fr,futurama
parfaite,0.0008218963270167,fr,futurama
toxine,0.0008218963270167,fr,futurama
poney,0.0008218963270167,fr,futurama
world,0.0008218963270167,fr,futurama
conue,0.0008218963270167,fr,futurama
mafia,0.0008218963270167,fr,futurama
claqu,0.0008218963270167,fr,futurama
ouah,0.0008218963270167,fr,futurama
seuil,0.0008218963270167,fr,futurama
attrapez,0.0008218963270167,fr,futurama
fourchette,0.0008218963270167,fr,futurama
contagieux,0.0008218963270167,fr,futurama
peindre,0.0008164553078683,fr,futurama
croiser,0.0008164553078683,fr,futurama
mail,0.0008164553078683,fr,futurama
dsert,0.0008164553078683,fr,futurama
enfermer,0.0008164553078683,fr,futurama
arrivs,0.0008164553078683,fr,futurama
cte,0.0008164553078683,fr,futurama
braquer,0.0008135919586924,fr,futurama
enterrs,0.0008135919586924,fr,futurama
mexiqu,0.0008135919586924,fr,futurama
grandeur,0.0008135919586924,fr,futurama
arroser,0.0008135919586924,fr,futurama
jackpot,0.0008135919586924,fr,futurama
dbarras,0.0008135919586924,fr,futurama
morphine,0.0008135919586924,fr,futurama
tnbre,0.0008135919586924,fr,futurama
jenny,0.0008135919586924,fr,futurama
sduire,0.0008135919586924,fr,futurama
excut,0.0008135919586924,fr,futurama
indpendance,0.0008135919586924,fr,futurama
national,0.0008097577021973,fr,futurama
complexe,0.0008097577021973,fr,futurama
reconnatre,0.0008097577021973,fr,futurama
essentiel,0.0008097577021973,fr,futurama
chauffeur,0.0008097577021973,fr,futurama
reprsenter,0.0008097577021973,fr,futurama
critique,0.0008097577021973,fr,futurama
coller,0.0008097577021973,fr,futurama
not,0.0008097577021973,fr,futurama
dfaut,0.0008097577021973,fr,futurama
officiellement,0.0008097577021973,fr,futurama
dtend,0.0008097577021973,fr,futurama
repen,0.0008054399727294,fr,futurama
djeun,0.0008054399727294,fr,futurama
catalogue,0.0008054399727294,fr,futurama
tampon,0.0008054399727294,fr,futurama
calculer,0.0008054399727294,fr,futurama
affront,0.0008054399727294,fr,futurama
tribu,0.0008054399727294,fr,futurama
vase,0.0008054399727294,fr,futurama
jouon,0.0008054399727294,fr,futurama
apprter,0.0008054399727294,fr,futurama
diffrend,0.0008054399727294,fr,futurama
bonnet,0.0008054399727294,fr,futurama
artifice,0.0008054399727294,fr,futurama
metteur,0.0008054399727294,fr,futurama
spectaculaire,0.0008054399727294,fr,futurama
anantir,0.0008054399727294,fr,futurama
susan,0.0008054399727294,fr,futurama
moustache,0.0008054399727294,fr,futurama
oculaire,0.0008054399727294,fr,futurama
alpher,0.0008054399727294,fr,futurama
broyeuse,0.0008048091587772,fr,futurama
bourgeoisie,0.0008048091587772,fr,futurama
ventral,0.0008048091587772,fr,futurama
moucheron,0.0008048091587772,fr,futurama
affranchi,0.0008048091587772,fr,futurama
rancho,0.0008048091587772,fr,futurama
poissonnier,0.0008048091587772,fr,futurama
infuser,0.0008048091587772,fr,futurama
fresh,0.0008048091587772,fr,futurama
huileux,0.0008048091587772,fr,futurama
torpill,0.0008048091587772,fr,futurama
inespr,0.0008048091587772,fr,futurama
garonnet,0.0008048091587772,fr,futurama
depot,0.0008048091587772,fr,futurama
cannoli,0.0008048091587772,fr,futurama
pickpocket,0.0008048091587772,fr,futurama
bafoue,0.0008048091587772,fr,futurama
chargeait,0.0008048091587772,fr,futurama
rudement,0.0008048091587772,fr,futurama
emmle,0.0008048091587772,fr,futurama
paraffine,0.0008048091587772,fr,futurama
identifiez,0.0008048091587772,fr,futurama
sire,0.0008048091587772,fr,futurama
rptitive,0.0008048091587772,fr,futurama
calcutter,0.0008048091587772,fr,futurama
prient,0.0008048091587772,fr,futurama
viennoiserie,0.0008048091587772,fr,futurama
fracassant,0.0008048091587772,fr,futurama
conter,0.0008048091587772,fr,futurama
chrom,0.0008048091587772,fr,futurama
structurel,0.0008048091587772,fr,futurama
grillon,0.0008048091587772,fr,futurama
frimousse,0.0008048091587772,fr,futurama
impertinence,0.0008048091587772,fr,futurama
strogne,0.0008048091587772,fr,futurama
gargantuesque,0.0008048091587772,fr,futurama
dcouvreur,0.0008048091587772,fr,futurama
rtinienne,0.0008048091587772,fr,futurama
rom,0.0008048091587772,fr,futurama
justaucorps,0.0008048091587772,fr,futurama
opprimer,0.0008048091587772,fr,futurama
foreman,0.0008048091587772,fr,futurama
dcongel,0.0008048091587772,fr,futurama
ebola,0.0008048091587772,fr,futurama
dsignerer,0.0008048091587772,fr,futurama
jubile,0.0008048091587772,fr,futurama
liane,0.0008048091587772,fr,futurama
magnitude,0.0008048091587772,fr,futurama
epouse,0.0008048091587772,fr,futurama
exemplairer,0.0008048091587772,fr,futurama
sacrebleu,0.0008048091587772,fr,futurama
rebuter,0.0008048091587772,fr,futurama
osciller,0.0008048091587772,fr,futurama
badinage,0.0008048091587772,fr,futurama
franks,0.0008048091587772,fr,futurama
orne,0.0008048091587772,fr,futurama
modulateur,0.0008048091587772,fr,futurama
pntrent,0.0008048091587772,fr,futurama
adress,0.0008048091587772,fr,futurama
pyramidal,0.0008048091587772,fr,futurama
cerceau,0.0008048091587772,fr,futurama
devenon,0.0008048091587772,fr,futurama
bichon,0.0008048091587772,fr,futurama
loquence,0.0008048091587772,fr,futurama
glatineux,0.0008048091587772,fr,futurama
copieux,0.0008048091587772,fr,futurama
schnaps,0.0008048091587772,fr,futurama
invitai,0.0008048091587772,fr,futurama
groove,0.0008048091587772,fr,futurama
osbourn,0.0008048091587772,fr,futurama
thermo,0.0008048091587772,fr,futurama
fanatisme,0.0008048091587772,fr,futurama
mousseline,0.0008048091587772,fr,futurama
latrine,0.0008048091587772,fr,futurama
regorge,0.0008048091587772,fr,futurama
steward,0.0008048091587772,fr,futurama
tentante,0.0008048091587772,fr,futurama
amovible,0.0008048091587772,fr,futurama
infiltrs,0.0008048091587772,fr,futurama
allocution,0.0008048091587772,fr,futurama
prognitur,0.0008048091587772,fr,futurama
tlvise,0.0008048091587772,fr,futurama
reception,0.0008048091587772,fr,futurama
lotus,0.0008048091587772,fr,futurama
polichinelle,0.0008048091587772,fr,futurama
esquint,0.0008048091587772,fr,futurama
votez,0.0008048091587772,fr,futurama
sanctifier,0.0008048091587772,fr,futurama
copyright,0.0008048091587772,fr,futurama
mangeable,0.0008048091587772,fr,futurama
barn,0.0008048091587772,fr,futurama
saperlipopette,0.0008048091587772,fr,futurama
goldman,0.0008048091587772,fr,futurama
perverti,0.0008048091587772,fr,futurama
priront,0.0008048091587772,fr,futurama
mega,0.0008048091587772,fr,futurama
revtir,0.0008048091587772,fr,futurama
lavomatic,0.0008048091587772,fr,futurama
huey,0.0008048091587772,fr,futurama
strilis,0.0008048091587772,fr,futurama
finish,0.0008048091587772,fr,futurama
bedaine,0.0008048091587772,fr,futurama
soupire,0.0008048091587772,fr,futurama
notification,0.0008048091587772,fr,futurama
tate,0.0008048091587772,fr,futurama
assoiffs,0.0008048091587772,fr,futurama
apens,0.0008048091587772,fr,futurama
astronaut,0.0008048091587772,fr,futurama
revaudra,0.0008048091587772,fr,futurama
recu,0.0008048091587772,fr,futurama
empoigner,0.0008048091587772,fr,futurama
reliqu,0.0008048091587772,fr,futurama
ecrire,0.0008048091587772,fr,futurama
blackout,0.0008048091587772,fr,futurama
alarmant,0.0008048091587772,fr,futurama
saluon,0.0008048091587772,fr,futurama
connatrez,0.0008048091587772,fr,futurama
inquitez,0.0008048091587772,fr,futurama
bagatelle,0.0008048091587772,fr,futurama
payable,0.0008048091587772,fr,futurama
lambin,0.0008048091587772,fr,futurama
amortisseur,0.0008048091587772,fr,futurama
transplant,0.0008048091587772,fr,futurama
illgal,0.000803126740474,fr,futurama
identifier,0.000803126740474,fr,futurama
restez,0.000803126740474,fr,futurama
annul,0.000803126740474,fr,futurama
flirt,0.0007974348774173,fr,futurama
fouet,0.0007974348774173,fr,futurama
facial,0.0007974348774173,fr,futurama
grenier,0.0007974348774173,fr,futurama
jalousie,0.0007974348774173,fr,futurama
rassemblement,0.0007974348774173,fr,futurama
squence,0.0007974348774173,fr,futurama
considrez,0.0007974348774173,fr,futurama
guid,0.0007974348774173,fr,futurama
dtruis,0.0007974348774173,fr,futurama
occupation,0.0007974348774173,fr,futurama
charbon,0.0007974348774173,fr,futurama
citation,0.0007974348774173,fr,futurama
bulletin,0.0007974348774173,fr,futurama
proccup,0.0007974348774173,fr,futurama
devise,0.0007974348774173,fr,futurama
aire,0.0007974348774173,fr,futurama
coco,0.0007974348774173,fr,futurama
pome,0.0007974348774173,fr,futurama
nickel,0.0007974348774173,fr,futurama
charmant,0.000796561109485,fr,futurama
assassin,0.000796561109485,fr,futurama
fonds,0.000796561109485,fr,futurama
placer,0.000796561109485,fr,futurama
probable,0.000796561109485,fr,futurama
atterrir,0.000796561109485,fr,futurama
insister,0.000796561109485,fr,futurama
gner,0.0007900595344537,fr,futurama
essai,0.0007900595344537,fr,futurama
dplacer,0.0007900595344537,fr,futurama
plaisanter,0.0007900595344537,fr,futurama
suffisamment,0.0007900595344537,fr,futurama
rputation,0.0007900595344537,fr,futurama
respectable,0.0007895714726726,fr,futurama
sret,0.0007895714726726,fr,futurama
flagrant,0.0007895714726726,fr,futurama
miser,0.0007895714726726,fr,futurama
box,0.0007895714726726,fr,futurama
trich,0.0007895714726726,fr,futurama
projecteur,0.0007895714726726,fr,futurama
logement,0.0007895714726726,fr,futurama
tentant,0.0007895714726726,fr,futurama
francisco,0.0007895714726726,fr,futurama
orientation,0.0007895714726726,fr,futurama
sonnerie,0.0007895714726726,fr,futurama
mou,0.0007895714726726,fr,futurama
troubler,0.0007895714726726,fr,futurama
cia,0.0007895714726726,fr,futurama
clark,0.0007895714726726,fr,futurama
round,0.0007895714726726,fr,futurama
expos,0.0007895714726726,fr,futurama
prdit,0.0007895714726726,fr,futurama
malchance,0.0007895714726726,fr,futurama
poteau,0.0007895714726726,fr,futurama
nier,0.0007836207775546,fr,futurama
amusant,0.0007836207775546,fr,futurama
gagne,0.0007836207775546,fr,futurama
gare,0.0007836207775546,fr,futurama
familial,0.0007836207775546,fr,futurama
lgal,0.0007836207775546,fr,futurama
cre,0.0007836207775546,fr,futurama
chemine,0.0007818448297481,fr,futurama
percut,0.0007818448297481,fr,futurama
issu,0.0007818448297481,fr,futurama
gonzesse,0.0007818448297481,fr,futurama
dgot,0.0007818448297481,fr,futurama
connatrer,0.0007818448297481,fr,futurama
institut,0.0007818448297481,fr,futurama
brancher,0.0007818448297481,fr,futurama
touriste,0.0007818448297481,fr,futurama
divertissement,0.0007818448297481,fr,futurama
eddie,0.0007818448297481,fr,futurama
remue,0.0007818448297481,fr,futurama
humble,0.0007818448297481,fr,futurama
ingrat,0.0007818448297481,fr,futurama
costaud,0.0007818448297481,fr,futurama
prcision,0.0007818448297481,fr,futurama
fos,0.0007818448297481,fr,futurama
howard,0.0007818448297481,fr,futurama
chargeur,0.0007818448297481,fr,futurama
baguette,0.0007818448297481,fr,futurama
blind,0.0007818448297481,fr,futurama
high,0.0007818448297481,fr,futurama
corve,0.0007818448297481,fr,futurama
enivre,0.0007814048600732,fr,futurama
santal,0.0007814048600732,fr,futurama
parasitaire,0.0007814048600732,fr,futurama
sourit,0.0007814048600732,fr,futurama
sve,0.0007814048600732,fr,futurama
linceul,0.0007814048600732,fr,futurama
jambalaya,0.0007814048600732,fr,futurama
martle,0.0007814048600732,fr,futurama
collation,0.0007814048600732,fr,futurama
hasta,0.0007814048600732,fr,futurama
katz,0.0007814048600732,fr,futurama
bric,0.0007814048600732,fr,futurama
plaon,0.0007814048600732,fr,futurama
inaugural,0.0007814048600732,fr,futurama
guine,0.0007814048600732,fr,futurama
causalit,0.0007814048600732,fr,futurama
dompteur,0.0007814048600732,fr,futurama
rotatif,0.0007814048600732,fr,futurama
ringo,0.0007814048600732,fr,futurama
toupie,0.0007814048600732,fr,futurama
daily,0.0007814048600732,fr,futurama
incorpor,0.0007814048600732,fr,futurama
crira,0.0007814048600732,fr,futurama
intender,0.0007814048600732,fr,futurama
gloir,0.0007814048600732,fr,futurama
crampon,0.0007814048600732,fr,futurama
holland,0.0007814048600732,fr,futurama
motivs,0.0007814048600732,fr,futurama
billion,0.0007814048600732,fr,futurama
dcoiff,0.0007814048600732,fr,futurama
bongo,0.0007814048600732,fr,futurama
celsius,0.0007814048600732,fr,futurama
quincy,0.0007814048600732,fr,futurama
portiez,0.0007814048600732,fr,futurama
fougue,0.0007814048600732,fr,futurama
analyseur,0.0007814048600732,fr,futurama
lennox,0.0007814048600732,fr,futurama
touchon,0.0007814048600732,fr,futurama
transformant,0.0007814048600732,fr,futurama
aige,0.0007814048600732,fr,futurama
tiare,0.0007814048600732,fr,futurama
solomon,0.0007814048600732,fr,futurama
socialiste,0.0007814048600732,fr,futurama
pinailler,0.0007814048600732,fr,futurama
plaisantin,0.0007814048600732,fr,futurama
rafrachissant,0.0007814048600732,fr,futurama
grossirement,0.0007814048600732,fr,futurama
tapageur,0.0007814048600732,fr,futurama
flottante,0.0007814048600732,fr,futurama
troubadour,0.0007814048600732,fr,futurama
rasant,0.0007814048600732,fr,futurama
bourrelet,0.0007814048600732,fr,futurama
lamentablement,0.0007814048600732,fr,futurama
volon,0.0007814048600732,fr,futurama
gusto,0.0007814048600732,fr,futurama
disjoncte,0.0007814048600732,fr,futurama
rhabituer,0.0007814048600732,fr,futurama
affectueu,0.0007814048600732,fr,futurama
goose,0.0007814048600732,fr,futurama
chapeal,0.0007814048600732,fr,futurama
hardi,0.0007814048600732,fr,futurama
engloutie,0.0007814048600732,fr,futurama
sclrat,0.0007814048600732,fr,futurama
daquiri,0.0007814048600732,fr,futurama
putride,0.0007814048600732,fr,futurama
operation,0.0007814048600732,fr,futurama
communicatif,0.0007814048600732,fr,futurama
badaboum,0.0007814048600732,fr,futurama
immortaliser,0.0007814048600732,fr,futurama
emplit,0.0007814048600732,fr,futurama
berg,0.0007814048600732,fr,futurama
plongeoir,0.0007814048600732,fr,futurama
vcut,0.0007814048600732,fr,futurama
attirai,0.0007814048600732,fr,futurama
fripe,0.0007814048600732,fr,futurama
paradigme,0.0007814048600732,fr,futurama
calcule,0.0007814048600732,fr,futurama
safety,0.0007814048600732,fr,futurama
unisexe,0.0007814048600732,fr,futurama
gwyneth,0.0007814048600732,fr,futurama
brea,0.0007814048600732,fr,futurama
alcve,0.0007814048600732,fr,futurama
dmesure,0.0007814048600732,fr,futurama
cleptomane,0.0007814048600732,fr,futurama
duty,0.0007814048600732,fr,futurama
dplaaier,0.0007814048600732,fr,futurama
onduler,0.0007814048600732,fr,futurama
initialisation,0.0007814048600732,fr,futurama
pcheresse,0.0007814048600732,fr,futurama
hypocondriaque,0.0007814048600732,fr,futurama
croiseur,0.0007814048600732,fr,futurama
reproductif,0.0007814048600732,fr,futurama
pompage,0.0007814048600732,fr,futurama
selleck,0.0007814048600732,fr,futurama
cylon,0.0007814048600732,fr,futurama
flambant,0.0007814048600732,fr,futurama
pirouette,0.0007814048600732,fr,futurama
inconscience,0.0007814048600732,fr,futurama
nullit,0.0007814048600732,fr,futurama
walk,0.0007814048600732,fr,futurama
vermicelle,0.0007814048600732,fr,futurama
comedy,0.0007814048600732,fr,futurama
peupler,0.0007814048600732,fr,futurama
biensance,0.0007814048600732,fr,futurama
per,0.0007814048600732,fr,futurama
routinire,0.0007814048600732,fr,futurama
gluante,0.0007814048600732,fr,futurama
naphtaline,0.0007814048600732,fr,futurama
humilis,0.0007814048600732,fr,futurama
basic,0.0007814048600732,fr,futurama
vaniller,0.0007814048600732,fr,futurama
dguerpisser,0.0007814048600732,fr,futurama
ptillante,0.0007814048600732,fr,futurama
amazon,0.0007814048600732,fr,futurama
tornad,0.0007814048600732,fr,futurama
seymour,0.0007814048600732,fr,futurama
remplit,0.0007814048600732,fr,futurama
gniteur,0.0007814048600732,fr,futurama
baveux,0.0007814048600732,fr,futurama
suggre,0.0007772436364989,fr,futurama
nuire,0.0007772436364989,fr,futurama
procdure,0.0007772436364989,fr,futurama
angle,0.0007772436364989,fr,futurama
ntre,0.0007772436364989,fr,futurama
obliger,0.0007772436364989,fr,futurama
taxi,0.0007772436364989,fr,futurama
rcupre,0.0007772436364989,fr,futurama
absence,0.0007772436364989,fr,futurama
camion,0.0007772436364989,fr,futurama
disponible,0.0007772436364989,fr,futurama
uniquement,0.0007772436364989,fr,futurama
connerie,0.0007772436364989,fr,futurama
sirop,0.0007742502726787,fr,futurama
banlieue,0.0007742502726787,fr,futurama
manifestation,0.0007742502726787,fr,futurama
rchauffer,0.0007742502726787,fr,futurama
sortai,0.0007742502726787,fr,futurama
plume,0.0007742502726787,fr,futurama
collecter,0.0007742502726787,fr,futurama
vedette,0.0007742502726787,fr,futurama
dshabiller,0.0007742502726787,fr,futurama
aggraver,0.0007742502726787,fr,futurama
immdiat,0.0007742502726787,fr,futurama
convention,0.0007742502726787,fr,futurama
aigu,0.0007742502726787,fr,futurama
discipline,0.0007742502726787,fr,futurama
suspect,0.0007709269431874,fr,futurama
aprs,0.0007709269431874,fr,futurama
trahir,0.0007709269431874,fr,futurama
repos,0.0007709269431874,fr,futurama
chre,0.0007709269431874,fr,futurama
somme,0.0007709269431874,fr,futurama
parking,0.0007709269431874,fr,futurama
island,0.0007667833612845,fr,futurama
autrefoi,0.0007667833612845,fr,futurama
pisse,0.0007667833612845,fr,futurama
pdale,0.0007667833612845,fr,futurama
arms,0.0007667833612845,fr,futurama
urine,0.0007667833612845,fr,futurama
sachet,0.0007667833612845,fr,futurama
sminaire,0.0007667833612845,fr,futurama
caravane,0.0007667833612845,fr,futurama
convenable,0.0007667833612845,fr,futurama
atteinte,0.0007667833612845,fr,futurama
inspecter,0.0007667833612845,fr,futurama
tare,0.0007667833612845,fr,futurama
raide,0.0007667833612845,fr,futurama
abattre,0.0007646695624259,fr,futurama
fout,0.0007646695624259,fr,futurama
espron,0.0007646695624259,fr,futurama
min,0.0007646695624259,fr,futurama
rvent,0.0007602330965929,fr,futurama
dveloppeur,0.0007602330965929,fr,futurama
shaq,0.0007602330965929,fr,futurama
astro,0.0007602330965929,fr,futurama
snile,0.0007602330965929,fr,futurama
lamantin,0.0007602330965929,fr,futurama
mba,0.0007602330965929,fr,futurama
luna,0.0007602330965929,fr,futurama
dshydrater,0.0007602330965929,fr,futurama
jonquille,0.0007602330965929,fr,futurama
bider,0.0007602330965929,fr,futurama
huer,0.0007602330965929,fr,futurama
dcrbr,0.0007602330965929,fr,futurama
mandarine,0.0007602330965929,fr,futurama
pcv,0.0007602330965929,fr,futurama
distingue,0.0007602330965929,fr,futurama
palissade,0.0007602330965929,fr,futurama
chatouill,0.0007602330965929,fr,futurama
calotte,0.0007602330965929,fr,futurama
repoudrer,0.0007602330965929,fr,futurama
baffer,0.0007602330965929,fr,futurama
teaser,0.0007602330965929,fr,futurama
modele,0.0007602330965929,fr,futurama
pincez,0.0007602330965929,fr,futurama
changerai,0.0007602330965929,fr,futurama
dprave,0.0007602330965929,fr,futurama
recroquevill,0.0007602330965929,fr,futurama
usager,0.0007602330965929,fr,futurama
rquisitionne,0.0007602330965929,fr,futurama
cossaise,0.0007602330965929,fr,futurama
prtext,0.0007602330965929,fr,futurama
banditisme,0.0007602330965929,fr,futurama
fumai,0.0007602330965929,fr,futurama
rembrandt,0.0007602330965929,fr,futurama
posthume,0.0007602330965929,fr,futurama
scrt,0.0007602330965929,fr,futurama
crmonial,0.0007602330965929,fr,futurama
pond,0.0007602330965929,fr,futurama
pousera,0.0007602330965929,fr,futurama
confins,0.0007602330965929,fr,futurama
abstraite,0.0007602330965929,fr,futurama
salmonelle,0.0007602330965929,fr,futurama
serieux,0.0007602330965929,fr,futurama
prignon,0.0007602330965929,fr,futurama
cyclique,0.0007602330965929,fr,futurama
ignare,0.0007602330965929,fr,futurama
acaritre,0.0007602330965929,fr,futurama
gonfls,0.0007602330965929,fr,futurama
pulpe,0.0007602330965929,fr,futurama
aequo,0.0007602330965929,fr,futurama
tamponn,0.0007602330965929,fr,futurama
panache,0.0007602330965929,fr,futurama
soutenez,0.0007602330965929,fr,futurama
mlasse,0.0007602330965929,fr,futurama
calorique,0.0007602330965929,fr,futurama
vantardise,0.0007602330965929,fr,futurama
radication,0.0007602330965929,fr,futurama
rembourrage,0.0007602330965929,fr,futurama
pgre,0.0007602330965929,fr,futurama
prhistorique,0.0007602330965929,fr,futurama
retardataire,0.0007602330965929,fr,futurama
attack,0.0007602330965929,fr,futurama
tricycle,0.0007602330965929,fr,futurama
parabol,0.0007602330965929,fr,futurama
fleuri,0.0007602330965929,fr,futurama
eternel,0.0007602330965929,fr,futurama
rocheux,0.0007602330965929,fr,futurama
reservir,0.0007602330965929,fr,futurama
drgler,0.0007602330965929,fr,futurama
laborieux,0.0007602330965929,fr,futurama
mtrique,0.0007602330965929,fr,futurama
interstellaire,0.0007602330965929,fr,futurama
mcrant,0.0007602330965929,fr,futurama
palmar,0.0007602330965929,fr,futurama
profan,0.0007602330965929,fr,futurama
cobalt,0.0007602330965929,fr,futurama
chrissy,0.0007602330965929,fr,futurama
amiante,0.0007602330965929,fr,futurama
initialiser,0.0007602330965929,fr,futurama
reconfigurer,0.0007602330965929,fr,futurama
gitane,0.0007602330965929,fr,futurama
tourniquet,0.0007602330965929,fr,futurama
impermable,0.0007602330965929,fr,futurama
dchiquete,0.0007602330965929,fr,futurama
belette,0.0007602330965929,fr,futurama
gratign,0.0007602330965929,fr,futurama
conseillr,0.0007602330965929,fr,futurama
dpensier,0.0007602330965929,fr,futurama
ecriture,0.0007602330965929,fr,futurama
recharg,0.0007602330965929,fr,futurama
mann,0.0007602330965929,fr,futurama
mprendre,0.0007602330965929,fr,futurama
paquebot,0.0007602330965929,fr,futurama
panse,0.0007602330965929,fr,futurama
mtaphysique,0.0007602330965929,fr,futurama
gomorrhe,0.0007602330965929,fr,futurama
redistribuer,0.0007602330965929,fr,futurama
souds,0.0007602330965929,fr,futurama
momifi,0.0007602330965929,fr,futurama
devancs,0.0007602330965929,fr,futurama
braconnier,0.0007602330965929,fr,futurama
audimat,0.0007602330965929,fr,futurama
racketter,0.0007602330965929,fr,futurama
symbol,0.0007602330965929,fr,futurama
nordiste,0.0007602330965929,fr,futurama
cuillere,0.0007602330965929,fr,futurama
envoyeur,0.0007602330965929,fr,futurama
pol,0.0007602330965929,fr,futurama
brlon,0.0007602330965929,fr,futurama
chouia,0.0007602330965929,fr,futurama
graviter,0.0007602330965929,fr,futurama
amplificateur,0.0007602330965929,fr,futurama
amnerai,0.0007602330965929,fr,futurama
wesson,0.0007602330965929,fr,futurama
form,0.0007594398755808,fr,futurama
parrain,0.0007594398755808,fr,futurama
blue,0.0007594398755808,fr,futurama
tendue,0.0007594398755808,fr,futurama
secou,0.0007594398755808,fr,futurama
raisin,0.0007594398755808,fr,futurama
gary,0.0007594398755808,fr,futurama
rouleau,0.0007594398755808,fr,futurama
municipal,0.0007594398755808,fr,futurama
climatisation,0.0007594398755808,fr,futurama
tigre,0.0007594398755808,fr,futurama
bagnole,0.0007594398755808,fr,futurama
galit,0.0007594398755808,fr,futurama
fermier,0.0007594398755808,fr,futurama
san,0.0007594398755808,fr,futurama
boulever,0.0007594398755808,fr,futurama
improviser,0.0007594398755808,fr,futurama
doucher,0.0007594398755808,fr,futurama
rveille,0.000758470390701,fr,futurama
saisir,0.000758470390701,fr,futurama
boucle,0.000758470390701,fr,futurama
habiller,0.000758470390701,fr,futurama
enlev,0.000758470390701,fr,futurama
pensent,0.000758470390701,fr,futurama
protge,0.000758470390701,fr,futurama
interroger,0.000758470390701,fr,futurama
allum,0.000758470390701,fr,futurama
veille,0.000758470390701,fr,futurama
utilise,0.000758470390701,fr,futurama
apprend,0.000752328355012,fr,futurama
repose,0.000752328355012,fr,futurama
considre,0.000752328355012,fr,futurama
cart,0.000752328355012,fr,futurama
version,0.000752328355012,fr,futurama
pratique,0.000752328355012,fr,futurama
sparer,0.000752328355012,fr,futurama
encher,0.000752328355012,fr,futurama
plaiser,0.000752328355012,fr,futurama
interdiction,0.0007522158014542,fr,futurama
demeure,0.0007522158014542,fr,futurama
dtruirer,0.0007522158014542,fr,futurama
seron,0.0007522158014542,fr,futurama
pointu,0.0007522158014542,fr,futurama
distinguer,0.0007522158014542,fr,futurama
passeport,0.0007522158014542,fr,futurama
haleine,0.0007522158014542,fr,futurama
purement,0.0007522158014542,fr,futurama
dition,0.0007522158014542,fr,futurama
hache,0.0007522158014542,fr,futurama
suisse,0.0007522158014542,fr,futurama
talentueux,0.0007522158014542,fr,futurama
signal,0.0007462424117564,fr,futurama
marge,0.0007451073174856,fr,futurama
critiquer,0.0007451073174856,fr,futurama
centimtre,0.0007451073174856,fr,futurama
frangin,0.0007451073174856,fr,futurama
larry,0.0007451073174856,fr,futurama
soulve,0.0007451073174856,fr,futurama
ampoule,0.0007451073174856,fr,futurama
piqre,0.0007451073174856,fr,futurama
entraneur,0.0007451073174856,fr,futurama
quation,0.0007451073174856,fr,futurama
croisire,0.0007451073174856,fr,futurama
jumelle,0.0007451073174856,fr,futurama
commandement,0.0007451073174856,fr,futurama
accus,0.0007451073174856,fr,futurama
verrouiller,0.0007451073174856,fr,futurama
infiltrer,0.0007451073174856,fr,futurama
attentionn,0.0007451073174856,fr,futurama
explique,0.0007451073174856,fr,futurama
reveille,0.0007409047908705,fr,futurama
apathique,0.0007409047908705,fr,futurama
soder,0.0007409047908705,fr,futurama
obtu,0.0007409047908705,fr,futurama
mollusque,0.0007409047908705,fr,futurama
virtuose,0.0007409047908705,fr,futurama
watergate,0.0007409047908705,fr,futurama
microsoft,0.0007409047908705,fr,futurama
disqualifier,0.0007409047908705,fr,futurama
mentalemer,0.0007409047908705,fr,futurama
serrez,0.0007409047908705,fr,futurama
stern,0.0007409047908705,fr,futurama
underground,0.0007409047908705,fr,futurama
recalibrer,0.0007409047908705,fr,futurama
charm,0.0007409047908705,fr,futurama
tigr,0.0007409047908705,fr,futurama
bbs,0.0007409047908705,fr,futurama
boumer,0.0007409047908705,fr,futurama
etudiant,0.0007409047908705,fr,futurama
garnir,0.0007409047908705,fr,futurama
indign,0.0007409047908705,fr,futurama
nostradamu,0.0007409047908705,fr,futurama
piper,0.0007409047908705,fr,futurama
remarche,0.0007409047908705,fr,futurama
cauchemardesque,0.0007409047908705,fr,futurama
femm,0.0007409047908705,fr,futurama
dgradant,0.0007409047908705,fr,futurama
chet,0.0007409047908705,fr,futurama
mangeus,0.0007409047908705,fr,futurama
bottine,0.0007409047908705,fr,futurama
dcouvrirez,0.0007409047908705,fr,futurama
cabot,0.0007409047908705,fr,futurama
vestibul,0.0007409047908705,fr,futurama
lacte,0.0007409047908705,fr,futurama
amoral,0.0007409047908705,fr,futurama
renonciation,0.0007409047908705,fr,futurama
disloquer,0.0007409047908705,fr,futurama
apais,0.0007409047908705,fr,futurama
frelon,0.0007409047908705,fr,futurama
menuisier,0.0007409047908705,fr,futurama
smash,0.0007409047908705,fr,futurama
banquise,0.0007409047908705,fr,futurama
dfavoris,0.0007409047908705,fr,futurama
bouclage,0.0007409047908705,fr,futurama
proccups,0.0007409047908705,fr,futurama
dindon,0.0007409047908705,fr,futurama
meal,0.0007409047908705,fr,futurama
apesanteur,0.0007409047908705,fr,futurama
aumne,0.0007409047908705,fr,futurama
insouciance,0.0007409047908705,fr,futurama
grle,0.0007409047908705,fr,futurama
millionime,0.0007409047908705,fr,futurama
rpondent,0.0007409047908705,fr,futurama
cak,0.0007409047908705,fr,futurama
bilatral,0.0007409047908705,fr,futurama
aduler,0.0007409047908705,fr,futurama
sarcophage,0.0007409047908705,fr,futurama
subventionner,0.0007409047908705,fr,futurama
euthanasie,0.0007409047908705,fr,futurama
sherpa,0.0007409047908705,fr,futurama
dsintoxiqu,0.0007409047908705,fr,futurama
redirai,0.0007409047908705,fr,futurama
goteur,0.0007409047908705,fr,futurama
profiteur,0.0007409047908705,fr,futurama
rance,0.0007409047908705,fr,futurama
prcepte,0.0007409047908705,fr,futurama
puante,0.0007409047908705,fr,futurama
immangeable,0.0007409047908705,fr,futurama
nacelle,0.0007409047908705,fr,futurama
enlevai,0.0007409047908705,fr,futurama
aboiement,0.0007409047908705,fr,futurama
musc,0.0007409047908705,fr,futurama
espresso,0.0007409047908705,fr,futurama
sodome,0.0007409047908705,fr,futurama
rente,0.0007409047908705,fr,futurama
subatomique,0.0007409047908705,fr,futurama
pesanteur,0.0007409047908705,fr,futurama
courent,0.0007409047908705,fr,futurama
sudoi,0.0007409047908705,fr,futurama
exportation,0.0007409047908705,fr,futurama
frazier,0.0007409047908705,fr,futurama
rixe,0.0007409047908705,fr,futurama
epargne,0.0007409047908705,fr,futurama
lgante,0.0007409047908705,fr,futurama
tapioca,0.0007409047908705,fr,futurama
lectroniquemer,0.0007409047908705,fr,futurama
yogi,0.0007409047908705,fr,futurama
sigmund,0.0007409047908705,fr,futurama
ouill,0.0007409047908705,fr,futurama
rectal,0.0007409047908705,fr,futurama
cieux,0.0007409047908705,fr,futurama
rducteur,0.0007409047908705,fr,futurama
mulligan,0.0007409047908705,fr,futurama
dtruirai,0.0007409047908705,fr,futurama
flageller,0.0007409047908705,fr,futurama
ratatiner,0.0007409047908705,fr,futurama
formon,0.0007409047908705,fr,futurama
matrisent,0.0007409047908705,fr,futurama
boogie,0.0007409047908705,fr,futurama
testamentaire,0.0007409047908705,fr,futurama
rgie,0.0007409047908705,fr,futurama
apaisant,0.0007409047908705,fr,futurama
visqueu,0.0007409047908705,fr,futurama
atomis,0.0007409047908705,fr,futurama
discipliner,0.0007409047908705,fr,futurama
glatine,0.0007409047908705,fr,futurama
aptre,0.0007409047908705,fr,futurama
acquiescer,0.0007409047908705,fr,futurama
abms,0.0007409047908705,fr,futurama
raclure,0.0007409047908705,fr,futurama
eurker,0.0007409047908705,fr,futurama
osier,0.0007409047908705,fr,futurama
suivrai,0.0007409047908705,fr,futurama
funk,0.0007409047908705,fr,futurama
glerer,0.0007409047908705,fr,futurama
ramen,0.0007402115456656,fr,futurama
traner,0.0007402115456656,fr,futurama
pler,0.0007402115456656,fr,futurama
plong,0.0007381107828108,fr,futurama
championnat,0.0007381107828108,fr,futurama
alias,0.0007381107828108,fr,futurama
pieu,0.0007381107828108,fr,futurama
utilisation,0.0007381107828108,fr,futurama
nocturne,0.0007381107828108,fr,futurama
floride,0.0007381107828108,fr,futurama
conspiration,0.0007381107828108,fr,futurama
cervelle,0.0007381107828108,fr,futurama
donneur,0.0007381107828108,fr,futurama
guitare,0.0007381107828108,fr,futurama
clate,0.0007381107828108,fr,futurama
crdibl,0.0007381107828108,fr,futurama
lover,0.0007381107828108,fr,futurama
accoucher,0.0007381107828108,fr,futurama
dgote,0.0007381107828108,fr,futurama
cuisin,0.0007381107828108,fr,futurama
paum,0.0007381107828108,fr,futurama
insignifiant,0.0007381107828108,fr,futurama
mouvement,0.0007342347687883,fr,futurama
srieu,0.0007342347687883,fr,futurama
aid,0.0007342347687883,fr,futurama
noy,0.0007312227259218,fr,futurama
juillet,0.0007312227259218,fr,futurama
mesdame,0.0007312227259218,fr,futurama
ragit,0.0007312227259218,fr,futurama
conserver,0.0007312227259218,fr,futurama
objection,0.0007312227259218,fr,futurama
puzzle,0.0007312227259218,fr,futurama
correction,0.0007312227259218,fr,futurama
capturer,0.0007312227259218,fr,futurama
avancez,0.0007312227259218,fr,futurama
maldiction,0.0007312227259218,fr,futurama
hostile,0.0007312227259218,fr,futurama
miller,0.0007312227259218,fr,futurama
tlphoniqu,0.0007312227259218,fr,futurama
prvener,0.0007312227259218,fr,futurama
feux,0.0007312227259218,fr,futurama
chauve,0.0007312227259218,fr,futurama
syndrome,0.0007312227259218,fr,futurama
excitant,0.0007312227259218,fr,futurama
pseudo,0.0007312227259218,fr,futurama
miette,0.0007312227259218,fr,futurama
pat,0.0007312227259218,fr,futurama
intgrit,0.0007312227259218,fr,futurama
carotte,0.0007312227259218,fr,futurama
crouler,0.0007312227259218,fr,futurama
travaill,0.0007283111195194,fr,futurama
option,0.0007283111195194,fr,futurama
sombre,0.0007283111195194,fr,futurama
tuera,0.0007244398343239,fr,futurama
nation,0.0007244398343239,fr,futurama
philosophie,0.0007244398343239,fr,futurama
volution,0.0007244398343239,fr,futurama
apaiser,0.0007244398343239,fr,futurama
flirter,0.0007244398343239,fr,futurama
ressembl,0.0007244398343239,fr,futurama
city,0.0007244398343239,fr,futurama
inscription,0.0007244398343239,fr,futurama
conduit,0.0007244398343239,fr,futurama
tenai,0.0007244398343239,fr,futurama
connatr,0.0007244398343239,fr,futurama
phnomne,0.0007244398343239,fr,futurama
japonais,0.0007244398343239,fr,futurama
indiqu,0.0007244398343239,fr,futurama
sabot,0.0007244398343239,fr,futurama
embrouiller,0.0007244398343239,fr,futurama
catapulte,0.0007231244731892,fr,futurama
concerter,0.0007231244731892,fr,futurama
procration,0.0007231244731892,fr,futurama
dballage,0.0007231244731892,fr,futurama
prunelle,0.0007231244731892,fr,futurama
muer,0.0007231244731892,fr,futurama
troc,0.0007231244731892,fr,futurama
sangloter,0.0007231244731892,fr,futurama
insoluble,0.0007231244731892,fr,futurama
eviton,0.0007231244731892,fr,futurama
sangria,0.0007231244731892,fr,futurama
mohammed,0.0007231244731892,fr,futurama
normau,0.0007231244731892,fr,futurama
laideron,0.0007231244731892,fr,futurama
teigne,0.0007231244731892,fr,futurama
accordon,0.0007231244731892,fr,futurama
museum,0.0007231244731892,fr,futurama
empote,0.0007231244731892,fr,futurama
nicholson,0.0007231244731892,fr,futurama
exterieur,0.0007231244731892,fr,futurama
falcon,0.0007231244731892,fr,futurama
sonique,0.0007231244731892,fr,futurama
museau,0.0007231244731892,fr,futurama
touffez,0.0007231244731892,fr,futurama
dbouche,0.0007231244731892,fr,futurama
abouler,0.0007231244731892,fr,futurama
touss,0.0007231244731892,fr,futurama
astronome,0.0007231244731892,fr,futurama
incompter,0.0007231244731892,fr,futurama
existe,0.0007231244731892,fr,futurama
repeupler,0.0007231244731892,fr,futurama
orang,0.0007231244731892,fr,futurama
antan,0.0007231244731892,fr,futurama
dloger,0.0007231244731892,fr,futurama
classic,0.0007231244731892,fr,futurama
mtropole,0.0007231244731892,fr,futurama
discount,0.0007231244731892,fr,futurama
articuler,0.0007231244731892,fr,futurama
liner,0.0007231244731892,fr,futurama
parasol,0.0007231244731892,fr,futurama
hiroglyphe,0.0007231244731892,fr,futurama
dmocratiqu,0.0007231244731892,fr,futurama
hlm,0.0007231244731892,fr,futurama
brsilienne,0.0007231244731892,fr,futurama
valder,0.0007231244731892,fr,futurama
souffrira,0.0007231244731892,fr,futurama
bag,0.0007231244731892,fr,futurama
systmatiqu,0.0007231244731892,fr,futurama
shea,0.0007231244731892,fr,futurama
rushmore,0.0007231244731892,fr,futurama
coulis,0.0007231244731892,fr,futurama
djeunerer,0.0007231244731892,fr,futurama
montrs,0.0007231244731892,fr,futurama
levant,0.0007231244731892,fr,futurama
machination,0.0007231244731892,fr,futurama
frauder,0.0007231244731892,fr,futurama
populace,0.0007231244731892,fr,futurama
crab,0.0007231244731892,fr,futurama
aride,0.0007231244731892,fr,futurama
ftid,0.0007231244731892,fr,futurama
martinez,0.0007231244731892,fr,futurama
bustier,0.0007231244731892,fr,futurama
entonnoir,0.0007231244731892,fr,futurama
tudis,0.0007231244731892,fr,futurama
mtaphoriquemer,0.0007231244731892,fr,futurama
surenchrir,0.0007231244731892,fr,futurama
bouillonnant,0.0007231244731892,fr,futurama
ajouton,0.0007231244731892,fr,futurama
ensuit,0.0007231244731892,fr,futurama
bergerie,0.0007231244731892,fr,futurama
aromathrapie,0.0007231244731892,fr,futurama
surchauff,0.0007231244731892,fr,futurama
gracier,0.0007231244731892,fr,futurama
pontiac,0.0007231244731892,fr,futurama
sonnet,0.0007231244731892,fr,futurama
dracula,0.0007231244731892,fr,futurama
guilde,0.0007231244731892,fr,futurama
enregistremer,0.0007231244731892,fr,futurama
speedy,0.0007231244731892,fr,futurama
mitrailleur,0.0007231244731892,fr,futurama
infructueux,0.0007231244731892,fr,futurama
transplanter,0.0007231244731892,fr,futurama
reginald,0.0007231244731892,fr,futurama
echange,0.0007231244731892,fr,futurama
achille,0.0007231244731892,fr,futurama
cirage,0.0007231244731892,fr,futurama
cron,0.0007231244731892,fr,futurama
luci,0.0007231244731892,fr,futurama
raviv,0.0007231244731892,fr,futurama
finalement,0.0007224396616712,fr,futurama
nord,0.0007224396616712,fr,futurama
rationnel,0.0007177589449696,fr,futurama
bio,0.0007177589449696,fr,futurama
bousiller,0.0007177589449696,fr,futurama
parcours,0.0007177589449696,fr,futurama
brique,0.0007177589449696,fr,futurama
crve,0.0007177589449696,fr,futurama
roman,0.0007177589449696,fr,futurama
injecter,0.0007177589449696,fr,futurama
mto,0.0007177589449696,fr,futurama
reprsentant,0.0007177589449696,fr,futurama
driv,0.0007177589449696,fr,futurama
tricher,0.0007177589449696,fr,futurama
dpos,0.0007177589449696,fr,futurama
intrigu,0.0007177589449696,fr,futurama
sourire,0.0007166194835856,fr,futurama
certainement,0.0007166194835856,fr,futurama
monte,0.0007166194835856,fr,futurama
rflexe,0.0007111770354018,fr,futurama
rail,0.0007111770354018,fr,futurama
paus,0.0007111770354018,fr,futurama
agrandir,0.0007111770354018,fr,futurama
pleure,0.0007111770354018,fr,futurama
suicidaire,0.0007111770354018,fr,futurama
colonne,0.0007111770354018,fr,futurama
rsume,0.0007111770354018,fr,futurama
ambitieux,0.0007111770354018,fr,futurama
taule,0.0007111770354018,fr,futurama
comble,0.0007111770354018,fr,futurama
obir,0.0007111770354018,fr,futurama
expulser,0.0007111770354018,fr,futurama
solde,0.0007111770354018,fr,futurama
rest,0.0007108496972845,fr,futurama
menteur,0.0007108496972845,fr,futurama
profanation,0.0007066624702671,fr,futurama
electric,0.0007066624702671,fr,futurama
mammouth,0.0007066624702671,fr,futurama
ternu,0.0007066624702671,fr,futurama
leveur,0.0007066624702671,fr,futurama
vautrer,0.0007066624702671,fr,futurama
matelot,0.0007066624702671,fr,futurama
sheldon,0.0007066624702671,fr,futurama
tnor,0.0007066624702671,fr,futurama
instantane,0.0007066624702671,fr,futurama
dessch,0.0007066624702671,fr,futurama
rudolph,0.0007066624702671,fr,futurama
inintresser,0.0007066624702671,fr,futurama
foutrai,0.0007066624702671,fr,futurama
mod,0.0007066624702671,fr,futurama
evitez,0.0007066624702671,fr,futurama
fdration,0.0007066624702671,fr,futurama
orbital,0.0007066624702671,fr,futurama
enterprise,0.0007066624702671,fr,futurama
triton,0.0007066624702671,fr,futurama
arrteron,0.0007066624702671,fr,futurama
bambin,0.0007066624702671,fr,futurama
crtine,0.0007066624702671,fr,futurama
simultan,0.0007066624702671,fr,futurama
volkswagen,0.0007066624702671,fr,futurama
taffe,0.0007066624702671,fr,futurama
guillotine,0.0007066624702671,fr,futurama
illgalit,0.0007066624702671,fr,futurama
chauffs,0.0007066624702671,fr,futurama
rceptiv,0.0007066624702671,fr,futurama
retransmettre,0.0007066624702671,fr,futurama
massue,0.0007066624702671,fr,futurama
dlibration,0.0007066624702671,fr,futurama
survolt,0.0007066624702671,fr,futurama
rand,0.0007066624702671,fr,futurama
eisenhower,0.0007066624702671,fr,futurama
descendra,0.0007066624702671,fr,futurama
putois,0.0007066624702671,fr,futurama
velu,0.0007066624702671,fr,futurama
parlotte,0.0007066624702671,fr,futurama
bottin,0.0007066624702671,fr,futurama
prodiguer,0.0007066624702671,fr,futurama
loch,0.0007066624702671,fr,futurama
puration,0.0007066624702671,fr,futurama
grassouillet,0.0007066624702671,fr,futurama
dandiner,0.0007066624702671,fr,futurama
pistache,0.0007066624702671,fr,futurama
fauchs,0.0007066624702671,fr,futurama
spcialement,0.0007066624702671,fr,futurama
carbure,0.0007066624702671,fr,futurama
agrment,0.0007066624702671,fr,futurama
innommable,0.0007066624702671,fr,futurama
neurotoxique,0.0007066624702671,fr,futurama
bambou,0.0007066624702671,fr,futurama
respectai,0.0007066624702671,fr,futurama
friser,0.0007066624702671,fr,futurama
crunch,0.0007066624702671,fr,futurama
gringo,0.0007066624702671,fr,futurama
braille,0.0007066624702671,fr,futurama
coqu,0.0007066624702671,fr,futurama
rsonner,0.0007066624702671,fr,futurama
pelvien,0.0007066624702671,fr,futurama
dewey,0.0007066624702671,fr,futurama
ptir,0.0007066624702671,fr,futurama
mamy,0.0007066624702671,fr,futurama
laide,0.0007066624702671,fr,futurama
turbine,0.0007066624702671,fr,futurama
vadrouille,0.0007066624702671,fr,futurama
assoiffer,0.0007066624702671,fr,futurama
siphon,0.0007066624702671,fr,futurama
babylone,0.0007066624702671,fr,futurama
tide,0.0007066624702671,fr,futurama
nichol,0.0007066624702671,fr,futurama
bossu,0.0007066624702671,fr,futurama
fonzie,0.0007066624702671,fr,futurama
kapper,0.0007066624702671,fr,futurama
seorita,0.0007066624702671,fr,futurama
parfair,0.0007066624702671,fr,futurama
malabar,0.0007066624702671,fr,futurama
larmoyant,0.0007066624702671,fr,futurama
abbott,0.0007066624702671,fr,futurama
vieilless,0.0007066624702671,fr,futurama
rsid,0.0007066624702671,fr,futurama
prolifration,0.0007066624702671,fr,futurama
perptuel,0.0007066624702671,fr,futurama
nullard,0.0007066624702671,fr,futurama
ttard,0.0007066624702671,fr,futurama
rabaiss,0.0007066624702671,fr,futurama
soyeux,0.0007066624702671,fr,futurama
zombi,0.0007066624702671,fr,futurama
baonnette,0.0007066624702671,fr,futurama
dconcentrer,0.0007066624702671,fr,futurama
sciure,0.0007066624702671,fr,futurama
jam,0.0007066624702671,fr,futurama
brav,0.0007066624702671,fr,futurama
mincir,0.0007066624702671,fr,futurama
nigaud,0.0007066624702671,fr,futurama
accablant,0.0007066624702671,fr,futurama
acajou,0.0007066624702671,fr,futurama
salopette,0.0007066624702671,fr,futurama
tax,0.0007066624702671,fr,futurama
blennorragie,0.0007066624702671,fr,futurama
showbiz,0.0007066624702671,fr,futurama
cueillette,0.0007066624702671,fr,futurama
ennui,0.000705129437657,fr,futurama
offre,0.000705129437657,fr,futurama
soeur,0.000705129437657,fr,futurama
musical,0.0007046912155434,fr,futurama
ajoute,0.0007046912155434,fr,futurama
repa,0.0007046912155434,fr,futurama
frite,0.0007046912155434,fr,futurama
carrir,0.0007046912155434,fr,futurama
recouvrir,0.0007046912155434,fr,futurama
pelle,0.0007046912155434,fr,futurama
crale,0.0007046912155434,fr,futurama
latin,0.0007046912155434,fr,futurama
ferait,0.0007046912155434,fr,futurama
blessure,0.0006994578616803,fr,futurama
tromper,0.0006994578616803,fr,futurama
abandonn,0.0006994578616803,fr,futurama
repas,0.0006994578616803,fr,futurama
trouvai,0.0006982987200777,fr,futurama
mamie,0.0006982987200777,fr,futurama
kidnapp,0.0006982987200777,fr,futurama
remerciement,0.0006982987200777,fr,futurama
procder,0.0006982987200777,fr,futurama
regardon,0.0006982987200777,fr,futurama
exc,0.0006982987200777,fr,futurama
emmnerer,0.0006982987200777,fr,futurama
vient,0.0006982987200777,fr,futurama
cin,0.0006982987200777,fr,futurama
dsagrabl,0.0006982987200777,fr,futurama
confort,0.0006982987200777,fr,futurama
composer,0.0006982987200777,fr,futurama
larguer,0.0006982987200777,fr,futurama
loge,0.0006982987200777,fr,futurama
homo,0.0006982987200777,fr,futurama
rvle,0.0006982987200777,fr,futurama
mannequin,0.0006982987200777,fr,futurama
carr,0.0006982987200777,fr,futurama
pipi,0.0006982987200777,fr,futurama
injection,0.0006982987200777,fr,futurama
faisai,0.0006938341476748,fr,futurama
aviser,0.0006919969013691,fr,futurama
farce,0.0006919969013691,fr,futurama
transpirer,0.0006919969013691,fr,futurama
enlvement,0.0006919969013691,fr,futurama
harry,0.0006919969013691,fr,futurama
pique,0.0006919969013691,fr,futurama
assassiner,0.0006919969013691,fr,futurama
imaginaire,0.0006919969013691,fr,futurama
projeter,0.0006919969013691,fr,futurama
fameu,0.0006919969013691,fr,futurama
alibi,0.0006919969013691,fr,futurama
introuvable,0.0006919969013691,fr,futurama
croul,0.0006919969013691,fr,futurama
avenue,0.0006919969013691,fr,futurama
glisse,0.0006919969013691,fr,futurama
solitude,0.0006919969013691,fr,futurama
rconfort,0.0006919969013691,fr,futurama
crucial,0.0006919969013691,fr,futurama
veuve,0.0006919969013691,fr,futurama
manif,0.0006913367122007,fr,futurama
interdit,0.0006913367122007,fr,futurama
dignitaire,0.0006913367122007,fr,futurama
sombrero,0.0006913367122007,fr,futurama
hypnotis,0.0006913367122007,fr,futurama
grond,0.0006913367122007,fr,futurama
dchance,0.0006913367122007,fr,futurama
lassie,0.0006913367122007,fr,futurama
eteins,0.0006913367122007,fr,futurama
jauge,0.0006913367122007,fr,futurama
cratrice,0.0006913367122007,fr,futurama
panthon,0.0006913367122007,fr,futurama
dvastateur,0.0006913367122007,fr,futurama
clbard,0.0006913367122007,fr,futurama
raz,0.0006913367122007,fr,futurama
embl,0.0006913367122007,fr,futurama
abrviation,0.0006913367122007,fr,futurama
obscnit,0.0006913367122007,fr,futurama
cachs,0.0006913367122007,fr,futurama
faucheuse,0.0006913367122007,fr,futurama
fourne,0.0006913367122007,fr,futurama
peso,0.0006913367122007,fr,futurama
ecrit,0.0006913367122007,fr,futurama
virtuellemer,0.0006913367122007,fr,futurama
mdite,0.0006913367122007,fr,futurama
rcompenserer,0.0006913367122007,fr,futurama
dsintgr,0.0006913367122007,fr,futurama
confisque,0.0006913367122007,fr,futurama
tranquillemer,0.0006913367122007,fr,futurama
assourdir,0.0006913367122007,fr,futurama
observez,0.0006913367122007,fr,futurama
chamallow,0.0006913367122007,fr,futurama
engrenage,0.0006913367122007,fr,futurama
cartonn,0.0006913367122007,fr,futurama
machiavliqu,0.0006913367122007,fr,futurama
supporte,0.0006913367122007,fr,futurama
cribl,0.0006913367122007,fr,futurama
pointage,0.0006913367122007,fr,futurama
thunder,0.0006913367122007,fr,futurama
draine,0.0006913367122007,fr,futurama
prcdemment,0.0006913367122007,fr,futurama
conditionnement,0.0006913367122007,fr,futurama
enfantillage,0.0006913367122007,fr,futurama
radioactivit,0.0006913367122007,fr,futurama
pubien,0.0006913367122007,fr,futurama
fonte,0.0006913367122007,fr,futurama
gonzale,0.0006913367122007,fr,futurama
dcret,0.0006913367122007,fr,futurama
rasseoir,0.0006913367122007,fr,futurama
ecriver,0.0006913367122007,fr,futurama
moul,0.0006913367122007,fr,futurama
inculquer,0.0006913367122007,fr,futurama
espac,0.0006913367122007,fr,futurama
arctique,0.0006913367122007,fr,futurama
mytho,0.0006913367122007,fr,futurama
paradisiaque,0.0006913367122007,fr,futurama
afflig,0.0006913367122007,fr,futurama
merg,0.0006913367122007,fr,futurama
revoie,0.0006913367122007,fr,futurama
accrochs,0.0006913367122007,fr,futurama
accepts,0.0006913367122007,fr,futurama
vagabonder,0.0006913367122007,fr,futurama
jamai,0.0006913367122007,fr,futurama
stagner,0.0006913367122007,fr,futurama
hippopotame,0.0006913367122007,fr,futurama
british,0.0006913367122007,fr,futurama
ncrose,0.0006913367122007,fr,futurama
ecrase,0.0006913367122007,fr,futurama
dvisage,0.0006913367122007,fr,futurama
localisateur,0.0006913367122007,fr,futurama
catcheur,0.0006913367122007,fr,futurama
shirts,0.0006913367122007,fr,futurama
hardy,0.0006913367122007,fr,futurama
roter,0.0006913367122007,fr,futurama
crachat,0.0006913367122007,fr,futurama
dvaster,0.0006913367122007,fr,futurama
drgle,0.0006913367122007,fr,futurama
foetal,0.0006913367122007,fr,futurama
liquidation,0.0006913367122007,fr,futurama
papille,0.0006913367122007,fr,futurama
extermination,0.0006913367122007,fr,futurama
pincement,0.0006913367122007,fr,futurama
oprent,0.0006913367122007,fr,futurama
somm,0.0006913367122007,fr,futurama
kyste,0.0006913367122007,fr,futurama
zizi,0.0006913367122007,fr,futurama
dchiffre,0.0006913367122007,fr,futurama
moquent,0.0006913367122007,fr,futurama
pilleur,0.0006913367122007,fr,futurama
brillamment,0.0006913367122007,fr,futurama
georgia,0.0006913367122007,fr,futurama
loignerer,0.0006913367122007,fr,futurama
centime,0.0006857832228791,fr,futurama
vise,0.0006857832228791,fr,futurama
ras,0.0006857832228791,fr,futurama
mexique,0.0006857832228791,fr,futurama
laisss,0.0006857832228791,fr,futurama
dfoncer,0.0006857832228791,fr,futurama
fugitif,0.0006857832228791,fr,futurama
arnaque,0.0006857832228791,fr,futurama
pacifique,0.0006857832228791,fr,futurama
horizon,0.0006857832228791,fr,futurama
apparition,0.0006857832228791,fr,futurama
canard,0.0006857832228791,fr,futurama
augment,0.0006857832228791,fr,futurama
empreindre,0.0006857832228791,fr,futurama
tandis,0.0006857832228791,fr,futurama
mesurer,0.0006857832228791,fr,futurama
amener,0.0006827271213155,fr,futurama
vulgaire,0.0006796552530359,fr,futurama
fich,0.0006796552530359,fr,futurama
vocal,0.0006796552530359,fr,futurama
lasser,0.0006796552530359,fr,futurama
spirituel,0.0006796552530359,fr,futurama
savon,0.0006796552530359,fr,futurama
thique,0.0006796552530359,fr,futurama
hrone,0.0006796552530359,fr,futurama
fdral,0.0006796552530359,fr,futurama
touffe,0.0006796552530359,fr,futurama
mystrieux,0.0006796552530359,fr,futurama
cachette,0.0006796552530359,fr,futurama
rveillerer,0.0006796552530359,fr,futurama
contraindre,0.0006796552530359,fr,futurama
valis,0.0006796552530359,fr,futurama
autour,0.0006772422660335,fr,futurama
gazelle,0.0006770004229638,fr,futurama
vigne,0.0006770004229638,fr,futurama
exode,0.0006770004229638,fr,futurama
locution,0.0006770004229638,fr,futurama
irrversible,0.0006770004229638,fr,futurama
schnock,0.0006770004229638,fr,futurama
enfumer,0.0006770004229638,fr,futurama
convocation,0.0006770004229638,fr,futurama
harlem,0.0006770004229638,fr,futurama
toge,0.0006770004229638,fr,futurama
thrsa,0.0006770004229638,fr,futurama
brouillage,0.0006770004229638,fr,futurama
visionnage,0.0006770004229638,fr,futurama
dteint,0.0006770004229638,fr,futurama
clebs,0.0006770004229638,fr,futurama
ractiver,0.0006770004229638,fr,futurama
excusera,0.0006770004229638,fr,futurama
wall,0.0006770004229638,fr,futurama
arros,0.0006770004229638,fr,futurama
indtectabl,0.0006770004229638,fr,futurama
vgtation,0.0006770004229638,fr,futurama
sauteur,0.0006770004229638,fr,futurama
illogique,0.0006770004229638,fr,futurama
atkin,0.0006770004229638,fr,futurama
marley,0.0006770004229638,fr,futurama
cocotte,0.0006770004229638,fr,futurama
rafrachi,0.0006770004229638,fr,futurama
chantilly,0.0006770004229638,fr,futurama
infinit,0.0006770004229638,fr,futurama
suffoqu,0.0006770004229638,fr,futurama
partageon,0.0006770004229638,fr,futurama
rveillai,0.0006770004229638,fr,futurama
lambeal,0.0006770004229638,fr,futurama
blu,0.0006770004229638,fr,futurama
confrs,0.0006770004229638,fr,futurama
truck,0.0006770004229638,fr,futurama
ingestion,0.0006770004229638,fr,futurama
garfield,0.0006770004229638,fr,futurama
shaker,0.0006770004229638,fr,futurama
perversion,0.0006770004229638,fr,futurama
fcond,0.0006770004229638,fr,futurama
humblement,0.0006770004229638,fr,futurama
dictature,0.0006770004229638,fr,futurama
cloptre,0.0006770004229638,fr,futurama
artichaut,0.0006770004229638,fr,futurama
trempette,0.0006770004229638,fr,futurama
dansant,0.0006770004229638,fr,futurama
dvouer,0.0006770004229638,fr,futurama
victoir,0.0006770004229638,fr,futurama
territorial,0.0006770004229638,fr,futurama
sky,0.0006770004229638,fr,futurama
grl,0.0006770004229638,fr,futurama
glob,0.0006770004229638,fr,futurama
vomit,0.0006770004229638,fr,futurama
dstabili,0.0006770004229638,fr,futurama
norvgien,0.0006770004229638,fr,futurama
fraudeur,0.0006770004229638,fr,futurama
cinquim,0.0006770004229638,fr,futurama
fraterniser,0.0006770004229638,fr,futurama
federal,0.0006770004229638,fr,futurama
tlport,0.0006770004229638,fr,futurama
pensionnat,0.0006770004229638,fr,futurama
vista,0.0006770004229638,fr,futurama
jett,0.0006770004229638,fr,futurama
havre,0.0006770004229638,fr,futurama
rgulateur,0.0006770004229638,fr,futurama
vinnie,0.0006770004229638,fr,futurama
bis,0.0006770004229638,fr,futurama
solennellemer,0.0006770004229638,fr,futurama
syncope,0.0006770004229638,fr,futurama
digitale,0.0006770004229638,fr,futurama
enfantine,0.0006770004229638,fr,futurama
yti,0.0006770004229638,fr,futurama
logis,0.0006770004229638,fr,futurama
cosystme,0.0006770004229638,fr,futurama
picer,0.0006770004229638,fr,futurama
rafrachit,0.0006770004229638,fr,futurama
revrifie,0.0006770004229638,fr,futurama
sommaire,0.0006770004229638,fr,futurama
harer,0.0006770004229638,fr,futurama
inopportun,0.0006770004229638,fr,futurama
perdent,0.0006770004229638,fr,futurama
falsification,0.0006770004229638,fr,futurama
vaporis,0.0006770004229638,fr,futurama
ballonn,0.0006770004229638,fr,futurama
randonn,0.0006770004229638,fr,futurama
apprendrai,0.0006770004229638,fr,futurama
ferment,0.0006770004229638,fr,futurama
hypnotique,0.0006770004229638,fr,futurama
mormon,0.0006770004229638,fr,futurama
frappeur,0.0006770004229638,fr,futurama
century,0.0006770004229638,fr,futurama
exquise,0.0006770004229638,fr,futurama
frauduleux,0.0006770004229638,fr,futurama
esther,0.0006770004229638,fr,futurama
saladier,0.0006770004229638,fr,futurama
torcher,0.0006770004229638,fr,futurama
largit,0.0006770004229638,fr,futurama
rockefeller,0.0006770004229638,fr,futurama
angulaire,0.0006770004229638,fr,futurama
sonnez,0.0006770004229638,fr,futurama
panama,0.0006770004229638,fr,futurama
nergtique,0.0006770004229638,fr,futurama
drag,0.0006770004229638,fr,futurama
gravitationnel,0.0006770004229638,fr,futurama
connaisson,0.0006770004229638,fr,futurama
noncer,0.0006770004229638,fr,futurama
courroie,0.0006770004229638,fr,futurama
ingrer,0.0006770004229638,fr,futurama
neutron,0.0006770004229638,fr,futurama
paon,0.0006770004229638,fr,futurama
diamer,0.0006770004229638,fr,futurama
supplant,0.0006770004229638,fr,futurama
gentillesse,0.0006736106595221,fr,futurama
ego,0.0006736106595221,fr,futurama
profondeur,0.0006736106595221,fr,futurama
authentique,0.0006736106595221,fr,futurama
exist,0.0006736106595221,fr,futurama
graine,0.0006736106595221,fr,futurama
cavalier,0.0006736106595221,fr,futurama
investissement,0.0006736106595221,fr,futurama
drame,0.0006736106595221,fr,futurama
dbuter,0.0006736106595221,fr,futurama
thtre,0.0006736106595221,fr,futurama
souffre,0.0006736106595221,fr,futurama
protecteur,0.0006736106595221,fr,futurama
audition,0.0006736106595221,fr,futurama
prtexte,0.0006736106595221,fr,futurama
remords,0.0006736106595221,fr,futurama
tratre,0.0006676472039449,fr,futurama
masculin,0.0006676472039449,fr,futurama
rptition,0.0006676472039449,fr,futurama
conte,0.0006676472039449,fr,futurama
bouchon,0.0006676472039449,fr,futurama
suprieure,0.0006676472039449,fr,futurama
flche,0.0006676472039449,fr,futurama
privilge,0.0006676472039449,fr,futurama
connecter,0.0006676472039449,fr,futurama
mfier,0.0006676472039449,fr,futurama
glac,0.0006676472039449,fr,futurama
grossir,0.0006676472039449,fr,futurama
cimetire,0.0006676472039449,fr,futurama
protgerer,0.0006676472039449,fr,futurama
poignarder,0.0006676472039449,fr,futurama
soi,0.0006676472039449,fr,futurama
myope,0.0006635335492593,fr,futurama
litire,0.0006635335492593,fr,futurama
mitrailleuse,0.0006635335492593,fr,futurama
handicaper,0.0006635335492593,fr,futurama
ventiler,0.0006635335492593,fr,futurama
insens,0.0006635335492593,fr,futurama
arret,0.0006635335492593,fr,futurama
panser,0.0006635335492593,fr,futurama
sanglier,0.0006635335492593,fr,futurama
traitez,0.0006635335492593,fr,futurama
anctr,0.0006635335492593,fr,futurama
inacheve,0.0006635335492593,fr,futurama
intenter,0.0006635335492593,fr,futurama
dino,0.0006635335492593,fr,futurama
postur,0.0006635335492593,fr,futurama
surchauffe,0.0006635335492593,fr,futurama
medical,0.0006635335492593,fr,futurama
navigateur,0.0006635335492593,fr,futurama
noise,0.0006635335492593,fr,futurama
notice,0.0006635335492593,fr,futurama
fonctionnent,0.0006635335492593,fr,futurama
rudy,0.0006635335492593,fr,futurama
vranda,0.0006635335492593,fr,futurama
gense,0.0006635335492593,fr,futurama
avorton,0.0006635335492593,fr,futurama
abaisse,0.0006635335492593,fr,futurama
danemark,0.0006635335492593,fr,futurama
chopez,0.0006635335492593,fr,futurama
dandy,0.0006635335492593,fr,futurama
dprav,0.0006635335492593,fr,futurama
intolrance,0.0006635335492593,fr,futurama
terminus,0.0006635335492593,fr,futurama
bombarde,0.0006635335492593,fr,futurama
placebo,0.0006635335492593,fr,futurama
immerger,0.0006635335492593,fr,futurama
aileron,0.0006635335492593,fr,futurama
prtresse,0.0006635335492593,fr,futurama
concocter,0.0006635335492593,fr,futurama
repch,0.0006635335492593,fr,futurama
sadie,0.0006635335492593,fr,futurama
maple,0.0006635335492593,fr,futurama
viterai,0.0006635335492593,fr,futurama
converger,0.0006635335492593,fr,futurama
firemer,0.0006635335492593,fr,futurama
pager,0.0006635335492593,fr,futurama
raffine,0.0006635335492593,fr,futurama
clyde,0.0006635335492593,fr,futurama
prtendai,0.0006635335492593,fr,futurama
svice,0.0006635335492593,fr,futurama
guidage,0.0006635335492593,fr,futurama
pompette,0.0006635335492593,fr,futurama
linaire,0.0006635335492593,fr,futurama
poncho,0.0006635335492593,fr,futurama
crochu,0.0006635335492593,fr,futurama
adapts,0.0006635335492593,fr,futurama
curieusemer,0.0006635335492593,fr,futurama
profitez,0.0006635335492593,fr,futurama
logiquement,0.0006635335492593,fr,futurama
dgomme,0.0006635335492593,fr,futurama
effondrement,0.0006635335492593,fr,futurama
harem,0.0006635335492593,fr,futurama
demandant,0.0006635335492593,fr,futurama
inconsidr,0.0006635335492593,fr,futurama
agencer,0.0006635335492593,fr,futurama
indisciplin,0.0006635335492593,fr,futurama
rembourse,0.0006635335492593,fr,futurama
figue,0.0006635335492593,fr,futurama
alcoolis,0.0006635335492593,fr,futurama
rhabill,0.0006635335492593,fr,futurama
rampant,0.0006635335492593,fr,futurama
dsobi,0.0006635335492593,fr,futurama
hublot,0.0006635335492593,fr,futurama
susie,0.0006635335492593,fr,futurama
moquai,0.0006635335492593,fr,futurama
astronomique,0.0006635335492593,fr,futurama
ramirer,0.0006635335492593,fr,futurama
gagns,0.0006635335492593,fr,futurama
sorbet,0.0006635335492593,fr,futurama
symtriqu,0.0006635335492593,fr,futurama
goinfre,0.0006635335492593,fr,futurama
dico,0.0006635335492593,fr,futurama
laideur,0.0006635335492593,fr,futurama
crottin,0.0006635335492593,fr,futurama
monogamie,0.0006635335492593,fr,futurama
radeau,0.0006635335492593,fr,futurama
fuyon,0.0006635335492593,fr,futurama
sauvetage,0.0006617627368592,fr,futurama
cess,0.0006617627368592,fr,futurama
future,0.0006617627368592,fr,futurama
insensible,0.0006617627368592,fr,futurama
localiser,0.0006617627368592,fr,futurama
fondation,0.0006617627368592,fr,futurama
consacrer,0.0006617627368592,fr,futurama
mark,0.0006617627368592,fr,futurama
pntrer,0.0006617627368592,fr,futurama
pourboire,0.0006617627368592,fr,futurama
martin,0.0006617627368592,fr,futurama
studio,0.0006617627368592,fr,futurama
couterer,0.0006617627368592,fr,futurama
excite,0.0006617627368592,fr,futurama
dcor,0.0006617627368592,fr,futurama
essaierai,0.0006617627368592,fr,futurama
drangerer,0.0006559551931171,fr,futurama
rflexion,0.0006559551931171,fr,futurama
voile,0.0006559551931171,fr,futurama
anormal,0.0006559551931171,fr,futurama
ambition,0.0006559551931171,fr,futurama
reston,0.0006559551931171,fr,futurama
pigeon,0.0006559551931171,fr,futurama
dcroch,0.0006559551931171,fr,futurama
handicap,0.0006559551931171,fr,futurama
relle,0.0006559551931171,fr,futurama
compagnon,0.0006559551931171,fr,futurama
confession,0.0006559551931171,fr,futurama
achete,0.0006559551931171,fr,futurama
graisser,0.000650836642998,fr,futurama
fatidique,0.000650836642998,fr,futurama
tuon,0.000650836642998,fr,futurama
dsirabl,0.000650836642998,fr,futurama
titan,0.000650836642998,fr,futurama
patriotisme,0.000650836642998,fr,futurama
panoramique,0.000650836642998,fr,futurama
givr,0.000650836642998,fr,futurama
postiche,0.000650836642998,fr,futurama
usurier,0.000650836642998,fr,futurama
problemo,0.000650836642998,fr,futurama
promen,0.000650836642998,fr,futurama
averse,0.000650836642998,fr,futurama
charde,0.000650836642998,fr,futurama
survi,0.000650836642998,fr,futurama
mentalit,0.000650836642998,fr,futurama
impro,0.000650836642998,fr,futurama
fluctuation,0.000650836642998,fr,futurama
rcapitulon,0.000650836642998,fr,futurama
lynx,0.000650836642998,fr,futurama
prononciation,0.000650836642998,fr,futurama
kayak,0.000650836642998,fr,futurama
mduse,0.000650836642998,fr,futurama
pornographique,0.000650836642998,fr,futurama
faiblit,0.000650836642998,fr,futurama
zeu,0.000650836642998,fr,futurama
mesdamer,0.000650836642998,fr,futurama
gui,0.000650836642998,fr,futurama
grossiret,0.000650836642998,fr,futurama
costello,0.000650836642998,fr,futurama
craignez,0.000650836642998,fr,futurama
entracte,0.000650836642998,fr,futurama
tnacit,0.000650836642998,fr,futurama
charrie,0.000650836642998,fr,futurama
pizzer,0.000650836642998,fr,futurama
suce,0.000650836642998,fr,futurama
rancunir,0.000650836642998,fr,futurama
cannibalisme,0.000650836642998,fr,futurama
visqueux,0.000650836642998,fr,futurama
monster,0.000650836642998,fr,futurama
discerner,0.000650836642998,fr,futurama
gotez,0.000650836642998,fr,futurama
guerrir,0.000650836642998,fr,futurama
dixon,0.000650836642998,fr,futurama
mmoir,0.000650836642998,fr,futurama
brett,0.000650836642998,fr,futurama
cagoul,0.000650836642998,fr,futurama
purile,0.000650836642998,fr,futurama
roussi,0.000650836642998,fr,futurama
rasage,0.000650836642998,fr,futurama
nes,0.000650836642998,fr,futurama
loufoque,0.000650836642998,fr,futurama
mauvaiser,0.000650836642998,fr,futurama
hongrois,0.000650836642998,fr,futurama
gourmet,0.000650836642998,fr,futurama
bof,0.000650836642998,fr,futurama
rsonance,0.000650836642998,fr,futurama
anagramme,0.000650836642998,fr,futurama
compromettant,0.000650836642998,fr,futurama
redout,0.000650836642998,fr,futurama
ricardo,0.000650836642998,fr,futurama
tabasse,0.000650836642998,fr,futurama
lifting,0.000650836642998,fr,futurama
cyborg,0.000650836642998,fr,futurama
tzu,0.000650836642998,fr,futurama
ronronner,0.000650836642998,fr,futurama
cervical,0.000650836642998,fr,futurama
bibelot,0.000650836642998,fr,futurama
transcender,0.000650836642998,fr,futurama
doper,0.000650836642998,fr,futurama
gaspiller,0.0006502225875164,fr,futurama
automatique,0.0006502225875164,fr,futurama
mlanger,0.0006502225875164,fr,futurama
boite,0.0006502225875164,fr,futurama
finance,0.0006502225875164,fr,futurama
dsire,0.0006502225875164,fr,futurama
mignonne,0.0006502225875164,fr,futurama
compatir,0.0006502225875164,fr,futurama
whisky,0.0006502225875164,fr,futurama
rgion,0.0006502225875164,fr,futurama
visag,0.0006502225875164,fr,futurama
football,0.0006502225875164,fr,futurama
pension,0.0006502225875164,fr,futurama
sortant,0.0006502225875164,fr,futurama
captur,0.0006502225875164,fr,futurama
exploiter,0.0006502225875164,fr,futurama
cicatrice,0.0006502225875164,fr,futurama
formation,0.0006502225875164,fr,futurama
classer,0.0006502225875164,fr,futurama
chagrin,0.0006445630107265,fr,futurama
reprocher,0.0006445630107265,fr,futurama
modifier,0.0006445630107265,fr,futurama
massage,0.0006445630107265,fr,futurama
divorc,0.0006445630107265,fr,futurama
finie,0.0006445630107265,fr,futurama
lectricit,0.0006445630107265,fr,futurama
similaire,0.0006445630107265,fr,futurama
crbral,0.0006445630107265,fr,futurama
applique,0.0006445630107265,fr,futurama
mche,0.0006445630107265,fr,futurama
portrait,0.0006445630107265,fr,futurama
pencher,0.0006445630107265,fr,futurama
sec,0.0006445630107265,fr,futurama
val,0.0006445630107265,fr,futurama
culpabiliser,0.0006445630107265,fr,futurama
secrte,0.0006445630107265,fr,futurama
bracelet,0.0006389746254711,fr,futurama
noble,0.0006389746254711,fr,futurama
croiss,0.0006389746254711,fr,futurama
symptme,0.0006389746254711,fr,futurama
endurer,0.0006389746254711,fr,futurama
habite,0.0006389746254711,fr,futurama
enregistre,0.0006389746254711,fr,futurama
identifi,0.0006389746254711,fr,futurama
passon,0.0006389746254711,fr,futurama
guider,0.0006389746254711,fr,futurama
fringue,0.0006389746254711,fr,futurama
rcente,0.0006389746254711,fr,futurama
lgume,0.0006389746254711,fr,futurama
distribue,0.000638826399988,fr,futurama
ammoniac,0.000638826399988,fr,futurama
branchement,0.000638826399988,fr,futurama
tandem,0.000638826399988,fr,futurama
conduisai,0.000638826399988,fr,futurama
ventilo,0.000638826399988,fr,futurama
fminit,0.000638826399988,fr,futurama
alliage,0.000638826399988,fr,futurama
senteur,0.000638826399988,fr,futurama
ensevelir,0.000638826399988,fr,futurama
aubergine,0.000638826399988,fr,futurama
sketch,0.000638826399988,fr,futurama
dgrad,0.000638826399988,fr,futurama
quadruple,0.000638826399988,fr,futurama
cintre,0.000638826399988,fr,futurama
termite,0.000638826399988,fr,futurama
sculpteur,0.000638826399988,fr,futurama
implacable,0.000638826399988,fr,futurama
glady,0.000638826399988,fr,futurama
obsolt,0.000638826399988,fr,futurama
intern,0.000638826399988,fr,futurama
ramer,0.000638826399988,fr,futurama
nique,0.000638826399988,fr,futurama
propagande,0.000638826399988,fr,futurama
comprende,0.000638826399988,fr,futurama
award,0.000638826399988,fr,futurama
godzilla,0.000638826399988,fr,futurama
braver,0.000638826399988,fr,futurama
prsenton,0.000638826399988,fr,futurama
vacarme,0.000638826399988,fr,futurama
dsintgrer,0.000638826399988,fr,futurama
agrafe,0.000638826399988,fr,futurama
tong,0.000638826399988,fr,futurama
concoct,0.000638826399988,fr,futurama
originalit,0.000638826399988,fr,futurama
dbouch,0.000638826399988,fr,futurama
opossum,0.000638826399988,fr,futurama
techno,0.000638826399988,fr,futurama
nectar,0.000638826399988,fr,futurama
sautiller,0.000638826399988,fr,futurama
pamela,0.000638826399988,fr,futurama
manch,0.000638826399988,fr,futurama
dchiqueter,0.000638826399988,fr,futurama
freudien,0.000638826399988,fr,futurama
format,0.000638826399988,fr,futurama
intrimair,0.000638826399988,fr,futurama
fministe,0.000638826399988,fr,futurama
bactrien,0.000638826399988,fr,futurama
bron,0.000638826399988,fr,futurama
dtaille,0.000638826399988,fr,futurama
tracas,0.000638826399988,fr,futurama
carburateur,0.000638826399988,fr,futurama
projectile,0.000638826399988,fr,futurama
tenon,0.000638826399988,fr,futurama
cacao,0.000638826399988,fr,futurama
littl,0.000638826399988,fr,futurama
descendon,0.000638826399988,fr,futurama
defense,0.000638826399988,fr,futurama
milwauke,0.000638826399988,fr,futurama
militer,0.000638826399988,fr,futurama
cartilage,0.000638826399988,fr,futurama
slectionner,0.000638826399988,fr,futurama
shalom,0.000638826399988,fr,futurama
mesur,0.000638826399988,fr,futurama
klaxonner,0.000638826399988,fr,futurama
crazy,0.000638826399988,fr,futurama
mess,0.000638826399988,fr,futurama
vivifiant,0.000638826399988,fr,futurama
chelou,0.000638826399988,fr,futurama
spider,0.000638826399988,fr,futurama
manson,0.000638826399988,fr,futurama
rajouter,0.0006334556629473,fr,futurama
chimique,0.0006334556629473,fr,futurama
jumeau,0.0006334556629473,fr,futurama
satisfait,0.0006334556629473,fr,futurama
svre,0.0006334556629473,fr,futurama
millilitre,0.0006334556629473,fr,futurama
repenser,0.0006334556629473,fr,futurama
chasseur,0.0006334556629473,fr,futurama
rconforter,0.0006334556629473,fr,futurama
accder,0.0006334556629473,fr,futurama
circuler,0.0006334556629473,fr,futurama
dnoncer,0.0006334556629473,fr,futurama
paperasse,0.0006334556629473,fr,futurama
assommer,0.0006334556629473,fr,futurama
appuie,0.0006280044194649,fr,futurama
accro,0.0006280044194649,fr,futurama
compt,0.0006280044194649,fr,futurama
poison,0.0006280044194649,fr,futurama
caution,0.0006280044194649,fr,futurama
raser,0.0006280044194649,fr,futurama
fch,0.0006280044194649,fr,futurama
bouquin,0.0006280044194649,fr,futurama
ramnerer,0.0006280044194649,fr,futurama
espagnol,0.0006280044194649,fr,futurama
argument,0.0006280044194649,fr,futurama
capter,0.0006280044194649,fr,futurama
intuition,0.0006280044194649,fr,futurama
envi,0.0006280044194649,fr,futurama
album,0.0006280044194649,fr,futurama
inconscier,0.0006280044194649,fr,futurama
budget,0.0006280044194649,fr,futurama
enfantin,0.000627432344294,fr,futurama
barron,0.000627432344294,fr,futurama
subliminal,0.000627432344294,fr,futurama
constip,0.000627432344294,fr,futurama
agrandissement,0.000627432344294,fr,futurama
brasserie,0.000627432344294,fr,futurama
calomnie,0.000627432344294,fr,futurama
pulvris,0.000627432344294,fr,futurama
sude,0.000627432344294,fr,futurama
marcage,0.000627432344294,fr,futurama
ancestral,0.000627432344294,fr,futurama
rtention,0.000627432344294,fr,futurama
oseille,0.000627432344294,fr,futurama
monton,0.000627432344294,fr,futurama
classification,0.000627432344294,fr,futurama
retoucher,0.000627432344294,fr,futurama
apportai,0.000627432344294,fr,futurama
anantirer,0.000627432344294,fr,futurama
biceps,0.000627432344294,fr,futurama
lice,0.000627432344294,fr,futurama
med,0.000627432344294,fr,futurama
arosol,0.000627432344294,fr,futurama
gorg,0.000627432344294,fr,futurama
bourbier,0.000627432344294,fr,futurama
bidouill,0.000627432344294,fr,futurama
hlice,0.000627432344294,fr,futurama
continuation,0.000627432344294,fr,futurama
brochette,0.000627432344294,fr,futurama
mitraillette,0.000627432344294,fr,futurama
tnbreux,0.000627432344294,fr,futurama
enlevon,0.000627432344294,fr,futurama
clest,0.000627432344294,fr,futurama
dploiement,0.000627432344294,fr,futurama
ttine,0.000627432344294,fr,futurama
redevien,0.000627432344294,fr,futurama
dconcentre,0.000627432344294,fr,futurama
majuscule,0.000627432344294,fr,futurama
jaguar,0.000627432344294,fr,futurama
scrtion,0.000627432344294,fr,futurama
pleurnicheur,0.000627432344294,fr,futurama
chimpanz,0.000627432344294,fr,futurama
vernon,0.000627432344294,fr,futurama
sanguinaire,0.000627432344294,fr,futurama
cognac,0.000627432344294,fr,futurama
exprime,0.000627432344294,fr,futurama
sottise,0.000627432344294,fr,futurama
bobine,0.000627432344294,fr,futurama
immuni,0.000627432344294,fr,futurama
pepper,0.000627432344294,fr,futurama
rsidentiel,0.000627432344294,fr,futurama
chandelier,0.000627432344294,fr,futurama
massachusett,0.000627432344294,fr,futurama
farceur,0.000627432344294,fr,futurama
flirte,0.000627432344294,fr,futurama
restituer,0.000627432344294,fr,futurama
photogniqu,0.000627432344294,fr,futurama
perscution,0.000627432344294,fr,futurama
gésir,0.000627432344294,fr,futurama
enchantement,0.000627432344294,fr,futurama
elton,0.000627432344294,fr,futurama
dictateur,0.000627432344294,fr,futurama
ecole,0.000627432344294,fr,futurama
distrai,0.000627432344294,fr,futurama
agrume,0.000627432344294,fr,futurama
gayer,0.000627432344294,fr,futurama
tlspectateur,0.000627432344294,fr,futurama
goinfrer,0.000627432344294,fr,futurama
controver,0.000627432344294,fr,futurama
modration,0.000627432344294,fr,futurama
rover,0.000627432344294,fr,futurama
apollo,0.000627432344294,fr,futurama
real,0.000627432344294,fr,futurama
prside,0.000627432344294,fr,futurama
dtrui,0.000627432344294,fr,futurama
archologue,0.000627432344294,fr,futurama
finition,0.000627432344294,fr,futurama
acre,0.000627432344294,fr,futurama
plombage,0.000627432344294,fr,futurama
antarctique,0.000627432344294,fr,futurama
bndiction,0.000622619253289,fr,futurama
atout,0.000622619253289,fr,futurama
absent,0.000622619253289,fr,futurama
persuader,0.000622619253289,fr,futurama
sert,0.000622619253289,fr,futurama
domestique,0.000622619253289,fr,futurama
assur,0.000622619253289,fr,futurama
allergique,0.000622619253289,fr,futurama
relire,0.000622619253289,fr,futurama
agression,0.000622619253289,fr,futurama
sen,0.000622619253289,fr,futurama
diriez,0.000622619253289,fr,futurama
analyser,0.000622619253289,fr,futurama
ajout,0.000622619253289,fr,futurama
cookie,0.000622619253289,fr,futurama
prenon,0.000622619253289,fr,futurama
marine,0.0006172985816722,fr,futurama
sam,0.0006172985816722,fr,futurama
barr,0.0006172985816722,fr,futurama
leader,0.0006172985816722,fr,futurama
permanent,0.0006172985816722,fr,futurama
fillette,0.0006172985816722,fr,futurama
suggrer,0.0006172985816722,fr,futurama
boucler,0.0006172985816722,fr,futurama
regret,0.0006172985816722,fr,futurama
international,0.0006172985816722,fr,futurama
alliance,0.0006172985816722,fr,futurama
vaut,0.0006172985816722,fr,futurama
scotch,0.0006172985816722,fr,futurama
puiser,0.0006172985816722,fr,futurama
disant,0.0006172985816722,fr,futurama
charlie,0.0006172985816722,fr,futurama
cruche,0.0006165943223946,fr,futurama
arbalte,0.0006165943223946,fr,futurama
sawyer,0.0006165943223946,fr,futurama
arne,0.0006165943223946,fr,futurama
use,0.0006165943223946,fr,futurama
apprcierai,0.0006165943223946,fr,futurama
estomp,0.0006165943223946,fr,futurama
textile,0.0006165943223946,fr,futurama
cale,0.0006165943223946,fr,futurama
sagement,0.0006165943223946,fr,futurama
cachot,0.0006165943223946,fr,futurama
aigri,0.0006165943223946,fr,futurama
abrge,0.0006165943223946,fr,futurama
radiqu,0.0006165943223946,fr,futurama
satanique,0.0006165943223946,fr,futurama
cagnotte,0.0006165943223946,fr,futurama
aigre,0.0006165943223946,fr,futurama
chevy,0.0006165943223946,fr,futurama
motrice,0.0006165943223946,fr,futurama
allge,0.0006165943223946,fr,futurama
conservation,0.0006165943223946,fr,futurama
matrimonial,0.0006165943223946,fr,futurama
dboucher,0.0006165943223946,fr,futurama
effigie,0.0006165943223946,fr,futurama
copeau,0.0006165943223946,fr,futurama
harcel,0.0006165943223946,fr,futurama
ile,0.0006165943223946,fr,futurama
survit,0.0006165943223946,fr,futurama
padre,0.0006165943223946,fr,futurama
connatrai,0.0006165943223946,fr,futurama
obscne,0.0006165943223946,fr,futurama
dor,0.0006165943223946,fr,futurama
victorieux,0.0006165943223946,fr,futurama
der,0.0006165943223946,fr,futurama
canot,0.0006165943223946,fr,futurama
lectro,0.0006165943223946,fr,futurama
sentira,0.0006165943223946,fr,futurama
cathter,0.0006165943223946,fr,futurama
plaer,0.0006165943223946,fr,futurama
aigrir,0.0006165943223946,fr,futurama
autodestruction,0.0006165943223946,fr,futurama
pakistan,0.0006165943223946,fr,futurama
piata,0.0006165943223946,fr,futurama
recompter,0.0006165943223946,fr,futurama
rduis,0.0006165943223946,fr,futurama
cosmtique,0.0006165943223946,fr,futurama
interfr,0.0006165943223946,fr,futurama
alimente,0.0006165943223946,fr,futurama
encourage,0.0006165943223946,fr,futurama
terrifiante,0.0006165943223946,fr,futurama
cougar,0.0006165943223946,fr,futurama
monotone,0.0006165943223946,fr,futurama
ombilical,0.0006165943223946,fr,futurama
tulipe,0.0006165943223946,fr,futurama
joug,0.0006165943223946,fr,futurama
magntophone,0.0006165943223946,fr,futurama
tromps,0.0006165943223946,fr,futurama
capituler,0.0006165943223946,fr,futurama
mlodramatiqu,0.0006165943223946,fr,futurama
rcession,0.0006165943223946,fr,futurama
prochaine,0.0006120408780621,fr,futurama
audience,0.0006120408780621,fr,futurama
grille,0.0006120408780621,fr,futurama
ivre,0.0006120408780621,fr,futurama
intress,0.0006120408780621,fr,futurama
croit,0.0006120408780621,fr,futurama
ball,0.0006120408780621,fr,futurama
entrept,0.0006120408780621,fr,futurama
vulnrabl,0.0006120408780621,fr,futurama
punition,0.0006120408780621,fr,futurama
intense,0.0006120408780621,fr,futurama
conclusion,0.0006120408780621,fr,futurama
empch,0.0006068446694718,fr,futurama
journ,0.0006068446694718,fr,futurama
trait,0.0006068446694718,fr,futurama
quart,0.0006068446694718,fr,futurama
tissu,0.0006068446694718,fr,futurama
cirque,0.0006068446694718,fr,futurama
golf,0.0006068446694718,fr,futurama
physiquement,0.0006068446694718,fr,futurama
intime,0.0006068446694718,fr,futurama
russe,0.0006068446694718,fr,futurama
filmer,0.0006068446694718,fr,futurama
sculpter,0.0006062605808137,fr,futurama
caft,0.0006062605808137,fr,futurama
tmraire,0.0006062605808137,fr,futurama
momentanment,0.0006062605808137,fr,futurama
hilarante,0.0006062605808137,fr,futurama
cosmo,0.0006062605808137,fr,futurama
natrer,0.0006062605808137,fr,futurama
mlerer,0.0006062605808137,fr,futurama
grammaire,0.0006062605808137,fr,futurama
intellect,0.0006062605808137,fr,futurama
ramassage,0.0006062605808137,fr,futurama
vivra,0.0006062605808137,fr,futurama
tympan,0.0006062605808137,fr,futurama
paisiblement,0.0006062605808137,fr,futurama
pamplemousse,0.0006062605808137,fr,futurama
analogie,0.0006062605808137,fr,futurama
accueillon,0.0006062605808137,fr,futurama
fmur,0.0006062605808137,fr,futurama
clment,0.0006062605808137,fr,futurama
salsa,0.0006062605808137,fr,futurama
mul,0.0006062605808137,fr,futurama
fracheur,0.0006062605808137,fr,futurama
mitzvah,0.0006062605808137,fr,futurama
pipeau,0.0006062605808137,fr,futurama
hurlant,0.0006062605808137,fr,futurama
mono,0.0006062605808137,fr,futurama
insipide,0.0006062605808137,fr,futurama
croustiller,0.0006062605808137,fr,futurama
amiant,0.0006062605808137,fr,futurama
tuile,0.0006062605808137,fr,futurama
broncher,0.0006062605808137,fr,futurama
digestion,0.0006062605808137,fr,futurama
amoch,0.0006062605808137,fr,futurama
amande,0.0006062605808137,fr,futurama
rchauff,0.0006062605808137,fr,futurama
escroquer,0.0006062605808137,fr,futurama
cliner,0.0006062605808137,fr,futurama
truite,0.0006062605808137,fr,futurama
cano,0.0006062605808137,fr,futurama
slim,0.0006062605808137,fr,futurama
excutif,0.0006062605808137,fr,futurama
mouise,0.0006062605808137,fr,futurama
capitole,0.0006062605808137,fr,futurama
tragiquement,0.0006062605808137,fr,futurama
rtrograde,0.0006062605808137,fr,futurama
dverser,0.0006062605808137,fr,futurama
syndical,0.0006062605808137,fr,futurama
travaillon,0.0006062605808137,fr,futurama
niner,0.0006062605808137,fr,futurama
amas,0.0006062605808137,fr,futurama
gerbe,0.0006062605808137,fr,futurama
sursaut,0.0006062605808137,fr,futurama
cyber,0.0006062605808137,fr,futurama
ingal,0.0006062605808137,fr,futurama
bavure,0.0006062605808137,fr,futurama
anus,0.0006062605808137,fr,futurama
ogre,0.0006062605808137,fr,futurama
migrer,0.0006062605808137,fr,futurama
cir,0.0006062605808137,fr,futurama
dfaillant,0.0006062605808137,fr,futurama
affluer,0.0006062605808137,fr,futurama
gnr,0.0006062605808137,fr,futurama
magntoscope,0.0006062605808137,fr,futurama
extrmiste,0.0006062605808137,fr,futurama
pimenter,0.0006062605808137,fr,futurama
citadin,0.0006062605808137,fr,futurama
ferez,0.0006062605808137,fr,futurama
recrutemer,0.0006062605808137,fr,futurama
acclration,0.0006062605808137,fr,futurama
casson,0.0006062605808137,fr,futurama
collante,0.0006062605808137,fr,futurama
frayeur,0.0006062605808137,fr,futurama
colombie,0.0006062605808137,fr,futurama
effondremer,0.0006062605808137,fr,futurama
adio,0.0006062605808137,fr,futurama
castor,0.0006062605808137,fr,futurama
btement,0.0006062605808137,fr,futurama
mangerai,0.0006062605808137,fr,futurama
cedar,0.0006062605808137,fr,futurama
affection,0.000601708534003,fr,futurama
bas,0.000601708534003,fr,futurama
commentaire,0.000601708534003,fr,futurama
suggestion,0.000601708534003,fr,futurama
bnfice,0.000601708534003,fr,futurama
terrifier,0.000601708534003,fr,futurama
flou,0.000601708534003,fr,futurama
confidentiel,0.000601708534003,fr,futurama
street,0.000601708534003,fr,futurama
emport,0.000601708534003,fr,futurama
install,0.000601708534003,fr,futurama
clore,0.000601708534003,fr,futurama
phrase,0.000601708534003,fr,futurama
verser,0.000601708534003,fr,futurama
immdiatemer,0.0005966310985106,fr,futurama
balade,0.0005966310985106,fr,futurama
poussire,0.0005966310985106,fr,futurama
coul,0.0005966310985106,fr,futurama
entourer,0.0005966310985106,fr,futurama
illusion,0.0005966310985106,fr,futurama
jete,0.0005966310985106,fr,futurama
clign,0.0005963862714234,fr,futurama
rachterer,0.0005963862714234,fr,futurama
penserai,0.0005963862714234,fr,futurama
rtrcit,0.0005963862714234,fr,futurama
dbloque,0.0005963862714234,fr,futurama
tramer,0.0005963862714234,fr,futurama
assortie,0.0005963862714234,fr,futurama
corridor,0.0005963862714234,fr,futurama
commandez,0.0005963862714234,fr,futurama
gaspille,0.0005963862714234,fr,futurama
tuai,0.0005963862714234,fr,futurama
augmente,0.0005963862714234,fr,futurama
apptissant,0.0005963862714234,fr,futurama
devis,0.0005963862714234,fr,futurama
prterer,0.0005963862714234,fr,futurama
special,0.0005963862714234,fr,futurama
evite,0.0005963862714234,fr,futurama
transforms,0.0005963862714234,fr,futurama
sacrifie,0.0005963862714234,fr,futurama
plaine,0.0005963862714234,fr,futurama
engrai,0.0005963862714234,fr,futurama
pnurie,0.0005963862714234,fr,futurama
calmo,0.0005963862714234,fr,futurama
aperoit,0.0005963862714234,fr,futurama
cogiter,0.0005963862714234,fr,futurama
mario,0.0005963862714234,fr,futurama
vindicatif,0.0005963862714234,fr,futurama
membrane,0.0005963862714234,fr,futurama
inaugurer,0.0005963862714234,fr,futurama
cuisson,0.0005963862714234,fr,futurama
injecte,0.0005963862714234,fr,futurama
tibia,0.0005963862714234,fr,futurama
hoover,0.0005963862714234,fr,futurama
pore,0.0005963862714234,fr,futurama
ambigu,0.0005963862714234,fr,futurama
conomique,0.0005963862714234,fr,futurama
dchu,0.0005963862714234,fr,futurama
batiment,0.0005963862714234,fr,futurama
thermomtre,0.0005963862714234,fr,futurama
ptrifi,0.0005963862714234,fr,futurama
dcontamination,0.0005963862714234,fr,futurama
sauvon,0.0005963862714234,fr,futurama
gwen,0.0005963862714234,fr,futurama
riez,0.0005963862714234,fr,futurama
forestier,0.0005963862714234,fr,futurama
heurte,0.0005963862714234,fr,futurama
rid,0.0005963862714234,fr,futurama
glacire,0.0005963862714234,fr,futurama
liminerer,0.0005963862714234,fr,futurama
rafle,0.0005963862714234,fr,futurama
rotiqu,0.0005963862714234,fr,futurama
incompris,0.0005963862714234,fr,futurama
cidre,0.0005963862714234,fr,futurama
remorqu,0.0005963862714234,fr,futurama
crot,0.0005963862714234,fr,futurama
btonnet,0.0005963862714234,fr,futurama
mafieux,0.0005963862714234,fr,futurama
lubrifier,0.0005963862714234,fr,futurama
imprime,0.0005963862714234,fr,futurama
carabine,0.0005963862714234,fr,futurama
agrablement,0.0005963862714234,fr,futurama
varie,0.0005963862714234,fr,futurama
dsirez,0.0005963862714234,fr,futurama
calvitie,0.0005963862714234,fr,futurama
interrompt,0.0005963862714234,fr,futurama
vandale,0.0005963862714234,fr,futurama
nerd,0.0005963862714234,fr,futurama
jesu,0.0005963862714234,fr,futurama
programmation,0.0005963862714234,fr,futurama
broy,0.0005963862714234,fr,futurama
lavement,0.0005963862714234,fr,futurama
redcorer,0.0005963862714234,fr,futurama
fiable,0.0005916110363984,fr,futurama
recommander,0.0005916110363984,fr,futurama
deuil,0.0005916110363984,fr,futurama
soulager,0.0005916110363984,fr,futurama
emmenez,0.0005916110363984,fr,futurama
malentendu,0.0005916110363984,fr,futurama
balanc,0.0005916110363984,fr,futurama
mary,0.0005916110363984,fr,futurama
anonyme,0.0005916110363984,fr,futurama
dmarrer,0.0005916110363984,fr,futurama
possder,0.0005916110363984,fr,futurama
organisation,0.0005916110363984,fr,futurama
rpondrer,0.0005916110363984,fr,futurama
renvoy,0.0005916110363984,fr,futurama
pancra,0.0005869322750913,fr,futurama
dgueulasse,0.0005869322750913,fr,futurama
avanon,0.0005869322750913,fr,futurama
fourneau,0.0005869322750913,fr,futurama
pointilleux,0.0005869322750913,fr,futurama
bullition,0.0005869322750913,fr,futurama
mitaine,0.0005869322750913,fr,futurama
truand,0.0005869322750913,fr,futurama
dcline,0.0005869322750913,fr,futurama
tendon,0.0005869322750913,fr,futurama
nag,0.0005869322750913,fr,futurama
disjonct,0.0005869322750913,fr,futurama
rvis,0.0005869322750913,fr,futurama
guirlande,0.0005869322750913,fr,futurama
synthse,0.0005869322750913,fr,futurama
chauffard,0.0005869322750913,fr,futurama
mpris,0.0005869322750913,fr,futurama
clochette,0.0005869322750913,fr,futurama
role,0.0005869322750913,fr,futurama
opium,0.0005869322750913,fr,futurama
ultrer,0.0005869322750913,fr,futurama
hulk,0.0005869322750913,fr,futurama
vil,0.0005869322750913,fr,futurama
morve,0.0005869322750913,fr,futurama
productivit,0.0005869322750913,fr,futurama
cacahoute,0.0005869322750913,fr,futurama
surveillanc,0.0005869322750913,fr,futurama
nasal,0.0005869322750913,fr,futurama
chevauche,0.0005869322750913,fr,futurama
cabin,0.0005869322750913,fr,futurama
incroyablement,0.0005869322750913,fr,futurama
jasmin,0.0005869322750913,fr,futurama
remorquer,0.0005869322750913,fr,futurama
rpugnante,0.0005869322750913,fr,futurama
tract,0.0005869322750913,fr,futurama
people,0.0005869322750913,fr,futurama
clapet,0.0005869322750913,fr,futurama
rtrograd,0.0005869322750913,fr,futurama
globalement,0.0005869322750913,fr,futurama
liquid,0.0005869322750913,fr,futurama
crits,0.0005869322750913,fr,futurama
captivant,0.0005869322750913,fr,futurama
apro,0.0005869322750913,fr,futurama
claudia,0.0005869322750913,fr,futurama
chatouiller,0.0005869322750913,fr,futurama
comestible,0.0005869322750913,fr,futurama
plumer,0.0005869322750913,fr,futurama
caissier,0.0005869322750913,fr,futurama
rescap,0.0005869322750913,fr,futurama
jedi,0.0005869322750913,fr,futurama
martiau,0.0005869322750913,fr,futurama
dficience,0.0005869322750913,fr,futurama
boulon,0.0005869322750913,fr,futurama
compositeur,0.0005869322750913,fr,futurama
tartine,0.0005869322750913,fr,futurama
fouton,0.0005869322750913,fr,futurama
dconnecter,0.0005869322750913,fr,futurama
configuration,0.0005869322750913,fr,futurama
eleanor,0.0005869322750913,fr,futurama
combustible,0.0005869322750913,fr,futurama
toboggan,0.0005869322750913,fr,futurama
rpondra,0.0005869322750913,fr,futurama
stimul,0.0005869322750913,fr,futurama
asperge,0.0005869322750913,fr,futurama
lon,0.0005869322750913,fr,futurama
serpillire,0.0005869322750913,fr,futurama
lmentaire,0.0005869322750913,fr,futurama
substitution,0.0005869322750913,fr,futurama
anita,0.0005869322750913,fr,futurama
paisse,0.0005869322750913,fr,futurama
patinoire,0.0005869322750913,fr,futurama
militant,0.0005869322750913,fr,futurama
cannette,0.0005869322750913,fr,futurama
aversion,0.0005869322750913,fr,futurama
insre,0.0005869322750913,fr,futurama
distrair,0.0005869322750913,fr,futurama
bouillon,0.0005869322750913,fr,futurama
quasiment,0.0005866470655394,fr,futurama
nouvelle,0.0005866470655394,fr,futurama
longueur,0.0005866470655394,fr,futurama
vitre,0.0005866470655394,fr,futurama
obligation,0.0005866470655394,fr,futurama
dort,0.0005866470655394,fr,futurama
sjour,0.0005866470655394,fr,futurama
fixe,0.0005817379463096,fr,futurama
figure,0.0005817379463096,fr,futurama
organis,0.0005817379463096,fr,futurama
investir,0.0005817379463096,fr,futurama
supplie,0.0005817379463096,fr,futurama
effectivement,0.0005817379463096,fr,futurama
secondaire,0.0005817379463096,fr,futurama
nibard,0.0005778642656242,fr,futurama
bird,0.0005778642656242,fr,futurama
personnalis,0.0005778642656242,fr,futurama
ovale,0.0005778642656242,fr,futurama
tle,0.0005778642656242,fr,futurama
laxatif,0.0005778642656242,fr,futurama
arthrite,0.0005778642656242,fr,futurama
narguer,0.0005778642656242,fr,futurama
dune,0.0005778642656242,fr,futurama
provocateur,0.0005778642656242,fr,futurama
plane,0.0005778642656242,fr,futurama
narine,0.0005778642656242,fr,futurama
pink,0.0005778642656242,fr,futurama
finesse,0.0005778642656242,fr,futurama
eugene,0.0005778642656242,fr,futurama
inadmissible,0.0005778642656242,fr,futurama
magntiquer,0.0005778642656242,fr,futurama
mtaphoriquement,0.0005778642656242,fr,futurama
rebut,0.0005778642656242,fr,futurama
censure,0.0005778642656242,fr,futurama
scrabble,0.0005778642656242,fr,futurama
pervertir,0.0005778642656242,fr,futurama
placenta,0.0005778642656242,fr,futurama
fourrs,0.0005778642656242,fr,futurama
vomissement,0.0005778642656242,fr,futurama
maltraite,0.0005778642656242,fr,futurama
shor,0.0005778642656242,fr,futurama
manquante,0.0005778642656242,fr,futurama
femmelette,0.0005778642656242,fr,futurama
moelleux,0.0005778642656242,fr,futurama
mel,0.0005778642656242,fr,futurama
inflammable,0.0005778642656242,fr,futurama
congrgation,0.0005778642656242,fr,futurama
boursier,0.0005778642656242,fr,futurama
raliss,0.0005778642656242,fr,futurama
reus,0.0005778642656242,fr,futurama
engueulade,0.0005778642656242,fr,futurama
formuler,0.0005778642656242,fr,futurama
suprme,0.0005778642656242,fr,futurama
rcital,0.0005778642656242,fr,futurama
castrer,0.0005778642656242,fr,futurama
mendier,0.0005778642656242,fr,futurama
contrls,0.0005778642656242,fr,futurama
rompez,0.0005778642656242,fr,futurama
funrair,0.0005778642656242,fr,futurama
prsomptueux,0.0005778642656242,fr,futurama
enduire,0.0005778642656242,fr,futurama
tlchargement,0.0005778642656242,fr,futurama
remake,0.0005778642656242,fr,futurama
duvet,0.0005778642656242,fr,futurama
boucan,0.0005778642656242,fr,futurama
rverer,0.0005778642656242,fr,futurama
argot,0.0005778642656242,fr,futurama
rgale,0.0005778642656242,fr,futurama
hoquet,0.0005778642656242,fr,futurama
barrez,0.0005778642656242,fr,futurama
connaisseur,0.0005778642656242,fr,futurama
marmonner,0.0005778642656242,fr,futurama
irrgularit,0.0005778642656242,fr,futurama
cadillac,0.0005778642656242,fr,futurama
sifflement,0.0005778642656242,fr,futurama
cynthia,0.0005778642656242,fr,futurama
dpouiller,0.0005778642656242,fr,futurama
amabilit,0.0005778642656242,fr,futurama
pie,0.0005778642656242,fr,futurama
vanouisser,0.0005778642656242,fr,futurama
ppite,0.0005778642656242,fr,futurama
venise,0.0005778642656242,fr,futurama
arreter,0.0005778642656242,fr,futurama
propulser,0.0005778642656242,fr,futurama
volontariat,0.0005778642656242,fr,futurama
refu,0.0005778642656242,fr,futurama
enrage,0.0005778642656242,fr,futurama
ambiant,0.0005778642656242,fr,futurama
pell,0.0005778642656242,fr,futurama
dluge,0.0005778642656242,fr,futurama
primate,0.0005778642656242,fr,futurama
bienfaiteur,0.0005778642656242,fr,futurama
edgar,0.0005778642656242,fr,futurama
village,0.00057688247973,fr,futurama
tudi,0.00057688247973,fr,futurama
dplace,0.00057688247973,fr,futurama
compar,0.00057688247973,fr,futurama
lecture,0.00057688247973,fr,futurama
lch,0.00057688247973,fr,futurama
divorce,0.00057688247973,fr,futurama
reviendra,0.00057688247973,fr,futurama
noter,0.00057688247973,fr,futurama
artiste,0.00057688247973,fr,futurama
intres,0.00057688247973,fr,futurama
compromettre,0.0005720795057091,fr,futurama
fasciner,0.0005720795057091,fr,futurama
informer,0.0005720795057091,fr,futurama
transfert,0.0005720795057091,fr,futurama
bijou,0.0005720795057091,fr,futurama
assouvir,0.0005691519574099,fr,futurama
panda,0.0005691519574099,fr,futurama
picotement,0.0005691519574099,fr,futurama
finissent,0.0005691519574099,fr,futurama
craquant,0.0005691519574099,fr,futurama
insouciant,0.0005691519574099,fr,futurama
lancez,0.0005691519574099,fr,futurama
chacal,0.0005691519574099,fr,futurama
adorateur,0.0005691519574099,fr,futurama
inconcevable,0.0005691519574099,fr,futurama
dcouvron,0.0005691519574099,fr,futurama
malfique,0.0005691519574099,fr,futurama
wade,0.0005691519574099,fr,futurama
informaticien,0.0005691519574099,fr,futurama
fertile,0.0005691519574099,fr,futurama
pittoresque,0.0005691519574099,fr,futurama
plerin,0.0005691519574099,fr,futurama
etonner,0.0005691519574099,fr,futurama
frott,0.0005691519574099,fr,futurama
charismatique,0.0005691519574099,fr,futurama
ddicac,0.0005691519574099,fr,futurama
monture,0.0005691519574099,fr,futurama
pilul,0.0005691519574099,fr,futurama
luther,0.0005691519574099,fr,futurama
pacific,0.0005691519574099,fr,futurama
poivrot,0.0005691519574099,fr,futurama
daisy,0.0005691519574099,fr,futurama
suspense,0.0005691519574099,fr,futurama
suivon,0.0005691519574099,fr,futurama
bomb,0.0005691519574099,fr,futurama
charabia,0.0005691519574099,fr,futurama
domino,0.0005691519574099,fr,futurama
intestinal,0.0005691519574099,fr,futurama
baptme,0.0005691519574099,fr,futurama
rattacher,0.0005691519574099,fr,futurama
dshonor,0.0005691519574099,fr,futurama
cathdrale,0.0005691519574099,fr,futurama
concombre,0.0005691519574099,fr,futurama
attribution,0.0005691519574099,fr,futurama
colin,0.0005691519574099,fr,futurama
lisez,0.0005691519574099,fr,futurama
processeur,0.0005691519574099,fr,futurama
concitoyen,0.0005691519574099,fr,futurama
excrment,0.0005691519574099,fr,futurama
exprimentation,0.0005691519574099,fr,futurama
gourde,0.0005691519574099,fr,futurama
dguster,0.0005691519574099,fr,futurama
rempli,0.0005691519574099,fr,futurama
vertbre,0.0005691519574099,fr,futurama
visionner,0.0005691519574099,fr,futurama
ice,0.0005691519574099,fr,futurama
impensable,0.0005691519574099,fr,futurama
surnommer,0.0005691519574099,fr,futurama
imbattable,0.0005691519574099,fr,futurama
kiki,0.0005691519574099,fr,futurama
foulard,0.0005691519574099,fr,futurama
incarner,0.0005691519574099,fr,futurama
brandy,0.0005691519574099,fr,futurama
autochtone,0.0005691519574099,fr,futurama
scruter,0.0005691519574099,fr,futurama
complimenter,0.0005691519574099,fr,futurama
mix,0.0005691519574099,fr,futurama
enclench,0.0005691519574099,fr,futurama
mouai,0.0005691519574099,fr,futurama
cachent,0.0005691519574099,fr,futurama
barjo,0.0005691519574099,fr,futurama
couronner,0.0005691519574099,fr,futurama
mettai,0.0005691519574099,fr,futurama
logistique,0.0005691519574099,fr,futurama
demeurer,0.0005691519574099,fr,futurama
frime,0.0005691519574099,fr,futurama
crmaillre,0.0005691519574099,fr,futurama
scheresse,0.0005691519574099,fr,futurama
venon,0.0005691519574099,fr,futurama
donny,0.0005691519574099,fr,futurama
patio,0.0005691519574099,fr,futurama
morpion,0.0005691519574099,fr,futurama
horaire,0.0005673279013789,fr,futurama
alls,0.0005673279013789,fr,futurama
communaut,0.0005673279013789,fr,futurama
frigo,0.0005673279013789,fr,futurama
pluie,0.0005673279013789,fr,futurama
allonger,0.0005673279013789,fr,futurama
voit,0.0005626265795195,fr,futurama
prendra,0.0005626265795195,fr,futurama
apprcierer,0.0005626265795195,fr,futurama
attitude,0.0005626265795195,fr,futurama
plastique,0.0005626265795195,fr,futurama
fouille,0.0005626265795195,fr,futurama
actif,0.0005626265795195,fr,futurama
exposition,0.0005626265795195,fr,futurama
pous,0.0005626265795195,fr,futurama
dsespr,0.0005626265795195,fr,futurama
normment,0.0005626265795195,fr,futurama
aperu,0.0005626265795195,fr,futurama
bagarre,0.0005626265795195,fr,futurama
rogne,0.0005607684951254,fr,futurama
clignotant,0.0005607684951254,fr,futurama
serper,0.0005607684951254,fr,futurama
capillaire,0.0005607684951254,fr,futurama
mandy,0.0005607684951254,fr,futurama
thorax,0.0005607684951254,fr,futurama
positionner,0.0005607684951254,fr,futurama
gaver,0.0005607684951254,fr,futurama
dgonfler,0.0005607684951254,fr,futurama
hypnotiser,0.0005607684951254,fr,futurama
carrure,0.0005607684951254,fr,futurama
lectron,0.0005607684951254,fr,futurama
ironiquemer,0.0005607684951254,fr,futurama
serie,0.0005607684951254,fr,futurama
ranim,0.0005607684951254,fr,futurama
chase,0.0005607684951254,fr,futurama
couronn,0.0005607684951254,fr,futurama
quilibrer,0.0005607684951254,fr,futurama
criter,0.0005607684951254,fr,futurama
chester,0.0005607684951254,fr,futurama
mch,0.0005607684951254,fr,futurama
historien,0.0005607684951254,fr,futurama
tendresse,0.0005607684951254,fr,futurama
tlpathie,0.0005607684951254,fr,futurama
offrande,0.0005607684951254,fr,futurama
rouer,0.0005607684951254,fr,futurama
remu,0.0005607684951254,fr,futurama
mfiance,0.0005607684951254,fr,futurama
mangeai,0.0005607684951254,fr,futurama
hong,0.0005607684951254,fr,futurama
rcrit,0.0005607684951254,fr,futurama
farine,0.0005607684951254,fr,futurama
imperfection,0.0005607684951254,fr,futurama
claireur,0.0005607684951254,fr,futurama
dcevant,0.0005607684951254,fr,futurama
tabouret,0.0005607684951254,fr,futurama
servant,0.0005607684951254,fr,futurama
rfugi,0.0005607684951254,fr,futurama
philanthrope,0.0005607684951254,fr,futurama
dconnecte,0.0005607684951254,fr,futurama
furet,0.0005607684951254,fr,futurama
vulnrabilit,0.0005607684951254,fr,futurama
craigno,0.0005607684951254,fr,futurama
napolon,0.0005607684951254,fr,futurama
sducteur,0.0005607684951254,fr,futurama
desservir,0.0005607684951254,fr,futurama
exasprer,0.0005607684951254,fr,futurama
blouse,0.0005607684951254,fr,futurama
regorger,0.0005607684951254,fr,futurama
lucider,0.0005607684951254,fr,futurama
bouddha,0.0005607684951254,fr,futurama
catgoriqu,0.0005607684951254,fr,futurama
diffre,0.0005607684951254,fr,futurama
snil,0.0005607684951254,fr,futurama
veng,0.0005607684951254,fr,futurama
manuellemer,0.0005607684951254,fr,futurama
sauciss,0.0005607684951254,fr,futurama
bidule,0.0005607684951254,fr,futurama
balistique,0.0005607684951254,fr,futurama
abdominal,0.0005607684951254,fr,futurama
hallucinant,0.0005607684951254,fr,futurama
passible,0.0005607684951254,fr,futurama
vaissell,0.0005607684951254,fr,futurama
tlvis,0.0005607684951254,fr,futurama
mensong,0.0005607684951254,fr,futurama
footballeur,0.0005607684951254,fr,futurama
dbutante,0.0005607684951254,fr,futurama
pendaison,0.0005607684951254,fr,futurama
dbarrasss,0.0005607684951254,fr,futurama
facilemer,0.0005579744870657,fr,futurama
frontire,0.0005579744870657,fr,futurama
paire,0.0005579744870657,fr,futurama
rcompense,0.0005579744870657,fr,futurama
prtend,0.0005579744870657,fr,futurama
chantillon,0.0005579744870657,fr,futurama
jette,0.0005579744870657,fr,futurama
pousse,0.0005579744870657,fr,futurama
signature,0.0005579744870657,fr,futurama
conscient,0.0005579744870657,fr,futurama
cardiaque,0.0005533706036911,fr,futurama
poindre,0.0005533706036911,fr,futurama
commenon,0.0005533706036911,fr,futurama
coucou,0.0005533706036911,fr,futurama
acc,0.0005533706036911,fr,futurama
assistant,0.0005533706036911,fr,futurama
rond,0.0005533706036911,fr,futurama
noyer,0.0005533706036911,fr,futurama
craqu,0.0005533706036911,fr,futurama
frr,0.0005533706036911,fr,futurama
dgrade,0.0005526899544879,fr,futurama
dmler,0.0005526899544879,fr,futurama
intitul,0.0005526899544879,fr,futurama
achets,0.0005526899544879,fr,futurama
rclamation,0.0005526899544879,fr,futurama
dborder,0.0005526899544879,fr,futurama
froisser,0.0005526899544879,fr,futurama
rich,0.0005526899544879,fr,futurama
bercail,0.0005526899544879,fr,futurama
disjoncter,0.0005526899544879,fr,futurama
puisement,0.0005526899544879,fr,futurama
sceau,0.0005526899544879,fr,futurama
delter,0.0005526899544879,fr,futurama
volley,0.0005526899544879,fr,futurama
cimer,0.0005526899544879,fr,futurama
flottant,0.0005526899544879,fr,futurama
bancal,0.0005526899544879,fr,futurama
collaborateur,0.0005526899544879,fr,futurama
auxiliaire,0.0005526899544879,fr,futurama
importuner,0.0005526899544879,fr,futurama
combustion,0.0005526899544879,fr,futurama
ivrogn,0.0005526899544879,fr,futurama
densit,0.0005526899544879,fr,futurama
pit,0.0005526899544879,fr,futurama
nettoie,0.0005526899544879,fr,futurama
relayer,0.0005526899544879,fr,futurama
lectrocut,0.0005526899544879,fr,futurama
maltraitance,0.0005526899544879,fr,futurama
fight,0.0005526899544879,fr,futurama
relaxation,0.0005526899544879,fr,futurama
dodorant,0.0005526899544879,fr,futurama
shop,0.0005526899544879,fr,futurama
matr,0.0005526899544879,fr,futurama
pomp,0.0005526899544879,fr,futurama
prvenant,0.0005526899544879,fr,futurama
impose,0.0005526899544879,fr,futurama
braguette,0.0005526899544879,fr,futurama
dplat,0.0005526899544879,fr,futurama
glander,0.0005526899544879,fr,futurama
attendrir,0.0005526899544879,fr,futurama
marchon,0.0005526899544879,fr,futurama
rnover,0.0005526899544879,fr,futurama
hectare,0.0005526899544879,fr,futurama
existant,0.0005526899544879,fr,futurama
algbre,0.0005526899544879,fr,futurama
saignant,0.0005526899544879,fr,futurama
aplatir,0.0005526899544879,fr,futurama
minette,0.0005526899544879,fr,futurama
dgnrer,0.0005526899544879,fr,futurama
digr,0.0005526899544879,fr,futurama
tuerie,0.0005526899544879,fr,futurama
sorcellerie,0.0005526899544879,fr,futurama
rangez,0.0005526899544879,fr,futurama
vieillissement,0.0005526899544879,fr,futurama
entrant,0.0005526899544879,fr,futurama
pieux,0.0005526899544879,fr,futurama
tranchant,0.0005526899544879,fr,futurama
gure,0.0005526899544879,fr,futurama
flan,0.0005526899544879,fr,futurama
sanglant,0.0005526899544879,fr,futurama
gibier,0.0005526899544879,fr,futurama
reoivent,0.0005526899544879,fr,futurama
cage,0.0005488139404654,fr,futurama
vidence,0.0005488139404654,fr,futurama
masque,0.0005488139404654,fr,futurama
discret,0.0005488139404654,fr,futurama
quitt,0.0005488139404654,fr,futurama
envoie,0.0005488139404654,fr,futurama
indiquer,0.0005488139404654,fr,futurama
surprenant,0.0005488139404654,fr,futurama
ftard,0.0005448949306533,fr,futurama
craie,0.0005448949306533,fr,futurama
miche,0.0005448949306533,fr,futurama
pompon,0.0005448949306533,fr,futurama
impuissance,0.0005448949306533,fr,futurama
insatiable,0.0005448949306533,fr,futurama
tau,0.0005448949306533,fr,futurama
malt,0.0005448949306533,fr,futurama
ragisse,0.0005448949306533,fr,futurama
absurdit,0.0005448949306533,fr,futurama
patriotique,0.0005448949306533,fr,futurama
dcharg,0.0005448949306533,fr,futurama
prtendent,0.0005448949306533,fr,futurama
choral,0.0005448949306533,fr,futurama
aquatique,0.0005448949306533,fr,futurama
lgion,0.0005448949306533,fr,futurama
disculper,0.0005448949306533,fr,futurama
couvent,0.0005448949306533,fr,futurama
cafetire,0.0005448949306533,fr,futurama
hrite,0.0005448949306533,fr,futurama
sniffer,0.0005448949306533,fr,futurama
souterraine,0.0005448949306533,fr,futurama
spasme,0.0005448949306533,fr,futurama
blues,0.0005448949306533,fr,futurama
intensifier,0.0005448949306533,fr,futurama
rjouisser,0.0005448949306533,fr,futurama
modestie,0.0005448949306533,fr,futurama
fichai,0.0005448949306533,fr,futurama
sandale,0.0005448949306533,fr,futurama
corporation,0.0005448949306533,fr,futurama
contester,0.0005448949306533,fr,futurama
rappellerai,0.0005448949306533,fr,futurama
bobard,0.0005448949306533,fr,futurama
monnayer,0.0005448949306533,fr,futurama
transpiration,0.0005448949306533,fr,futurama
dsastreux,0.0005448949306533,fr,futurama
amusent,0.0005448949306533,fr,futurama
sponsoriser,0.0005448949306533,fr,futurama
subit,0.0005448949306533,fr,futurama
dysfonctionnement,0.0005448949306533,fr,futurama
endure,0.0005448949306533,fr,futurama
recharge,0.0005448949306533,fr,futurama
trompette,0.0005448949306533,fr,futurama
amadouer,0.0005448949306533,fr,futurama
capte,0.0005448949306533,fr,futurama
baston,0.0005448949306533,fr,futurama
aile,0.0005443035385788,fr,futurama
objectif,0.0005443035385788,fr,futurama
commander,0.0005443035385788,fr,futurama
tapis,0.0005443035385788,fr,futurama
provenir,0.0005443035385788,fr,futurama
devra,0.0005443035385788,fr,futurama
reoit,0.0005443035385788,fr,futurama
stress,0.0005443035385788,fr,futurama
violer,0.0005443035385788,fr,futurama
passs,0.0005398384681315,fr,futurama
social,0.0005398384681315,fr,futurama
inquitude,0.0005398384681315,fr,futurama
associ,0.0005398384681315,fr,futurama
autorit,0.0005398384681315,fr,futurama
accs,0.0005398384681315,fr,futurama
franc,0.0005398384681315,fr,futurama
aupr,0.0005398384681315,fr,futurama
renfort,0.0005398384681315,fr,futurama
pouvai,0.0005398384681315,fr,futurama
interne,0.0005398384681315,fr,futurama
pouce,0.0005398384681315,fr,futurama
superficielle,0.0005373641964215,fr,futurama
grabuge,0.0005373641964215,fr,futurama
prune,0.0005373641964215,fr,futurama
localise,0.0005373641964215,fr,futurama
prparons,0.0005373641964215,fr,futurama
pulvriser,0.0005373641964215,fr,futurama
dduire,0.0005373641964215,fr,futurama
dominateur,0.0005373641964215,fr,futurama
apptisser,0.0005373641964215,fr,futurama
attirs,0.0005373641964215,fr,futurama
insurmontable,0.0005373641964215,fr,futurama
tourmenter,0.0005373641964215,fr,futurama
distinct,0.0005373641964215,fr,futurama
rembobiner,0.0005373641964215,fr,futurama
fterer,0.0005373641964215,fr,futurama
stockholm,0.0005373641964215,fr,futurama
dsagrable,0.0005373641964215,fr,futurama
thrapeutiqu,0.0005373641964215,fr,futurama
luxueux,0.0005373641964215,fr,futurama
shelly,0.0005373641964215,fr,futurama
frler,0.0005373641964215,fr,futurama
convulsion,0.0005373641964215,fr,futurama
interro,0.0005373641964215,fr,futurama
lester,0.0005373641964215,fr,futurama
dmarrage,0.0005373641964215,fr,futurama
crystal,0.0005373641964215,fr,futurama
minorit,0.0005373641964215,fr,futurama
parls,0.0005373641964215,fr,futurama
prouesse,0.0005373641964215,fr,futurama
facturer,0.0005373641964215,fr,futurama
dler,0.0005373641964215,fr,futurama
chrir,0.0005373641964215,fr,futurama
typiquement,0.0005373641964215,fr,futurama
romantisme,0.0005373641964215,fr,futurama
prdcesseur,0.0005373641964215,fr,futurama
irrel,0.0005373641964215,fr,futurama
pilotage,0.0005373641964215,fr,futurama
donovan,0.0005373641964215,fr,futurama
tanche,0.0005373641964215,fr,futurama
redresse,0.0005373641964215,fr,futurama
copilote,0.0005373641964215,fr,futurama
maigrichon,0.0005373641964215,fr,futurama
scooter,0.0005373641964215,fr,futurama
dsarmer,0.0005373641964215,fr,futurama
picasso,0.0005373641964215,fr,futurama
fade,0.0005373641964215,fr,futurama
saintet,0.0005373641964215,fr,futurama
versement,0.0005373641964215,fr,futurama
viral,0.0005373641964215,fr,futurama
tabou,0.0005373641964215,fr,futurama
racaill,0.0005373641964215,fr,futurama
rousseur,0.0005373641964215,fr,futurama
maine,0.0005373641964215,fr,futurama
dfile,0.0005373641964215,fr,futurama
joliment,0.0005373641964215,fr,futurama
crapule,0.0005373641964215,fr,futurama
revoyon,0.0005373641964215,fr,futurama
charmer,0.0005354178269826,fr,futurama
rflchisser,0.0005354178269826,fr,futurama
maintenir,0.0005354178269826,fr,futurama
alarme,0.0005354178269826,fr,futurama
trouvera,0.0005354178269826,fr,futurama
incident,0.0005354178269826,fr,futurama
glise,0.0005354178269826,fr,futurama
policier,0.0005354178269826,fr,futurama
envoye,0.0005354178269826,fr,futurama
connaissez,0.0005354178269826,fr,futurama
facilement,0.0005354178269826,fr,futurama
extrmement,0.0005354178269826,fr,futurama
pomme,0.0005310407396567,fr,futurama
garage,0.0005310407396567,fr,futurama
positif,0.0005310407396567,fr,futurama
attache,0.0005310407396567,fr,futurama
oeuvre,0.0005310407396567,fr,futurama
mnage,0.0005310407396567,fr,futurama
chapp,0.0005310407396567,fr,futurama
exaucer,0.0005300804165063,fr,futurama
kung,0.0005300804165063,fr,futurama
reconstitution,0.0005300804165063,fr,futurama
coordination,0.0005300804165063,fr,futurama
mond,0.0005300804165063,fr,futurama
foutent,0.0005300804165063,fr,futurama
prteur,0.0005300804165063,fr,futurama
affirmation,0.0005300804165063,fr,futurama
iron,0.0005300804165063,fr,futurama
tourdi,0.0005300804165063,fr,futurama
attnuer,0.0005300804165063,fr,futurama
dsactiv,0.0005300804165063,fr,futurama
coiffe,0.0005300804165063,fr,futurama
rotation,0.0005300804165063,fr,futurama
fiesta,0.0005300804165063,fr,futurama
atmosphre,0.0005300804165063,fr,futurama
phromone,0.0005300804165063,fr,futurama
incurable,0.0005300804165063,fr,futurama
captivit,0.0005300804165063,fr,futurama
nase,0.0005300804165063,fr,futurama
quipemer,0.0005300804165063,fr,futurama
vers,0.0005300804165063,fr,futurama
nudit,0.0005300804165063,fr,futurama
veilleuse,0.0005300804165063,fr,futurama
vaurien,0.0005300804165063,fr,futurama
rentable,0.0005300804165063,fr,futurama
abat,0.0005300804165063,fr,futurama
banquet,0.0005300804165063,fr,futurama
augure,0.0005300804165063,fr,futurama
mouvant,0.0005300804165063,fr,futurama
dsapprouver,0.0005300804165063,fr,futurama
verbe,0.0005300804165063,fr,futurama
superflu,0.0005300804165063,fr,futurama
empar,0.0005300804165063,fr,futurama
nettoyeur,0.0005300804165063,fr,futurama
abonnemer,0.0005300804165063,fr,futurama
cochonne,0.0005300804165063,fr,futurama
soutif,0.0005300804165063,fr,futurama
gerald,0.0005300804165063,fr,futurama
gnome,0.0005300804165063,fr,futurama
vacue,0.0005300804165063,fr,futurama
supercherie,0.0005300804165063,fr,futurama
suret,0.0005300804165063,fr,futurama
pantoufle,0.0005300804165063,fr,futurama
dvalis,0.0005300804165063,fr,futurama
burn,0.0005300804165063,fr,futurama
oreillette,0.0005300804165063,fr,futurama
enrouler,0.0005300804165063,fr,futurama
torchon,0.0005300804165063,fr,futurama
instaurer,0.0005300804165063,fr,futurama
randonne,0.0005300804165063,fr,futurama
eglise,0.0005300804165063,fr,futurama
ramens,0.0005300804165063,fr,futurama
peiner,0.0005300804165063,fr,futurama
comparatr,0.0005300804165063,fr,futurama
hymne,0.0005300804165063,fr,futurama
splendeur,0.0005300804165063,fr,futurama
couvertur,0.0005267063563024,fr,futurama
attaqu,0.0005267063563024,fr,futurama
habit,0.0005267063563024,fr,futurama
capacit,0.0005267063563024,fr,futurama
ange,0.0005267063563024,fr,futurama
forcment,0.0005267063563024,fr,futurama
aille,0.0005267063563024,fr,futurama
bloc,0.0005267063563024,fr,futurama
immdiatement,0.0005267063563024,fr,futurama
franchir,0.0005267063563024,fr,futurama
contribuable,0.0005230279071846,fr,futurama
inhibiteur,0.0005230279071846,fr,futurama
cil,0.0005230279071846,fr,futurama
eye,0.0005230279071846,fr,futurama
sanction,0.0005230279071846,fr,futurama
conteste,0.0005230279071846,fr,futurama
diplomatique,0.0005230279071846,fr,futurama
naval,0.0005230279071846,fr,futurama
porton,0.0005230279071846,fr,futurama
imit,0.0005230279071846,fr,futurama
servante,0.0005230279071846,fr,futurama
rfugier,0.0005230279071846,fr,futurama
ron,0.0005230279071846,fr,futurama
rachte,0.0005230279071846,fr,futurama
raccompagn,0.0005230279071846,fr,futurama
etrange,0.0005230279071846,fr,futurama
cuvette,0.0005230279071846,fr,futurama
neutralis,0.0005230279071846,fr,futurama
immortalit,0.0005230279071846,fr,futurama
rincer,0.0005230279071846,fr,futurama
prim,0.0005230279071846,fr,futurama
dallas,0.0005230279071846,fr,futurama
rciter,0.0005230279071846,fr,futurama
infantile,0.0005230279071846,fr,futurama
exclu,0.0005230279071846,fr,futurama
pochette,0.0005230279071846,fr,futurama
clibat,0.0005230279071846,fr,futurama
biais,0.0005230279071846,fr,futurama
raquette,0.0005230279071846,fr,futurama
domination,0.0005230279071846,fr,futurama
boxeur,0.0005230279071846,fr,futurama
possessif,0.0005230279071846,fr,futurama
irritation,0.0005230279071846,fr,futurama
asperger,0.0005230279071846,fr,futurama
roulant,0.0005230279071846,fr,futurama
boivent,0.0005230279071846,fr,futurama
sant,0.000522413851703,fr,futurama
dposer,0.000522413851703,fr,futurama
directeur,0.000522413851703,fr,futurama
dirai,0.000522413851703,fr,futurama
cherchai,0.000522413851703,fr,futurama
rechercher,0.0005181624243326,fr,futurama
promesse,0.0005181624243326,fr,futurama
tromp,0.0005181624243326,fr,futurama
inquiet,0.0005181624243326,fr,futurama
remont,0.0005181624243326,fr,futurama
dcouvre,0.0005181624243326,fr,futurama
attendai,0.0005181624243326,fr,futurama
habituel,0.0005181624243326,fr,futurama
dsesprer,0.0005161924329412,fr,futurama
terry,0.0005161924329412,fr,futurama
distrait,0.0005161924329412,fr,futurama
resser,0.0005161924329412,fr,futurama
jay,0.0005161924329412,fr,futurama
cavalire,0.0005161924329412,fr,futurama
coquille,0.0005161924329412,fr,futurama
mousser,0.0005161924329412,fr,futurama
gratuitemer,0.0005161924329412,fr,futurama
villageois,0.0005161924329412,fr,futurama
dissquer,0.0005161924329412,fr,futurama
nav,0.0005161924329412,fr,futurama
approuve,0.0005161924329412,fr,futurama
vanit,0.0005161924329412,fr,futurama
embt,0.0005161924329412,fr,futurama
armer,0.0005161924329412,fr,futurama
intervien,0.0005161924329412,fr,futurama
vrifiez,0.0005161924329412,fr,futurama
rhabiller,0.0005161924329412,fr,futurama
boucherie,0.0005161924329412,fr,futurama
colombe,0.0005161924329412,fr,futurama
sophistique,0.0005161924329412,fr,futurama
hollandais,0.0005161924329412,fr,futurama
gnrer,0.0005161924329412,fr,futurama
assoiff,0.0005161924329412,fr,futurama
maquille,0.0005161924329412,fr,futurama
voiturier,0.0005161924329412,fr,futurama
infidlit,0.0005161924329412,fr,futurama
patriote,0.0005161924329412,fr,futurama
perspicacit,0.0005161924329412,fr,futurama
teste,0.0005161924329412,fr,futurama
changeon,0.0005161924329412,fr,futurama
ternir,0.0005161924329412,fr,futurama
dcollet,0.0005161924329412,fr,futurama
joan,0.0005161924329412,fr,futurama
dnich,0.0005161924329412,fr,futurama
pein,0.0005161924329412,fr,futurama
marilyn,0.0005161924329412,fr,futurama
artisanal,0.0005161924329412,fr,futurama
instituteur,0.0005161924329412,fr,futurama
prvient,0.0005161924329412,fr,futurama
rpandue,0.0005161924329412,fr,futurama
renvoys,0.0005161924329412,fr,futurama
insuffiser,0.0005161924329412,fr,futurama
classeur,0.0005161924329412,fr,futurama
traducteur,0.0005161924329412,fr,futurama
parer,0.0005139512954583,fr,futurama
boss,0.0005139512954583,fr,futurama
plaisante,0.0005139512954583,fr,futurama
trouble,0.0005139512954583,fr,futurama
prs,0.0005139512954583,fr,futurama
emprunter,0.0005139512954583,fr,futurama
prvenu,0.0005097797082839,fr,futurama
priode,0.0005097797082839,fr,futurama
cout,0.0005097797082839,fr,futurama
complet,0.0005097797082839,fr,futurama
hockey,0.0005095610334801,fr,futurama
gracia,0.0005095610334801,fr,futurama
anglaise,0.0005095610334801,fr,futurama
berline,0.0005095610334801,fr,futurama
interminable,0.0005095610334801,fr,futurama
systm,0.0005095610334801,fr,futurama
rcepteur,0.0005095610334801,fr,futurama
rpublicain,0.0005095610334801,fr,futurama
gnital,0.0005095610334801,fr,futurama
dangereusemer,0.0005095610334801,fr,futurama
sentai,0.0005095610334801,fr,futurama
inscrit,0.0005095610334801,fr,futurama
menaant,0.0005095610334801,fr,futurama
viagra,0.0005095610334801,fr,futurama
foncez,0.0005095610334801,fr,futurama
divorcs,0.0005095610334801,fr,futurama
enfui,0.0005095610334801,fr,futurama
calvin,0.0005095610334801,fr,futurama
plouc,0.0005095610334801,fr,futurama
supriorit,0.0005095610334801,fr,futurama
montrant,0.0005095610334801,fr,futurama
abomination,0.0005095610334801,fr,futurama
drober,0.0005095610334801,fr,futurama
sonnette,0.0005095610334801,fr,futurama
cirer,0.0005095610334801,fr,futurama
rcupration,0.0005095610334801,fr,futurama
surcharge,0.0005095610334801,fr,futurama
compote,0.0005095610334801,fr,futurama
aperoi,0.0005095610334801,fr,futurama
rnovation,0.0005095610334801,fr,futurama
nigm,0.0005095610334801,fr,futurama
coupon,0.0005095610334801,fr,futurama
abdomen,0.0005095610334801,fr,futurama
interfre,0.0005095610334801,fr,futurama
tracasse,0.0005095610334801,fr,futurama
kitty,0.0005095610334801,fr,futurama
abdominaux,0.0005095610334801,fr,futurama
articulation,0.0005095610334801,fr,futurama
algorithme,0.0005095610334801,fr,futurama
dstabiliser,0.0005095610334801,fr,futurama
tonton,0.0005095610334801,fr,futurama
barber,0.0005095610334801,fr,futurama
implanter,0.0005095610334801,fr,futurama
peign,0.0005095610334801,fr,futurama
best,0.0005095610334801,fr,futurama
impartial,0.0005095610334801,fr,futurama
truquer,0.0005095610334801,fr,futurama
donnera,0.0005095610334801,fr,futurama
garderie,0.0005095610334801,fr,futurama
envelopper,0.0005095610334801,fr,futurama
turc,0.0005095610334801,fr,futurama
enrayer,0.0005095610334801,fr,futurama
restauration,0.0005095610334801,fr,futurama
russir,0.000505646927134,fr,futurama
apprcier,0.000505646927134,fr,futurama
devai,0.000505646927134,fr,futurama
premier,0.000505646927134,fr,futurama
ressortir,0.000505646927134,fr,futurama
com,0.000505646927134,fr,futurama
foi,0.000505646927134,fr,futurama
prvenir,0.000505646927134,fr,futurama
merveilleusement,0.000503121875818,fr,futurama
grillage,0.000503121875818,fr,futurama
habitat,0.000503121875818,fr,futurama
racial,0.000503121875818,fr,futurama
exil,0.000503121875818,fr,futurama
rapprochs,0.000503121875818,fr,futurama
murphy,0.000503121875818,fr,futurama
surplus,0.000503121875818,fr,futurama
filature,0.000503121875818,fr,futurama
fascin,0.000503121875818,fr,futurama
dtendue,0.000503121875818,fr,futurama
robuste,0.000503121875818,fr,futurama
rise,0.000503121875818,fr,futurama
run,0.000503121875818,fr,futurama
protgera,0.000503121875818,fr,futurama
equipe,0.000503121875818,fr,futurama
ulcre,0.000503121875818,fr,futurama
feuill,0.000503121875818,fr,futurama
villa,0.000503121875818,fr,futurama
spot,0.000503121875818,fr,futurama
dserte,0.000503121875818,fr,futurama
respirateur,0.000503121875818,fr,futurama
profiton,0.000503121875818,fr,futurama
sisme,0.000503121875818,fr,futurama
enlevs,0.000503121875818,fr,futurama
consentant,0.000503121875818,fr,futurama
identifie,0.000503121875818,fr,futurama
mountain,0.000503121875818,fr,futurama
accroc,0.000503121875818,fr,futurama
rongeur,0.000503121875818,fr,futurama
paisseur,0.000503121875818,fr,futurama
triper,0.000503121875818,fr,futurama
famine,0.000503121875818,fr,futurama
fertilit,0.000503121875818,fr,futurama
proverbe,0.000503121875818,fr,futurama
pratiqu,0.000503121875818,fr,futurama
arrts,0.000503121875818,fr,futurama
plasma,0.000503121875818,fr,futurama
anatomie,0.000503121875818,fr,futurama
acharn,0.000503121875818,fr,futurama
rod,0.000503121875818,fr,futurama
off,0.000503121875818,fr,futurama
paragraphe,0.000503121875818,fr,futurama
demandon,0.000503121875818,fr,futurama
eloign,0.000503121875818,fr,futurama
duo,0.000503121875818,fr,futurama
sonore,0.000503121875818,fr,futurama
croustillant,0.000503121875818,fr,futurama
rglage,0.000503121875818,fr,futurama
rebord,0.000503121875818,fr,futurama
rabattre,0.000503121875818,fr,futurama
avantage,0.0005015522366746,fr,futurama
rappelle,0.0005015522366746,fr,futurama
gramme,0.0005015522366746,fr,futurama
paie,0.0005015522366746,fr,futurama
fera,0.0005015522366746,fr,futurama
intention,0.0005015522366746,fr,futurama
alle,0.0004974949411709,fr,futurama
attrap,0.0004974949411709,fr,futurama
gar,0.0004974949411709,fr,futurama
dbarrasser,0.0004974949411709,fr,futurama
emploi,0.0004974949411709,fr,futurama
travaille,0.0004974949411709,fr,futurama
parlon,0.0004974949411709,fr,futurama
aise,0.0004974949411709,fr,futurama
rare,0.0004974949411709,fr,futurama
dbarrasse,0.0004968641272187,fr,futurama
dramatiser,0.0004968641272187,fr,futurama
compartiment,0.0004968641272187,fr,futurama
pepperoni,0.0004968641272187,fr,futurama
biographie,0.0004968641272187,fr,futurama
close,0.0004968641272187,fr,futurama
lobe,0.0004968641272187,fr,futurama
gibson,0.0004968641272187,fr,futurama
extrait,0.0004968641272187,fr,futurama
stratgiqu,0.0004968641272187,fr,futurama
tch,0.0004968641272187,fr,futurama
camrer,0.0004968641272187,fr,futurama
dchiquet,0.0004968641272187,fr,futurama
boxe,0.0004968641272187,fr,futurama
ngoci,0.0004968641272187,fr,futurama
ralisation,0.0004968641272187,fr,futurama
log,0.0004968641272187,fr,futurama
confiture,0.0004968641272187,fr,futurama
superstitieux,0.0004968641272187,fr,futurama
vnre,0.0004968641272187,fr,futurama
flatte,0.0004968641272187,fr,futurama
balancez,0.0004968641272187,fr,futurama
publication,0.0004968641272187,fr,futurama
mnagre,0.0004968641272187,fr,futurama
affame,0.0004968641272187,fr,futurama
manuscrit,0.0004968641272187,fr,futurama
temprament,0.0004968641272187,fr,futurama
vinaigre,0.0004968641272187,fr,futurama
sabre,0.0004968641272187,fr,futurama
entorse,0.0004968641272187,fr,futurama
dgonfl,0.0004968641272187,fr,futurama
kiosque,0.0004968641272187,fr,futurama
tablette,0.0004968641272187,fr,futurama
charlotte,0.0004968641272187,fr,futurama
viver,0.0004968641272187,fr,futurama
venin,0.0004968641272187,fr,futurama
jetable,0.0004968641272187,fr,futurama
pessimiste,0.0004968641272187,fr,futurama
courtiser,0.0004968641272187,fr,futurama
nuance,0.0004968641272187,fr,futurama
engloutir,0.0004968641272187,fr,futurama
fortun,0.0004968641272187,fr,futurama
croquer,0.0004968641272187,fr,futurama
tisser,0.0004968641272187,fr,futurama
nageur,0.0004968641272187,fr,futurama
transmettre,0.0004934743637771,fr,futurama
pensai,0.0004934743637771,fr,futurama
fatigue,0.0004934743637771,fr,futurama
vrifi,0.0004934743637771,fr,futurama
fouiller,0.0004934743637771,fr,futurama
astucieux,0.0004907778455403,fr,futurama
biper,0.0004907778455403,fr,futurama
prophte,0.0004907778455403,fr,futurama
bizarrerie,0.0004907778455403,fr,futurama
immunit,0.0004907778455403,fr,futurama
confisquer,0.0004907778455403,fr,futurama
crativit,0.0004907778455403,fr,futurama
dconseille,0.0004907778455403,fr,futurama
spaghetti,0.0004907778455403,fr,futurama
charlatan,0.0004907778455403,fr,futurama
esthtique,0.0004907778455403,fr,futurama
inondation,0.0004907778455403,fr,futurama
hard,0.0004907778455403,fr,futurama
financirement,0.0004907778455403,fr,futurama
serviable,0.0004907778455403,fr,futurama
purifier,0.0004907778455403,fr,futurama
orient,0.0004907778455403,fr,futurama
melisser,0.0004907778455403,fr,futurama
friandise,0.0004907778455403,fr,futurama
potter,0.0004907778455403,fr,futurama
coteux,0.0004907778455403,fr,futurama
crpe,0.0004907778455403,fr,futurama
lord,0.0004907778455403,fr,futurama
fracasser,0.0004907778455403,fr,futurama
dvor,0.0004907778455403,fr,futurama
chauff,0.0004907778455403,fr,futurama
dball,0.0004907778455403,fr,futurama
chargs,0.0004907778455403,fr,futurama
neurone,0.0004907778455403,fr,futurama
nostalgique,0.0004907778455403,fr,futurama
reflte,0.0004907778455403,fr,futurama
abaisser,0.0004907778455403,fr,futurama
melon,0.0004907778455403,fr,futurama
cardiologie,0.0004907778455403,fr,futurama
pudding,0.0004907778455403,fr,futurama
passant,0.0004907778455403,fr,futurama
touristique,0.0004907778455403,fr,futurama
brandir,0.0004907778455403,fr,futurama
exquis,0.0004907778455403,fr,futurama
enfler,0.0004907778455403,fr,futurama
mourrai,0.0004907778455403,fr,futurama
moisissure,0.0004907778455403,fr,futurama
buvon,0.0004907778455403,fr,futurama
enfuie,0.0004907778455403,fr,futurama
extorsion,0.0004907778455403,fr,futurama
patrouill,0.0004907778455403,fr,futurama
lev,0.0004894898458589,fr,futurama
tent,0.0004894898458589,fr,futurama
faut,0.0004894898458589,fr,futurama
commettre,0.0004894898458589,fr,futurama
instinct,0.0004894898458589,fr,futurama
soucier,0.0004855407463463,fr,futurama
confirmer,0.0004855407463463,fr,futurama
comport,0.0004848538842088,fr,futurama
volet,0.0004848538842088,fr,futurama
instantanmer,0.0004848538842088,fr,futurama
microscope,0.0004848538842088,fr,futurama
passagre,0.0004848538842088,fr,futurama
cite,0.0004848538842088,fr,futurama
vaudou,0.0004848538842088,fr,futurama
discrimination,0.0004848538842088,fr,futurama
bnficier,0.0004848538842088,fr,futurama
remboursement,0.0004848538842088,fr,futurama
ramnera,0.0004848538842088,fr,futurama
descendant,0.0004848538842088,fr,futurama
coyote,0.0004848538842088,fr,futurama
croise,0.0004848538842088,fr,futurama
dduit,0.0004848538842088,fr,futurama
renouveler,0.0004848538842088,fr,futurama
sme,0.0004848538842088,fr,futurama
transmetteur,0.0004848538842088,fr,futurama
cachai,0.0004848538842088,fr,futurama
dsormer,0.0004848538842088,fr,futurama
conomise,0.0004848538842088,fr,futurama
baril,0.0004848538842088,fr,futurama
devien,0.0004848538842088,fr,futurama
fabrication,0.0004848538842088,fr,futurama
randall,0.0004848538842088,fr,futurama
cheeseburger,0.0004848538842088,fr,futurama
justesse,0.0004848538842088,fr,futurama
construite,0.0004848538842088,fr,futurama
mditer,0.0004848538842088,fr,futurama
prjug,0.0004848538842088,fr,futurama
malibu,0.0004848538842088,fr,futurama
suc,0.0004848538842088,fr,futurama
fantaisie,0.0004848538842088,fr,futurama
pellicule,0.0004848538842088,fr,futurama
vagabond,0.0004848538842088,fr,futurama
assembl,0.0004848538842088,fr,futurama
externe,0.0004848538842088,fr,futurama
fixation,0.0004848538842088,fr,futurama
essentiellement,0.0004848538842088,fr,futurama
gaufre,0.0004848538842088,fr,futurama
ravage,0.0004848538842088,fr,futurama
sue,0.0004848538842088,fr,futurama
taquin,0.0004848538842088,fr,futurama
cerne,0.0004848538842088,fr,futurama
rput,0.0004848538842088,fr,futurama
rapidement,0.0004816264411141,fr,futurama
trompe,0.0004816264411141,fr,futurama
passage,0.0004816264411141,fr,futurama
photocopie,0.0004790838095374,fr,futurama
rpublique,0.0004790838095374,fr,futurama
assortir,0.0004790838095374,fr,futurama
gnocide,0.0004790838095374,fr,futurama
idiotie,0.0004790838095374,fr,futurama
jackie,0.0004790838095374,fr,futurama
arnaqu,0.0004790838095374,fr,futurama
ventilateur,0.0004790838095374,fr,futurama
gcherer,0.0004790838095374,fr,futurama
bouff,0.0004790838095374,fr,futurama
meeting,0.0004790838095374,fr,futurama
frachement,0.0004790838095374,fr,futurama
dpanner,0.0004790838095374,fr,futurama
mar,0.0004790838095374,fr,futurama
radiquer,0.0004790838095374,fr,futurama
toubib,0.0004790838095374,fr,futurama
rembours,0.0004790838095374,fr,futurama
permanente,0.0004790838095374,fr,futurama
pleurnichard,0.0004790838095374,fr,futurama
sangler,0.0004790838095374,fr,futurama
papi,0.0004790838095374,fr,futurama
irrprochabl,0.0004790838095374,fr,futurama
orthographe,0.0004790838095374,fr,futurama
bide,0.0004790838095374,fr,futurama
puril,0.0004790838095374,fr,futurama
allongez,0.0004790838095374,fr,futurama
except,0.0004790838095374,fr,futurama
hideux,0.0004790838095374,fr,futurama
furie,0.0004790838095374,fr,futurama
labor,0.0004790838095374,fr,futurama
mmoriser,0.0004790838095374,fr,futurama
testostrone,0.0004790838095374,fr,futurama
labyrinthe,0.0004790838095374,fr,futurama
rendon,0.0004790838095374,fr,futurama
vanille,0.0004790838095374,fr,futurama
taulard,0.0004790838095374,fr,futurama
colon,0.0004790838095374,fr,futurama
foireux,0.0004790838095374,fr,futurama
appliqu,0.0004790838095374,fr,futurama
pathtiquer,0.0004790838095374,fr,futurama
contraction,0.0004790838095374,fr,futurama
exploitation,0.0004790838095374,fr,futurama
shampooing,0.0004790838095374,fr,futurama
composant,0.0004790838095374,fr,futurama
entit,0.0004790838095374,fr,futurama
bannir,0.0004790838095374,fr,futurama
mascotte,0.0004790838095374,fr,futurama
eddi,0.0004790838095374,fr,futurama
oprateur,0.0004790838095374,fr,futurama
hritier,0.0004790838095374,fr,futurama
rancard,0.0004790838095374,fr,futurama
menti,0.0004777463223904,fr,futurama
ravi,0.0004777463223904,fr,futurama
allier,0.0004777463223904,fr,futurama
apport,0.0004777463223904,fr,futurama
men,0.0004738997981897,fr,futurama
entr,0.0004738997981897,fr,futurama
cherch,0.0004738997981897,fr,futurama
essaye,0.0004738997981897,fr,futurama
rangement,0.0004734598285148,fr,futurama
administrer,0.0004734598285148,fr,futurama
dbranch,0.0004734598285148,fr,futurama
domin,0.0004734598285148,fr,futurama
malle,0.0004734598285148,fr,futurama
tope,0.0004734598285148,fr,futurama
agonie,0.0004734598285148,fr,futurama
fosse,0.0004734598285148,fr,futurama
elvi,0.0004734598285148,fr,futurama
punch,0.0004734598285148,fr,futurama
symboliser,0.0004734598285148,fr,futurama
hystriqu,0.0004734598285148,fr,futurama
passera,0.0004734598285148,fr,futurama
sacrment,0.0004734598285148,fr,futurama
varit,0.0004734598285148,fr,futurama
acclr,0.0004734598285148,fr,futurama
vigiler,0.0004734598285148,fr,futurama
rocher,0.0004734598285148,fr,futurama
margarita,0.0004734598285148,fr,futurama
duqu,0.0004734598285148,fr,futurama
soigne,0.0004734598285148,fr,futurama
abattu,0.0004734598285148,fr,futurama
succomber,0.0004734598285148,fr,futurama
ponctuel,0.0004734598285148,fr,futurama
ros,0.0004734598285148,fr,futurama
grve,0.0004734598285148,fr,futurama
amendement,0.0004734598285148,fr,futurama
bug,0.0004734598285148,fr,futurama
magner,0.0004734598285148,fr,futurama
perdez,0.0004734598285148,fr,futurama
croque,0.0004734598285148,fr,futurama
ncessairement,0.0004734598285148,fr,futurama
maxi,0.0004734598285148,fr,futurama
lavabo,0.0004734598285148,fr,futurama
sauron,0.0004734598285148,fr,futurama
orchestre,0.0004734598285148,fr,futurama
innocenter,0.0004734598285148,fr,futurama
dbri,0.0004734598285148,fr,futurama
rassembls,0.0004734598285148,fr,futurama
reculer,0.0004700862917713,fr,futurama
grer,0.0004700862917713,fr,futurama
changement,0.0004700862917713,fr,futurama
prsence,0.0004700862917713,fr,futurama
discour,0.0004679747255116,fr,futurama
inimaginable,0.0004679747255116,fr,futurama
dtruise,0.0004679747255116,fr,futurama
dfendue,0.0004679747255116,fr,futurama
affectueux,0.0004679747255116,fr,futurama
affoler,0.0004679747255116,fr,futurama
dpchon,0.0004679747255116,fr,futurama
ressent,0.0004679747255116,fr,futurama
commencent,0.0004679747255116,fr,futurama
rcompenser,0.0004679747255116,fr,futurama
pardonne,0.0004679747255116,fr,futurama
popcorn,0.0004679747255116,fr,futurama
prudemment,0.0004679747255116,fr,futurama
primordial,0.0004679747255116,fr,futurama
septime,0.0004679747255116,fr,futurama
lise,0.0004679747255116,fr,futurama
pav,0.0004679747255116,fr,futurama
wagon,0.0004679747255116,fr,futurama
miteux,0.0004679747255116,fr,futurama
dcontract,0.0004679747255116,fr,futurama
meurtrir,0.0004679747255116,fr,futurama
tatouer,0.0004679747255116,fr,futurama
permettra,0.0004679747255116,fr,futurama
dgrader,0.0004679747255116,fr,futurama
dvouement,0.0004679747255116,fr,futurama
carrefour,0.0004679747255116,fr,futurama
dfer,0.0004679747255116,fr,futurama
complter,0.0004679747255116,fr,futurama
rapidit,0.0004679747255116,fr,futurama
cascade,0.0004679747255116,fr,futurama
paranoaque,0.0004679747255116,fr,futurama
rachet,0.0004679747255116,fr,futurama
dni,0.0004679747255116,fr,futurama
pauvret,0.0004679747255116,fr,futurama
prlever,0.0004679747255116,fr,futurama
vad,0.0004679747255116,fr,futurama
dress,0.0004679747255116,fr,futurama
ensoleill,0.0004679747255116,fr,futurama
altitude,0.0004679747255116,fr,futurama
situ,0.0004679747255116,fr,futurama
partisan,0.0004679747255116,fr,futurama
pate,0.0004679747255116,fr,futurama
berger,0.0004679747255116,fr,futurama
gazon,0.0004679747255116,fr,futurama
prolong,0.0004679747255116,fr,futurama
rgulire,0.0004679747255116,fr,futurama
accumuler,0.0004679747255116,fr,futurama
tambour,0.0004679747255116,fr,futurama
crbrale,0.0004679747255116,fr,futurama
town,0.0004679747255116,fr,futurama
plais,0.0004679747255116,fr,futurama
dmoniaque,0.0004679747255116,fr,futurama
charitable,0.0004679747255116,fr,futurama
vibrer,0.0004679747255116,fr,futurama
supporter,0.0004663052411202,fr,futurama
dvore,0.0004626218066153,fr,futurama
filon,0.0004626218066153,fr,futurama
gordon,0.0004626218066153,fr,futurama
ramnerai,0.0004626218066153,fr,futurama
zapper,0.0004626218066153,fr,futurama
lawrence,0.0004626218066153,fr,futurama
old,0.0004626218066153,fr,futurama
illuminer,0.0004626218066153,fr,futurama
char,0.0004626218066153,fr,futurama
disparai,0.0004626218066153,fr,futurama
infaillible,0.0004626218066153,fr,futurama
extrm,0.0004626218066153,fr,futurama
saumon,0.0004626218066153,fr,futurama
sabotage,0.0004626218066153,fr,futurama
semelle,0.0004626218066153,fr,futurama
carnage,0.0004626218066153,fr,futurama
cornichon,0.0004626218066153,fr,futurama
moulin,0.0004626218066153,fr,futurama
cramer,0.0004626218066153,fr,futurama
bronz,0.0004626218066153,fr,futurama
connor,0.0004626218066153,fr,futurama
sex,0.0004626218066153,fr,futurama
librerer,0.0004626218066153,fr,futurama
tirage,0.0004626218066153,fr,futurama
toutefois,0.0004626218066153,fr,futurama
lingerie,0.0004626218066153,fr,futurama
dlibrment,0.0004626218066153,fr,futurama
demeur,0.0004626218066153,fr,futurama
boulevard,0.0004626218066153,fr,futurama
rac,0.0004626218066153,fr,futurama
ardent,0.0004626218066153,fr,futurama
maturit,0.0004626218066153,fr,futurama
remonte,0.0004626218066153,fr,futurama
refair,0.0004626218066153,fr,futurama
pole,0.0004626218066153,fr,futurama
clbr,0.0004626218066153,fr,futurama
tournevis,0.0004626218066153,fr,futurama
sucr,0.0004626218066153,fr,futurama
chapperer,0.0004626218066153,fr,futurama
cocer,0.0004626218066153,fr,futurama
murmurer,0.0004626218066153,fr,futurama
enrag,0.0004626218066153,fr,futurama
paternit,0.0004626218066153,fr,futurama
inhumain,0.0004626218066153,fr,futurama
papy,0.0004626218066153,fr,futurama
tousser,0.0004626218066153,fr,futurama
mutil,0.0004626218066153,fr,futurama
comprim,0.0004626218066153,fr,futurama
tiqueter,0.0004626218066153,fr,futurama
chapitrer,0.0004626218066153,fr,futurama
recoller,0.0004626218066153,fr,futurama
inspect,0.0004626218066153,fr,futurama
surprendre,0.0004625560984498,fr,futurama
convaincre,0.0004625560984498,fr,futurama
tape,0.000458838329726,fr,futurama
ipod,0.0004573948505151,fr,futurama
juan,0.0004573948505151,fr,futurama
mprise,0.0004573948505151,fr,futurama
beurk,0.0004573948505151,fr,futurama
devinette,0.0004573948505151,fr,futurama
gob,0.0004573948505151,fr,futurama
autoriss,0.0004573948505151,fr,futurama
cambrioleur,0.0004573948505151,fr,futurama
chapelle,0.0004573948505151,fr,futurama
palette,0.0004573948505151,fr,futurama
mystrieus,0.0004573948505151,fr,futurama
plaquer,0.0004573948505151,fr,futurama
cellulaire,0.0004573948505151,fr,futurama
vachement,0.0004573948505151,fr,futurama
chtiment,0.0004573948505151,fr,futurama
nasa,0.0004573948505151,fr,futurama
couvercle,0.0004573948505151,fr,futurama
pier,0.0004573948505151,fr,futurama
virs,0.0004573948505151,fr,futurama
intrigue,0.0004573948505151,fr,futurama
bouch,0.0004573948505151,fr,futurama
nomme,0.0004573948505151,fr,futurama
annule,0.0004573948505151,fr,futurama
attitud,0.0004573948505151,fr,futurama
clan,0.0004573948505151,fr,futurama
salement,0.0004573948505151,fr,futurama
dlicate,0.0004573948505151,fr,futurama
rsurrection,0.0004573948505151,fr,futurama
tonnamment,0.0004573948505151,fr,futurama
dconnect,0.0004573948505151,fr,futurama
surcharg,0.0004573948505151,fr,futurama
barge,0.0004573948505151,fr,futurama
relatif,0.0004573948505151,fr,futurama
cligner,0.0004573948505151,fr,futurama
inconfortable,0.0004573948505151,fr,futurama
game,0.0004522880650345,fr,futurama
disputs,0.0004522880650345,fr,futurama
coopre,0.0004522880650345,fr,futurama
lewi,0.0004522880650345,fr,futurama
acolyte,0.0004522880650345,fr,futurama
levier,0.0004522880650345,fr,futurama
copi,0.0004522880650345,fr,futurama
crirer,0.0004522880650345,fr,futurama
judicieux,0.0004522880650345,fr,futurama
trafiquer,0.0004522880650345,fr,futurama
grange,0.0004522880650345,fr,futurama
raccourcir,0.0004522880650345,fr,futurama
ventualit,0.0004522880650345,fr,futurama
tiron,0.0004522880650345,fr,futurama
mfie,0.0004522880650345,fr,futurama
trappe,0.0004522880650345,fr,futurama
bander,0.0004522880650345,fr,futurama
grouiller,0.0004522880650345,fr,futurama
peintre,0.0004522880650345,fr,futurama
scan,0.0004522880650345,fr,futurama
dmoli,0.0004522880650345,fr,futurama
dfaillance,0.0004522880650345,fr,futurama
jer,0.0004522880650345,fr,futurama
catastrophique,0.0004522880650345,fr,futurama
immoral,0.0004522880650345,fr,futurama
doc,0.0004522880650345,fr,futurama
dsesprs,0.0004522880650345,fr,futurama
oubliez,0.0004522880650345,fr,futurama
dangereu,0.0004522880650345,fr,futurama
ascension,0.0004522880650345,fr,futurama
rduir,0.0004522880650345,fr,futurama
jogging,0.0004522880650345,fr,futurama
pin,0.0004522880650345,fr,futurama
gouverne,0.0004522880650345,fr,futurama
iceberg,0.0004522880650345,fr,futurama
garden,0.0004522880650345,fr,futurama
satisfaisant,0.0004522880650345,fr,futurama
gur,0.0004522880650345,fr,futurama
reproduction,0.0004522880650345,fr,futurama
nave,0.0004522880650345,fr,futurama
fminine,0.0004522880650345,fr,futurama
confisqu,0.0004522880650345,fr,futurama
stagiaire,0.0004522880650345,fr,futurama
container,0.0004522880650345,fr,futurama
figurine,0.0004522880650345,fr,futurama
dpourvu,0.0004522880650345,fr,futurama
sparez,0.0004522880650345,fr,futurama
marketing,0.0004522880650345,fr,futurama
propager,0.0004522880650345,fr,futurama
russisse,0.0004522880650345,fr,futurama
gueuler,0.0004522880650345,fr,futurama
strode,0.0004522880650345,fr,futurama
tente,0.0004522880650345,fr,futurama
contact,0.0004478681237198,fr,futurama
gaffe,0.0004472960485489,fr,futurama
horriblemer,0.0004472960485489,fr,futurama
mnager,0.0004472960485489,fr,futurama
reprsaille,0.0004472960485489,fr,futurama
symbolique,0.0004472960485489,fr,futurama
attendon,0.0004472960485489,fr,futurama
dfaire,0.0004472960485489,fr,futurama
bourbon,0.0004472960485489,fr,futurama
induire,0.0004472960485489,fr,futurama
rduirer,0.0004472960485489,fr,futurama
ngligent,0.0004472960485489,fr,futurama
brlerer,0.0004472960485489,fr,futurama
emprisonner,0.0004472960485489,fr,futurama
sordide,0.0004472960485489,fr,futurama
ouragan,0.0004472960485489,fr,futurama
souvenez,0.0004472960485489,fr,futurama
join,0.0004472960485489,fr,futurama
qualification,0.0004472960485489,fr,futurama
ner,0.0004472960485489,fr,futurama
allion,0.0004472960485489,fr,futurama
pine,0.0004472960485489,fr,futurama
somnifre,0.0004472960485489,fr,futurama
sacrmer,0.0004472960485489,fr,futurama
portion,0.0004472960485489,fr,futurama
madison,0.0004472960485489,fr,futurama
tton,0.0004472960485489,fr,futurama
embterer,0.0004472960485489,fr,futurama
serviteur,0.0004472960485489,fr,futurama
rponds,0.0004472960485489,fr,futurama
extension,0.0004472960485489,fr,futurama
dot,0.0004472960485489,fr,futurama
cuve,0.0004472960485489,fr,futurama
perruque,0.0004472960485489,fr,futurama
larbin,0.0004472960485489,fr,futurama
architecture,0.0004472960485489,fr,futurama
poivre,0.0004472960485489,fr,futurama
forer,0.0004472960485489,fr,futurama
naf,0.0004472960485489,fr,futurama
dcompresser,0.0004472960485489,fr,futurama
variable,0.0004472960485489,fr,futurama
esprance,0.0004472960485489,fr,futurama
pirater,0.0004472960485489,fr,futurama
improvis,0.0004472960485489,fr,futurama
vex,0.0004472960485489,fr,futurama
baraque,0.0004424137556442,fr,futurama
rcolt,0.0004424137556442,fr,futurama
prvoi,0.0004424137556442,fr,futurama
comptent,0.0004424137556442,fr,futurama
collant,0.0004424137556442,fr,futurama
kidnappeur,0.0004424137556442,fr,futurama
arrterai,0.0004424137556442,fr,futurama
fugu,0.0004424137556442,fr,futurama
masser,0.0004424137556442,fr,futurama
taureau,0.0004424137556442,fr,futurama
participation,0.0004424137556442,fr,futurama
tabass,0.0004424137556442,fr,futurama
prostitution,0.0004424137556442,fr,futurama
rchauffe,0.0004424137556442,fr,futurama
reoi,0.0004424137556442,fr,futurama
refiler,0.0004424137556442,fr,futurama
vcue,0.0004424137556442,fr,futurama
beverly,0.0004424137556442,fr,futurama
blog,0.0004424137556442,fr,futurama
julia,0.0004424137556442,fr,futurama
voqu,0.0004424137556442,fr,futurama
dcence,0.0004424137556442,fr,futurama
saign,0.0004424137556442,fr,futurama
ordur,0.0004424137556442,fr,futurama
coutume,0.0004424137556442,fr,futurama
terrifiant,0.0004424137556442,fr,futurama
ronfler,0.0004424137556442,fr,futurama
mouille,0.0004424137556442,fr,futurama
achev,0.0004424137556442,fr,futurama
retrouvaille,0.0004424137556442,fr,futurama
mickey,0.0004424137556442,fr,futurama
illimit,0.0004424137556442,fr,futurama
scalpel,0.0004424137556442,fr,futurama
souffl,0.0004424137556442,fr,futurama
ventuellement,0.0004424137556442,fr,futurama
caramel,0.0004424137556442,fr,futurama
will,0.0004424137556442,fr,futurama
secte,0.0004424137556442,fr,futurama
dresse,0.0004424137556442,fr,futurama
rite,0.0004424137556442,fr,futurama
dduis,0.0004424137556442,fr,futurama
drew,0.0004424137556442,fr,futurama
trouvent,0.0004424137556442,fr,futurama
ternelle,0.0004424137556442,fr,futurama
buvai,0.0004424137556442,fr,futurama
tiquette,0.0004376364664687,fr,futurama
out,0.0004376364664687,fr,futurama
mascarade,0.0004376364664687,fr,futurama
moule,0.0004376364664687,fr,futurama
finit,0.0004376364664687,fr,futurama
manier,0.0004376364664687,fr,futurama
immature,0.0004376364664687,fr,futurama
imprim,0.0004376364664687,fr,futurama
chappatoire,0.0004376364664687,fr,futurama
cartouche,0.0004376364664687,fr,futurama
queen,0.0004376364664687,fr,futurama
dterrer,0.0004376364664687,fr,futurama
robinet,0.0004376364664687,fr,futurama
diagnostiqu,0.0004376364664687,fr,futurama
irrsistibl,0.0004376364664687,fr,futurama
caritatif,0.0004376364664687,fr,futurama
peler,0.0004376364664687,fr,futurama
monstrueux,0.0004376364664687,fr,futurama
muscl,0.0004376364664687,fr,futurama
collaborer,0.0004376364664687,fr,futurama
rtro,0.0004376364664687,fr,futurama
conservateur,0.0004376364664687,fr,futurama
virage,0.0004376364664687,fr,futurama
nette,0.0004376364664687,fr,futurama
prvois,0.0004376364664687,fr,futurama
insomnie,0.0004376364664687,fr,futurama
hallucine,0.0004376364664687,fr,futurama
essuyer,0.0004376364664687,fr,futurama
pni,0.0004376364664687,fr,futurama
report,0.0004376364664687,fr,futurama
involontaire,0.0004376364664687,fr,futurama
dtecte,0.0004376364664687,fr,futurama
biblique,0.0004376364664687,fr,futurama
autorise,0.0004376364664687,fr,futurama
inflig,0.000432959759312,fr,futurama
malfiqu,0.000432959759312,fr,futurama
consulte,0.000432959759312,fr,futurama
atmosphr,0.000432959759312,fr,futurama
heurter,0.000432959759312,fr,futurama
cindy,0.000432959759312,fr,futurama
funbre,0.000432959759312,fr,futurama
chronique,0.000432959759312,fr,futurama
inaccessible,0.000432959759312,fr,futurama
sublime,0.000432959759312,fr,futurama
lustre,0.000432959759312,fr,futurama
tricheur,0.000432959759312,fr,futurama
exhiber,0.000432959759312,fr,futurama
conomis,0.000432959759312,fr,futurama
cuit,0.000432959759312,fr,futurama
galer,0.000432959759312,fr,futurama
lsion,0.000432959759312,fr,futurama
critre,0.000432959759312,fr,futurama
perception,0.000432959759312,fr,futurama
costard,0.000432959759312,fr,futurama
gteal,0.000432959759312,fr,futurama
ivresse,0.000432959759312,fr,futurama
confirme,0.000432959759312,fr,futurama
model,0.000432959759312,fr,futurama
querelle,0.000432959759312,fr,futurama
dbrancher,0.000432959759312,fr,futurama
persuasif,0.000432959759312,fr,futurama
intressent,0.000432959759312,fr,futurama
romo,0.000432959759312,fr,futurama
franais,0.000432959759312,fr,futurama
interrupteur,0.000432959759312,fr,futurama
yaourt,0.0004283794860119,fr,futurama
contempler,0.0004283794860119,fr,futurama
presss,0.0004283794860119,fr,futurama
balcon,0.0004283794860119,fr,futurama
parachute,0.0004283794860119,fr,futurama
drouter,0.0004283794860119,fr,futurama
ride,0.0004283794860119,fr,futurama
maggie,0.0004283794860119,fr,futurama
restant,0.0004283794860119,fr,futurama
boulet,0.0004283794860119,fr,futurama
sammy,0.0004283794860119,fr,futurama
enchaner,0.0004283794860119,fr,futurama
oregon,0.0004283794860119,fr,futurama
hybride,0.0004283794860119,fr,futurama
appartien,0.0004283794860119,fr,futurama
todd,0.0004283794860119,fr,futurama
souponner,0.0004283794860119,fr,futurama
remplaant,0.0004283794860119,fr,futurama
dicter,0.0004283794860119,fr,futurama
naviguer,0.0004283794860119,fr,futurama
unie,0.0004283794860119,fr,futurama
inde,0.0004283794860119,fr,futurama
tuerai,0.0004283794860119,fr,futurama
shakespeare,0.0004283794860119,fr,futurama
climat,0.0004283794860119,fr,futurama
puits,0.0004283794860119,fr,futurama
diffrencier,0.0004283794860119,fr,futurama
juridiction,0.0004283794860119,fr,futurama
cooper,0.0004283794860119,fr,futurama
prcieuse,0.0004283794860119,fr,futurama
puni,0.0004283794860119,fr,futurama
river,0.0004283794860119,fr,futurama
provoque,0.0004283794860119,fr,futurama
guet,0.0004283794860119,fr,futurama
age,0.0004283794860119,fr,futurama
convoquer,0.0004283794860119,fr,futurama
coquipier,0.0004283794860119,fr,futurama
martha,0.0004283794860119,fr,futurama
rhum,0.0004283794860119,fr,futurama
checs,0.0004283794860119,fr,futurama
pognon,0.0004283794860119,fr,futurama
logo,0.0004283794860119,fr,futurama
penche,0.0004238917498449,fr,futurama
teaseus,0.0004238917498449,fr,futurama
sperme,0.0004238917498449,fr,futurama
surf,0.0004238917498449,fr,futurama
profession,0.0004238917498449,fr,futurama
cambrioler,0.0004238917498449,fr,futurama
evidemmer,0.0004238917498449,fr,futurama
troublant,0.0004238917498449,fr,futurama
armure,0.0004238917498449,fr,futurama
pque,0.0004238917498449,fr,futurama
bnvole,0.0004238917498449,fr,futurama
caresser,0.0004238917498449,fr,futurama
yeah,0.0004238917498449,fr,futurama
impitoyable,0.0004238917498449,fr,futurama
taco,0.0004238917498449,fr,futurama
rcompen,0.0004238917498449,fr,futurama
mystrieuse,0.0004238917498449,fr,futurama
hautement,0.0004238917498449,fr,futurama
regrouper,0.0004238917498449,fr,futurama
caser,0.0004238917498449,fr,futurama
charpe,0.0004238917498449,fr,futurama
maximal,0.0004238917498449,fr,futurama
prcd,0.0004238917498449,fr,futurama
mallette,0.0004238917498449,fr,futurama
arrache,0.0004238917498449,fr,futurama
styl,0.0004238917498449,fr,futurama
barry,0.0004238917498449,fr,futurama
diteur,0.0004238917498449,fr,futurama
alice,0.0004238917498449,fr,futurama
mijoter,0.0004238917498449,fr,futurama
cuivre,0.0004238917498449,fr,futurama
touchez,0.0004238917498449,fr,futurama
littrature,0.0004238917498449,fr,futurama
placement,0.0004238917498449,fr,futurama
benne,0.0004238917498449,fr,futurama
implorer,0.0004238917498449,fr,futurama
gouvernemental,0.0004238917498449,fr,futurama
effectu,0.0004238917498449,fr,futurama
spontan,0.0004238917498449,fr,futurama
carbone,0.0004238917498449,fr,futurama
jugemer,0.0004238917498449,fr,futurama
rejouer,0.0004194928856075,fr,futurama
expdition,0.0004194928856075,fr,futurama
improbable,0.0004194928856075,fr,futurama
tokyo,0.0004194928856075,fr,futurama
mourra,0.0004194928856075,fr,futurama
mcher,0.0004194928856075,fr,futurama
retraire,0.0004194928856075,fr,futurama
canne,0.0004194928856075,fr,futurama
cargaison,0.0004194928856075,fr,futurama
secourir,0.0004194928856075,fr,futurama
inconvnient,0.0004194928856075,fr,futurama
abmer,0.0004194928856075,fr,futurama
compagne,0.0004194928856075,fr,futurama
trne,0.0004194928856075,fr,futurama
manipule,0.0004194928856075,fr,futurama
forcmer,0.0004194928856075,fr,futurama
bave,0.0004194928856075,fr,futurama
ciao,0.0004194928856075,fr,futurama
sexuellemer,0.0004194928856075,fr,futurama
gymnase,0.0004194928856075,fr,futurama
brche,0.0004194928856075,fr,futurama
tentation,0.0004194928856075,fr,futurama
rviser,0.0004194928856075,fr,futurama
associe,0.0004194928856075,fr,futurama
betty,0.0004194928856075,fr,futurama
fast,0.0004194928856075,fr,futurama
bay,0.0004194928856075,fr,futurama
christ,0.0004194928856075,fr,futurama
plausible,0.0004194928856075,fr,futurama
concevoir,0.0004194928856075,fr,futurama
hsitation,0.0004194928856075,fr,futurama
repeindre,0.0004194928856075,fr,futurama
librairie,0.0004194928856075,fr,futurama
dmer,0.0004194928856075,fr,futurama
moniteur,0.0004194928856075,fr,futurama
aidera,0.0004194928856075,fr,futurama
approbation,0.0004194928856075,fr,futurama
achterai,0.0004194928856075,fr,futurama
coton,0.0004151794416307,fr,futurama
trafiqu,0.0004151794416307,fr,futurama
plair,0.0004151794416307,fr,futurama
tabac,0.0004151794416307,fr,futurama
rouill,0.0004151794416307,fr,futurama
impulsion,0.0004151794416307,fr,futurama
emprise,0.0004151794416307,fr,futurama
cherchon,0.0004151794416307,fr,futurama
prtentieux,0.0004151794416307,fr,futurama
insinue,0.0004151794416307,fr,futurama
arrtier,0.0004151794416307,fr,futurama
brut,0.0004151794416307,fr,futurama
exigence,0.0004151794416307,fr,futurama
stocker,0.0004151794416307,fr,futurama
confidence,0.0004151794416307,fr,futurama
cureuil,0.0004151794416307,fr,futurama
prcipit,0.0004151794416307,fr,futurama
agitation,0.0004151794416307,fr,futurama
prototype,0.0004151794416307,fr,futurama
roche,0.0004151794416307,fr,futurama
dpendance,0.0004151794416307,fr,futurama
tolre,0.0004151794416307,fr,futurama
dissiper,0.0004151794416307,fr,futurama
allure,0.0004151794416307,fr,futurama
moralit,0.0004151794416307,fr,futurama
repaire,0.0004151794416307,fr,futurama
chope,0.0004151794416307,fr,futurama
domicil,0.0004151794416307,fr,futurama
brouill,0.0004151794416307,fr,futurama
candidature,0.0004151794416307,fr,futurama
messe,0.0004109481635083,fr,futurama
ultra,0.0004109481635083,fr,futurama
rpandu,0.0004109481635083,fr,futurama
berceau,0.0004109481635083,fr,futurama
pidmie,0.0004109481635083,fr,futurama
hausse,0.0004109481635083,fr,futurama
bridge,0.0004109481635083,fr,futurama
froc,0.0004109481635083,fr,futurama
missaire,0.0004109481635083,fr,futurama
appellera,0.0004109481635083,fr,futurama
inaperu,0.0004109481635083,fr,futurama
desse,0.0004109481635083,fr,futurama
pressentimer,0.0004109481635083,fr,futurama
bott,0.0004109481635083,fr,futurama
ballade,0.0004109481635083,fr,futurama
sduit,0.0004109481635083,fr,futurama
quivalent,0.0004109481635083,fr,futurama
bnfiqu,0.0004109481635083,fr,futurama
inject,0.0004109481635083,fr,futurama
baratin,0.0004109481635083,fr,futurama
reprenon,0.0004109481635083,fr,futurama
obi,0.0004109481635083,fr,futurama
stewart,0.0004109481635083,fr,futurama
tailler,0.0004109481635083,fr,futurama
raccourci,0.0004109481635083,fr,futurama
beth,0.0004109481635083,fr,futurama
audio,0.0004109481635083,fr,futurama
paysage,0.0004109481635083,fr,futurama
doug,0.0004109481635083,fr,futurama
mollo,0.0004109481635083,fr,futurama
dco,0.0004109481635083,fr,futurama
tic,0.0004109481635083,fr,futurama
lverer,0.0004109481635083,fr,futurama
douane,0.0004109481635083,fr,futurama
tracasser,0.0004109481635083,fr,futurama
foul,0.0004109481635083,fr,futurama
greg,0.0004109481635083,fr,futurama
dispos,0.0004067959793462,fr,futurama
matthew,0.0004067959793462,fr,futurama
achever,0.0004067959793462,fr,futurama
couvr,0.0004067959793462,fr,futurama
natre,0.0004067959793462,fr,futurama
semblable,0.0004067959793462,fr,futurama
banni,0.0004067959793462,fr,futurama
assign,0.0004067959793462,fr,futurama
maintenance,0.0004067959793462,fr,futurama
trve,0.0004067959793462,fr,futurama
alimenter,0.0004067959793462,fr,futurama
came,0.0004067959793462,fr,futurama
bousculer,0.0004067959793462,fr,futurama
anomalie,0.0004067959793462,fr,futurama
seau,0.0004067959793462,fr,futurama
ignorance,0.0004067959793462,fr,futurama
blaguer,0.0004067959793462,fr,futurama
cingle,0.0004067959793462,fr,futurama
artistique,0.0004067959793462,fr,futurama
mineure,0.0004067959793462,fr,futurama
hirarchie,0.0004067959793462,fr,futurama
ressemblance,0.0004067959793462,fr,futurama
dilemme,0.0004067959793462,fr,futurama
endur,0.0004067959793462,fr,futurama
sceptique,0.0004067959793462,fr,futurama
terrer,0.0004067959793462,fr,futurama
amnsie,0.0004067959793462,fr,futurama
omelette,0.0004067959793462,fr,futurama
sdf,0.0004067959793462,fr,futurama
croie,0.0004067959793462,fr,futurama
accouche,0.0004067959793462,fr,futurama
pleinement,0.0004067959793462,fr,futurama
teint,0.0004067959793462,fr,futurama
perdra,0.0004027199863647,fr,futurama
gardon,0.0004027199863647,fr,futurama
triche,0.0004027199863647,fr,futurama
clope,0.0004027199863647,fr,futurama
jean,0.0004027199863647,fr,futurama
fumeur,0.0004027199863647,fr,futurama
trangler,0.0004027199863647,fr,futurama
trentaine,0.0004027199863647,fr,futurama
apprte,0.0004027199863647,fr,futurama
dtendu,0.0004027199863647,fr,futurama
admirateur,0.0004027199863647,fr,futurama
favorite,0.0004027199863647,fr,futurama
enseignement,0.0004027199863647,fr,futurama
locataire,0.0004027199863647,fr,futurama
voyageur,0.0004027199863647,fr,futurama
gaze,0.0004027199863647,fr,futurama
chop,0.0004027199863647,fr,futurama
reli,0.0004027199863647,fr,futurama
fidle,0.0004027199863647,fr,futurama
continent,0.0004027199863647,fr,futurama
restera,0.0004027199863647,fr,futurama
oup,0.0004027199863647,fr,futurama
roux,0.0004027199863647,fr,futurama
vgtarien,0.0004027199863647,fr,futurama
enflammer,0.0004027199863647,fr,futurama
emballage,0.0004027199863647,fr,futurama
slection,0.0004027199863647,fr,futurama
inconscient,0.0004027199863647,fr,futurama
rpand,0.0004027199863647,fr,futurama
propose,0.0003987174387086,fr,futurama
carreau,0.0003987174387086,fr,futurama
intermdiaire,0.0003987174387086,fr,futurama
omettre,0.0003987174387086,fr,futurama
tatou,0.0003987174387086,fr,futurama
quitabl,0.0003987174387086,fr,futurama
promne,0.0003987174387086,fr,futurama
voluer,0.0003987174387086,fr,futurama
investisseur,0.0003987174387086,fr,futurama
rgne,0.0003987174387086,fr,futurama
gnrosit,0.0003987174387086,fr,futurama
envoyez,0.0003987174387086,fr,futurama
attaqus,0.0003987174387086,fr,futurama
trainer,0.0003987174387086,fr,futurama
crue,0.0003987174387086,fr,futurama
croyant,0.0003987174387086,fr,futurama
protester,0.0003987174387086,fr,futurama
branle,0.0003987174387086,fr,futurama
antiquit,0.0003987174387086,fr,futurama
poisse,0.0003987174387086,fr,futurama
lesbien,0.0003987174387086,fr,futurama
photographie,0.0003987174387086,fr,futurama
rabaisser,0.0003987174387086,fr,futurama
abme,0.0003987174387086,fr,futurama
commotion,0.0003987174387086,fr,futurama
sean,0.0003987174387086,fr,futurama
chi,0.0003987174387086,fr,futurama
producteur,0.0003987174387086,fr,futurama
fun,0.0003987174387086,fr,futurama
braqu,0.0003987174387086,fr,futurama
rendormir,0.0003987174387086,fr,futurama
spcifiqu,0.0003987174387086,fr,futurama
charle,0.0003987174387086,fr,futurama
digital,0.0003987174387086,fr,futurama
immiscer,0.0003987174387086,fr,futurama
prenai,0.0003987174387086,fr,futurama
loisir,0.0003947857363363,fr,futurama
mate,0.0003947857363363,fr,futurama
cal,0.0003947857363363,fr,futurama
merdier,0.0003947857363363,fr,futurama
provoqu,0.0003947857363363,fr,futurama
cafine,0.0003947857363363,fr,futurama
succs,0.0003947857363363,fr,futurama
impeccable,0.0003947857363363,fr,futurama
chaton,0.0003947857363363,fr,futurama
dfender,0.0003947857363363,fr,futurama
lchez,0.0003947857363363,fr,futurama
sensibilit,0.0003947857363363,fr,futurama
limousine,0.0003947857363363,fr,futurama
emprisonn,0.0003947857363363,fr,futurama
fourr,0.0003947857363363,fr,futurama
utiliss,0.0003947857363363,fr,futurama
gratuite,0.0003947857363363,fr,futurama
geek,0.0003947857363363,fr,futurama
consommation,0.0003947857363363,fr,futurama
revolver,0.0003947857363363,fr,futurama
divertir,0.0003947857363363,fr,futurama
attribuer,0.0003947857363363,fr,futurama
semestre,0.0003947857363363,fr,futurama
home,0.0003947857363363,fr,futurama
contamin,0.0003947857363363,fr,futurama
neutraliser,0.0003947857363363,fr,futurama
miami,0.0003947857363363,fr,futurama
dissimuler,0.0003947857363363,fr,futurama
rendra,0.0003947857363363,fr,futurama
elizabeth,0.0003947857363363,fr,futurama
squelette,0.0003947857363363,fr,futurama
cavale,0.0003947857363363,fr,futurama
rapproche,0.000390922414874,fr,futurama
laisserai,0.000390922414874,fr,futurama
estimation,0.000390922414874,fr,futurama
fume,0.000390922414874,fr,futurama
spectateur,0.000390922414874,fr,futurama
enquteur,0.000390922414874,fr,futurama
seringue,0.000390922414874,fr,futurama
isole,0.000390922414874,fr,futurama
pleurnicher,0.000390922414874,fr,futurama
kidnapping,0.000390922414874,fr,futurama
regrettera,0.000390922414874,fr,futurama
born,0.000390922414874,fr,futurama
pancake,0.000390922414874,fr,futurama
correspondance,0.000390922414874,fr,futurama
opre,0.000390922414874,fr,futurama
annuaire,0.000390922414874,fr,futurama
jeff,0.000390922414874,fr,futurama
caftria,0.000390922414874,fr,futurama
ajuster,0.000390922414874,fr,futurama
constituer,0.000390922414874,fr,futurama
rsolution,0.000390922414874,fr,futurama
provision,0.000390922414874,fr,futurama
stupidit,0.000390922414874,fr,futurama
hilarer,0.000390922414874,fr,futurama
discrtement,0.000390922414874,fr,futurama
pete,0.000390922414874,fr,futurama
entourage,0.000390922414874,fr,futurama
facilit,0.000390922414874,fr,futurama
consquent,0.000390922414874,fr,futurama
nazi,0.0003871251363393,fr,futurama
salive,0.0003871251363393,fr,futurama
impts,0.0003871251363393,fr,futurama
htesse,0.0003871251363393,fr,futurama
facult,0.0003871251363393,fr,futurama
interprtation,0.0003871251363393,fr,futurama
maniaque,0.0003871251363393,fr,futurama
barrage,0.0003871251363393,fr,futurama
assure,0.0003871251363393,fr,futurama
imprvu,0.0003871251363393,fr,futurama
fonctionnement,0.0003871251363393,fr,futurama
glaon,0.0003871251363393,fr,futurama
repouss,0.0003871251363393,fr,futurama
employe,0.0003871251363393,fr,futurama
harcle,0.0003871251363393,fr,futurama
light,0.0003871251363393,fr,futurama
rciproque,0.0003871251363393,fr,futurama
certificat,0.0003871251363393,fr,futurama
bavarder,0.0003871251363393,fr,futurama
inclus,0.0003871251363393,fr,futurama
motionnellement,0.0003871251363393,fr,futurama
froide,0.0003871251363393,fr,futurama
entretuer,0.0003871251363393,fr,futurama
diffremment,0.0003871251363393,fr,futurama
coach,0.0003871251363393,fr,futurama
humili,0.0003871251363393,fr,futurama
discrte,0.0003871251363393,fr,futurama
indispensable,0.0003871251363393,fr,futurama
amlioration,0.0003871251363393,fr,futurama
gonfl,0.0003871251363393,fr,futurama
deviendra,0.0003871251363393,fr,futurama
partiel,0.0003871251363393,fr,futurama
misre,0.0003871251363393,fr,futurama
morceal,0.0003871251363393,fr,futurama
rpliqu,0.0003871251363393,fr,futurama
interdi,0.0003871251363393,fr,futurama
accomplie,0.0003871251363393,fr,futurama
muffin,0.0003871251363393,fr,futurama
pli,0.0003833916806422,fr,futurama
brown,0.0003833916806422,fr,futurama
snateur,0.0003833916806422,fr,futurama
pcheur,0.0003833916806422,fr,futurama
dormant,0.0003833916806422,fr,futurama
institution,0.0003833916806422,fr,futurama
dborde,0.0003833916806422,fr,futurama
ranon,0.0003833916806422,fr,futurama
dmission,0.0003833916806422,fr,futurama
robert,0.0003833916806422,fr,futurama
prcdente,0.0003833916806422,fr,futurama
rjoui,0.0003833916806422,fr,futurama
sauvez,0.0003833916806422,fr,futurama
enfonce,0.0003833916806422,fr,futurama
dfier,0.0003833916806422,fr,futurama
dsign,0.0003833916806422,fr,futurama
procd,0.0003833916806422,fr,futurama
consigne,0.0003833916806422,fr,futurama
joint,0.0003833916806422,fr,futurama
chauffage,0.0003833916806422,fr,futurama
constater,0.0003797199377904,fr,futurama
examine,0.0003797199377904,fr,futurama
vtran,0.0003797199377904,fr,futurama
influencer,0.0003797199377904,fr,futurama
chell,0.0003797199377904,fr,futurama
revenu,0.0003797199377904,fr,futurama
dguisement,0.0003797199377904,fr,futurama
happy,0.0003797199377904,fr,futurama
trangement,0.0003797199377904,fr,futurama
hallucination,0.0003797199377904,fr,futurama
rvolution,0.0003797199377904,fr,futurama
touff,0.0003797199377904,fr,futurama
tumeur,0.0003797199377904,fr,futurama
achter,0.0003797199377904,fr,futurama
sally,0.0003797199377904,fr,futurama
envisag,0.0003797199377904,fr,futurama
volume,0.0003797199377904,fr,futurama
interprter,0.0003797199377904,fr,futurama
toil,0.0003797199377904,fr,futurama
gchette,0.0003797199377904,fr,futurama
chantier,0.0003797199377904,fr,futurama
session,0.0003761079007271,fr,futurama
impatier,0.0003761079007271,fr,futurama
exercer,0.0003761079007271,fr,futurama
inverser,0.0003761079007271,fr,futurama
athlte,0.0003761079007271,fr,futurama
phare,0.0003761079007271,fr,futurama
frit,0.0003761079007271,fr,futurama
approch,0.0003761079007271,fr,futurama
merveill,0.0003761079007271,fr,futurama
fonder,0.0003761079007271,fr,futurama
raconte,0.0003761079007271,fr,futurama
recommandation,0.0003761079007271,fr,futurama
italie,0.0003761079007271,fr,futurama
pigs,0.0003761079007271,fr,futurama
dvoil,0.0003761079007271,fr,futurama
one,0.0003761079007271,fr,futurama
surprend,0.0003761079007271,fr,futurama
africain,0.0003761079007271,fr,futurama
boucl,0.0003761079007271,fr,futurama
rsoudrer,0.0003761079007271,fr,futurama
tant,0.0003761079007271,fr,futurama
pressentiment,0.0003761079007271,fr,futurama
tournure,0.0003761079007271,fr,futurama
capot,0.0003761079007271,fr,futurama
baise,0.0003761079007271,fr,futurama
abandon,0.0003761079007271,fr,futurama
particulirement,0.0003761079007271,fr,futurama
amer,0.0003761079007271,fr,futurama
priver,0.0003761079007271,fr,futurama
dirigeant,0.0003761079007271,fr,futurama
nat,0.0003725536587428,fr,futurama
dcriver,0.0003725536587428,fr,futurama
vertu,0.0003725536587428,fr,futurama
trancher,0.0003725536587428,fr,futurama
amende,0.0003725536587428,fr,futurama
massacrer,0.0003725536587428,fr,futurama
tion,0.0003725536587428,fr,futurama
dtesterer,0.0003725536587428,fr,futurama
dlirer,0.0003725536587428,fr,futurama
muet,0.0003725536587428,fr,futurama
juif,0.0003725536587428,fr,futurama
transaction,0.0003725536587428,fr,futurama
exotique,0.0003725536587428,fr,futurama
tagre,0.0003725536587428,fr,futurama
usa,0.0003725536587428,fr,futurama
white,0.0003725536587428,fr,futurama
achterer,0.0003725536587428,fr,futurama
scell,0.0003725536587428,fr,futurama
financer,0.0003725536587428,fr,futurama
rejete,0.0003725536587428,fr,futurama
plant,0.0003725536587428,fr,futurama
piano,0.0003725536587428,fr,futurama
tlphonique,0.0003725536587428,fr,futurama
strictement,0.0003690553914054,fr,futurama
couronne,0.0003690553914054,fr,futurama
pave,0.0003690553914054,fr,futurama
envole,0.0003690553914054,fr,futurama
politicien,0.0003690553914054,fr,futurama
semer,0.0003690553914054,fr,futurama
consommer,0.0003690553914054,fr,futurama
dtourn,0.0003690553914054,fr,futurama
camper,0.0003690553914054,fr,futurama
paisible,0.0003690553914054,fr,futurama
sdatif,0.0003690553914054,fr,futurama
andy,0.0003690553914054,fr,futurama
faisiez,0.0003690553914054,fr,futurama
imprvisibl,0.0003690553914054,fr,futurama
jimmy,0.0003690553914054,fr,futurama
veger,0.0003690553914054,fr,futurama
voquer,0.0003690553914054,fr,futurama
mettrai,0.0003690553914054,fr,futurama
fir,0.0003690553914054,fr,futurama
dgueuler,0.0003690553914054,fr,futurama
homicide,0.0003690553914054,fr,futurama
vaccin,0.0003690553914054,fr,futurama
pion,0.0003690553914054,fr,futurama
pres,0.0003690553914054,fr,futurama
gntique,0.0003690553914054,fr,futurama
mouill,0.0003690553914054,fr,futurama
infliger,0.0003690553914054,fr,futurama
ronger,0.0003690553914054,fr,futurama
entire,0.0003690553914054,fr,futurama
flux,0.0003690553914054,fr,futurama
volue,0.0003690553914054,fr,futurama
parleur,0.0003656113629609,fr,futurama
directrice,0.0003656113629609,fr,futurama
mai,0.0003656113629609,fr,futurama
coopration,0.0003656113629609,fr,futurama
concierge,0.0003656113629609,fr,futurama
supposition,0.0003656113629609,fr,futurama
nglig,0.0003656113629609,fr,futurama
appuy,0.0003656113629609,fr,futurama
crochet,0.0003656113629609,fr,futurama
nancy,0.0003656113629609,fr,futurama
frquente,0.0003656113629609,fr,futurama
envoient,0.0003656113629609,fr,futurama
reproche,0.0003656113629609,fr,futurama
lgalement,0.0003656113629609,fr,futurama
lessive,0.0003656113629609,fr,futurama
soulever,0.0003656113629609,fr,futurama
goste,0.0003656113629609,fr,futurama
continuon,0.0003656113629609,fr,futurama
clture,0.0003656113629609,fr,futurama
beach,0.0003656113629609,fr,futurama
paume,0.0003656113629609,fr,futurama
anxieux,0.0003656113629609,fr,futurama
progresser,0.0003656113629609,fr,futurama
redescendre,0.0003656113629609,fr,futurama
examin,0.0003656113629609,fr,futurama
demoiselle,0.0003656113629609,fr,futurama
enthousiaste,0.0003656113629609,fr,futurama
transition,0.0003656113629609,fr,futurama
menton,0.0003656113629609,fr,futurama
plain,0.0003656113629609,fr,futurama
renverse,0.0003656113629609,fr,futurama
dfunt,0.0003656113629609,fr,futurama
aimable,0.0003656113629609,fr,futurama
renseign,0.0003622199171619,fr,futurama
jug,0.0003622199171619,fr,futurama
messager,0.0003622199171619,fr,futurama
connaitre,0.0003622199171619,fr,futurama
meurtrire,0.0003622199171619,fr,futurama
paille,0.0003622199171619,fr,futurama
vier,0.0003622199171619,fr,futurama
concurrence,0.0003622199171619,fr,futurama
campus,0.0003622199171619,fr,futurama
comprhensibl,0.0003622199171619,fr,futurama
renonc,0.0003622199171619,fr,futurama
comptoir,0.0003622199171619,fr,futurama
texto,0.0003622199171619,fr,futurama
compo,0.0003622199171619,fr,futurama
spcialis,0.0003622199171619,fr,futurama
massif,0.0003622199171619,fr,futurama
major,0.0003622199171619,fr,futurama
largu,0.0003622199171619,fr,futurama
balai,0.0003622199171619,fr,futurama
intresserer,0.0003622199171619,fr,futurama
juin,0.0003622199171619,fr,futurama
octobre,0.0003622199171619,fr,futurama
litre,0.0003622199171619,fr,futurama
papillon,0.0003622199171619,fr,futurama
acclre,0.0003622199171619,fr,futurama
her,0.0003588794724848,fr,futurama
notion,0.0003588794724848,fr,futurama
chaleureux,0.0003588794724848,fr,futurama
paiement,0.0003588794724848,fr,futurama
heu,0.0003588794724848,fr,futurama
expo,0.0003588794724848,fr,futurama
accessoire,0.0003588794724848,fr,futurama
baver,0.0003588794724848,fr,futurama
choir,0.0003588794724848,fr,futurama
bni,0.0003588794724848,fr,futurama
comprhension,0.0003588794724848,fr,futurama
lourde,0.0003588794724848,fr,futurama
admetton,0.0003588794724848,fr,futurama
bilan,0.0003588794724848,fr,futurama
guise,0.0003588794724848,fr,futurama
barrer,0.0003588794724848,fr,futurama
boeuf,0.0003588794724848,fr,futurama
pelouse,0.0003588794724848,fr,futurama
misrabl,0.0003588794724848,fr,futurama
hanter,0.0003588794724848,fr,futurama
mtro,0.0003588794724848,fr,futurama
confusion,0.0003588794724848,fr,futurama
maladroit,0.0003588794724848,fr,futurama
envoys,0.0003588794724848,fr,futurama
jone,0.0003588794724848,fr,futurama
alex,0.0003588794724848,fr,futurama
thme,0.0003588794724848,fr,futurama
repousse,0.0003588794724848,fr,futurama
sitter,0.0003588794724848,fr,futurama
sourcil,0.0003588794724848,fr,futurama
tincelle,0.0003588794724848,fr,futurama
dbarqu,0.0003588794724848,fr,futurama
kidnapper,0.0003588794724848,fr,futurama
faufiler,0.0003588794724848,fr,futurama
accidentellement,0.0003588794724848,fr,futurama
crite,0.0003588794724848,fr,futurama
remercie,0.0003588794724848,fr,futurama
clarifier,0.0003588794724848,fr,futurama
relch,0.0003588794724848,fr,futurama
implication,0.0003588794724848,fr,futurama
ragot,0.0003555885177009,fr,futurama
pou,0.0003555885177009,fr,futurama
confu,0.0003555885177009,fr,futurama
col,0.0003555885177009,fr,futurama
assist,0.0003555885177009,fr,futurama
frein,0.0003555885177009,fr,futurama
accompagne,0.0003555885177009,fr,futurama
obtien,0.0003555885177009,fr,futurama
souhaite,0.0003555885177009,fr,futurama
merdique,0.0003555885177009,fr,futurama
deuximemer,0.0003555885177009,fr,futurama
canal,0.0003555885177009,fr,futurama
sacrifi,0.0003555885177009,fr,futurama
envol,0.0003555885177009,fr,futurama
suggr,0.0003555885177009,fr,futurama
case,0.0003555885177009,fr,futurama
claquer,0.0003555885177009,fr,futurama
exemplaire,0.0003555885177009,fr,futurama
arger,0.0003555885177009,fr,futurama
fournisseur,0.0003555885177009,fr,futurama
primtr,0.0003555885177009,fr,futurama
complot,0.0003555885177009,fr,futurama
amner,0.0003523456077717,fr,futurama
piti,0.0003523456077717,fr,futurama
mchoire,0.0003523456077717,fr,futurama
promouvoir,0.0003523456077717,fr,futurama
croyance,0.0003523456077717,fr,futurama
aspirine,0.0003523456077717,fr,futurama
hello,0.0003523456077717,fr,futurama
rasoir,0.0003523456077717,fr,futurama
schma,0.0003523456077717,fr,futurama
surgir,0.0003523456077717,fr,futurama
voisinage,0.0003523456077717,fr,futurama
publicit,0.0003523456077717,fr,futurama
contexte,0.0003523456077717,fr,futurama
faibler,0.0003523456077717,fr,futurama
bacon,0.0003523456077717,fr,futurama
ingnieur,0.0003523456077717,fr,futurama
qualifier,0.0003523456077717,fr,futurama
autopsie,0.0003523456077717,fr,futurama
rglement,0.0003523456077717,fr,futurama
griffe,0.0003523456077717,fr,futurama
russie,0.0003523456077717,fr,futurama
chantage,0.0003523456077717,fr,futurama
frisson,0.0003523456077717,fr,futurama
chimie,0.0003491493600388,fr,futurama
tennis,0.0003491493600388,fr,futurama
dbord,0.0003491493600388,fr,futurama
btard,0.0003491493600388,fr,futurama
sympathique,0.0003491493600388,fr,futurama
libration,0.0003491493600388,fr,futurama
majorit,0.0003491493600388,fr,futurama
aspirer,0.0003491493600388,fr,futurama
intrieure,0.0003491493600388,fr,futurama
foudre,0.0003491493600388,fr,futurama
bulle,0.0003491493600388,fr,futurama
dception,0.0003491493600388,fr,futurama
valuer,0.0003491493600388,fr,futurama
jupe,0.0003491493600388,fr,futurama
cap,0.0003491493600388,fr,futurama
conomiser,0.0003491493600388,fr,futurama
vegas,0.0003491493600388,fr,futurama
adjoint,0.0003491493600388,fr,futurama
acceptable,0.0003491493600388,fr,futurama
fonctionn,0.0003491493600388,fr,futurama
intressante,0.0003491493600388,fr,futurama
rsum,0.0003491493600388,fr,futurama
dvd,0.0003491493600388,fr,futurama
grincheux,0.0003491493600388,fr,futurama
humide,0.0003491493600388,fr,futurama
descente,0.0003491493600388,fr,futurama
hrit,0.0003491493600388,fr,futurama
ambiance,0.0003491493600388,fr,futurama
limin,0.0003491493600388,fr,futurama
enceinte,0.0003459984506845,fr,futurama
ngociation,0.0003459984506845,fr,futurama
coordonne,0.0003459984506845,fr,futurama
hormone,0.0003459984506845,fr,futurama
steven,0.0003459984506845,fr,futurama
blme,0.0003459984506845,fr,futurama
pouvon,0.0003459984506845,fr,futurama
intimider,0.0003459984506845,fr,futurama
enferms,0.0003459984506845,fr,futurama
filtre,0.0003459984506845,fr,futurama
compenser,0.0003459984506845,fr,futurama
planquer,0.0003459984506845,fr,futurama
vertige,0.0003459984506845,fr,futurama
dcennie,0.0003459984506845,fr,futurama
banc,0.0003459984506845,fr,futurama
tremp,0.0003459984506845,fr,futurama
religieux,0.0003459984506845,fr,futurama
allusion,0.0003459984506845,fr,futurama
angoisse,0.0003459984506845,fr,futurama
selle,0.0003459984506845,fr,futurama
vasion,0.0003428916114395,fr,futurama
trophe,0.0003428916114395,fr,futurama
septembre,0.0003428916114395,fr,futurama
bnisse,0.0003428916114395,fr,futurama
identification,0.0003428916114395,fr,futurama
ignor,0.0003428916114395,fr,futurama
sentimental,0.0003428916114395,fr,futurama
plate,0.0003428916114395,fr,futurama
recours,0.0003428916114395,fr,futurama
inattendu,0.0003428916114395,fr,futurama
drague,0.0003428916114395,fr,futurama
amier,0.0003428916114395,fr,futurama
mtaphore,0.0003428916114395,fr,futurama
dtache,0.0003428916114395,fr,futurama
attentivement,0.0003428916114395,fr,futurama
grec,0.0003428916114395,fr,futurama
contourner,0.0003428916114395,fr,futurama
percer,0.0003428916114395,fr,futurama
gurison,0.0003428916114395,fr,futurama
compliquer,0.0003428916114395,fr,futurama
kit,0.0003428916114395,fr,futurama
diviser,0.0003428916114395,fr,futurama
blesss,0.0003398276265179,fr,futurama
pril,0.0003398276265179,fr,futurama
quasi,0.0003398276265179,fr,futurama
judiciaire,0.0003398276265179,fr,futurama
radical,0.0003398276265179,fr,futurama
tomate,0.0003398276265179,fr,futurama
pourvoir,0.0003398276265179,fr,futurama
voyag,0.0003398276265179,fr,futurama
exagr,0.0003398276265179,fr,futurama
contrari,0.0003398276265179,fr,futurama
emmerde,0.0003398276265179,fr,futurama
oranger,0.0003398276265179,fr,futurama
rcolte,0.0003398276265179,fr,futurama
viole,0.0003398276265179,fr,futurama
croix,0.0003398276265179,fr,futurama
gratuitement,0.0003398276265179,fr,futurama
enfoncer,0.0003398276265179,fr,futurama
frquenter,0.0003398276265179,fr,futurama
revue,0.0003398276265179,fr,futurama
qute,0.0003398276265179,fr,futurama
allergie,0.0003398276265179,fr,futurama
premiremer,0.0003398276265179,fr,futurama
dsaccord,0.0003398276265179,fr,futurama
embrouille,0.000336805329761,fr,futurama
raccroch,0.000336805329761,fr,futurama
confi,0.000336805329761,fr,futurama
prenez,0.000336805329761,fr,futurama
aborder,0.000336805329761,fr,futurama
tein,0.000336805329761,fr,futurama
dtender,0.000336805329761,fr,futurama
proximit,0.000336805329761,fr,futurama
saloperie,0.000336805329761,fr,futurama
infect,0.000336805329761,fr,futurama
tim,0.000336805329761,fr,futurama
runi,0.000336805329761,fr,futurama
estim,0.000336805329761,fr,futurama
renseignement,0.000336805329761,fr,futurama
cooprer,0.000336805329761,fr,futurama
clandestin,0.000336805329761,fr,futurama
trahison,0.000336805329761,fr,futurama
parte,0.000336805329761,fr,futurama
plonge,0.000336805329761,fr,futurama
appt,0.000336805329761,fr,futurama
choper,0.000336805329761,fr,futurama
prparation,0.000336805329761,fr,futurama
facteur,0.000336805329761,fr,futurama
fbi,0.0003338236019724,fr,futurama
urger,0.0003338236019724,fr,futurama
dvoiler,0.0003338236019724,fr,futurama
ignore,0.0003338236019724,fr,futurama
triple,0.0003338236019724,fr,futurama
matris,0.0003338236019724,fr,futurama
arien,0.0003338236019724,fr,futurama
oignon,0.0003338236019724,fr,futurama
fraise,0.0003338236019724,fr,futurama
dclencher,0.0003338236019724,fr,futurama
dentaire,0.0003338236019724,fr,futurama
particuliremer,0.0003338236019724,fr,futurama
dchirer,0.0003338236019724,fr,futurama
ouvrier,0.0003338236019724,fr,futurama
apercevoir,0.0003338236019724,fr,futurama
typ,0.0003338236019724,fr,futurama
stopper,0.0003338236019724,fr,futurama
migraine,0.0003338236019724,fr,futurama
aimez,0.0003338236019724,fr,futurama
revenon,0.0003338236019724,fr,futurama
explorer,0.0003338236019724,fr,futurama
dsespre,0.0003338236019724,fr,futurama
infection,0.0003338236019724,fr,futurama
rclamer,0.0003338236019724,fr,futurama
observ,0.0003338236019724,fr,futurama
dout,0.0003338236019724,fr,futurama
sagesse,0.0003338236019724,fr,futurama
dfonce,0.0003308813684296,fr,futurama
doubler,0.0003308813684296,fr,futurama
patienter,0.0003308813684296,fr,futurama
horloge,0.0003308813684296,fr,futurama
achat,0.0003308813684296,fr,futurama
vanter,0.0003308813684296,fr,futurama
promenade,0.0003308813684296,fr,futurama
frquent,0.0003308813684296,fr,futurama
montant,0.0003308813684296,fr,futurama
grenade,0.0003308813684296,fr,futurama
vanoui,0.0003308813684296,fr,futurama
niqu,0.0003308813684296,fr,futurama
paper,0.0003308813684296,fr,futurama
porteur,0.0003308813684296,fr,futurama
time,0.0003308813684296,fr,futurama
soign,0.0003308813684296,fr,futurama
trangre,0.0003308813684296,fr,futurama
las,0.0003308813684296,fr,futurama
foncer,0.0003308813684296,fr,futurama
sueur,0.0003308813684296,fr,futurama
attendez,0.0003308813684296,fr,futurama
occups,0.0003308813684296,fr,futurama
appropri,0.0003308813684296,fr,futurama
particip,0.0003308813684296,fr,futurama
louper,0.0003308813684296,fr,futurama
ultime,0.0003308813684296,fr,futurama
transfrer,0.0003279775965585,fr,futurama
envoler,0.0003279775965585,fr,futurama
primaire,0.0003279775965585,fr,futurama
employer,0.0003279775965585,fr,futurama
psychologique,0.0003279775965585,fr,futurama
reprer,0.0003279775965585,fr,futurama
briller,0.0003279775965585,fr,futurama
pouls,0.0003279775965585,fr,futurama
production,0.0003279775965585,fr,futurama
brlure,0.0003279775965585,fr,futurama
hmorragie,0.0003279775965585,fr,futurama
informatique,0.0003279775965585,fr,futurama
filet,0.0003279775965585,fr,futurama
rude,0.0003279775965585,fr,futurama
morgue,0.0003251112937582,fr,futurama
insecte,0.0003251112937582,fr,futurama
rentrs,0.0003251112937582,fr,futurama
confondre,0.0003251112937582,fr,futurama
carrmer,0.0003251112937582,fr,futurama
crie,0.0003251112937582,fr,futurama
chevill,0.0003251112937582,fr,futurama
dtourner,0.0003251112937582,fr,futurama
sourir,0.0003251112937582,fr,futurama
informe,0.0003251112937582,fr,futurama
vital,0.0003251112937582,fr,futurama
comt,0.0003251112937582,fr,futurama
remise,0.0003251112937582,fr,futurama
trac,0.0003251112937582,fr,futurama
surpasser,0.0003251112937582,fr,futurama
allemand,0.0003251112937582,fr,futurama
protgeer,0.0003251112937582,fr,futurama
pair,0.0003251112937582,fr,futurama
bra,0.0003251112937582,fr,futurama
demie,0.0003251112937582,fr,futurama
boum,0.0003251112937582,fr,futurama
tortur,0.0003251112937582,fr,futurama
clbrer,0.0003251112937582,fr,futurama
drap,0.0003251112937582,fr,futurama
rvlation,0.0003251112937582,fr,futurama
limiter,0.0003251112937582,fr,futurama
insen,0.0003222815053632,fr,futurama
blond,0.0003222815053632,fr,futurama
soupon,0.0003222815053632,fr,futurama
stock,0.0003222815053632,fr,futurama
couvre,0.0003222815053632,fr,futurama
conscier,0.0003222815053632,fr,futurama
coll,0.0003222815053632,fr,futurama
planning,0.0003222815053632,fr,futurama
acheteur,0.0003222815053632,fr,futurama
redevable,0.0003222815053632,fr,futurama
soulag,0.0003222815053632,fr,futurama
,0.0003222815053632,fr,futurama
association,0.0003222815053632,fr,futurama
ter,0.0003222815053632,fr,futurama
dcouvrirer,0.0003222815053632,fr,futurama
visuel,0.0003222815053632,fr,futurama
dirige,0.0003222815053632,fr,futurama
requte,0.0003222815053632,fr,futurama
tombs,0.0003222815053632,fr,futurama
alimentaire,0.0003222815053632,fr,futurama
affiche,0.0003222815053632,fr,futurama
manquant,0.0003222815053632,fr,futurama
dbarquer,0.0003222815053632,fr,futurama
requérir,0.0003194873127355,fr,futurama
emmnager,0.0003194873127355,fr,futurama
ragir,0.0003194873127355,fr,futurama
profite,0.0003194873127355,fr,futurama
lou,0.0003194873127355,fr,futurama
chaos,0.0003194873127355,fr,futurama
mandat,0.0003194873127355,fr,futurama
choue,0.0003194873127355,fr,futurama
encaisser,0.0003194873127355,fr,futurama
respir,0.0003194873127355,fr,futurama
vacuer,0.0003194873127355,fr,futurama
impact,0.0003194873127355,fr,futurama
cendre,0.0003194873127355,fr,futurama
dmissionner,0.0003167278314736,fr,futurama
protocole,0.0003167278314736,fr,futurama
pargne,0.0003167278314736,fr,futurama
isol,0.0003167278314736,fr,futurama
valuation,0.0003167278314736,fr,futurama
scolaire,0.0003167278314736,fr,futurama
bourse,0.0003167278314736,fr,futurama
remde,0.0003167278314736,fr,futurama
favori,0.0003167278314736,fr,futurama
fauteuil,0.0003167278314736,fr,futurama
ducation,0.0003167278314736,fr,futurama
carrment,0.0003167278314736,fr,futurama
recherch,0.0003167278314736,fr,futurama
colline,0.0003167278314736,fr,futurama
dcrit,0.0003167278314736,fr,futurama
destine,0.0003167278314736,fr,futurama
naturellement,0.0003167278314736,fr,futurama
dfonc,0.0003167278314736,fr,futurama
voudra,0.0003167278314736,fr,futurama
planqu,0.0003167278314736,fr,futurama
couille,0.0003140022097324,fr,futurama
nue,0.0003140022097324,fr,futurama
ressayer,0.0003140022097324,fr,futurama
psychopathe,0.0003140022097324,fr,futurama
estimer,0.0003140022097324,fr,futurama
dirig,0.0003140022097324,fr,futurama
italien,0.0003140022097324,fr,futurama
gang,0.0003140022097324,fr,futurama
semblant,0.0003140022097324,fr,futurama
dfend,0.0003140022097324,fr,futurama
tabli,0.0003140022097324,fr,futurama
aimai,0.0003140022097324,fr,futurama
dcrocher,0.0003113096266445,fr,futurama
quotidien,0.0003113096266445,fr,futurama
ouer,0.0003113096266445,fr,futurama
amuse,0.0003113096266445,fr,futurama
paniquer,0.0003113096266445,fr,futurama
plier,0.0003113096266445,fr,futurama
reois,0.0003113096266445,fr,futurama
lampe,0.0003113096266445,fr,futurama
clairer,0.0003113096266445,fr,futurama
reconnai,0.0003113096266445,fr,futurama
touffer,0.0003113096266445,fr,futurama
harceler,0.0003113096266445,fr,futurama
rsidence,0.0003113096266445,fr,futurama
chouer,0.0003113096266445,fr,futurama
cravate,0.0003113096266445,fr,futurama
loyer,0.0003113096266445,fr,futurama
dterminer,0.0003113096266445,fr,futurama
sanguin,0.0003086492908361,fr,futurama
dizaine,0.0003086492908361,fr,futurama
retien,0.0003086492908361,fr,futurama
diffremmer,0.0003086492908361,fr,futurama
amene,0.0003086492908361,fr,futurama
carton,0.0003086492908361,fr,futurama
cabinet,0.0003086492908361,fr,futurama
surnom,0.0003086492908361,fr,futurama
aspect,0.0003086492908361,fr,futurama
allo,0.0003086492908361,fr,futurama
voeu,0.0003086492908361,fr,futurama
barrire,0.0003086492908361,fr,futurama
tom,0.0003086492908361,fr,futurama
rejoin,0.0003086492908361,fr,futurama
saura,0.0003086492908361,fr,futurama
parlai,0.0003086492908361,fr,futurama
empoisonn,0.000306020439031,fr,futurama
recul,0.000306020439031,fr,futurama
instable,0.000306020439031,fr,futurama
brutal,0.000306020439031,fr,futurama
registre,0.000306020439031,fr,futurama
princesse,0.000306020439031,fr,futurama
grimper,0.000306020439031,fr,futurama
partage,0.000306020439031,fr,futurama
tudie,0.000306020439031,fr,futurama
enquter,0.000306020439031,fr,futurama
enleve,0.000306020439031,fr,futurama
vit,0.000306020439031,fr,futurama
constamment,0.000306020439031,fr,futurama
salopard,0.000306020439031,fr,futurama
bloquer,0.000306020439031,fr,futurama
affecter,0.000306020439031,fr,futurama
pompier,0.000306020439031,fr,futurama
embarqu,0.0003034223347359,fr,futurama
connu,0.0003034223347359,fr,futurama
remplac,0.0003034223347359,fr,futurama
adresser,0.0003034223347359,fr,futurama
rvl,0.0003034223347359,fr,futurama
transporter,0.0003034223347359,fr,futurama
gnreux,0.0003034223347359,fr,futurama
impressionn,0.0003034223347359,fr,futurama
paniqu,0.0003034223347359,fr,futurama
salir,0.0003034223347359,fr,futurama
routine,0.0003034223347359,fr,futurama
saurai,0.0003034223347359,fr,futurama
lieux,0.0003034223347359,fr,futurama
pisser,0.0003034223347359,fr,futurama
journaliste,0.0003034223347359,fr,futurama
intgrer,0.0003034223347359,fr,futurama
citer,0.0003008542670015,fr,futurama
ressort,0.0003008542670015,fr,futurama
ressource,0.0003008542670015,fr,futurama
meuble,0.0003008542670015,fr,futurama
pos,0.0003008542670015,fr,futurama
droguer,0.0003008542670015,fr,futurama
affirmer,0.0003008542670015,fr,futurama
dtective,0.0003008542670015,fr,futurama
fixer,0.0003008542670015,fr,futurama
suicider,0.0003008542670015,fr,futurama
reconnaissant,0.0003008542670015,fr,futurama
permet,0.0003008542670015,fr,futurama
lorsqu,0.0003008542670015,fr,futurama
boug,0.0003008542670015,fr,futurama
mercredi,0.0003008542670015,fr,futurama
peinture,0.0003008542670015,fr,futurama
auparavant,0.0003008542670015,fr,futurama
espion,0.0002983155492553,fr,futurama
intervention,0.0002983155492553,fr,futurama
circulation,0.0002983155492553,fr,futurama
vend,0.0002983155492553,fr,futurama
littralement,0.0002983155492553,fr,futurama
temporaire,0.0002983155492553,fr,futurama
perturb,0.0002983155492553,fr,futurama
runir,0.0002983155492553,fr,futurama
peter,0.0002983155492553,fr,futurama
lgrement,0.0002983155492553,fr,futurama
exposer,0.0002983155492553,fr,futurama
criver,0.0002983155492553,fr,futurama
engagement,0.0002983155492553,fr,futurama
reconnaissance,0.0002983155492553,fr,futurama
fouill,0.0002983155492553,fr,futurama
reprsent,0.0002983155492553,fr,futurama
prsume,0.0002983155492553,fr,futurama
actuellement,0.0002983155492553,fr,futurama
sach,0.0002983155492553,fr,futurama
attacher,0.0002983155492553,fr,futurama
discut,0.0002958055181992,fr,futurama
communication,0.0002958055181992,fr,futurama
adapter,0.0002958055181992,fr,futurama
repousser,0.0002958055181992,fr,futurama
dplac,0.0002958055181992,fr,futurama
conomie,0.0002958055181992,fr,futurama
corriger,0.0002958055181992,fr,futurama
avanc,0.0002958055181992,fr,futurama
vienne,0.0002958055181992,fr,futurama
dcrire,0.0002958055181992,fr,futurama
coupure,0.0002958055181992,fr,futurama
william,0.0002958055181992,fr,futurama
accueil,0.0002958055181992,fr,futurama
quatrime,0.0002958055181992,fr,futurama
rarement,0.0002958055181992,fr,futurama
dvelopper,0.0002958055181992,fr,futurama
mondial,0.0002958055181992,fr,futurama
loyaut,0.0002958055181992,fr,futurama
trajet,0.0002958055181992,fr,futurama
mette,0.0002958055181992,fr,futurama
renseigner,0.0002958055181992,fr,futurama
bail,0.0002933235327697,fr,futurama
surveille,0.0002933235327697,fr,futurama
habill,0.0002933235327697,fr,futurama
garer,0.0002933235327697,fr,futurama
rpondeur,0.0002933235327697,fr,futurama
chier,0.0002933235327697,fr,futurama
suicid,0.0002933235327697,fr,futurama
influence,0.0002933235327697,fr,futurama
vlo,0.0002933235327697,fr,futurama
surpris,0.0002908689731548,fr,futurama
raccompagner,0.0002908689731548,fr,futurama
possession,0.0002908689731548,fr,futurama
entirement,0.0002908689731548,fr,futurama
prtender,0.0002908689731548,fr,futurama
hurler,0.0002908689731548,fr,futurama
inhabituel,0.0002908689731548,fr,futurama
foot,0.0002908689731548,fr,futurama
imagination,0.0002908689731548,fr,futurama
flash,0.0002908689731548,fr,futurama
stable,0.0002908689731548,fr,futurama
hsiter,0.0002908689731548,fr,futurama
mademoisell,0.0002908689731548,fr,futurama
traquer,0.0002908689731548,fr,futurama
agressif,0.0002908689731548,fr,futurama
franai,0.0002908689731548,fr,futurama
mentionner,0.000288441239865,fr,futurama
exercice,0.000288441239865,fr,futurama
craquer,0.000288441239865,fr,futurama
emballer,0.000288441239865,fr,futurama
foire,0.000288441239865,fr,futurama
instruction,0.000288441239865,fr,futurama
entre,0.000288441239865,fr,futurama
autoris,0.000288441239865,fr,futurama
tarder,0.000288441239865,fr,futurama
rellement,0.0002860397528545,fr,futurama
section,0.0002860397528545,fr,futurama
langage,0.0002860397528545,fr,futurama
gost,0.0002860397528545,fr,futurama
campagne,0.0002860397528545,fr,futurama
bizarrement,0.0002860397528545,fr,futurama
vendeur,0.0002860397528545,fr,futurama
bond,0.0002860397528545,fr,futurama
torturer,0.0002860397528545,fr,futurama
autoroute,0.0002836639506894,fr,futurama
emprunt,0.0002836639506894,fr,futurama
couverture,0.0002836639506894,fr,futurama
dmnager,0.0002836639506894,fr,futurama
attach,0.0002836639506894,fr,futurama
exciter,0.0002836639506894,fr,futurama
abus,0.0002836639506894,fr,futurama
rseau,0.0002813132897597,fr,futurama
serviette,0.0002813132897597,fr,futurama
rage,0.0002813132897597,fr,futurama
dgag,0.0002813132897597,fr,futurama
abandonne,0.0002813132897597,fr,futurama
hauteur,0.0002813132897597,fr,futurama
spciale,0.0002813132897597,fr,futurama
taux,0.0002813132897597,fr,futurama
rejeter,0.0002813132897597,fr,futurama
tap,0.0002813132897597,fr,futurama
poursuite,0.0002789872435328,fr,futurama
demandai,0.0002789872435328,fr,futurama
apporte,0.0002789872435328,fr,futurama
supplier,0.0002789872435328,fr,futurama
correctement,0.0002789872435328,fr,futurama
glis,0.0002789872435328,fr,futurama
sonner,0.0002789872435328,fr,futurama
dclar,0.0002789872435328,fr,futurama
inquit,0.0002766853018455,fr,futurama
puisse,0.0002766853018455,fr,futurama
ascenseur,0.0002766853018455,fr,futurama
enterrer,0.0002766853018455,fr,futurama
libr,0.0002766853018455,fr,futurama
post,0.0002766853018455,fr,futurama
gurir,0.0002766853018455,fr,futurama
mentionn,0.0002766853018455,fr,futurama
disparu,0.0002766853018455,fr,futurama
prter,0.0002744069702327,fr,futurama
menac,0.0002744069702327,fr,futurama
caus,0.0002744069702327,fr,futurama
drogu,0.0002744069702327,fr,futurama
lendemain,0.0002744069702327,fr,futurama
serveur,0.0002744069702327,fr,futurama
balader,0.0002744069702327,fr,futurama
hall,0.0002721517692894,fr,futurama
normalement,0.0002721517692894,fr,futurama
brise,0.0002721517692894,fr,futurama
compliment,0.0002721517692894,fr,futurama
rassurer,0.0002721517692894,fr,futurama
incapable,0.0002721517692894,fr,futurama
symper,0.0002721517692894,fr,futurama
prfrerer,0.0002721517692894,fr,futurama
merd,0.0002721517692894,fr,futurama
loign,0.0002699192340657,fr,futurama
taier,0.0002699192340657,fr,futurama
problm,0.0002699192340657,fr,futurama
exception,0.0002699192340657,fr,futurama
creuser,0.0002699192340657,fr,futurama
dette,0.0002699192340657,fr,futurama
dlicat,0.0002699192340657,fr,futurama
traduction,0.0002699192340657,fr,futurama
effray,0.0002677089134913,fr,futurama
comparer,0.0002677089134913,fr,futurama
plac,0.0002677089134913,fr,futurama
plaque,0.0002677089134913,fr,futurama
lutte,0.0002677089134913,fr,futurama
oeuf,0.0002677089134913,fr,futurama
immeuble,0.0002655203698283,fr,futurama
estime,0.0002655203698283,fr,futurama
aill,0.0002655203698283,fr,futurama
avertir,0.0002655203698283,fr,futurama
rentre,0.0002655203698283,fr,futurama
salope,0.0002655203698283,fr,futurama
tue,0.0002655203698283,fr,futurama
flingue,0.0002633531781512,fr,futurama
arrang,0.0002633531781512,fr,futurama
apparaître,0.0002633531781512,fr,futurama
habituer,0.0002633531781512,fr,futurama
traite,0.0002633531781512,fr,futurama
srieuse,0.0002633531781512,fr,futurama
contacter,0.0002633531781512,fr,futurama
paule,0.0002612069258515,fr,futurama
entretien,0.0002612069258515,fr,futurama
veiller,0.0002612069258515,fr,futurama
prnom,0.0002612069258515,fr,futurama
entranement,0.0002612069258515,fr,futurama
rcemmer,0.0002612069258515,fr,futurama
bles,0.0002612069258515,fr,futurama
rcemment,0.0002612069258515,fr,futurama
chasser,0.0002590812121663,fr,futurama
jame,0.0002590812121663,fr,futurama
cense,0.0002590812121663,fr,futurama
rompre,0.0002590812121663,fr,futurama
sommeil,0.0002569756477291,fr,futurama
flipper,0.0002569756477291,fr,futurama
spar,0.0002569756477291,fr,futurama
personnellement,0.0002569756477291,fr,futurama
comportement,0.0002569756477291,fr,futurama
enqute,0.0002548898541419,fr,futurama
charger,0.0002548898541419,fr,futurama
rumeur,0.0002548898541419,fr,futurama
amliorer,0.000252823463567,fr,futurama
croi,0.000252823463567,fr,futurama
raction,0.0002507761183373,fr,futurama
officiel,0.0002487474705854,fr,futurama
dranger,0.0002487474705854,fr,futurama
galement,0.0002487474705854,fr,futurama
menacer,0.0002487474705854,fr,futurama
rponder,0.0002487474705854,fr,futurama
oblige,0.0002467371818885,fr,futurama
impliqu,0.0002467371818885,fr,futurama
partenaire,0.0002467371818885,fr,futurama
rassembler,0.0002467371818885,fr,futurama
venue,0.0002467371818885,fr,futurama
essayai,0.0002447449229294,fr,futurama
impliquer,0.000240813220557,fr,futurama
jure,0.000240813220557,fr,futurama
promis,0.000240813220557,fr,futurama
conversation,0.0002331526205601,fr,futurama
obtenir,0.0002275757071051,fr,futurama
