mot,poids_tfidf,langue,serie
gibb,0.3029757483598025,en,ncis
mcgee,0.2660853554545955,en,ncis
dinozzo,0.1893093579118163,en,ncis
gibbs,0.1067610307121511,en,ncis
tony,0.0942250803090413,en,ncis
agent,0.0936051786087812,en,ncis
boss,0.0832958269320417,en,ncis
ducky,0.0814122098259104,en,ncis
ncis,0.0723824961746736,en,ncis
probie,0.0685409670480848,en,ncis
work,0.0680705391715049,en,ncis
ziva,0.0658467331867187,en,ncis
kill,0.0639131773236499,en,ncis
talk,0.0533945509616072,en,ncis
dead,0.0444286742053898,en,ncis
marine,0.0413267806709022,en,ncis
little,0.0409224654180423,en,ncis
director,0.0390689592667013,en,ncis
team,0.0373796603295907,en,ncis
sure,0.0365146600853768,en,ncis
run,0.0353626200552483,en,ncis
officer,0.0352831974811934,en,ncis
lieutenant,0.0341765545527709,en,ncis
car,0.0341694538615426,en,ncis
phone,0.0341337092287543,en,ncis
body,0.0334250539002443,en,ncis
help,0.0330084512980292,en,ncis
murder,0.0316449844073383,en,ncis
long,0.0315558790861281,en,ncis
happen,0.0314557016922038,en,ncis
hear,0.0308045486316964,en,ncis
night,0.0307043712377722,en,ncis
petty,0.0305445852474492,en,ncis
case,0.0305040164499238,en,ncis
check,0.0293018877228332,en,ncis
miss,0.0292517990258711,en,ncis
bad,0.029201710328909,en,ncis
believe,0.0288010007532121,en,ncis
jethro,0.0284285499098258,en,ncis
ago,0.0279995816018184,en,ncis
palmer,0.02778524312182,en,ncis
kate,0.027358460813952,en,ncis
hour,0.025495146753713,en,ncis
start,0.025044348481054,en,ncis
death,0.0247910898263142,en,ncis
home,0.0247438162992814,en,ncis
old,0.0243931954205466,en,ncis
die,0.0235917762691529,en,ncis
question,0.0234915988752287,en,ncis
life,0.0229406232086455,en,ncis
hand,0.0228905345116834,en,ncis
guess,0.0228905345116834,en,ncis
month,0.0226901797238349,en,ncis
wrong,0.0226400910268728,en,ncis
place,0.0223896475420623,en,ncis
vance,0.0222404317855142,en,ncis
room,0.022239381451176,en,ncis
head,0.0221892927542138,en,ncis
special,0.0220390266633275,en,ncis
love,0.0217384944815549,en,ncis
meet,0.0216383170876307,en,ncis
send,0.0216101556938136,en,ncis
shoot,0.0215882283906685,en,ncis
record,0.0213256740113418,en,ncis
friend,0.0212876962088959,en,ncis
stop,0.0210873414210475,en,ncis
like,0.0209871640271233,en,ncis
actually,0.0209370753301611,en,ncis
number,0.0208527904241706,en,ncis
blood,0.0204993532983372,en,ncis
girl,0.0204361883605401,en,ncis
grenouille,0.0203737941020418,en,ncis
ncls,0.0203198903193389,en,ncis
fornell,0.0203198903193389,en,ncis
com,0.0202852928679925,en,ncis
hit,0.0199853900878811,en,ncis
second,0.019935301390919,en,ncis
cell,0.0198039177035367,en,ncis
corporal,0.019697041054501,en,ncis
commander,0.0195438373365493,en,ncis
money,0.0193843257243358,en,ncis
killer,0.019300380649894,en,ncis
kid,0.0192908628407508,en,ncis
sergeant,0.0192745618213905,en,ncis
big,0.0189846227590512,en,ncis
drive,0.0188834387547147,en,ncis
week,0.0188333500577526,en,ncis
wife,0.0187331726638284,en,ncis
nice,0.0186830839668663,en,ncis
duck,0.0185855685623838,en,ncis
morning,0.0185829065729421,en,ncis
lose,0.01853281787598,en,ncis
problem,0.0184827291790178,en,ncis
bring,0.0184326404820557,en,ncis
job,0.0183825517850936,en,ncis
probably,0.0179818422093968,en,ncis
crime,0.0178877605834887,en,ncis
win,0.0178315761185104,en,ncis
bolo,0.0177514918693116,en,ncis
stay,0.0177313987245862,en,ncis
turn,0.0175310439367378,en,ncis
use,0.0173306891488894,en,ncis
cause,0.0173306891488894,en,ncis
match,0.0169816940088316,en,ncis
idea,0.0167797134823062,en,ncis
captain,0.0167263758782297,en,ncis
evidence,0.0167136733161765,en,ncis
victim,0.0164752923931167,en,ncis
break,0.016409580842265,en,ncis
security,0.0163964025254239,en,ncis
live,0.0163289152096472,en,ncis
doctor,0.0162393707542861,en,ncis
pull,0.016157125752384,en,ncis
file,0.0161494506070351,en,ncis
hell,0.0161285604217988,en,ncis
gun,0.0160810870922427,en,ncis
hard,0.0160784717248367,en,ncis
computer,0.0159184658403523,en,ncis
navy,0.0158700644789383,en,ncis
trace,0.0157387223022247,en,ncis
rivkin,0.0156900418921478,en,ncis
close,0.0156276734521777,en,ncis
lie,0.0156276734521777,en,ncis
pretty,0.0155007425186934,en,ncis
away,0.0154273186643292,en,ncis
course,0.015399760482741,en,ncis
remember,0.0151768751795187,en,ncis
mallard,0.0151639307628506,en,ncis
scene,0.0151266520685895,en,ncis
great,0.0150266090886324,en,ncis
house,0.0149264316947082,en,ncis
kody,0.0149184004876159,en,ncis
speak,0.014826254300784,en,ncis
point,0.0147761656038218,en,ncis
weapon,0.0147759800482346,en,ncis
print,0.0147545726228036,en,ncis
answer,0.0146759882098976,en,ncis
report,0.0144546334587615,en,ncis
werth,0.0144039728845947,en,ncis
exactly,0.014375456028125,en,ncis
end,0.0143253673311629,en,ncis
father,0.0143019436687042,en,ncis
new,0.0142752786342008,en,ncis
family,0.0141751012402765,en,ncis
play,0.0141751012402765,en,ncis
real,0.0139747464524281,en,ncis
word,0.0139747464524281,en,ncis
hope,0.0139747464524281,en,ncis
clear,0.0138745690585039,en,ncis
pick,0.0138244803615418,en,ncis
mail,0.0136749384048394,en,ncis
mind,0.0136742142706555,en,ncis
figure,0.0135820838355978,en,ncis
pay,0.0134306107816692,en,ncis
eye,0.0133235933919207,en,ncis
watch,0.0132735046949586,en,ncis
sign,0.0132735046949586,en,ncis
sound,0.0131733273010344,en,ncis
open,0.0130230612101481,en,ncis
mother,0.0130230612101481,en,ncis
change,0.012972972513186,en,ncis
fire,0.0129228838162238,en,ncis
secnav,0.0129047078211379,en,ncis
mtac,0.012860690075531,en,ncis
boy,0.0127225290283754,en,ncis
door,0.0127225290283754,en,ncis
suspect,0.012683107284216,en,ncis
leon,0.0126782244492227,en,ncis
suppose,0.0126724403314133,en,ncis
follow,0.0125722634760738,en,ncis
deal,0.0125722634760738,en,ncis
base,0.0125674111251322,en,ncis
set,0.0123678729946445,en,ncis
cover,0.0123678729946445,en,ncis
plan,0.0123198083861928,en,ncis
understand,0.0122216420587543,en,ncis
lead,0.0121642866079014,en,ncis
reason,0.0121214646648301,en,ncis
fine,0.0120673532963118,en,ncis
contact,0.0120253849577772,en,ncis
office,0.0118589070277867,en,ncis
read,0.0117708437860954,en,ncis
today,0.0117708437860954,en,ncis
order,0.0117571138344152,en,ncis
drug,0.0117483417671162,en,ncis
investigation,0.0117361242328748,en,ncis
autopsy,0.0116583573941695,en,ncis
photo,0.0116559891760826,en,ncis
ship,0.0116415386601424,en,ncis
federal,0.0116185579030056,en,ncis
sciuto,0.0116083245465122,en,ncis
gunny,0.0114111716064797,en,ncis
couple,0.011360479044645,en,ncis
stand,0.0113200455134364,en,ncis
husband,0.0112594970086926,en,ncis
far,0.0112198681195122,en,ncis
sit,0.0112198681195122,en,ncis
brother,0.0111697794225501,en,ncis
clean,0.0111697794225501,en,ncis
track,0.011119314369973,en,ncis
gaillot,0.0110787912780161,en,ncis
test,0.0110675966287173,en,ncis
trust,0.010855568864883,en,ncis
ari,0.0108249870280707,en,ncis
dog,0.0107572901811831,en,ncis
late,0.0107189811498911,en,ncis
high,0.010637388707328,en,ncis
bomb,0.0106204403462305,en,ncis
face,0.010603113775002,en,ncis
access,0.0105876373850847,en,ncis
walk,0.0105687150590048,en,ncis
catch,0.0105687150590048,en,ncis
easy,0.0104685376650805,en,ncis
steal,0.0104011497030972,en,ncis
system,0.0103745500775293,en,ncis
cut,0.010350658685121,en,ncis
card,0.0101996967159963,en,ncis
trimble,0.0101868970510209,en,ncis
search,0.010171250713186,en,ncis
care,0.0101680054833079,en,ncis
siravo,0.0100313382589141,en,ncis
drop,0.0099676506954595,en,ncis
explain,0.0099019588517683,en,ncis
area,0.0098511648702914,en,ncis
date,0.0097721465636697,en,ncis
lol,0.0097129534499459,en,ncis
spend,0.0096437844334542,en,ncis
paulson,0.0096394558025246,en,ncis
stuff,0.009593293415478,en,ncis
camera,0.0095588780741536,en,ncis
terrorist,0.0095265050366808,en,ncis
azari,0.0095169106558929,en,ncis
address,0.0095160643910466,en,ncis
colonel,0.0094823420563918,en,ncis
video,0.0094704912055671,en,ncis
person,0.0094667637258384,en,ncis
forensic,0.0094582941329281,en,ncis
move,0.0093665863319142,en,ncis
sailor,0.0092955749400887,en,ncis
bullet,0.0092463375675655,en,ncis
shot,0.0092349875301466,en,ncis
daughter,0.0092349875301466,en,ncis
soon,0.0091893652716684,en,ncis
fingerprint,0.0091778274198058,en,ncis
son,0.0091388742536922,en,ncis
forget,0.0091388742536922,en,ncis
naval,0.0091145809059266,en,ncis
flight,0.0090221839295639,en,ncis
buy,0.0090159654531794,en,ncis
target,0.0089708936371128,en,ncis
able,0.0089658767562173,en,ncis
write,0.0088437337547227,en,ncis
blow,0.008835928145835,en,ncis
name,0.0088051112266399,en,ncis
wear,0.0087732381536393,en,ncis
fast,0.0087655219683689,en,ncis
fight,0.0087154332714068,en,ncis
sleep,0.0087154332714068,en,ncis
service,0.0086885805309556,en,ncis
secret,0.0086885805309556,en,ncis
business,0.0086844550919064,en,ncis
show,0.0086844550919064,en,ncis
wound,0.0085660692680901,en,ncis
line,0.0085651671805204,en,ncis
lance,0.0085589938012591,en,ncis
todd,0.008521203713149,en,ncis
vargo,0.0084880554498504,en,ncis
matter,0.0084649897865962,en,ncis
pass,0.0084140997496891,en,ncis
military,0.0084005941877419,en,ncis
bank,0.008360772187458,en,ncis
cop,0.0083438828136348,en,ncis
ready,0.0083147236957099,en,ncis
country,0.0083033064071057,en,ncis
burn,0.0082452486630963,en,ncis
yost,0.0082323136100362,en,ncis
lab,0.0081835590128683,en,ncis
witness,0.0081581906762013,en,ncis
apartment,0.0081523319550121,en,ncis
police,0.0081170361300075,en,ncis
fall,0.0081143689078615,en,ncis
company,0.0081062668320176,en,ncis
warrant,0.0080517075524423,en,ncis
involve,0.0080416622763532,en,ncis
hide,0.0080416622763532,en,ncis
charge,0.0080416622763532,en,ncis
damn,0.0080416622763532,en,ncis
street,0.0080280718582158,en,ncis
arrest,0.0080102330230337,en,ncis
school,0.0080036558594604,en,ncis
book,0.0079907656796674,en,ncis
building,0.0079764128736783,en,ncis
accident,0.007964532153376,en,ncis
baby,0.0079398690829817,en,ncis
attack,0.0079398690829817,en,ncis
chance,0.007914014120013,en,ncis
mcallister,0.0078865971809606,en,ncis
expect,0.0078639254230509,en,ncis
unit,0.0078277520992653,en,ncis
alive,0.007826107786311,en,ncis
drink,0.007826107786311,en,ncis
kort,0.007817851225202,en,ncis
major,0.0077824852710468,en,ncis
finish,0.0077756167683348,en,ncis
hair,0.0077362826962385,en,ncis
information,0.0077362826962385,en,ncis
abbs,0.0077164140453186,en,ncis
list,0.0077157457863032,en,ncis
coffee,0.0076814132990207,en,ncis
personal,0.0076445174555103,en,ncis
safe,0.007634489502867,en,ncis
eat,0.0076134819382404,en,ncis
langer,0.0076074477376531,en,ncis
hotel,0.0075782240708563,en,ncis
lawyer,0.0075489631820227,en,ncis
fly,0.0075150178241526,en,ncis
save,0.0075133045443162,en,ncis
protect,0.0074906009966745,en,ncis
message,0.0074726706604776,en,ncis
rest,0.0074726706604776,en,ncis
accord,0.0074392955103959,en,ncis
force,0.0074392955103959,en,ncis
trouble,0.0074221796425014,en,ncis
game,0.0074221796425014,en,ncis
different,0.007413127150392,en,ncis
quantico,0.0073578842749365,en,ncis
arnett,0.0073423337603026,en,ncis
hurt,0.007321197606549,en,ncis
hate,0.0072707065885728,en,ncis
key,0.0072202155705966,en,ncis
story,0.0072202155705966,en,ncis
pinpin,0.0072019864422973,en,ncis
black,0.0071997023909714,en,ncis
arm,0.0071887660345406,en,ncis
young,0.0071697245526204,en,ncis
news,0.0071697245526204,en,ncis
foot,0.0071626836655814,en,ncis
rankin,0.0071198387978692,en,ncis
picture,0.0071192335346442,en,ncis
hang,0.0071192335346442,en,ncis
true,0.0071125949686193,en,ncis
park,0.0070986853935777,en,ncis
code,0.0070945972465776,en,ncis
definitely,0.0070746269393234,en,ncis
handle,0.0070336128107736,en,ncis
slug,0.0070068689204902,en,ncis
return,0.0069728337459518,en,ncis
investigate,0.0069641425915432,en,ncis
afraid,0.006962328877733,en,ncis
medical,0.0069484795882252,en,ncis
hospital,0.0069337445241779,en,ncis
cassidy,0.0069164112184403,en,ncis
bar,0.006888800399809,en,ncis
client,0.0068789336629907,en,ncis
sayer,0.0068743152791589,en,ncis
heart,0.0068667784447632,en,ncis
wonder,0.0068621514838088,en,ncis
yesterday,0.0068236296750528,en,ncis
account,0.0067773442717528,en,ncis
notice,0.0067692473592087,en,ncis
fact,0.0067657964088108,en,ncis
later,0.0067657964088108,en,ncis
piece,0.0067183507625229,en,ncis
bit,0.0067118853929224,en,ncis
movie,0.0066737210739621,en,ncis
field,0.0066707016608973,en,ncis
local,0.0066685707305472,en,ncis
laptop,0.0066657475983193,en,ncis
suicide,0.0066630491660097,en,ncis
mistake,0.0066617966959603,en,ncis
mom,0.0066209440193277,en,ncis
sister,0.0066184077299384,en,ncis
sense,0.0066143233548822,en,ncis
truth,0.0066117079989982,en,ncis
tomorrow,0.006563832336906,en,ncis
appear,0.0065149895254008,en,ncis
light,0.0065147643757798,en,ncis
undercover,0.0064887460888363,en,ncis
truck,0.0064704014028632,en,ncis
dobbs,0.0064699437921496,en,ncis
air,0.006464717656961,en,ncis
mile,0.0064615879719139,en,ncis
rule,0.0064614419081119,en,ncis
world,0.0064614419081119,en,ncis
small,0.0064614419081119,en,ncis
gps,0.0064387096715931,en,ncis
yazeed,0.0064303450377655,en,ncis
left,0.0064124103494277,en,ncis
reread,0.0064078873229723,en,ncis
collin,0.0063719071368125,en,ncis
agency,0.0063478878540536,en,ncis
copy,0.0063371665778524,en,ncis
knife,0.0063371665778524,en,ncis
bag,0.0063111779890367,en,ncis
boone,0.0063008683906725,en,ncis
dad,0.0062602813923509,en,ncis
early,0.0062602813923509,en,ncis
state,0.0062079638397097,en,ncis
vehicle,0.0062044179451931,en,ncis
leroy,0.0061966120707548,en,ncis
hoffman,0.0061806227909466,en,ncis
synchro,0.0061623294249543,en,ncis
moment,0.0061599041930964,en,ncis
sell,0.0061599041930964,en,ncis
cool,0.0061566583534311,en,ncis
type,0.0061451306392165,en,ncis
credit,0.0061266947564242,en,ncis
sample,0.0060876516674094,en,ncis
wish,0.006058922157144,en,ncis
funny,0.006058922157144,en,ncis
shut,0.006058922157144,en,ncis
hot,0.0060540473808739,en,ncis
renny,0.0060073639857021,en,ncis
danforth,0.0060073639857021,en,ncis
tobia,0.0060019253110059,en,ncis
doubt,0.0059953430096275,en,ncis
club,0.0059909932304433,en,ncis
happy,0.0059605549384908,en,ncis
war,0.0059549018122362,en,ncis
season,0.0059480423143001,en,ncis
lacombe,0.005922614564547,en,ncis
merrill,0.0059169037959524,en,ncis
mcgeek,0.0059159174347442,en,ncis
worry,0.0059074491032154,en,ncis
cold,0.0059040052155504,en,ncis
prison,0.0059004020843961,en,ncis
macy,0.0058844761019561,en,ncis
smell,0.0058569580852392,en,ncis
stick,0.0058531086188647,en,ncis
level,0.0058531086188647,en,ncis
lucky,0.0058441047618927,en,ncis
shepard,0.0058420564913397,en,ncis
driver,0.0058279945880413,en,ncis
gut,0.005818645508839,en,ncis
child,0.005806467067263,en,ncis
hire,0.0058063735221782,en,ncis
log,0.0058062930415275,en,ncis
lock,0.0057975199494809,en,ncis
past,0.0057923870206371,en,ncis
girlfriend,0.0057901141949682,en,ncis
kamal,0.0057848690232687,en,ncis
lambert,0.0057827275841457,en,ncis
connection,0.0057812747727776,en,ncis
corps,0.0057584667774711,en,ncis
prove,0.0057559760492868,en,ncis
water,0.0057513154254931,en,ncis
partner,0.0057437763341477,en,ncis
desk,0.0057061392144857,en,ncis
shooter,0.0056974355901977,en,ncis
letter,0.0056890737023939,en,ncis
red,0.0056756777972621,en,ncis
abb,0.0056587036332336,en,ncis
location,0.0056468957697715,en,ncis
bear,0.0056436034906451,en,ncis
suggest,0.00563723379687,en,ncis
learn,0.0056099340597561,en,ncis
touch,0.0056045029953582,en,ncis
half,0.0055986256354358,en,ncis
luck,0.0055986256354358,en,ncis
consider,0.005554011977382,en,ncis
entire,0.00554772903875,en,ncis
private,0.00554772903875,en,ncis
carry,0.005540992518088,en,ncis
law,0.0055261422523523,en,ncis
interrogation,0.0055188940042226,en,ncis
episode,0.0055114356878955,en,ncis
abby,0.0055100622340439,en,ncis
possible,0.0055097566658318,en,ncis
surveillance,0.0055056150961439,en,ncis
lady,0.0055035209594058,en,ncis
thorne,0.0054984061094962,en,ncis
station,0.0054564522055112,en,ncis
assume,0.0054530299414296,en,ncis
act,0.0054530299414296,en,ncis
visit,0.0054383815455308,en,ncis
serial,0.0054206816184686,en,ncis
identify,0.005411608446031,en,ncis
harrow,0.005401489831723,en,ncis
choice,0.0053950392486926,en,ncis
inside,0.0053870760592522,en,ncis
crew,0.0053621300007828,en,ncis
throw,0.0053520479054772,en,ncis
decide,0.0053520479054772,en,ncis
taylor,0.00535094478023,en,ncis
paper,0.0053441426520069,en,ncis
bethesda,0.0053265809185744,en,ncis
marry,0.0053176085824522,en,ncis
train,0.0053176085824522,en,ncis
mark,0.0052975264131177,en,ncis
cash,0.0052975264131177,en,ncis
purcell,0.0052829498178146,en,ncis
tariq,0.0052829498178146,en,ncis
ass,0.0052752096080802,en,ncis
haas,0.0052577314539737,en,ncis
explosive,0.0052541775186752,en,ncis
human,0.0052331596004164,en,ncis
dinner,0.0052331596004164,en,ncis
yoon,0.0052119008168013,en,ncis
mcellon,0.0052119008168013,en,ncis
mention,0.0052005748515486,en,ncis
share,0.0051914528619495,en,ncis
control,0.0051914528619495,en,ncis
buddy,0.0051835308031144,en,ncis
liam,0.0051505189924555,en,ncis
szwe,0.0051442760302124,en,ncis
finally,0.0051405562652637,en,ncis
single,0.0051305486278592,en,ncis
pfc,0.0051173841359685,en,ncis
sayif,0.0051173841359685,en,ncis
shoe,0.0051139926922277,en,ncis
dealer,0.0050998047205324,en,ncis
build,0.0050995928155962,en,ncis
result,0.005085625356593,en,ncis
tape,0.005084253357238,en,ncis
feeling,0.0050792431415806,en,ncis
class,0.0050731475812547,en,ncis
plane,0.005068473297221,en,ncis
usually,0.0050569414950771,en,ncis
grady,0.0050508903812069,en,ncis
welcome,0.0050387630718922,en,ncis
town,0.005027937655302,en,ncis
release,0.0050048080776021,en,ncis
tooth,0.0049947385921553,en,ncis
tonight,0.0049878664752064,en,ncis
party,0.0049766321690234,en,ncis
program,0.0049629550242584,en,ncis
confirm,0.0049629550242584,en,ncis
tissue,0.0049556081909192,en,ncis
american,0.0049373278037397,en,ncis
short,0.0049369698785206,en,ncis
polygraph,0.0049358286664038,en,ncis
interview,0.0049195223171263,en,ncis
sniper,0.0049181808957047,en,ncis
bet,0.0049086923022865,en,ncis
mission,0.0049011524521343,en,ncis
corpsman,0.004894889173535,en,ncis
finger,0.004887389214309,en,ncis
haziq,0.0048870622287017,en,ncis
galib,0.0048870622287017,en,ncis
staff,0.0048799170153241,en,ncis
government,0.0048799170153241,en,ncis
indicate,0.0048713083997431,en,ncis
transfer,0.0048626944859072,en,ncis
tillman,0.0048616134204076,en,ncis
step,0.0048586036053244,en,ncis
pack,0.004848407825177,en,ncis
brain,0.0048351766851491,en,ncis
low,0.0048351766851491,en,ncis
pattern,0.0048219023108193,en,ncis
sex,0.0048193032170341,en,ncis
fake,0.0048138315943333,en,ncis
tie,0.004809749936779,en,ncis
ring,0.004809749936779,en,ncis
court,0.0048061398138202,en,ncis
link,0.004803768850841,en,ncis
window,0.004796274407702,en,ncis
crazy,0.0047842800884633,en,ncis
weird,0.0047822840699153,en,ncis
serve,0.0047822840699153,en,ncis
partial,0.0047817184194354,en,ncis
beat,0.0047714102239091,en,ncis
signal,0.0047645683057447,en,ncis
sick,0.004744140990227,en,ncis
midshipman,0.0047380916516376,en,ncis
takada,0.0047380916516376,en,ncis
buck,0.0047250803431355,en,ncis
explosion,0.0047196099103345,en,ncis
civilian,0.0047174894346003,en,ncis
present,0.0046956646717866,en,ncis
boat,0.0046880153845557,en,ncis
gear,0.0046852591666354,en,ncis
reynold,0.0046842288467588,en,ncis
guard,0.0046833406760401,en,ncis
agree,0.0046824868950917,en,ncis
frame,0.0046708195475681,en,ncis
weekend,0.0046698293300239,en,ncis
dna,0.0046632004406589,en,ncis
block,0.0046618232435436,en,ncis
wright,0.0046616159627147,en,ncis
poison,0.0046502738616618,en,ncis
chimera,0.0046489958396769,en,ncis
travel,0.0046459351533596,en,ncis
otto,0.0046392801548874,en,ncis
passport,0.0046392092109183,en,ncis
korby,0.0046298484271911,en,ncis
seahawk,0.0046298484271911,en,ncis
damocle,0.0046298484271911,en,ncis
dollar,0.0045928630732462,en,ncis
chip,0.0045928630732462,en,ncis
tanner,0.00458591391331,en,ncis
disappear,0.0045806937017202,en,ncis
remain,0.0045756776719932,en,ncis
grab,0.0045720737811278,en,ncis
food,0.0045580714235518,en,ncis
poor,0.0045356073203269,en,ncis
criminal,0.0045354522848306,en,ncis
fun,0.0045297971050344,en,ncis
note,0.0045195212089309,en,ncis
alibi,0.0045161224238305,en,ncis
bury,0.0045040093676709,en,ncis
screw,0.00450289745115,en,ncis
callen,0.0045011870690557,en,ncis
arkady,0.0045011870690557,en,ncis
interesting,0.0044937005998818,en,ncis
free,0.0044937005998818,en,ncis
tip,0.0044857304928989,en,ncis
source,0.0044830727600317,en,ncis
leo,0.0044674549639656,en,ncis
oil,0.0044602596375079,en,ncis
cooper,0.0044521781944972,en,ncis
jenning,0.0044386612440909,en,ncis
sharif,0.0044376778469643,en,ncis
receive,0.004432328939412,en,ncis
fault,0.0044280039116628,en,ncis
database,0.004425699190269,en,ncis
remind,0.0044144160645372,en,ncis
memory,0.0044144160645372,en,ncis
leg,0.0044144160645372,en,ncis
important,0.0044078053326655,en,ncis
site,0.0043986317188424,en,ncis
smart,0.0043927185639294,en,ncis
perfect,0.0043927185639294,en,ncis
theory,0.0043915452600907,en,ncis
suv,0.0043892275903893,en,ncis
promise,0.0043609663336803,en,ncis
ground,0.0043609663336803,en,ncis
deep,0.0043577166357034,en,ncis
swear,0.0043422275459532,en,ncis
road,0.0043262107182913,en,ncis
arrive,0.0043255258324382,en,ncis
muslim,0.0043225308431211,en,ncis
claim,0.0043215079085492,en,ncis
gas,0.0043149575315305,en,ncis
jenny,0.0043132859560144,en,ncis
akazab,0.0043131338389556,en,ncis
trauma,0.0043065190200627,en,ncis
operation,0.0042933695016676,en,ncis
afis,0.0042782198099587,en,ncis
anymore,0.0042753141216055,en,ncis
gunshot,0.0042752248001065,en,ncis
box,0.0042749402329518,en,ncis
teach,0.0042749402329518,en,ncis
analysis,0.0042746004039374,en,ncis
rape,0.0042708988841409,en,ncis
baxter,0.0042675728794631,en,ncis
manassas,0.0042642824864738,en,ncis
trigger,0.0042620661687808,en,ncis
turtle,0.0042606018565745,en,ncis
position,0.0042567583479466,en,ncis
belong,0.0042526886598525,en,ncis
double,0.0042408547829664,en,ncis
decker,0.0042383796872491,en,ncis
likely,0.0042247777185682,en,ncis
ride,0.0042228068154767,en,ncis
process,0.0042121026450416,en,ncis
one,0.0042070498748445,en,ncis
outside,0.0042070498748445,en,ncis
range,0.0042002970938709,en,ncis
floor,0.0041907544920245,en,ncis
mess,0.0041891370417107,en,ncis
detail,0.0041891370417107,en,ncis
training,0.0041849573356426,en,ncis
request,0.004180386093729,en,ncis
roll,0.0041784183290441,en,ncis
mystery,0.0041763499963935,en,ncis
frank,0.0041639968804131,en,ncis
jimmy,0.004156289678952,en,ncis
tyler,0.0041517369447285,en,ncis
trail,0.0041442276939585,en,ncis
worth,0.004137419300455,en,ncis
bill,0.0041357958535487,en,ncis
heller,0.0041238045821221,en,ncis
power,0.0041226243315481,en,ncis
obviously,0.0041185399805267,en,ncis
bug,0.0041175281654584,en,ncis
kapp,0.0041154208241699,en,ncis
duty,0.0041092480531291,en,ncis
count,0.0041072731508928,en,ncis
voice,0.0040991006313559,en,ncis
member,0.0040911941537822,en,ncis
appreciate,0.0040857015591993,en,ncis
kale,0.0040837552731423,en,ncis
homicide,0.0040820560579547,en,ncis
custody,0.0040814363652622,en,ncis
plant,0.0040806519088347,en,ncis
neck,0.0040790953381006,en,ncis
profile,0.0040714069276025,en,ncis
land,0.0040664065630517,en,ncis
certainly,0.0040465480591591,en,ncis
issue,0.0040465480591591,en,ncis
shelley,0.0040445868074343,en,ncis
bed,0.004039281438096,en,ncis
shaheen,0.0040273779038919,en,ncis
round,0.0040142731455766,en,ncis
offer,0.0040070957569686,en,ncis
white,0.0040051165115168,en,ncis
dillon,0.0040012835406706,en,ncis
intelligence,0.0039843450022068,en,ncis
datum,0.003980381710444,en,ncis
king,0.0039787270745282,en,ncis
haye,0.0039732575084657,en,ncis
port,0.003948566892885,en,ncis
camp,0.003941062672653,en,ncis
garage,0.0039210026677077,en,ncis
machine,0.0039201695457071,en,ncis
seat,0.003899216957173,en,ncis
positive,0.0038979275738824,en,ncis
motive,0.0038933843779083,en,ncis
online,0.0038914517193216,en,ncis
wake,0.0038878083841674,en,ncis
fix,0.0038788305941766,en,ncis
bone,0.0038758681456884,en,ncis
hanlan,0.0038582070226593,en,ncis
dark,0.0038578728931516,en,ncis
join,0.0038373173661912,en,ncis
wire,0.0038356534550159,en,ncis
remove,0.0038356534550159,en,ncis
background,0.0038283378572978,en,ncis
footage,0.0038215028416274,en,ncis
glass,0.0038057394756766,en,ncis
embassy,0.0038049606174091,en,ncis
connect,0.0038049321852648,en,ncis
hack,0.0037975305767214,en,ncis
heatherton,0.0037904733213101,en,ncis
hanson,0.003790397000283,en,ncis
threat,0.0037849441659438,en,ncis
worried,0.0037753951116652,en,ncis
dear,0.0037744815910113,en,ncis
daddy,0.0037744815910113,en,ncis
quinn,0.0037556877497604,en,ncis
flore,0.0037555224671241,en,ncis
tough,0.0037536060582015,en,ncis
robbery,0.0037505925341263,en,ncis
board,0.0037381087440824,en,ncis
coincidence,0.0037372056676589,en,ncis
dozen,0.0037342113921023,en,ncis
post,0.0037312326259778,en,ncis
grow,0.0037236773704095,en,ncis
innocent,0.0037197789592576,en,ncis
damage,0.0037197789592576,en,ncis
common,0.003714373639618,en,ncis
risk,0.0037014726407265,en,ncis
retire,0.0036993363731061,en,ncis
freeze,0.0036985350270262,en,ncis
multiple,0.0036954156807265,en,ncis
recognize,0.0036946442958368,en,ncis
fbl,0.0036842718974043,en,ncis
fit,0.003678680053781,en,ncis
chief,0.003675940000976,en,ncis
solve,0.0036719607580052,en,ncis
bell,0.0036719607580052,en,ncis
gang,0.0036688007266631,en,ncis
blue,0.0036650763275038,en,ncis
bastard,0.0036650763275038,en,ncis
push,0.0036645549613761,en,ncis
judge,0.0036605421375946,en,ncis
investigator,0.0036596279770353,en,ncis
screen,0.0036460360545694,en,ncis
manda,0.0036393433830841,en,ncis
realize,0.0036357665979994,en,ncis
stupid,0.0036353532942864,en,ncis
possibly,0.0036313056371086,en,ncis
mole,0.0036295620945898,en,ncis
locker,0.0036294261149992,en,ncis
detective,0.0036235454593256,en,ncis
owe,0.0036202418878981,en,ncis
pula,0.0036009932211486,en,ncis
escort,0.0035993178553912,en,ncis
server,0.0035954582315437,en,ncis
benoit,0.0035924058761139,en,ncis
statement,0.0035883574548451,en,ncis
married,0.0035864582080254,en,ncis
zach,0.003574806225158,en,ncis
encryption,0.0035743569436268,en,ncis
age,0.0035685241466425,en,ncis
ridgeway,0.0035599193989346,en,ncis
olin,0.0035599193989346,en,ncis
tedrow,0.0035599193989346,en,ncis
plate,0.0035577075524785,en,ncis
iger,0.0035535687387282,en,ncis
stab,0.0035534086676101,en,ncis
store,0.0035493426967888,en,ncis
command,0.0035453816829674,en,ncis
jump,0.0035450723883014,en,ncis
deliver,0.0035292124616949,en,ncis
relationship,0.0035245025301348,en,ncis
contract,0.0035245015194171,en,ncis
female,0.0035245015194171,en,ncis
cross,0.0035168064053868,en,ncis
middle,0.0035118651713188,en,ncis
professional,0.0035020580933502,en,ncis
defense,0.0035008231800959,en,ncis
history,0.0034990476315242,en,ncis
certain,0.0034963674326577,en,ncis
sandy,0.0034955136048269,en,ncis
dig,0.0034887730669442,en,ncis
kidnap,0.0034875452621842,en,ncis
busy,0.0034838802403578,en,ncis
examiner,0.0034759484213825,en,ncis
ear,0.0034684697649935,en,ncis
conference,0.0034684335697406,en,ncis
murderer,0.0034684335697406,en,ncis
homeland,0.0034660006357676,en,ncis
quick,0.0034650886641311,en,ncis
interested,0.0034650886641311,en,ncis
register,0.0034535230782987,en,ncis
admiral,0.0034514496991068,en,ncis
senior,0.003451102358197,en,ncis
film,0.0034470835719318,en,ncis
route,0.0034356053964588,en,ncis
feed,0.0034333892223816,en,ncis
abduct,0.0034200700251269,en,ncis
depend,0.0034187059055815,en,ncis
relax,0.0034159171927966,en,ncis
interrogate,0.0034156527785662,en,ncis
careful,0.0034133709228754,en,ncis
negative,0.0034116661942369,en,ncis
unusual,0.0034113410265464,en,ncis
nope,0.0034077509733089,en,ncis
nash,0.0034051275493961,en,ncis
israeli,0.0034051275493961,en,ncis
domino,0.003398286965771,en,ncis
attempt,0.0033872365165191,en,ncis
protection,0.0033841290740927,en,ncis
elevator,0.0033834336845068,en,ncis
capture,0.0033801656792282,en,ncis
deploy,0.0033747900927211,en,ncis
rebecca,0.0033747900927211,en,ncis
license,0.0033696116675613,en,ncis
yard,0.0033696116675613,en,ncis
difference,0.0033633646205997,en,ncis
satellite,0.0033592956508819,en,ncis
sander,0.0033580034916571,en,ncis
cab,0.0033554505213799,en,ncis
software,0.0033447842449834,en,ncis
tabal,0.003343779419638,en,ncis
mayne,0.003343779419638,en,ncis
enter,0.0033375531254539,en,ncis
waste,0.0033365387184014,en,ncis
college,0.0033330105341893,en,ncis
nick,0.0033323612745729,en,ncis
seabrook,0.0033166641561463,en,ncis
cryer,0.0033166641561463,en,ncis
ray,0.0033150578386883,en,ncis
parent,0.0033108120484029,en,ncis
study,0.0033101755593726,en,ncis
enjoy,0.003309935440364,en,ncis
simple,0.0033082787845757,en,ncis
national,0.0033007124802815,en,ncis
secure,0.0032989737891318,en,ncis
apparently,0.0032835511218299,en,ncis
bomber,0.003276400408555,en,ncis
ensign,0.0032737774423668,en,ncis
jet,0.0032721071412647,en,ncis
identity,0.0032651490922097,en,ncis
cove,0.0032632472348379,en,ncis
radar,0.0032620833203782,en,ncis
clearance,0.0032611646388588,en,ncis
network,0.0032599186381692,en,ncis
slow,0.0032582176991083,en,ncis
spot,0.0032574947627004,en,ncis
wall,0.0032573821878899,en,ncis
surprise,0.0032573821878899,en,ncis
residue,0.0032462468317277,en,ncis
trunk,0.0032450319062334,en,ncis
leak,0.0032450319062334,en,ncis
include,0.0032322718834513,en,ncis
kick,0.0032322456355513,en,ncis
instead,0.0032322456355513,en,ncis
sweet,0.0032314251504768,en,ncis
tag,0.0032283956589243,en,ncis
enemy,0.0032274552734735,en,ncis
unfortunately,0.0032274552734735,en,ncis
department,0.0032241724694337,en,ncis
collect,0.0032200271262507,en,ncis
georgetown,0.0032070390126382,en,ncis
download,0.0032066003940236,en,ncis
allow,0.0032064999578526,en,ncis
blake,0.0032049986846244,en,ncis
swab,0.0031821900030322,en,ncis
afternoon,0.0031785158478706,en,ncis
metro,0.0031778896344126,en,ncis
prefer,0.0031727526417197,en,ncis
rickey,0.0031697698906888,en,ncis
fiber,0.003152764710976,en,ncis
familiar,0.0031506916557266,en,ncis
career,0.0031322025994062,en,ncis
complete,0.0031280050485013,en,ncis
trent,0.0031213669202798,en,ncis
switch,0.0031180500099659,en,ncis
shoulder,0.0031180500099659,en,ncis
version,0.0031088254493345,en,ncis
electronic,0.0031088002937726,en,ncis
ahead,0.0031046923978325,en,ncis
ball,0.0031006017596154,en,ncis
experience,0.0031006017596154,en,ncis
hurry,0.0031006017596154,en,ncis
lunch,0.0030972901022397,en,ncis
downing,0.0030928534365916,en,ncis
coordinate,0.0030903525139409,en,ncis
emmy,0.0030903113954733,en,ncis
dirtbag,0.0030897319301178,en,ncis
crack,0.003088060903983,en,ncis
condition,0.003088060903983,en,ncis
puchenko,0.0030865656181274,en,ncis
mossad,0.0030865656181274,en,ncis
sweigart,0.0030865656181274,en,ncis
saleem,0.0030865656181274,en,ncis
research,0.0030821125225218,en,ncis
cute,0.0030821125225218,en,ncis
effect,0.0030821125225218,en,ncis
pax,0.0030797595735644,en,ncis
glove,0.0030767751061207,en,ncis
skin,0.0030725653196082,en,ncis
pilot,0.0030708504977363,en,ncis
physical,0.0030674668565611,en,ncis
boyfriend,0.0030574049279112,en,ncis
recently,0.0030574049279112,en,ncis
schedule,0.0030574049279112,en,ncis
straight,0.0030554105146885,en,ncis
imagine,0.0030513467340856,en,ncis
mass,0.0030503299918594,en,ncis
internet,0.0030490403445396,en,ncis
situation,0.0030480491874185,en,ncis
favorite,0.0030427717860256,en,ncis
holly,0.0030360291217994,en,ncis
bite,0.003032916959269,en,ncis
glad,0.003029461078572,en,ncis
determine,0.0030266846705835,en,ncis
speed,0.0030260741130214,en,ncis
manage,0.0030237382135512,en,ncis
porter,0.0030163397405801,en,ncis
assign,0.0030099484282056,en,ncis
jurisdiction,0.003009947920535,en,ncis
whoa,0.0030095901234185,en,ncis
virus,0.0030090274477845,en,ncis
ice,0.0030086447464583,en,ncis
absolutely,0.003002899204461,en,ncis
donnelly,0.0030021856118014,en,ncis
illegal,0.0030020176674637,en,ncis
traffic,0.0029999133776911,en,ncis
strange,0.0029996289928299,en,ncis
concern,0.0029996289928299,en,ncis
encrypt,0.0029987946226712,en,ncis
recover,0.0029893245104436,en,ncis
maryland,0.0029794866057216,en,ncis
anthrax,0.0029794866057216,en,ncis
warm,0.002977773014555,en,ncis
trash,0.0029775961112316,en,ncis
beautiful,0.0029757182041583,en,ncis
city,0.0029757182041583,en,ncis
create,0.0029757182041583,en,ncis
supply,0.002970035703521,en,ncis
patient,0.002970035703521,en,ncis
clothe,0.0029666147913459,en,ncis
design,0.0029649155956736,en,ncis
cartel,0.0029609930996962,en,ncis
storage,0.0029592681141773,en,ncis
hacker,0.0029584603242687,en,ncis
personnel,0.0029545152300292,en,ncis
load,0.0029539421147045,en,ncis
legal,0.0029517133902758,en,ncis
wood,0.0029517133902758,en,ncis
scan,0.0029484308966252,en,ncis
shooting,0.0029446367511259,en,ncis
conversation,0.0029429440430248,en,ncis
brewer,0.002942238050978,en,ncis
seaman,0.002942238050978,en,ncis
material,0.002941091546756,en,ncis
specific,0.0029375686064041,en,ncis
intel,0.0029365944243202,en,ncis
airport,0.0029364045242382,en,ncis
shop,0.0029303193476413,en,ncis
caf,0.0029275995103065,en,ncis
perry,0.0029199283228953,en,ncis
mouth,0.0029194713786012,en,ncis
cabdriver,0.0029169680522445,en,ncis
art,0.0029136395272147,en,ncis
space,0.0029069011092663,en,ncis
sketch,0.0029009879213032,en,ncis
kaplan,0.0028924345116343,en,ncis
beringer,0.0028924345116343,en,ncis
admit,0.0028903914708279,en,ncis
honey,0.0028903914708279,en,ncis
rock,0.0028836838882921,en,ncis
hole,0.0028836838882921,en,ncis
neighbor,0.0028794863340979,en,ncis
threaten,0.0028760541745368,en,ncis
prior,0.0028756608995933,en,ncis
meyer,0.0028756177492234,en,ncis
gale,0.0028754225593037,en,ncis
protocol,0.0028728163425618,en,ncis
monitor,0.0028725696432765,en,ncis
slip,0.0028674851251271,en,ncis
term,0.0028673379611262,en,ncis
ballistic,0.0028668503574856,en,ncis
employee,0.0028647693225084,en,ncis
tire,0.00286135061781,en,ncis
focus,0.0028606642630835,en,ncis
casing,0.0028599656766765,en,ncis
dump,0.0028579588845202,en,ncis
funeral,0.0028560615760793,en,ncis
cam,0.0028497785388734,en,ncis
geek,0.0028487177950988,en,ncis
fuel,0.0028482326245807,en,ncis
squad,0.0028456471518193,en,ncis
impossible,0.0028444757690628,en,ncis
treat,0.0028444757690628,en,ncis
holcomb,0.0028428549909825,en,ncis
self,0.002837838898631,en,ncis
accuse,0.0028328676076063,en,ncis
pressure,0.0028302823348052,en,ncis
bayliss,0.0028293518166168,en,ncis
mcgoo,0.0028293518166168,en,ncis
mosuma,0.0028293518166168,en,ncis
masoud,0.0028293518166168,en,ncis
swiftcast,0.0028293518166168,en,ncis
risi,0.0028293518166168,en,ncis
siri,0.0028293518166168,en,ncis
mosque,0.002825586458166,en,ncis
neill,0.002825586458166,en,ncis
delivery,0.0028245851984655,en,ncis
gentleman,0.0028218017453225,en,ncis
table,0.0028218017453225,en,ncis
nile,0.002816641850343,en,ncis
attorney,0.0028140121414876,en,ncis
north,0.0028131286323633,en,ncis
rush,0.0028123411804131,en,ncis
armed,0.0028087347623148,en,ncis
surprised,0.0028076889989524,en,ncis
nervous,0.0027992381052194,en,ncis
turner,0.0027955537500331,en,ncis
metal,0.0027907274393607,en,ncis
chain,0.0027905077703801,en,ncis
original,0.0027898342194432,en,ncis
cost,0.0027852863264342,en,ncis
obvious,0.0027852863264342,en,ncis
dress,0.0027852863264342,en,ncis
stare,0.0027780831908478,en,ncis
quit,0.0027768807813183,en,ncis
rich,0.0027768807813183,en,ncis
locate,0.0027676917762546,en,ncis
model,0.0027646260539506,en,ncis
fail,0.0027630711261761,en,ncis
shirt,0.0027571972356991,en,ncis
tour,0.0027501148205651,en,ncis
wilkerson,0.0027471339052636,en,ncis
character,0.0027423114910751,en,ncis
sea,0.0027402141345733,en,ncis
butt,0.0027402141345733,en,ncis
honor,0.0027335586322091,en,ncis
trip,0.0027327337542373,en,ncis
clue,0.0027278530042894,en,ncis
group,0.0027234792278314,en,ncis
roni,0.0027225035154282,en,ncis
kemp,0.0027225035154282,en,ncis
classified,0.0027185171994599,en,ncis
boot,0.0027178392960341,en,ncis
activity,0.0027123200498359,en,ncis
bust,0.0027116017905269,en,ncis
thought,0.0027109377087011,en,ncis
respect,0.0027109377087011,en,ncis
pain,0.0027109377087011,en,ncis
guilty,0.0027020532909851,en,ncis
soil,0.0026904556953711,en,ncis
image,0.002689843656019,en,ncis
chemical,0.0026841077476486,en,ncis
stomach,0.0026839644380735,en,ncis
suffer,0.0026804289559356,en,ncis
angle,0.0026737597733509,en,ncis
alert,0.0026737597733509,en,ncis
suit,0.0026700776743445,en,ncis
strong,0.0026678852864868,en,ncis
highly,0.0026623297245625,en,ncis
lung,0.0026617215049396,en,ncis
barely,0.0026589934821189,en,ncis
public,0.0026588042912261,en,ncis
corner,0.0026588042912261,en,ncis
iraqi,0.0026549613070052,en,ncis
mace,0.0026519422484973,en,ncis
pos,0.0026519422484973,en,ncis
paraguay,0.0026489873045307,en,ncis
parking,0.0026469823920804,en,ncis
begin,0.0026466230276605,en,ncis
plague,0.0026308230962515,en,ncis
shipment,0.0026308230962515,en,ncis
assistant,0.0026305446109753,en,ncis
form,0.0026276286098435,en,ncis
army,0.0026256173850719,en,ncis
owner,0.0026256173850719,en,ncis
difficult,0.0026166761208577,en,ncis
preliminary,0.0026166610449368,en,ncis
struggle,0.0026092506997551,en,ncis
leyla,0.0026059504084006,en,ncis
pirate,0.0026055676965668,en,ncis
large,0.0026047283090145,en,ncis
container,0.0026024021170028,en,ncis
assault,0.0025960255249867,en,ncis
breathe,0.0025957879424276,en,ncis
green,0.0025957879424276,en,ncis
add,0.0025957879424276,en,ncis
narrow,0.0025943011462144,en,ncis
doe,0.0025932226540988,en,ncis
attention,0.0025858870627844,en,ncis
bother,0.0025858870627844,en,ncis
notify,0.0025786559300473,en,ncis
star,0.0025750760376467,en,ncis
deserve,0.0025750760376467,en,ncis
investigative,0.0025747766084315,en,ncis
swak,0.0025721380151062,en,ncis
quaderi,0.0025721380151062,en,ncis
vetter,0.0025721380151062,en,ncis
newell,0.0025721380151062,en,ncis
mavrey,0.0025721380151062,en,ncis
gemcity,0.0025721380151062,en,ncis
stenner,0.0025721380151062,en,ncis
tiffany,0.0025718754115432,en,ncis
blunt,0.0025681336703298,en,ncis
fatal,0.0025681336703298,en,ncis
fear,0.0025652743139296,en,ncis
choose,0.0025652743139296,en,ncis
twice,0.0025632745673708,en,ncis
russian,0.0025575441924855,en,ncis
divorce,0.0025522252381985,en,ncis
shalom,0.0025503514914626,en,ncis
tower,0.0025499023602662,en,ncis
cid,0.0025462713440631,en,ncis
corp,0.0025421917126014,en,ncis
exact,0.002542126678619,en,ncis
gunnery,0.002535815912551,en,ncis
custom,0.0025354922741316,en,ncis
raise,0.0025341693215287,en,ncis
joke,0.0025341693215287,en,ncis
attacker,0.0025315469175174,en,ncis
flash,0.0025314987131801,en,ncis
chase,0.0025300805951021,en,ncis
magda,0.0025280389786119,en,ncis
scientist,0.002524921520361,en,ncis
technology,0.002524921520361,en,ncis
shell,0.002524921520361,en,ncis
responsible,0.0025225234654498,en,ncis
interpol,0.0025222132416549,en,ncis
deployment,0.0025222132416549,en,ncis
summer,0.0025217284275178,en,ncis
dental,0.0025210770508465,en,ncis
odd,0.0025163210606742,en,ncis
draw,0.002513968827651,en,ncis
maguire,0.002512003566412,en,ncis
fairfax,0.002512003566412,en,ncis
warehouse,0.0025061662621314,en,ncis
brass,0.0025038011832678,en,ncis
calm,0.002502404038801,en,ncis
discover,0.0025015131228364,en,ncis
crash,0.0024961979628055,en,ncis
piss,0.0024961979628055,en,ncis
millimeter,0.0024955971497636,en,ncis
discharge,0.0024947054353181,en,ncis
french,0.002491103758703,en,ncis
social,0.0024906483952207,en,ncis
tight,0.0024898374141653,en,ncis
overseas,0.0024874999423051,en,ncis
direct,0.0024856349746496,en,ncis
pound,0.0024856349746496,en,ncis
completely,0.002482451580273,en,ncis
part,0.0024814775121292,en,ncis
lack,0.0024712249342949,en,ncis
operate,0.0024707629963947,en,ncis
torture,0.002470516899275,en,ncis
combat,0.0024649317699817,en,ncis
sheriff,0.0024623488151581,en,ncis
alley,0.0024620923920691,en,ncis
personally,0.002456471460397,en,ncis
convince,0.002456471460397,en,ncis
coworker,0.0024507306568263,en,ncis
dude,0.002448812941354,en,ncis
locke,0.0024474445867675,en,ncis
paula,0.0024460377780099,en,ncis
grand,0.002445923942329,en,ncis
dust,0.0024458671511087,en,ncis
smoke,0.0024368621500341,en,ncis
avoid,0.0024368621500341,en,ncis
map,0.0024306907030462,en,ncis
correct,0.0024263335674152,en,ncis
crap,0.0024224175910552,en,ncis
favor,0.0024224175910552,en,ncis
verify,0.0024174899344194,en,ncis
lift,0.0024174183210561,en,ncis
accurate,0.0024113988100577,en,ncis
scared,0.0024113578550938,en,ncis
exit,0.0024109511554096,en,ncis
robert,0.0024101208648298,en,ncis
tea,0.002409651608517,en,ncis
size,0.002409651608517,en,ncis
page,0.0024069157971666,en,ncis
spy,0.0024057947134422,en,ncis
abdul,0.0024055526729046,en,ncis
nose,0.0024030699069101,en,ncis
rifle,0.0024024476270827,en,ncis
sand,0.0024013236106127,en,ncis
degree,0.0023922291730655,en,ncis
restaurant,0.0023914041917957,en,ncis
beach,0.0023914041917957,en,ncis
tox,0.0023908476677623,en,ncis
fish,0.0023903347618215,en,ncis
impression,0.0023893610006344,en,ncis
forward,0.0023838868859029,en,ncis
volunteer,0.0023815022260795,en,ncis
tat,0.0023813976389171,en,ncis
pleasure,0.0023790160977616,en,ncis
spec,0.0023748154490612,en,ncis
cabin,0.0023739314959157,en,ncis
leader,0.002372651566711,en,ncis
student,0.0023720460906864,en,ncis
fracture,0.0023714741192094,en,ncis
loss,0.0023711896227012,en,ncis
walid,0.0023690458258188,en,ncis
roca,0.0023690458258188,en,ncis
beary,0.0023690458258188,en,ncis
update,0.0023684035791548,en,ncis
diver,0.0023667689040358,en,ncis
riley,0.0023667689040358,en,ncis
injury,0.0023665485707678,en,ncis
kasius,0.0023643948194871,en,ncis
tattoo,0.0023618905955829,en,ncis
pow,0.0023612157748519,en,ncis
semper,0.0023545229679796,en,ncis
project,0.0023536131990166,en,ncis
damon,0.0023526602070722,en,ncis
radius,0.0023526167994068,en,ncis
dry,0.0023522131654128,en,ncis
animal,0.0023522131654128,en,ncis
loose,0.0023522131654128,en,ncis
communication,0.0023485942791925,en,ncis
survive,0.0023460037863759,en,ncis
fill,0.0023460037863759,en,ncis
meeting,0.0023460037863759,en,ncis
accomplice,0.0023450109269101,en,ncis
facility,0.0023424843262463,en,ncis
seal,0.0023349146650119,en,ncis
bathroom,0.0023349146650119,en,ncis
dirt,0.0023280953339514,en,ncis
reach,0.0023272983565059,en,ncis
victor,0.0023266473019701,en,ncis
sayda,0.0023149242135955,en,ncis
broussard,0.0023149242135955,en,ncis
dla,0.0023149242135955,en,ncis
daoub,0.0023149242135955,en,ncis
horlacher,0.0023149242135955,en,ncis
lambro,0.0023149242135955,en,ncis
lsraeli,0.0023149242135955,en,ncis
ruin,0.0023147545870083,en,ncis
bedroom,0.0023127449384193,en,ncis
action,0.0023123131766623,en,ncis
interest,0.0023123131766623,en,ncis
accept,0.0023087468825366,en,ncis
toe,0.0023042709768002,en,ncis
fragment,0.0023037025837575,en,ncis
korean,0.0023036281382433,en,ncis
operative,0.0023036281382433,en,ncis
recognition,0.002302308868617,en,ncis
refuse,0.0022975747895162,en,ncis
alarm,0.0022975747895162,en,ncis
spread,0.0022962667999363,en,ncis
normal,0.0022938703689009,en,ncis
trojan,0.002292956956655,en,ncis
spatter,0.002292956956655,en,ncis
river,0.0022904035976392,en,ncis
paperwork,0.0022791739390505,en,ncis
living,0.0022791564008065,en,ncis
ticket,0.0022791372703877,en,ncis
amazing,0.0022755806152502,en,ncis
package,0.0022718339822059,en,ncis
diamond,0.0022710662271593,en,ncis
cooperate,0.002270258604942,en,ncis
taxi,0.002270258604942,en,ncis
skull,0.0022624632791986,en,ncis
backup,0.0022604878330683,en,ncis
clearly,0.0022597606044654,en,ncis
destroy,0.0022597606044654,en,ncis
fingernail,0.0022581586703579,en,ncis
assassin,0.0022577004896171,en,ncis
password,0.0022563239387914,en,ncis
campus,0.0022563239387914,en,ncis
dina,0.0022533134802744,en,ncis
tobias,0.0022533134802744,en,ncis
spectrometer,0.0022533134802744,en,ncis
evan,0.0022503101395259,en,ncis
cynthia,0.0022503101395259,en,ncis
dion,0.0022503101395259,en,ncis
beer,0.0022428079019053,en,ncis
basement,0.0022419933828327,en,ncis
radio,0.0022415363800158,en,ncis
chest,0.0022415363800158,en,ncis
sever,0.0022367615838356,en,ncis
footprint,0.0022366324592507,en,ncis
classic,0.0022342208336595,en,ncis
isolate,0.0022338444165459,en,ncis
bombing,0.0022309179600299,en,ncis
limit,0.0022301298187539,en,ncis
blog,0.0022277612874153,en,ncis
totally,0.0022249610935094,en,ncis
strike,0.0022249610935094,en,ncis
runion,0.0022249496243341,en,ncis
viggo,0.0022249496243341,en,ncis
swain,0.0022249496243341,en,ncis
proof,0.0022248720972832,en,ncis
rowan,0.0022240431785514,en,ncis
decision,0.0022238628739946,en,ncis
usual,0.0022210163886699,en,ncis
handler,0.0022191455254004,en,ncis
language,0.0022171880140607,en,ncis
smuggle,0.0022137585275164,en,ncis
cocaine,0.0022076436324832,en,ncis
web,0.00220738028405,en,ncis
pop,0.0022070915829614,en,ncis
especially,0.0022070915829614,en,ncis
music,0.0022070915829614,en,ncis
dangerous,0.0022061359099794,en,ncis
guest,0.0022057577885593,en,ncis
general,0.0022031764548031,en,ncis
paint,0.0022031764548031,en,ncis
master,0.0022031764548031,en,ncis
wash,0.0021993158594212,en,ncis
plastic,0.0021976965043719,en,ncis
perform,0.0021941426338849,en,ncis
technique,0.0021885588462614,en,ncis
device,0.002188407450992,en,ncis
chat,0.0021876216327416,en,ncis
directly,0.0021876216327416,en,ncis
center,0.0021854979705154,en,ncis
lane,0.0021837159095014,en,ncis
gate,0.0021797157888651,en,ncis
desert,0.0021797157888651,en,ncis
dod,0.002177069757557,en,ncis
caitlin,0.002177069757557,en,ncis
technically,0.0021764077445994,en,ncis
science,0.0021764077445994,en,ncis
jane,0.0021757409409774,en,ncis
passenger,0.0021753436697932,en,ncis
tear,0.0021721451327389,en,ncis
pretend,0.0021719858293782,en,ncis
scare,0.0021719858293782,en,ncis
tree,0.0021706069241787,en,ncis
birthday,0.0021679780397916,en,ncis
liberty,0.0021653975580843,en,ncis
assignment,0.0021595907132347,en,ncis
rent,0.0021588409610591,en,ncis
jealous,0.0021588409610591,en,ncis
jacket,0.0021588409610591,en,ncis
timmy,0.002158716530351,en,ncis
postmortem,0.0021564239316898,en,ncis
powder,0.0021546122569214,en,ncis
conduct,0.0021546122569214,en,ncis
psychological,0.0021506081338949,en,ncis
south,0.0021466847508338,en,ncis
spring,0.0021442983339026,en,ncis
watson,0.0021428019799059,en,ncis
bureau,0.0021405155178125,en,ncis
classify,0.0021405155178125,en,ncis
rosewood,0.0021391099049793,en,ncis
cook,0.0021360621394756,en,ncis
scream,0.0021360621394756,en,ncis
kiss,0.0021360621394756,en,ncis
foreign,0.0021334258497557,en,ncis
blame,0.0021334026383977,en,ncis
charlottesville,0.0021321412432369,en,ncis
hondo,0.0021321412432369,en,ncis
westfall,0.0021321412432369,en,ncis
stillwater,0.0021321412432369,en,ncis
diner,0.0021302464263351,en,ncis
firewall,0.0021300920136322,en,ncis
chair,0.002129459561015,en,ncis
text,0.0021293772039516,en,ncis
arabic,0.0021282047183726,en,ncis
relate,0.0021241991713763,en,ncis
review,0.0021240425259628,en,ncis
bate,0.0021239690456041,en,ncis
quiet,0.0021206227550004,en,ncis
earwig,0.0021191898436245,en,ncis
dempsey,0.0021191898436245,en,ncis
taste,0.0021190105652471,en,ncis
willing,0.0021190105652471,en,ncis
halloween,0.002118981432334,en,ncis
drag,0.0021163417510743,en,ncis
description,0.0021154747873294,en,ncis
facial,0.0021144517200648,en,ncis
eod,0.0021131799271258,en,ncis
nature,0.0021123888592841,en,ncis
horse,0.0021123888592841,en,ncis
bruise,0.0021116661032723,en,ncis
pool,0.0021071181123278,en,ncis
contain,0.0021065510717361,en,ncis
trick,0.0021021028878748,en,ncis
cry,0.0021021028878748,en,ncis
lay,0.0021021028878748,en,ncis
cuff,0.002100836455709,en,ncis
emilio,0.0021002894635575,en,ncis
continue,0.0020994285789145,en,ncis
testify,0.0020984401982965,en,ncis
testimony,0.0020978424900699,en,ncis
mit,0.0020955760630236,en,ncis
burrow,0.0020955760630236,en,ncis
rough,0.0020954698991313,en,ncis
trade,0.0020954698991313,en,ncis
rental,0.0020951579431634,en,ncis
inch,0.0020901930468645,en,ncis
tail,0.0020901930468645,en,ncis
kidnapper,0.0020898375951738,en,ncis
battery,0.0020892427774629,en,ncis
dentist,0.0020844541572534,en,ncis
price,0.0020826605859887,en,ncis
warn,0.0020826605859887,en,ncis
content,0.0020819984402065,en,ncis
deceased,0.0020770844504477,en,ncis
junior,0.0020768204199893,en,ncis
naked,0.0020755403293506,en,ncis
phantom,0.0020707805555801,en,ncis
extra,0.0020687096502275,en,ncis
wheel,0.0020667883829608,en,ncis
stephanie,0.0020667086257004,en,ncis
operational,0.0020667086257004,en,ncis
refer,0.0020660870975893,en,ncis
bitch,0.0020660353011159,en,ncis
laurie,0.0020655373569182,en,ncis
syke,0.0020655373569182,en,ncis
creepy,0.0020628341663282,en,ncis
parson,0.002061902291061,en,ncis
campfire,0.0020598212867452,en,ncis
blast,0.0020596776009336,en,ncis
policy,0.0020587640827292,en,ncis
flesh,0.0020587640827292,en,ncis
danborn,0.0020577104120849,en,ncis
znn,0.0020577104120849,en,ncis
fahad,0.0020577104120849,en,ncis
staiger,0.0020577104120849,en,ncis
tibben,0.0020577104120849,en,ncis
throat,0.0020567996787766,en,ncis
toss,0.0020551606009299,en,ncis
hunt,0.0020501689741568,en,ncis
fellow,0.0020493084820982,en,ncis
sperm,0.0020477502553468,en,ncis
bunker,0.0020477502553468,en,ncis
invite,0.0020455970768911,en,ncis
dirty,0.0020455970768911,en,ncis
tom,0.0020432327444478,en,ncis
hook,0.0020403259544173,en,ncis
apologize,0.0020403259544173,en,ncis
abandon,0.0020337013428952,en,ncis
debra,0.0020317691511863,en,ncis
needle,0.0020259323902671,en,ncis
zone,0.0020259323902671,en,ncis
barrel,0.0020253199684282,en,ncis
keate,0.0020218574350467,en,ncis
nelson,0.0020218574350467,en,ncis
stanhope,0.0020218574350467,en,ncis
enlisted,0.0020218574350467,en,ncis
epsilon,0.0020218574350467,en,ncis
tend,0.0020217670005368,en,ncis
surgery,0.0020217670005368,en,ncis
liver,0.0020207201909522,en,ncis
authority,0.0020173827420143,en,ncis
senator,0.0020156746209629,en,ncis
press,0.0020130600369847,en,ncis
bait,0.0020127748147014,en,ncis
nate,0.0020117535684304,en,ncis
patterson,0.0020096028531296,en,ncis
orion,0.0020096028531296,en,ncis
trial,0.0020093775945452,en,ncis
quarter,0.0020093775945452,en,ncis
trap,0.0020078114048653,en,ncis
pocket,0.0020078114048653,en,ncis
anonymous,0.0020076413530563,en,ncis
downstairs,0.0020053198300131,en,ncis
color,0.0020053198300131,en,ncis
acid,0.0020027570631101,en,ncis
notv,0.0020024546619007,en,ncis
skill,0.0020012104982691,en,ncis
rate,0.0020012104982691,en,ncis
knock,0.0020009139648651,en,ncis
lnternet,0.0020006417703353,en,ncis
drown,0.001999942251794,en,ncis
super,0.001999942251794,en,ncis
movement,0.0019953126759045,en,ncis
uniform,0.0019928830069624,en,ncis
brief,0.0019928830069624,en,ncis
marina,0.0019896351549299,en,ncis
consistent,0.001988232518965,en,ncis
mold,0.001986776430863,en,ncis
settle,0.0019851820097033,en,ncis
commit,0.0019851820097033,en,ncis
hero,0.0019851820097033,en,ncis
sale,0.0019837998020543,en,ncis
rat,0.0019772096389258,en,ncis
secretary,0.0019767628288812,en,ncis
joint,0.0019766103971157,en,ncis
meaning,0.0019766103971157,en,ncis
gold,0.0019729084582315,en,ncis
worker,0.0019729084582315,en,ncis
circle,0.0019692947431363,en,ncis
proud,0.0019652741677161,en,ncis
document,0.0019632642847588,en,ncis
pro,0.0019632642847588,en,ncis
slap,0.0019632642847588,en,ncis
strauss,0.0019614920339853,en,ncis
smile,0.0019600847728535,en,ncis
discuss,0.0019600847728535,en,ncis
uncle,0.0019569380248163,en,ncis
liaison,0.0019543837336549,en,ncis
heavy,0.0019535462317608,en,ncis
excellent,0.0019535462317608,en,ncis
aware,0.0019535462317608,en,ncis
frequency,0.0019481075042144,en,ncis
contractor,0.0019481075042144,en,ncis
carrier,0.0019481075042144,en,ncis
height,0.00194701914374,en,ncis
engine,0.00194701914374,en,ncis
silver,0.0019465311895865,en,ncis
wrap,0.0019456213177617,en,ncis
official,0.0019456213177617,en,ncis
corpse,0.0019433687866083,en,ncis
neighborhood,0.0019411204208589,en,ncis
severe,0.0019391510312292,en,ncis
suck,0.0019379340728442,en,ncis
fourth,0.0019362706978147,en,ncis
tired,0.0019340706740596,en,ncis
dream,0.0019340706740596,en,ncis
market,0.0019300380649894,en,ncis
alcohol,0.0019287609243277,en,ncis
holiday,0.0019269652836503,en,ncis
deck,0.0019269652836503,en,ncis
require,0.0019254527490527,en,ncis
nurse,0.0019254527490527,en,ncis
cape,0.0019239756573132,en,ncis
medal,0.0019232509408654,en,ncis
escape,0.0019224559255281,en,ncis
false,0.0019148413222058,en,ncis
entry,0.0019136974060905,en,ncis
impressive,0.0019131233534366,en,ncis
collins,0.0019130499114834,en,ncis
toothbrush,0.001910749644149,en,ncis
stress,0.0019099321937078,en,ncis
owen,0.001906643784451,en,ncis
munoz,0.0019018619344132,en,ncis
iggy,0.0019018619344132,en,ncis
alias,0.0018998523592489,en,ncis
equipment,0.0018993116158754,en,ncis
flower,0.0018992810586564,en,ncis
approach,0.0018992810586564,en,ncis
freak,0.0018992810586564,en,ncis
ranger,0.0018964684112783,en,ncis
caffeine,0.0018964684112783,en,ncis
bidwell,0.001895236660655,en,ncis
neeley,0.001895236660655,en,ncis
sealift,0.001895236660655,en,ncis
shenandoah,0.001895236660655,en,ncis
anacostia,0.001895236660655,en,ncis
kean,0.001895236660655,en,ncis
unsolved,0.0018934151232286,en,ncis
abigail,0.0018883174937159,en,ncis
specialist,0.0018878007582879,en,ncis
gift,0.0018841025708207,en,ncis
prepare,0.0018841025708207,en,ncis
dance,0.0018841025708207,en,ncis
mask,0.0018837398608902,en,ncis
revenge,0.0018837398608902,en,ncis
wipe,0.0018822985899238,en,ncis
plasma,0.0018803998268873,en,ncis
standard,0.0018793215596437,en,ncis
radiation,0.0018778508874508,en,ncis
fibre,0.0018778438748802,en,ncis
redd,0.001877761233562,en,ncis
exist,0.0018768030291007,en,ncis
erase,0.0018739627585151,en,ncis
border,0.0018739627585151,en,ncis
emergency,0.0018690543720412,en,ncis
observe,0.0018673306226652,en,ncis
suspicious,0.0018665828258461,en,ncis
identification,0.0018613178415761,en,ncis
bright,0.0018598894796288,en,ncis
clock,0.0018598894796288,en,ncis
international,0.0018589271787558,en,ncis
deputy,0.0018569852576971,en,ncis
pickup,0.0018569852576971,en,ncis
email,0.0018569852576971,en,ncis
current,0.001853072247296,en,ncis
coma,0.0018513512059774,en,ncis
immediately,0.0018492675135131,en,ncis
heat,0.0018492675135131,en,ncis
bottle,0.0018450158855519,en,ncis
creek,0.0018429752298121,en,ncis
aircraft,0.0018429752298121,en,ncis
motel,0.0018427693103907,en,ncis
theft,0.0018427693103907,en,ncis
dock,0.0018427693103907,en,ncis
bellow,0.0018421359487021,en,ncis
poole,0.0018421359487021,en,ncis
random,0.001837970000488,en,ncis
construction,0.0018355654839611,en,ncis
injure,0.0018323799991082,en,ncis
sight,0.0018302710687973,en,ncis
snow,0.0018270541896337,en,ncis
audio,0.0018242108609303,en,ncis
inspector,0.0018237056094426,en,ncis
permission,0.0018234767589887,en,ncis
recent,0.0018230180272847,en,ncis
basically,0.0018230180272847,en,ncis
casket,0.0018227137806125,en,ncis
assure,0.0018223724214727,en,ncis
marriage,0.0018223724214727,en,ncis
main,0.0018223724214727,en,ncis
distance,0.0018209485321939,en,ncis
recruit,0.0018199688170545,en,ncis
trident,0.0018187652457593,en,ncis
purchase,0.0018162068839536,en,ncis
necessary,0.0018156528185543,en,ncis
dom,0.0018126742245346,en,ncis
cassie,0.0018126742245346,en,ncis
currently,0.0018117727296628,en,ncis
biological,0.0018057224644493,en,ncis
male,0.001805186847875,en,ncis
lately,0.001805186847875,en,ncis
embed,0.001802897674245,en,ncis
kyle,0.001802897674245,en,ncis
instructor,0.001802897674245,en,ncis
espionage,0.001802343625902,en,ncis
erin,0.001802343625902,en,ncis
mickey,0.0018007191297593,en,ncis
sadowski,0.0018004966105743,en,ncis
poletto,0.0018004966105743,en,ncis
varnai,0.0018004966105743,en,ncis
galante,0.0018004966105743,en,ncis
fletc,0.0018004966105743,en,ncis
srb,0.0018004966105743,en,ncis
mikel,0.0018004966105743,en,ncis
mawher,0.0018004966105743,en,ncis
micki,0.0018004966105743,en,ncis
mccadden,0.0018004966105743,en,ncis
napalitano,0.0018004966105743,en,ncis
initial,0.0018002844163806,en,ncis
visual,0.0018002844163806,en,ncis
aka,0.0017990215427443,en,ncis
pant,0.0017941787274225,en,ncis
natural,0.0017941787274225,en,ncis
arrange,0.0017935531438468,en,ncis
tongue,0.0017935531438468,en,ncis
particular,0.0017932291040127,en,ncis
belt,0.0017913031723861,en,ncis
breach,0.0017875601689192,en,ncis
badge,0.0017873766669276,en,ncis
vacation,0.0017873766669276,en,ncis
sweep,0.0017873766669276,en,ncis
kelly,0.001786379835543,en,ncis
detonate,0.0017835077539149,en,ncis
janice,0.0017823825739791,en,ncis
mil,0.0017801998754635,en,ncis
jodi,0.0017799596994673,en,ncis
insist,0.0017797344408829,en,ncis
grant,0.0017797344408829,en,ncis
flip,0.0017790345680148,en,ncis
soft,0.0017788537762392,en,ncis
subject,0.0017788537762392,en,ncis
view,0.0017788537762392,en,ncis
sun,0.0017788537762392,en,ncis
stage,0.0017788537762392,en,ncis
peace,0.0017764395667738,en,ncis
keller,0.0017758785319798,en,ncis
stream,0.0017728259519075,en,ncis
drum,0.0017728259519075,en,ncis
surface,0.0017726908414837,en,ncis
reference,0.0017726908414837,en,ncis
tommy,0.0017710068220131,en,ncis
cargo,0.0017710068220131,en,ncis
finding,0.0017682519494973,en,ncis
tech,0.0017669378562829,en,ncis
smoky,0.0017658922259847,en,ncis
expert,0.0017646549280536,en,ncis
roman,0.0017645260729149,en,ncis
stakeout,0.0017601634722431,en,ncis
gym,0.0017593855159435,en,ncis
delay,0.0017593855159435,en,ncis
support,0.0017584032026934,en,ncis
specifically,0.0017581572034975,en,ncis
cesar,0.00175720267513,en,ncis
eraser,0.00175720267513,en,ncis
sadly,0.0017567387854228,en,ncis
layer,0.0017560117286163,en,ncis
lapd,0.0017534376727362,en,ncis
mugging,0.0017534376727362,en,ncis
chandler,0.0017534376727362,en,ncis
similar,0.001752317229366,en,ncis
congressman,0.0017519569937371,en,ncis
expose,0.0017504115900479,en,ncis
braddock,0.0017501808313467,en,ncis
talia,0.0017501808313467,en,ncis
salazar,0.0017501808313467,en,ncis
oxygen,0.0017499700163986,en,ncis
roommate,0.0017446700359716,en,ncis
element,0.0017437726310921,en,ncis
firm,0.0017378529757877,en,ncis
reveal,0.0017378529757877,en,ncis
curious,0.0017371906945123,en,ncis
knee,0.0017363019942799,en,ncis
coat,0.0017337680390519,en,ncis
manager,0.0017337680390519,en,ncis
benedict,0.0017333943460432,en,ncis
embezzle,0.0017333943460432,en,ncis
flag,0.0017301189782107,en,ncis
zoom,0.0017277211036825,en,ncis
baltimore,0.0017257248495534,en,ncis
award,0.001725252319565,en,ncis
pre,0.0017236898055371,en,ncis
skeleton,0.0017236441706107,en,ncis
fund,0.0017235417859659,en,ncis
increase,0.0017235417859659,en,ncis
provide,0.0017232645957318,en,ncis
deny,0.0017223236524673,en,ncis
channel,0.0017197334157476,en,ncis
affair,0.0017197334157476,en,ncis
chaplain,0.0017182519092175,en,ncis
mann,0.0017182519092175,en,ncis
intercept,0.001715852372109,en,ncis
violent,0.0017093804542878,en,ncis
bird,0.0017084741451307,en,ncis
retirement,0.0017078263892831,en,ncis
assailant,0.0017077483341159,en,ncis
idiot,0.0017066854614377,en,ncis
deposit,0.0017060280542979,en,ncis
jeffrey,0.001702563774698,en,ncis
task,0.0017014957134576,en,ncis
graduate,0.0017014957134576,en,ncis
pizza,0.0017014834921323,en,ncis
postal,0.0016991434828855,en,ncis
regular,0.0016957815843674,en,ncis
borrow,0.0016957815843674,en,ncis
blank,0.0016953658748012,en,ncis
central,0.0016953658748012,en,ncis
vomit,0.0016922429540935,en,ncis
handcuff,0.0016922429540935,en,ncis
thallium,0.0016905439417006,en,ncis
dulle,0.0016899851102058,en,ncis
isp,0.0016899851102058,en,ncis
torrance,0.0016899851102058,en,ncis
wallet,0.0016874165912413,en,ncis
concerned,0.0016822203662385,en,ncis
cheese,0.0016814950371245,en,ncis
roof,0.0016811522850119,en,ncis
scout,0.0016799712157427,en,ncis
gurney,0.0016790017458285,en,ncis
pregnant,0.0016784252611372,en,ncis
expensive,0.0016784252611372,en,ncis
photograph,0.0016775673422804,en,ncis
precise,0.0016751860574185,en,ncis
muscle,0.001673982934257,en,ncis
insurance,0.001673982934257,en,ncis
lip,0.001673982934257,en,ncis
citizen,0.0016734880507586,en,ncis
fresh,0.0016687765627269,en,ncis
purpose,0.0016687765627269,en,ncis
total,0.0016676754152243,en,ncis
cat,0.0016676754152243,en,ncis
weight,0.0016676754152243,en,ncis
organ,0.0016661806372864,en,ncis
meter,0.0016661806372864,en,ncis
mall,0.0016648563102908,en,ncis
candy,0.0016635759405872,en,ncis
treasure,0.001661752047141,en,ncis
style,0.0016604322634805,en,ncis
estate,0.0016597069050042,en,ncis
accidental,0.0016583332948701,en,ncis
oxbow,0.0016583320780731,en,ncis
cartagena,0.0016583320780731,en,ncis
norfolk,0.0016583320780731,en,ncis
byer,0.0016583320780731,en,ncis
rosetti,0.0016583320780731,en,ncis
scanner,0.0016568604324708,en,ncis
hitch,0.0016568604324708,en,ncis
mercury,0.001656624444464,en,ncis
enlist,0.001656624444464,en,ncis
sad,0.0016554481580936,en,ncis
opinion,0.0016554481580936,en,ncis
shape,0.0016543183414194,en,ncis
pair,0.0016543183414194,en,ncis
compromise,0.0016541730004392,en,ncis
possibility,0.0016515250069596,en,ncis
circuit,0.0016502607150155,en,ncis
defensive,0.0016501928744923,en,ncis
bat,0.0016497391431814,en,ncis
assassination,0.0016489393617612,en,ncis
atm,0.0016489393617612,en,ncis
greek,0.0016468317595847,en,ncis
missing,0.0016468317595847,en,ncis
demise,0.0016459603463959,en,ncis
upset,0.0016422331880665,en,ncis
fianc,0.0016417897748373,en,ncis
transmission,0.0016417897748373,en,ncis
blind,0.0016410789526136,en,ncis
danger,0.0016410789526136,en,ncis
useful,0.0016407162245562,en,ncis
judgment,0.0016407162245562,en,ncis
avionic,0.0016368887211834,en,ncis
vale,0.0016368887211834,en,ncis
winslow,0.0016368887211834,en,ncis
communicate,0.0016360535706323,en,ncis
shannon,0.0016345766949878,en,ncis
pentagram,0.0016345766949878,en,ncis
website,0.0016344621817601,en,ncis
complain,0.0016337174840447,en,ncis
develop,0.0016337174840447,en,ncis
advice,0.001627955193134,en,ncis
cheap,0.0016273920299015,en,ncis
internal,0.0016240481685632,en,ncis
transport,0.001623769466581,en,ncis
argue,0.0016205485279945,en,ncis
storm,0.0016205485279945,en,ncis
magic,0.0016205485279945,en,ncis
ross,0.001618734540486,en,ncis
inmate,0.0016148745053616,en,ncis
index,0.0016142257164766,en,ncis
hat,0.0016141978294621,en,ncis
monster,0.0016141978294621,en,ncis
nearly,0.0016120862347168,en,ncis
puzzle,0.0016099724150867,en,ncis
tap,0.0016075020756361,en,ncis
covert,0.0016074221322145,en,ncis
patch,0.0016059959476565,en,ncis
west,0.0016059959476565,en,ncis
rear,0.0016033001970118,en,ncis
apart,0.0016032499789263,en,ncis
terrorism,0.00160257571044,en,ncis
breath,0.0016020466046067,en,ncis
rescue,0.0016011311112133,en,ncis
eventually,0.0015991743967055,en,ncis
contaminate,0.0015983398528542,en,ncis
simon,0.0015974569773909,en,ncis
adrian,0.0015974569773909,en,ncis
hug,0.0015958720240425,en,ncis
sensor,0.0015939061398118,en,ncis
detonator,0.0015938984451749,en,ncis
behavior,0.0015929073337562,en,ncis
laura,0.0015888698203758,en,ncis
carve,0.0015887725163671,en,ncis
string,0.0015881894352482,en,ncis
fool,0.0015863763208598,en,ncis
million,0.0015837495774542,en,ncis
loop,0.0015828643401413,en,ncis
period,0.0015827596798962,en,ncis
cap,0.0015827596798962,en,ncis
widow,0.0015826209972771,en,ncis
trailer,0.0015826209972771,en,ncis
cavity,0.0015821201653397,en,ncis
comfortable,0.0015817677111407,en,ncis
cooperation,0.0015740174108473,en,ncis
fan,0.0015736900200296,en,ncis
climb,0.0015697832174085,en,ncis
inform,0.0015697832174085,en,ncis
non,0.0015697832174085,en,ncis
nail,0.0015690754660111,en,ncis
ammo,0.0015684676203688,en,ncis
upload,0.0015684676203688,en,ncis
juvenile,0.0015684676203688,en,ncis
sail,0.0015684111996045,en,ncis
strip,0.0015671182510162,en,ncis
shave,0.0015665279435194,en,ncis
caller,0.0015633406179401,en,ncis
incoming,0.0015633406179401,en,ncis
metre,0.0015628993470664,en,ncis
compare,0.0015626717948519,en,ncis
shotgun,0.0015614988301549,en,ncis
sig,0.0015606834601399,en,ncis
hinky,0.0015606834601399,en,ncis
frog,0.0015594875829335,en,ncis
tibbs,0.0015574647370338,en,ncis
pneumonic,0.0015574647370338,en,ncis
witten,0.0015574647370338,en,ncis
kujathema,0.0015574647370338,en,ncis
amira,0.0015574647370338,en,ncis
embezzler,0.0015557162945304,en,ncis
hendrick,0.0015557162945304,en,ncis
sentence,0.0015544127246672,en,ncis
skip,0.0015544127246672,en,ncis
nun,0.0015505792317908,en,ncis
classroom,0.0015505792317908,en,ncis
shower,0.0015500912872206,en,ncis
sweetheart,0.0015486450511198,en,ncis
lodge,0.0015484378564043,en,ncis
italian,0.0015479262207282,en,ncis
blade,0.0015479262207282,en,ncis
archangel,0.0015464267182958,en,ncis
cobalt,0.0015464267182958,en,ncis
backyard,0.0015451762569704,en,ncis
dial,0.0015442268727466,en,ncis
practice,0.0015440304519915,en,ncis
mix,0.0015440304519915,en,ncis
shalev,0.0015432828090637,en,ncis
reggio,0.0015432828090637,en,ncis
afls,0.0015432828090637,en,ncis
shakarji,0.0015432828090637,en,ncis
cirreux,0.0015432828090637,en,ncis
senegalese,0.0015432828090637,en,ncis
cybervid,0.0015432828090637,en,ncis
russio,0.0015432828090637,en,ncis
gera,0.0015432828090637,en,ncis
farris,0.0015432828090637,en,ncis
edenvale,0.0015432828090637,en,ncis
calafuego,0.0015432828090637,en,ncis
abin,0.0015432828090637,en,ncis
hinton,0.0015432828090637,en,ncis
fqm,0.0015432828090637,en,ncis
visitor,0.0015418299589462,en,ncis
rare,0.0015418299589462,en,ncis
patrol,0.0015405823562385,en,ncis
payment,0.0015399736144308,en,ncis
cameron,0.0015383997876233,en,ncis
soldier,0.0015376267306176,en,ncis
jack,0.0015376267306176,en,ncis
shield,0.0015345265154913,en,ncis
industry,0.0015345265154913,en,ncis
naughty,0.0015337774269613,en,ncis
delete,0.0015337774269613,en,ncis
average,0.0015320371430808,en,ncis
signature,0.0015320371430808,en,ncis
angry,0.001531673689106,en,ncis
rise,0.001531673689106,en,ncis
strangulation,0.0015305728427899,en,ncis
hostage,0.0015304898653402,en,ncis
fiction,0.0015269525685827,en,ncis
grid,0.0015269525685827,en,ncis
loud,0.0015252760071714,en,ncis
upstairs,0.0015240245937092,en,ncis
terrible,0.0015240245937092,en,ncis
marshal,0.0015198818873991,en,ncis
drunk,0.0015194248469251,en,ncis
cup,0.0015194248469251,en,ncis
direction,0.0015194248469251,en,ncis
rip,0.0015194248469251,en,ncis
inventory,0.0015193515744794,en,ncis
extremely,0.0015191816894039,en,ncis
brake,0.0015171834965015,en,ncis
filter,0.0015171834965015,en,ncis
button,0.0015170233780415,en,ncis
coin,0.001513505736628,en,ncis
scary,0.0015130370565107,en,ncis
jail,0.0015130370565107,en,ncis
conclusion,0.0015082285798449,en,ncis
mortuary,0.00150816987029,en,ncis
mortar,0.00150816987029,en,ncis
shane,0.00150816987029,en,ncis
fat,0.0015072820566566,en,ncis
chick,0.001506844472131,en,ncis
health,0.0015047950617092,en,ncis
associate,0.0015047950617092,en,ncis
santo,0.0015022089868496,en,ncis
perfectly,0.0015009078737018,en,ncis
split,0.0015009078737018,en,ncis
faith,0.0015009078737018,en,ncis
seriously,0.0014998144964149,en,ncis
lobe,0.0014989238795854,en,ncis
bleed,0.0014952434976329,en,ncis
lover,0.0014946622552218,en,ncis
couch,0.0014946622552218,en,ncis
response,0.0014946276198723,en,ncis
residence,0.0014899906396243,en,ncis
penetrate,0.0014890542732608,en,ncis
airline,0.0014890542732608,en,ncis
lesson,0.0014888865072775,en,ncis
safety,0.0014888865072775,en,ncis
opportunity,0.0014833073956729,en,ncis
forgive,0.0014833073956729,en,ncis
milligram,0.0014829451656841,en,ncis
temperature,0.0014825721216609,en,ncis
section,0.001482528806679,en,ncis
sensitive,0.0014824577978368,en,ncis
status,0.001480393275671,en,ncis
rope,0.001480393275671,en,ncis
cadaver,0.0014800485562338,en,ncis
nitrogen,0.0014792301621343,en,ncis
rafferty,0.0014792259489881,en,ncis
eyeball,0.0014774092890949,en,ncis
desperate,0.0014769710573522,en,ncis
final,0.0014769710573522,en,ncis
responsibility,0.0014769710573522,en,ncis
intimidate,0.001476680139542,en,ncis
dean,0.0014764883613878,en,ncis
clerk,0.0014764883613878,en,ncis
con,0.0014742154483126,en,ncis
immunity,0.0014704383940958,en,ncis
asset,0.0014699748137748,en,ncis
path,0.001468784303202,en,ncis
nightmare,0.001468784303202,en,ncis
popular,0.0014682022621191,en,ncis
brown,0.0014682022621191,en,ncis
effective,0.0014682022621191,en,ncis
willie,0.0014660469562641,en,ncis
quickly,0.0014651596738206,en,ncis
obsess,0.0014639468277167,en,ncis
bull,0.0014639468277167,en,ncis
budget,0.0014635532384266,en,ncis
strangle,0.0014624135310485,en,ncis
cruise,0.0014614538242774,en,ncis
squirrel,0.0014593686887442,en,ncis
cupcake,0.0014593686887442,en,ncis
torso,0.0014588531475532,en,ncis
helpful,0.0014586763250399,en,ncis
reaction,0.0014584144218277,en,ncis
battle,0.0014584144218277,en,ncis
routine,0.0014575265899562,en,ncis
shift,0.0014569986470103,en,ncis
tank,0.0014561389055045,en,ncis
complicated,0.0014534505546331,en,ncis
fifth,0.0014517704459997,en,ncis
percent,0.0014506049401535,en,ncis
writer,0.0014504939606516,en,ncis
novel,0.0014504939606516,en,ncis
valve,0.001449546388906,en,ncis
jaw,0.0014488527280752,en,ncis
fully,0.0014469183285665,en,ncis
correction,0.0014449283133549,en,ncis
moss,0.0014444952883693,en,ncis
decomposition,0.0014444952883693,en,ncis
manufacturer,0.0014438640775824,en,ncis
lime,0.0014397675864021,en,ncis
farm,0.0014397271421564,en,ncis
sodium,0.0014391443535673,en,ncis
pda,0.0014377367932108,en,ncis
pristine,0.0014377367932108,en,ncis
chevy,0.0014377367932108,en,ncis
brig,0.0014377112796518,en,ncis
thelma,0.0014377112796518,en,ncis
reservation,0.0014364081712809,en,ncis
thorough,0.001434943153675,en,ncis
player,0.0014348425150774,en,ncis
evening,0.0014337425625635,en,ncis
earn,0.0014337425625635,en,ncis
cigarette,0.0014330635656102,en,ncis
stair,0.0014323846612542,en,ncis
tracking,0.0014307435332959,en,ncis
inflict,0.0014307435332959,en,ncis
artery,0.0014307435332959,en,ncis
option,0.0014303321315417,en,ncis
relative,0.0014278140387427,en,ncis
estimate,0.0014243588975494,en,ncis
chatter,0.0014243588975494,en,ncis
circumstance,0.0014237284542755,en,ncis
miracle,0.0014232276544118,en,ncis
edge,0.0014222684255984,en,ncis
amount,0.0014215333041179,en,ncis
lodestone,0.0014214274954912,en,ncis
ranier,0.0014214274954912,en,ncis
pillow,0.0014210421474928,en,ncis
diane,0.0014176662738097,en,ncis
yep,0.0014160283506419,en,ncis
lockhart,0.0014153002045327,en,ncis
clive,0.001412793229083,en,ncis
rain,0.0014122925992327,en,ncis
separate,0.0014122925992327,en,ncis
jury,0.0014119734492009,en,ncis
ghost,0.0014117239424428,en,ncis
intact,0.0014115700796441,en,ncis
fiance,0.0014115700796441,en,ncis
convenience,0.0014102998701655,en,ncis
financial,0.0014091565675155,en,ncis
maintain,0.0014091565675155,en,ncis
silent,0.0014091103337074,en,ncis
hertz,0.0014066094123597,en,ncis
artist,0.0014043673811574,en,ncis
keyboard,0.001402253746635,en,ncis
particle,0.0014015655949897,en,ncis
afloat,0.0014015655949897,en,ncis
trajectory,0.0014015655949897,en,ncis
available,0.0014009602375099,en,ncis
sweat,0.0014003292720383,en,ncis
exchange,0.0014003292720383,en,ncis
impact,0.0013999760131189,en,ncis
thumb,0.0013999760131189,en,ncis
plenty,0.0013996190526097,en,ncis
attend,0.0013976471542516,en,ncis
justice,0.0013976471542516,en,ncis
assessment,0.001395988381182,en,ncis
stalker,0.001395988381182,en,ncis
sophisticated,0.0013953309952563,en,ncis
liar,0.0013897295126869,en,ncis
factory,0.0013883811330635,en,ncis
cigar,0.0013865241206147,en,ncis
cheat,0.0013862969143605,en,ncis
bridge,0.0013862969143605,en,ncis
prime,0.0013857808802724,en,ncis
measure,0.0013814092313195,en,ncis
interrupt,0.0013778589219738,en,ncis
cable,0.0013764100916714,en,ncis
whack,0.0013764037740359,en,ncis
smoking,0.0013764037740359,en,ncis
application,0.0013764037740359,en,ncis
interfere,0.0013764037740359,en,ncis
lamp,0.0013763892056927,en,ncis
laceration,0.0013752954452808,en,ncis
fry,0.0013750574102825,en,ncis
disease,0.0013750574102825,en,ncis
keyhole,0.001374601527374,en,ncis
mate,0.0013742849993312,en,ncis
observation,0.0013742573117244,en,ncis
violation,0.0013742573117244,en,ncis
steroid,0.0013724091678227,en,ncis
cyber,0.0013710635184455,en,ncis
advantage,0.0013701070672866,en,ncis
impressed,0.0013701070672866,en,ncis
perimeter,0.0013699109628376,en,ncis
rod,0.0013681581456977,en,ncis
fed,0.0013681581456977,en,ncis
overdose,0.0013681581456977,en,ncis
teacher,0.0013667793161045,en,ncis
apology,0.0013667793161045,en,ncis
tool,0.0013667793161045,en,ncis
confuse,0.0013667793161045,en,ncis
beg,0.0013663668771186,en,ncis
golf,0.0013645877627168,en,ncis
killing,0.0013645877627168,en,ncis
examine,0.0013645877627168,en,ncis
stamp,0.0013645877627168,en,ncis
nerve,0.0013639265021447,en,ncis
privacy,0.0013639265021447,en,ncis
intend,0.0013639265021447,en,ncis
poisoning,0.0013633577128545,en,ncis
instruction,0.001362913400618,en,ncis
recall,0.001362913400618,en,ncis
magazine,0.001362913400618,en,ncis
rig,0.0013621551629652,en,ncis
ingest,0.0013613293165309,en,ncis
yacht,0.0013613293165309,en,ncis
gunman,0.0013613293165309,en,ncis
kearn,0.0013612517577141,en,ncis
hydroxide,0.0013612517577141,en,ncis
bloody,0.001358919648017,en,ncis
patent,0.0013579500626269,en,ncis
deadline,0.0013574799705539,en,ncis
analyze,0.0013574799705539,en,ncis
pray,0.0013558008952634,en,ncis
forever,0.0013554688543505,en,ncis
butter,0.0013533734738027,en,ncis
describe,0.0013529021115077,en,ncis
tiny,0.0013529021115077,en,ncis
sing,0.0013529021115077,en,ncis
stock,0.0013529021115077,en,ncis
enforcement,0.0013505347328706,en,ncis
vessel,0.0013505347328706,en,ncis
invisible,0.0013502133122854,en,ncis
typewriter,0.0013501860837155,en,ncis
pin,0.0013478446670245,en,ncis
kitchen,0.0013457875505862,en,ncis
mad,0.0013457875505862,en,ncis
shake,0.0013457875505862,en,ncis
psych,0.0013452278476855,en,ncis
demand,0.0013449218280095,en,ncis
punch,0.0013449218280095,en,ncis
property,0.0013449218280095,en,ncis
civil,0.0013420538738243,en,ncis
noise,0.0013419822190367,en,ncis
incident,0.0013419822190367,en,ncis
coast,0.0013413747767408,en,ncis
chew,0.0013413747767408,en,ncis
bravo,0.0013413220624649,en,ncis
infiltrate,0.0013413220624649,en,ncis
dumpster,0.0013413220624649,en,ncis
fluid,0.0013384275687042,en,ncis
yup,0.0013379136979933,en,ncis
motorcycle,0.0013379136979933,en,ncis
controller,0.0013372820519237,en,ncis
particularly,0.0013368798866754,en,ncis
gsm,0.0013349697746004,en,ncis
tyrus,0.0013349697746004,en,ncis
freemont,0.0013349697746004,en,ncis
primary,0.0013331495196638,en,ncis
reassign,0.0013327976100761,en,ncis
chicken,0.0013311648622812,en,ncis
respond,0.0013311648622812,en,ncis
spell,0.0013308607524698,en,ncis
rib,0.0013308607524698,en,ncis
hebrew,0.0013274806535026,en,ncis
practically,0.0013260231354753,en,ncis
convert,0.0013254883459766,en,ncis
methamphetamine,0.0013244191694885,en,ncis
skipper,0.0013244191694885,en,ncis
soul,0.0013234546731355,en,ncis
german,0.0013212401248533,en,ncis
speaker,0.0013212401248533,en,ncis
tradition,0.0013212401248533,en,ncis
egg,0.0013204481335583,en,ncis
saliva,0.0013192156574367,en,ncis
attach,0.0013186179026231,en,ncis
sexual,0.0013186179026231,en,ncis
illegally,0.0013167682771167,en,ncis
roy,0.0013167682771167,en,ncis
disposable,0.0013167682771167,en,ncis
puncture,0.001316404397109,en,ncis
caliber,0.001316404397109,en,ncis
expertise,0.0013154115481257,en,ncis
registration,0.0013154115481257,en,ncis
sugar,0.0013152723054876,en,ncis
alejandro,0.0013144328634934,en,ncis
bruno,0.0013144328634934,en,ncis
breakfast,0.0013128631620909,en,ncis
toy,0.0013098301779335,en,ncis
alpha,0.0013094950028027,en,ncis
engineer,0.0013094950028027,en,ncis
root,0.0013088428565059,en,ncis
recruiter,0.0013076613559902,en,ncis
waverly,0.0013076613559902,en,ncis
crypt,0.0013070334483734,en,ncis
locator,0.0013070334483734,en,ncis
wet,0.0013046253498775,en,ncis
grave,0.0013046253498775,en,ncis
cream,0.0013046253498775,en,ncis
costume,0.0013039674552676,en,ncis
missile,0.0013029224891032,en,ncis
harassment,0.0013027838482834,en,ncis
parole,0.0013027838482834,en,ncis
crop,0.0013027838482834,en,ncis
sunset,0.0013012010585014,en,ncis
billy,0.0012979096832953,en,ncis
famous,0.0012971505731072,en,ncis
van,0.0012965813212664,en,ncis
superior,0.0012965813212664,en,ncis
decade,0.0012965813212664,en,ncis
brave,0.0012940802805726,en,ncis
cancel,0.0012940802805726,en,ncis
hood,0.0012927673541528,en,ncis
bluff,0.0012927673541528,en,ncis
coffin,0.0012903648803369,en,ncis
harrison,0.0012873883042157,en,ncis
drill,0.0012872985005835,en,ncis
item,0.0012872985005835,en,ncis
priority,0.0012865790003416,en,ncis
testing,0.0012864798761338,en,ncis
tamayo,0.0012860690075531,en,ncis
melankovic,0.0012860690075531,en,ncis
camila,0.0012860690075531,en,ncis
kaylen,0.0012860690075531,en,ncis
teaz,0.0012860690075531,en,ncis
breena,0.0012860690075531,en,ncis
campisano,0.0012860690075531,en,ncis
hamal,0.0012860690075531,en,ncis
jordyn,0.0012860690075531,en,ncis
timolol,0.0012860690075531,en,ncis
gadya,0.0012860690075531,en,ncis
frigate,0.0012860690075531,en,ncis
ulman,0.0012860690075531,en,ncis
bering,0.0012860690075531,en,ncis
norforce,0.0012860690075531,en,ncis
nioc,0.0012860690075531,en,ncis
trevor,0.0012847684620739,en,ncis
gesture,0.0012817046810613,en,ncis
spare,0.0012785511516719,en,ncis
friendly,0.0012785511516719,en,ncis
carly,0.0012779655819127,en,ncis
adult,0.0012761126190992,en,ncis
buyer,0.0012752014616029,en,ncis
manner,0.0012749511801331,en,ncis
upper,0.0012749511801331,en,ncis
stone,0.0012732881291385,en,ncis
capable,0.0012732881291385,en,ncis
thin,0.0012732881291385,en,ncis
henna,0.0012731356720315,en,ncis
jensen,0.0012731356720315,en,ncis
annapoli,0.0012731356720315,en,ncis
wireless,0.0012710958563007,en,ncis
restraining,0.0012710958563007,en,ncis
toxicology,0.0012684846656999,en,ncis
potassium,0.0012684846656999,en,ncis
moustache,0.0012684846656999,en,ncis
portsmouth,0.0012679079562755,en,ncis
redbook,0.0012679079562755,en,ncis
woodbridge,0.0012679079562755,en,ncis
mortimer,0.0012679079562755,en,ncis
coyle,0.0012679079562755,en,ncis
kai,0.0012679079562755,en,ncis
fax,0.0012661263120662,en,ncis
decorate,0.0012660967978217,en,ncis
ability,0.00126574935659,en,ncis
iron,0.0012643177148463,en,ncis
ink,0.001264070481554,en,ncis
exposure,0.001264070481554,en,ncis
defend,0.0012630373451427,en,ncis
sean,0.0012609536295821,en,ncis
poker,0.001259978411807,en,ncis
favourite,0.0012566116767978,en,ncis
engage,0.0012558265739268,en,ncis
spit,0.0012558265739268,en,ncis
abuse,0.0012558265739268,en,ncis
scrapbook,0.0012549283092932,en,ncis
convict,0.0012547289596836,en,ncis
got,0.0012538017488179,en,ncis
suspicion,0.0012530831310657,en,ncis
healthy,0.0012528810397625,en,ncis
bachelor,0.0012519005916339,en,ncis
charle,0.0012519005916339,en,ncis
carbon,0.0012519005916339,en,ncis
federale,0.0012503194776531,en,ncis
mining,0.0012502685866189,en,ncis
apologise,0.0012502685866189,en,ncis
contusion,0.0012502685866189,en,ncis
hub,0.0012502685866189,en,ncis
defence,0.0012502685866189,en,ncis
afford,0.0012480989814027,en,ncis
withhold,0.0012477985748818,en,ncis
restrict,0.0012477985748818,en,ncis
disturb,0.0012455518793515,en,ncis
bind,0.0012455518793515,en,ncis
bus,0.0012453241976103,en,ncis
band,0.0012453241976103,en,ncis
easily,0.0012453241976103,en,ncis
relieve,0.0012434007136806,en,ncis
confess,0.0012434007136806,en,ncis
slight,0.0012434007136806,en,ncis
whisper,0.0012434007136806,en,ncis
east,0.0012434007136806,en,ncis
song,0.0012428174873248,en,ncis
lobby,0.0012422357506358,en,ncis
roger,0.0012422357506358,en,ncis
disappearance,0.0012397047754092,en,ncis
loyal,0.0012387633966323,en,ncis
shrapnel,0.0012368273106367,en,ncis
cipher,0.0012361940754476,en,ncis
sutherland,0.0012361940754476,en,ncis
yate,0.0012361940754476,en,ncis
fortune,0.0012353814981973,en,ncis
pet,0.0012353814981973,en,ncis
solid,0.0012353814981973,en,ncis
appointment,0.0012352584496375,en,ncis
recommend,0.0012352584496375,en,ncis
sorrow,0.0012349040335118,en,ncis
extremity,0.0012339571666009,en,ncis
glock,0.0012339571666009,en,ncis
fence,0.0012331121243687,en,ncis
panic,0.0012328450090087,en,ncis
lease,0.0012324658849908,en,ncis
spook,0.0012324658849908,en,ncis
encounter,0.0012324658849908,en,ncis
fair,0.0012313316706862,en,ncis
fruit,0.0012283401990945,en,ncis
mexican,0.0012277174449173,en,ncis
mood,0.0012252881130335,en,ncis
stake,0.0012252881130335,en,ncis
cabbie,0.0012244582742319,en,ncis
depart,0.0012222598874767,en,ncis
pulp,0.0012217311425697,en,ncis
samantha,0.0012217311425697,en,ncis
execution,0.0012215620548661,en,ncis
bribe,0.0012209469455887,en,ncis
reception,0.0012209469455887,en,ncis
psycho,0.0012209469455887,en,ncis
honest,0.001218431075017,en,ncis
monkey,0.0012180361264224,en,ncis
eliminate,0.0012180361264224,en,ncis
fractured,0.0012157109562943,en,ncis
mirror,0.0012153453515231,en,ncis
habit,0.0012153453515231,en,ncis
roughly,0.0012151425204083,en,ncis
prosecute,0.0012151425204083,en,ncis
duress,0.0012139183888173,en,ncis
sherman,0.0012139183888173,en,ncis
asleep,0.0012131667837076,en,ncis
genius,0.0012131667837076,en,ncis
uav,0.001213114461028,en,ncis
semtex,0.001213114461028,en,ncis
asphyxia,0.001213114461028,en,ncis
shipmate,0.001213114461028,en,ncis
rodger,0.001213114461028,en,ncis
sunburst,0.001213114461028,en,ncis
landon,0.001213114461028,en,ncis
series,0.0012128627382723,en,ncis
ambulance,0.0012128627382723,en,ncis
explode,0.0012128627382723,en,ncis
helicopter,0.0012108045893024,en,ncis
concrete,0.0012108045893024,en,ncis
penny,0.0012104988654468,en,ncis
urine,0.0012098565970244,en,ncis
pistol,0.0012098565970244,en,ncis
japanese,0.0012087449672097,en,ncis
future,0.001208709160528,en,ncis
laugh,0.001208709160528,en,ncis
humor,0.0012078484864418,en,ncis
blonde,0.0012078484864418,en,ncis
mafia,0.001207037587357,en,ncis
briefing,0.001207037587357,en,ncis
circumstantial,0.001207037587357,en,ncis
challenge,0.0012056265567271,en,ncis
pig,0.0012054755777048,en,ncis
hundred,0.0012054755777048,en,ncis
evaluation,0.0012043405549811,en,ncis
thinking,0.0012034578985833,en,ncis
uranium,0.0012001654077471,en,ncis
freckle,0.0011992869613061,en,ncis
payback,0.0011977764446064,en,ncis
cease,0.0011977764446064,en,ncis
digital,0.0011977764446064,en,ncis
fare,0.0011976851574062,en,ncis
specialize,0.0011976851574062,en,ncis
hill,0.0011930352452304,en,ncis
weather,0.0011930352452304,en,ncis
confirmation,0.0011929379987476,en,ncis
emily,0.0011929379987476,en,ncis
sedan,0.0011927257264212,en,ncis
originate,0.0011927257264212,en,ncis
jar,0.001189979611151,en,ncis
cheek,0.001189979611151,en,ncis
deadly,0.001189979611151,en,ncis
doll,0.001189979611151,en,ncis
painting,0.0011897133944037,en,ncis
bowling,0.0011890051692766,en,ncis
headquarters,0.0011890051692766,en,ncis
appearance,0.0011878121830906,en,ncis
scratch,0.0011863257833555,en,ncis
awake,0.0011863257833555,en,ncis
back,0.0011863257833555,en,ncis
reality,0.0011860230453432,en,ncis
withdrawal,0.0011857370596047,en,ncis
hyperthermia,0.0011845229129094,en,ncis
shiite,0.0011845229129094,en,ncis
davison,0.0011845229129094,en,ncis
hijab,0.0011845229129094,en,ncis
nikolai,0.0011845229129094,en,ncis
corgi,0.0011845229129094,en,ncis
lnterview,0.0011845229129094,en,ncis
prese,0.0011845229129094,en,ncis
pak,0.0011845229129094,en,ncis
nis,0.0011845229129094,en,ncis
outgoing,0.0011833844520179,en,ncis
unaccounted,0.0011833844520179,en,ncis
anytime,0.0011832742853839,en,ncis
manifest,0.0011817178912618,en,ncis
method,0.0011799024775836,en,ncis
hunting,0.00117937235865,en,ncis
cocktail,0.00117937235865,en,ncis
ventilation,0.0011787762302906,en,ncis
retake,0.0011772614839898,en,ncis
repeat,0.0011768065995083,en,ncis
soviet,0.0011763301035361,en,ncis
dawson,0.0011763301035361,en,ncis
electrical,0.0011763083997034,en,ncis
tribe,0.0011740042546008,en,ncis
remote,0.0011699432079305,en,ncis
laundry,0.0011699432079305,en,ncis
protective,0.0011691630594219,en,ncis
fascinating,0.001168211486244,en,ncis
canvass,0.0011679713291581,en,ncis
triangulate,0.0011679713291581,en,ncis
grade,0.001167372790657,en,ncis
thousand,0.0011669410600319,en,ncis
wedding,0.0011669410600319,en,ncis
hypnotist,0.0011667872208978,en,ncis
charley,0.0011667872208978,en,ncis
cleric,0.0011667872208978,en,ncis
venezuelan,0.0011667872208978,en,ncis
boondock,0.0011667872208978,en,ncis
gigabyte,0.0011667872208978,en,ncis
mcgregor,0.0011667872208978,en,ncis
riggs,0.0011667872208978,en,ncis
mattie,0.0011667872208978,en,ncis
prince,0.0011658001101647,en,ncis
sudden,0.0011640476669757,en,ncis
silence,0.0011640476669757,en,ncis
cancer,0.0011640476669757,en,ncis
century,0.0011640476669757,en,ncis
inspection,0.0011624791208029,en,ncis
calculate,0.0011624791208029,en,ncis
hiding,0.0011600990769226,en,ncis
vet,0.0011598023027295,en,ncis
carver,0.0011586494737941,en,ncis
plug,0.0011585686505251,en,ncis
define,0.0011585686505251,en,ncis
sharp,0.0011575346628532,en,ncis
seek,0.0011575346628532,en,ncis
bunch,0.0011561565883311,en,ncis
abrasion,0.0011555962306955,en,ncis
jag,0.0011555962306955,en,ncis
identical,0.0011554367671789,en,ncis
auto,0.0011554367671789,en,ncis
scent,0.0011554367671789,en,ncis
aide,0.0011530183689118,en,ncis
favour,0.0011530183689118,en,ncis
synch,0.0011530183689118,en,ncis
crane,0.0011518940370646,en,ncis
trading,0.0011518140691216,en,ncis
tamper,0.0011511544343085,en,ncis
active,0.0011503674527323,en,ncis
complaint,0.0011503674527323,en,ncis
fighter,0.0011491265370247,en,ncis
pad,0.0011491265370247,en,ncis
nuclear,0.0011490961137404,en,ncis
precisely,0.0011490961137404,en,ncis
supposedly,0.0011490961137404,en,ncis
santa,0.0011490961137404,en,ncis
flame,0.0011490278573106,en,ncis
receipt,0.001145214426437,en,ncis
rob,0.0011452017988196,en,ncis
ptsd,0.0011442036864914,en,ncis
clavicle,0.0011442036864914,en,ncis
lsn,0.0011442036864914,en,ncis
router,0.0011442036864914,en,ncis
overkill,0.0011416361991299,en,ncis
attractive,0.0011407457927506,en,ncis
uncover,0.0011400233417089,en,ncis
informant,0.0011399114155493,en,ncis
salvage,0.0011399114155493,en,ncis
ocean,0.0011395869695252,en,ncis
probable,0.001138929305569,en,ncis
vaccine,0.001138929305569,en,ncis
mobile,0.0011385509261887,en,ncis
newbie,0.0011384988894106,en,ncis
neighbour,0.0011384988894106,en,ncis
rigor,0.0011350425164653,en,ncis
airfield,0.0011350425164653,en,ncis
pump,0.0011302439165341,en,ncis
potential,0.0011298340793862,en,ncis
carpet,0.0011295787593607,en,ncis
meth,0.0011282398961324,en,ncis
preserve,0.0011281619693957,en,ncis
shakira,0.0011266567401372,en,ncis
wilkin,0.0011266567401372,en,ncis
fleet,0.0011262626404407,en,ncis
jule,0.001125241727957,en,ncis
promotion,0.0011251777602378,en,ncis
recording,0.0011251777602378,en,ncis
detect,0.0011251777602378,en,ncis
dissect,0.0011243884642152,en,ncis
offshore,0.0011243884642152,en,ncis
vincent,0.0011243884642152,en,ncis
grandfather,0.0011218226173634,en,ncis
shock,0.0011214326232247,en,ncis
pill,0.0011209966914163,en,ncis
harm,0.0011207681900079,en,ncis
ankle,0.0011199808104951,en,ncis
cemetery,0.0011183162296253,en,ncis
batch,0.0011183162296253,en,ncis
extensive,0.0011183162296253,en,ncis
housing,0.0011183162296253,en,ncis
rep,0.0011183162296253,en,ncis
rapid,0.0011183162296253,en,ncis
len,0.0011182198841736,en,ncis
reyes,0.0011182198841736,en,ncis
intention,0.0011176147877672,en,ncis
cousin,0.0011176147877672,en,ncis
visa,0.0011167907049456,en,ncis
brad,0.0011167907049456,en,ncis
greta,0.0011154918304828,en,ncis
programmer,0.0011154918304828,en,ncis
moldy,0.0011154918304828,en,ncis
violate,0.0011153563072535,en,ncis
assist,0.0011153563072535,en,ncis
judging,0.0011138806437076,en,ncis
bourbon,0.0011138806437076,en,ncis
wink,0.0011138806437076,en,ncis
possession,0.00111251642803,en,ncis
zaire,0.001112474812167,en,ncis
cantina,0.001112474812167,en,ncis
cyanosis,0.001112474812167,en,ncis
javelin,0.001112474812167,en,ncis
marseille,0.001112474812167,en,ncis
millimetre,0.001112474812167,en,ncis
bartholomew,0.001112474812167,en,ncis
ian,0.0011106646750634,en,ncis
ancient,0.0011104964494904,en,ncis
inhaler,0.0011094226216007,en,ncis
instinct,0.0011085940070303,en,ncis
fishing,0.001107834698094,en,ncis
refill,0.0011077281416942,en,ncis
duct,0.0011055555299134,en,ncis
individual,0.0011033108481193,en,ncis
ridiculous,0.0011028788942796,en,ncis
component,0.0011017708009275,en,ncis
ridge,0.0011017708009275,en,ncis
cage,0.0011011230192287,en,ncis
gain,0.0010996579297106,en,ncis
score,0.0010996579297106,en,ncis
activate,0.0010978878397231,en,ncis
asap,0.0010973094704573,en,ncis
ashe,0.0010973094704573,en,ncis
capitol,0.0010968508147564,en,ncis
dumping,0.0010968508147564,en,ncis
embezzlement,0.0010968508147564,en,ncis
engagement,0.001096090368208,en,ncis
info,0.001096090368208,en,ncis
event,0.0010948017669754,en,ncis
amy,0.0010945265165582,en,ncis
user,0.0010945265165582,en,ncis
requisition,0.0010941398606649,en,ncis
smuggling,0.0010941398606649,en,ncis
cobra,0.0010941398606649,en,ncis
tropic,0.0010940295429464,en,ncis
jody,0.0010940295429464,en,ncis
president,0.0010938108163708,en,ncis
flow,0.0010938108163708,en,ncis
previous,0.0010918579547507,en,ncis
darpa,0.0010912591474556,en,ncis
klingon,0.0010912591474556,en,ncis
probationary,0.0010912591474556,en,ncis
jackrabbit,0.0010912591474556,en,ncis
kilogram,0.0010912591474556,en,ncis
truly,0.0010908049798959,en,ncis
authorization,0.0010899214051702,en,ncis
jerry,0.0010870548796196,en,ncis
extract,0.0010870548796196,en,ncis
conviction,0.0010870548796196,en,ncis
presence,0.0010851929763489,en,ncis
massive,0.0010851929763489,en,ncis
realise,0.0010842961149283,en,ncis
foam,0.0010842961149283,en,ncis
microscope,0.0010842961149283,en,ncis
heroin,0.0010836962350162,en,ncis
academy,0.0010836962350162,en,ncis
sneak,0.0010820336252494,en,ncis
church,0.0010820336252494,en,ncis
fraternity,0.0010793582651755,en,ncis
simmon,0.0010793582651755,en,ncis
tactical,0.0010783214890036,en,ncis
steak,0.0010773061284607,en,ncis
fugitive,0.001076959281106,en,ncis
wonderful,0.001076630040469,en,ncis
nasty,0.0010761318863081,en,ncis
hopefully,0.0010761318863081,en,ncis
heel,0.0010736430990594,en,ncis
weakness,0.0010736430990594,en,ncis
wrist,0.0010736430990594,en,ncis
slot,0.0010730576499719,en,ncis
fox,0.0010730576499719,en,ncis
airtight,0.0010716147548096,en,ncis
voodoo,0.0010716147548096,en,ncis
radioactive,0.0010716147548096,en,ncis
carrie,0.0010716147548096,en,ncis
gerald,0.0010714009899529,en,ncis
walsh,0.0010714009899529,en,ncis
substance,0.0010688667980078,en,ncis
maintenance,0.0010688667980078,en,ncis
corporate,0.0010680872342177,en,ncis
spike,0.0010680872342177,en,ncis
useless,0.0010674525878378,en,ncis
timing,0.0010674525878378,en,ncis
wing,0.0010674207408089,en,ncis
distract,0.0010674207408089,en,ncis
normally,0.0010674207408089,en,ncis
grudge,0.0010670178199018,en,ncis
script,0.0010670178199018,en,ncis
wax,0.0010670178199018,en,ncis
lad,0.0010669607634926,en,ncis
tribal,0.0010650460068161,en,ncis
hardly,0.0010647297805075,en,ncis
confession,0.0010646886019758,en,ncis
microscopic,0.001061984522802,en,ncis
calvin,0.001061984522802,en,ncis
ellis,0.001061984522802,en,ncis
pusher,0.001061984522802,en,ncis
villa,0.001061984522802,en,ncis
aviator,0.0010595949218122,en,ncis
connell,0.0010595949218122,en,ncis
sorceress,0.0010595949218122,en,ncis
bay,0.0010594540156396,en,ncis
motor,0.0010594540156396,en,ncis
chow,0.0010592465469172,en,ncis
overboard,0.0010592465469172,en,ncis
puppy,0.0010589800869006,en,ncis
island,0.0010587190974487,en,ncis
experiment,0.0010587190974487,en,ncis
prevent,0.0010587190974487,en,ncis
reflection,0.0010572258600324,en,ncis
pah,0.0010565899635629,en,ncis
ritt,0.0010565899635629,en,ncis
fielding,0.0010565899635629,en,ncis
led,0.0010565899635629,en,ncis
jameel,0.0010565899635629,en,ncis
loan,0.0010558330516361,en,ncis
entrance,0.0010558330516361,en,ncis
pile,0.0010558330516361,en,ncis
hawk,0.0010558295633615,en,ncis
indication,0.0010523292385006,en,ncis
mercede,0.0010511741962423,en,ncis
snap,0.0010502469540287,en,ncis
row,0.0010502469540287,en,ncis
rene,0.0010501447317787,en,ncis
dismember,0.0010501447317787,en,ncis
carlson,0.0010501447317787,en,ncis
medevac,0.0010501447317787,en,ncis
gremlin,0.0010501447317787,en,ncis
officially,0.0010500742734677,en,ncis
knowledge,0.0010500742734677,en,ncis
survival,0.0010499820098391,en,ncis
kit,0.0010499820098391,en,ncis
execute,0.0010499820098391,en,ncis
division,0.0010499820098391,en,ncis
retrieve,0.0010475789715817,en,ncis
district,0.0010475789715817,en,ncis
sarah,0.0010471763973315,en,ncis
unique,0.0010470742852047,en,ncis
society,0.0010470742852047,en,ncis
patience,0.0010470742852047,en,ncis
product,0.0010470742852047,en,ncis
muzzle,0.0010456267586987,en,ncis
beetle,0.0010456267586987,en,ncis
dossier,0.0010456267586987,en,ncis
nasal,0.0010456267586987,en,ncis
sector,0.0010449187975869,en,ncis
concentration,0.0010449187975869,en,ncis
copper,0.0010449187975869,en,ncis
engineering,0.0010449187975869,en,ncis
hungry,0.0010426683495004,en,ncis
terminal,0.0010422270786267,en,ncis
lipstick,0.0010422270786267,en,ncis
approximately,0.0010422270786267,en,ncis
replace,0.0010417811965679,en,ncis
meal,0.0010417811965679,en,ncis
valuable,0.0010415163336098,en,ncis
disgusting,0.0010415163336098,en,ncis
plot,0.0010409992201032,en,ncis
supermodel,0.0010377165320206,en,ncis
provider,0.0010377165320206,en,ncis
jill,0.0010377165320206,en,ncis
ballet,0.00103539027779,en,ncis
bleach,0.00103539027779,en,ncis
ash,0.001034219904788,en,ncis
meat,0.0010333941914804,en,ncis
argument,0.0010330435487946,en,ncis
imply,0.0010323028305269,en,ncis
honestly,0.0010310382889849,en,ncis
serrate,0.0010309511455305,en,ncis
popeye,0.0010309511455305,en,ncis
petechial,0.0010309511455305,en,ncis
methodical,0.0010309511455305,en,ncis
transsexual,0.0010309511455305,en,ncis
welt,0.0010309511455305,en,ncis
uzbekistan,0.0010309511455305,en,ncis
hemorrhaging,0.0010301037984911,en,ncis
contradiction,0.0010301037984911,en,ncis
node,0.0010299106433726,en,ncis
chad,0.0010299106433726,en,ncis
bernard,0.0010299106433726,en,ncis
pipe,0.0010298388004668,en,ncis
basis,0.0010298388004668,en,ncis
abaka,0.0010288552060424,en,ncis
wachter,0.0010288552060424,en,ncis
rafi,0.0010288552060424,en,ncis
smyle,0.0010288552060424,en,ncis
scoletti,0.0010288552060424,en,ncis
bittner,0.0010288552060424,en,ncis
abdalla,0.0010288552060424,en,ncis
radiobiology,0.0010288552060424,en,ncis
konkani,0.0010288552060424,en,ncis
shaloub,0.0010288552060424,en,ncis
crawshaw,0.0010288552060424,en,ncis
regine,0.0010288552060424,en,ncis
lapua,0.0010288552060424,en,ncis
afe,0.0010288552060424,en,ncis
azeon,0.0010288552060424,en,ncis
nrotc,0.0010288552060424,en,ncis
cluxton,0.0010288552060424,en,ncis
primacord,0.0010288552060424,en,ncis
shadegirl,0.0010288552060424,en,ncis
saleena,0.0010288552060424,en,ncis
mcmanni,0.0010288552060424,en,ncis
hadar,0.0010288552060424,en,ncis
farhan,0.0010288552060424,en,ncis
illness,0.0010287036482301,en,ncis
psychic,0.0010287036482301,en,ncis
african,0.0010287036482301,en,ncis
someplace,0.0010246542410491,en,ncis
treason,0.0010246490004695,en,ncis
sift,0.0010246490004695,en,ncis
tango,0.0010246490004695,en,ncis
antidote,0.0010246490004695,en,ncis
sleeper,0.0010238751276734,en,ncis
surgical,0.0010238751276734,en,ncis
flick,0.0010237248128668,en,ncis
reward,0.0010236168325787,en,ncis
furniture,0.0010230176769942,en,ncis
ski,0.0010225182846408,en,ncis
terminate,0.0010225182846408,en,ncis
compound,0.0010225182846408,en,ncis
brian,0.0010225182846408,en,ncis
organization,0.0010194672797429,en,ncis
ironic,0.0010194672797429,en,ncis
flat,0.0010163467815132,en,ncis
ill,0.001015030105352,en,ncis
velocity,0.0010147877325599,en,ncis
midnight,0.0010129661951335,en,ncis
smash,0.0010129661951335,en,ncis
singer,0.0010129010496529,en,ncis
relocate,0.0010126187670069,en,ncis
inquiry,0.0010126187670069,en,ncis
rust,0.0010126187670069,en,ncis
canal,0.0010119496177937,en,ncis
fre,0.0010119496177937,en,ncis
ignition,0.0010119496177937,en,ncis
cremate,0.0010119496177937,en,ncis
webcam,0.0010111467018585,en,ncis
vertebrae,0.0010111467018585,en,ncis
goetz,0.0010109287175233,en,ncis
exsanguination,0.0010109287175233,en,ncis
scuttlebutt,0.0010109287175233,en,ncis
nougat,0.0010109287175233,en,ncis
delore,0.0010109287175233,en,ncis
streetlight,0.0010109287175233,en,ncis
reservist,0.0010109287175233,en,ncis
brenner,0.0010109287175233,en,ncis
acquire,0.0010103600954761,en,ncis
strain,0.0010103600954761,en,ncis
ambush,0.0010103600954761,en,ncis
wild,0.0010086913710071,en,ncis
slowly,0.0010081195885417,en,ncis
solution,0.0010081195885417,en,ncis
birth,0.0010081195885417,en,ncis
confused,0.0010081195885417,en,ncis
actual,0.0010081195885417,en,ncis
complex,0.0010065404053682,en,ncis
pie,0.0010065404053682,en,ncis
smack,0.0010065404053682,en,ncis
sake,0.0010065300184923,en,ncis
manipulate,0.0010054857198966,en,ncis
writing,0.0010054857198966,en,ncis
baseball,0.0010054857198966,en,ncis
clothing,0.0010054857198966,en,ncis
neat,0.0010054857198966,en,ncis
rubber,0.0010054857198966,en,ncis
tiff,0.0010048014265648,en,ncis
fleming,0.0010048014265648,en,ncis
barbershop,0.0010048014265648,en,ncis
concentrate,0.0010046612591414,en,ncis
procedure,0.0010046612591414,en,ncis
toilet,0.0010046612591414,en,ncis
papa,0.001003435273495,en,ncis
corporation,0.001003435273495,en,ncis
glue,0.001003435273495,en,ncis
manufacture,0.0010033159735116,en,ncis
transaction,0.0010033159735116,en,ncis
administer,0.0010033159735116,en,ncis
blueprint,0.001001609819025,en,ncis
luckily,0.001001378531555,en,ncis
falsify,0.0010002148692951,en,ncis
directory,0.0010002148692951,en,ncis
copycat,0.0010002148692951,en,ncis
net,0.000999971125897,en,ncis
scalpel,0.000999598207557,en,ncis
ivy,0.000999598207557,en,ncis
quote,0.0009981455643523,en,ncis
resource,0.0009981455643523,en,ncis
gay,0.0009981455643523,en,ncis
punishment,0.0009981455643523,en,ncis
downtown,0.0009981455643523,en,ncis
dot,0.0009968814186032,en,ncis
fever,0.0009968814186032,en,ncis
liquid,0.0009968814186032,en,ncis
frozen,0.0009968814186032,en,ncis
lure,0.0009968814186032,en,ncis
aid,0.0009964415034812,en,ncis
prisoner,0.0009964415034812,en,ncis
tow,0.0009941162594825,en,ncis
chuck,0.0009941162594825,en,ncis
marker,0.0009941162594825,en,ncis
rag,0.0009933882154315,en,ncis
brew,0.0009933882154315,en,ncis
strand,0.0009933882154315,en,ncis
comparison,0.0009933882154315,en,ncis
abe,0.0009931622019072,en,ncis
redneck,0.0009931622019072,en,ncis
apply,0.0009925910048516,en,ncis
bang,0.0009918999010271,en,ncis
affect,0.0009918999010271,en,ncis
digit,0.0009908376410638,en,ncis
examination,0.0009908376410638,en,ncis
clutch,0.0009908376410638,en,ncis
dork,0.0009908376410638,en,ncis
stash,0.0009883814144406,en,ncis
blackmail,0.0009883814144406,en,ncis
rub,0.0009883051985578,en,ncis
beauty,0.0009883051985578,en,ncis
insult,0.0009883051985578,en,ncis
advance,0.0009883051985578,en,ncis
cutter,0.0009875762078375,en,ncis
splatter,0.0009875762078375,en,ncis
barne,0.0009861534414229,en,ncis
abdomen,0.0009861534414229,en,ncis
dash,0.0009849395260632,en,ncis
lovely,0.0009846473715681,en,ncis
ignore,0.0009846473715681,en,ncis
gather,0.0009839044634252,en,ncis
anxious,0.0009837787288082,en,ncis
oversee,0.0009836361791409,en,ncis
violence,0.0009816321423794,en,ncis
charming,0.0009816321423794,en,ncis
sandwich,0.0009816321423794,en,ncis
cervical,0.0009807460169926,en,ncis
lividity,0.0009807460169926,en,ncis
refinery,0.0009807460169926,en,ncis
bruising,0.0009807460169926,en,ncis
quality,0.0009802506669269,en,ncis
failure,0.0009802506669269,en,ncis
resist,0.0009802506669269,en,ncis
nikki,0.0009760553516725,en,ncis
collage,0.0009760553516725,en,ncis
colt,0.0009760553516725,en,ncis
crawl,0.0009759834030648,en,ncis
broken,0.0009759834030648,en,ncis
bid,0.000975900793876,en,ncis
charter,0.0009758665034355,en,ncis
northwest,0.0009758665034355,en,ncis
marking,0.0009758665034355,en,ncis
youth,0.0009751540588728,en,ncis
gee,0.0009751540588728,en,ncis
stack,0.0009751540588728,en,ncis
jeopardize,0.0009740537521072,en,ncis
sub,0.00097350957187,en,ncis
smooth,0.00097350957187,en,ncis
russell,0.0009725687650354,en,ncis
gypsy,0.0009725687650354,en,ncis
infrared,0.0009725687650354,en,ncis
reconstruct,0.0009725687650354,en,ncis
neighbourhood,0.0009725687650354,en,ncis
leavenworth,0.0009723226840815,en,ncis
travolta,0.0009723226840815,en,ncis
srt,0.0009723226840815,en,ncis
webster,0.0009723226840815,en,ncis
hardwire,0.0009723226840815,en,ncis
cla,0.0009723226840815,en,ncis
massey,0.0009723226840815,en,ncis
literally,0.0009722762812185,en,ncis
junk,0.0009716843933041,en,ncis
strictly,0.0009716843933041,en,ncis
rid,0.0009689670364221,en,ncis
corn,0.0009669959737677,en,ncis
drain,0.0009654738754376,en,ncis
establish,0.0009654738754376,en,ncis
hallway,0.0009654738754376,en,ncis
backpack,0.0009646351352922,en,ncis
caucasian,0.0009644532793287,en,ncis
rapist,0.0009644532793287,en,ncis
betray,0.0009643804621638,en,ncis
progress,0.0009643804621638,en,ncis
spill,0.0009643804621638,en,ncis
hammer,0.0009634826418251,en,ncis
thief,0.0009634826418251,en,ncis
represent,0.0009603589674782,en,ncis
hijack,0.0009598450576014,en,ncis
ping,0.0009598450576014,en,ncis
videotape,0.0009598450576014,en,ncis
accumulate,0.0009597444629118,en,ncis
latex,0.0009597444629118,en,ncis
freelance,0.0009594295690449,en,ncis
commute,0.0009594295690449,en,ncis
kickback,0.0009584741864345,en,ncis
anthony,0.0009584741864345,en,ncis
callus,0.0009584741864345,en,ncis
iranian,0.0009584741864345,en,ncis
campsite,0.0009584741864345,en,ncis
chapter,0.0009582400414031,en,ncis
sympathy,0.0009582400414031,en,ncis
purple,0.0009582400414031,en,ncis
rocket,0.0009582400414031,en,ncis
hunch,0.0009582400414031,en,ncis
nation,0.0009582400414031,en,ncis
merely,0.0009582211556851,en,ncis
authorize,0.0009582211556851,en,ncis
runner,0.0009582211556851,en,ncis
generate,0.0009582211556851,en,ncis
rumor,0.0009575232144255,en,ncis
fantastic,0.0009565616767183,en,ncis
shopping,0.0009553757104068,en,ncis
triple,0.0009553757104068,en,ncis
assumption,0.0009553748220745,en,ncis
rupture,0.0009533218922255,en,ncis
union,0.0009499449857803,en,ncis
restroom,0.0009499261796244,en,ncis
frat,0.0009499261796244,en,ncis
corridor,0.0009499261796244,en,ncis
english,0.0009496558079377,en,ncis
razor,0.0009495725983662,en,ncis
ding,0.0009495725983662,en,ncis
warrior,0.0009495725983662,en,ncis
explanation,0.0009488184362745,en,ncis
pot,0.0009488184362745,en,ncis
crush,0.0009488184362745,en,ncis
nut,0.0009488184362745,en,ncis
hemi,0.0009476183303275,en,ncis
mita,0.0009476183303275,en,ncis
qur,0.0009476183303275,en,ncis
freq,0.0009476183303275,en,ncis
joelene,0.0009476183303275,en,ncis
taggant,0.0009476183303275,en,ncis
acoustical,0.0009476183303275,en,ncis
hetty,0.0009476183303275,en,ncis
sunni,0.0009476183303275,en,ncis
lafferty,0.0009476183303275,en,ncis
phosphor,0.0009476183303275,en,ncis
sallie,0.0009476183303275,en,ncis
fagan,0.0009476183303275,en,ncis
warfield,0.0009476183303275,en,ncis
scar,0.0009473614316619,en,ncis
weigh,0.0009473614316619,en,ncis
exception,0.0009473614316619,en,ncis
tunnel,0.0009473614316619,en,ncis
coach,0.0009473614316619,en,ncis
chimney,0.0009467075616143,en,ncis
molecular,0.0009467075616143,en,ncis
slab,0.0009467075616143,en,ncis
convertible,0.0009467075616143,en,ncis
opera,0.0009462675789137,en,ncis
auction,0.0009462675789137,en,ncis
example,0.0009450160686271,en,ncis
shame,0.0009450160686271,en,ncis
nicotine,0.0009441587468579,en,ncis
drone,0.0009424587575983,en,ncis
romantic,0.0009418699304451,en,ncis
swing,0.0009418699304451,en,ncis
dispatch,0.0009410467197627,en,ncis
certificate,0.0009410467197627,en,ncis
shore,0.0009410467197627,en,ncis
syndrome,0.0009401999134436,en,ncis
intruder,0.0009401999134436,en,ncis
transplant,0.0009401999134436,en,ncis
outfit,0.000939437711677,en,ncis
webb,0.000938880616781,en,ncis
striation,0.000938880616781,en,ncis
lara,0.000938880616781,en,ncis
saudi,0.000938880616781,en,ncis
davidson,0.000938880616781,en,ncis
beltway,0.0009377396082398,en,ncis
manure,0.0009377396082398,en,ncis
spiritual,0.0009373084275874,en,ncis
asian,0.0009373084275874,en,ncis
travis,0.0009343770633265,en,ncis
titanium,0.0009343770633265,en,ncis
arrangement,0.0009341639095136,en,ncis
vanish,0.0009336653113326,en,ncis
surprising,0.0009336653113326,en,ncis
forest,0.0009336653113326,en,ncis
museum,0.0009326400881317,en,ncis
exam,0.0009326400881317,en,ncis
airborne,0.000931851250011,en,ncis
knuckle,0.000931851250011,en,ncis
luggage,0.000930658920788,en,ncis
supervisor,0.0009284926288485,en,ncis
region,0.0009284926288485,en,ncis
pervert,0.0009284926288485,en,ncis
charm,0.000926536123648,en,ncis
attract,0.000926536123648,en,ncis
ceremony,0.0009256756029887,en,ncis
relation,0.0009256756029887,en,ncis
sock,0.0009256756029887,en,ncis
soap,0.0009243494137431,en,ncis
jam,0.0009238539201816,en,ncis
shed,0.0009238539201816,en,ncis
analyst,0.0009224146951294,en,ncis
skid,0.0009224146951294,en,ncis
cooler,0.0009212962749278,en,ncis
pursuit,0.0009198156673704,en,ncis
cheerleader,0.0009198156673704,en,ncis
bowl,0.000918985000244,en,ncis
treatment,0.000918985000244,en,ncis
fantasy,0.000918985000244,en,ncis
weak,0.0009185726146492,en,ncis
energy,0.0009185726146492,en,ncis
benefit,0.0009185726146492,en,ncis
insane,0.0009185726146492,en,ncis
wide,0.0009185726146492,en,ncis
blackmailer,0.0009183437056739,en,ncis
sternum,0.0009183437056739,en,ncis
quartet,0.0009183437056739,en,ncis
suite,0.0009177827419805,en,ncis
bow,0.0009177827419805,en,ncis
nap,0.0009161899995541,en,ncis
minor,0.0009161899995541,en,ncis
swim,0.0009161899995541,en,ncis
absence,0.0009161715411496,en,ncis
fashioned,0.0009161715411496,en,ncis
definition,0.0009161715411496,en,ncis
relevant,0.0009161715411496,en,ncis
congratulation,0.0009151355343986,en,ncis
huge,0.0009151355343986,en,ncis
bulldog,0.0009149234138614,en,ncis
carotid,0.0009149234138614,en,ncis
glance,0.0009121054304651,en,ncis
lace,0.0009121054304651,en,ncis
folder,0.0009121054304651,en,ncis
railroad,0.0009113568903062,en,ncis
immigration,0.0009113568903062,en,ncis
visible,0.0009112732378589,en,ncis
protest,0.0009112732378589,en,ncis
launch,0.0009099844085272,en,ncis
unconscious,0.0009099844085272,en,ncis
lecture,0.0009099844085272,en,ncis
usb,0.0009093826228796,en,ncis
blackbird,0.0009093826228796,en,ncis
lulu,0.0009093826228796,en,ncis
rivera,0.0009093826228796,en,ncis
slice,0.0009086089337453,en,ncis
object,0.0009086089337453,en,ncis
dive,0.0009081034419768,en,ncis
closely,0.0009081034419768,en,ncis
beginning,0.0009078264092771,en,ncis
occur,0.0009041066832786,en,ncis
league,0.0009041066832786,en,ncis
evil,0.0009038672635089,en,ncis
stranger,0.0009038672635089,en,ncis
surround,0.0009038672635089,en,ncis
scatter,0.0009030801958468,en,ncis
grain,0.0009030801958468,en,ncis
condom,0.0009030801958468,en,ncis
casualty,0.0009028612322246,en,ncis
mint,0.0009028612322246,en,ncis
lockdown,0.0009028612322246,en,ncis
traumatic,0.0009028612322246,en,ncis
unknown,0.000902278365211,en,ncis
stalk,0.000902278365211,en,ncis
ordinary,0.000902278365211,en,ncis
forth,0.000902278365211,en,ncis
recreate,0.0009014488371225,en,ncis
filling,0.000901171812951,en,ncis
cyanide,0.000901171812951,en,ncis
hydrogen,0.000901171812951,en,ncis
sharon,0.000901171812951,en,ncis
lense,0.000901171812951,en,ncis
semen,0.000901171812951,en,ncis
pertinent,0.000901171812951,en,ncis
chop,0.0009011089504084,en,ncis
suggestion,0.0009011089504084,en,ncis
paranoid,0.0009011089504084,en,ncis
surgeon,0.0009001422081903,en,ncis
therapist,0.0009001422081903,en,ncis
length,0.0009001422081903,en,ncis
feature,0.0009001422081903,en,ncis
native,0.0009001422081903,en,ncis
squid,0.0009001240558103,en,ncis
wilder,0.0009001240558103,en,ncis
molar,0.0009001240558103,en,ncis
thoracic,0.0009001240558103,en,ncis
finn,0.0009001240558103,en,ncis
armory,0.0009001240558103,en,ncis
inconsistency,0.0009001240558103,en,ncis
spotless,0.0009001240558103,en,ncis
sundown,0.0008995107713721,en,ncis
negotiator,0.0008995107713721,en,ncis
opposite,0.0008967765719234,en,ncis
personality,0.0008946624531233,en,ncis
winter,0.0008946624531233,en,ncis
article,0.0008946624531233,en,ncis
turkey,0.0008945757277197,en,ncis
slim,0.0008945757277197,en,ncis
bunny,0.0008945757277197,en,ncis
ongoing,0.0008942147083099,en,ncis
suicidal,0.0008942147083099,en,ncis
shaft,0.0008942147083099,en,ncis
winner,0.0008936883334638,en,ncis
defect,0.0008917538769574,en,ncis
delta,0.0008917538769574,en,ncis
sebring,0.0008899798497336,en,ncis
dornan,0.0008899798497336,en,ncis
keating,0.0008899798497336,en,ncis
sms,0.0008899798497336,en,ncis
smu,0.0008899798497336,en,ncis
stipple,0.0008899798497336,en,ncis
culvert,0.0008899798497336,en,ncis
jonathon,0.0008899798497336,en,ncis
whalen,0.0008899798497336,en,ncis
sidekick,0.0008885317400507,en,ncis
jeremy,0.0008885317400507,en,ncis
melissa,0.0008885317400507,en,ncis
playboy,0.0008885317400507,en,ncis
registry,0.0008885317400507,en,ncis
circular,0.0008879392659899,en,ncis
marrow,0.0008879392659899,en,ncis
commonly,0.0008879392659899,en,ncis
troy,0.0008879392659899,en,ncis
lake,0.0008871345882349,en,ncis
organize,0.0008871345882349,en,ncis
steel,0.0008871345882349,en,ncis
structure,0.0008871345882349,en,ncis
clever,0.0008863454207418,en,ncis
exercise,0.0008863454207418,en,ncis
mommy,0.0008863454207418,en,ncis
express,0.0008863454207418,en,ncis
cast,0.0008863454207418,en,ncis
felony,0.0008855034110065,en,ncis
calling,0.0008855034110065,en,ncis
prank,0.0008855034110065,en,ncis
briefcase,0.0008855034110065,en,ncis
crystal,0.0008845292689875,en,ncis
strap,0.0008845292689875,en,ncis
survivor,0.0008845292689875,en,ncis
acetone,0.0008829957681769,en,ncis
campground,0.0008829957681769,en,ncis
hermano,0.0008829957681769,en,ncis
dismemberment,0.0008829957681769,en,ncis
mismatch,0.0008829957681769,en,ncis
chillax,0.0008829957681769,en,ncis
northw,0.0008829461129923,en,ncis
sender,0.0008829461129923,en,ncis
monoxide,0.0008829461129923,en,ncis
pour,0.0008823274640268,en,ncis
ambassador,0.0008822630364574,en,ncis
felon,0.0008822630364574,en,ncis
combination,0.0008796927579717,en,ncis
click,0.0008796927579717,en,ncis
successful,0.0008790786017487,en,ncis
customer,0.0008790786017487,en,ncis
rarely,0.0008783693927114,en,ncis
strategic,0.0008778455180778,en,ncis
royal,0.0008769410320838,en,ncis
coroner,0.0008769410320838,en,ncis
import,0.0008769410320838,en,ncis
annoying,0.0008768722945664,en,ncis
maid,0.0008768722945664,en,ncis
vision,0.0008752057950239,en,ncis
dorothy,0.0008751880106332,en,ncis
intended,0.0008751880106332,en,ncis
sunrise,0.000872967897403,en,ncis
recon,0.000872967897403,en,ncis
temporary,0.0008723350179858,en,ncis
steady,0.0008723350179858,en,ncis
vulnerable,0.0008723350179858,en,ncis
profit,0.0008723350179858,en,ncis
awkward,0.0008723350179858,en,ncis
beef,0.0008723350179858,en,ncis
someday,0.000871886315546,en,ncis
initiate,0.0008704415485024,en,ncis
translate,0.0008693116368451,en,ncis
allergic,0.0008693116368451,en,ncis
shack,0.0008685225655222,en,ncis
badly,0.0008681509971399,en,ncis
remarkably,0.0008674368919426,en,ncis
disabled,0.0008674368919426,en,ncis
retired,0.0008666971730216,en,ncis
traceable,0.0008666971730216,en,ncis
ekg,0.0008666971730216,en,ncis
exhume,0.0008666971730216,en,ncis
slightly,0.0008650594891053,en,ncis
underground,0.0008650594891053,en,ncis
dumb,0.0008647670487381,en,ncis
probe,0.0008638605518412,en,ncis
rooftop,0.0008638605518412,en,ncis
composite,0.000862884261245,en,ncis
divulge,0.000862884261245,en,ncis
syndicate,0.000862884261245,en,ncis
eyesight,0.000862884261245,en,ncis
sara,0.000862884261245,en,ncis
collar,0.0008626261597825,en,ncis
troop,0.0008626261597825,en,ncis
laser,0.0008626261597825,en,ncis
plain,0.0008618449027685,en,ncis
orange,0.0008618449027685,en,ncis
belief,0.0008618449027685,en,ncis
earth,0.0008613040323752,en,ncis
regardless,0.0008602432535579,en,ncis
withdraw,0.0008602432535579,en,ncis
trafficker,0.0008591259546087,en,ncis
zulu,0.0008591259546087,en,ncis
dwayne,0.0008591259546087,en,ncis
nav,0.0008591259546087,en,ncis
thunk,0.0008591259546087,en,ncis
bogie,0.0008591259546087,en,ncis
offense,0.000857719333561,en,ncis
annie,0.0008572918038477,en,ncis
coyote,0.0008572918038477,en,ncis
smear,0.000854933561662,en,ncis
jame,0.000854933561662,en,ncis
ish,0.000854933561662,en,ncis
bio,0.000854933561662,en,ncis
practical,0.0008549200807874,en,ncis
legend,0.0008544697873742,en,ncis
conspiracy,0.0008544697873742,en,ncis
shrink,0.0008544697873742,en,ncis
excited,0.0008542370725653,en,ncis
value,0.0008542370725653,en,ncis
employment,0.000852098570534,en,ncis
blah,0.000852098570534,en,ncis
kidnapping,0.000852098570534,en,ncis
acronym,0.000851281887349,en,ncis
firefight,0.000851281887349,en,ncis
jamming,0.000851281887349,en,ncis
magnum,0.000851281887349,en,ncis
devon,0.000851281887349,en,ncis
dea,0.000851281887349,en,ncis
courier,0.000850997669406,en,ncis
measurement,0.000850997669406,en,ncis
calcium,0.000850997669406,en,ncis
stonewall,0.000850997669406,en,ncis
landmark,0.000850997669406,en,ncis
insider,0.000850997669406,en,ncis
hector,0.000850997669406,en,ncis
suburban,0.000850997669406,en,ncis
density,0.000850997669406,en,ncis
stretch,0.0008507478567288,en,ncis
fate,0.0008507478567288,en,ncis
emotional,0.0008507478567288,en,ncis
disappoint,0.0008507417460661,en,ncis
pure,0.0008507417460661,en,ncis
devil,0.0008507417460661,en,ncis
lotion,0.0008473972375338,en,ncis
aside,0.0008473755595396,en,ncis
horrible,0.0008473755595396,en,ncis
envelope,0.0008473202959312,en,ncis
cabinet,0.0008473202959312,en,ncis
hollow,0.0008473202959312,en,ncis
peanut,0.0008471840695205,en,ncis
negotiate,0.0008471840695205,en,ncis
eyewitness,0.0008461799220993,en,ncis
bogus,0.0008461799220993,en,ncis
moly,0.0008452719708503,en,ncis
scapula,0.0008452719708503,en,ncis
guadalcanal,0.0008452719708503,en,ncis
meritorious,0.0008452719708503,en,ncis
problema,0.0008452719708503,en,ncis
substrate,0.0008452719708503,en,ncis
skylark,0.0008452719708503,en,ncis
politician,0.0008440842080441,en,ncis
itch,0.0008440842080441,en,ncis
suffocate,0.0008440842080441,en,ncis
allergy,0.0008440842080441,en,ncis
obsession,0.0008440842080441,en,ncis
brilliant,0.0008438329043933,en,ncis
reputation,0.0008437082956206,en,ncis
aunt,0.0008399856078713,en,ncis
anti,0.0008399856078713,en,ncis
legally,0.0008398239127204,en,ncis
morgan,0.0008395008729142,en,ncis
navigation,0.0008395008729142,en,ncis
enhancement,0.0008395008729142,en,ncis
observant,0.0008395008729142,en,ncis
diplomatic,0.0008395008729142,en,ncis
matching,0.0008377411178652,en,ncis
packet,0.0008377411178652,en,ncis
rendezvous,0.0008377411178652,en,ncis
transmitter,0.0008377411178652,en,ncis
render,0.0008375930287092,en,ncis
prototype,0.0008375930287092,en,ncis
oxycontin,0.0008373345221373,en,ncis
banshee,0.0008373345221373,en,ncis
smith,0.0008373345221373,en,ncis
lynn,0.0008373345221373,en,ncis
zinc,0.0008373345221373,en,ncis
tarot,0.0008373345221373,en,ncis
symposium,0.0008373345221373,en,ncis
islamic,0.0008373345221373,en,ncis
promenade,0.0008373345221373,en,ncis
simply,0.0008369914671285,en,ncis
math,0.0008367440253793,en,ncis
lean,0.0008367440253793,en,ncis
ease,0.0008367440253793,en,ncis
appropriate,0.0008367440253793,en,ncis
embarrass,0.0008367440253793,en,ncis
jasper,0.0008366188728621,en,ncis
inhale,0.0008361960612458,en,ncis
instantly,0.0008361960612458,en,ncis
kidney,0.0008361960612458,en,ncis
flu,0.0008361960612458,en,ncis
mechanic,0.0008361960612458,en,ncis
planning,0.0008328723371178,en,ncis
medication,0.0008328723371178,en,ncis
phase,0.0008328723371178,en,ncis
confront,0.0008328723371178,en,ncis
alien,0.0008328723371178,en,ncis
hearing,0.0008328723371178,en,ncis
university,0.0008324281551454,en,ncis
generation,0.0008298534525021,en,ncis
childhood,0.0008298534525021,en,ncis
twist,0.0008298534525021,en,ncis
sibling,0.000829166647435,en,ncis
substitute,0.000829166647435,en,ncis
generator,0.000829166647435,en,ncis
glimpse,0.000829166647435,en,ncis
scarf,0.000829166647435,en,ncis
gallon,0.000829166647435,en,ncis
reopen,0.000829166647435,en,ncis
wagon,0.0008284302162354,en,ncis
involvement,0.0008284302162354,en,ncis
piano,0.0008284302162354,en,ncis
sherlock,0.0008283691164125,en,ncis
geez,0.000828312222232,en,ncis
pinpoint,0.000828312222232,en,ncis
parker,0.000828312222232,en,ncis
valentine,0.000828312222232,en,ncis
console,0.000828312222232,en,ncis
amateur,0.0008251303575077,en,ncis
infect,0.0008251303575077,en,ncis
porn,0.0008251303575077,en,ncis
hunter,0.0008251303575077,en,ncis
medium,0.0008235056330916,en,ncis
bond,0.0008235056330916,en,ncis
collection,0.000823035033546,en,ncis
overnight,0.000823035033546,en,ncis
rabie,0.0008226381110673,en,ncis
ernie,0.0008226381110673,en,ncis
insurgent,0.0008226381110673,en,ncis
intrigue,0.0008208948874186,en,ncis
spa,0.0008208948874186,en,ncis
pende,0.0008208948874186,en,ncis
hall,0.0008205394763068,en,ncis
external,0.0008191001021387,en,ncis
uncommon,0.0008191001021387,en,ncis
sedate,0.0008191001021387,en,ncis
competition,0.000818893466063,en,ncis
addict,0.0008179279586525,en,ncis
telephone,0.0008179279586525,en,ncis
leather,0.0008179279586525,en,ncis
manslaughter,0.0008175799304106,en,ncis
maggot,0.0008175799304106,en,ncis
bloodstream,0.0008175799304106,en,ncis
emigrate,0.0008172883474939,en,ncis
daphne,0.0008172883474939,en,ncis
prepaid,0.0008172883474939,en,ncis
flan,0.0008172883474939,en,ncis
guarantee,0.0008168587420223,en,ncis
loser,0.0008168587420223,en,ncis
donor,0.0008132506615634,en,ncis
thigh,0.0008132506615634,en,ncis
passage,0.0008132506615634,en,ncis
slash,0.0008132506615634,en,ncis
discovery,0.0008132506615634,en,ncis
condo,0.0008127721762621,en,ncis
core,0.0008120240842816,en,ncis
sack,0.0008120240842816,en,ncis
village,0.0008120240842816,en,ncis
swap,0.0008108184965719,en,ncis
vest,0.0008108184965719,en,ncis
awfully,0.0008108184965719,en,ncis
ugly,0.0008102742639972,en,ncis
vote,0.0008102742639972,en,ncis
psychologist,0.0008100950136055,en,ncis
canadian,0.0008100950136055,en,ncis
battlefield,0.0008100950136055,en,ncis
magnetic,0.0008100950136055,en,ncis
deeply,0.0008096087215784,en,ncis
approve,0.0008096087215784,en,ncis
phobia,0.0008092789258782,en,ncis
chlorate,0.0008087429740187,en,ncis
servicemen,0.0008087429740187,en,ncis
aberdeen,0.0008087429740187,en,ncis
sprayer,0.0008087429740187,en,ncis
forefinger,0.0008087429740187,en,ncis
centimetre,0.0008087429740187,en,ncis
willard,0.0008087429740187,en,ncis
thrifty,0.0008087429740187,en,ncis
honda,0.0008087429740187,en,ncis
quebec,0.0008087429740187,en,ncis
curtis,0.0008071128582383,en,ncis
curiosity,0.0008058299781398,en,ncis
tricky,0.0008052323242945,en,ncis
critical,0.0008052323242945,en,ncis
underestimate,0.0008052323242945,en,ncis
modern,0.0008052323242945,en,ncis
cookie,0.0008052323242945,en,ncis
saying,0.0008047932374789,en,ncis
zombie,0.0008047932374789,en,ncis
bam,0.0008047932374789,en,ncis
handwriting,0.0008047932374789,en,ncis
surrender,0.0008037996033525,en,ncis
infection,0.0008037996033525,en,ncis
blend,0.0008037996033525,en,ncis
stain,0.0008037996033525,en,ncis
basic,0.0008029979738282,en,ncis
babe,0.0008029979738282,en,ncis
halfway,0.0008029979738282,en,ncis
trait,0.00080128785522,en,ncis
introduce,0.0008010233023033,en,ncis
wind,0.0008010233023033,en,ncis
stoic,0.0007987284886954,en,ncis
freighter,0.0007987284886954,en,ncis
lemme,0.0007987284886954,en,ncis
musket,0.0007987284886954,en,ncis
silencer,0.0007987284886954,en,ncis
neurotoxin,0.0007987284886954,en,ncis
bartender,0.0007985176297376,en,ncis
trophy,0.0007985176297376,en,ncis
reliable,0.0007985176297376,en,ncis
flatter,0.0007985164514818,en,ncis
permanent,0.0007985164514818,en,ncis
tragic,0.0007985164514818,en,ncis
dvd,0.0007969530699059,en,ncis
nazi,0.0007969530699059,en,ncis
graze,0.0007969492225874,en,ncis
intestine,0.0007969492225874,en,ncis
swelling,0.0007969492225874,en,ncis
allege,0.0007969492225874,en,ncis
tobacco,0.0007969492225874,en,ncis
dealership,0.0007969492225874,en,ncis
spray,0.0007968690004413,en,ncis
bolt,0.0007968690004413,en,ncis
replacement,0.0007968690004413,en,ncis
convoy,0.0007964883921015,en,ncis
wilson,0.0007964883921015,en,ncis
warning,0.0007964536668781,en,ncis
moonlight,0.000792670112851,en,ncis
archive,0.000792670112851,en,ncis
counter,0.0007918747887271,en,ncis
shadow,0.0007918747887271,en,ncis
session,0.0007918747887271,en,ncis
rail,0.0007913104986385,en,ncis
traditional,0.0007913104986385,en,ncis
capital,0.0007913104986385,en,ncis
square,0.0007908838555703,en,ncis
concept,0.0007900244942045,en,ncis
promote,0.0007900244942045,en,ncis
slack,0.0007900244942045,en,ncis
commercial,0.0007900244942045,en,ncis
freshman,0.0007892469288754,en,ncis
evacuate,0.0007892469288754,en,ncis
sexually,0.0007892469288754,en,ncis
getaway,0.0007892469288754,en,ncis
banking,0.0007870719249506,en,ncis
thermal,0.0007870719249506,en,ncis
mustache,0.0007870719249506,en,ncis
debt,0.0007853057139035,en,ncis
typical,0.0007853057139035,en,ncis
cheer,0.0007845377330055,en,ncis
cafe,0.0007842338101844,en,ncis
attendant,0.0007842338101844,en,ncis
explicit,0.000784220069024,en,ncis
algorithm,0.000784220069024,en,ncis
scarlet,0.000784220069024,en,ncis
licence,0.000784220069024,en,ncis
lincoln,0.000784220069024,en,ncis
disintegrate,0.000784220069024,en,ncis
limb,0.0007842055998022,en,ncis
mini,0.0007842055998022,en,ncis
fortunately,0.0007842055998022,en,ncis
exhibit,0.0007842055998022,en,ncis
seize,0.0007842055998022,en,ncis
somewhat,0.0007842055998022,en,ncis
error,0.0007832639717597,en,ncis
rot,0.0007832639717597,en,ncis
unable,0.0007832639717597,en,ncis
distracted,0.00078167030897,en,ncis
southern,0.00078167030897,en,ncis
tate,0.0007814496735332,en,ncis
congenital,0.0007814496735332,en,ncis
deceptive,0.0007814496735332,en,ncis
iris,0.0007814496735332,en,ncis
winchester,0.0007814496735332,en,ncis
vida,0.0007814496735332,en,ncis
darren,0.0007814496735332,en,ncis
forr,0.0007814496735332,en,ncis
ambient,0.0007814496735332,en,ncis
coating,0.0007814496735332,en,ncis
instantaneous,0.0007814496735332,en,ncis
herring,0.0007814496735332,en,ncis
hop,0.000778807657496,en,ncis
extend,0.000778807657496,en,ncis
shove,0.000778807657496,en,ncis
buzz,0.000778807657496,en,ncis
chinese,0.000778807657496,en,ncis
sphincter,0.0007778581472652,en,ncis
beretta,0.0007778581472652,en,ncis
paxton,0.0007778581472652,en,ncis
subbasement,0.0007778581472652,en,ncis
decent,0.0007772063623336,en,ncis
tube,0.0007765853970604,en,ncis
firearm,0.0007759714643582,en,ncis
narcotic,0.0007759714643582,en,ncis
spine,0.0007742189282021,en,ncis
refrigerator,0.0007742189282021,en,ncis
eighth,0.0007742189282021,en,ncis
convention,0.0007742189282021,en,ncis
turkish,0.0007724329825294,en,ncis
latent,0.0007724329825294,en,ncis
projectile,0.0007724329825294,en,ncis
expansion,0.0007724329825294,en,ncis
neurologist,0.0007724329825294,en,ncis
scale,0.0007723791003501,en,ncis
race,0.0007720152259957,en,ncis
nitrox,0.0007716414045318,en,ncis
richfield,0.0007716414045318,en,ncis
mcprobie,0.0007716414045318,en,ncis
mcc,0.0007716414045318,en,ncis
stratcom,0.0007716414045318,en,ncis
defragge,0.0007716414045318,en,ncis
borov,0.0007716414045318,en,ncis
snowdrift,0.0007716414045318,en,ncis
hairrow,0.0007716414045318,en,ncis
borin,0.0007716414045318,en,ncis
bakr,0.0007716414045318,en,ncis
sattler,0.0007716414045318,en,ncis
gontz,0.0007716414045318,en,ncis
geck,0.0007716414045318,en,ncis
pazzo,0.0007716414045318,en,ncis
lsp,0.0007716414045318,en,ncis
storekeeper,0.0007716414045318,en,ncis
bressle,0.0007716414045318,en,ncis
bomblet,0.0007716414045318,en,ncis
nare,0.0007716414045318,en,ncis
beltwayburn,0.0007716414045318,en,ncis
zuzim,0.0007716414045318,en,ncis
benzethonium,0.0007716414045318,en,ncis
unbury,0.0007716414045318,en,ncis
mahir,0.0007716414045318,en,ncis
euc,0.0007716414045318,en,ncis
canula,0.0007716414045318,en,ncis
cheeseless,0.0007716414045318,en,ncis
nls,0.0007716414045318,en,ncis
affine,0.0007716414045318,en,ncis
stephano,0.0007716414045318,en,ncis
fantail,0.0007716414045318,en,ncis
luray,0.0007716414045318,en,ncis
microspectroscopy,0.0007716414045318,en,ncis
weidman,0.0007716414045318,en,ncis
monteleone,0.0007716414045318,en,ncis
ciprofloxacin,0.0007716414045318,en,ncis
dns,0.0007716414045318,en,ncis
erickson,0.0007716414045318,en,ncis
botagent,0.0007716414045318,en,ncis
blintz,0.0007716414045318,en,ncis
near,0.0007709149794731,en,ncis
brand,0.0007709149794731,en,ncis
combine,0.0007702911781192,en,ncis
prescription,0.0007702911781192,en,ncis
makeup,0.0007702911781192,en,ncis
advanced,0.0007699868072154,en,ncis
resident,0.0007699868072154,en,ncis
mid,0.0007699868072154,en,ncis
distinctive,0.0007681148283181,en,ncis
hoax,0.0007681148283181,en,ncis
bidder,0.0007681148283181,en,ncis
frontal,0.0007681148283181,en,ncis
aluminum,0.0007681148283181,en,ncis
patio,0.0007681148283181,en,ncis
jazz,0.0007678760460811,en,ncis
column,0.0007668887134806,en,ncis
agreement,0.0007660185715404,en,ncis
brush,0.0007660185715404,en,ncis
motion,0.0007660185715404,en,ncis
femur,0.0007652864213949,en,ncis
torre,0.0007652864213949,en,ncis
preferred,0.0007652864213949,en,ncis
protester,0.0007652864213949,en,ncis
taillight,0.0007652864213949,en,ncis
intent,0.0007634762842913,en,ncis
sixth,0.0007634762842913,en,ncis
forehead,0.0007634762842913,en,ncis
wreck,0.0007634663090246,en,ncis
extreme,0.0007634663090246,en,ncis
rabbit,0.0007634663090246,en,ncis
county,0.0007634663090246,en,ncis
delicate,0.0007634663090246,en,ncis
development,0.0007634663090246,en,ncis
diplomat,0.0007610907994199,en,ncis
altercation,0.0007610907994199,en,ncis
accuracy,0.0007610907994199,en,ncis
metallic,0.0007610907994199,en,ncis
humvee,0.0007610907994199,en,ncis
abdominal,0.0007610907994199,en,ncis
detailed,0.0007599409436995,en,ncis
antibiotic,0.0007599409436995,en,ncis
ceo,0.0007599409436995,en,ncis
choke,0.0007597246463501,en,ncis
drinking,0.0007597246463501,en,ncis
organic,0.0007596757872397,en,ncis
instruct,0.0007596757872397,en,ncis
integrity,0.0007596757872397,en,ncis
oath,0.0007596757872397,en,ncis
incision,0.0007590072804498,en,ncis
bookstore,0.0007590072804498,en,ncis
planet,0.0007585116890207,en,ncis
incredible,0.0007585116890207,en,ncis
environment,0.0007570220757197,en,ncis
rely,0.0007570220757197,en,ncis
noon,0.0007570220757197,en,ncis
advise,0.0007570220757197,en,ncis
sniff,0.000756752868314,en,ncis
ban,0.0007525764551212,en,ncis
destination,0.0007525764551212,en,ncis
beard,0.0007525764551212,en,ncis
eagle,0.0007525764551212,en,ncis
knot,0.0007525764551212,en,ncis
entirely,0.0007523975308546,en,ncis
tall,0.0007523975308546,en,ncis
graduation,0.0007521599307549,en,ncis
urban,0.0007521599307549,en,ncis
yoga,0.0007521599307549,en,ncis
wookiee,0.0007511044934248,en,ncis
jarhead,0.0007511044934248,en,ncis
taxicab,0.0007511044934248,en,ncis
esoteric,0.0007511044934248,en,ncis
redact,0.0007511044934248,en,ncis
scotsman,0.0007511044934248,en,ncis
hyoid,0.0007511044934248,en,ncis
horn,0.0007506523438911,en,ncis
drawer,0.0007506523438911,en,ncis
label,0.0007506523438911,en,ncis
shortly,0.0007506523438911,en,ncis
pose,0.0007506523438911,en,ncis
moore,0.0007501611519713,en,ncis
diesel,0.0007501611519713,en,ncis
manicure,0.0007501611519713,en,ncis
wretched,0.0007501611519713,en,ncis
contamination,0.0007501611519713,en,ncis
gloria,0.0007501611519713,en,ncis
tropical,0.0007501303283667,en,ncis
oral,0.0007501303283667,en,ncis
vic,0.0007501303283667,en,ncis
bench,0.0007501185068252,en,ncis
contest,0.0007501185068252,en,ncis
stubborn,0.0007501185068252,en,ncis
gene,0.0007501185068252,en,ncis
postmark,0.0007501033798419,en,ncis
inflammation,0.0007501033798419,en,ncis
chloride,0.0007501033798419,en,ncis
ligature,0.0007501033798419,en,ncis
baja,0.0007501033798419,en,ncis
passageway,0.0007501033798419,en,ncis
dishonorable,0.0007501033798419,en,ncis
atf,0.0007501033798419,en,ncis
nichola,0.0007501033798419,en,ncis
pursue,0.0007473311276109,en,ncis
wise,0.0007473311276109,en,ncis
punish,0.0007473311276109,en,ncis
admire,0.0007473311276109,en,ncis
wine,0.0007463402494025,en,ncis
janitor,0.0007455871946118,en,ncis
snatch,0.0007455871946118,en,ncis
accusation,0.0007455871946118,en,ncis
deer,0.0007445271366304,en,ncis
camping,0.0007445271366304,en,ncis
positively,0.0007445271366304,en,ncis
phil,0.0007445271366304,en,ncis
operator,0.0007445271366304,en,ncis
sue,0.0007443554105915,en,ncis
eager,0.0007435708715023,en,ncis
fee,0.0007435708715023,en,ncis
idle,0.000741472582842,en,ncis
underage,0.000741472582842,en,ncis
virginity,0.000741472582842,en,ncis
overhead,0.000741472582842,en,ncis
rim,0.000741472582842,en,ncis
awesome,0.0007412288989184,en,ncis
bail,0.0007412288989184,en,ncis
folk,0.0007403387962233,en,ncis
excruciating,0.0007396150810671,en,ncis
gel,0.0007396150810671,en,ncis
detection,0.0007396150810671,en,ncis
arab,0.0007396150810671,en,ncis
farmer,0.0007387046445474,en,ncis
nicely,0.0007381296306033,en,ncis
pink,0.0007381296306033,en,ncis
propose,0.0007381296306033,en,ncis
appeal,0.0007381296306033,en,ncis
title,0.0007381296306033,en,ncis
swell,0.0007371077241563,en,ncis
permit,0.0007371077241563,en,ncis
instance,0.0007371077241563,en,ncis
religion,0.0007371077241563,en,ncis
manual,0.0007371077241563,en,ncis
foul,0.0007371077241563,en,ncis
homeless,0.0007371077241563,en,ncis
disable,0.0007370370199422,en,ncis
demonstration,0.0007370370199422,en,ncis
supplier,0.0007370370199422,en,ncis
admin,0.0007357884274936,en,ncis
profiler,0.0007357884274936,en,ncis
thermo,0.0007357884274936,en,ncis
drowning,0.0007357884274936,en,ncis
colleague,0.0007351880001952,en,ncis
react,0.0007351880001952,en,ncis
portable,0.000733023478132,en,ncis
poop,0.000733023478132,en,ncis
enable,0.000733023478132,en,ncis
petition,0.000733023478132,en,ncis
screwdriver,0.000733023478132,en,ncis
traumatize,0.000733023478132,en,ncis
overdue,0.000733023478132,en,ncis
timeline,0.000733023478132,en,ncis
forced,0.000733023478132,en,ncis
courtesy,0.0007319734138583,en,ncis
commitment,0.0007319734138583,en,ncis
scum,0.000731925595407,en,ncis
helmet,0.000731925595407,en,ncis
jewelry,0.0007307269121387,en,ncis
inappropriate,0.0007307269121387,en,ncis
stroke,0.0007307269121387,en,ncis
shark,0.0007307269121387,en,ncis
peek,0.0007307269121387,en,ncis
accompany,0.0007296843443721,en,ncis
mailman,0.0007294265737766,en,ncis
coronary,0.0007294265737766,en,ncis
platoon,0.0007294265737766,en,ncis
speciman,0.0007294265737766,en,ncis
immigrate,0.0007275060983037,en,ncis
chauvinist,0.0007275060983037,en,ncis
urkel,0.0007275060983037,en,ncis
amphibious,0.0007275060983037,en,ncis
corresponding,0.0007275060983037,en,ncis
calibre,0.0007275060983037,en,ncis
linguist,0.0007275060983037,en,ncis
cortez,0.0007275060983037,en,ncis
gluten,0.0007275060983037,en,ncis
unfortunate,0.0007258852229998,en,ncis
perfume,0.0007252469803258,en,ncis
sloppy,0.0007252469803258,en,ncis
timer,0.0007252469803258,en,ncis
shallow,0.0007252469803258,en,ncis
spur,0.000724773194453,en,ncis
workplace,0.000724773194453,en,ncis
pastry,0.000724773194453,en,ncis
gateway,0.000724773194453,en,ncis
zero,0.000724773194453,en,ncis
factor,0.0007244263640376,en,ncis
princess,0.0007244263640376,en,ncis
alter,0.0007244263640376,en,ncis
tab,0.0007244263640376,en,ncis
angel,0.0007232853466229,en,ncis
powerful,0.0007226593465972,en,ncis
occasional,0.0007224641566774,en,ncis
preppe,0.0007224641566774,en,ncis
conditioning,0.0007224641566774,en,ncis
enhance,0.0007224641566774,en,ncis
unlocked,0.0007224641566774,en,ncis
dioxide,0.0007222476441846,en,ncis
decrypt,0.0007222476441846,en,ncis
chlorine,0.0007222476441846,en,ncis
sulfur,0.0007222476441846,en,ncis
lacrosse,0.0007222476441846,en,ncis
hasting,0.0007222476441846,en,ncis
creature,0.0007198635710782,en,ncis
garbage,0.0007198635710782,en,ncis
painful,0.0007198635710782,en,ncis
sympathize,0.0007195721767836,en,ncis
trafficking,0.0007195721767836,en,ncis
agitated,0.0007195721767836,en,ncis
rake,0.0007195721767836,en,ncis
correspond,0.0007195721767836,en,ncis
reconstruction,0.0007195721767836,en,ncis
sophie,0.0007195721767836,en,ncis
lemon,0.0007186658667638,en,ncis
remotely,0.0007186658667638,en,ncis
suitcase,0.0007186658667638,en,ncis
anticipate,0.0007186658667638,en,ncis
cue,0.0007186658667638,en,ncis
vital,0.0007182040856404,en,ncis
clip,0.0007182040856404,en,ncis
compete,0.0007182040856404,en,ncis
expression,0.0007182040856404,en,ncis
workout,0.0007167125893714,en,ncis
waffle,0.0007167125893714,en,ncis
brunette,0.0007167125893714,en,ncis
surf,0.0007153717666479,en,ncis
secretive,0.0007153717666479,en,ncis
apple,0.0007139070193713,en,ncis
loyalty,0.0007139070193713,en,ncis
slam,0.0007139070193713,en,ncis
proceed,0.0007139070193713,en,ncis
stall,0.0007139070193713,en,ncis
doom,0.0007121794487747,en,ncis
puppet,0.0007121794487747,en,ncis
finance,0.0007121794487747,en,ncis
highway,0.0007120581561451,en,ncis
palm,0.0007120581561451,en,ncis
effort,0.0007116138272059,en,ncis
tashkent,0.0007107137477456,en,ncis
cremain,0.0007107137477456,en,ncis
chechnyan,0.0007107137477456,en,ncis
anatoly,0.0007107137477456,en,ncis
steampunk,0.0007107137477456,en,ncis
backtrace,0.0007107137477456,en,ncis
mohame,0.0007107137477456,en,ncis
renko,0.0007107137477456,en,ncis
pipette,0.0007107137477456,en,ncis
taffet,0.0007107137477456,en,ncis
whorl,0.0007107137477456,en,ncis
matn,0.0007107137477456,en,ncis
lamination,0.0007107137477456,en,ncis
expressionism,0.0007107137477456,en,ncis
lreland,0.0007107137477456,en,ncis
nanogram,0.0007107137477456,en,ncis
gutterman,0.0007107137477456,en,ncis
elly,0.0007107137477456,en,ncis
lnterrogation,0.0007107137477456,en,ncis
formalin,0.0007107137477456,en,ncis
dumfrie,0.0007107137477456,en,ncis
paloma,0.0007107137477456,en,ncis
phenelzine,0.0007107137477456,en,ncis
firewire,0.0007107137477456,en,ncis
snooper,0.0007107137477456,en,ncis
dimarco,0.0007107137477456,en,ncis
jordanian,0.0007107137477456,en,ncis
rani,0.0007107137477456,en,ncis
krieger,0.0007107137477456,en,ncis
wasim,0.0007107137477456,en,ncis
seam,0.0007100306712107,en,ncis
melon,0.0007100306712107,en,ncis
antidepressant,0.0007100306712107,en,ncis
alphabet,0.0007100306712107,en,ncis
ricochet,0.0007094015727908,en,ncis
buttock,0.0007094015727908,en,ncis
ordnance,0.0007094015727908,en,ncis
ferris,0.0007094015727908,en,ncis
este,0.0007094015727908,en,ncis
nicky,0.0007094015727908,en,ncis
vacant,0.0007088331369048,en,ncis
speculate,0.0007088331369048,en,ncis
impersonate,0.0007088331369048,en,ncis
firing,0.0007088331369048,en,ncis
porch,0.0007084027288052,en,ncis
industrial,0.0007084027288052,en,ncis
automatic,0.0007084027288052,en,ncis
echo,0.0007084027288052,en,ncis
pond,0.0007084027288052,en,ncis
chess,0.0007084027288052,en,ncis
avenue,0.0007084027288052,en,ncis
hike,0.0007084027288052,en,ncis
guide,0.0007080141753209,en,ncis
dupont,0.0007063966145415,en,ncis
backtrack,0.0007063966145415,en,ncis
leer,0.0007063966145415,en,ncis
coleman,0.0007063966145415,en,ncis
ltalian,0.0007063966145415,en,ncis
chrysler,0.0007063966145415,en,ncis
valentino,0.0007063966145415,en,ncis
occipital,0.0007063966145415,en,ncis
politic,0.0007059867246004,en,ncis
management,0.0007059867246004,en,ncis
embarrassed,0.0007059867246004,en,ncis
declare,0.0007059867246004,en,ncis
sweetie,0.0007058619712214,en,ncis
thread,0.000705785039822,en,ncis
merry,0.000705785039822,en,ncis
suddenly,0.0007054472503581,en,ncis
bath,0.0007021836905787,en,ncis
generous,0.0007021836905787,en,ncis
produce,0.0007021836905787,en,ncis
edition,0.000701552825667,en,ncis
tourist,0.000701552825667,en,ncis
induce,0.000701552825667,en,ncis
scissor,0.000701552825667,en,ncis
virtually,0.0007011268733175,en,ncis
anchor,0.0007011268733175,en,ncis
insect,0.0007011268733175,en,ncis
irritate,0.0007011268733175,en,ncis
span,0.0007011268733175,en,ncis
data,0.0007011268733175,en,ncis
centre,0.0007007827974948,en,ncis
impound,0.0007007827974948,en,ncis
forearm,0.0007007827974948,en,ncis
patriot,0.0007007827974948,en,ncis
bureaucrat,0.0007007827974948,en,ncis
exonerate,0.0007007827974948,en,ncis
sport,0.0007001646360191,en,ncis
queen,0.0007001646360191,en,ncis
pit,0.0006999880065594,en,ncis
quietly,0.0006999880065594,en,ncis
resolve,0.0006999880065594,en,ncis
hint,0.0006999880065594,en,ncis
stumble,0.0006994800660988,en,ncis
ritual,0.0006994800660988,en,ncis
traitor,0.0006994800660988,en,ncis
reassemble,0.0006971823940517,en,ncis
pellet,0.0006971823940517,en,ncis
asphyxiation,0.0006971823940517,en,ncis
jugular,0.0006971823940517,en,ncis
intestinal,0.0006971823940517,en,ncis
cache,0.0006971823940517,en,ncis
monte,0.0006971823940517,en,ncis
limelight,0.0006971823940517,en,ncis
paintball,0.0006971823940517,en,ncis
imperial,0.0006971823940517,en,ncis
occupant,0.0006971823940517,en,ncis
dicken,0.0006971823940517,en,ncis
bike,0.0006964142591543,en,ncis
coverage,0.0006948180524178,en,ncis
sticky,0.0006948180524178,en,ncis
aspect,0.0006948180524178,en,ncis
restrain,0.0006948180524178,en,ncis
transmit,0.0006948180524178,en,ncis
conscious,0.0006940602809315,en,ncis
repair,0.0006940602809315,en,ncis
snake,0.0006940602809315,en,ncis
subtle,0.0006940602809315,en,ncis
compartment,0.0006935863487446,en,ncis
warden,0.0006935863487446,en,ncis
belonging,0.0006935863487446,en,ncis
windshield,0.0006935863487446,en,ncis
microphone,0.0006935863487446,en,ncis
saving,0.0006932620603073,en,ncis
volume,0.0006932620603073,en,ncis
ward,0.0006932620603073,en,ncis
nickname,0.0006932620603073,en,ncis
entertainment,0.0006932620603073,en,ncis
fiancee,0.0006918110213471,en,ncis
pilate,0.0006918110213471,en,ncis
temporal,0.0006918110213471,en,ncis
emma,0.0006918110213471,en,ncis
kinda,0.0006889294609869,en,ncis
immediate,0.0006882018870179,en,ncis
fold,0.0006882018870179,en,ncis
extension,0.0006881946028463,en,ncis
psychopath,0.0006881946028463,en,ncis
goat,0.0006881946028463,en,ncis
lawsuit,0.0006881946028463,en,ncis
logical,0.0006881946028463,en,ncis
disturbing,0.0006881946028463,en,ncis
dimitri,0.000687300763687,en,ncis
filipino,0.000687300763687,en,ncis
antifreeze,0.000687300763687,en,ncis
gastrointestinal,0.000687300763687,en,ncis
pedro,0.000687300763687,en,ncis
authentication,0.000687300763687,en,ncis
cognac,0.000687300763687,en,ncis
hemorrhagic,0.000687300763687,en,ncis
beemer,0.000687300763687,en,ncis
fist,0.0006871286558622,en,ncis
lens,0.0006862045839113,en,ncis
distribution,0.0006862045839113,en,ncis
sunglass,0.0006862045839113,en,ncis
prosecution,0.0006862045839113,en,ncis
unidentified,0.0006862045839113,en,ncis
insert,0.0006862045839113,en,ncis
receiver,0.0006862045839113,en,ncis
vector,0.0006855317592227,en,ncis
toolbox,0.0006855317592227,en,ncis
combustion,0.0006855317592227,en,ncis
larceny,0.0006855317592227,en,ncis
armani,0.0006855317592227,en,ncis
boom,0.0006850535336433,en,ncis
pathetic,0.0006850535336433,en,ncis
tick,0.0006850535336433,en,ncis
slide,0.0006850535336433,en,ncis
panda,0.0006830993336463,en,ncis
quadrant,0.0006830993336463,en,ncis
quad,0.0006830993336463,en,ncis
resistant,0.0006830993336463,en,ncis
recipient,0.0006830993336463,en,ncis
wool,0.0006830993336463,en,ncis
learner,0.0006830993336463,en,ncis
tale,0.0006824112217191,en,ncis
naturally,0.0006824112217191,en,ncis
saint,0.0006824112217191,en,ncis
forge,0.0006816788564272,en,ncis
regulation,0.0006816788564272,en,ncis
specialty,0.0006816788564272,en,ncis
scrap,0.0006816788564272,en,ncis
reader,0.0006816788564272,en,ncis
convenient,0.0006810775814826,en,ncis
straw,0.0006810775814826,en,ncis
mailbox,0.0006789750313134,en,ncis
strength,0.0006779004476317,en,ncis
awful,0.0006779004476317,en,ncis
culture,0.0006766867369013,en,ncis
playing,0.0006766867369013,en,ncis
snoop,0.0006752673664353,en,ncis
driveway,0.0006752673664353,en,ncis
hollywood,0.0006752673664353,en,ncis
pharmaceutical,0.0006752673664353,en,ncis
psychiatrist,0.0006752673664353,en,ncis
unusually,0.0006746330785291,en,ncis
curly,0.0006746330785291,en,ncis
distributor,0.0006746330785291,en,ncis
clientele,0.0006746330785291,en,ncis
compile,0.0006746330785291,en,ncis
divert,0.0006746330785291,en,ncis
elusive,0.0006746330785291,en,ncis
squeaky,0.0006746330785291,en,ncis
flea,0.0006746330785291,en,ncis
morgue,0.0006746330785291,en,ncis
loading,0.0006746330785291,en,ncis
tracker,0.0006746330785291,en,ncis
revolver,0.0006743991048985,en,ncis
header,0.0006743991048985,en,ncis
eiffel,0.0006743991048985,en,ncis
likeness,0.0006743991048985,en,ncis
knitting,0.0006743991048985,en,ncis
talent,0.0006739223335122,en,ncis
garden,0.0006739223335122,en,ncis
meantime,0.0006739223335122,en,ncis
god,0.0006724609140047,en,ncis
abduction,0.0006718915403209,en,ncis
charade,0.0006718915403209,en,ncis
producer,0.0006718915403209,en,ncis
static,0.0006718915403209,en,ncis
tenant,0.0006718915403209,en,ncis
certify,0.0006718915403209,en,ncis
scat,0.0006698676177098,en,ncis
tabasco,0.0006698676177098,en,ncis
oman,0.0006698676177098,en,ncis
cremation,0.0006698676177098,en,ncis
scraping,0.0006698676177098,en,ncis
deaf,0.0006692137843521,en,ncis
circus,0.0006692137843521,en,ncis
dime,0.0006692137843521,en,ncis
fraud,0.0006692137843521,en,ncis
breakdown,0.0006692137843521,en,ncis
sheep,0.0006689568489966,en,ncis
hesitate,0.0006689568489966,en,ncis
mill,0.0006689568489966,en,ncis
working,0.0006689568489966,en,ncis
sheet,0.0006684399433377,en,ncis
guilt,0.0006684399433377,en,ncis
balance,0.0006684399433377,en,ncis
bushnell,0.0006674848873002,en,ncis
courvoisi,0.0006674848873002,en,ncis
blye,0.0006674848873002,en,ncis
gibraltar,0.0006674848873002,en,ncis
sitrep,0.0006674848873002,en,ncis
dorn,0.0006674848873002,en,ncis
khalid,0.0006674848873002,en,ncis
engler,0.0006674848873002,en,ncis
leishmaniasis,0.0006674848873002,en,ncis
transplantation,0.0006674848873002,en,ncis
lnterpol,0.0006674848873002,en,ncis
libertad,0.0006674848873002,en,ncis
steganography,0.0006674848873002,en,ncis
mcclellan,0.0006674848873002,en,ncis
baio,0.0006674848873002,en,ncis
hmx,0.0006674848873002,en,ncis
passerby,0.0006674848873002,en,ncis
yuma,0.0006674848873002,en,ncis
bicuspid,0.0006674848873002,en,ncis
yeoman,0.0006674848873002,en,ncis
kerr,0.0006674848873002,en,ncis
machinist,0.0006674848873002,en,ncis
embalmer,0.0006674848873002,en,ncis
silva,0.0006674848873002,en,ncis
polygraphe,0.0006674848873002,en,ncis
bzzzz,0.0006674848873002,en,ncis
evidently,0.000666398805038,en,ncis
known,0.000666398805038,en,ncis
football,0.0006654303762349,en,ncis
teenager,0.0006654303762349,en,ncis
branch,0.0006654303762349,en,ncis
operating,0.0006649483257371,en,ncis
resolution,0.0006649483257371,en,ncis
painkiller,0.0006649483257371,en,ncis
morphine,0.0006649483257371,en,ncis
moisture,0.0006637403267513,en,ncis
jamie,0.0006637403267513,en,ncis
herpe,0.0006637403267513,en,ncis
commendation,0.0006637403267513,en,ncis
congressional,0.0006637403267513,en,ncis
swerve,0.0006637403267513,en,ncis
destroyer,0.0006637403267513,en,ncis
nearby,0.0006633969517406,en,ncis
bark,0.0006633969517406,en,ncis
significant,0.0006633969517406,en,ncis
community,0.0006630115677376,en,ncis
fountain,0.0006627441729883,en,ncis
leverage,0.0006627441729883,en,ncis
pea,0.0006627441729883,en,ncis
basketball,0.0006627441729883,en,ncis
protein,0.0006627441729883,en,ncis
professor,0.0006598956572725,en,ncis
cave,0.0006598956572725,en,ncis
burrito,0.0006583841385583,en,ncis
formation,0.0006583841385583,en,ncis
hygiene,0.0006583841385583,en,ncis
debrief,0.0006583841385583,en,ncis
splinter,0.0006583841385583,en,ncis
amendment,0.0006583841385583,en,ncis
tidy,0.0006581399394105,en,ncis
wee,0.0006581399394105,en,ncis
tumor,0.0006581399394105,en,ncis
thanksgive,0.0006581399394105,en,ncis
lining,0.0006581399394105,en,ncis
waiter,0.0006581399394105,en,ncis
diagnosis,0.0006581399394105,en,ncis
accounting,0.0006581399394105,en,ncis
unlikely,0.0006576542209248,en,ncis
punk,0.0006576542209248,en,ncis
panel,0.0006576542209248,en,ncis
backwards,0.0006576542209248,en,ncis
phrase,0.0006576542209248,en,ncis
proper,0.0006576361527438,en,ncis
passionate,0.0006566263507088,en,ncis
freezer,0.0006566263507088,en,ncis
resign,0.0006566263507088,en,ncis
wander,0.0006544214282529,en,ncis
somalia,0.0006538306779951,en,ncis
camcorder,0.0006538306779951,en,ncis
laminate,0.0006538306779951,en,ncis
macabre,0.0006538306779951,en,ncis
calligraphy,0.0006538306779951,en,ncis
lobbyist,0.0006538306779951,en,ncis
raine,0.0006538306779951,en,ncis
impersonation,0.0006538306779951,en,ncis
predate,0.0006538306779951,en,ncis
windsor,0.0006538306779951,en,ncis
reenactment,0.0006538306779951,en,ncis
defiant,0.0006538306779951,en,ncis
dredge,0.0006535167241867,en,ncis
goth,0.0006535167241867,en,ncis
hypothesis,0.0006535167241867,en,ncis
natalie,0.0006535167241867,en,ncis
marilyn,0.0006535167241867,en,ncis
sequel,0.0006535167241867,en,ncis
logistic,0.0006535167241867,en,ncis
euro,0.0006535167241867,en,ncis
invert,0.0006535167241867,en,ncis
toast,0.0006523126749387,en,ncis
poster,0.0006519837276338,en,ncis
gotcha,0.0006519837276338,en,ncis
snack,0.0006519837276338,en,ncis
inner,0.0006519837276338,en,ncis
satisfied,0.0006519837276338,en,ncis
underwear,0.0006519837276338,en,ncis
sarcasm,0.0006514612445516,en,ncis
northern,0.0006514612445516,en,ncis
guitar,0.0006506005292507,en,ncis
occasionally,0.0006506005292507,en,ncis
arrival,0.0006506005292507,en,ncis
harbor,0.0006506005292507,en,ncis
clog,0.000650577668957,en,ncis
immigrant,0.000650577668957,en,ncis
exterior,0.000650577668957,en,ncis
ipod,0.000650577668957,en,ncis
foreman,0.000650577668957,en,ncis
salt,0.0006490063812466,en,ncis
therapy,0.0006490063812466,en,ncis
cloud,0.0006490063812466,en,ncis
chocolate,0.0006490063812466,en,ncis
spin,0.0006470401402863,en,ncis
lonely,0.0006470401402863,en,ncis
rack,0.0006463836770764,en,ncis
symptom,0.0006463836770764,en,ncis
secondary,0.0006449073924494,en,ncis
tackle,0.0006449073924494,en,ncis
profession,0.0006449073924494,en,ncis
bypass,0.0006449073924494,en,ncis
unload,0.0006449073924494,en,ncis
religious,0.0006446639825118,en,ncis
draft,0.0006446639825118,en,ncis
butcher,0.0006446639825118,en,ncis
wealthy,0.0006446639825118,en,ncis
inject,0.0006446639825118,en,ncis
pat,0.0006446639825118,en,ncis
saver,0.0006436941521078,en,ncis
boutique,0.0006436941521078,en,ncis
chi,0.0006436941521078,en,ncis
buffer,0.0006436941521078,en,ncis
showing,0.0006436941521078,en,ncis
cannibal,0.0006436941521078,en,ncis
elaine,0.0006436941521078,en,ncis
refrain,0.0006436941521078,en,ncis
dual,0.0006436941521078,en,ncis
bread,0.0006436492502917,en,ncis
invitation,0.0006436492502917,en,ncis
shaving,0.0006429688528858,en,ncis
programming,0.0006429688528858,en,ncis
steering,0.0006429688528858,en,ncis
mumble,0.0006429688528858,en,ncis
freedom,0.0006418175830175,en,ncis
fancy,0.0006418175830175,en,ncis
commission,0.0006408523405306,en,ncis
political,0.0006408523405306,en,ncis
bean,0.0006408523405306,en,ncis
diseased,0.0006389827909563,en,ncis
novelist,0.0006389827909563,en,ncis
discernible,0.0006389827909563,en,ncis
esta,0.0006389827909563,en,ncis
emasculate,0.0006389827909563,en,ncis
pawnshop,0.0006389827909563,en,ncis
stateside,0.0006389827909563,en,ncis
dispatcher,0.0006389827909563,en,ncis
cranium,0.0006389827909563,en,ncis
hardware,0.0006388141037901,en,ncis
scrape,0.0006388141037901,en,ncis
dread,0.0006384738013256,en,ncis
kitty,0.0006384738013256,en,ncis
nod,0.0006384738013256,en,ncis
riddle,0.0006384738013256,en,ncis
saddle,0.0006384738013256,en,ncis
sour,0.0006384738013256,en,ncis
confidence,0.000638348809617,en,ncis
host,0.000638348809617,en,ncis
mountain,0.000638348809617,en,ncis
tone,0.000638348809617,en,ncis
silly,0.0006366440645692,en,ncis
greg,0.0006355479281503,en,ncis
banker,0.0006355479281503,en,ncis
misunderstand,0.0006355479281503,en,ncis
debris,0.0006355479281503,en,ncis
arson,0.0006355479281503,en,ncis
disk,0.0006355479281503,en,ncis
primitive,0.0006355479281503,en,ncis
alike,0.0006353880521404,en,ncis
roadside,0.0006342423328499,en,ncis
myspace,0.0006342423328499,en,ncis
photographic,0.0006342423328499,en,ncis
bonita,0.0006339539781377,en,ncis
vertebra,0.0006339539781377,en,ncis
rpgs,0.0006339539781377,en,ncis
smeared,0.0006339539781377,en,ncis
tentatively,0.0006339539781377,en,ncis
leanne,0.0006339539781377,en,ncis
hydrofluoric,0.0006339539781377,en,ncis
hutchin,0.0006339539781377,en,ncis
boreali,0.0006339539781377,en,ncis
prsent,0.0006339539781377,en,ncis
microbiologist,0.0006339539781377,en,ncis
silicate,0.0006339539781377,en,ncis
syrian,0.0006339539781377,en,ncis
terabyte,0.0006339539781377,en,ncis
corbett,0.0006339539781377,en,ncis
dem,0.0006339539781377,en,ncis
maize,0.0006339539781377,en,ncis
sightsee,0.0006339539781377,en,ncis
modular,0.0006339539781377,en,ncis
speargun,0.0006339539781377,en,ncis
hol,0.0006339539781377,en,ncis
lifetime,0.0006331038719584,en,ncis
haircut,0.0006330483989108,en,ncis
elbow,0.0006330483989108,en,ncis
businessman,0.0006330483989108,en,ncis
purely,0.0006321561370927,en,ncis
accountant,0.0006321561370927,en,ncis
consultant,0.0006321561370927,en,ncis
rotten,0.0006321561370927,en,ncis
downstair,0.0006321561370927,en,ncis
portion,0.0006321561370927,en,ncis
overhear,0.0006321561370927,en,ncis
reschedule,0.0006321561370927,en,ncis
holy,0.0006315186725713,en,ncis
grandmother,0.0006299892059035,en,ncis
aim,0.0006299892059035,en,ncis
inspect,0.0006283058383989,en,ncis
crude,0.0006283058383989,en,ncis
diving,0.0006283058383989,en,ncis
fling,0.0006283058383989,en,ncis
bruce,0.0006283058383989,en,ncis
weave,0.0006283058383989,en,ncis
vend,0.0006283058383989,en,ncis
yellow,0.0006279132869634,en,ncis
anger,0.0006279132869634,en,ncis
impress,0.0006279132869634,en,ncis
pine,0.0006273644798418,en,ncis
confidential,0.0006273644798418,en,ncis
delusional,0.0006259502958169,en,ncis
squat,0.0006259502958169,en,ncis
mentor,0.0006259502958169,en,ncis
dispose,0.0006259502958169,en,ncis
langley,0.0006251597388265,en,ncis
kennedy,0.0006251597388265,en,ncis
kaboom,0.0006251597388265,en,ncis
squadron,0.0006251597388265,en,ncis
sniffer,0.0006251597388265,en,ncis
telemarketer,0.0006251597388265,en,ncis
oxide,0.0006251597388265,en,ncis
snafu,0.0006251597388265,en,ncis
nutter,0.0006251597388265,en,ncis
switchboard,0.0006251597388265,en,ncis
cuticle,0.0006251597388265,en,ncis
vinyl,0.0006251342933094,en,ncis
obstruct,0.0006251342933094,en,ncis
tract,0.0006251342933094,en,ncis
grail,0.0006251342933094,en,ncis
sterling,0.0006251342933094,en,ncis
venom,0.0006251342933094,en,ncis
binder,0.0006251342933094,en,ncis
bubble,0.0006246542528383,en,ncis
reduce,0.0006246542528383,en,ncis
top,0.0006246542528383,en,ncis
embarrassing,0.0006246542528383,en,ncis
mug,0.0006246542528383,en,ncis
prayer,0.0006246542528383,en,ncis
diet,0.0006246542528383,en,ncis
potato,0.0006246542528383,en,ncis
flush,0.0006227759396757,en,ncis
juice,0.0006227759396757,en,ncis
attitude,0.0006227759396757,en,ncis
differently,0.0006227759396757,en,ncis
sauce,0.0006217600587545,en,ncis
cord,0.0006217600587545,en,ncis
pronounce,0.0006217600587545,en,ncis
consult,0.0006217600587545,en,ncis
thingy,0.000621234166674,en,ncis
incriminate,0.000621234166674,en,ncis
dependent,0.000621234166674,en,ncis
willy,0.000621234166674,en,ncis
saw,0.000621234166674,en,ncis
ram,0.000621234166674,en,ncis
swiss,0.000621234166674,en,ncis
catholic,0.0006198523877046,en,ncis
gary,0.0006198523877046,en,ncis
chart,0.0006193816983161,en,ncis
daily,0.0006193816983161,en,ncis
tempt,0.0006193816983161,en,ncis
pen,0.0006176907490986,en,ncis
swallow,0.0006176907490986,en,ncis
regret,0.0006164225045043,en,ncis
odor,0.0006163459008893,en,ncis
infamous,0.0006163459008893,en,ncis
bloodbath,0.0006163459008893,en,ncis
defuse,0.0006163459008893,en,ncis
fib,0.0006163459008893,en,ncis
distress,0.0006162329424954,en,ncis
adopt,0.0006162329424954,en,ncis
setup,0.0006162329424954,en,ncis
mock,0.0006162329424954,en,ncis
western,0.0006162329424954,en,ncis
cowboy,0.0006162329424954,en,ncis
functional,0.000614325076604,en,ncis
departure,0.000614325076604,en,ncis
spinal,0.000614325076604,en,ncis
disarm,0.000614325076604,en,ncis
virtual,0.000614325076604,en,ncis
karen,0.000614325076604,en,ncis
phony,0.000614325076604,en,ncis
dawn,0.0006141700995472,en,ncis
tax,0.0006141700995472,en,ncis
dose,0.0006141700995472,en,ncis
dancing,0.0006141700995472,en,ncis
jog,0.0006138587224586,en,ncis
turf,0.0006138587224586,en,ncis
hush,0.0006138587224586,en,ncis
cure,0.0006126566668293,en,ncis
eval,0.0006122291371159,en,ncis
baton,0.0006122291371159,en,ncis
alia,0.0006122291371159,en,ncis
finely,0.0006122291371159,en,ncis
roland,0.0006122291371159,en,ncis
ordinance,0.0006122291371159,en,ncis
analyse,0.0006122291371159,en,ncis
celia,0.0006122291371159,en,ncis
swill,0.0006122291371159,en,ncis
nsa,0.0006122291371159,en,ncis
wave,0.0006114809855822,en,ncis
employ,0.000610781027433,en,ncis
craft,0.000610781027433,en,ncis
await,0.000610781027433,en,ncis
shred,0.000610781027433,en,ncis
zip,0.000610781027433,en,ncis
massage,0.000610781027433,en,ncis
resort,0.000610781027433,en,ncis
spanish,0.0006090180632112,en,ncis
reading,0.0006090180632112,en,ncis
gorgeous,0.0006090180632112,en,ncis
imagination,0.0006090180632112,en,ncis
contrary,0.0006079657958656,en,ncis
driving,0.0006079657958656,en,ncis
eastern,0.0006079657958656,en,ncis
latte,0.0006079657958656,en,ncis
adapt,0.0006079657958656,en,ncis
andre,0.0006078554781471,en,ncis
redundant,0.0006078554781471,en,ncis
capsule,0.0006078554781471,en,ncis
reboot,0.0006078554781471,en,ncis
dreadful,0.0006078554781471,en,ncis
interface,0.0006078554781471,en,ncis
butch,0.0006078554781471,en,ncis
vertical,0.0006078554781471,en,ncis
exciting,0.0006076726757615,en,ncis
severely,0.0006075712602041,en,ncis
malfunction,0.0006075712602041,en,ncis
uptight,0.0006075712602041,en,ncis
thanksgiving,0.0006075712602041,en,ncis
cub,0.0006075712602041,en,ncis
marathon,0.0006075712602041,en,ncis
viable,0.0006075712602041,en,ncis
overheard,0.0006075712602041,en,ncis
pcp,0.000606557230514,en,ncis
jetta,0.000606557230514,en,ncis
turpentine,0.000606557230514,en,ncis
muggle,0.000606557230514,en,ncis
prussian,0.000606557230514,en,ncis
duodenum,0.000606557230514,en,ncis
whitmore,0.000606557230514,en,ncis
gaseous,0.000606557230514,en,ncis
percocet,0.000606557230514,en,ncis
intercostal,0.000606557230514,en,ncis
keystroke,0.000606557230514,en,ncis
delgado,0.000606557230514,en,ncis
obfuscate,0.000606557230514,en,ncis
polystyrene,0.000606557230514,en,ncis
encrypted,0.000606557230514,en,ncis
gallantry,0.000606557230514,en,ncis
idiom,0.000606557230514,en,ncis
bromide,0.000606557230514,en,ncis
chiclet,0.000606557230514,en,ncis
clicker,0.000606557230514,en,ncis
lrish,0.000606557230514,en,ncis
haemorrhaging,0.000606557230514,en,ncis
prerecord,0.000606557230514,en,ncis
guido,0.000606557230514,en,ncis
southwestern,0.000606557230514,en,ncis
tec,0.000606557230514,en,ncis
coltrane,0.000606557230514,en,ncis
gum,0.0006054022946512,en,ncis
donate,0.0006054022946512,en,ncis
actor,0.0006054022946512,en,ncis
pencil,0.0006054022946512,en,ncis
flirt,0.0006054022946512,en,ncis
mental,0.0006039242432209,en,ncis
speaking,0.0006039242432209,en,ncis
yell,0.0006027377888524,en,ncis
jerk,0.0006027377888524,en,ncis
bump,0.0006027377888524,en,ncis
psychology,0.0006021702774905,en,ncis
comic,0.0006021702774905,en,ncis
curb,0.0006021702774905,en,ncis
giggle,0.0006021702774905,en,ncis
elaborate,0.0006021702774905,en,ncis
inspiration,0.0006021702774905,en,ncis
scope,0.0006021702774905,en,ncis
consciousness,0.0006021702774905,en,ncis
oyster,0.000600965891415,en,ncis
robber,0.000600965891415,en,ncis
dispute,0.000600965891415,en,ncis
crumb,0.000600965891415,en,ncis
cerebral,0.000600965891415,en,ncis
processing,0.000600965891415,en,ncis
apprehend,0.000600965891415,en,ncis
tread,0.000600965891415,en,ncis
exhaust,0.0006000948054602,en,ncis
mistaken,0.0006000948054602,en,ncis
sickness,0.0006000948054602,en,ncis
lion,0.0006000948054602,en,ncis
otis,0.0006000827038735,en,ncis
deterioration,0.0006000827038735,en,ncis
pastrami,0.0006000827038735,en,ncis
seniority,0.0006000827038735,en,ncis
hammond,0.0006000827038735,en,ncis
proprietary,0.0006000827038735,en,ncis
barbed,0.0006000827038735,en,ncis
irradiate,0.0006000827038735,en,ncis
correctional,0.0006000827038735,en,ncis
insulation,0.0006000827038735,en,ncis
fitness,0.000599643480653,en,ncis
trouser,0.000599643480653,en,ncis
recital,0.000599643480653,en,ncis
slob,0.000599643480653,en,ncis
respiratory,0.000599643480653,en,ncis
barf,0.000599643480653,en,ncis
restricted,0.000599643480653,en,ncis
recreational,0.000599643480653,en,ncis
hotline,0.000599643480653,en,ncis
confident,0.0005988873386114,en,ncis
thick,0.0005988873386114,en,ncis
peg,0.0005964689993738,en,ncis
variety,0.0005964689993738,en,ncis
harass,0.0005964689993738,en,ncis
origin,0.0005964689993738,en,ncis
dice,0.0005964689993738,en,ncis
indian,0.0005964689993738,en,ncis
nest,0.0005948566972018,en,ncis
puke,0.0005948566972018,en,ncis
liquor,0.0005948566972018,en,ncis
mutual,0.0005948566972018,en,ncis
clay,0.0005945025846383,en,ncis
dislike,0.0005945025846383,en,ncis
hairy,0.0005945025846383,en,ncis
rewind,0.0005945025846383,en,ncis
sofa,0.0005945025846383,en,ncis
patron,0.0005945025846383,en,ncis
cardiac,0.0005945025846383,en,ncis
last,0.0005939060915453,en,ncis
burst,0.0005939060915453,en,ncis
downward,0.0005916922260089,en,ncis
carlo,0.0005916922260089,en,ncis
restriction,0.0005916922260089,en,ncis
ramble,0.0005916922260089,en,ncis
devious,0.0005916922260089,en,ncis
kettle,0.0005916922260089,en,ncis
decode,0.0005916922260089,en,ncis
whiz,0.0005916922260089,en,ncis
southeast,0.0005916922260089,en,ncis
friction,0.0005916922260089,en,ncis
precision,0.0005916922260089,en,ncis
cougar,0.0005916922260089,en,ncis
faulty,0.0005916922260089,en,ncis
takeoff,0.0005916922260089,en,ncis
gossip,0.0005908589456309,en,ncis
memorial,0.0005908589456309,en,ncis
fuzzy,0.0005908589456309,en,ncis
amazed,0.0005908589456309,en,ncis
reckless,0.0005908589456309,en,ncis
scotch,0.000589686179325,en,ncis
wolf,0.000589686179325,en,ncis
rose,0.000589686179325,en,ncis
upside,0.0005889792854276,en,ncis
library,0.0005889792854276,en,ncis
cough,0.0005889792854276,en,ncis
chronicle,0.0005886307419949,en,ncis
periodic,0.0005886307419949,en,ncis
smuggler,0.0005886307419949,en,ncis
audible,0.0005886307419949,en,ncis
fallujah,0.0005886307419949,en,ncis
predatory,0.0005886307419949,en,ncis
pallet,0.0005886307419949,en,ncis
unbelievable,0.0005882183093512,en,ncis
minimal,0.0005881753576383,en,ncis
cologne,0.0005881753576383,en,ncis
feminine,0.0005881753576383,en,ncis
pod,0.0005881753576383,en,ncis
prostitute,0.0005853372428721,en,ncis
presume,0.0005853372428721,en,ncis
elephant,0.0005853372428721,en,ncis
landing,0.0005853372428721,en,ncis
toll,0.0005853372428721,en,ncis
coke,0.0005853372428721,en,ncis
vicious,0.0005853372428721,en,ncis
bout,0.0005845815297109,en,ncis
disorder,0.0005845815297109,en,ncis
pace,0.0005845815297109,en,ncis
delicious,0.000584105743122,en,ncis
andrew,0.000583985664579,en,ncis
untimely,0.000583985664579,en,ncis
submarine,0.000583985664579,en,ncis
offender,0.000583985664579,en,ncis
maple,0.000583985664579,en,ncis
expedition,0.000583985664579,en,ncis
redo,0.000583985664579,en,ncis
cholesterol,0.000583985664579,en,ncis
redirect,0.000583985664579,en,ncis
cappuccino,0.000583985664579,en,ncis
incinerate,0.000583985664579,en,ncis
volatile,0.000583985664579,en,ncis
stinky,0.000583985664579,en,ncis
vibration,0.000583985664579,en,ncis
fictitious,0.0005833936104489,en,ncis
curling,0.0005833936104489,en,ncis
keenan,0.0005833936104489,en,ncis
stefano,0.0005833936104489,en,ncis
cossack,0.0005833936104489,en,ncis
teleconference,0.0005833936104489,en,ncis
ozzie,0.0005833936104489,en,ncis
selenium,0.0005833936104489,en,ncis
bower,0.0005833936104489,en,ncis
potomac,0.0005833936104489,en,ncis
coitus,0.0005833936104489,en,ncis
windup,0.0005833936104489,en,ncis
loader,0.0005833936104489,en,ncis
settee,0.0005833936104489,en,ncis
irradiation,0.0005833936104489,en,ncis
chrysanthemum,0.0005833936104489,en,ncis
counterintelligence,0.0005833936104489,en,ncis
chesapeake,0.0005833936104489,en,ncis
slicing,0.0005833936104489,en,ncis
underpass,0.0005833936104489,en,ncis
modify,0.0005819785982686,en,ncis
boarding,0.0005819785982686,en,ncis
clone,0.0005819785982686,en,ncis
vouch,0.0005819785982686,en,ncis
numerous,0.0005819785982686,en,ncis
martial,0.0005819785982686,en,ncis
prescribe,0.0005819785982686,en,ncis
repeatedly,0.0005819785982686,en,ncis
philosophy,0.0005799011513647,en,ncis
myth,0.0005799011513647,en,ncis
mentally,0.0005799011513647,en,ncis
instal,0.0005799011513647,en,ncis
poke,0.00057954109123,en,ncis
cart,0.00057954109123,en,ncis
symbol,0.00057954109123,en,ncis
urge,0.00057954109123,en,ncis
grind,0.00057954109123,en,ncis
invent,0.0005792843252625,en,ncis
towel,0.0005792843252625,en,ncis
neanderthal,0.0005777981153477,en,ncis
citizenship,0.0005777981153477,en,ncis
endgame,0.0005777981153477,en,ncis
extremist,0.0005777981153477,en,ncis
handprint,0.0005777981153477,en,ncis
conjecture,0.0005777981153477,en,ncis
kev,0.0005777981153477,en,ncis
spleen,0.0005765091844559,en,ncis
softball,0.0005765091844559,en,ncis
abet,0.0005765091844559,en,ncis
catastrophic,0.0005765091844559,en,ncis
interstate,0.0005765091844559,en,ncis
compression,0.0005765091844559,en,ncis
subpoena,0.0005765091844559,en,ncis
imprint,0.0005765091844559,en,ncis
fatigue,0.0005765091844559,en,ncis
southwest,0.0005765091844559,en,ncis
sympathetic,0.0005759070345608,en,ncis
toxin,0.0005759070345608,en,ncis
gladly,0.0005759070345608,en,ncis
recovery,0.0005745632685123,en,ncis
harmless,0.0005745632685123,en,ncis
ceiling,0.0005745632685123,en,ncis
blink,0.0005745632685123,en,ncis
lethal,0.0005745480568702,en,ncis
cliff,0.0005745480568702,en,ncis
vein,0.0005745480568702,en,ncis
greedy,0.0005745480568702,en,ncis
reverse,0.0005745139286553,en,ncis
stuck,0.0005745139286553,en,ncis
pier,0.0005699557077746,en,ncis
freaking,0.0005699557077746,en,ncis
checking,0.0005699557077746,en,ncis
stroll,0.0005699557077746,en,ncis
desire,0.0005697934847626,en,ncis
float,0.0005697934847626,en,ncis
expand,0.0005696465249161,en,ncis
celebrate,0.0005694913817102,en,ncis
troubled,0.0005692754630943,en,ncis
difficulty,0.0005692754630943,en,ncis
category,0.0005692754630943,en,ncis
invasion,0.0005692754630943,en,ncis
scam,0.0005692754630943,en,ncis
biker,0.0005692494447053,en,ncis
allen,0.0005692494447053,en,ncis
probability,0.0005692494447053,en,ncis
aggravate,0.0005692494447053,en,ncis
contestant,0.0005692494447053,en,ncis
filing,0.0005692494447053,en,ncis
cryptic,0.0005692494447053,en,ncis
contraction,0.0005692494447053,en,ncis
manufacturing,0.0005675212582326,en,ncis
specialized,0.0005675212582326,en,ncis
solvent,0.0005675212582326,en,ncis
daze,0.0005675212582326,en,ncis
covering,0.0005675212582326,en,ncis
forklift,0.0005675212582326,en,ncis
wes,0.0005675212582326,en,ncis
astronomical,0.0005675212582326,en,ncis
rapport,0.0005675212582326,en,ncis
smokey,0.0005675212582326,en,ncis
contraband,0.0005675212582326,en,ncis
extensively,0.0005675212582326,en,ncis
elimination,0.0005675212582326,en,ncis
reactivate,0.0005675212582326,en,ncis
ethan,0.0005675212582326,en,ncis
jim,0.0005675212582326,en,ncis
opening,0.000565121958267,en,ncis
ton,0.000565121958267,en,ncis
emotion,0.000565121958267,en,ncis
matt,0.0005641199480662,en,ncis
clarify,0.0005641199480662,en,ncis
beating,0.0005641199480662,en,ncis
bikini,0.0005641199480662,en,ncis
souvenir,0.0005641199480662,en,ncis
reset,0.0005640809846978,en,ncis
disguise,0.0005640809846978,en,ncis
wha,0.0005640809846978,en,ncis
bigtime,0.0005633283700686,en,ncis
carlton,0.0005633283700686,en,ncis
prefix,0.0005633283700686,en,ncis
countenance,0.0005633283700686,en,ncis
iou,0.0005633283700686,en,ncis
sutton,0.0005633283700686,en,ncis
spitting,0.0005633283700686,en,ncis
samoan,0.0005633283700686,en,ncis
barclay,0.0005633283700686,en,ncis
unexploded,0.0005633283700686,en,ncis
wifi,0.0005633283700686,en,ncis
dawes,0.0005633283700686,en,ncis
jon,0.0005633283700686,en,ncis
pressured,0.0005633283700686,en,ncis
micro,0.0005621942321076,en,ncis
anomaly,0.0005621942321076,en,ncis
stepfather,0.0005621942321076,en,ncis
pillar,0.0005621942321076,en,ncis
dormant,0.0005621942321076,en,ncis
exclusively,0.0005621942321076,en,ncis
technician,0.0005621942321076,en,ncis
derive,0.0005621942321076,en,ncis
machinery,0.0005621942321076,en,ncis
calf,0.0005621942321076,en,ncis
automobile,0.0005621942321076,en,ncis
rerun,0.0005621942321076,en,ncis
twin,0.0005604983457081,en,ncis
sink,0.0005604983457081,en,ncis
reasonable,0.0005599904052475,en,ncis
soda,0.0005599904052475,en,ncis
conflict,0.0005599904052475,en,ncis
lost,0.0005599904052475,en,ncis
grip,0.0005599904052475,en,ncis
aggressive,0.0005599904052475,en,ncis
vent,0.0005589623408163,en,ncis
shade,0.0005589623408163,en,ncis
depression,0.0005589623408163,en,ncis
upgrade,0.0005589623408163,en,ncis
independent,0.0005589623408163,en,ncis
inherit,0.0005589623408163,en,ncis
inevitable,0.0005589623408163,en,ncis
rap,0.0005589623408163,en,ncis
mansion,0.0005583953524728,en,ncis
mia,0.0005583953524728,en,ncis
disturbance,0.0005583953524728,en,ncis
umbrella,0.0005583953524728,en,ncis
becky,0.0005577459152414,en,ncis
unseal,0.0005577459152414,en,ncis
peroxide,0.0005577459152414,en,ncis
heave,0.0005577459152414,en,ncis
anterior,0.0005577459152414,en,ncis
battalion,0.0005577459152414,en,ncis
biometric,0.0005577459152414,en,ncis
molten,0.0005577459152414,en,ncis
transponder,0.0005577459152414,en,ncis
peripheral,0.0005577459152414,en,ncis
unearth,0.0005577459152414,en,ncis
handsome,0.0005559216741888,en,ncis
crowd,0.0005558918050747,en,ncis
fireplace,0.0005553323375317,en,ncis
marty,0.0005553323375317,en,ncis
transit,0.0005553323375317,en,ncis
chump,0.0005553323375317,en,ncis
troubling,0.0005553323375317,en,ncis
anniversary,0.0005552482247452,en,ncis
pulse,0.0005552482247452,en,ncis
mouse,0.0005552482247452,en,ncis
forgot,0.0005552482247452,en,ncis
valley,0.000553917349047,en,ncis
hail,0.000553917349047,en,ncis
sunshine,0.000553917349047,en,ncis
garlic,0.0005527777649567,en,ncis
breakthrough,0.0005527777649567,en,ncis
improvise,0.0005527777649567,en,ncis
pharmacy,0.0005527777649567,en,ncis
misunderstood,0.0005527777649567,en,ncis
disobey,0.0005527777649567,en,ncis
debate,0.0005489439198615,en,ncis
ending,0.0005489439198615,en,ncis
unstable,0.0005489439198615,en,ncis
dodge,0.0005489439198615,en,ncis
reflect,0.0005489439198615,en,ncis
skirt,0.0005489439198615,en,ncis
dale,0.0005486534487986,en,ncis
launder,0.0005486534487986,en,ncis
doubtful,0.0005486534487986,en,ncis
loner,0.0005486534487986,en,ncis
thong,0.0005486534487986,en,ncis
dungeon,0.0005486534487986,en,ncis
wager,0.0005486534487986,en,ncis
mangle,0.0005484254073782,en,ncis
dispenser,0.0005484254073782,en,ncis
lopez,0.0005484254073782,en,ncis
scuffle,0.0005484254073782,en,ncis
morris,0.0005484254073782,en,ncis
mundane,0.0005484254073782,en,ncis
cider,0.0005484254073782,en,ncis
miller,0.0005484254073782,en,ncis
upward,0.0005484254073782,en,ncis
courtney,0.0005484254073782,en,ncis
manually,0.0005484254073782,en,ncis
vinegar,0.0005484254073782,en,ncis
emts,0.0005484254073782,en,ncis
efficient,0.0005472632582791,en,ncis
dorm,0.0005472632582791,en,ncis
assemble,0.0005472632582791,en,ncis
germ,0.0005472632582791,en,ncis
relatively,0.0005472632582791,en,ncis
closet,0.0005469054081854,en,ncis
courage,0.0005459289773753,en,ncis
rage,0.0005459289773753,en,ncis
necessarily,0.0005459289773753,en,ncis
vividly,0.0005456295737278,en,ncis
biomedical,0.0005456295737278,en,ncis
engulf,0.0005456295737278,en,ncis
gump,0.0005456295737278,en,ncis
colorless,0.0005456295737278,en,ncis
autopsie,0.0005456295737278,en,ncis
ingestion,0.0005456295737278,en,ncis
ethanol,0.0005456295737278,en,ncis
brokerage,0.0005456295737278,en,ncis
koreatown,0.0005456295737278,en,ncis
bulkhead,0.0005456295737278,en,ncis
rehydrate,0.0005456295737278,en,ncis
hijacking,0.0005456295737278,en,ncis
corpus,0.0005456295737278,en,ncis
bedsheet,0.0005456295737278,en,ncis
partition,0.0005456295737278,en,ncis
insurgency,0.0005456295737278,en,ncis
boyd,0.0005456295737278,en,ncis
themself,0.0005456295737278,en,ncis
cagney,0.0005456295737278,en,ncis
infarction,0.0005456295737278,en,ncis
decryption,0.0005456295737278,en,ncis
tesla,0.0005456295737278,en,ncis
proficiency,0.0005456295737278,en,ncis
custer,0.0005456295737278,en,ncis
fond,0.0005440400514102,en,ncis
worm,0.0005440400514102,en,ncis
lousy,0.0005440400514102,en,ncis
educate,0.0005440400514102,en,ncis
sabotage,0.0005440400514102,en,ncis
boring,0.0005424640099671,en,ncis
success,0.0005424640099671,en,ncis
sexy,0.0005424640099671,en,ncis
bodily,0.0005421480574641,en,ncis
clich,0.0005421480574641,en,ncis
schematic,0.0005421480574641,en,ncis
gardener,0.0005421480574641,en,ncis
mattress,0.0005418481175081,en,ncis
fabric,0.0005418481175081,en,ncis
irrational,0.0005418481175081,en,ncis
hysterical,0.0005418481175081,en,ncis
regain,0.0005418481175081,en,ncis
nerd,0.0005418481175081,en,ncis
mechanism,0.0005418481175081,en,ncis
distinct,0.0005418481175081,en,ncis
creative,0.000541349389521,en,ncis
reject,0.000541349389521,en,ncis
snipe,0.0005395192839188,en,ncis
houdini,0.0005395192839188,en,ncis
elevated,0.0005395192839188,en,ncis
twister,0.0005395192839188,en,ncis
mite,0.0005395192839188,en,ncis
sol,0.0005395192839188,en,ncis
overwork,0.0005395192839188,en,ncis
enzyme,0.0005395192839188,en,ncis
suspiciously,0.0005395192839188,en,ncis
conspicuous,0.0005395192839188,en,ncis
accelerant,0.0005395192839188,en,ncis
concierge,0.0005395192839188,en,ncis
charlotte,0.0005395192839188,en,ncis
silently,0.0005395192839188,en,ncis
homie,0.0005395192839188,en,ncis
dio,0.0005395192839188,en,ncis
heavily,0.0005392038246835,en,ncis
romance,0.0005392038246835,en,ncis
adorable,0.0005392038246835,en,ncis
carefully,0.0005368215495297,en,ncis
television,0.0005368215495297,en,ncis
fetch,0.0005365288249859,en,ncis
hidden,0.0005365288249859,en,ncis
outstanding,0.0005365288249859,en,ncis
cereal,0.0005365288249859,en,ncis
patrick,0.0005358073774048,en,ncis
genetically,0.0005358073774048,en,ncis
funnel,0.0005358073774048,en,ncis
mainframe,0.0005358073774048,en,ncis
typically,0.0005358073774048,en,ncis
preservation,0.0005358073774048,en,ncis
granddaughter,0.0005358073774048,en,ncis
tomb,0.0005358073774048,en,ncis
vault,0.0005344333990039,en,ncis
fort,0.0005344333990039,en,ncis
genetic,0.0005344333990039,en,ncis
territory,0.0005323443009879,en,ncis
thrill,0.0005323443009879,en,ncis
highlight,0.0005313020466039,en,ncis
stat,0.0005313020466039,en,ncis
broker,0.0005313020466039,en,ncis
cotton,0.0005313020466039,en,ncis
boxer,0.0005313020466039,en,ncis
landlord,0.0005313020466039,en,ncis
breaker,0.0005313020466039,en,ncis
radical,0.0005313020466039,en,ncis
conclude,0.0005313020466039,en,ncis
enlighten,0.0005313020466039,en,ncis
injection,0.0005313020466039,en,ncis
apprentice,0.000530992261401,en,ncis
reactor,0.000530992261401,en,ncis
detonation,0.000530992261401,en,ncis
spore,0.000530992261401,en,ncis
aaron,0.000530992261401,en,ncis
quadruple,0.000530992261401,en,ncis
additionally,0.0005297974609061,en,ncis
uptick,0.0005297974609061,en,ncis
homegrown,0.0005297974609061,en,ncis
undetermined,0.0005297974609061,en,ncis
rosetta,0.0005297974609061,en,ncis
bullcrap,0.0005297974609061,en,ncis
torturer,0.0005297974609061,en,ncis
grainy,0.0005297974609061,en,ncis
phoney,0.0005297974609061,en,ncis
hyphenate,0.0005297974609061,en,ncis
unsolvable,0.0005297974609061,en,ncis
cerveza,0.0005297974609061,en,ncis
porcupine,0.0005297974609061,en,ncis
tootsie,0.0005297974609061,en,ncis
plucky,0.0005297974609061,en,ncis
afghani,0.0005297974609061,en,ncis
bestseller,0.0005297974609061,en,ncis
width,0.0005297974609061,en,ncis
chile,0.0005297974609061,en,ncis
ejection,0.0005297974609061,en,ncis
cad,0.0005297974609061,en,ncis
bunkmate,0.0005297974609061,en,ncis
birch,0.0005297974609061,en,ncis
vena,0.0005297974609061,en,ncis
mummified,0.0005297974609061,en,ncis
smithsonian,0.0005297974609061,en,ncis
glycol,0.0005297974609061,en,ncis
reexamine,0.0005297974609061,en,ncis
tighty,0.0005297974609061,en,ncis
impatience,0.0005297974609061,en,ncis
jpeg,0.0005297974609061,en,ncis
atta,0.0005297974609061,en,ncis
immersion,0.0005297974609061,en,ncis
doppelganger,0.0005297974609061,en,ncis
skinner,0.0005297974609061,en,ncis
depressed,0.0005297270078198,en,ncis
chin,0.0005297270078198,en,ncis
virgin,0.0005297270078198,en,ncis
unaware,0.0005296232734586,en,ncis
tonic,0.0005296232734586,en,ncis
unauthorized,0.0005296232734586,en,ncis
partially,0.0005296232734586,en,ncis
ditch,0.000527916525818,en,ncis
shout,0.000527916525818,en,ncis
shocked,0.0005261646192503,en,ncis
stud,0.0005261646192503,en,ncis
appreciation,0.0005261646192503,en,ncis
tenth,0.0005261646192503,en,ncis
lid,0.0005261646192503,en,ncis
intimate,0.0005250829547776,en,ncis
consume,0.0005250829547776,en,ncis
maker,0.0005250829547776,en,ncis
oppose,0.0005250829547776,en,ncis
ego,0.0005250829547776,en,ncis
grocery,0.0005250829547776,en,ncis
madam,0.0005235881986657,en,ncis
pub,0.0005235881986657,en,ncis
arch,0.0005235881986657,en,ncis
snot,0.0005235881986657,en,ncis
claire,0.0005235881986657,en,ncis
clam,0.0005235881986657,en,ncis
buffalo,0.0005235881986657,en,ncis
uncanny,0.0005235881986657,en,ncis
milk,0.0005235371426023,en,ncis
tragedy,0.0005235371426023,en,ncis
tune,0.0005235371426023,en,ncis
hazardous,0.0005228133793493,en,ncis
nomination,0.0005228133793493,en,ncis
imagery,0.0005228133793493,en,ncis
solace,0.0005228133793493,en,ncis
clingy,0.0005228133793493,en,ncis
remake,0.0005228133793493,en,ncis
hiker,0.0005228133793493,en,ncis
monument,0.0005228133793493,en,ncis
unmarked,0.0005228133793493,en,ncis
antiquity,0.0005228133793493,en,ncis
han,0.0005228133793493,en,ncis
woodwork,0.0005228133793493,en,ncis
pickle,0.0005211135393133,en,ncis
curl,0.0005211135393133,en,ncis
outcome,0.0005211135393133,en,ncis
rogue,0.0005211135393133,en,ncis
fairy,0.0005204996100516,en,ncis
glow,0.0005204996100516,en,ncis
domestic,0.0005204996100516,en,ncis
dessert,0.0005204996100516,en,ncis
encourage,0.0005192051049973,en,ncis
coward,0.0005192051049973,en,ncis
prepared,0.0005192051049973,en,ncis
sufficient,0.000517695138895,en,ncis
plunge,0.000517695138895,en,ncis
bacteria,0.000517695138895,en,ncis
regularly,0.000517695138895,en,ncis
skilled,0.000517695138895,en,ncis
documentary,0.000517695138895,en,ncis
amaze,0.000517695138895,en,ncis
discipline,0.0005161459521347,en,ncis
logic,0.0005161459521347,en,ncis
carrot,0.0005161459521347,en,ncis
messenger,0.0005161459521347,en,ncis
unlock,0.0005159754069094,en,ncis
accent,0.0005159754069094,en,ncis
reinstatement,0.0005154755727652,en,ncis
navigational,0.0005154755727652,en,ncis
virile,0.0005154755727652,en,ncis
hooded,0.0005154755727652,en,ncis
perfectionist,0.0005154755727652,en,ncis
speciality,0.0005154755727652,en,ncis
scottsdale,0.0005154755727652,en,ncis
unbecoming,0.0005154755727652,en,ncis
glaucoma,0.0005154755727652,en,ncis
impala,0.0005154755727652,en,ncis
perforate,0.0005154755727652,en,ncis
sophistication,0.0005154755727652,en,ncis
striker,0.0005154755727652,en,ncis
odour,0.0005154755727652,en,ncis
harlan,0.0005154755727652,en,ncis
jewellery,0.0005154755727652,en,ncis
gamer,0.0005154755727652,en,ncis
redskin,0.0005154755727652,en,ncis
disperse,0.0005149553216863,en,ncis
dashboard,0.0005149553216863,en,ncis
fascinated,0.0005149553216863,en,ncis
vomiting,0.0005149553216863,en,ncis
stapler,0.0005149553216863,en,ncis
three,0.0005149553216863,en,ncis
violently,0.0005149553216863,en,ncis
genre,0.0005149553216863,en,ncis
cno,0.0005144276030212,en,ncis
embasero,0.0005144276030212,en,ncis
dirge,0.0005144276030212,en,ncis
api,0.0005144276030212,en,ncis
profuse,0.0005144276030212,en,ncis
aleksei,0.0005144276030212,en,ncis
subfolder,0.0005144276030212,en,ncis
sebre,0.0005144276030212,en,ncis
senghor,0.0005144276030212,en,ncis
wingate,0.0005144276030212,en,ncis
ethidium,0.0005144276030212,en,ncis
tortue,0.0005144276030212,en,ncis
dll,0.0005144276030212,en,ncis
saurel,0.0005144276030212,en,ncis
seabright,0.0005144276030212,en,ncis
gurkha,0.0005144276030212,en,ncis
goldberg,0.0005144276030212,en,ncis
saxitoxin,0.0005144276030212,en,ncis
jsoc,0.0005144276030212,en,ncis
waterworld,0.0005144276030212,en,ncis
madeira,0.0005144276030212,en,ncis
mollvaney,0.0005144276030212,en,ncis
embezzling,0.0005144276030212,en,ncis
uraninite,0.0005144276030212,en,ncis
gibblet,0.0005144276030212,en,ncis
falluja,0.0005144276030212,en,ncis
morphpro,0.0005144276030212,en,ncis
ivac,0.0005144276030212,en,ncis
bromstead,0.0005144276030212,en,ncis
haggler,0.0005144276030212,en,ncis
doodah,0.0005144276030212,en,ncis
eni,0.0005144276030212,en,ncis
yosef,0.0005144276030212,en,ncis
vso,0.0005144276030212,en,ncis
prse,0.0005144276030212,en,ncis
devoisier,0.0005144276030212,en,ncis
abog,0.0005144276030212,en,ncis
jumah,0.0005144276030212,en,ncis
kass,0.0005144276030212,en,ncis
nasim,0.0005144276030212,en,ncis
eyebolt,0.0005144276030212,en,ncis
kahr,0.0005144276030212,en,ncis
tarburst,0.0005144276030212,en,ncis
khobar,0.0005144276030212,en,ncis
cordura,0.0005144276030212,en,ncis
orthorpedic,0.0005144276030212,en,ncis
pacci,0.0005144276030212,en,ncis
vigoda,0.0005144276030212,en,ncis
videoconference,0.0005144276030212,en,ncis
udp,0.0005144276030212,en,ncis
chernitskaya,0.0005144276030212,en,ncis
sayyaf,0.0005144276030212,en,ncis
deckard,0.0005144276030212,en,ncis
gelfand,0.0005144276030212,en,ncis
efflorescence,0.0005144276030212,en,ncis
prsen,0.0005144276030212,en,ncis
primitus,0.0005144276030212,en,ncis
mcgiggle,0.0005144276030212,en,ncis
haviar,0.0005144276030212,en,ncis
ultracollectiblesandauction,0.0005144276030212,en,ncis
phreak,0.0005144276030212,en,ncis
carmado,0.0005144276030212,en,ncis
zumwalt,0.0005144276030212,en,ncis
remanufacture,0.0005144276030212,en,ncis
parabellum,0.0005144276030212,en,ncis
labby,0.0005144276030212,en,ncis
potterville,0.0005144276030212,en,ncis
figgis,0.0005144276030212,en,ncis
homology,0.0005144276030212,en,ncis
cohomology,0.0005144276030212,en,ncis
turba,0.0005144276030212,en,ncis
granby,0.0005144276030212,en,ncis
bernal,0.0005144276030212,en,ncis
alikum,0.0005144276030212,en,ncis
slg,0.0005144276030212,en,ncis
conjunctival,0.0005144276030212,en,ncis
nitromethane,0.0005144276030212,en,ncis
guck,0.0005144276030212,en,ncis
curium,0.0005144276030212,en,ncis
youssef,0.0005144276030212,en,ncis
dinardo,0.0005144276030212,en,ncis
geosock,0.0005144276030212,en,ncis
longview,0.0005144276030212,en,ncis
michy,0.0005144276030212,en,ncis
zamfir,0.0005144276030212,en,ncis
dooeywhacker,0.0005144276030212,en,ncis
dorkland,0.0005144276030212,en,ncis
kukri,0.0005144276030212,en,ncis
mariana,0.0005144276030212,en,ncis
burris,0.0005144276030212,en,ncis
cgis,0.0005144276030212,en,ncis
smarttag,0.0005144276030212,en,ncis
nandrolone,0.0005144276030212,en,ncis
fricker,0.0005144276030212,en,ncis
neriin,0.0005144276030212,en,ncis
otm,0.0005144276030212,en,ncis
terp,0.0005144276030212,en,ncis
mcromeo,0.0005144276030212,en,ncis
cant,0.0005144276030212,en,ncis
oqr,0.0005144276030212,en,ncis
nexte,0.0005144276030212,en,ncis
usns,0.0005144276030212,en,ncis
noncombustible,0.0005144276030212,en,ncis
hamas,0.0005144276030212,en,ncis
emesis,0.0005144276030212,en,ncis
epirb,0.0005144276030212,en,ncis
cowinkidink,0.0005144276030212,en,ncis
duckman,0.0005144276030212,en,ncis
dinozzoitis,0.0005144276030212,en,ncis
cypriot,0.0005144276030212,en,ncis
brcko,0.0005144276030212,en,ncis
guyman,0.0005144276030212,en,ncis
iwo,0.0005144276030212,en,ncis
suribachi,0.0005144276030212,en,ncis
amit,0.0005144276030212,en,ncis
singleterry,0.0005144276030212,en,ncis
oney,0.0005144276030212,en,ncis
porcu,0.0005144276030212,en,ncis
probilicious,0.0005144276030212,en,ncis
pmc,0.0005144276030212,en,ncis
pmcs,0.0005144276030212,en,ncis
perita,0.0005144276030212,en,ncis
komemiute,0.0005144276030212,en,ncis
haswari,0.0005144276030212,en,ncis
misbaha,0.0005144276030212,en,ncis
mccranky,0.0005144276030212,en,ncis
vicari,0.0005144276030212,en,ncis
aviv,0.0005144276030212,en,ncis
ramc,0.0005144276030212,en,ncis
lobia,0.0005144276030212,en,ncis
carvell,0.0005144276030212,en,ncis
girnal,0.0005144276030212,en,ncis
boyen,0.0005144276030212,en,ncis
moas,0.0005144276030212,en,ncis
geckler,0.0005144276030212,en,ncis
sisal,0.0005144276030212,en,ncis
hektor,0.0005144276030212,en,ncis
kobach,0.0005144276030212,en,ncis
virginia,0.0005144276030212,en,ncis
urushiol,0.0005144276030212,en,ncis
neander,0.0005144276030212,en,ncis
forecasted,0.0005144276030212,en,ncis
lynchburg,0.0005144276030212,en,ncis
mepolizumab,0.0005144276030212,en,ncis
kuruma,0.0005144276030212,en,ncis
booby,0.0005119375638367,en,ncis
sensitivity,0.0005119375638367,en,ncis
suffice,0.0005119375638367,en,ncis
spouse,0.0005119375638367,en,ncis
bob,0.0005119375638367,en,ncis
quarantine,0.0005119375638367,en,ncis
messy,0.0005115088384971,en,ncis
instant,0.0005115088384971,en,ncis
adjustment,0.0005112591423204,en,ncis
mechanical,0.0005112591423204,en,ncis
properly,0.0005106790476936,en,ncis
checkpoint,0.0005073938662799,en,ncis
duffel,0.0005073938662799,en,ncis
terrain,0.0005073938662799,en,ncis
stance,0.0005073938662799,en,ncis
historically,0.0005073938662799,en,ncis
hawaiian,0.0005073938662799,en,ncis
stepmother,0.0005073938662799,en,ncis
full,0.0005073938662799,en,ncis
waive,0.0005073938662799,en,ncis
hangar,0.0005073938662799,en,ncis
overheat,0.0005073938662799,en,ncis
harley,0.0005073938662799,en,ncis
cleaning,0.0005070984548263,en,ncis
torch,0.0005070984548263,en,ncis
haul,0.0005070984548263,en,ncis
investment,0.0005070984548263,en,ncis
fairly,0.0005070984548263,en,ncis
hip,0.0005070984548263,en,ncis
gray,0.0005070984548263,en,ncis
performance,0.0005064830975667,en,ncis
transportation,0.0005064505248264,en,ncis
antique,0.0005064505248264,en,ncis
latin,0.0005064505248264,en,ncis
plea,0.0005064505248264,en,ncis
sustain,0.0005064505248264,en,ncis
attachment,0.0005063093835034,en,ncis
maggie,0.0005063093835034,en,ncis
blooded,0.0005063093835034,en,ncis
diagnostic,0.0005063093835034,en,ncis
chilly,0.0005063093835034,en,ncis
administration,0.0005063093835034,en,ncis
sky,0.0005043456855035,en,ncis
vodka,0.0005027428599483,en,ncis
predict,0.0005027428599483,en,ncis
lend,0.0005027428599483,en,ncis
reporter,0.0005027428599483,en,ncis
perspective,0.0005027428599483,en,ncis
education,0.0005027428599483,en,ncis
sober,0.0005027428599483,en,ncis
golden,0.0005027428599483,en,ncis
dishonorably,0.0005024007132824,en,ncis
cirrhosis,0.0005024007132824,en,ncis
relecture,0.0005024007132824,en,ncis
insertion,0.0005024007132824,en,ncis
conclusively,0.0005024007132824,en,ncis
kayla,0.0005024007132824,en,ncis
cpu,0.0005024007132824,en,ncis
geig,0.0005024007132824,en,ncis
lntereste,0.0005024007132824,en,ncis
proliferation,0.0005024007132824,en,ncis
muy,0.0005024007132824,en,ncis
chrissy,0.0005024007132824,en,ncis
purview,0.0005024007132824,en,ncis
biotech,0.0005024007132824,en,ncis
meticulously,0.0005024007132824,en,ncis
sheath,0.0005024007132824,en,ncis
solicitor,0.0005024007132824,en,ncis
thickness,0.0005024007132824,en,ncis
discoloration,0.0005024007132824,en,ncis
gazebo,0.0005024007132824,en,ncis
paragon,0.0005024007132824,en,ncis
cinematic,0.0005024007132824,en,ncis
charity,0.0005023306295707,en,ncis
bleeding,0.0005017176367475,en,ncis
technical,0.0005017176367475,en,ncis
principal,0.0005017176367475,en,ncis
relaxed,0.0005017176367475,en,ncis
originally,0.0005017176367475,en,ncis
understandable,0.0005017176367475,en,ncis
broadcast,0.0005017176367475,en,ncis
shovel,0.0005017176367475,en,ncis
fuse,0.0005017176367475,en,ncis
mustard,0.0005008049095125,en,ncis
gloat,0.0005008049095125,en,ncis
vous,0.0005008049095125,en,ncis
surge,0.0005008049095125,en,ncis
unfinished,0.0005008049095125,en,ncis
lapse,0.0005008049095125,en,ncis
coal,0.0005008049095125,en,ncis
olympic,0.0005008049095125,en,ncis
hut,0.0005008049095125,en,ncis
dedicated,0.0005008049095125,en,ncis
weasel,0.0005008049095125,en,ncis
maniac,0.0005008049095125,en,ncis
compress,0.0005001074346475,en,ncis
hydraulic,0.0005001074346475,en,ncis
foggy,0.0005001074346475,en,ncis
corroborate,0.0005001074346475,en,ncis
disown,0.0005001074346475,en,ncis
disneyland,0.0005001074346475,en,ncis
antenna,0.0005001074346475,en,ncis
immoral,0.0005001074346475,en,ncis
installation,0.0005001074346475,en,ncis
opt,0.0005001074346475,en,ncis
wildlife,0.0005001074346475,en,ncis
roomie,0.0005001074346475,en,ncis
catering,0.0005001074346475,en,ncis
vegan,0.0005001074346475,en,ncis
intimidation,0.0005001074346475,en,ncis
fertilizer,0.0005001074346475,en,ncis
tub,0.0004984407093016,en,ncis
scrub,0.0004984407093016,en,ncis
unexpected,0.0004984407093016,en,ncis
understanding,0.0004982207517406,en,ncis
relief,0.0004982207517406,en,ncis
photographer,0.0004970581297412,en,ncis
gambling,0.0004970581297412,en,ncis
presentation,0.0004970581297412,en,ncis
envy,0.0004970581297412,en,ncis
cracker,0.0004970581297412,en,ncis
ladder,0.0004970581297412,en,ncis
prosecutor,0.0004954188205319,en,ncis
pyramid,0.0004954188205319,en,ncis
companion,0.0004954188205319,en,ncis
fearless,0.0004954188205319,en,ncis
plumber,0.0004954188205319,en,ncis
authentic,0.0004954188205319,en,ncis
implicate,0.0004954188205319,en,ncis
allegedly,0.0004954188205319,en,ncis
confiscate,0.0004954188205319,en,ncis
hound,0.0004954188205319,en,ncis
substantial,0.0004954188205319,en,ncis
athletic,0.0004954188205319,en,ncis
kevin,0.0004954188205319,en,ncis
contagious,0.0004954188205319,en,ncis
resignation,0.0004954188205319,en,ncis
bud,0.0004941907072203,en,ncis
whistle,0.0004941907072203,en,ncis
polite,0.0004941907072203,en,ncis
pleased,0.0004941907072203,en,ncis
josh,0.0004930767207114,en,ncis
pathway,0.0004930767207114,en,ncis
porsche,0.0004930767207114,en,ncis
forwarding,0.0004930767207114,en,ncis
underway,0.0004930767207114,en,ncis
pathology,0.0004930767207114,en,ncis
manhunt,0.0004930767207114,en,ncis
weaponry,0.0004930767207114,en,ncis
janet,0.0004930767207114,en,ncis
jade,0.0004930767207114,en,ncis
goldfish,0.0004930767207114,en,ncis
vat,0.0004930767207114,en,ncis
chipper,0.0004930767207114,en,ncis
hometown,0.0004930767207114,en,ncis
bandit,0.0004930767207114,en,ncis
pitt,0.0004930767207114,en,ncis
caviar,0.0004930767207114,en,ncis
gap,0.0004924697630316,en,ncis
growth,0.0004924697630316,en,ncis
concussion,0.0004924697630316,en,ncis
loosen,0.0004924697630316,en,ncis
hose,0.0004924697630316,en,ncis
fumigate,0.0004903730084963,en,ncis
aortic,0.0004903730084963,en,ncis
hitchcock,0.0004903730084963,en,ncis
dutiful,0.0004903730084963,en,ncis
deliverance,0.0004903730084963,en,ncis
ventricle,0.0004903730084963,en,ncis
mio,0.0004903730084963,en,ncis
carpeting,0.0004903730084963,en,ncis
flail,0.0004903730084963,en,ncis
tipster,0.0004903730084963,en,ncis
follicle,0.0004903730084963,en,ncis
sanitize,0.0004903730084963,en,ncis
ballplayer,0.0004903730084963,en,ncis
mediator,0.0004903730084963,en,ncis
broom,0.0004901461313652,en,ncis
pupil,0.0004901461313652,en,ncis
cradle,0.0004901461313652,en,ncis
transcript,0.0004901253334634,en,ncis
starve,0.0004901253334634,en,ncis
uncomfortable,0.0004901253334634,en,ncis
beast,0.0004899916045916,en,ncis
behalf,0.0004899916045916,en,ncis
awhile,0.000487950396938,en,ncis
eve,0.000487950396938,en,ncis
precaution,0.000487950396938,en,ncis
lifestyle,0.000487950396938,en,ncis
recognise,0.0004862843825177,en,ncis
blackberry,0.0004862843825177,en,ncis
bias,0.0004862843825177,en,ncis
tightly,0.0004862843825177,en,ncis
paternity,0.0004862843825177,en,ncis
export,0.0004862843825177,en,ncis
itinerary,0.0004862843825177,en,ncis
discrepancy,0.0004862843825177,en,ncis
coerce,0.0004862843825177,en,ncis
indigenous,0.0004862843825177,en,ncis
lap,0.000485842196652,en,ncis
breathing,0.000485842196652,en,ncis
improve,0.000485842196652,en,ncis
med,0.000485842196652,en,ncis
expectation,0.000485842196652,en,ncis
accidentally,0.000485842196652,en,ncis
reunite,0.0004849821652239,en,ncis
wizard,0.0004849821652239,en,ncis
interior,0.0004849821652239,en,ncis
carter,0.0004849821652239,en,ncis
tee,0.0004849821652239,en,ncis
committed,0.0004849821652239,en,ncis
redhead,0.0004849821652239,en,ncis
utility,0.0004849821652239,en,ncis
spontaneous,0.0004849821652239,en,ncis
ranch,0.0004849821652239,en,ncis
drool,0.0004849821652239,en,ncis
freely,0.0004849821652239,en,ncis
retain,0.0004849821652239,en,ncis
airplane,0.0004834979868838,en,ncis
oven,0.0004834979868838,en,ncis
robot,0.0004834979868838,en,ncis
annual,0.0004834979868838,en,ncis
publish,0.0004834979868838,en,ncis
side,0.0004821902310819,en,ncis
bored,0.0004817413209125,en,ncis
thirsty,0.0004817413209125,en,ncis
bend,0.0004817413209125,en,ncis
privilege,0.0004817413209125,en,ncis
champagne,0.0004817413209125,en,ncis
obsessive,0.0004799225288007,en,ncis
tweak,0.0004799225288007,en,ncis
crate,0.0004799225288007,en,ncis
jason,0.0004799225288007,en,ncis
veteran,0.0004799225288007,en,ncis
triangle,0.0004799225288007,en,ncis
romeo,0.0004799225288007,en,ncis
hangover,0.0004799225288007,en,ncis
remnant,0.0004797147845224,en,ncis
posture,0.0004797147845224,en,ncis
thaw,0.0004797147845224,en,ncis
indicator,0.0004797147845224,en,ncis
efficiency,0.0004797147845224,en,ncis
evasive,0.0004797147845224,en,ncis
bahama,0.0004797147845224,en,ncis
fisherman,0.0004797147845224,en,ncis
unannounced,0.0004797147845224,en,ncis
handgun,0.0004797147845224,en,ncis
similarity,0.0004797147845224,en,ncis
ricky,0.0004797147845224,en,ncis
remarry,0.0004797147845224,en,ncis
scavenger,0.0004797147845224,en,ncis
wrapper,0.0004797147845224,en,ncis
atomic,0.0004797147845224,en,ncis
windy,0.0004797147845224,en,ncis
crispy,0.0004797147845224,en,ncis
obstruction,0.0004797147845224,en,ncis
preservative,0.0004792370932172,en,ncis
husky,0.0004792370932172,en,ncis
nadia,0.0004792370932172,en,ncis
jailhouse,0.0004792370932172,en,ncis
padlock,0.0004792370932172,en,ncis
motherboard,0.0004792370932172,en,ncis
tampa,0.0004792370932172,en,ncis
mortician,0.0004792370932172,en,ncis
jogging,0.0004792370932172,en,ncis
presently,0.0004792370932172,en,ncis
cornfield,0.0004792370932172,en,ncis
metabolize,0.0004792370932172,en,ncis
chowder,0.0004792370932172,en,ncis
hickory,0.0004792370932172,en,ncis
cartridge,0.0004792370932172,en,ncis
browser,0.0004792370932172,en,ncis
guillotine,0.0004792370932172,en,ncis
warmer,0.0004792370932172,en,ncis
grenade,0.0004791105778425,en,ncis
peel,0.0004791105778425,en,ncis
popcorn,0.0004791105778425,en,ncis
slaughter,0.0004791105778425,en,ncis
spirit,0.0004782808383591,en,ncis
grief,0.0004776878552034,en,ncis
duke,0.0004749630898122,en,ncis
cellar,0.0004749630898122,en,ncis
plumbing,0.0004749630898122,en,ncis
recycle,0.0004749630898122,en,ncis
fume,0.0004749630898122,en,ncis
population,0.0004747862991831,en,ncis
repay,0.0004747862991831,en,ncis
comb,0.0004747862991831,en,ncis
dancer,0.0004747862991831,en,ncis
secdef,0.0004738091651637,en,ncis
chartarum,0.0004738091651637,en,ncis
epitomize,0.0004738091651637,en,ncis
bookshop,0.0004738091651637,en,ncis
joist,0.0004738091651637,en,ncis
subfloor,0.0004738091651637,en,ncis
prudish,0.0004738091651637,en,ncis
alaska,0.0004738091651637,en,ncis
retread,0.0004738091651637,en,ncis
triangulating,0.0004738091651637,en,ncis
costal,0.0004738091651637,en,ncis
dosimeter,0.0004738091651637,en,ncis
webelos,0.0004738091651637,en,ncis
pandy,0.0004738091651637,en,ncis
leclair,0.0004738091651637,en,ncis
byrne,0.0004738091651637,en,ncis
wolfberrie,0.0004738091651637,en,ncis
resettle,0.0004738091651637,en,ncis
vasodilator,0.0004738091651637,en,ncis
tatp,0.0004738091651637,en,ncis
lnterviewe,0.0004738091651637,en,ncis
lorton,0.0004738091651637,en,ncis
traceless,0.0004738091651637,en,ncis
deke,0.0004738091651637,en,ncis
trazodone,0.0004738091651637,en,ncis
greenbrier,0.0004738091651637,en,ncis
hagerstown,0.0004738091651637,en,ncis
ohs,0.0004738091651637,en,ncis
hollowpoint,0.0004738091651637,en,ncis
maybach,0.0004738091651637,en,ncis
scuffed,0.0004738091651637,en,ncis
montrell,0.0004738091651637,en,ncis
mcdlt,0.0004738091651637,en,ncis
bakir,0.0004738091651637,en,ncis
polarizing,0.0004738091651637,en,ncis
contessa,0.0004738091651637,en,ncis
dickey,0.0004738091651637,en,ncis
lnvestigative,0.0004738091651637,en,ncis
iaea,0.0004738091651637,en,ncis
redeployment,0.0004738091651637,en,ncis
muerto,0.0004738091651637,en,ncis
missive,0.0004738091651637,en,ncis
tenerife,0.0004738091651637,en,ncis
riveted,0.0004738091651637,en,ncis
smartphone,0.0004738091651637,en,ncis
ldentity,0.0004738091651637,en,ncis
honeybun,0.0004738091651637,en,ncis
neolithic,0.0004738091651637,en,ncis
gucky,0.0004738091651637,en,ncis
hannigan,0.0004738091651637,en,ncis
idiomatic,0.0004738091651637,en,ncis
mout,0.0004738091651637,en,ncis
varon,0.0004738091651637,en,ncis
concorde,0.0004738091651637,en,ncis
meadowlark,0.0004738091651637,en,ncis
mamud,0.0004738091651637,en,ncis
yucatan,0.0004738091651637,en,ncis
counterespionage,0.0004738091651637,en,ncis
dmso,0.0004738091651637,en,ncis
vpn,0.0004738091651637,en,ncis
wilken,0.0004738091651637,en,ncis
falconry,0.0004738091651637,en,ncis
thunderball,0.0004738091651637,en,ncis
firstie,0.0004738091651637,en,ncis
naturalized,0.0004738091651637,en,ncis
noncombatant,0.0004738091651637,en,ncis
osgood,0.0004738091651637,en,ncis
hattera,0.0004738091651637,en,ncis
gravelly,0.0004738091651637,en,ncis
barbwire,0.0004738091651637,en,ncis
sike,0.0004738091651637,en,ncis
pirated,0.0004738091651637,en,ncis
guitare,0.0004738091651637,en,ncis
stearn,0.0004738091651637,en,ncis
prophylaxis,0.0004738091651637,en,ncis
kirkland,0.0004738091651637,en,ncis
perelli,0.0004738091651637,en,ncis
oxymetholone,0.0004738091651637,en,ncis
pictometry,0.0004738091651637,en,ncis
automation,0.0004738091651637,en,ncis
urgent,0.0004736807158309,en,ncis
dramatic,0.0004736807158309,en,ncis
harvey,0.0004733537808071,en,ncis
prudent,0.0004733537808071,en,ncis
navigate,0.0004733537808071,en,ncis
extended,0.0004733537808071,en,ncis
rephrase,0.0004733537808071,en,ncis
discard,0.0004733537808071,en,ncis
hazmat,0.0004733537808071,en,ncis
notorious,0.0004733537808071,en,ncis
rhetorical,0.0004733537808071,en,ncis
pipeline,0.0004733537808071,en,ncis
dementia,0.0004733537808071,en,ncis
artwork,0.0004733537808071,en,ncis
sprinkler,0.0004733537808071,en,ncis
pong,0.0004733537808071,en,ncis
randall,0.0004733537808071,en,ncis
pager,0.0004733537808071,en,ncis
depth,0.0004705233598813,en,ncis
ratio,0.0004700999567218,en,ncis
dryer,0.0004700999567218,en,ncis
berry,0.0004700999567218,en,ncis
refresh,0.0004700999567218,en,ncis
stun,0.0004700999567218,en,ncis
homemade,0.0004700999567218,en,ncis
phillip,0.0004700999567218,en,ncis
soup,0.0004697188558385,en,ncis
pubic,0.0004688698041199,en,ncis
wiretap,0.0004688698041199,en,ncis
tenet,0.0004688698041199,en,ncis
pigment,0.0004688698041199,en,ncis
wedgie,0.0004688698041199,en,ncis
suffocation,0.0004688698041199,en,ncis
telltale,0.0004688698041199,en,ncis
camaro,0.0004688698041199,en,ncis
dislodge,0.0004688698041199,en,ncis
grinder,0.0004688698041199,en,ncis
sulfuric,0.0004688698041199,en,ncis
steamer,0.0004688698041199,en,ncis
nautical,0.0004688698041199,en,ncis
hutch,0.0004688698041199,en,ncis
ned,0.0004688698041199,en,ncis
hopkin,0.0004688698041199,en,ncis
hearse,0.0004688698041199,en,ncis
tardiness,0.0004688698041199,en,ncis
finesse,0.0004688698041199,en,ncis
slink,0.0004688698041199,en,ncis
thumbprint,0.0004688698041199,en,ncis
morph,0.0004688698041199,en,ncis
attache,0.0004688698041199,en,ncis
eeg,0.0004688698041199,en,ncis
dee,0.0004688698041199,en,ncis
overachiever,0.0004688698041199,en,ncis
segue,0.0004688698041199,en,ncis
placebo,0.0004688698041199,en,ncis
handheld,0.0004688698041199,en,ncis
jigsaw,0.0004688698041199,en,ncis
afghan,0.0004688698041199,en,ncis
conclusive,0.0004671885316632,en,ncis
wacky,0.0004671885316632,en,ncis
elementary,0.0004671885316632,en,ncis
processor,0.0004671885316632,en,ncis
inferior,0.0004671885316632,en,ncis
snuff,0.0004671885316632,en,ncis
que,0.0004671885316632,en,ncis
ignite,0.0004671885316632,en,ncis
pertain,0.0004671885316632,en,ncis
camper,0.0004671885316632,en,ncis
heist,0.0004671885316632,en,ncis
deodorant,0.0004671885316632,en,ncis
furnace,0.0004671885316632,en,ncis
exploit,0.0004663200440658,en,ncis
grieve,0.0004663200440658,en,ncis
ally,0.0004663200440658,en,ncis
confusion,0.0004663200440658,en,ncis
raid,0.0004663200440658,en,ncis
blond,0.0004663200440658,en,ncis
mine,0.000465329460394,en,ncis
relay,0.000465329460394,en,ncis
essence,0.000465329460394,en,ncis
profound,0.000465329460394,en,ncis
secrecy,0.000465329460394,en,ncis
pep,0.000465329460394,en,ncis
texte,0.000465329460394,en,ncis
babysitter,0.000465329460394,en,ncis
sensation,0.000465329460394,en,ncis
orphan,0.0004621747068715,en,ncis
shatter,0.0004621747068715,en,ncis
shiny,0.0004621747068715,en,ncis
clinic,0.0004621747068715,en,ncis
clown,0.0004619269600908,en,ncis
landscape,0.0004612073475647,en,ncis
strapped,0.0004612073475647,en,ncis
pronto,0.0004612073475647,en,ncis
icu,0.0004612073475647,en,ncis
poo,0.0004612073475647,en,ncis
payday,0.0004612073475647,en,ncis
layout,0.0004612073475647,en,ncis
artifact,0.0004612073475647,en,ncis
degrade,0.0004612073475647,en,ncis
blister,0.0004612073475647,en,ncis
icy,0.0004612073475647,en,ncis
unorthodox,0.0004612073475647,en,ncis
tendency,0.0004606481374639,en,ncis
complicate,0.0004606481374639,en,ncis
reflex,0.0004606481374639,en,ncis
rookie,0.0004606481374639,en,ncis
cannon,0.0004606481374639,en,ncis
valid,0.0004606481374639,en,ncis
governor,0.0004606481374639,en,ncis
successfully,0.0004606481374639,en,ncis
obtain,0.0004606481374639,en,ncis
notebook,0.0004606481374639,en,ncis
association,0.0004606481374639,en,ncis
grandparent,0.0004606481374639,en,ncis
dare,0.0004592863073246,en,ncis
kickoff,0.0004591718528369,en,ncis
surmise,0.0004591718528369,en,ncis
mortem,0.0004591718528369,en,ncis
tumbler,0.0004591718528369,en,ncis
sworn,0.0004591718528369,en,ncis
inbound,0.0004591718528369,en,ncis
sanitation,0.0004591718528369,en,ncis
handmade,0.0004591718528369,en,ncis
alleyway,0.0004591718528369,en,ncis
horseshoe,0.0004591718528369,en,ncis
cpr,0.0004591718528369,en,ncis
spam,0.0004591718528369,en,ncis
indentation,0.0004591718528369,en,ncis
derby,0.0004591718528369,en,ncis
prized,0.0004591718528369,en,ncis
decease,0.0004591718528369,en,ncis
biohazard,0.0004591718528369,en,ncis
assorted,0.0004591718528369,en,ncis
undetectable,0.0004591718528369,en,ncis
compost,0.0004591718528369,en,ncis
petroleum,0.0004591718528369,en,ncis
sentry,0.0004591718528369,en,ncis
isotope,0.0004591718528369,en,ncis
censor,0.0004591718528369,en,ncis
temper,0.0004580857705748,en,ncis
breed,0.0004580857705748,en,ncis
goose,0.0004580857705748,en,ncis
mud,0.0004580857705748,en,ncis
legit,0.0004560527152325,en,ncis
settlement,0.0004560527152325,en,ncis
majority,0.0004560527152325,en,ncis
decoy,0.0004560527152325,en,ncis
fascinate,0.0004553995557642,en,ncis
untouchable,0.0004553995557642,en,ncis
cetera,0.0004553995557642,en,ncis
peachy,0.0004553995557642,en,ncis
furry,0.0004553995557642,en,ncis
seatbelt,0.0004553995557642,en,ncis
refuge,0.0004553995557642,en,ncis
misread,0.0004553995557642,en,ncis
stunned,0.0004553995557642,en,ncis
cellular,0.0004553995557642,en,ncis
boredom,0.0004553995557642,en,ncis
receptionist,0.0004553995557642,en,ncis
voluntarily,0.0004553995557642,en,ncis
dub,0.0004553995557642,en,ncis
habitat,0.0004553995557642,en,ncis
terribly,0.0004540517209884,en,ncis
detector,0.0004540517209884,en,ncis
spark,0.0004540517209884,en,ncis
snuck,0.0004540517209884,en,ncis
counsel,0.0004540517209884,en,ncis
flaw,0.0004540517209884,en,ncis
heartbeat,0.0004540517209884,en,ncis
sacrifice,0.0004519336317544,en,ncis
stem,0.0004515400979234,en,ncis
sewer,0.0004515400979234,en,ncis
notion,0.0004515400979234,en,ncis
crab,0.0004515400979234,en,ncis
vanilla,0.0004515400979234,en,ncis
supervise,0.0004515400979234,en,ncis
juicy,0.0004515400979234,en,ncis
cautious,0.0004515400979234,en,ncis
physician,0.0004515400979234,en,ncis
comment,0.0004505544752042,en,ncis
previously,0.0004505544752042,en,ncis
crown,0.0004500711040951,en,ncis
ugh,0.0004500711040951,en,ncis
theater,0.0004500711040951,en,ncis
digitize,0.0004500620279051,en,ncis
adhesive,0.0004500620279051,en,ncis
rigorous,0.0004500620279051,en,ncis
overzealous,0.0004500620279051,en,ncis
devout,0.0004500620279051,en,ncis
esophagus,0.0004500620279051,en,ncis
musty,0.0004500620279051,en,ncis
pancrea,0.0004500620279051,en,ncis
compute,0.0004500620279051,en,ncis
grapple,0.0004500620279051,en,ncis
noah,0.0004500620279051,en,ncis
juliet,0.0004500620279051,en,ncis
doa,0.0004500620279051,en,ncis
hippo,0.0004500620279051,en,ncis
reassurance,0.0004500620279051,en,ncis
perkin,0.0004500620279051,en,ncis
molester,0.0004500620279051,en,ncis
regiment,0.0004500620279051,en,ncis
feud,0.000449755385686,en,ncis
constitution,0.000449755385686,en,ncis
hardcore,0.000449755385686,en,ncis
clockwork,0.000449755385686,en,ncis
muck,0.000449755385686,en,ncis
macho,0.000449755385686,en,ncis
finale,0.000449755385686,en,ncis
cosmetic,0.000449755385686,en,ncis
teammate,0.000449755385686,en,ncis
voil,0.000449755385686,en,ncis
classical,0.000449755385686,en,ncis
porno,0.000449755385686,en,ncis
cite,0.000449755385686,en,ncis
conveniently,0.000449755385686,en,ncis
taxis,0.0004471073541549,en,ncis
sew,0.0004471073541549,en,ncis
slit,0.0004471073541549,en,ncis
temple,0.0004471073541549,en,ncis
attraction,0.0004471073541549,en,ncis
joy,0.0004468441667319,en,ncis
compliment,0.0004468441667319,en,ncis
suspend,0.0004461425229014,en,ncis
daylight,0.0004461425229014,en,ncis
electric,0.0004461425229014,en,ncis
qaeda,0.0004449899248668,en,ncis
samsonite,0.0004449899248668,en,ncis
methylene,0.0004449899248668,en,ncis
anaphylaxis,0.0004449899248668,en,ncis
oestrogen,0.0004449899248668,en,ncis
fredericksburg,0.0004449899248668,en,ncis
pryor,0.0004449899248668,en,ncis
wintergreen,0.0004449899248668,en,ncis
maclean,0.0004449899248668,en,ncis
vee,0.0004449899248668,en,ncis
salvadorian,0.0004449899248668,en,ncis
bluefin,0.0004449899248668,en,ncis
broadband,0.0004449899248668,en,ncis
pooling,0.0004449899248668,en,ncis
lcu,0.0004449899248668,en,ncis
incongruity,0.0004449899248668,en,ncis
upmarket,0.0004449899248668,en,ncis
somalian,0.0004449899248668,en,ncis
arnie,0.0004449899248668,en,ncis
luminol,0.0004449899248668,en,ncis
nogale,0.0004449899248668,en,ncis
yojimbo,0.0004449899248668,en,ncis
lifesave,0.0004449899248668,en,ncis
lncrease,0.0004449899248668,en,ncis
carson,0.0004449899248668,en,ncis
chocoholic,0.0004449899248668,en,ncis
aliyah,0.0004449899248668,en,ncis
microbial,0.0004449899248668,en,ncis
ethylene,0.0004449899248668,en,ncis
cybersex,0.0004449899248668,en,ncis
livery,0.0004449899248668,en,ncis
cryptographer,0.0004449899248668,en,ncis
dmc,0.0004449899248668,en,ncis
hagan,0.0004449899248668,en,ncis
fascia,0.0004449899248668,en,ncis
fluently,0.0004449899248668,en,ncis
teague,0.0004449899248668,en,ncis
sequentially,0.0004449899248668,en,ncis
antiterrorist,0.0004449899248668,en,ncis
comptroller,0.0004449899248668,en,ncis
subdermal,0.0004449899248668,en,ncis
filmore,0.0004449899248668,en,ncis
gao,0.0004449899248668,en,ncis
epsiode,0.0004449899248668,en,ncis
cadmium,0.0004449899248668,en,ncis
caff,0.0004449899248668,en,ncis
dictaphone,0.0004449899248668,en,ncis
gsr,0.0004449899248668,en,ncis
lraqi,0.0004449899248668,en,ncis
tallridge,0.0004449899248668,en,ncis
triboro,0.0004449899248668,en,ncis
hemostat,0.0004449899248668,en,ncis
arteriosclerosis,0.0004449899248668,en,ncis
shatner,0.0004449899248668,en,ncis
mance,0.0004449899248668,en,ncis
chechen,0.0004449899248668,en,ncis
bugged,0.0004449899248668,en,ncis
darkle,0.0004449899248668,en,ncis
hollowed,0.0004449899248668,en,ncis
roomba,0.0004449899248668,en,ncis
oleander,0.0004449899248668,en,ncis
pictogram,0.0004449899248668,en,ncis
polonium,0.0004449899248668,en,ncis
glastonbury,0.0004449899248668,en,ncis
callosum,0.0004449899248668,en,ncis
mucosal,0.0004449899248668,en,ncis
truffaut,0.0004449899248668,en,ncis
rsa,0.0004449899248668,en,ncis
ninja,0.0004442658700253,en,ncis
contemplate,0.0004442658700253,en,ncis
hash,0.0004442658700253,en,ncis
dammit,0.0004442658700253,en,ncis
composition,0.0004442658700253,en,ncis
disorient,0.0004442658700253,en,ncis
excessive,0.0004442658700253,en,ncis
means,0.0004442658700253,en,ncis
viral,0.0004442658700253,en,ncis
thrust,0.0004442658700253,en,ncis
summit,0.0004442658700253,en,ncis
limitation,0.0004442658700253,en,ncis
leech,0.0004442658700253,en,ncis
nuke,0.0004442658700253,en,ncis
parameter,0.0004442658700253,en,ncis
hola,0.0004442658700253,en,ncis
min,0.0004442658700253,en,ncis
role,0.0004431727103709,en,ncis
bless,0.0004431727103709,en,ncis
bodyguard,0.0004427517055032,en,ncis
pork,0.0004427517055032,en,ncis
tactic,0.0004427517055032,en,ncis
insight,0.0004427517055032,en,ncis
additional,0.0004427517055032,en,ncis
prep,0.0004422646344937,en,ncis
celebrity,0.0004422646344937,en,ncis
shelf,0.0004422646344937,en,ncis
skinny,0.0004422646344937,en,ncis
lunar,0.0004414730564961,en,ncis
interrogator,0.0004414730564961,en,ncis
soundtrack,0.0004414730564961,en,ncis
comm,0.0004414730564961,en,ncis
incorrectly,0.0004414730564961,en,ncis
counterpart,0.0004414730564961,en,ncis
stationary,0.0004414730564961,en,ncis
welsh,0.0004414730564961,en,ncis
stepdaughter,0.0004414730564961,en,ncis
vascular,0.0004414730564961,en,ncis
fistful,0.0004414730564961,en,ncis
casablanca,0.0004414730564961,en,ncis
wan,0.0004414730564961,en,ncis
samurai,0.0004414730564961,en,ncis
gnarly,0.0004414730564961,en,ncis
gigolo,0.0004414730564961,en,ncis
hazing,0.0004414730564961,en,ncis
vacancy,0.0004414730564961,en,ncis
circuitry,0.0004414730564961,en,ncis
majestic,0.0004414730564961,en,ncis
mausoleum,0.0004414730564961,en,ncis
paradigm,0.0004414730564961,en,ncis
sicko,0.0004414730564961,en,ncis
ciao,0.0004414730564961,en,ncis
goodbye,0.0004395393008743,en,ncis
cockroach,0.0004389227590389,en,ncis
colour,0.0004389227590389,en,ncis
swirl,0.0004389227590389,en,ncis
sanction,0.0004389227590389,en,ncis
prominent,0.0004389227590389,en,ncis
lingerie,0.0004389227590389,en,ncis
dvds,0.0004389227590389,en,ncis
prostitution,0.0004389227590389,en,ncis
mash,0.0004389227590389,en,ncis
facebook,0.0004389227590389,en,ncis
fatty,0.0004389227590389,en,ncis
deliberately,0.0004384705160419,en,ncis
consolation,0.0004384705160419,en,ncis
shrimp,0.0004384705160419,en,ncis
economy,0.0004384705160419,en,ncis
vintage,0.0004384705160419,en,ncis
cleaner,0.0004384705160419,en,ncis
dye,0.0004384705160419,en,ncis
memo,0.0004384705160419,en,ncis
outer,0.0004384705160419,en,ncis
ransom,0.0004384705160419,en,ncis
annoy,0.0004384705160419,en,ncis
justify,0.0004384361472832,en,ncis
mysterious,0.0004384361472832,en,ncis
boil,0.0004384361472832,en,ncis
equal,0.000435943157773,en,ncis
bore,0.000435943157773,en,ncis
defeat,0.0004346558184225,en,ncis
slave,0.0004346558184225,en,ncis
nonsense,0.0004346558184225,en,ncis
starter,0.0004346558184225,en,ncis
calendar,0.0004346558184225,en,ncis
seminar,0.0004342612827611,en,ncis
whereabouts,0.0004342612827611,en,ncis
translation,0.0004342612827611,en,ncis
weekly,0.0004342612827611,en,ncis
predator,0.0004342612827611,en,ncis
tuna,0.0004342612827611,en,ncis
glare,0.0004337184459713,en,ncis
republic,0.0004337184459713,en,ncis
elderly,0.0004337184459713,en,ncis
mic,0.0004337184459713,en,ncis
fetish,0.0004337184459713,en,ncis
evade,0.0004337184459713,en,ncis
scour,0.0004337184459713,en,ncis
initially,0.0004337184459713,en,ncis
quarterback,0.0004337184459713,en,ncis
capability,0.0004337184459713,en,ncis
platinum,0.0004337184459713,en,ncis
cutie,0.0004337184459713,en,ncis
merchant,0.0004337184459713,en,ncis
clueless,0.0004337184459713,en,ncis
nonetheless,0.0004337184459713,en,ncis
nudge,0.0004337184459713,en,ncis
bobby,0.0004337184459713,en,ncis
taunt,0.0004337184459713,en,ncis
refund,0.0004337184459713,en,ncis
setback,0.0004337184459713,en,ncis
hiking,0.0004333485865108,en,ncis
satanic,0.0004333485865108,en,ncis
unavoidable,0.0004333485865108,en,ncis
jittery,0.0004333485865108,en,ncis
enlarge,0.0004333485865108,en,ncis
appropriately,0.0004333485865108,en,ncis
cartilage,0.0004333485865108,en,ncis
clarification,0.0004333485865108,en,ncis
pigtail,0.0004333485865108,en,ncis
roofie,0.0004333485865108,en,ncis
nostril,0.0004333485865108,en,ncis
vin,0.0004333485865108,en,ncis
depressant,0.0004333485865108,en,ncis
traction,0.0004333485865108,en,ncis
skylight,0.0004333485865108,en,ncis
accustom,0.0004333485865108,en,ncis
jamaican,0.0004333485865108,en,ncis
torque,0.0004333485865108,en,ncis
ritz,0.0004333485865108,en,ncis
bordeaux,0.0004333485865108,en,ncis
paddy,0.0004333485865108,en,ncis
admissible,0.0004333485865108,en,ncis
tetanus,0.0004333485865108,en,ncis
unused,0.0004333485865108,en,ncis
homeroom,0.0004333485865108,en,ncis
display,0.0004309224513842,en,ncis
sting,0.0004309224513842,en,ncis
destiny,0.0004309224513842,en,ncis
autograph,0.0004301216267789,en,ncis
vacuum,0.0004301216267789,en,ncis
lounge,0.0004301216267789,en,ncis
supper,0.0004301216267789,en,ncis
mat,0.0004301216267789,en,ncis
pimp,0.0004301216267789,en,ncis
tide,0.0004301216267789,en,ncis
mushroom,0.0004301216267789,en,ncis
vampire,0.0004301216267789,en,ncis
minister,0.0004301216267789,en,ncis
tray,0.0004301216267789,en,ncis
creep,0.0004288596667805,en,ncis
donkey,0.0004286459019238,en,ncis
defender,0.0004286459019238,en,ncis
haystack,0.0004286459019238,en,ncis
statistically,0.0004286459019238,en,ncis
decay,0.0004286459019238,en,ncis
misplace,0.0004286459019238,en,ncis
fatality,0.0004286459019238,en,ncis
ted,0.0004286459019238,en,ncis
george,0.0004286459019238,en,ncis
gunfire,0.0004286459019238,en,ncis
softly,0.0004286459019238,en,ncis
protector,0.0004286459019238,en,ncis
token,0.0004286459019238,en,ncis
hitler,0.0004286459019238,en,ncis
vanity,0.0004286459019238,en,ncis
hypothetical,0.0004286459019238,en,ncis
phd,0.0004286459019238,en,ncis
bride,0.0004272348936871,en,ncis
distraction,0.0004272348936871,en,ncis
succeed,0.0004272348936871,en,ncis
discreet,0.000426049285267,en,ncis
sunny,0.000426049285267,en,ncis
junkie,0.000426049285267,en,ncis
cramp,0.000426049285267,en,ncis
critter,0.0004256409436745,en,ncis
programme,0.0004256409436745,en,ncis
stutter,0.0004256409436745,en,ncis
aptitude,0.0004256409436745,en,ncis
trivium,0.0004256409436745,en,ncis
airspace,0.0004256409436745,en,ncis
leper,0.0004256409436745,en,ncis
hematoma,0.0004256409436745,en,ncis
informal,0.0004256409436745,en,ncis
debriefing,0.0004256409436745,en,ncis
dui,0.0004256409436745,en,ncis
shard,0.0004256409436745,en,ncis
terminator,0.0004256409436745,en,ncis
verification,0.0004256409436745,en,ncis
gnaw,0.0004256409436745,en,ncis
disorientation,0.0004256409436745,en,ncis
tweet,0.0004256409436745,en,ncis
confinement,0.0004256409436745,en,ncis
comfort,0.000425370873033,en,ncis
sophomore,0.0004236986187669,en,ncis
evolution,0.0004236986187669,en,ncis
minus,0.0004236986187669,en,ncis
burial,0.0004236986187669,en,ncis
roster,0.0004236986187669,en,ncis
acre,0.0004236986187669,en,ncis
glitch,0.0004236986187669,en,ncis
raw,0.0004235920347602,en,ncis
bake,0.0004235920347602,en,ncis
limited,0.0004235920347602,en,ncis
stitch,0.0004235920347602,en,ncis
gross,0.0004235920347602,en,ncis
tierney,0.0004226359854251,en,ncis
targeted,0.0004226359854251,en,ncis
kneepad,0.0004226359854251,en,ncis
divisor,0.0004226359854251,en,ncis
bevel,0.0004226359854251,en,ncis
judd,0.0004226359854251,en,ncis
antimony,0.0004226359854251,en,ncis
putrefaction,0.0004226359854251,en,ncis
sleet,0.0004226359854251,en,ncis
reston,0.0004226359854251,en,ncis
bodysuit,0.0004226359854251,en,ncis
lndeed,0.0004226359854251,en,ncis
blanchard,0.0004226359854251,en,ncis
dumbbell,0.0004226359854251,en,ncis
mandibular,0.0004226359854251,en,ncis
hubba,0.0004226359854251,en,ncis
cyanoacrylate,0.0004226359854251,en,ncis
teak,0.0004226359854251,en,ncis
barkin,0.0004226359854251,en,ncis
gordo,0.0004226359854251,en,ncis
forcible,0.0004226359854251,en,ncis
dike,0.0004226359854251,en,ncis
gib,0.0004226359854251,en,ncis
coloration,0.0004226359854251,en,ncis
cipro,0.0004226359854251,en,ncis
brawler,0.0004226359854251,en,ncis
tripp,0.0004226359854251,en,ncis
landis,0.0004226359854251,en,ncis
proportionate,0.0004226359854251,en,ncis
nationalist,0.0004226359854251,en,ncis
expeditionary,0.0004226359854251,en,ncis
echocardiogram,0.0004226359854251,en,ncis
ert,0.0004226359854251,en,ncis
pino,0.0004226359854251,en,ncis
prognosticate,0.0004226359854251,en,ncis
traing,0.0004226359854251,en,ncis
kimba,0.0004226359854251,en,ncis
deformation,0.0004226359854251,en,ncis
schoen,0.0004226359854251,en,ncis
pell,0.0004226359854251,en,ncis
depreciate,0.0004226359854251,en,ncis
paedophile,0.0004226359854251,en,ncis
smokestack,0.0004226359854251,en,ncis
flyboy,0.0004226359854251,en,ncis
prearrange,0.0004226359854251,en,ncis
swashbuckling,0.0004226359854251,en,ncis
norway,0.0004226359854251,en,ncis
laryngitis,0.0004226359854251,en,ncis
microfiche,0.0004226359854251,en,ncis
henri,0.0004226359854251,en,ncis
bama,0.0004226359854251,en,ncis
nanoparticle,0.0004226359854251,en,ncis
dater,0.0004226359854251,en,ncis
gitmo,0.0004226359854251,en,ncis
puzzled,0.0004226359854251,en,ncis
caine,0.0004226359854251,en,ncis
spick,0.0004226359854251,en,ncis
mongo,0.0004226359854251,en,ncis
fiberglass,0.0004226359854251,en,ncis
haji,0.0004226359854251,en,ncis
tweedle,0.0004226359854251,en,ncis
radiological,0.0004226359854251,en,ncis
pescado,0.0004226359854251,en,ncis
nguyen,0.0004226359854251,en,ncis
mala,0.0004226359854251,en,ncis
epaulet,0.0004226359854251,en,ncis
stiff,0.000422042104022,en,ncis
drip,0.000422042104022,en,ncis
olive,0.000422042104022,en,ncis
niece,0.000422042104022,en,ncis
alternate,0.000422042104022,en,ncis
paramedic,0.000422042104022,en,ncis
convincing,0.000422042104022,en,ncis
eternity,0.000422042104022,en,ncis
heal,0.0004219164521966,en,ncis
scenario,0.0004199928039356,en,ncis
tuck,0.0004199928039356,en,ncis
gentle,0.0004199928039356,en,ncis
menu,0.0004199928039356,en,ncis
ringer,0.0004188705589326,en,ncis
knit,0.0004188705589326,en,ncis
mar,0.0004188705589326,en,ncis
mercenary,0.0004188705589326,en,ncis
upcoming,0.0004188705589326,en,ncis
trooper,0.0004188705589326,en,ncis
logo,0.0004188705589326,en,ncis
touchy,0.0004188705589326,en,ncis
nuts,0.0004184957335642,en,ncis
femoral,0.000418309436431,en,ncis
wench,0.000418309436431,en,ncis
legwork,0.000418309436431,en,ncis
alibis,0.000418309436431,en,ncis
coalition,0.000418309436431,en,ncis
inhalation,0.000418309436431,en,ncis
submerge,0.000418309436431,en,ncis
frisk,0.000418309436431,en,ncis
efficiently,0.000418309436431,en,ncis
assortment,0.000418309436431,en,ncis
rural,0.000418309436431,en,ncis
reconnaissance,0.000418309436431,en,ncis
reprimand,0.000418309436431,en,ncis
extraordinarily,0.000418309436431,en,ncis
converse,0.000418309436431,en,ncis
aorta,0.000418309436431,en,ncis
munition,0.000418309436431,en,ncis
appendage,0.000418309436431,en,ncis
insufferable,0.000418309436431,en,ncis
affectionate,0.000418309436431,en,ncis
giveaway,0.000418309436431,en,ncis
backbone,0.000418309436431,en,ncis
disposal,0.0004180980306229,en,ncis
paranoia,0.0004180980306229,en,ncis
select,0.0004180980306229,en,ncis
bald,0.0004180980306229,en,ncis
accessory,0.0004180980306229,en,ncis
counselor,0.0004180980306229,en,ncis
headache,0.0004164361685589,en,ncis
charlie,0.0004164361685589,en,ncis
wit,0.0004142151081177,en,ncis
grass,0.0004142151081177,en,ncis
ace,0.0004142151081177,en,ncis
feather,0.0004142151081177,en,ncis
jeopardy,0.0004142151081177,en,ncis
closing,0.0004142151081177,en,ncis
brag,0.0004142151081177,en,ncis
nude,0.000414156111116,en,ncis
heir,0.000414156111116,en,ncis
unreliable,0.000414156111116,en,ncis
slick,0.000414156111116,en,ncis
representation,0.000414156111116,en,ncis
malt,0.000414156111116,en,ncis
assurance,0.000414156111116,en,ncis
quantity,0.000414156111116,en,ncis
experienced,0.000414156111116,en,ncis
deliberate,0.000414156111116,en,ncis
privileged,0.000414156111116,en,ncis
dunk,0.000414156111116,en,ncis
fashion,0.0004129211322107,en,ncis
collapse,0.0004129211322107,en,ncis
pardon,0.0004117528165458,en,ncis
limousine,0.0004113190555336,en,ncis
decompose,0.0004113190555336,en,ncis
bambi,0.0004113190555336,en,ncis
tally,0.0004113190555336,en,ncis
bing,0.0004113190555336,en,ncis
blob,0.0004113190555336,en,ncis
ranking,0.0004113190555336,en,ncis
tweezer,0.0004113190555336,en,ncis
nutrient,0.0004113190555336,en,ncis
persian,0.0004113190555336,en,ncis
rem,0.0004113190555336,en,ncis
prenup,0.0004113190555336,en,ncis
treacherous,0.0004113190555336,en,ncis
lateral,0.0004113190555336,en,ncis
restoration,0.0004113190555336,en,ncis
cod,0.0004113190555336,en,ncis
richie,0.0004113190555336,en,ncis
thingie,0.0004113190555336,en,ncis
shutdown,0.0004113190555336,en,ncis
nylon,0.0004113190555336,en,ncis
den,0.000410391469193,en,ncis
buckle,0.000410391469193,en,ncis
sword,0.000410391469193,en,ncis
setting,0.000410391469193,en,ncis
assassinate,0.0004095500510693,en,ncis
retail,0.0004095500510693,en,ncis
dilemma,0.0004095500510693,en,ncis
cluster,0.0004095500510693,en,ncis
billion,0.0004095500510693,en,ncis
rewrite,0.0004095500510693,en,ncis
postcard,0.0004095500510693,en,ncis
suppress,0.0004095500510693,en,ncis
crisp,0.0004095500510693,en,ncis
steep,0.0004095500510693,en,ncis
spectrum,0.0004095500510693,en,ncis
eddie,0.0004095500510693,en,ncis
rival,0.0004066253307817,en,ncis
straighten,0.0004066253307817,en,ncis
donation,0.0004066253307817,en,ncis
lame,0.0004060120421408,en,ncis
closed,0.0004060120421408,en,ncis
ignorance,0.0004050475068027,en,ncis
orderly,0.0004050475068027,en,ncis
atmosphere,0.0004050475068027,en,ncis
disregard,0.0004050475068027,en,ncis
perp,0.0004050475068027,en,ncis
proximity,0.0004050475068027,en,ncis
martyr,0.0004050475068027,en,ncis
jewish,0.0004050475068027,en,ncis
indoor,0.0004050475068027,en,ncis
oblige,0.0004050475068027,en,ncis
dearly,0.0004050475068027,en,ncis
rainy,0.0004050475068027,en,ncis
allison,0.0004046394629391,en,ncis
alignment,0.0004046394629391,en,ncis
clandestine,0.0004046394629391,en,ncis
toothpick,0.0004046394629391,en,ncis
consolidate,0.0004046394629391,en,ncis
eavesdropping,0.0004046394629391,en,ncis
prolonged,0.0004046394629391,en,ncis
gizmo,0.0004046394629391,en,ncis
disruption,0.0004046394629391,en,ncis
hideout,0.0004046394629391,en,ncis
promptly,0.0004046394629391,en,ncis
meticulous,0.0004046394629391,en,ncis
complexion,0.0004046394629391,en,ncis
fray,0.0004046394629391,en,ncis
chisel,0.0004046394629391,en,ncis
ion,0.0004046394629391,en,ncis
whitney,0.0004046394629391,en,ncis
disfigure,0.0004046394629391,en,ncis
shootout,0.0004046394629391,en,ncis
miranda,0.0004046394629391,en,ncis
hugger,0.0004046394629391,en,ncis
physiological,0.0004046394629391,en,ncis
commentary,0.0004046394629391,en,ncis
payout,0.0004046394629391,en,ncis
unmarrie,0.0004043714870093,en,ncis
sulfide,0.0004043714870093,en,ncis
woodchuck,0.0004043714870093,en,ncis
kiwis,0.0004043714870093,en,ncis
ricin,0.0004043714870093,en,ncis
provost,0.0004043714870093,en,ncis
divest,0.0004043714870093,en,ncis
discriminating,0.0004043714870093,en,ncis
assisted,0.0004043714870093,en,ncis
spiderweb,0.0004043714870093,en,ncis
petrov,0.0004043714870093,en,ncis
melvin,0.0004043714870093,en,ncis
kidman,0.0004043714870093,en,ncis
mummification,0.0004043714870093,en,ncis
waller,0.0004043714870093,en,ncis
beatnik,0.0004043714870093,en,ncis
delilah,0.0004043714870093,en,ncis
tod,0.0004043714870093,en,ncis
surrogacy,0.0004043714870093,en,ncis
viscosity,0.0004043714870093,en,ncis
crosschecke,0.0004043714870093,en,ncis
hubbard,0.0004043714870093,en,ncis
fulminate,0.0004043714870093,en,ncis
hemochromatosis,0.0004043714870093,en,ncis
pincushion,0.0004043714870093,en,ncis
commode,0.0004043714870093,en,ncis
ern,0.0004043714870093,en,ncis
banzai,0.0004043714870093,en,ncis
getz,0.0004043714870093,en,ncis
hooper,0.0004043714870093,en,ncis
sumerian,0.0004043714870093,en,ncis
regurgitation,0.0004043714870093,en,ncis
manson,0.0004043714870093,en,ncis
equatorial,0.0004043714870093,en,ncis
holstere,0.0004043714870093,en,ncis
smooshe,0.0004043714870093,en,ncis
obi,0.0004043714870093,en,ncis
usmc,0.0004043714870093,en,ncis
yeesh,0.0004043714870093,en,ncis
searcher,0.0004043714870093,en,ncis
fubar,0.0004043714870093,en,ncis
lmpressive,0.0004043714870093,en,ncis
constitutionally,0.0004043714870093,en,ncis
capricorn,0.0004043714870093,en,ncis
vfw,0.0004043714870093,en,ncis
pacino,0.0004043714870093,en,ncis
bootee,0.0004043714870093,en,ncis
outspoken,0.0004043714870093,en,ncis
stroganoff,0.0004043714870093,en,ncis
msg,0.0004043714870093,en,ncis
marmoset,0.0004043714870093,en,ncis
hollander,0.0004043714870093,en,ncis
samoa,0.0004043714870093,en,ncis
dereliction,0.0004043714870093,en,ncis
southeastern,0.0004043714870093,en,ncis
roast,0.0004029149890699,en,ncis
crappy,0.0004029149890699,en,ncis
curve,0.0004029149890699,en,ncis
seizure,0.0004029149890699,en,ncis
hostile,0.0004029149890699,en,ncis
exotic,0.0004029149890699,en,ncis
misery,0.0004029149890699,en,ncis
topic,0.0004029149890699,en,ncis
heck,0.0004029149890699,en,ncis
jeez,0.0004026161621472,en,ncis
miserable,0.0004026161621472,en,ncis
shortcut,0.00040064392761,en,ncis
mute,0.00040064392761,en,ncis
cal,0.00040064392761,en,ncis
valet,0.00040064392761,en,ncis
housekeeper,0.00040064392761,en,ncis
daniel,0.00040064392761,en,ncis
peer,0.00040064392761,en,ncis
detain,0.00040064392761,en,ncis
sprinkle,0.00040064392761,en,ncis
affirmative,0.00040064392761,en,ncis
construct,0.00040064392761,en,ncis
housewife,0.00040064392761,en,ncis
startle,0.00040064392761,en,ncis
acknowledge,0.0003992588148688,en,ncis
yank,0.0003992588148688,en,ncis
sip,0.0003992588148688,en,ncis
siren,0.0003992588148688,en,ncis
hatch,0.0003992588148688,en,ncis
penalty,0.0003992588148688,en,ncis
playtime,0.0003982441960507,en,ncis
meditate,0.0003982441960507,en,ncis
waiver,0.0003982441960507,en,ncis
wacko,0.0003982441960507,en,ncis
revert,0.0003982441960507,en,ncis
arraignment,0.0003982441960507,en,ncis
motivational,0.0003982441960507,en,ncis
nitrate,0.0003982441960507,en,ncis
subscribe,0.0003982441960507,en,ncis
tara,0.0003982441960507,en,ncis
notoriously,0.0003982441960507,en,ncis
meteor,0.0003982441960507,en,ncis
counterfeit,0.0003982441960507,en,ncis
refuel,0.0003982441960507,en,ncis
bludgeon,0.0003982441960507,en,ncis
floorboard,0.0003982441960507,en,ncis
exemplary,0.0003982441960507,en,ncis
nightly,0.0003982441960507,en,ncis
loaded,0.0003963350564255,en,ncis
stripe,0.0003963350564255,en,ncis
interact,0.0003963350564255,en,ncis
funky,0.0003963350564255,en,ncis
ramp,0.0003963350564255,en,ncis
wiring,0.0003963350564255,en,ncis
beverage,0.0003963350564255,en,ncis
bundle,0.0003963350564255,en,ncis
multi,0.0003963350564255,en,ncis
clinical,0.0003963350564255,en,ncis
intentionally,0.0003963350564255,en,ncis
beta,0.0003963350564255,en,ncis
inheritance,0.0003963350564255,en,ncis
uphold,0.0003963350564255,en,ncis
artificial,0.0003963350564255,en,ncis
bounce,0.0003959373943635,en,ncis
vegetable,0.0003956552493192,en,ncis
banana,0.0003956552493192,en,ncis
salary,0.0003956552493192,en,ncis
mature,0.0003956552493192,en,ncis
vegas,0.0003956552493192,en,ncis
mister,0.0003956552493192,en,ncis
seventh,0.0003956552493192,en,ncis
speech,0.0003954419277851,en,ncis
purse,0.0003926528569517,en,ncis
announce,0.0003926528569517,en,ncis
stable,0.0003926528569517,en,ncis
donut,0.0003921169050922,en,ncis
alice,0.0003921169050922,en,ncis
gasoline,0.0003921169050922,en,ncis
poet,0.0003921169050922,en,ncis
supermarket,0.0003921169050922,en,ncis
bladder,0.0003921169050922,en,ncis
outsider,0.0003921169050922,en,ncis
pact,0.0003921169050922,en,ncis
thermometer,0.000392110034512,en,ncis
heed,0.000392110034512,en,ncis
misdemeanor,0.000392110034512,en,ncis
bimbo,0.000392110034512,en,ncis
banger,0.000392110034512,en,ncis
diameter,0.000392110034512,en,ncis
colombian,0.000392110034512,en,ncis
fasten,0.000392110034512,en,ncis
fishy,0.000392110034512,en,ncis
coed,0.000392110034512,en,ncis
stamina,0.000392110034512,en,ncis
pneumonia,0.000392110034512,en,ncis
unattended,0.000392110034512,en,ncis
shuck,0.000392110034512,en,ncis
gouge,0.000392110034512,en,ncis
ruby,0.000392110034512,en,ncis
blower,0.000392110034512,en,ncis
guardian,0.0003921027999011,en,ncis
naive,0.0003921027999011,en,ncis
corrupt,0.0003921027999011,en,ncis
exclusive,0.0003921027999011,en,ncis
foster,0.0003921027999011,en,ncis
subtitle,0.0003921027999011,en,ncis
errand,0.0003921027999011,en,ncis
prize,0.000389403828748,en,ncis
occasion,0.000389403828748,en,ncis
terrify,0.000389403828748,en,ncis
crisis,0.000389403828748,en,ncis
bountiful,0.0003889290736326,en,ncis
plagiarism,0.0003889290736326,en,ncis
enraged,0.0003889290736326,en,ncis
compartmentalized,0.0003889290736326,en,ncis
copious,0.0003889290736326,en,ncis
inequity,0.0003889290736326,en,ncis
shamu,0.0003889290736326,en,ncis
nic,0.0003889290736326,en,ncis
butane,0.0003889290736326,en,ncis
imam,0.0003889290736326,en,ncis
beheading,0.0003889290736326,en,ncis
cocker,0.0003889290736326,en,ncis
sussex,0.0003889290736326,en,ncis
allez,0.0003889290736326,en,ncis
koran,0.0003889290736326,en,ncis
bienvenido,0.0003889290736326,en,ncis
sommer,0.0003889290736326,en,ncis
divination,0.0003889290736326,en,ncis
mosaic,0.0003889290736326,en,ncis
nudist,0.0003889290736326,en,ncis
lebanese,0.0003889290736326,en,ncis
obscenity,0.0003889290736326,en,ncis
lading,0.0003889290736326,en,ncis
tormentor,0.0003889290736326,en,ncis
bothersome,0.0003889290736326,en,ncis
lnclude,0.0003889290736326,en,ncis
dinger,0.0003889290736326,en,ncis
octave,0.0003889290736326,en,ncis
kip,0.0003889290736326,en,ncis
cava,0.0003889290736326,en,ncis
kirby,0.0003889290736326,en,ncis
webmaster,0.0003889290736326,en,ncis
dell,0.0003889290736326,en,ncis
bullitt,0.0003889290736326,en,ncis
ahi,0.0003889290736326,en,ncis
microsecond,0.0003889290736326,en,ncis
buxom,0.0003889290736326,en,ncis
ali,0.0003889290736326,en,ncis
granger,0.0003889290736326,en,ncis
suppository,0.0003889290736326,en,ncis
logarithm,0.0003889290736326,en,ncis
wong,0.0003889290736326,en,ncis
imbed,0.0003889290736326,en,ncis
epithelial,0.0003889290736326,en,ncis
lsland,0.0003889290736326,en,ncis
chromatography,0.0003889290736326,en,ncis
echolocation,0.0003889290736326,en,ncis
flue,0.0003889290736326,en,ncis
zigzag,0.0003889290736326,en,ncis
acidity,0.0003889290736326,en,ncis
cerebrum,0.0003889290736326,en,ncis
uste,0.0003889290736326,en,ncis
columbo,0.0003889290736326,en,ncis
melville,0.0003889290736326,en,ncis
adrianna,0.0003889290736326,en,ncis
egocentric,0.0003889290736326,en,ncis
ascot,0.0003889290736326,en,ncis
vitreous,0.0003889290736326,en,ncis
baa,0.0003889290736326,en,ncis
tyson,0.0003889290736326,en,ncis
trawler,0.0003889290736326,en,ncis
taliban,0.0003889290736326,en,ncis
danny,0.0003886000367215,en,ncis
closure,0.0003886000367215,en,ncis
production,0.0003886000367215,en,ncis
seduce,0.0003886000367215,en,ncis
lick,0.0003886000367215,en,ncis
rug,0.0003886000367215,en,ncis
concert,0.0003886000367215,en,ncis
dedicate,0.0003886000367215,en,ncis
solo,0.0003886000367215,en,ncis
villain,0.0003879857321791,en,ncis
deception,0.0003879857321791,en,ncis
feast,0.0003879857321791,en,ncis
fried,0.0003879857321791,en,ncis
walking,0.0003879857321791,en,ncis
elevate,0.0003879857321791,en,ncis
rumble,0.0003879857321791,en,ncis
sticker,0.0003879857321791,en,ncis
aerial,0.0003862164912647,en,ncis
unofficially,0.0003862164912647,en,ncis
scone,0.0003862164912647,en,ncis
physicist,0.0003862164912647,en,ncis
fisher,0.0003862164912647,en,ncis
proverbial,0.0003862164912647,en,ncis
jumpsuit,0.0003862164912647,en,ncis
scroll,0.0003862164912647,en,ncis
batting,0.0003862164912647,en,ncis
eavesdrop,0.0003862164912647,en,ncis
prerogative,0.0003862164912647,en,ncis
stanley,0.0003862164912647,en,ncis
stature,0.0003862164912647,en,ncis
adrift,0.0003862164912647,en,ncis
evac,0.0003862164912647,en,ncis
misfortune,0.0003862164912647,en,ncis
eject,0.0003862164912647,en,ncis
trademark,0.0003862164912647,en,ncis
helpless,0.0003851455890596,en,ncis
obligation,0.0003851455890596,en,ncis
honeymoon,0.0003851455890596,en,ncis
album,0.0003851455890596,en,ncis
instrument,0.0003851455890596,en,ncis
google,0.0003839380230405,en,ncis
rainbow,0.0003839380230405,en,ncis
experimental,0.0003839380230405,en,ncis
grad,0.0003839380230405,en,ncis
enterprise,0.0003839380230405,en,ncis
representative,0.0003839380230405,en,ncis
assembly,0.0003839380230405,en,ncis
halt,0.0003839380230405,en,ncis
massacre,0.0003839380230405,en,ncis
certainty,0.0003839380230405,en,ncis
diversion,0.0003839380230405,en,ncis
parasite,0.0003839380230405,en,ncis
sin,0.0003830092857702,en,ncis
pitch,0.0003830092857702,en,ncis
freakin,0.0003817381421456,en,ncis
capacity,0.0003817381421456,en,ncis
waiting,0.0003817381421456,en,ncis
bucket,0.0003817381421456,en,ncis
constantly,0.0003817381421456,en,ncis
booth,0.0003817381421456,en,ncis
occupy,0.0003817381421456,en,ncis
sole,0.0003817381421456,en,ncis
picasso,0.0003805453997099,en,ncis
abnormality,0.0003805453997099,en,ncis
falcon,0.0003805453997099,en,ncis
inn,0.0003805453997099,en,ncis
gruesome,0.0003805453997099,en,ncis
pottery,0.0003805453997099,en,ncis
barber,0.0003805453997099,en,ncis
ooze,0.0003805453997099,en,ncis
smudge,0.0003805453997099,en,ncis
liner,0.0003805453997099,en,ncis
infrastructure,0.0003805453997099,en,ncis
contingency,0.0003805453997099,en,ncis
wimp,0.0003805453997099,en,ncis
undress,0.0003805453997099,en,ncis
shank,0.0003805453997099,en,ncis
insulin,0.0003805453997099,en,ncis
cabbage,0.0003805453997099,en,ncis
relish,0.0003805453997099,en,ncis
knockout,0.0003805453997099,en,ncis
quirk,0.0003805453997099,en,ncis
optional,0.0003805453997099,en,ncis
holding,0.0003799704718497,en,ncis
showtime,0.0003799704718497,en,ncis
payroll,0.0003799704718497,en,ncis
backseat,0.0003799704718497,en,ncis
magnet,0.0003799704718497,en,ncis
extent,0.0003799704718497,en,ncis
frequent,0.0003799704718497,en,ncis
vocal,0.0003799704718497,en,ncis
abort,0.0003799704718497,en,ncis
frightening,0.0003799704718497,en,ncis
credential,0.0003799704718497,en,ncis
strongly,0.000378376434157,en,ncis
executive,0.000378376434157,en,ncis
retreat,0.000378376434157,en,ncis
magical,0.000378376434157,en,ncis
rude,0.000376747972178,en,ncis
utterly,0.0003760799653774,en,ncis
goody,0.0003760799653774,en,ncis
elect,0.0003760799653774,en,ncis
ing,0.0003760799653774,en,ncis
lump,0.0003760799653774,en,ncis
lookout,0.0003760799653774,en,ncis
flattering,0.0003760799653774,en,ncis
stomp,0.0003760799653774,en,ncis
christian,0.0003760799653774,en,ncis
anticlimactic,0.0003755522467124,en,ncis
belmont,0.0003755522467124,en,ncis
lce,0.0003755522467124,en,ncis
cyberspace,0.0003755522467124,en,ncis
hawke,0.0003755522467124,en,ncis
lavatory,0.0003755522467124,en,ncis
psa,0.0003755522467124,en,ncis
inventorie,0.0003755522467124,en,ncis
advantageous,0.0003755522467124,en,ncis
neater,0.0003755522467124,en,ncis
coagulation,0.0003755522467124,en,ncis
noogie,0.0003755522467124,en,ncis
degraded,0.0003755522467124,en,ncis
charo,0.0003755522467124,en,ncis
ender,0.0003755522467124,en,ncis
watergate,0.0003755522467124,en,ncis
watertight,0.0003755522467124,en,ncis
pounder,0.0003755522467124,en,ncis
steely,0.0003755522467124,en,ncis
alonzo,0.0003755522467124,en,ncis
flynn,0.0003755522467124,en,ncis
adage,0.0003755522467124,en,ncis
lifeblood,0.0003755522467124,en,ncis
hershey,0.0003755522467124,en,ncis
humerus,0.0003755522467124,en,ncis
lasere,0.0003755522467124,en,ncis
brine,0.0003755522467124,en,ncis
playpen,0.0003755522467124,en,ncis
darrell,0.0003755522467124,en,ncis
leapfrog,0.0003755522467124,en,ncis
caltech,0.0003755522467124,en,ncis
disclaimer,0.0003755522467124,en,ncis
lymphocyte,0.0003755522467124,en,ncis
evidentiary,0.0003755522467124,en,ncis
paperboy,0.0003755522467124,en,ncis
goddaughter,0.0003755522467124,en,ncis
dachshund,0.0003755522467124,en,ncis
crusher,0.0003755522467124,en,ncis
epoxy,0.0003755522467124,en,ncis
warship,0.0003755522467124,en,ncis
lafayette,0.0003755522467124,en,ncis
steakhouse,0.0003755522467124,en,ncis
countermand,0.0003755522467124,en,ncis
predetermine,0.0003755522467124,en,ncis
ied,0.0003755522467124,en,ncis
scaffolding,0.0003755522467124,en,ncis
subset,0.0003755522467124,en,ncis
metacarpal,0.0003755522467124,en,ncis
incisor,0.0003755522467124,en,ncis
myriad,0.0003755522467124,en,ncis
biloxi,0.0003755522467124,en,ncis
numero,0.0003755522467124,en,ncis
multibillion,0.0003755522467124,en,ncis
rutger,0.0003755522467124,en,ncis
oesophagus,0.0003755522467124,en,ncis
tsa,0.0003755522467124,en,ncis
dawkin,0.0003755522467124,en,ncis
decal,0.0003755522467124,en,ncis
complementary,0.0003755522467124,en,ncis
interagency,0.0003755522467124,en,ncis
zag,0.0003755522467124,en,ncis
dilettante,0.0003755522467124,en,ncis
regale,0.0003755522467124,en,ncis
tighter,0.0003755522467124,en,ncis
citation,0.0003750805759856,en,ncis
hardy,0.0003750805759856,en,ncis
dupe,0.0003750805759856,en,ncis
piggyback,0.0003750805759856,en,ncis
sleazy,0.0003750805759856,en,ncis
considerably,0.0003750805759856,en,ncis
voila,0.0003750805759856,en,ncis
freshly,0.0003750805759856,en,ncis
tac,0.0003750805759856,en,ncis
demolish,0.0003750805759856,en,ncis
bitchy,0.0003750805759856,en,ncis
urgency,0.0003750805759856,en,ncis
cowardly,0.0003750805759856,en,ncis
lotto,0.0003750805759856,en,ncis
fascination,0.0003750805759856,en,ncis
incarcerate,0.0003750805759856,en,ncis
sarge,0.0003750805759856,en,ncis
stooge,0.0003750805759856,en,ncis
jeep,0.0003750805759856,en,ncis
animate,0.0003750805759856,en,ncis
stewart,0.0003750805759856,en,ncis
destruction,0.0003750592534126,en,ncis
dent,0.0003722635683152,en,ncis
assess,0.0003722635683152,en,ncis
disagreement,0.0003722635683152,en,ncis
likewise,0.0003722635683152,en,ncis
offend,0.0003717854357511,en,ncis
breast,0.0003717854357511,en,ncis
medicine,0.0003706144494592,en,ncis
trader,0.0003698075405335,en,ncis
potty,0.0003698075405335,en,ncis
crayon,0.0003698075405335,en,ncis
ascertain,0.0003698075405335,en,ncis
kosher,0.0003698075405335,en,ncis
splendid,0.0003698075405335,en,ncis
coordinator,0.0003698075405335,en,ncis
bermuda,0.0003698075405335,en,ncis
brawl,0.0003698075405335,en,ncis
cortex,0.0003698075405335,en,ncis
putty,0.0003698075405335,en,ncis
timetable,0.0003698075405335,en,ncis
charcoal,0.0003698075405335,en,ncis
cockpit,0.0003698075405335,en,ncis
commodity,0.0003698075405335,en,ncis
perpetrator,0.0003698075405335,en,ncis
treaty,0.0003698075405335,en,ncis
coincide,0.0003698075405335,en,ncis
billboard,0.0003698075405335,en,ncis
waitress,0.0003685538620781,en,ncis
entitle,0.0003685538620781,en,ncis
wisdom,0.0003685538620781,en,ncis
pee,0.0003685538620781,en,ncis
pan,0.0003685538620781,en,ncis
missy,0.0003685185099711,en,ncis
mild,0.0003685185099711,en,ncis
deprive,0.0003685185099711,en,ncis
intern,0.0003685185099711,en,ncis
pumpkin,0.0003685185099711,en,ncis
distribute,0.0003685185099711,en,ncis
credibility,0.0003685185099711,en,ncis
embarrassment,0.0003685185099711,en,ncis
funding,0.0003685185099711,en,ncis
silk,0.0003685185099711,en,ncis
probation,0.0003685185099711,en,ncis
relive,0.0003685185099711,en,ncis
slippery,0.0003685185099711,en,ncis
sedative,0.0003685185099711,en,ncis
shine,0.0003675940000976,en,ncis
minimum,0.0003653634560693,en,ncis
reserve,0.0003653634560693,en,ncis
cherry,0.0003653634560693,en,ncis
humanity,0.0003653634560693,en,ncis
formal,0.0003653634560693,en,ncis
committee,0.0003653634560693,en,ncis
march,0.0003653634560693,en,ncis
psychotic,0.000364842172186,en,ncis
dynamic,0.000364842172186,en,ncis
crucial,0.000364842172186,en,ncis
motivate,0.000364842172186,en,ncis
confidentiality,0.000364842172186,en,ncis
summary,0.0003647132868883,en,ncis
relapse,0.0003647132868883,en,ncis
dam,0.0003647132868883,en,ncis
moist,0.0003647132868883,en,ncis
circulate,0.0003647132868883,en,ncis
jenkin,0.0003647132868883,en,ncis
damsel,0.0003647132868883,en,ncis
spew,0.0003647132868883,en,ncis
florist,0.0003647132868883,en,ncis
millennium,0.0003647132868883,en,ncis
poodle,0.0003647132868883,en,ncis
fixture,0.0003647132868883,en,ncis
overstep,0.0003647132868883,en,ncis
unhealthy,0.0003647132868883,en,ncis
keel,0.0003647132868883,en,ncis
widen,0.0003647132868883,en,ncis
deflect,0.0003647132868883,en,ncis
symbolize,0.0003647132868883,en,ncis
endeavor,0.0003647132868883,en,ncis
consulting,0.0003647132868883,en,ncis
altitude,0.0003647132868883,en,ncis
scrutiny,0.0003647132868883,en,ncis
carat,0.0003647132868883,en,ncis
hen,0.0003647132868883,en,ncis
buena,0.0003637530491518,en,ncis
depository,0.0003637530491518,en,ncis
bubba,0.0003637530491518,en,ncis
malady,0.0003637530491518,en,ncis
bullock,0.0003637530491518,en,ncis
injector,0.0003637530491518,en,ncis
cpa,0.0003637530491518,en,ncis
oxidize,0.0003637530491518,en,ncis
ernest,0.0003637530491518,en,ncis
pathologically,0.0003637530491518,en,ncis
tendon,0.0003637530491518,en,ncis
aspirate,0.0003637530491518,en,ncis
bogey,0.0003637530491518,en,ncis
universally,0.0003637530491518,en,ncis
kelvin,0.0003637530491518,en,ncis
meteorological,0.0003637530491518,en,ncis
voyeur,0.0003637530491518,en,ncis
odorless,0.0003637530491518,en,ncis
substitution,0.0003637530491518,en,ncis
mcqueen,0.0003637530491518,en,ncis
americano,0.0003637530491518,en,ncis
lacquer,0.0003637530491518,en,ncis
dismount,0.0003637530491518,en,ncis
scorpio,0.0003637530491518,en,ncis
sultan,0.0003637530491518,en,ncis
autonomous,0.0003637530491518,en,ncis
dropper,0.0003637530491518,en,ncis
resisting,0.0003637530491518,en,ncis
nantucket,0.0003637530491518,en,ncis
geographical,0.0003637530491518,en,ncis
malik,0.0003637530491518,en,ncis
executor,0.0003637530491518,en,ncis
unflappable,0.0003637530491518,en,ncis
prs,0.0003637530491518,en,ncis
handcraft,0.0003637530491518,en,ncis
layered,0.0003637530491518,en,ncis
jilt,0.0003637530491518,en,ncis
heady,0.0003637530491518,en,ncis
lemming,0.0003637530491518,en,ncis
cary,0.0003637530491518,en,ncis
exposed,0.0003637530491518,en,ncis
phosphorus,0.0003637530491518,en,ncis
bobblehead,0.0003637530491518,en,ncis
disorganize,0.0003637530491518,en,ncis
photon,0.0003637530491518,en,ncis
aptly,0.0003637530491518,en,ncis
sop,0.0003637530491518,en,ncis
chucklehead,0.0003637530491518,en,ncis
emanate,0.0003637530491518,en,ncis
acuity,0.0003637530491518,en,ncis
sampling,0.0003637530491518,en,ncis
daryl,0.0003637530491518,en,ncis
kiln,0.0003637530491518,en,ncis
appalachian,0.0003637530491518,en,ncis
electrostatic,0.0003637530491518,en,ncis
bilk,0.0003637530491518,en,ncis
larval,0.0003637530491518,en,ncis
chamber,0.0003622131820188,en,ncis
forgiveness,0.0003622131820188,en,ncis
risky,0.0003622131820188,en,ncis
curse,0.0003622131820188,en,ncis
outrageous,0.0003612320783387,en,ncis
advisor,0.0003612320783387,en,ncis
adam,0.0003612320783387,en,ncis
competitive,0.0003612320783387,en,ncis
pension,0.0003612320783387,en,ncis
reply,0.0003612320783387,en,ncis
sap,0.0003597860883918,en,ncis
intuition,0.0003597860883918,en,ncis
vendetta,0.0003597860883918,en,ncis
politically,0.0003597860883918,en,ncis
huddle,0.0003597860883918,en,ncis
medically,0.0003597860883918,en,ncis
eccentric,0.0003597860883918,en,ncis
muse,0.0003597860883918,en,ncis
inconclusive,0.0003597860883918,en,ncis
orchid,0.0003597860883918,en,ncis
marco,0.0003597860883918,en,ncis
emit,0.0003597860883918,en,ncis
plausible,0.0003597860883918,en,ncis
sailing,0.0003597860883918,en,ncis
dislocate,0.0003597860883918,en,ncis
apb,0.0003597860883918,en,ncis
vanessa,0.0003597860883918,en,ncis
crossfire,0.0003597860883918,en,ncis
chime,0.0003597860883918,en,ncis
arsenal,0.0003597860883918,en,ncis
goo,0.0003597860883918,en,ncis
chivalry,0.0003597860883918,en,ncis
qualified,0.0003591020428202,en,ncis
chaos,0.0003591020428202,en,ncis
darkness,0.0003591020428202,en,ncis
adventure,0.0003591020428202,en,ncis
squeeze,0.0003587106287693,en,ncis
nickel,0.0003576858833239,en,ncis
bra,0.0003576858833239,en,ncis
hustle,0.0003576858833239,en,ncis
swipe,0.0003576858833239,en,ncis
hump,0.0003576858833239,en,ncis
involved,0.0003576858833239,en,ncis
input,0.0003576858833239,en,ncis
mandatory,0.0003576858833239,en,ncis
lamb,0.0003576858833239,en,ncis
consideration,0.0003576858833239,en,ncis
institute,0.0003576858833239,en,ncis
restore,0.0003560290780725,en,ncis
pal,0.0003558069136029,en,ncis
wayne,0.0003550153356053,en,ncis
occurrence,0.0003550153356053,en,ncis
bottled,0.0003550153356053,en,ncis
qualification,0.0003550153356053,en,ncis
tock,0.0003550153356053,en,ncis
indictment,0.0003550153356053,en,ncis
third,0.0003550153356053,en,ncis
wallpaper,0.0003550153356053,en,ncis
prospective,0.0003550153356053,en,ncis
overflow,0.0003550153356053,en,ncis
contrast,0.0003550153356053,en,ncis
muster,0.0003550153356053,en,ncis
unexplained,0.0003550153356053,en,ncis
unseen,0.0003550153356053,en,ncis
unheard,0.0003550153356053,en,ncis
genital,0.0003550153356053,en,ncis
surgically,0.0003550153356053,en,ncis
consumption,0.0003550153356053,en,ncis
brow,0.0003550153356053,en,ncis
psychosis,0.0003550153356053,en,ncis
tug,0.0003550153356053,en,ncis
simulation,0.0003550153356053,en,ncis
roadblock,0.0003550153356053,en,ncis
hellhole,0.0003550153356053,en,ncis
flashback,0.0003550153356053,en,ncis
inventor,0.0003550153356053,en,ncis
bathtub,0.0003542013644026,en,ncis
blur,0.0003542013644026,en,ncis
shocking,0.0003542013644026,en,ncis
kindly,0.0003542013644026,en,ncis
sequence,0.0003542013644026,en,ncis
paradise,0.0003542013644026,en,ncis
doorway,0.0003542013644026,en,ncis
stressful,0.0003542013644026,en,ncis
opponent,0.0003542013644026,en,ncis
era,0.0003542013644026,en,ncis
bush,0.0003542013644026,en,ncis
platform,0.0003542013644026,en,ncis
tentative,0.0003531983072707,en,ncis
rembrandt,0.0003531983072707,en,ncis
dastardly,0.0003531983072707,en,ncis
scrip,0.0003531983072707,en,ncis
pistachio,0.0003531983072707,en,ncis
coon,0.0003531983072707,en,ncis
maxim,0.0003531983072707,en,ncis
cholera,0.0003531983072707,en,ncis
cleanliness,0.0003531983072707,en,ncis
larvae,0.0003531983072707,en,ncis
commercially,0.0003531983072707,en,ncis
condor,0.0003531983072707,en,ncis
disembody,0.0003531983072707,en,ncis
prankster,0.0003531983072707,en,ncis
dsl,0.0003531983072707,en,ncis
slang,0.0003531983072707,en,ncis
sahara,0.0003531983072707,en,ncis
sty,0.0003531983072707,en,ncis
astrology,0.0003531983072707,en,ncis
skivvy,0.0003531983072707,en,ncis
nationality,0.0003531983072707,en,ncis
bourne,0.0003531983072707,en,ncis
ubiquitous,0.0003531983072707,en,ncis
fraternal,0.0003531983072707,en,ncis
contracting,0.0003531983072707,en,ncis
pocketbook,0.0003531983072707,en,ncis
jen,0.0003531983072707,en,ncis
martiale,0.0003531983072707,en,ncis
pecking,0.0003531983072707,en,ncis
rohypnol,0.0003531983072707,en,ncis
autonomy,0.0003531983072707,en,ncis
epidermal,0.0003531983072707,en,ncis
linguistic,0.0003531983072707,en,ncis
asher,0.0003531983072707,en,ncis
adler,0.0003531983072707,en,ncis
wilke,0.0003531983072707,en,ncis
offshoot,0.0003531983072707,en,ncis
acidic,0.0003531983072707,en,ncis
kennel,0.0003531983072707,en,ncis
froth,0.0003531983072707,en,ncis
infringement,0.0003531983072707,en,ncis
mohamme,0.0003531983072707,en,ncis
enactment,0.0003531983072707,en,ncis
commonwealth,0.0003531983072707,en,ncis
bys,0.0003531983072707,en,ncis
transporter,0.0003531983072707,en,ncis
sneaki,0.0003531983072707,en,ncis
connery,0.0003531983072707,en,ncis
barrett,0.0003531983072707,en,ncis
cake,0.0003529309856107,en,ncis
expire,0.0003507764128335,en,ncis
appoint,0.0003507764128335,en,ncis
temporarily,0.0003507764128335,en,ncis
conceal,0.0003507764128335,en,ncis
membership,0.0003507764128335,en,ncis
grasp,0.0003507764128335,en,ncis
believer,0.0003507764128335,en,ncis
initiative,0.0003507764128335,en,ncis
vengeance,0.0003507764128335,en,ncis
bouquet,0.0003503913987474,en,ncis
lollipop,0.0003503913987474,en,ncis
mammal,0.0003503913987474,en,ncis
addictive,0.0003503913987474,en,ncis
infirmary,0.0003503913987474,en,ncis
boulevard,0.0003503913987474,en,ncis
marshall,0.0003503913987474,en,ncis
anyway,0.0003503913987474,en,ncis
cottage,0.0003503913987474,en,ncis
refugee,0.0003503913987474,en,ncis
forthcoming,0.0003503913987474,en,ncis
mojo,0.0003503913987474,en,ncis
acoustic,0.0003503913987474,en,ncis
embrace,0.0003499940032797,en,ncis
disappointed,0.0003499940032797,en,ncis
hazard,0.0003474090262089,en,ncis
oscar,0.0003474090262089,en,ncis
found,0.0003474090262089,en,ncis
venture,0.0003474090262089,en,ncis
pantie,0.0003474090262089,en,ncis
drawing,0.0003474090262089,en,ncis
teaching,0.0003474090262089,en,ncis
microwave,0.0003474090262089,en,ncis
whoop,0.0003474090262089,en,ncis
condolence,0.0003474090262089,en,ncis
chopper,0.0003474090262089,en,ncis
determined,0.0003474090262089,en,ncis
employer,0.0003474090262089,en,ncis
barrier,0.0003474090262089,en,ncis
eyebrow,0.0003474090262089,en,ncis
whiskey,0.0003474090262089,en,ncis
honorable,0.0003474090262089,en,ncis
rank,0.0003470301404657,en,ncis
misunderstanding,0.0003470301404657,en,ncis
chinatown,0.0003459055106735,en,ncis
whew,0.0003459055106735,en,ncis
truthful,0.0003459055106735,en,ncis
creativity,0.0003459055106735,en,ncis
invoice,0.0003459055106735,en,ncis
vocabulary,0.0003459055106735,en,ncis
arcade,0.0003459055106735,en,ncis
hemorrhage,0.0003459055106735,en,ncis
polar,0.0003459055106735,en,ncis
stoke,0.0003459055106735,en,ncis
theatre,0.0003459055106735,en,ncis
freight,0.0003459055106735,en,ncis
swam,0.0003459055106735,en,ncis
tractor,0.0003459055106735,en,ncis
surrogate,0.0003459055106735,en,ncis
adjust,0.0003441009435089,en,ncis
grace,0.0003441009435089,en,ncis
singe,0.0003441009435089,en,ncis
grease,0.0003440973014231,en,ncis
collateral,0.0003440973014231,en,ncis
alcoholic,0.0003440973014231,en,ncis
bandage,0.0003440973014231,en,ncis
palace,0.0003440973014231,en,ncis
confine,0.0003440973014231,en,ncis
betrayal,0.0003440973014231,en,ncis
evolve,0.0003440973014231,en,ncis
qualify,0.0003440973014231,en,ncis
creation,0.0003440973014231,en,ncis
bubonic,0.0003436503818435,en,ncis
philadelphia,0.0003436503818435,en,ncis
cartwheel,0.0003436503818435,en,ncis
diddy,0.0003436503818435,en,ncis
townhouse,0.0003436503818435,en,ncis
cholo,0.0003436503818435,en,ncis
laced,0.0003436503818435,en,ncis
glucose,0.0003436503818435,en,ncis
shopkeeper,0.0003436503818435,en,ncis
ballpoint,0.0003436503818435,en,ncis
undocumented,0.0003436503818435,en,ncis
analytical,0.0003436503818435,en,ncis
finch,0.0003436503818435,en,ncis
enlightening,0.0003436503818435,en,ncis
securely,0.0003436503818435,en,ncis
hayden,0.0003436503818435,en,ncis
ideology,0.0003436503818435,en,ncis
leeway,0.0003436503818435,en,ncis
propel,0.0003436503818435,en,ncis
echelon,0.0003436503818435,en,ncis
pubis,0.0003436503818435,en,ncis
sequester,0.0003436503818435,en,ncis
isa,0.0003436503818435,en,ncis
elongate,0.0003436503818435,en,ncis
disparage,0.0003436503818435,en,ncis
valor,0.0003436503818435,en,ncis
raleigh,0.0003436503818435,en,ncis
efficacy,0.0003436503818435,en,ncis
renter,0.0003436503818435,en,ncis
subscriber,0.0003436503818435,en,ncis
sgt,0.0003436503818435,en,ncis
barrette,0.0003436503818435,en,ncis
pantyhose,0.0003436503818435,en,ncis
staring,0.0003436503818435,en,ncis
evergreen,0.0003436503818435,en,ncis
skeletal,0.0003436503818435,en,ncis
soot,0.0003436503818435,en,ncis
horace,0.0003436503818435,en,ncis
wazoo,0.0003436503818435,en,ncis
esp,0.0003436503818435,en,ncis
redundancy,0.0003436503818435,en,ncis
derrick,0.0003436503818435,en,ncis
geese,0.0003436503818435,en,ncis
allocation,0.0003436503818435,en,ncis
mainline,0.0003436503818435,en,ncis
habla,0.0003436503818435,en,ncis
haha,0.0003436503818435,en,ncis
cutout,0.0003436503818435,en,ncis
mixture,0.0003415496668231,en,ncis
crooked,0.0003415496668231,en,ncis
mummy,0.0003415496668231,en,ncis
duplicate,0.0003415496668231,en,ncis
admirable,0.0003415496668231,en,ncis
forum,0.0003415496668231,en,ncis
kicker,0.0003415496668231,en,ncis
recite,0.0003415496668231,en,ncis
intentional,0.0003415496668231,en,ncis
definitive,0.0003415496668231,en,ncis
canine,0.0003415496668231,en,ncis
gibberish,0.0003415496668231,en,ncis
containment,0.0003415496668231,en,ncis
presumably,0.0003415496668231,en,ncis
hesitation,0.0003415496668231,en,ncis
salad,0.0003412056108595,en,ncis
pissed,0.0003408394282136,en,ncis
doorstep,0.0003408394282136,en,ncis
diagnose,0.0003408394282136,en,ncis
affection,0.0003408394282136,en,ncis
fitting,0.0003408394282136,en,ncis
doc,0.0003408394282136,en,ncis
formula,0.0003408394282136,en,ncis
designer,0.0003376336832176,en,ncis
compassion,0.0003376336832176,en,ncis
overlook,0.0003376336832176,en,ncis
apparent,0.0003376336832176,en,ncis
aspirin,0.0003376336832176,en,ncis
sweaty,0.0003376336832176,en,ncis
implant,0.0003376336832176,en,ncis
invade,0.0003376336832176,en,ncis
frightened,0.0003376336832176,en,ncis
adolescent,0.0003373165392645,en,ncis
decaf,0.0003373165392645,en,ncis
pepperoni,0.0003373165392645,en,ncis
prejudice,0.0003373165392645,en,ncis
burglary,0.0003373165392645,en,ncis
joker,0.0003373165392645,en,ncis
perish,0.0003373165392645,en,ncis
stale,0.0003373165392645,en,ncis
velvet,0.0003373165392645,en,ncis
paste,0.0003373165392645,en,ncis
zipper,0.0003373165392645,en,ncis
wilderness,0.0003373165392645,en,ncis
bumper,0.0003373165392645,en,ncis
fiddle,0.0003373165392645,en,ncis
reasoning,0.0003373165392645,en,ncis
utmost,0.0003373165392645,en,ncis
swollen,0.0003373165392645,en,ncis
intrusion,0.0003373165392645,en,ncis
offence,0.0003373165392645,en,ncis
lag,0.0003373165392645,en,ncis
miraculous,0.0003373165392645,en,ncis
caring,0.0003373165392645,en,ncis
detach,0.0003373165392645,en,ncis
mineral,0.0003373165392645,en,ncis
borderline,0.0003373165392645,en,ncis
manpower,0.0003373165392645,en,ncis
anatomy,0.0003373165392645,en,ncis
segment,0.0003373165392645,en,ncis
stink,0.000335513468456,en,ncis
newspaper,0.000335513468456,en,ncis
lower,0.000335513468456,en,ncis
incredibly,0.000335513468456,en,ncis
seamless,0.0003349338088549,en,ncis
arsenic,0.0003349338088549,en,ncis
pygmy,0.0003349338088549,en,ncis
resell,0.0003349338088549,en,ncis
watery,0.0003349338088549,en,ncis
lamborghini,0.0003349338088549,en,ncis
foxtrot,0.0003349338088549,en,ncis
digress,0.0003349338088549,en,ncis
carbonate,0.0003349338088549,en,ncis
fixing,0.0003349338088549,en,ncis
sierra,0.0003349338088549,en,ncis
translucent,0.0003349338088549,en,ncis
spreadsheet,0.0003349338088549,en,ncis
interruptus,0.0003349338088549,en,ncis
smidge,0.0003349338088549,en,ncis
joey,0.0003349338088549,en,ncis
agne,0.0003349338088549,en,ncis
combustible,0.0003349338088549,en,ncis
saboteur,0.0003349338088549,en,ncis
dissociative,0.0003349338088549,en,ncis
bart,0.0003349338088549,en,ncis
carolyn,0.0003349338088549,en,ncis
barracuda,0.0003349338088549,en,ncis
drumroll,0.0003349338088549,en,ncis
routing,0.0003349338088549,en,ncis
docking,0.0003349338088549,en,ncis
meteorite,0.0003349338088549,en,ncis
irrationally,0.0003349338088549,en,ncis
lumberjack,0.0003349338088549,en,ncis
honorably,0.0003349338088549,en,ncis
colloquial,0.0003349338088549,en,ncis
beady,0.0003349338088549,en,ncis
corvette,0.0003349338088549,en,ncis
negatory,0.0003349338088549,en,ncis
cramped,0.0003349338088549,en,ncis
fernando,0.0003349338088549,en,ncis
jefe,0.0003349338088549,en,ncis
illogical,0.0003349338088549,en,ncis
resin,0.0003349338088549,en,ncis
scrutinize,0.0003349338088549,en,ncis
reminiscent,0.0003349338088549,en,ncis
crypto,0.0003349338088549,en,ncis
tattle,0.0003349338088549,en,ncis
disembowel,0.0003349338088549,en,ncis
aforementioned,0.0003349338088549,en,ncis
bioweapon,0.0003349338088549,en,ncis
parietal,0.0003349338088549,en,ncis
lisbon,0.0003349338088549,en,ncis
darryl,0.0003349338088549,en,ncis
carburetor,0.0003349338088549,en,ncis
precocious,0.0003349338088549,en,ncis
superglue,0.0003349338088549,en,ncis
mccoy,0.0003349338088549,en,ncis
harvesting,0.0003349338088549,en,ncis
catapult,0.0003349338088549,en,ncis
headhunter,0.0003349338088549,en,ncis
improvement,0.0003344784244983,en,ncis
martini,0.0003344784244983,en,ncis
pointless,0.0003344784244983,en,ncis
provoke,0.0003344784244983,en,ncis
journal,0.0003344784244983,en,ncis
impeccable,0.000333199402519,en,ncis
ford,0.000333199402519,en,ncis
marshmallow,0.000333199402519,en,ncis
camouflage,0.000333199402519,en,ncis
floss,0.000333199402519,en,ncis
circulation,0.000333199402519,en,ncis
printer,0.000333199402519,en,ncis
publisher,0.000333199402519,en,ncis
classmate,0.000333199402519,en,ncis
cooperative,0.000333199402519,en,ncis
socket,0.000333199402519,en,ncis
unicorn,0.000333199402519,en,ncis
extraction,0.000333199402519,en,ncis
heated,0.000333199402519,en,ncis
volt,0.000333199402519,en,ncis
bowel,0.000333199402519,en,ncis
homo,0.000333199402519,en,ncis
allegiance,0.000333199402519,en,ncis
screening,0.000333199402519,en,ncis
resourceful,0.000333199402519,en,ncis
dealing,0.000333199402519,en,ncis
pavement,0.000333199402519,en,ncis
homicidal,0.000333199402519,en,ncis
physically,0.0003327151881174,en,ncis
fridge,0.0003327151881174,en,ncis
addition,0.0003313720864941,en,ncis
steven,0.0003313720864941,en,ncis
swimming,0.0003313720864941,en,ncis
balloon,0.0003313720864941,en,ncis
splash,0.0003313720864941,en,ncis
british,0.0003313720864941,en,ncis
scramble,0.0003313720864941,en,ncis
jealousy,0.0003313720864941,en,ncis
enormous,0.0003313720864941,en,ncis
moral,0.0003299478286362,en,ncis
bong,0.0003291920692791,en,ncis
socialize,0.0003291920692791,en,ncis
consist,0.0003291920692791,en,ncis
intersection,0.0003291920692791,en,ncis
infected,0.0003291920692791,en,ncis
volcano,0.0003291920692791,en,ncis
deposition,0.0003291920692791,en,ncis
bugger,0.0003291920692791,en,ncis
hyper,0.0003291920692791,en,ncis
shady,0.0003291920692791,en,ncis
presidential,0.0003291920692791,en,ncis
lowlife,0.0003291920692791,en,ncis
deem,0.0003291920692791,en,ncis
adequate,0.0003291920692791,en,ncis
mastermind,0.0003291920692791,en,ncis
foreplay,0.0003291920692791,en,ncis
imminent,0.0003291920692791,en,ncis
testicle,0.0003291920692791,en,ncis
vicinity,0.0003291920692791,en,ncis
restraint,0.0003283131753544,en,ncis
semi,0.0003283131753544,en,ncis
metaphor,0.0003283131753544,en,ncis
dope,0.0003283131753544,en,ncis
resent,0.0003283131753544,en,ncis
ingredient,0.0003283131753544,en,ncis
potentially,0.0003283131753544,en,ncis
teen,0.0003283131753544,en,ncis
keeper,0.0003283131753544,en,ncis
innocence,0.0003283131753544,en,ncis
disconnect,0.0003283131753544,en,ncis
dollhouse,0.0003269153389975,en,ncis
suvs,0.0003269153389975,en,ncis
solitaire,0.0003269153389975,en,ncis
surname,0.0003269153389975,en,ncis
insignia,0.0003269153389975,en,ncis
centrifuge,0.0003269153389975,en,ncis
prepay,0.0003269153389975,en,ncis
fanatical,0.0003269153389975,en,ncis
pooh,0.0003269153389975,en,ncis
except,0.0003269153389975,en,ncis
nigh,0.0003269153389975,en,ncis
zodiac,0.0003269153389975,en,ncis
preventative,0.0003269153389975,en,ncis
whitey,0.0003269153389975,en,ncis
blowback,0.0003269153389975,en,ncis
bikinis,0.0003269153389975,en,ncis
jihad,0.0003269153389975,en,ncis
bandwidth,0.0003269153389975,en,ncis
scrooge,0.0003269153389975,en,ncis
beaucoup,0.0003269153389975,en,ncis
inebriate,0.0003269153389975,en,ncis
crematorium,0.0003269153389975,en,ncis
scanning,0.0003269153389975,en,ncis
subtract,0.0003269153389975,en,ncis
freelancer,0.0003269153389975,en,ncis
resonate,0.0003269153389975,en,ncis
swine,0.0003269153389975,en,ncis
sightseeing,0.0003269153389975,en,ncis
variant,0.0003269153389975,en,ncis
screamer,0.0003269153389975,en,ncis
haemorrhage,0.0003269153389975,en,ncis
interpersonal,0.0003269153389975,en,ncis
stimulating,0.0003269153389975,en,ncis
seuss,0.0003269153389975,en,ncis
girdle,0.0003269153389975,en,ncis
babbling,0.0003269153389975,en,ncis
tailpipe,0.0003269153389975,en,ncis
infatuation,0.0003269153389975,en,ncis
mailroom,0.0003269153389975,en,ncis
moine,0.0003269153389975,en,ncis
womanizer,0.0003269153389975,en,ncis
lagoon,0.0003269153389975,en,ncis
housegu,0.0003269153389975,en,ncis
cardiovascular,0.0003269153389975,en,ncis
springsteen,0.0003269153389975,en,ncis
danke,0.0003269153389975,en,ncis
ibuprofen,0.0003269153389975,en,ncis
vapor,0.0003269153389975,en,ncis
phi,0.0003269153389975,en,ncis
excise,0.0003269153389975,en,ncis
facet,0.0003269153389975,en,ncis
judicial,0.0003269153389975,en,ncis
macro,0.0003269153389975,en,ncis
letterman,0.0003269153389975,en,ncis
mount,0.0003253002646253,en,ncis
eyed,0.0003253002646253,en,ncis
attic,0.0003252888344785,en,ncis
unplug,0.0003252888344785,en,ncis
manly,0.0003252888344785,en,ncis
cuban,0.0003252888344785,en,ncis
empathy,0.0003252888344785,en,ncis
kinky,0.0003252888344785,en,ncis
hearted,0.0003252888344785,en,ncis
dimension,0.0003252888344785,en,ncis
biblical,0.0003252888344785,en,ncis
cocoa,0.0003252888344785,en,ncis
untraceable,0.0003252888344785,en,ncis
electrocute,0.0003252888344785,en,ncis
nauseous,0.0003252888344785,en,ncis
incorporate,0.0003252888344785,en,ncis
preoccupy,0.0003252888344785,en,ncis
haze,0.0003252888344785,en,ncis
abnormal,0.0003252888344785,en,ncis
matrix,0.0003252888344785,en,ncis
empower,0.0003252888344785,en,ncis
offspring,0.0003252888344785,en,ncis
childish,0.0003252888344785,en,ncis
expense,0.0003245031906233,en,ncis
bum,0.0003223319912559,en,ncis
scheme,0.0003223319912559,en,ncis
terror,0.0003223319912559,en,ncis
worthless,0.0003223319912559,en,ncis
addiction,0.0003223319912559,en,ncis
disagree,0.0003218246251458,en,ncis
wreckage,0.0003214844264429,en,ncis
bin,0.0003214844264429,en,ncis
orbit,0.0003214844264429,en,ncis
acute,0.0003214844264429,en,ncis
ledge,0.0003214844264429,en,ncis
merci,0.0003214844264429,en,ncis
sparkle,0.0003214844264429,en,ncis
flinch,0.0003214844264429,en,ncis
cavalry,0.0003214844264429,en,ncis
revolve,0.0003214844264429,en,ncis
pun,0.0003214844264429,en,ncis
hedge,0.0003214844264429,en,ncis
abide,0.0003214844264429,en,ncis
greatly,0.0003214844264429,en,ncis
removal,0.0003214844264429,en,ncis
grove,0.0003214844264429,en,ncis
espresso,0.0003214844264429,en,ncis
teeny,0.0003214844264429,en,ncis
mormon,0.0003194913954781,en,ncis
serbian,0.0003194913954781,en,ncis
bloat,0.0003194913954781,en,ncis
reg,0.0003194913954781,en,ncis
electronically,0.0003194913954781,en,ncis
entrapment,0.0003194913954781,en,ncis
handling,0.0003194913954781,en,ncis
reportedly,0.0003194913954781,en,ncis
unintentional,0.0003194913954781,en,ncis
expunge,0.0003194913954781,en,ncis
pseudonym,0.0003194913954781,en,ncis
seedy,0.0003194913954781,en,ncis
cascade,0.0003194913954781,en,ncis
stormy,0.0003194913954781,en,ncis
acceleration,0.0003194913954781,en,ncis
exceedingly,0.0003194913954781,en,ncis
extradite,0.0003194913954781,en,ncis
tyre,0.0003194913954781,en,ncis
ramone,0.0003194913954781,en,ncis
daredevil,0.0003194913954781,en,ncis
retention,0.0003194913954781,en,ncis
covenant,0.0003194913954781,en,ncis
guitarist,0.0003194913954781,en,ncis
overwrite,0.0003194913954781,en,ncis
objectify,0.0003194913954781,en,ncis
mishandle,0.0003194913954781,en,ncis
blacken,0.0003194913954781,en,ncis
decompression,0.0003194913954781,en,ncis
toothless,0.0003194913954781,en,ncis
ligament,0.0003194913954781,en,ncis
davenport,0.0003194913954781,en,ncis
jeopardise,0.0003194913954781,en,ncis
polka,0.0003194913954781,en,ncis
pretext,0.0003194913954781,en,ncis
brock,0.0003194913954781,en,ncis
corrupted,0.0003194913954781,en,ncis
lyle,0.0003194913954781,en,ncis
pelvic,0.0003194913954781,en,ncis
reprisal,0.0003194913954781,en,ncis
sweatshop,0.0003194913954781,en,ncis
vaccinate,0.0003194913954781,en,ncis
ferrari,0.0003194913954781,en,ncis
annex,0.0003194913954781,en,ncis
hawaii,0.0003194913954781,en,ncis
solidarity,0.0003194913954781,en,ncis
escalade,0.0003194913954781,en,ncis
bungalow,0.0003194913954781,en,ncis
extricate,0.0003194913954781,en,ncis
visceral,0.0003194913954781,en,ncis
blemish,0.0003194913954781,en,ncis
aromatherapy,0.0003194913954781,en,ncis
dominic,0.0003194913954781,en,ncis
supersede,0.0003194913954781,en,ncis
punitive,0.0003194913954781,en,ncis
horrid,0.0003194913954781,en,ncis
crimson,0.0003194913954781,en,ncis
invigorate,0.0003194913954781,en,ncis
tease,0.000319407051895,en,ncis
irish,0.000319407051895,en,ncis
whine,0.000319407051895,en,ncis
empire,0.000319407051895,en,ncis
cope,0.000319407051895,en,ncis
decline,0.000319407051895,en,ncis
pony,0.000319407051895,en,ncis
demonstrate,0.000319407051895,en,ncis
mercy,0.0003191744048085,en,ncis
accomplish,0.0003191744048085,en,ncis
crossing,0.0003177739640751,en,ncis
weaken,0.0003177739640751,en,ncis
cram,0.0003177739640751,en,ncis
flawless,0.0003177739640751,en,ncis
sneaker,0.0003177739640751,en,ncis
blossom,0.0003177739640751,en,ncis
superficial,0.0003177739640751,en,ncis
bouncer,0.0003177739640751,en,ncis
manipulative,0.0003177739640751,en,ncis
smother,0.0003177739640751,en,ncis
sunday,0.0003177739640751,en,ncis
clearing,0.0003177739640751,en,ncis
hinge,0.0003177739640751,en,ncis
michelle,0.0003177739640751,en,ncis
excess,0.0003177739640751,en,ncis
unharmed,0.0003177739640751,en,ncis
bedside,0.0003177739640751,en,ncis
ashamed,0.0003165519359792,en,ncis
immune,0.0003165241994554,en,ncis
sacred,0.0003165241994554,en,ncis
pregnancy,0.0003165241994554,en,ncis
worship,0.0003165241994554,en,ncis
prom,0.0003165241994554,en,ncis
rebuild,0.0003165241994554,en,ncis
hooker,0.0003165241994554,en,ncis
decrease,0.0003141529191994,en,ncis
randomly,0.0003141529191994,en,ncis
attendance,0.0003141529191994,en,ncis
default,0.0003141529191994,en,ncis
resemble,0.0003141529191994,en,ncis
calculation,0.0003141529191994,en,ncis
photography,0.0003141529191994,en,ncis
terrifying,0.0003141529191994,en,ncis
precinct,0.0003141529191994,en,ncis
mislead,0.0003141529191994,en,ncis
sharpen,0.0003141529191994,en,ncis
buying,0.0003141529191994,en,ncis
solitary,0.0003141529191994,en,ncis
flexible,0.0003141529191994,en,ncis
orientation,0.0003141529191994,en,ncis
swan,0.0003141529191994,en,ncis
catalogue,0.0003141529191994,en,ncis
moon,0.0003139566434817,en,ncis
reminder,0.0003136822399209,en,ncis
stunt,0.0003136822399209,en,ncis
necklace,0.0003136822399209,en,ncis
devastate,0.0003136822399209,en,ncis
income,0.0003136822399209,en,ncis
arrogant,0.0003136822399209,en,ncis
terrified,0.0003136822399209,en,ncis
davey,0.0003125798694132,en,ncis
rendering,0.0003125798694132,en,ncis
teardrop,0.0003125798694132,en,ncis
heidi,0.0003125798694132,en,ncis
reputable,0.0003125798694132,en,ncis
marksman,0.0003125798694132,en,ncis
bringer,0.0003125798694132,en,ncis
sawdust,0.0003125798694132,en,ncis
phoebe,0.0003125798694132,en,ncis
slayer,0.0003125798694132,en,ncis
shiatsu,0.0003125798694132,en,ncis
patiently,0.0003125798694132,en,ncis
atms,0.0003125798694132,en,ncis
vite,0.0003125798694132,en,ncis
converge,0.0003125798694132,en,ncis
indicative,0.0003125798694132,en,ncis
whacked,0.0003125798694132,en,ncis
impart,0.0003125798694132,en,ncis
malone,0.0003125798694132,en,ncis
outrank,0.0003125798694132,en,ncis
ammonium,0.0003125798694132,en,ncis
scuttle,0.0003125798694132,en,ncis
rascal,0.0003125798694132,en,ncis
aerospace,0.0003125798694132,en,ncis
neal,0.0003125798694132,en,ncis
secretion,0.0003125798694132,en,ncis
avail,0.0003125798694132,en,ncis
terminology,0.0003125798694132,en,ncis
begging,0.0003125798694132,en,ncis
compartmentalize,0.0003125798694132,en,ncis
vehicular,0.0003125798694132,en,ncis
anthropologist,0.0003125798694132,en,ncis
unreachable,0.0003125798694132,en,ncis
reggie,0.0003125798694132,en,ncis
confederate,0.0003125798694132,en,ncis
decommission,0.0003125798694132,en,ncis
cornea,0.0003125798694132,en,ncis
telly,0.0003125798694132,en,ncis
icicle,0.0003125798694132,en,ncis
sizable,0.0003125798694132,en,ncis
amiss,0.0003125798694132,en,ncis
caper,0.0003125798694132,en,ncis
inadmissible,0.0003125798694132,en,ncis
worn,0.0003125798694132,en,ncis
forcibly,0.0003125798694132,en,ncis
collectible,0.0003125798694132,en,ncis
jared,0.0003125798694132,en,ncis
punctuality,0.0003125798694132,en,ncis
poltergeist,0.0003125798694132,en,ncis
amputation,0.0003125798694132,en,ncis
goal,0.0003113879698378,en,ncis
darling,0.0003113879698378,en,ncis
homework,0.0003113879698378,en,ncis
extraordinary,0.0003108800293772,en,ncis
retainer,0.000310617083337,en,ncis
maze,0.000310617083337,en,ncis
pasta,0.000310617083337,en,ncis
monthly,0.000310617083337,en,ncis
daytime,0.000310617083337,en,ncis
ignorant,0.000310617083337,en,ncis
harness,0.000310617083337,en,ncis
max,0.000310617083337,en,ncis
neglect,0.0003081164712477,en,ncis
bent,0.0003081164712477,en,ncis
bracelet,0.0003081164712477,en,ncis
parade,0.0003081164712477,en,ncis
ounce,0.0003081164712477,en,ncis
specie,0.0003081164712477,en,ncis
overload,0.000307162538302,en,ncis
brochure,0.000307162538302,en,ncis
worldwide,0.000307162538302,en,ncis
extortion,0.000307162538302,en,ncis
goon,0.000307162538302,en,ncis
disclosure,0.000307162538302,en,ncis
liberate,0.000307162538302,en,ncis
retribution,0.000307162538302,en,ncis
masterpiece,0.000307162538302,en,ncis
maneuver,0.000307162538302,en,ncis
outbreak,0.000307162538302,en,ncis
babysitte,0.000307162538302,en,ncis
dolphin,0.000307162538302,en,ncis
socially,0.000307162538302,en,ncis
equivalent,0.000307162538302,en,ncis
rating,0.000307162538302,en,ncis
phenomenon,0.000307162538302,en,ncis
blaine,0.0003061145685579,en,ncis
charred,0.0003061145685579,en,ncis
drifter,0.0003061145685579,en,ncis
wack,0.0003061145685579,en,ncis
peacock,0.0003061145685579,en,ncis
overlay,0.0003061145685579,en,ncis
scarred,0.0003061145685579,en,ncis
junkyard,0.0003061145685579,en,ncis
facedown,0.0003061145685579,en,ncis
patriotism,0.0003061145685579,en,ncis
scrappy,0.0003061145685579,en,ncis
origami,0.0003061145685579,en,ncis
gymnastic,0.0003061145685579,en,ncis
suppression,0.0003061145685579,en,ncis
preclude,0.0003061145685579,en,ncis
incessant,0.0003061145685579,en,ncis
cannonball,0.0003061145685579,en,ncis
straitjacket,0.0003061145685579,en,ncis
ethically,0.0003061145685579,en,ncis
drawback,0.0003061145685579,en,ncis
toed,0.0003061145685579,en,ncis
swagger,0.0003061145685579,en,ncis
abductor,0.0003061145685579,en,ncis
pothole,0.0003061145685579,en,ncis
hairbrush,0.0003061145685579,en,ncis
pakistani,0.0003061145685579,en,ncis
elena,0.0003061145685579,en,ncis
gargle,0.0003061145685579,en,ncis
archaeologist,0.0003061145685579,en,ncis
retrofit,0.0003061145685579,en,ncis
plank,0.0003061145685579,en,ncis
airbag,0.0003061145685579,en,ncis
incur,0.0003061145685579,en,ncis
differential,0.0003061145685579,en,ncis
musketeer,0.0003061145685579,en,ncis
procedural,0.0003061145685579,en,ncis
smolder,0.0003061145685579,en,ncis
sedation,0.0003061145685579,en,ncis
interpreter,0.0003061145685579,en,ncis
tortoise,0.0003061145685579,en,ncis
solicitation,0.0003061145685579,en,ncis
grouchy,0.0003061145685579,en,ncis
platelet,0.0003061145685579,en,ncis
licensed,0.0003061145685579,en,ncis
ricardo,0.0003061145685579,en,ncis
hologram,0.0003061145685579,en,ncis
orchard,0.0003061145685579,en,ncis
cent,0.0003053905137165,en,ncis
cooking,0.0003053905137165,en,ncis
ironically,0.000303785630102,en,ncis
exceptional,0.000303785630102,en,ncis
unclear,0.000303785630102,en,ncis
significance,0.000303785630102,en,ncis
shepherd,0.000303785630102,en,ncis
opener,0.000303785630102,en,ncis
tame,0.000303785630102,en,ncis
graphic,0.000303785630102,en,ncis
considerable,0.000303785630102,en,ncis
mike,0.000303785630102,en,ncis
vaguely,0.000303785630102,en,ncis
troll,0.000303785630102,en,ncis
brick,0.0003027011473256,en,ncis
recipe,0.0003027011473256,en,ncis
filthy,0.0003027011473256,en,ncis
rattle,0.0003027011473256,en,ncis
twisted,0.0003027011473256,en,ncis
pinch,0.0003027011473256,en,ncis
abusive,0.0003004829457075,en,ncis
savage,0.0003004829457075,en,ncis
heating,0.0003004829457075,en,ncis
sneeze,0.0003004829457075,en,ncis
warming,0.0003004829457075,en,ncis
isolation,0.0003004829457075,en,ncis
wrestling,0.0003004829457075,en,ncis
journalist,0.0003004829457075,en,ncis
withstand,0.0003004829457075,en,ncis
regional,0.0003004829457075,en,ncis
advertise,0.0003004829457075,en,ncis
overwhelmed,0.0003004829457075,en,ncis
waist,0.0003004829457075,en,ncis
trainer,0.0003004829457075,en,ncis
nursery,0.0003004829457075,en,ncis
curtain,0.0003000474027301,en,ncis
entertain,0.0003000474027301,en,ncis
legitimate,0.0003000474027301,en,ncis
beep,0.0003000474027301,en,ncis
clockwise,0.0003000413519367,en,ncis
attire,0.0003000413519367,en,ncis
sweating,0.0003000413519367,en,ncis
distasteful,0.0003000413519367,en,ncis
hanukkah,0.0003000413519367,en,ncis
ogle,0.0003000413519367,en,ncis
malley,0.0003000413519367,en,ncis
snowman,0.0003000413519367,en,ncis
imperfection,0.0003000413519367,en,ncis
sustained,0.0003000413519367,en,ncis
retrograde,0.0003000413519367,en,ncis
nomad,0.0003000413519367,en,ncis
astonish,0.0003000413519367,en,ncis
nozzle,0.0003000413519367,en,ncis
oversized,0.0003000413519367,en,ncis
showcase,0.0003000413519367,en,ncis
equate,0.0003000413519367,en,ncis
desktop,0.0003000413519367,en,ncis
unscathed,0.0003000413519367,en,ncis
smarty,0.0003000413519367,en,ncis
debatable,0.0003000413519367,en,ncis
donnell,0.0003000413519367,en,ncis
ashore,0.0003000413519367,en,ncis
samaritan,0.0003000413519367,en,ncis
untrustworthy,0.0003000413519367,en,ncis
payphone,0.0003000413519367,en,ncis
contaminant,0.0003000413519367,en,ncis
frontier,0.0003000413519367,en,ncis
dia,0.0003000413519367,en,ncis
pooch,0.0003000413519367,en,ncis
query,0.0003000413519367,en,ncis
jiffy,0.0003000413519367,en,ncis
slush,0.0003000413519367,en,ncis
lode,0.0003000413519367,en,ncis
innocuous,0.0003000413519367,en,ncis
peeve,0.0003000413519367,en,ncis
blogger,0.0003000413519367,en,ncis
bouncy,0.0003000413519367,en,ncis
emanating,0.0003000413519367,en,ncis
masseuse,0.0003000413519367,en,ncis
tarmac,0.0003000413519367,en,ncis
gpa,0.0003000413519367,en,ncis
mayday,0.0003000413519367,en,ncis
radiant,0.0003000413519367,en,ncis
herald,0.0003000413519367,en,ncis
reconstructive,0.0003000413519367,en,ncis
buick,0.0003000413519367,en,ncis
penmanship,0.0003000413519367,en,ncis
mistrial,0.0003000413519367,en,ncis
skimp,0.0003000413519367,en,ncis
chainsaw,0.0003000413519367,en,ncis
hundredth,0.0003000413519367,en,ncis
rotting,0.0003000413519367,en,ncis
evident,0.0003000413519367,en,ncis
horoscope,0.0003000413519367,en,ncis
intelligent,0.0002974283486009,en,ncis
teenage,0.0002974283486009,en,ncis
honesty,0.0002974283486009,en,ncis
celebration,0.0002974283486009,en,ncis
dismiss,0.0002974283486009,en,ncis
soak,0.0002974283486009,en,ncis
toxic,0.0002974283486009,en,ncis
soy,0.0002972512923191,en,ncis
magician,0.0002972512923191,en,ncis
accelerate,0.0002972512923191,en,ncis
policeman,0.0002972512923191,en,ncis
questionable,0.0002972512923191,en,ncis
guinea,0.0002972512923191,en,ncis
jumpy,0.0002972512923191,en,ncis
rotation,0.0002972512923191,en,ncis
wrench,0.0002972512923191,en,ncis
poem,0.0002972512923191,en,ncis
dangle,0.0002972512923191,en,ncis
courthouse,0.0002972512923191,en,ncis
suspension,0.0002972512923191,en,ncis
lily,0.0002972512923191,en,ncis
jock,0.0002972512923191,en,ncis
accommodate,0.0002972512923191,en,ncis
sneaky,0.0002972512923191,en,ncis
educational,0.0002972512923191,en,ncis
acceptance,0.0002972512923191,en,ncis
intimacy,0.0002972512923191,en,ncis
tad,0.0002972512923191,en,ncis
sideline,0.0002972512923191,en,ncis
crook,0.0002972512923191,en,ncis
touching,0.0002972512923191,en,ncis
moron,0.0002948430896625,en,ncis
unhappy,0.0002948430896625,en,ncis
dip,0.0002948430896625,en,ncis
talking,0.0002948430896625,en,ncis
vice,0.0002948430896625,en,ncis
bonus,0.0002948430896625,en,ncis
regard,0.0002948430896625,en,ncis
crease,0.0002943153709974,en,ncis
format,0.0002943153709974,en,ncis
wakey,0.0002943153709974,en,ncis
feline,0.0002943153709974,en,ncis
unregistered,0.0002943153709974,en,ncis
inconspicuous,0.0002943153709974,en,ncis
diego,0.0002943153709974,en,ncis
foyer,0.0002943153709974,en,ncis
inbox,0.0002943153709974,en,ncis
treasury,0.0002943153709974,en,ncis
esquire,0.0002943153709974,en,ncis
opiate,0.0002943153709974,en,ncis
pathogen,0.0002943153709974,en,ncis
railing,0.0002943153709974,en,ncis
shipyard,0.0002943153709974,en,ncis
misconception,0.0002943153709974,en,ncis
grinch,0.0002943153709974,en,ncis
clooney,0.0002943153709974,en,ncis
falafel,0.0002943153709974,en,ncis
farmhouse,0.0002943153709974,en,ncis
minibar,0.0002943153709974,en,ncis
legislation,0.0002943153709974,en,ncis
monroe,0.0002943153709974,en,ncis
pimple,0.0002943153709974,en,ncis
indigestion,0.0002943153709974,en,ncis
astute,0.0002943153709974,en,ncis
backdoor,0.0002943153709974,en,ncis
becca,0.0002943153709974,en,ncis
douse,0.0002943153709974,en,ncis
futility,0.0002943153709974,en,ncis
choosing,0.0002943153709974,en,ncis
metropolitan,0.0002943153709974,en,ncis
qualifie,0.0002943153709974,en,ncis
guild,0.0002943153709974,en,ncis
shin,0.0002943153709974,en,ncis
luca,0.0002943153709974,en,ncis
attached,0.0002943153709974,en,ncis
raven,0.0002943153709974,en,ncis
contraption,0.0002943153709974,en,ncis
misfit,0.0002943153709974,en,ncis
smurf,0.0002943153709974,en,ncis
reciprocate,0.0002943153709974,en,ncis
pianist,0.0002943153709974,en,ncis
blockbuster,0.0002943153709974,en,ncis
rick,0.0002943153709974,en,ncis
geographic,0.0002943153709974,en,ncis
thereof,0.0002943153709974,en,ncis
gulf,0.0002943153709974,en,ncis
dwight,0.0002943153709974,en,ncis
bode,0.0002943153709974,en,ncis
davy,0.0002943153709974,en,ncis
quaint,0.0002943153709974,en,ncis
polaroid,0.0002943153709974,en,ncis
hoover,0.0002943153709974,en,ncis
shingle,0.0002943153709974,en,ncis
inexplicable,0.0002943153709974,en,ncis
misspell,0.0002943153709974,en,ncis
mucus,0.0002943153709974,en,ncis
frigid,0.0002943153709974,en,ncis
karl,0.0002943153709974,en,ncis
sheer,0.0002940876788191,en,ncis
related,0.0002940876788191,en,ncis
newborn,0.0002940876788191,en,ncis
welfare,0.0002940876788191,en,ncis
truthfully,0.0002940876788191,en,ncis
vial,0.0002940876788191,en,ncis
obey,0.0002940876788191,en,ncis
compass,0.0002940876788191,en,ncis
relieved,0.0002940876788191,en,ncis
remedy,0.0002940876788191,en,ncis
careless,0.0002940876788191,en,ncis
distinguish,0.0002940876788191,en,ncis
ribbon,0.0002940876788191,en,ncis
seed,0.0002922907648554,en,ncis
burger,0.0002922907648554,en,ncis
pleasant,0.0002922907648554,en,ncis
humiliate,0.0002922907648554,en,ncis
exhausted,0.0002922907648554,en,ncis
economic,0.0002909892991343,en,ncis
achievement,0.0002909892991343,en,ncis
axe,0.0002909892991343,en,ncis
harmony,0.0002909892991343,en,ncis
smug,0.0002909892991343,en,ncis
leash,0.0002909892991343,en,ncis
graveyard,0.0002909892991343,en,ncis
grandma,0.000289770545615,en,ncis
agenda,0.000289770545615,en,ncis
bare,0.000289770545615,en,ncis
gig,0.000289770545615,en,ncis
flee,0.000289770545615,en,ncis
electricity,0.000289770545615,en,ncis
diplomacy,0.0002888990576738,en,ncis
independently,0.0002888990576738,en,ncis
zoe,0.0002888990576738,en,ncis
launcher,0.0002888990576738,en,ncis
outsource,0.0002888990576738,en,ncis
louis,0.0002888990576738,en,ncis
hooter,0.0002888990576738,en,ncis
kendall,0.0002888990576738,en,ncis
throe,0.0002888990576738,en,ncis
knowledgeable,0.0002888990576738,en,ncis
notification,0.0002888990576738,en,ncis
squeamish,0.0002888990576738,en,ncis
klutz,0.0002888990576738,en,ncis
milo,0.0002888990576738,en,ncis
tripod,0.0002888990576738,en,ncis
marion,0.0002888990576738,en,ncis
stagger,0.0002888990576738,en,ncis
termite,0.0002888990576738,en,ncis
bile,0.0002888990576738,en,ncis
maverick,0.0002888990576738,en,ncis
bicep,0.0002888990576738,en,ncis
productivity,0.0002888990576738,en,ncis
sect,0.0002888990576738,en,ncis
scotland,0.0002888990576738,en,ncis
bueno,0.0002888990576738,en,ncis
shoddy,0.0002888990576738,en,ncis
ravine,0.0002888990576738,en,ncis
goldilock,0.0002888990576738,en,ncis
deacon,0.0002888990576738,en,ncis
arrhythmia,0.0002888990576738,en,ncis
bah,0.0002888990576738,en,ncis
rename,0.0002888990576738,en,ncis
naomi,0.0002888990576738,en,ncis
afar,0.0002888990576738,en,ncis
checklist,0.0002888990576738,en,ncis
soggy,0.0002888990576738,en,ncis
quarry,0.0002888990576738,en,ncis
silicon,0.0002888990576738,en,ncis
obit,0.0002888990576738,en,ncis
footwear,0.0002888990576738,en,ncis
rectify,0.0002888990576738,en,ncis
astronomy,0.0002888990576738,en,ncis
jester,0.0002888990576738,en,ncis
impede,0.0002888990576738,en,ncis
foreclose,0.0002888990576738,en,ncis
fierce,0.0002879535172804,en,ncis
verbal,0.0002879535172804,en,ncis
sally,0.0002879535172804,en,ncis
briefly,0.0002879535172804,en,ncis
righty,0.0002879535172804,en,ncis
trespass,0.0002879535172804,en,ncis
detour,0.0002879535172804,en,ncis
snag,0.0002879535172804,en,ncis
underneath,0.0002879535172804,en,ncis
delusion,0.0002879535172804,en,ncis
definite,0.0002879535172804,en,ncis
tramp,0.0002879535172804,en,ncis
steam,0.0002872816342561,en,ncis
voicemail,0.0002849778538873,en,ncis
sushi,0.0002849778538873,en,ncis
professionally,0.0002849778538873,en,ncis
horny,0.0002849778538873,en,ncis
unpack,0.0002849778538873,en,ncis
separation,0.0002849778538873,en,ncis
rejection,0.0002849778538873,en,ncis
biology,0.0002849778538873,en,ncis
cultural,0.0002849778538873,en,ncis
skate,0.0002849778538873,en,ncis
independence,0.0002849778538873,en,ncis
incompetent,0.0002849778538873,en,ncis
ant,0.0002849778538873,en,ncis
jackpot,0.0002849778538873,en,ncis
intervene,0.0002849778538873,en,ncis
countless,0.0002849778538873,en,ncis
variable,0.0002849778538873,en,ncis
happily,0.000284823262458,en,ncis
melt,0.000284823262458,en,ncis
pierce,0.000284823262458,en,ncis
brutal,0.000284823262458,en,ncis
dull,0.000284823262458,en,ncis
surely,0.000284823262458,en,ncis
coherent,0.0002837606291163,en,ncis
clint,0.0002837606291163,en,ncis
adversity,0.0002837606291163,en,ncis
astounding,0.0002837606291163,en,ncis
shellfish,0.0002837606291163,en,ncis
affiliation,0.0002837606291163,en,ncis
renounce,0.0002837606291163,en,ncis
hummer,0.0002837606291163,en,ncis
scuff,0.0002837606291163,en,ncis
navigator,0.0002837606291163,en,ncis
impostor,0.0002837606291163,en,ncis
compliance,0.0002837606291163,en,ncis
beneficiary,0.0002837606291163,en,ncis
dubai,0.0002837606291163,en,ncis
wrangle,0.0002837606291163,en,ncis
haste,0.0002837606291163,en,ncis
mozart,0.0002837606291163,en,ncis
shudder,0.0002837606291163,en,ncis
uphill,0.0002837606291163,en,ncis
receptor,0.0002837606291163,en,ncis
alleviate,0.0002837606291163,en,ncis
scab,0.0002837606291163,en,ncis
embalm,0.0002837606291163,en,ncis
dane,0.0002837606291163,en,ncis
anthropology,0.0002837606291163,en,ncis
geeky,0.0002837606291163,en,ncis
transvestite,0.0002837606291163,en,ncis
unnamed,0.0002837606291163,en,ncis
retrospect,0.0002837606291163,en,ncis
roasted,0.0002837606291163,en,ncis
paranormal,0.0002837606291163,en,ncis
unsavory,0.0002837606291163,en,ncis
deb,0.0002837606291163,en,ncis
manhole,0.0002837606291163,en,ncis
mitten,0.0002837606291163,en,ncis
bombard,0.0002837606291163,en,ncis
insulate,0.0002837606291163,en,ncis
crawford,0.0002837606291163,en,ncis
machete,0.0002837606291163,en,ncis
bot,0.0002837606291163,en,ncis
extradition,0.0002837606291163,en,ncis
silicone,0.0002837606291163,en,ncis
canoe,0.0002837606291163,en,ncis
birthmark,0.0002837606291163,en,ncis
lookie,0.0002837606291163,en,ncis
mime,0.0002837606291163,en,ncis
hemingway,0.0002837606291163,en,ncis
sum,0.0002823946898401,en,ncis
strict,0.0002823946898401,en,ncis
burden,0.0002823946898401,en,ncis
spoil,0.0002823946898401,en,ncis
belly,0.0002823946898401,en,ncis
lurk,0.0002820599740331,en,ncis
frustration,0.0002820599740331,en,ncis
newly,0.0002820599740331,en,ncis
cleanse,0.0002820599740331,en,ncis
motivation,0.0002820599740331,en,ncis
louder,0.0002820599740331,en,ncis
grandchild,0.0002820599740331,en,ncis
freeway,0.0002820599740331,en,ncis
bummer,0.0002820599740331,en,ncis
brat,0.0002820599740331,en,ncis
snore,0.0002820599740331,en,ncis
yay,0.0002820599740331,en,ncis
predictable,0.0002820599740331,en,ncis
robe,0.0002820599740331,en,ncis
vibrate,0.0002820599740331,en,ncis
margin,0.0002820599740331,en,ncis
tournament,0.0002820599740331,en,ncis
stir,0.0002799952026237,en,ncis
alternative,0.0002799952026237,en,ncis
haunt,0.0002799952026237,en,ncis
kidding,0.0002799952026237,en,ncis
automatically,0.0002791976762364,en,ncis
stimulate,0.0002791976762364,en,ncis
captive,0.0002791976762364,en,ncis
marble,0.0002791976762364,en,ncis
untie,0.0002791976762364,en,ncis
locked,0.0002791976762364,en,ncis
feeding,0.0002791976762364,en,ncis
wardrobe,0.0002791976762364,en,ncis
vegetarian,0.0002791976762364,en,ncis
renee,0.0002788729576207,en,ncis
exploration,0.0002788729576207,en,ncis
tsunami,0.0002788729576207,en,ncis
module,0.0002788729576207,en,ncis
reevaluate,0.0002788729576207,en,ncis
almond,0.0002788729576207,en,ncis
behead,0.0002788729576207,en,ncis
evaporate,0.0002788729576207,en,ncis
kiddy,0.0002788729576207,en,ncis
licorice,0.0002788729576207,en,ncis
onboard,0.0002788729576207,en,ncis
gardening,0.0002788729576207,en,ncis
automate,0.0002788729576207,en,ncis
biography,0.0002788729576207,en,ncis
byproduct,0.0002788729576207,en,ncis
hampton,0.0002788729576207,en,ncis
yore,0.0002788729576207,en,ncis
masquerade,0.0002788729576207,en,ncis
lisa,0.0002788729576207,en,ncis
mentality,0.0002788729576207,en,ncis
inoperable,0.0002788729576207,en,ncis
epi,0.0002788729576207,en,ncis
uncalled,0.0002788729576207,en,ncis
cinema,0.0002788729576207,en,ncis
keepsake,0.0002788729576207,en,ncis
reenact,0.0002788729576207,en,ncis
imaginable,0.0002788729576207,en,ncis
malignant,0.0002788729576207,en,ncis
bankroll,0.0002788729576207,en,ncis
tribunal,0.0002788729576207,en,ncis
bombshell,0.0002788729576207,en,ncis
shredder,0.0002788729576207,en,ncis
freudian,0.0002788729576207,en,ncis
replenish,0.0002788729576207,en,ncis
duel,0.0002788729576207,en,ncis
vicodin,0.0002788729576207,en,ncis
catalyst,0.0002788729576207,en,ncis
goofy,0.0002788729576207,en,ncis
mesh,0.0002788729576207,en,ncis
ark,0.0002788729576207,en,ncis
mangy,0.0002788729576207,en,ncis
precious,0.0002776241123726,en,ncis
rotate,0.0002763888824783,en,ncis
onion,0.0002763888824783,en,ncis
underwater,0.0002763888824783,en,ncis
crunch,0.0002763888824783,en,ncis
dinosaur,0.0002763888824783,en,ncis
confide,0.0002763888824783,en,ncis
shipping,0.0002763888824783,en,ncis
casino,0.0002763888824783,en,ncis
baggage,0.0002763888824783,en,ncis
pearl,0.0002763888824783,en,ncis
bro,0.0002752807548071,en,ncis
stole,0.0002752807548071,en,ncis
emission,0.0002742127036891,en,ncis
libido,0.0002742127036891,en,ncis
absolution,0.0002742127036891,en,ncis
lavender,0.0002742127036891,en,ncis
aftershave,0.0002742127036891,en,ncis
yarn,0.0002742127036891,en,ncis
adept,0.0002742127036891,en,ncis
carefree,0.0002742127036891,en,ncis
gash,0.0002742127036891,en,ncis
eyelid,0.0002742127036891,en,ncis
throb,0.0002742127036891,en,ncis
cutback,0.0002742127036891,en,ncis
artillery,0.0002742127036891,en,ncis
oblivious,0.0002742127036891,en,ncis
hoodie,0.0002742127036891,en,ncis
formulate,0.0002742127036891,en,ncis
uncuff,0.0002742127036891,en,ncis
slump,0.0002742127036891,en,ncis
locksmith,0.0002742127036891,en,ncis
genome,0.0002742127036891,en,ncis
modesty,0.0002742127036891,en,ncis
retina,0.0002742127036891,en,ncis
digestive,0.0002742127036891,en,ncis
enigma,0.0002742127036891,en,ncis
mistakenly,0.0002742127036891,en,ncis
zit,0.0002742127036891,en,ncis
pleasantry,0.0002742127036891,en,ncis
nameless,0.0002742127036891,en,ncis
noir,0.0002742127036891,en,ncis
consistently,0.0002742127036891,en,ncis
correlation,0.0002742127036891,en,ncis
flak,0.0002742127036891,en,ncis
polymer,0.0002742127036891,en,ncis
vindictive,0.0002742127036891,en,ncis
urinal,0.0002742127036891,en,ncis
texture,0.0002742127036891,en,ncis
veal,0.0002742127036891,en,ncis
sailboat,0.0002742127036891,en,ncis
pluck,0.0002736316291395,en,ncis
wooden,0.0002736316291395,en,ncis
author,0.0002736316291395,en,ncis
tin,0.0002736316291395,en,ncis
empty,0.0002736316291395,en,ncis
leadership,0.0002736316291395,en,ncis
compensate,0.0002736316291395,en,ncis
henry,0.0002736316291395,en,ncis
safely,0.0002729644886876,en,ncis
forbid,0.0002729644886876,en,ncis
fella,0.0002729644886876,en,ncis
equip,0.000270924058754,en,ncis
overtime,0.000270924058754,en,ncis
leftover,0.000270924058754,en,ncis
fortunate,0.000270924058754,en,ncis
spice,0.000270924058754,en,ncis
sausage,0.000270924058754,en,ncis
european,0.000270924058754,en,ncis
sociopath,0.000270924058754,en,ncis
thrilled,0.000270924058754,en,ncis
lone,0.000270924058754,en,ncis
wealth,0.000270924058754,en,ncis
champ,0.000270924058754,en,ncis
superhero,0.000270924058754,en,ncis
spicy,0.000270924058754,en,ncis
tickle,0.000270924058754,en,ncis
passion,0.0002706746947605,en,ncis
defective,0.0002697596419594,en,ncis
reproduction,0.0002697596419594,en,ncis
skyrocket,0.0002697596419594,en,ncis
penetration,0.0002697596419594,en,ncis
twinkle,0.0002697596419594,en,ncis
astonishing,0.0002697596419594,en,ncis
morse,0.0002697596419594,en,ncis
mailing,0.0002697596419594,en,ncis
discreetly,0.0002697596419594,en,ncis
wheeler,0.0002697596419594,en,ncis
cha,0.0002697596419594,en,ncis
semantic,0.0002697596419594,en,ncis
biologist,0.0002697596419594,en,ncis
dracula,0.0002697596419594,en,ncis
cheryl,0.0002697596419594,en,ncis
nifty,0.0002697596419594,en,ncis
infidelity,0.0002697596419594,en,ncis
cactus,0.0002697596419594,en,ncis
ledger,0.0002697596419594,en,ncis
spruce,0.0002697596419594,en,ncis
assimilate,0.0002697596419594,en,ncis
python,0.0002697596419594,en,ncis
silverware,0.0002697596419594,en,ncis
smirk,0.0002697596419594,en,ncis
auxiliary,0.0002697596419594,en,ncis
invasive,0.0002697596419594,en,ncis
ante,0.0002697596419594,en,ncis
dermatologist,0.0002697596419594,en,ncis
roadkill,0.0002697596419594,en,ncis
biter,0.0002697596419594,en,ncis
dating,0.0002697596419594,en,ncis
commandeer,0.0002697596419594,en,ncis
troublemaker,0.0002697596419594,en,ncis
constant,0.0002684107747648,en,ncis
acquaintance,0.0002682644124929,en,ncis
merit,0.0002682644124929,en,ncis
realistic,0.0002682644124929,en,ncis
grandson,0.0002682644124929,en,ncis
aged,0.0002682644124929,en,ncis
equally,0.0002682644124929,en,ncis
jelly,0.0002682644124929,en,ncis
obstacle,0.0002682644124929,en,ncis
spite,0.0002656510233019,en,ncis
hotter,0.0002656510233019,en,ncis
poetry,0.0002656510233019,en,ncis
verse,0.0002656510233019,en,ncis
excite,0.0002656510233019,en,ncis
martin,0.0002656510233019,en,ncis
oop,0.0002656510233019,en,ncis
memorize,0.0002656510233019,en,ncis
maiden,0.0002656510233019,en,ncis
flare,0.0002656510233019,en,ncis
temp,0.0002656510233019,en,ncis
quart,0.0002654961307005,en,ncis
illicit,0.0002654961307005,en,ncis
lam,0.0002654961307005,en,ncis
wrapping,0.0002654961307005,en,ncis
innuendo,0.0002654961307005,en,ncis
duo,0.0002654961307005,en,ncis
dipping,0.0002654961307005,en,ncis
screwing,0.0002654961307005,en,ncis
lever,0.0002654961307005,en,ncis
proxy,0.0002654961307005,en,ncis
cayman,0.0002654961307005,en,ncis
complexity,0.0002654961307005,en,ncis
ergo,0.0002654961307005,en,ncis
chardonnay,0.0002654961307005,en,ncis
underlie,0.0002654961307005,en,ncis
molecule,0.0002654961307005,en,ncis
unconventional,0.0002654961307005,en,ncis
casually,0.0002654961307005,en,ncis
midday,0.0002654961307005,en,ncis
pricey,0.0002654961307005,en,ncis
hamster,0.0002654961307005,en,ncis
witchcraft,0.0002654961307005,en,ncis
mutilation,0.0002654961307005,en,ncis
insidious,0.0002654961307005,en,ncis
hamper,0.0002654961307005,en,ncis
jug,0.0002654961307005,en,ncis
lester,0.0002654961307005,en,ncis
tina,0.0002654961307005,en,ncis
assert,0.0002654961307005,en,ncis
negligent,0.0002654961307005,en,ncis
figurine,0.0002654961307005,en,ncis
gooey,0.0002654961307005,en,ncis
scarecrow,0.0002654961307005,en,ncis
malpractice,0.0002654961307005,en,ncis
deniability,0.0002654961307005,en,ncis
partie,0.0002654961307005,en,ncis
drilling,0.0002654961307005,en,ncis
arthritis,0.0002654961307005,en,ncis
captor,0.0002654961307005,en,ncis
respective,0.0002654961307005,en,ncis
cruiser,0.0002654961307005,en,ncis
united,0.0002654961307005,en,ncis
militia,0.0002654961307005,en,ncis
indict,0.0002654961307005,en,ncis
encode,0.0002654961307005,en,ncis
pebble,0.0002654961307005,en,ncis
venice,0.0002654961307005,en,ncis
delicacy,0.0002654961307005,en,ncis
doctorate,0.0002654961307005,en,ncis
shelter,0.000263958262909,en,ncis
pity,0.000263958262909,en,ncis
mainly,0.0002630823096251,en,ncis
diary,0.0002630823096251,en,ncis
condemn,0.0002630823096251,en,ncis
running,0.0002630823096251,en,ncis
sleeping,0.0002630823096251,en,ncis
rice,0.0002630823096251,en,ncis
vitamin,0.0002630823096251,en,ncis
transition,0.0002630823096251,en,ncis
caution,0.0002630823096251,en,ncis
grey,0.0002630823096251,en,ncis
counseling,0.0002630823096251,en,ncis
dish,0.0002617685713011,en,ncis
strut,0.0002614066896746,en,ncis
seasoned,0.0002614066896746,en,ncis
bacterial,0.0002614066896746,en,ncis
ingenious,0.0002614066896746,en,ncis
maxe,0.0002614066896746,en,ncis
rewarding,0.0002614066896746,en,ncis
danish,0.0002614066896746,en,ncis
techno,0.0002614066896746,en,ncis
spinach,0.0002614066896746,en,ncis
apiece,0.0002614066896746,en,ncis
linear,0.0002614066896746,en,ncis
cornered,0.0002614066896746,en,ncis
illuminate,0.0002614066896746,en,ncis
attest,0.0002614066896746,en,ncis
carjack,0.0002614066896746,en,ncis
latitude,0.0002614066896746,en,ncis
privy,0.0002614066896746,en,ncis
comedian,0.0002614066896746,en,ncis
jerky,0.0002614066896746,en,ncis
benny,0.0002614066896746,en,ncis
pedophile,0.0002614066896746,en,ncis
kilo,0.0002614066896746,en,ncis
translator,0.0002614066896746,en,ncis
homey,0.0002614066896746,en,ncis
fruity,0.0002614066896746,en,ncis
skanky,0.0002614066896746,en,ncis
awakening,0.0002614066896746,en,ncis
buenos,0.0002614066896746,en,ncis
wholesome,0.0002614066896746,en,ncis
padre,0.0002614066896746,en,ncis
csi,0.0002614066896746,en,ncis
maria,0.0002614066896746,en,ncis
enforcer,0.0002614066896746,en,ncis
stow,0.0002614066896746,en,ncis
sadistic,0.0002614066896746,en,ncis
doghouse,0.0002614066896746,en,ncis
radial,0.0002614066896746,en,ncis
paradox,0.0002614066896746,en,ncis
frisbee,0.0002614066896746,en,ncis
mystic,0.0002614066896746,en,ncis
overrule,0.0002614066896746,en,ncis
arc,0.0002614066896746,en,ncis
tri,0.0002614066896746,en,ncis
thrash,0.0002614066896746,en,ncis
humidity,0.0002614066896746,en,ncis
dumber,0.0002614066896746,en,ncis
statistical,0.0002614066896746,en,ncis
ply,0.0002614066896746,en,ncis
sicken,0.0002614066896746,en,ncis
ransack,0.0002614066896746,en,ncis
undoubtedly,0.0002614066896746,en,ncis
connected,0.0002605567696566,en,ncis
mixed,0.0002605567696566,en,ncis
revolution,0.0002605567696566,en,ncis
flashlight,0.0002605567696566,en,ncis
bidding,0.0002605567696566,en,ncis
leaf,0.0002605567696566,en,ncis
discretion,0.0002605567696566,en,ncis
premise,0.0002605567696566,en,ncis
intense,0.0002596025524986,en,ncis
whore,0.0002596025524986,en,ncis
disrupt,0.0002580729760673,en,ncis
furious,0.0002580729760673,en,ncis
ambition,0.0002580729760673,en,ncis
jackass,0.0002580729760673,en,ncis
frighten,0.0002580729760673,en,ncis
stripper,0.0002580729760673,en,ncis
delightful,0.0002580729760673,en,ncis
gal,0.0002580729760673,en,ncis
ambitious,0.0002580729760673,en,ncis
commuter,0.0002574776608431,en,ncis
outdo,0.0002574776608431,en,ncis
miraculously,0.0002574776608431,en,ncis
hobo,0.0002574776608431,en,ncis
stimulus,0.0002574776608431,en,ncis
seeker,0.0002574776608431,en,ncis
relocation,0.0002574776608431,en,ncis
degradation,0.0002574776608431,en,ncis
bonfire,0.0002574776608431,en,ncis
outright,0.0002574776608431,en,ncis
rambo,0.0002574776608431,en,ncis
eric,0.0002574776608431,en,ncis
siphon,0.0002574776608431,en,ncis
glaze,0.0002574776608431,en,ncis
grapefruit,0.0002574776608431,en,ncis
cellmate,0.0002574776608431,en,ncis
tuxedo,0.0002574776608431,en,ncis
analogy,0.0002574776608431,en,ncis
structural,0.0002574776608431,en,ncis
toby,0.0002574776608431,en,ncis
coincidental,0.0002574776608431,en,ncis
snip,0.0002574776608431,en,ncis
sprint,0.0002574776608431,en,ncis
urn,0.0002574776608431,en,ncis
hulk,0.0002574776608431,en,ncis
acquit,0.0002574776608431,en,ncis
mover,0.0002574776608431,en,ncis
predecessor,0.0002574776608431,en,ncis
niner,0.0002574776608431,en,ncis
knucklehead,0.0002574776608431,en,ncis
salman,0.0002572138015106,en,ncis
intox,0.0002572138015106,en,ncis
perabo,0.0002572138015106,en,ncis
teamncis,0.0002572138015106,en,ncis
surp,0.0002572138015106,en,ncis
lustig,0.0002572138015106,en,ncis
domotic,0.0002572138015106,en,ncis
periodontal,0.0002572138015106,en,ncis
calip,0.0002572138015106,en,ncis
cooperatively,0.0002572138015106,en,ncis
capitain,0.0002572138015106,en,ncis
underdone,0.0002572138015106,en,ncis
yersinia,0.0002572138015106,en,ncis
eurofreight,0.0002572138015106,en,ncis
rejuvinator,0.0002572138015106,en,ncis
nerlman,0.0002572138015106,en,ncis
acrophobia,0.0002572138015106,en,ncis
protactinium,0.0002572138015106,en,ncis
lysozyme,0.0002572138015106,en,ncis
uncovered,0.0002572138015106,en,ncis
belvoir,0.0002572138015106,en,ncis
californium,0.0002572138015106,en,ncis
fermium,0.0002572138015106,en,ncis
berkelium,0.0002572138015106,en,ncis
rhodium,0.0002572138015106,en,ncis
stego,0.0002572138015106,en,ncis
pilates,0.0002572138015106,en,ncis
tattooing,0.0002572138015106,en,ncis
betro,0.0002572138015106,en,ncis
mauretania,0.0002572138015106,en,ncis
jardine,0.0002572138015106,en,ncis
jimster,0.0002572138015106,en,ncis
beheaded,0.0002572138015106,en,ncis
mukhabarat,0.0002572138015106,en,ncis
najida,0.0002572138015106,en,ncis
ainmatterbray,0.0002572138015106,en,ncis
fluorometer,0.0002572138015106,en,ncis
mcbarf,0.0002572138015106,en,ncis
thatched,0.0002572138015106,en,ncis
atopic,0.0002572138015106,en,ncis
pecu,0.0002572138015106,en,ncis
ashwin,0.0002572138015106,en,ncis
romji,0.0002572138015106,en,ncis
needling,0.0002572138015106,en,ncis
probalicious,0.0002572138015106,en,ncis
fishable,0.0002572138015106,en,ncis
bss,0.0002572138015106,en,ncis
vicelike,0.0002572138015106,en,ncis
vasodilation,0.0002572138015106,en,ncis
mctom,0.0002572138015106,en,ncis
mcgeeko,0.0002572138015106,en,ncis
tife,0.0002572138015106,en,ncis
atif,0.0002572138015106,en,ncis
devito,0.0002572138015106,en,ncis
kirundi,0.0002572138015106,en,ncis
melanosome,0.0002572138015106,en,ncis
bangy,0.0002572138015106,en,ncis
crashy,0.0002572138015106,en,ncis
almost,0.0002572138015106,en,ncis
hipaa,0.0002572138015106,en,ncis
cryptanalyst,0.0002572138015106,en,ncis
finge,0.0002572138015106,en,ncis
mcnerd,0.0002572138015106,en,ncis
winstrol,0.0002572138015106,en,ncis
stahf,0.0002572138015106,en,ncis
intradermal,0.0002572138015106,en,ncis
tracing,0.0002572138015106,en,ncis
burundian,0.0002572138015106,en,ncis
dajee,0.0002572138015106,en,ncis
mcloverboy,0.0002572138015106,en,ncis
survivalism,0.0002572138015106,en,ncis
topographic,0.0002572138015106,en,ncis
frontiersman,0.0002572138015106,en,ncis
globalstar,0.0002572138015106,en,ncis
capaciter,0.0002572138015106,en,ncis
mctardy,0.0002572138015106,en,ncis
smight,0.0002572138015106,en,ncis
preserved,0.0002572138015106,en,ncis
akbur,0.0002572138015106,en,ncis
radicalize,0.0002572138015106,en,ncis
mcfreaky,0.0002572138015106,en,ncis
hdq,0.0002572138015106,en,ncis
ziver,0.0002572138015106,en,ncis
rentee,0.0002572138015106,en,ncis
multimission,0.0002572138015106,en,ncis
sparr,0.0002572138015106,en,ncis
mcprobious,0.0002572138015106,en,ncis
sabertooth,0.0002572138015106,en,ncis
uricosuric,0.0002572138015106,en,ncis
retrofitter,0.0002572138015106,en,ncis
suskavich,0.0002572138015106,en,ncis
saca,0.0002572138015106,en,ncis
suskavcevic,0.0002572138015106,en,ncis
sheket,0.0002572138015106,en,ncis
pixelated,0.0002572138015106,en,ncis
irt,0.0002572138015106,en,ncis
multifunction,0.0002572138015106,en,ncis
contrabandista,0.0002572138015106,en,ncis
loadmaster,0.0002572138015106,en,ncis
mcmuse,0.0002572138015106,en,ncis
mczero,0.0002572138015106,en,ncis
mcgoogle,0.0002572138015106,en,ncis
halfcourt,0.0002572138015106,en,ncis
rac,0.0002572138015106,en,ncis
idf,0.0002572138015106,en,ncis
breechblock,0.0002572138015106,en,ncis
mcoz,0.0002572138015106,en,ncis
lath,0.0002572138015106,en,ncis
careerism,0.0002572138015106,en,ncis
multiplicative,0.0002572138015106,en,ncis
vigenre,0.0002572138015106,en,ncis
logged,0.0002572138015106,en,ncis
dustable,0.0002572138015106,en,ncis
rexon,0.0002572138015106,en,ncis
impotency,0.0002572138015106,en,ncis
mcsneaky,0.0002572138015106,en,ncis
bolsterment,0.0002572138015106,en,ncis
mccheat,0.0002572138015106,en,ncis
kwee,0.0002572138015106,en,ncis
demiser,0.0002572138015106,en,ncis
subgrade,0.0002572138015106,en,ncis
conocer,0.0002572138015106,en,ncis
fsr,0.0002572138015106,en,ncis
handpicked,0.0002572138015106,en,ncis
duckster,0.0002572138015106,en,ncis
nmci,0.0002572138015106,en,ncis
dowinkyquink,0.0002572138015106,en,ncis
hollsworth,0.0002572138015106,en,ncis
otv,0.0002572138015106,en,ncis
swishing,0.0002572138015106,en,ncis
mandibulae,0.0002572138015106,en,ncis
mcshipmate,0.0002572138015106,en,ncis
scurrilous,0.0002572138015106,en,ncis
bluemoon,0.0002572138015106,en,ncis
mailwoman,0.0002572138015106,en,ncis
microstamp,0.0002572138015106,en,ncis
alasone,0.0002572138015106,en,ncis
dinosey,0.0002572138015106,en,ncis
vertebrosternal,0.0002572138015106,en,ncis
bisalbuminemia,0.0002572138015106,en,ncis
versio,0.0002572138015106,en,ncis
hypereosinophilic,0.0002572138015106,en,ncis
mcdoe,0.0002572138015106,en,ncis
mcdid,0.0002572138015106,en,ncis
atchison,0.0002572138015106,en,ncis
lougani,0.0002572138015106,en,ncis
afloating,0.0002572138015106,en,ncis
cyberville,0.0002572138015106,en,ncis
irse,0.0002572138015106,en,ncis
ojala,0.0002572138015106,en,ncis
pueda,0.0002572138015106,en,ncis
boatswain,0.0002572138015106,en,ncis
headrest,0.0002572138015106,en,ncis
vectoring,0.0002572138015106,en,ncis
stachybotrys,0.0002572138015106,en,ncis
tova,0.0002572138015106,en,ncis
livered,0.0002572138015106,en,ncis
loominosity,0.0002572138015106,en,ncis
loomis,0.0002572138015106,en,ncis
mckilljoy,0.0002572138015106,en,ncis
analyzes,0.0002572138015106,en,ncis
ionizer,0.0002572138015106,en,ncis
abbyville,0.0002572138015106,en,ncis
klaasson,0.0002572138015106,en,ncis
gunky,0.0002572138015106,en,ncis
automaker,0.0002572138015106,en,ncis
quattroporte,0.0002572138015106,en,ncis
argenta,0.0002572138015106,en,ncis
slothe,0.0002572138015106,en,ncis
clearfield,0.0002572138015106,en,ncis
evulsion,0.0002572138015106,en,ncis
khanh,0.0002572138015106,en,ncis
mcgnome,0.0002572138015106,en,ncis
overheated,0.0002572138015106,en,ncis
distributorship,0.0002572138015106,en,ncis
catching,0.0002572138015106,en,ncis
mcscout,0.0002572138015106,en,ncis
mcgps,0.0002572138015106,en,ncis
mcgullible,0.0002572138015106,en,ncis
ibeatyou,0.0002572138015106,en,ncis
nominative,0.0002572138015106,en,ncis
repacke,0.0002572138015106,en,ncis
mcsofty,0.0002572138015106,en,ncis
syllabically,0.0002572138015106,en,ncis
macomb,0.0002572138015106,en,ncis
lumbrical,0.0002572138015106,en,ncis
dari,0.0002572138015106,en,ncis
sliceco,0.0002572138015106,en,ncis
durden,0.0002572138015106,en,ncis
vodd,0.0002572138015106,en,ncis
wingless,0.0002572138015106,en,ncis
fishtail,0.0002572138015106,en,ncis
evilosity,0.0002572138015106,en,ncis
xylene,0.0002572138015106,en,ncis
saben,0.0002572138015106,en,ncis
unpop,0.0002572138015106,en,ncis
sientate,0.0002572138015106,en,ncis
oyl,0.0002572138015106,en,ncis
fallouja,0.0002572138015106,en,ncis
mcgarnagle,0.0002572138015106,en,ncis
ezmaray,0.0002572138015106,en,ncis
kushan,0.0002572138015106,en,ncis
pushtan,0.0002572138015106,en,ncis
sirocco,0.0002572138015106,en,ncis
unpulle,0.0002572138015106,en,ncis
mcegghead,0.0002572138015106,en,ncis
pikestaff,0.0002572138015106,en,ncis
investigar,0.0002572138015106,en,ncis
disembowelment,0.0002572138015106,en,ncis
multithreaded,0.0002572138015106,en,ncis
sprouting,0.0002572138015106,en,ncis
tallowate,0.0002572138015106,en,ncis
stronachlachar,0.0002572138015106,en,ncis
ette,0.0002572138015106,en,ncis
doppel,0.0002572138015106,en,ncis
gtb,0.0002572138015106,en,ncis
dinozzio,0.0002572138015106,en,ncis
pitchblende,0.0002572138015106,en,ncis
deoxycholic,0.0002572138015106,en,ncis
circulare,0.0002572138015106,en,ncis
captivating,0.0002572138015106,en,ncis
mcdetail,0.0002572138015106,en,ncis
pecado,0.0002572138015106,en,ncis
mcmotherboard,0.0002572138015106,en,ncis
ghul,0.0002572138015106,en,ncis
wiggler,0.0002572138015106,en,ncis
tenderfoot,0.0002572138015106,en,ncis
crispian,0.0002572138015106,en,ncis
teek,0.0002572138015106,en,ncis
distended,0.0002572138015106,en,ncis
homophone,0.0002572138015106,en,ncis
bloater,0.0002572138015106,en,ncis
terrapin,0.0002572138015106,en,ncis
repeated,0.0002572138015106,en,ncis
caswell,0.0002572138015106,en,ncis
mcranger,0.0002572138015106,en,ncis
cuatro,0.0002572138015106,en,ncis
safeway,0.0002572138015106,en,ncis
petunias,0.0002572138015106,en,ncis
fujimori,0.0002572138015106,en,ncis
hurra,0.0002572138015106,en,ncis
catheterize,0.0002572138015106,en,ncis
synergistic,0.0002572138015106,en,ncis
landover,0.0002572138015106,en,ncis
immunogen,0.0002572138015106,en,ncis
unencrypte,0.0002572138015106,en,ncis
accented,0.0002572138015106,en,ncis
phormia,0.0002572138015106,en,ncis
hobbying,0.0002572138015106,en,ncis
borealis,0.0002572138015106,en,ncis
sims,0.0002572138015106,en,ncis
masalamine,0.0002572138015106,en,ncis
collagenous,0.0002572138015106,en,ncis
prevacid,0.0002572138015106,en,ncis
gastroesophageal,0.0002572138015106,en,ncis
uncrowded,0.0002572138015106,en,ncis
boater,0.0002572138015106,en,ncis
digitization,0.0002572138015106,en,ncis
polyisoprene,0.0002572138015106,en,ncis
mccontrary,0.0002572138015106,en,ncis
mcsnapper,0.0002572138015106,en,ncis
tetanic,0.0002572138015106,en,ncis
platypu,0.0002572138015106,en,ncis
mcchitty,0.0002572138015106,en,ncis
davido,0.0002572138015106,en,ncis
disconcerting,0.0002572138015106,en,ncis
transp,0.0002572138015106,en,ncis
evolutionarily,0.0002572138015106,en,ncis
narrowband,0.0002572138015106,en,ncis
unshod,0.0002572138015106,en,ncis
clb,0.0002572138015106,en,ncis
nuclease,0.0002572138015106,en,ncis
esn,0.0002572138015106,en,ncis
aninut,0.0002572138015106,en,ncis
avelut,0.0002572138015106,en,ncis
ethanethiol,0.0002572138015106,en,ncis
harbored,0.0002572138015106,en,ncis
profundo,0.0002572138015106,en,ncis
redunculous,0.0002572138015106,en,ncis
supplying,0.0002572138015106,en,ncis
jagman,0.0002572138015106,en,ncis
kidon,0.0002572138015106,en,ncis
khaleel,0.0002572138015106,en,ncis
tobi,0.0002572138015106,en,ncis
adolfo,0.0002572138015106,en,ncis
gillersoy,0.0002572138015106,en,ncis
blueblood,0.0002572138015106,en,ncis
sportelli,0.0002572138015106,en,ncis
kirschner,0.0002572138015106,en,ncis
intimidator,0.0002572138015106,en,ncis
cuinfo,0.0002572138015106,en,ncis
hanley,0.0002572138015106,en,ncis
disinterment,0.0002572138015106,en,ncis
remastere,0.0002572138015106,en,ncis
investigatively,0.0002572138015106,en,ncis
mortise,0.0002572138015106,en,ncis
barbae,0.0002572138015106,en,ncis
dermabrasive,0.0002572138015106,en,ncis
muchuk,0.0002572138015106,en,ncis
auctioneering,0.0002572138015106,en,ncis
sandich,0.0002572138015106,en,ncis
reengage,0.0002572138015106,en,ncis
soupy,0.0002572138015106,en,ncis
stitious,0.0002572138015106,en,ncis
charted,0.0002572138015106,en,ncis
actiony,0.0002572138015106,en,ncis
jeunet,0.0002572138015106,en,ncis
eilat,0.0002572138015106,en,ncis
masqat,0.0002572138015106,en,ncis
unsmushed,0.0002572138015106,en,ncis
overpowered,0.0002572138015106,en,ncis
gerrymandering,0.0002572138015106,en,ncis
mcnopoly,0.0002572138015106,en,ncis
apportionment,0.0002572138015106,en,ncis
mcsidekick,0.0002572138015106,en,ncis
overcologner,0.0002572138015106,en,ncis
jurel,0.0002572138015106,en,ncis
mcproof,0.0002572138015106,en,ncis
mcqueeze,0.0002572138015106,en,ncis
atropa,0.0002572138015106,en,ncis
tippon,0.0002572138015106,en,ncis
pesos,0.0002572138015106,en,ncis
trailere,0.0002572138015106,en,ncis
clanton,0.0002572138015106,en,ncis
unthinke,0.0002572138015106,en,ncis
slid,0.0002572138015106,en,ncis
slidden,0.0002572138015106,en,ncis
slud,0.0002572138015106,en,ncis
slad,0.0002572138015106,en,ncis
drillionaire,0.0002572138015106,en,ncis
amty,0.0002572138015106,en,ncis
mcsniper,0.0002572138015106,en,ncis
metrorail,0.0002572138015106,en,ncis
sanctuarie,0.0002572138015106,en,ncis
hobbled,0.0002572138015106,en,ncis
verenikin,0.0002572138015106,en,ncis
coxey,0.0002572138015106,en,ncis
makki,0.0002572138015106,en,ncis
mapset,0.0002572138015106,en,ncis
esse,0.0002572138015106,en,ncis
mclonely,0.0002572138015106,en,ncis
mcmove,0.0002572138015106,en,ncis
mcdigit,0.0002572138015106,en,ncis
utvara,0.0002572138015106,en,ncis
palin,0.0002572138015106,en,ncis
capillus,0.0002572138015106,en,ncis
demilitarized,0.0002572138015106,en,ncis
avocados,0.0002572138015106,en,ncis
cureuil,0.0002572138015106,en,ncis
panning,0.0002572138015106,en,ncis
arcy,0.0002572138015106,en,ncis
brining,0.0002572138015106,en,ncis
alkali,0.0002572138015106,en,ncis
mcgrizzly,0.0002572138015106,en,ncis
sajada,0.0002572138015106,en,ncis
salaat,0.0002572138015106,en,ncis
tareef,0.0002572138015106,en,ncis
njps,0.0002572138015106,en,ncis
fatiha,0.0002572138015106,en,ncis
mapchart,0.0002572138015106,en,ncis
uncrackable,0.0002572138015106,en,ncis
mallison,0.0002572138015106,en,ncis
disentangle,0.0002572138015106,en,ncis
truftin,0.0002572138015106,en,ncis
spellbinder,0.0002572138015106,en,ncis
schnozola,0.0002572138015106,en,ncis
maldiga,0.0002572138015106,en,ncis
roose,0.0002572138015106,en,ncis
goaste,0.0002572138015106,en,ncis
mcscrooge,0.0002572138015106,en,ncis
mcnickname,0.0002572138015106,en,ncis
lemoore,0.0002572138015106,en,ncis
patuxent,0.0002572138015106,en,ncis
rossy,0.0002572138015106,en,ncis
peripherally,0.0002572138015106,en,ncis
tangentially,0.0002572138015106,en,ncis
cancan,0.0002572138015106,en,ncis
absorber,0.0002572138015106,en,ncis
geometrical,0.0002572138015106,en,ncis
leroux,0.0002572138015106,en,ncis
counterweight,0.0002572138015106,en,ncis
snarki,0.0002572138015106,en,ncis
jabbed,0.0002572138015106,en,ncis
mcpanic,0.0002572138015106,en,ncis
retromolar,0.0002572138015106,en,ncis
powderized,0.0002572138015106,en,ncis
computery,0.0002572138015106,en,ncis
bioterror,0.0002572138015106,en,ncis
oralhappiness,0.0002572138015106,en,ncis
requin,0.0002572138015106,en,ncis
fuis,0.0002572138015106,en,ncis
carother,0.0002572138015106,en,ncis
gastronomic,0.0002572138015106,en,ncis
shankton,0.0002572138015106,en,ncis
svpr,0.0002572138015106,en,ncis
flurazepam,0.0002572138015106,en,ncis
awoken,0.0002572138015106,en,ncis
comfortastic,0.0002572138015106,en,ncis
alternating,0.0002572138015106,en,ncis
highjacker,0.0002572138015106,en,ncis
flunitrazepam,0.0002572138015106,en,ncis
falafely,0.0002572138015106,en,ncis
marionetting,0.0002572138015106,en,ncis
prepass,0.0002572138015106,en,ncis
stringfellow,0.0002572138015106,en,ncis
savee,0.0002572138015106,en,ncis
azeem,0.0002572138015106,en,ncis
mopar,0.0002572138015106,en,ncis
geldof,0.0002572138015106,en,ncis
proficiently,0.0002572138015106,en,ncis
skugly,0.0002572138015106,en,ncis
puffing,0.0002572138015106,en,ncis
tillya,0.0002572138015106,en,ncis
tepe,0.0002572138015106,en,ncis
deice,0.0002572138015106,en,ncis
predecease,0.0002572138015106,en,ncis
dreyfuss,0.0002572138015106,en,ncis
keitel,0.0002572138015106,en,ncis
mctattle,0.0002572138015106,en,ncis
colliding,0.0002572138015106,en,ncis
devoisi,0.0002572138015106,en,ncis
odeon,0.0002572138015106,en,ncis
mcnosy,0.0002572138015106,en,ncis
aor,0.0002572138015106,en,ncis
bennifer,0.0002572138015106,en,ncis
mcbitter,0.0002572138015106,en,ncis
klute,0.0002572138015106,en,ncis
cappin,0.0002572138015106,en,ncis
editorializing,0.0002572138015106,en,ncis
lepus,0.0002572138015106,en,ncis
multispecie,0.0002572138015106,en,ncis
foulness,0.0002572138015106,en,ncis
encantado,0.0002572138015106,en,ncis
nested,0.0002572138015106,en,ncis
atochain,0.0002572138015106,en,ncis
kalsa,0.0002572138015106,en,ncis
masseter,0.0002572138015106,en,ncis
boric,0.0002572138015106,en,ncis
hutton,0.0002572138015106,en,ncis
folded,0.0002572138015106,en,ncis
endodontic,0.0002572138015106,en,ncis
obturation,0.0002572138015106,en,ncis
vellum,0.0002572138015106,en,ncis
borderland,0.0002572138015106,en,ncis
desmosedici,0.0002572138015106,en,ncis
gibbsometer,0.0002572138015106,en,ncis
unpasteurize,0.0002572138015106,en,ncis
traficante,0.0002572138015106,en,ncis
drogo,0.0002572138015106,en,ncis
circum,0.0002572138015106,en,ncis
msgregor,0.0002572138015106,en,ncis
enner,0.0002572138015106,en,ncis
humungus,0.0002572138015106,en,ncis
john,0.0002572138015106,en,ncis
polopinus,0.0002572138015106,en,ncis
ingen,0.0002572138015106,en,ncis
darkling,0.0002572138015106,en,ncis
mayport,0.0002572138015106,en,ncis
toodisappeare,0.0002572138015106,en,ncis
seabee,0.0002572138015106,en,ncis
milne,0.0002572138015106,en,ncis
mineoux,0.0002572138015106,en,ncis
capetano,0.0002572138015106,en,ncis
vitullo,0.0002572138015106,en,ncis
soldado,0.0002572138015106,en,ncis
algn,0.0002572138015106,en,ncis
bastante,0.0002572138015106,en,ncis
gleefully,0.0002572138015106,en,ncis
apocryphal,0.0002572138015106,en,ncis
adze,0.0002572138015106,en,ncis
mortum,0.0002572138015106,en,ncis
scrutinium,0.0002572138015106,en,ncis
airfone,0.0002572138015106,en,ncis
goodwrench,0.0002572138015106,en,ncis
iassume,0.0002572138015106,en,ncis
wiemale,0.0002572138015106,en,ncis
remembhat,0.0002572138015106,en,ncis
liturgical,0.0002572138015106,en,ncis
hmla,0.0002572138015106,en,ncis
preflighte,0.0002572138015106,en,ncis
natops,0.0002572138015106,en,ncis
itrte,0.0002572138015106,en,ncis
bandleader,0.0002572138015106,en,ncis
marseillaise,0.0002572138015106,en,ncis
maxime,0.0002572138015106,en,ncis
mrpalmer,0.0002572138015106,en,ncis
weirding,0.0002572138015106,en,ncis
emancipator,0.0002572138015106,en,ncis
peekie,0.0002572138015106,en,ncis
hoppg,0.0002572138015106,en,ncis
nevrestle,0.0002572138015106,en,ncis
accidendeath,0.0002572138015106,en,ncis
vict,0.0002572138015106,en,ncis
jabone,0.0002572138015106,en,ncis
coglioni,0.0002572138015106,en,ncis
tris,0.0002572138015106,en,ncis
promiso,0.0002572138015106,en,ncis
nonisotopic,0.0002572138015106,en,ncis
timeespecially,0.0002572138015106,en,ncis
stelle,0.0002572138015106,en,ncis
exclusionary,0.0002572138015106,en,ncis
collegium,0.0002572138015106,en,ncis
popularize,0.0002572138015106,en,ncis
krook,0.0002572138015106,en,ncis
turcott,0.0002572138015106,en,ncis
starwitness,0.0002572138015106,en,ncis
homomorphic,0.0002572138015106,en,ncis
deinterlace,0.0002572138015106,en,ncis
unsharp,0.0002572138015106,en,ncis
mastiff,0.0002572138015106,en,ncis
stressfull,0.0002572138015106,en,ncis
thingamagig,0.0002572138015106,en,ncis
waouovertime,0.0002572138015106,en,ncis
foisss,0.0002572138015106,en,ncis
forteen,0.0002572138015106,en,ncis
epresse,0.0002572138015106,en,ncis
undated,0.0002572138015106,en,ncis
erasable,0.0002572138015106,en,ncis
tetrafluoroethylene,0.0002572138015106,en,ncis
tented,0.0002572138015106,en,ncis
stationand,0.0002572138015106,en,ncis
niceguy,0.0002572138015106,en,ncis
truest,0.0002572138015106,en,ncis
havefinishe,0.0002572138015106,en,ncis
ritualistically,0.0002572138015106,en,ncis
hagerty,0.0002572138015106,en,ncis
grotinski,0.0002572138015106,en,ncis
conex,0.0002572138015106,en,ncis
surinam,0.0002572138015106,en,ncis
toork,0.0002572138015106,en,ncis
percolator,0.0002572138015106,en,ncis
yowzer,0.0002572138015106,en,ncis
nambu,0.0002572138015106,en,ncis
beguine,0.0002572138015106,en,ncis
bernbaum,0.0002572138015106,en,ncis
conveyer,0.0002572138015106,en,ncis
eal,0.0002572138015106,en,ncis
thinqs,0.0002572138015106,en,ncis
cybercin,0.0002572138015106,en,ncis
cybercafe,0.0002572138015106,en,ncis
argente,0.0002572138015106,en,ncis
anzo,0.0002572138015106,en,ncis
capaci,0.0002572138015106,en,ncis
grooving,0.0002572138015106,en,ncis
eckhart,0.0002572138015106,en,ncis
sbc,0.0002572138015106,en,ncis
beenpartial,0.0002572138015106,en,ncis
supportmedical,0.0002572138015106,en,ncis
jitterbug,0.0002572138015106,en,ncis
velat,0.0002572138015106,en,ncis
reque,0.0002572138015106,en,ncis
crise,0.0002572138015106,en,ncis
prosecuting,0.0002572138015106,en,ncis
carabinari,0.0002572138015106,en,ncis
hallux,0.0002572138015106,en,ncis
dissected,0.0002572138015106,en,ncis
waksal,0.0002572138015106,en,ncis
cesaretti,0.0002572138015106,en,ncis
corgis,0.0002572138015106,en,ncis
laredo,0.0002572138015106,en,ncis
homological,0.0002572138015106,en,ncis
sidnitski,0.0002572138015106,en,ncis
scalable,0.0002572138015106,en,ncis
usd,0.0002572138015106,en,ncis
tcp,0.0002572138015106,en,ncis
ncisinvestigate,0.0002572138015106,en,ncis
coulde,0.0002572138015106,en,ncis
keratoplasty,0.0002572138015106,en,ncis
thinevitable,0.0002572138015106,en,ncis
mtcs,0.0002572138015106,en,ncis
afdil,0.0002572138015106,en,ncis
strale,0.0002572138015106,en,ncis
lotrimin,0.0002572138015106,en,ncis
erinand,0.0002572138015106,en,ncis
vanburen,0.0002572138015106,en,ncis
hass,0.0002572138015106,en,ncis
rkasir,0.0002572138015106,en,ncis
treee,0.0002572138015106,en,ncis
indigeno,0.0002572138015106,en,ncis
coition,0.0002572138015106,en,ncis
toxicodendron,0.0002572138015106,en,ncis
radican,0.0002572138015106,en,ncis
turr,0.0002572138015106,en,ncis
vamperstein,0.0002572138015106,en,ncis
axxum,0.0002572138015106,en,ncis
intraorbital,0.0002572138015106,en,ncis
choroid,0.0002572138015106,en,ncis
transexualism,0.0002572138015106,en,ncis
psychosexually,0.0002572138015106,en,ncis
ebway,0.0002572138015106,en,ncis
ibbsgay,0.0002572138015106,en,ncis
southcom,0.0002572138015106,en,ncis
derecho,0.0002572138015106,en,ncis
arestado,0.0002572138015106,en,ncis
encrypter,0.0002572138015106,en,ncis
escopeta,0.0002572138015106,en,ncis
ansr,0.0002572138015106,en,ncis
naris,0.0002572138015106,en,ncis
hager,0.0002572138015106,en,ncis
perfectlyloud,0.0002572138015106,en,ncis
webbs,0.0002572138015106,en,ncis
awarding,0.0002572138015106,en,ncis
ermenegildo,0.0002572138015106,en,ncis
gotr,0.0002572138015106,en,ncis
creasewhen,0.0002572138015106,en,ncis
wirlie,0.0002572138015106,en,ncis
beto,0.0002572138015106,en,ncis
yeak,0.0002572138015106,en,ncis
photograh,0.0002572138015106,en,ncis
gianormous,0.0002572138015106,en,ncis
investigion,0.0002572138015106,en,ncis
zonk,0.0002572138015106,en,ncis
bustill,0.0002572138015106,en,ncis
lemay,0.0002572138015106,en,ncis
krytron,0.0002572138015106,en,ncis
touchiy,0.0002572138015106,en,ncis
dista,0.0002572138015106,en,ncis
beeinfecte,0.0002572138015106,en,ncis
ncid,0.0002572138015106,en,ncis
coughi,0.0002572138015106,en,ncis
relead,0.0002572138015106,en,ncis
usost,0.0002572138015106,en,ncis
flyable,0.0002572138015106,en,ncis
bete,0.0002572138015106,en,ncis
roofline,0.0002572138015106,en,ncis
palena,0.0002572138015106,en,ncis
axim,0.0002572138015106,en,ncis
blabbering,0.0002572138015106,en,ncis
daying,0.0002572138015106,en,ncis
dumbarton,0.0002572138015106,en,ncis
lnvestigate,0.0002572138015106,en,ncis
shalowsh,0.0002572138015106,en,ncis
lrregular,0.0002572138015106,en,ncis
murdersmay,0.0002572138015106,en,ncis
declination,0.0002572138015106,en,ncis
unfurled,0.0002572138015106,en,ncis
drugfire,0.0002572138015106,en,ncis
bankbook,0.0002572138015106,en,ncis
uming,0.0002572138015106,en,ncis
disulfide,0.0002572138015106,en,ncis
lnventive,0.0002572138015106,en,ncis
appeance,0.0002572138015106,en,ncis
waggon,0.0002572138015106,en,ncis
bridgestone,0.0002572138015106,en,ncis
dueler,0.0002572138015106,en,ncis
dimona,0.0002572138015106,en,ncis
melding,0.0002572138015106,en,ncis
lmpersonate,0.0002572138015106,en,ncis
contorted,0.0002572138015106,en,ncis
househusband,0.0002572138015106,en,ncis
cyberpimp,0.0002572138015106,en,ncis
friendsoffurrie,0.0002572138015106,en,ncis
generalisation,0.0002572138015106,en,ncis
callisthenic,0.0002572138015106,en,ncis
acls,0.0002572138015106,en,ncis
zachster,0.0002572138015106,en,ncis
lnstruction,0.0002572138015106,en,ncis
furore,0.0002572138015106,en,ncis
bobert,0.0002572138015106,en,ncis
dishonourable,0.0002572138015106,en,ncis
defenestration,0.0002572138015106,en,ncis
jewellry,0.0002572138015106,en,ncis
longus,0.0002572138015106,en,ncis
deltopectoral,0.0002572138015106,en,ncis
vandalay,0.0002572138015106,en,ncis
threateningly,0.0002572138015106,en,ncis
neroli,0.0002572138015106,en,ncis
ajzen,0.0002572138015106,en,ncis
yussif,0.0002572138015106,en,ncis
chorionic,0.0002572138015106,en,ncis
gonadotropin,0.0002572138015106,en,ncis
siazon,0.0002572138015106,en,ncis
shroomsville,0.0002572138015106,en,ncis
marbling,0.0002572138015106,en,ncis
toeprint,0.0002572138015106,en,ncis
arrestee,0.0002572138015106,en,ncis
beguiling,0.0002572138015106,en,ncis
formic,0.0002572138015106,en,ncis
lnstant,0.0002572138015106,en,ncis
rabitte,0.0002572138015106,en,ncis
ozzo,0.0002572138015106,en,ncis
correcto,0.0002572138015106,en,ncis
sooting,0.0002572138015106,en,ncis
cotten,0.0002572138015106,en,ncis
postproduction,0.0002572138015106,en,ncis
riboflavin,0.0002572138015106,en,ncis
diacetylmorphine,0.0002572138015106,en,ncis
dakar,0.0002572138015106,en,ncis
histopathology,0.0002572138015106,en,ncis
squinchie,0.0002572138015106,en,ncis
instrumentally,0.0002572138015106,en,ncis
codls,0.0002572138015106,en,ncis
ldentifye,0.0002572138015106,en,ncis
urea,0.0002572138015106,en,ncis
attri,0.0002572138015106,en,ncis
sirshasana,0.0002572138015106,en,ncis
crafted,0.0002572138015106,en,ncis
ogum,0.0002572138015106,en,ncis
drapeau,0.0002572138015106,en,ncis
minjor,0.0002572138015106,en,ncis
cholent,0.0002572138015106,en,ncis
banacek,0.0002572138015106,en,ncis
ldea,0.0002572138015106,en,ncis
lnitially,0.0002572138015106,en,ncis
thack,0.0002572138015106,en,ncis
thock,0.0002572138015106,en,ncis
geisel,0.0002572138015106,en,ncis
paedophilia,0.0002572138015106,en,ncis
beavis,0.0002572138015106,en,ncis
lnappropriate,0.0002572138015106,en,ncis
picklehead,0.0002572138015106,en,ncis
virginianus,0.0002572138015106,en,ncis
azide,0.0002572138015106,en,ncis
tetryl,0.0002572138015106,en,ncis
unwedded,0.0002572138015106,en,ncis
lmpound,0.0002572138015106,en,ncis
righter,0.0002572138015106,en,ncis
poivre,0.0002572138015106,en,ncis
cyclosporine,0.0002572138015106,en,ncis
azathioprine,0.0002572138015106,en,ncis
professeur,0.0002572138015106,en,ncis
krutzhammer,0.0002572138015106,en,ncis
mercedes,0.0002572138015106,en,ncis
hobie,0.0002572138015106,en,ncis
haemorrrhage,0.0002572138015106,en,ncis
ceredase,0.0002572138015106,en,ncis
sosa,0.0002572138015106,en,ncis
osteoarthritis,0.0002572138015106,en,ncis
draconkreuz,0.0002572138015106,en,ncis
lnvestigator,0.0002572138015106,en,ncis
navigating,0.0002572138015106,en,ncis
beatty,0.0002572138015106,en,ncis
anagen,0.0002572138015106,en,ncis
anthranilate,0.0002572138015106,en,ncis
poc,0.0002572138015106,en,ncis
buffering,0.0002572138015106,en,ncis
retag,0.0002572138015106,en,ncis
sternutatory,0.0002572138015106,en,ncis
unmanly,0.0002572138015106,en,ncis
rubio,0.0002572138015106,en,ncis
calzoncillo,0.0002572138015106,en,ncis
polrethane,0.0002572138015106,en,ncis
thiocyanate,0.0002572138015106,en,ncis
cyothianate,0.0002572138015106,en,ncis
studded,0.0002572138015106,en,ncis
opengl,0.0002572138015106,en,ncis
prepositione,0.0002572138015106,en,ncis
lmpacte,0.0002572138015106,en,ncis
lnsanity,0.0002572138015106,en,ncis
lnitiate,0.0002572138015106,en,ncis
exactitude,0.0002572138015106,en,ncis
lmperceptible,0.0002572138015106,en,ncis
lngball,0.0002572138015106,en,ncis
refreshed,0.0002572138015106,en,ncis
tailoring,0.0002572138015106,en,ncis
girine,0.0002572138015106,en,ncis
crocus,0.0002572138015106,en,ncis
pupusa,0.0002572138015106,en,ncis
noemi,0.0002572138015106,en,ncis
rudd,0.0002572138015106,en,ncis
volp,0.0002572138015106,en,ncis
diolane,0.0002572138015106,en,ncis
hexylene,0.0002572138015106,en,ncis
neuropath,0.0002572138015106,en,ncis
basilan,0.0002572138015106,en,ncis
tagalog,0.0002572138015106,en,ncis
radioman,0.0002572138015106,en,ncis
imap,0.0002572138015106,en,ncis
tdy,0.0002572138015106,en,ncis
skilfully,0.0002572138015106,en,ncis
mcflower,0.0002572138015106,en,ncis
fasciculus,0.0002572138015106,en,ncis
crusis,0.0002572138015106,en,ncis
acidified,0.0002572138015106,en,ncis
rumtart,0.0002572138015106,en,ncis
gipper,0.0002572138015106,en,ncis
cannonballer,0.0002572138015106,en,ncis
parang,0.0002572138015106,en,ncis
lnsist,0.0002572138015106,en,ncis
lslamic,0.0002572138015106,en,ncis
havanas,0.0002572138015106,en,ncis
clagolaky,0.0002572138015106,en,ncis
cooperage,0.0002572138015106,en,ncis
romaniva,0.0002572138015106,en,ncis
wahhabi,0.0002572138015106,en,ncis
politique,0.0002572138015106,en,ncis
baliad,0.0002572138015106,en,ncis
atu,0.0002572138015106,en,ncis
opm,0.0002572138015106,en,ncis
kamir,0.0002572138015106,en,ncis
batsignal,0.0002572138015106,en,ncis
culpeper,0.0002572138015106,en,ncis
snitchy,0.0002572138015106,en,ncis
sullivanwa,0.0002572138015106,en,ncis
mcfister,0.0002572138015106,en,ncis
cnidaria,0.0002572138015106,en,ncis
metsada,0.0002572138015106,en,ncis
accesst,0.0002572138015106,en,ncis
egit,0.0002572138015106,en,ncis
gredin,0.0002572138015106,en,ncis
enfer,0.0002572138015106,en,ncis
faatin,0.0002572138015106,en,ncis
balash,0.0002572138015106,en,ncis
sassnio,0.0002572138015106,en,ncis
vevak,0.0002572138015106,en,ncis
badgone,0.0002572138015106,en,ncis
cdx,0.0002572138015106,en,ncis
belmar,0.0002572138015106,en,ncis
texaco,0.0002572138015106,en,ncis
wissen,0.0002572138015106,en,ncis
ihre,0.0002572138015106,en,ncis
naame,0.0002572138015106,en,ncis
kopeck,0.0002572138015106,en,ncis
overtaxed,0.0002572138015106,en,ncis
aleksandrovich,0.0002572138015106,en,ncis
mikhailovich,0.0002572138015106,en,ncis
spetsnaz,0.0002572138015106,en,ncis
feloniously,0.0002572138015106,en,ncis
reflectivity,0.0002572138015106,en,ncis
broadbus,0.0002572138015106,en,ncis
chipendale,0.0002572138015106,en,ncis
phaleonopsis,0.0002572138015106,en,ncis
exatly,0.0002572138015106,en,ncis
oration,0.0002572138015106,en,ncis
skeeper,0.0002572138015106,en,ncis
activy,0.0002572138015106,en,ncis
casement,0.0002572138015106,en,ncis
oleic,0.0002572138015106,en,ncis
triticum,0.0002572138015106,en,ncis
durum,0.0002572138015106,en,ncis
aglio,0.0002572138015106,en,ncis
olio,0.0002572138015106,en,ncis
unburried,0.0002572138015106,en,ncis
quaternary,0.0002572138015106,en,ncis
quinary,0.0002572138015106,en,ncis
nicrophorus,0.0002572138015106,en,ncis
corpsein,0.0002572138015106,en,ncis
neeson,0.0002572138015106,en,ncis
arste,0.0002572138015106,en,ncis
rosslyn,0.0002572138015106,en,ncis
dismembermt,0.0002572138015106,en,ncis
gatecrasher,0.0002572138015106,en,ncis
passado,0.0002572138015106,en,ncis
cama,0.0002572138015106,en,ncis
adjuvant,0.0002572138015106,en,ncis
wrigth,0.0002572138015106,en,ncis
pais,0.0002572138015106,en,ncis
xiu,0.0002572138015106,en,ncis
reexamination,0.0002572138015106,en,ncis
paediatrician,0.0002572138015106,en,ncis
mcflabby,0.0002572138015106,en,ncis
sosli,0.0002572138015106,en,ncis
guch,0.0002572138015106,en,ncis
cheesehead,0.0002572138015106,en,ncis
taproot,0.0002572138015106,en,ncis
shootee,0.0002572138015106,en,ncis
hollingway,0.0002572138015106,en,ncis
undischarged,0.0002572138015106,en,ncis
explicable,0.0002572138015106,en,ncis
whay,0.0002572138015106,en,ncis
sodiumoxybate,0.0002572138015106,en,ncis
nemos,0.0002572138015106,en,ncis
adderol,0.0002572138015106,en,ncis
scarpizzee,0.0002572138015106,en,ncis
xor,0.0002572138015106,en,ncis
pimmy,0.0002572138015106,en,ncis
jalmer,0.0002572138015106,en,ncis
flosser,0.0002572138015106,en,ncis
interphlangeal,0.0002572138015106,en,ncis
proscribe,0.0002572138015106,en,ncis
cqd,0.0002572138015106,en,ncis
quinuclidinyl,0.0002572138015106,en,ncis
benzilate,0.0002572138015106,en,ncis
upsize,0.0002572138015106,en,ncis
corneum,0.0002572138015106,en,ncis
dimethyl,0.0002572138015106,en,ncis
gbp,0.0002572138015106,en,ncis
gamebox,0.0002572138015106,en,ncis
mclawyer,0.0002572138015106,en,ncis
checkerberry,0.0002572138015106,en,ncis
braking,0.0002572138015106,en,ncis
pressuge,0.0002572138015106,en,ncis
unwelcomed,0.0002572138015106,en,ncis
torsten,0.0002572138015106,en,ncis
scray,0.0002572138015106,en,ncis
subdirectory,0.0002572138015106,en,ncis
malpeque,0.0002572138015106,en,ncis
retraining,0.0002572138015106,en,ncis
nerhine,0.0002572138015106,en,ncis
oleandroside,0.0002572138015106,en,ncis
chillum,0.0002572138015106,en,ncis
moqueca,0.0002572138015106,en,ncis
kudsucker,0.0002572138015106,en,ncis
dammed,0.0002572138015106,en,ncis
varig,0.0002572138015106,en,ncis
luggable,0.0002572138015106,en,ncis
killzone,0.0002572138015106,en,ncis
aeroport,0.0002572138015106,en,ncis
sherbrooke,0.0002572138015106,en,ncis
surveillan,0.0002572138015106,en,ncis
orly,0.0002572138015106,en,ncis
bientt,0.0002572138015106,en,ncis
scaler,0.0002572138015106,en,ncis
thermoluminescent,0.0002572138015106,en,ncis
forc,0.0002572138015106,en,ncis
lufthansa,0.0002572138015106,en,ncis
photomultipli,0.0002572138015106,en,ncis
nonradioactive,0.0002572138015106,en,ncis
custis,0.0002572138015106,en,ncis
preparer,0.0002572138015106,en,ncis
ferrocyanide,0.0002572138015106,en,ncis
upd,0.0002572138015106,en,ncis
caringness,0.0002572138015106,en,ncis
quatic,0.0002572138015106,en,ncis
housefly,0.0002572138015106,en,ncis
oleandrin,0.0002572138015106,en,ncis
oleondroside,0.0002572138015106,en,ncis
increased,0.0002572138015106,en,ncis
usscole,0.0002572138015106,en,ncis
blowne,0.0002572138015106,en,ncis
glycolysis,0.0002572138015106,en,ncis
mcgeekle,0.0002572138015106,en,ncis
blintze,0.0002572138015106,en,ncis
commitmentphobe,0.0002572138015106,en,ncis
embezzment,0.0002572138015106,en,ncis
deconvolution,0.0002572138015106,en,ncis
ligiture,0.0002572138015106,en,ncis
hormuz,0.0002572138015106,en,ncis
gonfler,0.0002572138015106,en,ncis
comparaison,0.0002572138015106,en,ncis
dinitely,0.0002572138015106,en,ncis
plotine,0.0002572138015106,en,ncis
theibbon,0.0002572138015106,en,ncis
oxford,0.0002572138015106,en,ncis
resold,0.0002572138015106,en,ncis
thounsand,0.0002572138015106,en,ncis
brenneronly,0.0002572138015106,en,ncis
knockwurst,0.0002572138015106,en,ncis
tippity,0.0002572138015106,en,ncis
wuerzburg,0.0002572138015106,en,ncis
glassmake,0.0002572138015106,en,ncis
squg,0.0002572138015106,en,ncis
veed,0.0002572138015106,en,ncis
prophylactically,0.0002572138015106,en,ncis
youblastedpast,0.0002572138015106,en,ncis
effluvium,0.0002572138015106,en,ncis
zulus,0.0002572138015106,en,ncis
frontispiece,0.0002572138015106,en,ncis
unlessyouwant,0.0002572138015106,en,ncis
smidt,0.0002572138015106,en,ncis
unnecessary,0.0002556295711602,en,ncis
emerge,0.0002556295711602,en,ncis
kindness,0.0002556295711602,en,ncis
satisfaction,0.0002556295711602,en,ncis
narcissist,0.0002536969331399,en,ncis
masculine,0.0002536969331399,en,ncis
preside,0.0002536969331399,en,ncis
mathematic,0.0002536969331399,en,ncis
friday,0.0002536969331399,en,ncis
surfer,0.0002536969331399,en,ncis
hanger,0.0002536969331399,en,ncis
hull,0.0002536969331399,en,ncis
annoyed,0.0002536969331399,en,ncis
insistent,0.0002536969331399,en,ncis
savvy,0.0002536969331399,en,ncis
resurface,0.0002536969331399,en,ncis
liz,0.0002536969331399,en,ncis
accurately,0.0002536969331399,en,ncis
psychos,0.0002536969331399,en,ncis
preoccupied,0.0002536969331399,en,ncis
hairline,0.0002536969331399,en,ncis
five,0.0002536969331399,en,ncis
twenty,0.0002536969331399,en,ncis
strive,0.0002536969331399,en,ncis
taser,0.0002536969331399,en,ncis
baseline,0.0002536969331399,en,ncis
bleacher,0.0002536969331399,en,ncis
fig,0.0002536969331399,en,ncis
cot,0.0002536969331399,en,ncis
brotherhood,0.0002536969331399,en,ncis
obligate,0.0002536969331399,en,ncis
pam,0.0002536969331399,en,ncis
quieter,0.0002536969331399,en,ncis
plutonium,0.0002536969331399,en,ncis
eulogy,0.0002536969331399,en,ncis
beneficial,0.0002536969331399,en,ncis
canister,0.0002536969331399,en,ncis
decapitate,0.0002536969331399,en,ncis
playbook,0.0002536969331399,en,ncis
ultra,0.0002536969331399,en,ncis
monday,0.0002536969331399,en,ncis
gunpoint,0.0002536969331399,en,ncis
birdie,0.0002536969331399,en,ncis
columbus,0.0002536969331399,en,ncis
invader,0.0002536969331399,en,ncis
quake,0.0002536969331399,en,ncis
jasmine,0.0002536969331399,en,ncis
diarrhea,0.0002536969331399,en,ncis
discussion,0.0002532415487833,en,ncis
friendship,0.0002532415487833,en,ncis
vibe,0.0002532252624132,en,ncis
muffin,0.0002532252624132,en,ncis
lighten,0.0002532252624132,en,ncis
complication,0.0002532252624132,en,ncis
resistance,0.0002532252624132,en,ncis
bizarre,0.0002532252624132,en,ncis
hum,0.0002532252624132,en,ncis
statue,0.0002532252624132,en,ncis
admission,0.0002532252624132,en,ncis
interference,0.0002532252624132,en,ncis
function,0.0002511653147853,en,ncis
shy,0.0002511653147853,en,ncis
butterfly,0.0002508588183737,en,ncis
denial,0.0002508588183737,en,ncis
lottery,0.0002508588183737,en,ncis
gravity,0.0002508588183737,en,ncis
inconvenience,0.0002508588183737,en,ncis
ashley,0.0002500537173237,en,ncis
donny,0.0002500537173237,en,ncis
articulate,0.0002500537173237,en,ncis
shorten,0.0002500537173237,en,ncis
holme,0.0002500537173237,en,ncis
comfortably,0.0002500537173237,en,ncis
slimy,0.0002500537173237,en,ncis
pear,0.0002500537173237,en,ncis
competent,0.0002500537173237,en,ncis
dictionary,0.0002500537173237,en,ncis
carpenter,0.0002500537173237,en,ncis
scarce,0.0002500537173237,en,ncis
contradict,0.0002500537173237,en,ncis
incorrect,0.0002500537173237,en,ncis
wade,0.0002500537173237,en,ncis
admiration,0.0002500537173237,en,ncis
chimp,0.0002500537173237,en,ncis
nana,0.0002500537173237,en,ncis
ashtray,0.0002500537173237,en,ncis
gem,0.0002500537173237,en,ncis
tre,0.0002500537173237,en,ncis
shush,0.0002500537173237,en,ncis
flaunt,0.0002500537173237,en,ncis
increasingly,0.0002500537173237,en,ncis
maul,0.0002500537173237,en,ncis
turbulence,0.0002500537173237,en,ncis
blab,0.0002500537173237,en,ncis
participation,0.0002500537173237,en,ncis
muddy,0.0002500537173237,en,ncis
fred,0.0002500537173237,en,ncis
prohibit,0.0002500537173237,en,ncis
caveman,0.0002500537173237,en,ncis
barefoot,0.0002500537173237,en,ncis
logan,0.0002500537173237,en,ncis
interval,0.0002500537173237,en,ncis
dummy,0.0002485290648706,en,ncis
armor,0.0002485290648706,en,ncis
recommendation,0.0002485290648706,en,ncis
genuine,0.0002485290648706,en,ncis
summon,0.0002485290648706,en,ncis
healing,0.0002485290648706,en,ncis
grateful,0.0002470762996394,en,ncis
flicker,0.0002465383603557,en,ncis
specify,0.0002465383603557,en,ncis
patriotic,0.0002465383603557,en,ncis
mutually,0.0002465383603557,en,ncis
brainer,0.0002465383603557,en,ncis
armpit,0.0002465383603557,en,ncis
uncertainty,0.0002465383603557,en,ncis
optical,0.0002465383603557,en,ncis
noose,0.0002465383603557,en,ncis
leonard,0.0002465383603557,en,ncis
drummer,0.0002465383603557,en,ncis
obituary,0.0002465383603557,en,ncis
debut,0.0002465383603557,en,ncis
fictional,0.0002465383603557,en,ncis
crusade,0.0002465383603557,en,ncis
refreshment,0.0002465383603557,en,ncis
shouting,0.0002465383603557,en,ncis
binocular,0.0002465383603557,en,ncis
slum,0.0002465383603557,en,ncis
unresolved,0.0002465383603557,en,ncis
geography,0.0002465383603557,en,ncis
leukemia,0.0002465383603557,en,ncis
entrust,0.0002465383603557,en,ncis
buzzer,0.0002465383603557,en,ncis
technicality,0.0002465383603557,en,ncis
serum,0.0002465383603557,en,ncis
vigilante,0.0002465383603557,en,ncis
christmas,0.0002465383603557,en,ncis
candid,0.0002465383603557,en,ncis
endorse,0.0002465383603557,en,ncis
soulless,0.0002465383603557,en,ncis
rehab,0.0002462348815158,en,ncis
headline,0.0002462348815158,en,ncis
ethic,0.0002462348815158,en,ncis
foolish,0.0002462348815158,en,ncis
madness,0.0002462348815158,en,ncis
maximum,0.0002462348815158,en,ncis
humble,0.0002462348815158,en,ncis
jungle,0.0002462348815158,en,ncis
pride,0.0002450626667317,en,ncis
boost,0.000243975198469,en,ncis
dizzy,0.000243975198469,en,ncis
adrenaline,0.000243975198469,en,ncis
wicked,0.000243975198469,en,ncis
demon,0.000243975198469,en,ncis
talkin,0.000243975198469,en,ncis
overwhelming,0.000243975198469,en,ncis
jean,0.000243975198469,en,ncis
contribute,0.000243975198469,en,ncis
hormone,0.000243975198469,en,ncis
wreak,0.0002431421912588,en,ncis
dreamer,0.0002431421912588,en,ncis
metaphorically,0.0002431421912588,en,ncis
fritz,0.0002431421912588,en,ncis
backside,0.0002431421912588,en,ncis
superstitious,0.0002431421912588,en,ncis
behaviour,0.0002431421912588,en,ncis
epiphany,0.0002431421912588,en,ncis
yike,0.0002431421912588,en,ncis
foreigner,0.0002431421912588,en,ncis
gamma,0.0002431421912588,en,ncis
transfusion,0.0002431421912588,en,ncis
syllable,0.0002431421912588,en,ncis
infectious,0.0002431421912588,en,ncis
commotion,0.0002431421912588,en,ncis
deprivation,0.0002431421912588,en,ncis
rabid,0.0002431421912588,en,ncis
holdup,0.0002431421912588,en,ncis
banter,0.0002431421912588,en,ncis
brandy,0.0002431421912588,en,ncis
axis,0.0002431421912588,en,ncis
cunning,0.0002431421912588,en,ncis
ravage,0.0002431421912588,en,ncis
harden,0.0002431421912588,en,ncis
eating,0.0002431421912588,en,ncis
thompson,0.0002431421912588,en,ncis
armored,0.0002431421912588,en,ncis
nutshell,0.0002431421912588,en,ncis
withholding,0.0002431421912588,en,ncis
declaration,0.0002431421912588,en,ncis
organism,0.0002431421912588,en,ncis
romantically,0.0002431421912588,en,ncis
feat,0.0002431421912588,en,ncis
distinctly,0.0002431421912588,en,ncis
reduction,0.0002431421912588,en,ncis
barbecue,0.0002417489934419,en,ncis
standing,0.0002417489934419,en,ncis
tennis,0.0002417489934419,en,ncis
gallery,0.0002417489934419,en,ncis
lightning,0.0002417489934419,en,ncis
consent,0.0002417489934419,en,ncis
impulse,0.0002417489934419,en,ncis
frankly,0.0002410951155409,en,ncis
subdue,0.0002398573922612,en,ncis
unforgivable,0.0002398573922612,en,ncis
karma,0.0002398573922612,en,ncis
chord,0.0002398573922612,en,ncis
singular,0.0002398573922612,en,ncis
catherine,0.0002398573922612,en,ncis
barry,0.0002398573922612,en,ncis
loophole,0.0002398573922612,en,ncis
supernatural,0.0002398573922612,en,ncis
emperor,0.0002398573922612,en,ncis
molest,0.0002398573922612,en,ncis
kite,0.0002398573922612,en,ncis
manny,0.0002398573922612,en,ncis
sim,0.0002398573922612,en,ncis
neurological,0.0002398573922612,en,ncis
baffle,0.0002398573922612,en,ncis
leopard,0.0002398573922612,en,ncis
pamphlet,0.0002398573922612,en,ncis
suture,0.0002398573922612,en,ncis
sitting,0.0002398573922612,en,ncis
adversary,0.0002398573922612,en,ncis
suspense,0.0002398573922612,en,ncis
residential,0.0002398573922612,en,ncis
tablet,0.0002398573922612,en,ncis
merciful,0.0002398573922612,en,ncis
extracurricular,0.0002398573922612,en,ncis
vacate,0.0002398573922612,en,ncis
whomever,0.0002398573922612,en,ncis
loo,0.0002398573922612,en,ncis
penguin,0.0002398573922612,en,ncis
vendor,0.0002398573922612,en,ncis
cardio,0.0002398573922612,en,ncis
mildly,0.0002398573922612,en,ncis
warp,0.0002398573922612,en,ncis
blender,0.0002398573922612,en,ncis
overlap,0.0002398573922612,en,ncis
preference,0.0002398573922612,en,ncis
wither,0.0002398573922612,en,ncis
commando,0.0002398573922612,en,ncis
asking,0.0002398573922612,en,ncis
unprepared,0.0002398573922612,en,ncis
confusing,0.0002395552889212,en,ncis
unacceptable,0.0002395552889212,en,ncis
tension,0.0002395552889212,en,ncis
luxury,0.0002395552889212,en,ncis
sweater,0.0002395552889212,en,ncis
intervention,0.0002395552889212,en,ncis
global,0.0002395552889212,en,ncis
horror,0.0002373931495915,en,ncis
reunion,0.0002373931495915,en,ncis
grown,0.0002373931495915,en,ncis
pepper,0.0002373931495915,en,ncis
volver,0.0002369045825818,en,ncis
deterrence,0.0002369045825818,en,ncis
potemkin,0.0002369045825818,en,ncis
grammatically,0.0002369045825818,en,ncis
cuniculus,0.0002369045825818,en,ncis
neckwear,0.0002369045825818,en,ncis
monkee,0.0002369045825818,en,ncis
celestia,0.0002369045825818,en,ncis
upstair,0.0002369045825818,en,ncis
energizer,0.0002369045825818,en,ncis
penne,0.0002369045825818,en,ncis
manned,0.0002369045825818,en,ncis
chemiluminescent,0.0002369045825818,en,ncis
premolar,0.0002369045825818,en,ncis
murde,0.0002369045825818,en,ncis
constructively,0.0002369045825818,en,ncis
attractant,0.0002369045825818,en,ncis
jaundiced,0.0002369045825818,en,ncis
gord,0.0002369045825818,en,ncis
jagermeister,0.0002369045825818,en,ncis
grisham,0.0002369045825818,en,ncis
slanket,0.0002369045825818,en,ncis
pleated,0.0002369045825818,en,ncis
flattening,0.0002369045825818,en,ncis
transmittable,0.0002369045825818,en,ncis
gcs,0.0002369045825818,en,ncis
plantar,0.0002369045825818,en,ncis
chromatographic,0.0002369045825818,en,ncis
antirejection,0.0002369045825818,en,ncis
metzenbaum,0.0002369045825818,en,ncis
blowingly,0.0002369045825818,en,ncis
adipocere,0.0002369045825818,en,ncis
symphysis,0.0002369045825818,en,ncis
triumphal,0.0002369045825818,en,ncis
patto,0.0002369045825818,en,ncis
escorting,0.0002369045825818,en,ncis
delegator,0.0002369045825818,en,ncis
antitank,0.0002369045825818,en,ncis
combover,0.0002369045825818,en,ncis
corkboard,0.0002369045825818,en,ncis
ocs,0.0002369045825818,en,ncis
unpasteurized,0.0002369045825818,en,ncis
lionfish,0.0002369045825818,en,ncis
juxtapose,0.0002369045825818,en,ncis
divan,0.0002369045825818,en,ncis
trapezius,0.0002369045825818,en,ncis
rowe,0.0002369045825818,en,ncis
differee,0.0002369045825818,en,ncis
webpage,0.0002369045825818,en,ncis
leatherneck,0.0002369045825818,en,ncis
macallan,0.0002369045825818,en,ncis
slurpy,0.0002369045825818,en,ncis
vasoconstriction,0.0002369045825818,en,ncis
lowercase,0.0002369045825818,en,ncis
mislay,0.0002369045825818,en,ncis
habitability,0.0002369045825818,en,ncis
pendejos,0.0002369045825818,en,ncis
talc,0.0002369045825818,en,ncis
nasopharyngeal,0.0002369045825818,en,ncis
multipli,0.0002369045825818,en,ncis
hadji,0.0002369045825818,en,ncis
reenlist,0.0002369045825818,en,ncis
whitebeard,0.0002369045825818,en,ncis
chez,0.0002369045825818,en,ncis
sheraton,0.0002369045825818,en,ncis
vln,0.0002369045825818,en,ncis
guillotin,0.0002369045825818,en,ncis
sook,0.0002369045825818,en,ncis
harbouring,0.0002369045825818,en,ncis
adequacy,0.0002369045825818,en,ncis
niven,0.0002369045825818,en,ncis
obliquely,0.0002369045825818,en,ncis
haru,0.0002369045825818,en,ncis
micke,0.0002369045825818,en,ncis
ciphertext,0.0002369045825818,en,ncis
epipen,0.0002369045825818,en,ncis
prolactin,0.0002369045825818,en,ncis
wearing,0.0002369045825818,en,ncis
oxalate,0.0002369045825818,en,ncis
fludrocortisone,0.0002369045825818,en,ncis
sexily,0.0002369045825818,en,ncis
malachi,0.0002369045825818,en,ncis
discolouration,0.0002369045825818,en,ncis
osmium,0.0002369045825818,en,ncis
perimortem,0.0002369045825818,en,ncis
potahto,0.0002369045825818,en,ncis
connexion,0.0002369045825818,en,ncis
binoc,0.0002369045825818,en,ncis
renovations,0.0002369045825818,en,ncis
lnjurie,0.0002369045825818,en,ncis
antismoke,0.0002369045825818,en,ncis
dinar,0.0002369045825818,en,ncis
seconded,0.0002369045825818,en,ncis
strangelove,0.0002369045825818,en,ncis
dearth,0.0002369045825818,en,ncis
atherosclerotic,0.0002369045825818,en,ncis
sealing,0.0002369045825818,en,ncis
timothy,0.0002369045825818,en,ncis
beavi,0.0002369045825818,en,ncis
sel,0.0002369045825818,en,ncis
shellcode,0.0002369045825818,en,ncis
ferric,0.0002369045825818,en,ncis
stegman,0.0002369045825818,en,ncis
stradivarius,0.0002369045825818,en,ncis
bronwyn,0.0002369045825818,en,ncis
mapmaker,0.0002369045825818,en,ncis
navi,0.0002369045825818,en,ncis
intruding,0.0002369045825818,en,ncis
dextrose,0.0002369045825818,en,ncis
lmpressionist,0.0002369045825818,en,ncis
lrishman,0.0002369045825818,en,ncis
fishbein,0.0002369045825818,en,ncis
caca,0.0002369045825818,en,ncis
pachinko,0.0002369045825818,en,ncis
atcc,0.0002369045825818,en,ncis
mislaid,0.0002369045825818,en,ncis
princeton,0.0002369045825818,en,ncis
unstealable,0.0002369045825818,en,ncis
smuggled,0.0002369045825818,en,ncis
woodley,0.0002369045825818,en,ncis
lactobacillus,0.0002369045825818,en,ncis
wive,0.0002369045825818,en,ncis
pseudofolliculitis,0.0002369045825818,en,ncis
evenn,0.0002369045825818,en,ncis
friennd,0.0002369045825818,en,ncis
niger,0.0002369045825818,en,ncis
radiographic,0.0002369045825818,en,ncis
bagged,0.0002369045825818,en,ncis
downdraft,0.0002369045825818,en,ncis
blo,0.0002369045825818,en,ncis
fibrous,0.0002369045825818,en,ncis
saif,0.0002369045825818,en,ncis
liquidation,0.0002369045825818,en,ncis
supraorbital,0.0002369045825818,en,ncis
gilead,0.0002369045825818,en,ncis
faecal,0.0002369045825818,en,ncis
lncome,0.0002369045825818,en,ncis
lnn,0.0002369045825818,en,ncis
escher,0.0002369045825818,en,ncis
lraq,0.0002369045825818,en,ncis
guam,0.0002369045825818,en,ncis
goodwin,0.0002369045825818,en,ncis
gunsmith,0.0002369045825818,en,ncis
tapp,0.0002369045825818,en,ncis
kimbo,0.0002369045825818,en,ncis
pashto,0.0002369045825818,en,ncis
sluggy,0.0002369045825818,en,ncis
petrie,0.0002369045825818,en,ncis
hearabout,0.0002369045825818,en,ncis
wescott,0.0002369045825818,en,ncis
vulcanize,0.0002369045825818,en,ncis
shup,0.0002369045825818,en,ncis
applebee,0.0002369045825818,en,ncis
groat,0.0002369045825818,en,ncis
pratique,0.0002369045825818,en,ncis
pincher,0.0002369045825818,en,ncis
sld,0.0002369045825818,en,ncis
strafe,0.0002369045825818,en,ncis
unlawfully,0.0002369045825818,en,ncis
portman,0.0002369045825818,en,ncis
girls,0.0002369045825818,en,ncis
paroxetine,0.0002369045825818,en,ncis
festoon,0.0002369045825818,en,ncis
unfurnishe,0.0002369045825818,en,ncis
forslash,0.0002369045825818,en,ncis
anyyone,0.0002369045825818,en,ncis
pushback,0.0002369045825818,en,ncis
outliney,0.0002369045825818,en,ncis
broadhurst,0.0002369045825818,en,ncis
disbelieve,0.0002369045825818,en,ncis
lightlessness,0.0002369045825818,en,ncis
susal,0.0002369045825818,en,ncis
uavs,0.0002369045825818,en,ncis
kensi,0.0002369045825818,en,ncis
deniro,0.0002369045825818,en,ncis
celebritie,0.0002369045825818,en,ncis
kincaid,0.0002369045825818,en,ncis
vidal,0.0002369045825818,en,ncis
antimicrobial,0.0002369045825818,en,ncis
fuzziness,0.0002369045825818,en,ncis
electrophoresis,0.0002369045825818,en,ncis
benzophenone,0.0002369045825818,en,ncis
spikie,0.0002369045825818,en,ncis
madd,0.0002369045825818,en,ncis
decca,0.0002369045825818,en,ncis
penetrative,0.0002369045825818,en,ncis
solly,0.0002369045825818,en,ncis
conidiophore,0.0002369045825818,en,ncis
ifs,0.0002369045825818,en,ncis
rostoff,0.0002369045825818,en,ncis
redactor,0.0002369045825818,en,ncis
kolcheck,0.0002369045825818,en,ncis
honourably,0.0002369045825818,en,ncis
aweigh,0.0002369045825818,en,ncis
lndianapolis,0.0002369045825818,en,ncis
molybdenum,0.0002369045825818,en,ncis
anbar,0.0002369045825818,en,ncis
distorter,0.0002369045825818,en,ncis
centauris,0.0002369045825818,en,ncis
centauri,0.0002369045825818,en,ncis
thessalonian,0.0002369045825818,en,ncis
trinitrotoluene,0.0002369045825818,en,ncis
tetranitramin,0.0002369045825818,en,ncis
tetrahexamine,0.0002369045825818,en,ncis
safflower,0.0002369045825818,en,ncis
hastings,0.0002369045825818,en,ncis
pugilist,0.0002369045825818,en,ncis
zuggler,0.0002369045825818,en,ncis
kinkirk,0.0002369045825818,en,ncis
protectorsuit,0.0002369045825818,en,ncis
inversely,0.0002369045825818,en,ncis
calliphoridae,0.0002369045825818,en,ncis
unfocus,0.0002369045825818,en,ncis
peacekeeping,0.0002369045825818,en,ncis
treeline,0.0002369045825818,en,ncis
anthracite,0.0002369045825818,en,ncis
threading,0.0002369045825818,en,ncis
regurgitated,0.0002369045825818,en,ncis
embarrassingly,0.0002369045825818,en,ncis
mps,0.0002369045825818,en,ncis
rhenium,0.0002369045825818,en,ncis
executable,0.0002369045825818,en,ncis
polysaccharide,0.0002369045825818,en,ncis
tailing,0.0002369045825818,en,ncis
ftc,0.0002369045825818,en,ncis
snl,0.0002369045825818,en,ncis
hackensack,0.0002369045825818,en,ncis
miyagi,0.0002369045825818,en,ncis
polyphenol,0.0002369045825818,en,ncis
mamita,0.0002369045825818,en,ncis
customarily,0.0002369045825818,en,ncis
levinson,0.0002369045825818,en,ncis
mescal,0.0002369045825818,en,ncis
unasked,0.0002369045825818,en,ncis
gru,0.0002369045825818,en,ncis
tennyson,0.0002369045825818,en,ncis
westmoreland,0.0002369045825818,en,ncis
teletubby,0.0002369045825818,en,ncis
lutetium,0.0002369045825818,en,ncis
europium,0.0002369045825818,en,ncis
americium,0.0002369045825818,en,ncis
germanium,0.0002369045825818,en,ncis
neptunium,0.0002369045825818,en,ncis
uninitiated,0.0002369045825818,en,ncis
danville,0.0002369045825818,en,ncis
haemorrhagic,0.0002369045825818,en,ncis
pancho,0.0002369045825818,en,ncis
inked,0.0002369045825818,en,ncis
punjab,0.0002369045825818,en,ncis
mendelevium,0.0002369045825818,en,ncis
astatine,0.0002369045825818,en,ncis
vanadium,0.0002369045825818,en,ncis
corrugate,0.0002369045825818,en,ncis
minoring,0.0002369045825818,en,ncis
risque,0.0002369045825818,en,ncis
preminger,0.0002369045825818,en,ncis
maelstrom,0.0002369045825818,en,ncis
chequebook,0.0002369045825818,en,ncis
orkney,0.0002369045825818,en,ncis
hyperlink,0.0002369045825818,en,ncis
liked,0.0002369045825818,en,ncis
uniroyal,0.0002369045825818,en,ncis
mauling,0.0002369045825818,en,ncis
prevalence,0.0002369045825818,en,ncis
sandi,0.0002369045825818,en,ncis
antivenom,0.0002369045825818,en,ncis
bajillion,0.0002369045825818,en,ncis
prohibitively,0.0002369045825818,en,ncis
eastsider,0.0002369045825818,en,ncis
imbedded,0.0002369045825818,en,ncis
pharmaceutically,0.0002369045825818,en,ncis
connote,0.0002369045825818,en,ncis
wilmont,0.0002369045825818,en,ncis
florescent,0.0002369045825818,en,ncis
nettie,0.0002369045825818,en,ncis
laramie,0.0002369045825818,en,ncis
siam,0.0002369045825818,en,ncis
subnet,0.0002369045825818,en,ncis
phenylacetic,0.0002369045825818,en,ncis
assalamu,0.0002369045825818,en,ncis
zircon,0.0002369045825818,en,ncis
fleetingly,0.0002369045825818,en,ncis
wollen,0.0002369045825818,en,ncis
ashton,0.0002369045825818,en,ncis
unburie,0.0002369045825818,en,ncis
reflexive,0.0002369045825818,en,ncis
surreptitiously,0.0002369045825818,en,ncis
darkman,0.0002369045825818,en,ncis
rifling,0.0002369045825818,en,ncis
pepsin,0.0002369045825818,en,ncis
overland,0.0002369045825818,en,ncis
testee,0.0002369045825818,en,ncis
digression,0.0002369045825818,en,ncis
lotus,0.0002369045825818,en,ncis
sixpence,0.0002369045825818,en,ncis
carreful,0.0002369045825818,en,ncis
hyperemesis,0.0002369045825818,en,ncis
ferraris,0.0002369045825818,en,ncis
watley,0.0002369045825818,en,ncis
iguaz,0.0002369045825818,en,ncis
berk,0.0002369045825818,en,ncis
lnstinct,0.0002369045825818,en,ncis
dss,0.0002369045825818,en,ncis
schlage,0.0002369045825818,en,ncis
ejector,0.0002369045825818,en,ncis
cropped,0.0002369045825818,en,ncis
underexposed,0.0002369045825818,en,ncis
immediat,0.0002369045825818,en,ncis
protectee,0.0002369045825818,en,ncis
svr,0.0002369045825818,en,ncis
aftermarket,0.0002369045825818,en,ncis
refractive,0.0002369045825818,en,ncis
sikes,0.0002369045825818,en,ncis
proving,0.0002369045825818,en,ncis
roebuck,0.0002369045825818,en,ncis
ghostwrite,0.0002369045825818,en,ncis
dogged,0.0002369045825818,en,ncis
subsalicylate,0.0002369045825818,en,ncis
ilya,0.0002369045825818,en,ncis
discourtesy,0.0002369045825818,en,ncis
gacy,0.0002369045825818,en,ncis
knifepoint,0.0002369045825818,en,ncis
slashing,0.0002369045825818,en,ncis
interrogating,0.0002369045825818,en,ncis
outsourcing,0.0002369045825818,en,ncis
grimlock,0.0002369045825818,en,ncis
corroborating,0.0002369045825818,en,ncis
reclining,0.0002369045825818,en,ncis
recoverable,0.0002369045825818,en,ncis
crankshaft,0.0002369045825818,en,ncis
rhiannon,0.0002369045825818,en,ncis
mulled,0.0002369045825818,en,ncis
pugilistic,0.0002369045825818,en,ncis
suckas,0.0002369045825818,en,ncis
superheat,0.0002369045825818,en,ncis
sectarian,0.0002369045825818,en,ncis
sipowicz,0.0002369045825818,en,ncis
mothra,0.0002369045825818,en,ncis
shmuel,0.0002369045825818,en,ncis
mcrobert,0.0002369045825818,en,ncis
growly,0.0002369045825818,en,ncis
pokemon,0.0002369045825818,en,ncis
saharan,0.0002369045825818,en,ncis
moonstruck,0.0002369045825818,en,ncis
journeyman,0.0002369045825818,en,ncis
uppercut,0.0002369045825818,en,ncis
bellamy,0.0002369045825818,en,ncis
paddington,0.0002369045825818,en,ncis
marc,0.0002369045825818,en,ncis
capitale,0.0002369045825818,en,ncis
torrey,0.0002369045825818,en,ncis
mujahideen,0.0002369045825818,en,ncis
bergamot,0.0002369045825818,en,ncis
untidy,0.0002369045825818,en,ncis
rashomon,0.0002369045825818,en,ncis
repositioning,0.0002369045825818,en,ncis
stupido,0.0002369045825818,en,ncis
mmorpg,0.0002369045825818,en,ncis
apartement,0.0002369045825818,en,ncis
nea,0.0002369045825818,en,ncis
scotchgard,0.0002369045825818,en,ncis
cordite,0.0002369045825818,en,ncis
intrauterine,0.0002369045825818,en,ncis
ringling,0.0002369045825818,en,ncis
deplane,0.0002369045825818,en,ncis
faceplate,0.0002369045825818,en,ncis
felson,0.0002369045825818,en,ncis
wheelbase,0.0002369045825818,en,ncis
antecubital,0.0002369045825818,en,ncis
precancerous,0.0002369045825818,en,ncis
moonstone,0.0002369045825818,en,ncis
woodridge,0.0002369045825818,en,ncis
annandale,0.0002369045825818,en,ncis
norvell,0.0002369045825818,en,ncis
creo,0.0002369045825818,en,ncis
lmprovise,0.0002369045825818,en,ncis
midler,0.0002369045825818,en,ncis
chex,0.0002369045825818,en,ncis
dorsi,0.0002369045825818,en,ncis
latissimus,0.0002369045825818,en,ncis
chicory,0.0002369045825818,en,ncis
qual,0.0002369045825818,en,ncis
gasping,0.0002369045825818,en,ncis
gaffe,0.0002369045825818,en,ncis
stasi,0.0002369045825818,en,ncis
airphone,0.0002369045825818,en,ncis
lighthearte,0.0002369045825818,en,ncis
aegean,0.0002369045825818,en,ncis
fico,0.0002369045825818,en,ncis
stratum,0.0002369045825818,en,ncis
blighty,0.0002369045825818,en,ncis
pgp,0.0002369045825818,en,ncis
seaworthy,0.0002369045825818,en,ncis
oom,0.0002369045825818,en,ncis
ulcerated,0.0002369045825818,en,ncis
peppery,0.0002369045825818,en,ncis
jellied,0.0002369045825818,en,ncis
falls,0.0002369045825818,en,ncis
stuckey,0.0002369045825818,en,ncis
monastic,0.0002369045825818,en,ncis
wowser,0.0002369045825818,en,ncis
titleist,0.0002369045825818,en,ncis
wildwood,0.0002369045825818,en,ncis
yve,0.0002369045825818,en,ncis
knelt,0.0002369045825818,en,ncis
fitrep,0.0002369045825818,en,ncis
ftls,0.0002369045825818,en,ncis
friedrich,0.0002369045825818,en,ncis
duracell,0.0002369045825818,en,ncis
limbaugh,0.0002369045825818,en,ncis
mammalian,0.0002369045825818,en,ncis
yound,0.0002369045825818,en,ncis
augury,0.0002369045825818,en,ncis
gimel,0.0002369045825818,en,ncis
dni,0.0002369045825818,en,ncis
arme,0.0002369045825818,en,ncis
acus,0.0002369045825818,en,ncis
subversion,0.0002369045825818,en,ncis
cumberland,0.0002369045825818,en,ncis
lanny,0.0002369045825818,en,ncis
hardesty,0.0002369045825818,en,ncis
swabbie,0.0002369045825818,en,ncis
thom,0.0002369045825818,en,ncis
verdi,0.0002369045825818,en,ncis
antiaircraft,0.0002369045825818,en,ncis
clientle,0.0002369045825818,en,ncis
parked,0.0002369045825818,en,ncis
informally,0.0002369045825818,en,ncis
gdansk,0.0002369045825818,en,ncis
mollusk,0.0002369045825818,en,ncis
clogger,0.0002369045825818,en,ncis
unshielded,0.0002369045825818,en,ncis
gato,0.0002369045825818,en,ncis
elke,0.0002369045825818,en,ncis
enucleate,0.0002369045825818,en,ncis
brandywine,0.0002369045825818,en,ncis
glucosidase,0.0002369045825818,en,ncis
bisection,0.0002369045825818,en,ncis
throway,0.0002369045825818,en,ncis
accursed,0.0002369045825818,en,ncis
blume,0.0002369045825818,en,ncis
akira,0.0002369045825818,en,ncis
bondo,0.0002369045825818,en,ncis
cuda,0.0002369045825818,en,ncis
protozoan,0.0002369045825818,en,ncis
quarterdeck,0.0002369045825818,en,ncis
reputedly,0.0002369045825818,en,ncis
biohazardous,0.0002369045825818,en,ncis
sneakiness,0.0002369045825818,en,ncis
woodworke,0.0002369045825818,en,ncis
mgs,0.0002369045825818,en,ncis
simulate,0.0002366768904035,en,ncis
handed,0.0002366768904035,en,ncis
quantum,0.0002366768904035,en,ncis
clipping,0.0002366768904035,en,ncis
doorknob,0.0002366768904035,en,ncis
ramification,0.0002366768904035,en,ncis
coop,0.0002366768904035,en,ncis
publicist,0.0002366768904035,en,ncis
smelly,0.0002366768904035,en,ncis
susceptible,0.0002366768904035,en,ncis
emphasis,0.0002366768904035,en,ncis
atone,0.0002366768904035,en,ncis
firmly,0.0002366768904035,en,ncis
pineapple,0.0002366768904035,en,ncis
dimensional,0.0002366768904035,en,ncis
stern,0.0002366768904035,en,ncis
claustrophobic,0.0002366768904035,en,ncis
theoretical,0.0002366768904035,en,ncis
heinous,0.0002366768904035,en,ncis
advancement,0.0002366768904035,en,ncis
coope,0.0002366768904035,en,ncis
doo,0.0002366768904035,en,ncis
bronze,0.0002366768904035,en,ncis
morale,0.0002366768904035,en,ncis
acquisition,0.0002366768904035,en,ncis
disc,0.0002366768904035,en,ncis
retro,0.0002366768904035,en,ncis
climbing,0.0002366768904035,en,ncis
alleged,0.0002366768904035,en,ncis
amp,0.0002366768904035,en,ncis
anal,0.0002366768904035,en,ncis
literal,0.0002366768904035,en,ncis
skateboard,0.0002366768904035,en,ncis
occupation,0.0002366768904035,en,ncis
ordeal,0.0002366768904035,en,ncis
discourage,0.0002366768904035,en,ncis
accessible,0.0002366768904035,en,ncis
vandalism,0.0002366768904035,en,ncis
mist,0.0002366768904035,en,ncis
primarily,0.0002366768904035,en,ncis
orient,0.0002366768904035,en,ncis
bankruptcy,0.0002366768904035,en,ncis
deactivate,0.0002366768904035,en,ncis
thorn,0.0002366768904035,en,ncis
distort,0.0002366768904035,en,ncis
deteriorate,0.0002366768904035,en,ncis
sponsor,0.0002352616799406,en,ncis
talented,0.0002352616799406,en,ncis
secretly,0.0002352616799406,en,ncis
ultimately,0.0002352616799406,en,ncis
discount,0.0002352616799406,en,ncis
bully,0.0002352616799406,en,ncis
untouched,0.0002335942658316,en,ncis
humanitarian,0.0002335942658316,en,ncis
residual,0.0002335942658316,en,ncis
superstition,0.0002335942658316,en,ncis
campbell,0.0002335942658316,en,ncis
alligator,0.0002335942658316,en,ncis
stride,0.0002335942658316,en,ncis
pretentious,0.0002335942658316,en,ncis
wendy,0.0002335942658316,en,ncis
stocking,0.0002335942658316,en,ncis
unfamiliar,0.0002335942658316,en,ncis
activist,0.0002335942658316,en,ncis
gadget,0.0002335942658316,en,ncis
inspirational,0.0002335942658316,en,ncis
swimsuit,0.0002335942658316,en,ncis
beaver,0.0002335942658316,en,ncis
characteristic,0.0002335942658316,en,ncis
statute,0.0002335942658316,en,ncis
highness,0.0002335942658316,en,ncis
dying,0.0002335942658316,en,ncis
prognosis,0.0002335942658316,en,ncis
headlight,0.0002335942658316,en,ncis
talker,0.0002335942658316,en,ncis
misjudge,0.0002335942658316,en,ncis
trucker,0.0002335942658316,en,ncis
colored,0.0002335942658316,en,ncis
sprain,0.0002335942658316,en,ncis
crutch,0.0002335942658316,en,ncis
revenue,0.0002335942658316,en,ncis
waterfall,0.0002335942658316,en,ncis
chap,0.0002335942658316,en,ncis
junction,0.0002335942658316,en,ncis
icon,0.0002335942658316,en,ncis
peck,0.0002335942658316,en,ncis
occupational,0.0002335942658316,en,ncis
braid,0.0002335942658316,en,ncis
sweatshirt,0.0002335942658316,en,ncis
slur,0.0002335942658316,en,ncis
luke,0.0002335942658316,en,ncis
lightweight,0.0002335942658316,en,ncis
gag,0.0002331600220329,en,ncis
claw,0.0002331600220329,en,ncis
gettin,0.0002331600220329,en,ncis
overcome,0.0002310873534357,en,ncis
chef,0.0002310873534357,en,ncis
generally,0.0002310873534357,en,ncis
lawn,0.0002310873534357,en,ncis
drift,0.0002310873534357,en,ncis
fork,0.0002310873534357,en,ncis
polish,0.0002310873534357,en,ncis
rodent,0.0002306036737823,en,ncis
merge,0.0002306036737823,en,ncis
raiser,0.0002306036737823,en,ncis
corny,0.0002306036737823,en,ncis
squeak,0.0002306036737823,en,ncis
arena,0.0002306036737823,en,ncis
grownup,0.0002306036737823,en,ncis
deficiency,0.0002306036737823,en,ncis
impair,0.0002306036737823,en,ncis
openly,0.0002306036737823,en,ncis
tummy,0.0002306036737823,en,ncis
shackle,0.0002306036737823,en,ncis
workshop,0.0002306036737823,en,ncis
banner,0.0002306036737823,en,ncis
philly,0.0002306036737823,en,ncis
marital,0.0002306036737823,en,ncis
elf,0.0002306036737823,en,ncis
alimony,0.0002306036737823,en,ncis
abstract,0.0002306036737823,en,ncis
momentarily,0.0002306036737823,en,ncis
going,0.0002306036737823,en,ncis
competitor,0.0002306036737823,en,ncis
significantly,0.0002306036737823,en,ncis
digging,0.0002306036737823,en,ncis
reverend,0.0002306036737823,en,ncis
renaissance,0.0002306036737823,en,ncis
connecticut,0.0002306036737823,en,ncis
anonymously,0.0002306036737823,en,ncis
hostility,0.0002306036737823,en,ncis
tornado,0.0002306036737823,en,ncis
oatmeal,0.0002306036737823,en,ncis
hotshot,0.0002306036737823,en,ncis
handful,0.0002290428852874,en,ncis
ideal,0.0002290428852874,en,ncis
distant,0.0002290428852874,en,ncis
flood,0.0002290428852874,en,ncis
approval,0.0002290428852874,en,ncis
cork,0.0002276997778821,en,ncis
raspberry,0.0002276997778821,en,ncis
outgrow,0.0002276997778821,en,ncis
scenery,0.0002276997778821,en,ncis
constitute,0.0002276997778821,en,ncis
initiation,0.0002276997778821,en,ncis
lineup,0.0002276997778821,en,ncis
handbook,0.0002276997778821,en,ncis
irresistible,0.0002276997778821,en,ncis
solitude,0.0002276997778821,en,ncis
ceramic,0.0002276997778821,en,ncis
optic,0.0002276997778821,en,ncis
youtube,0.0002276997778821,en,ncis
penance,0.0002276997778821,en,ncis
sac,0.0002276997778821,en,ncis
bakery,0.0002276997778821,en,ncis
bottom,0.0002276997778821,en,ncis
cruelty,0.0002276997778821,en,ncis
front,0.0002276997778821,en,ncis
handiwork,0.0002276997778821,en,ncis
boxing,0.0002276997778821,en,ncis
subscription,0.0002276997778821,en,ncis
havoc,0.0002276997778821,en,ncis
appliance,0.0002276997778821,en,ncis
duration,0.0002276997778821,en,ncis
makeover,0.0002276997778821,en,ncis
ploy,0.0002276997778821,en,ncis
ecstasy,0.0002276997778821,en,ncis
lifting,0.0002276997778821,en,ncis
excitement,0.0002270258604942,en,ncis
grunt,0.0002270258604942,en,ncis
deed,0.0002270258604942,en,ncis
focused,0.0002270258604942,en,ncis
dignity,0.0002270258604942,en,ncis
weed,0.0002270258604942,en,ncis
mob,0.0002270258604942,en,ncis
ensure,0.0002250355520475,en,ncis
resume,0.0002250355520475,en,ncis
chemistry,0.0002250355520475,en,ncis
vine,0.000224877692843,en,ncis
invaluable,0.000224877692843,en,ncis
reconcile,0.000224877692843,en,ncis
align,0.000224877692843,en,ncis
recur,0.000224877692843,en,ncis
quid,0.000224877692843,en,ncis
crowbar,0.000224877692843,en,ncis
winning,0.000224877692843,en,ncis
budge,0.000224877692843,en,ncis
christopher,0.000224877692843,en,ncis
butler,0.000224877692843,en,ncis
tabloid,0.000224877692843,en,ncis
iceberg,0.000224877692843,en,ncis
mule,0.000224877692843,en,ncis
housekeeping,0.000224877692843,en,ncis
outdoors,0.000224877692843,en,ncis
bleak,0.000224877692843,en,ncis
sexist,0.000224877692843,en,ncis
facilitate,0.000224877692843,en,ncis
procure,0.000224877692843,en,ncis
cellphone,0.000224877692843,en,ncis
oliver,0.000224877692843,en,ncis
twilight,0.000224877692843,en,ncis
teamwork,0.000224877692843,en,ncis
unbearable,0.000224877692843,en,ncis
nephew,0.0002230712614507,en,ncis
campaign,0.0002230712614507,en,ncis
fade,0.0002230712614507,en,ncis
possess,0.0002230712614507,en,ncis
hobby,0.0002230712614507,en,ncis
undo,0.0002230712614507,en,ncis
originator,0.0002224949624334,en,ncis
merton,0.0002224949624334,en,ncis
bluer,0.0002224949624334,en,ncis
pythagorean,0.0002224949624334,en,ncis
anson,0.0002224949624334,en,ncis
kurosawa,0.0002224949624334,en,ncis
plumage,0.0002224949624334,en,ncis
huxley,0.0002224949624334,en,ncis
blocked,0.0002224949624334,en,ncis
narration,0.0002224949624334,en,ncis
moisturizing,0.0002224949624334,en,ncis
coated,0.0002224949624334,en,ncis
inchon,0.0002224949624334,en,ncis
mcginty,0.0002224949624334,en,ncis
shoveling,0.0002224949624334,en,ncis
tweeting,0.0002224949624334,en,ncis
cavitation,0.0002224949624334,en,ncis
thematically,0.0002224949624334,en,ncis
amadeus,0.0002224949624334,en,ncis
linkup,0.0002224949624334,en,ncis
mclovin,0.0002224949624334,en,ncis
unobstructed,0.0002224949624334,en,ncis
unreveale,0.0002224949624334,en,ncis
repairable,0.0002224949624334,en,ncis
unsealed,0.0002224949624334,en,ncis
starling,0.0002224949624334,en,ncis
cinematography,0.0002224949624334,en,ncis
assy,0.0002224949624334,en,ncis
pakistan,0.0002224949624334,en,ncis
whitewash,0.0002224949624334,en,ncis
robby,0.0002224949624334,en,ncis
birdshot,0.0002224949624334,en,ncis
centralize,0.0002224949624334,en,ncis
iridium,0.0002224949624334,en,ncis
stylize,0.0002224949624334,en,ncis
ips,0.0002224949624334,en,ncis
allahu,0.0002224949624334,en,ncis
fincher,0.0002224949624334,en,ncis
fidelis,0.0002224949624334,en,ncis
cavalli,0.0002224949624334,en,ncis
misjudgment,0.0002224949624334,en,ncis
jeffery,0.0002224949624334,en,ncis
expansive,0.0002224949624334,en,ncis
mesopotamian,0.0002224949624334,en,ncis
ellsworth,0.0002224949624334,en,ncis
assisting,0.0002224949624334,en,ncis
pappy,0.0002224949624334,en,ncis
communications,0.0002224949624334,en,ncis
spironolactone,0.0002224949624334,en,ncis
androgen,0.0002224949624334,en,ncis
lnsurance,0.0002224949624334,en,ncis
lattice,0.0002224949624334,en,ncis
zork,0.0002224949624334,en,ncis
overridden,0.0002224949624334,en,ncis
marone,0.0002224949624334,en,ncis
misdemeanour,0.0002224949624334,en,ncis
smudged,0.0002224949624334,en,ncis
fluoresce,0.0002224949624334,en,ncis
californ,0.0002224949624334,en,ncis
grabass,0.0002224949624334,en,ncis
nonsequential,0.0002224949624334,en,ncis
rotgut,0.0002224949624334,en,ncis
analogue,0.0002224949624334,en,ncis
tomkat,0.0002224949624334,en,ncis
telescopic,0.0002224949624334,en,ncis
meritocracy,0.0002224949624334,en,ncis
eviscerated,0.0002224949624334,en,ncis
sump,0.0002224949624334,en,ncis
oahu,0.0002224949624334,en,ncis
biowarfare,0.0002224949624334,en,ncis
rehearsed,0.0002224949624334,en,ncis
palindrome,0.0002224949624334,en,ncis
crossbone,0.0002224949624334,en,ncis
jimmied,0.0002224949624334,en,ncis
kart,0.0002224949624334,en,ncis
serration,0.0002224949624334,en,ncis
duplex,0.0002224949624334,en,ncis
niro,0.0002224949624334,en,ncis
portobello,0.0002224949624334,en,ncis
hoh,0.0002224949624334,en,ncis
mpeg,0.0002224949624334,en,ncis
charon,0.0002224949624334,en,ncis
saltpeter,0.0002224949624334,en,ncis
seora,0.0002224949624334,en,ncis
refuelling,0.0002224949624334,en,ncis
libber,0.0002224949624334,en,ncis
buckeye,0.0002224949624334,en,ncis
airwolf,0.0002224949624334,en,ncis
perplexed,0.0002224949624334,en,ncis
kiefer,0.0002224949624334,en,ncis
haggis,0.0002224949624334,en,ncis
redrum,0.0002224949624334,en,ncis
winnie,0.0002224949624334,en,ncis
somewhe,0.0002224949624334,en,ncis
capuchin,0.0002224949624334,en,ncis
condenser,0.0002224949624334,en,ncis
fabricator,0.0002224949624334,en,ncis
dusseldorf,0.0002224949624334,en,ncis
opportune,0.0002224949624334,en,ncis
subplot,0.0002224949624334,en,ncis
toxicological,0.0002224949624334,en,ncis
pestle,0.0002224949624334,en,ncis
freezin,0.0002224949624334,en,ncis
reinhardt,0.0002224949624334,en,ncis
haymaker,0.0002224949624334,en,ncis
teed,0.0002224949624334,en,ncis
skymall,0.0002224949624334,en,ncis
aced,0.0002224949624334,en,ncis
gillman,0.0002224949624334,en,ncis
plating,0.0002224949624334,en,ncis
carbonic,0.0002224949624334,en,ncis
ignoble,0.0002224949624334,en,ncis
wir,0.0002224949624334,en,ncis
achtung,0.0002224949624334,en,ncis
stepdaddy,0.0002224949624334,en,ncis
hemostasis,0.0002224949624334,en,ncis
atelectasis,0.0002224949624334,en,ncis
regulated,0.0002224949624334,en,ncis
blastoff,0.0002224949624334,en,ncis
breezeway,0.0002224949624334,en,ncis
introvert,0.0002224949624334,en,ncis
stepparent,0.0002224949624334,en,ncis
kibbutz,0.0002224949624334,en,ncis
rilke,0.0002224949624334,en,ncis
mephistophele,0.0002224949624334,en,ncis
naturalization,0.0002224949624334,en,ncis
sandblast,0.0002224949624334,en,ncis
consternation,0.0002224949624334,en,ncis
berlitz,0.0002224949624334,en,ncis
shamus,0.0002224949624334,en,ncis
naphthalene,0.0002224949624334,en,ncis
hepa,0.0002224949624334,en,ncis
varix,0.0002224949624334,en,ncis
paul,0.0002224949624334,en,ncis
narco,0.0002224949624334,en,ncis
mitzvahe,0.0002224949624334,en,ncis
nationalize,0.0002224949624334,en,ncis
compagny,0.0002224949624334,en,ncis
farhad,0.0002224949624334,en,ncis
nsf,0.0002224949624334,en,ncis
fastback,0.0002224949624334,en,ncis
assalam,0.0002224949624334,en,ncis
herat,0.0002224949624334,en,ncis
reverberation,0.0002224949624334,en,ncis
catalytic,0.0002224949624334,en,ncis
dostoevsky,0.0002224949624334,en,ncis
vlp,0.0002224949624334,en,ncis
bewitched,0.0002224949624334,en,ncis
docker,0.0002224949624334,en,ncis
hoofer,0.0002224949624334,en,ncis
uploading,0.0002224949624334,en,ncis
tachycardiac,0.0002224949624334,en,ncis
vestment,0.0002224949624334,en,ncis
turvy,0.0002224949624334,en,ncis
topsy,0.0002224949624334,en,ncis
pucci,0.0002224949624334,en,ncis
django,0.0002224949624334,en,ncis
epsom,0.0002224949624334,en,ncis
xenophobic,0.0002224949624334,en,ncis
etomidate,0.0002224949624334,en,ncis
dawe,0.0002224949624334,en,ncis
ramadi,0.0002224949624334,en,ncis
assuredly,0.0002224949624334,en,ncis
cadabra,0.0002224949624334,en,ncis
capitan,0.0002224949624334,en,ncis
tetracycline,0.0002224949624334,en,ncis
vapour,0.0002224949624334,en,ncis
footfall,0.0002224949624334,en,ncis
protease,0.0002224949624334,en,ncis
chargeable,0.0002224949624334,en,ncis
arrogantly,0.0002224949624334,en,ncis
ardent,0.0002224949624334,en,ncis
enactor,0.0002224949624334,en,ncis
paycheque,0.0002224949624334,en,ncis
compilation,0.0002224949624334,en,ncis
puerta,0.0002224949624334,en,ncis
malden,0.0002224949624334,en,ncis
cytology,0.0002224949624334,en,ncis
stiffness,0.0002224949624334,en,ncis
mla,0.0002224949624334,en,ncis
lmmigration,0.0002224949624334,en,ncis
leasing,0.0002224949624334,en,ncis
paree,0.0002224949624334,en,ncis
concerted,0.0002224949624334,en,ncis
archaeological,0.0002224949624334,en,ncis
teutonic,0.0002224949624334,en,ncis
wester,0.0002224949624334,en,ncis
mideast,0.0002224949624334,en,ncis
doz,0.0002224949624334,en,ncis
barad,0.0002224949624334,en,ncis
shedding,0.0002224949624334,en,ncis
kristin,0.0002224949624334,en,ncis
overnighter,0.0002224949624334,en,ncis
satnav,0.0002224949624334,en,ncis
carafe,0.0002224949624334,en,ncis
regatta,0.0002224949624334,en,ncis
perez,0.0002224949624334,en,ncis
adipose,0.0002224949624334,en,ncis
cld,0.0002224949624334,en,ncis
octane,0.0002224949624334,en,ncis
goliath,0.0002224949624334,en,ncis
linden,0.0002224949624334,en,ncis
gilding,0.0002224949624334,en,ncis
topspin,0.0002224949624334,en,ncis
hackable,0.0002224949624334,en,ncis
lejeune,0.0002224949624334,en,ncis
according,0.0002224949624334,en,ncis
lambskin,0.0002224949624334,en,ncis
transdermal,0.0002224949624334,en,ncis
frogman,0.0002224949624334,en,ncis
lntelligence,0.0002224949624334,en,ncis
biomechanical,0.0002224949624334,en,ncis
indexing,0.0002224949624334,en,ncis
sangiovese,0.0002224949624334,en,ncis
worf,0.0002224949624334,en,ncis
girle,0.0002224949624334,en,ncis
bragg,0.0002224949624334,en,ncis
optimistically,0.0002224949624334,en,ncis
santini,0.0002224949624334,en,ncis
brushing,0.0002224949624334,en,ncis
umber,0.0002224949624334,en,ncis
linseed,0.0002224949624334,en,ncis
gaucher,0.0002224949624334,en,ncis
paradoxical,0.0002224949624334,en,ncis
touched,0.0002224949624334,en,ncis
wate,0.0002224949624334,en,ncis
indefensible,0.0002224949624334,en,ncis
hirst,0.0002224949624334,en,ncis
spatio,0.0002224949624334,en,ncis
noire,0.0002224949624334,en,ncis
cpb,0.0002224949624334,en,ncis
gabbana,0.0002224949624334,en,ncis
neatness,0.0002224949624334,en,ncis
localise,0.0002224949624334,en,ncis
tali,0.0002224949624334,en,ncis
ferrous,0.0002224949624334,en,ncis
literate,0.0002224949624334,en,ncis
colorfully,0.0002224949624334,en,ncis
cheerfully,0.0002224949624334,en,ncis
yardstick,0.0002224949624334,en,ncis
unbuttoned,0.0002224949624334,en,ncis
tace,0.0002224949624334,en,ncis
cheeseball,0.0002224949624334,en,ncis
dunham,0.0002224949624334,en,ncis
brontosaurus,0.0002224949624334,en,ncis
masala,0.0002224949624334,en,ncis
immunological,0.0002224949624334,en,ncis
sphinct,0.0002224949624334,en,ncis
longhorn,0.0002224949624334,en,ncis
cosi,0.0002224949624334,en,ncis
pennsylvania,0.0002224949624334,en,ncis
histological,0.0002224949624334,en,ncis
hatfield,0.0002224949624334,en,ncis
lector,0.0002224949624334,en,ncis
magnetometer,0.0002224949624334,en,ncis
heartie,0.0002224949624334,en,ncis
hermes,0.0002224949624334,en,ncis
cudgel,0.0002224949624334,en,ncis
coronado,0.0002224949624334,en,ncis
condi,0.0002224949624334,en,ncis
feeb,0.0002224949624334,en,ncis
topsoil,0.0002224949624334,en,ncis
nro,0.0002224949624334,en,ncis
sciency,0.0002224949624334,en,ncis
slr,0.0002224949624334,en,ncis
alfonso,0.0002224949624334,en,ncis
perla,0.0002224949624334,en,ncis
dasher,0.0002224949624334,en,ncis
chilled,0.0002224949624334,en,ncis
fairway,0.0002224949624334,en,ncis
tarnished,0.0002224949624334,en,ncis
nome,0.0002224949624334,en,ncis
venir,0.0002224949624334,en,ncis
agente,0.0002224949624334,en,ncis
unfazed,0.0002224949624334,en,ncis
legoland,0.0002224949624334,en,ncis
yusef,0.0002224949624334,en,ncis
skinn,0.0002224949624334,en,ncis
nassau,0.0002224949624334,en,ncis
acura,0.0002224949624334,en,ncis
lnc,0.0002224949624334,en,ncis
arming,0.0002224949624334,en,ncis
sanctioned,0.0002224949624334,en,ncis
obfuscation,0.0002224949624334,en,ncis
oesophageal,0.0002224949624334,en,ncis
thinga,0.0002224949624334,en,ncis
carmelo,0.0002224949624334,en,ncis
genotype,0.0002224949624334,en,ncis
visualise,0.0002224949624334,en,ncis
nur,0.0002224949624334,en,ncis
divid,0.0002224949624334,en,ncis
racking,0.0002224949624334,en,ncis
thunderbolt,0.0002224949624334,en,ncis
caph,0.0002224949624334,en,ncis
policia,0.0002224949624334,en,ncis
hypochlorite,0.0002224949624334,en,ncis
outspend,0.0002224949624334,en,ncis
angling,0.0002224949624334,en,ncis
haphazard,0.0002224949624334,en,ncis
sunglasse,0.0002224949624334,en,ncis
spacing,0.0002224949624334,en,ncis
debridement,0.0002224949624334,en,ncis
munro,0.0002224949624334,en,ncis
reinterview,0.0002224949624334,en,ncis
rehabilitative,0.0002224949624334,en,ncis
commun,0.0002224949624334,en,ncis
polynesian,0.0002224949624334,en,ncis
rana,0.0002224949624334,en,ncis
herback,0.0002224949624334,en,ncis
breakwater,0.0002224949624334,en,ncis
oni,0.0002224949624334,en,ncis
unearthly,0.0002224949624334,en,ncis
adductor,0.0002224949624334,en,ncis
mcgruff,0.0002224949624334,en,ncis
monolithic,0.0002224949624334,en,ncis
ecu,0.0002224949624334,en,ncis
detecting,0.0002224949624334,en,ncis
neuropathy,0.0002224949624334,en,ncis
nye,0.0002224949624334,en,ncis
makarov,0.0002224949624334,en,ncis
frankfurt,0.0002224949624334,en,ncis
bootlegging,0.0002224949624334,en,ncis
ketone,0.0002224949624334,en,ncis
pyrolysis,0.0002224949624334,en,ncis
dowel,0.0002224949624334,en,ncis
dunaway,0.0002224949624334,en,ncis
capulet,0.0002224949624334,en,ncis
dragnet,0.0002224949624334,en,ncis
bennie,0.0002224949624334,en,ncis
bespoke,0.0002224949624334,en,ncis
americanus,0.0002224949624334,en,ncis
oversight,0.0002221329350126,en,ncis
ste,0.0002221329350126,en,ncis
testosterone,0.0002221329350126,en,ncis
atlantic,0.0002221329350126,en,ncis
unrelated,0.0002221329350126,en,ncis
honour,0.0002221329350126,en,ncis
tumble,0.0002221329350126,en,ncis
resentment,0.0002221329350126,en,ncis
ten,0.0002221329350126,en,ncis
pointer,0.0002221329350126,en,ncis
foremost,0.0002221329350126,en,ncis
imaging,0.0002221329350126,en,ncis
strengthen,0.0002221329350126,en,ncis
spaghetti,0.0002221329350126,en,ncis
cuckoo,0.0002221329350126,en,ncis
yogurt,0.0002221329350126,en,ncis
looking,0.0002221329350126,en,ncis
fudge,0.0002221329350126,en,ncis
synthetic,0.0002221329350126,en,ncis
cheeseburger,0.0002221329350126,en,ncis
fiery,0.0002221329350126,en,ncis
dripping,0.0002221329350126,en,ncis
mac,0.0002221329350126,en,ncis
guideline,0.0002221329350126,en,ncis
bloodshed,0.0002221329350126,en,ncis
correctly,0.0002211323172468,en,ncis
memorable,0.0002194613795194,en,ncis
neutralize,0.0002194613795194,en,ncis
bearing,0.0002194613795194,en,ncis
dire,0.0002194613795194,en,ncis
blee,0.0002194613795194,en,ncis
artistic,0.0002194613795194,en,ncis
loot,0.0002194613795194,en,ncis
spencer,0.0002194613795194,en,ncis
addicted,0.0002194613795194,en,ncis
diabetic,0.0002194613795194,en,ncis
sensible,0.0002194613795194,en,ncis
outburst,0.0002194613795194,en,ncis
royalty,0.0002194613795194,en,ncis
reside,0.0002194613795194,en,ncis
viewer,0.0002194613795194,en,ncis
clamp,0.0002194613795194,en,ncis
conversion,0.0002194613795194,en,ncis
necessity,0.0002194613795194,en,ncis
hospitality,0.0002194613795194,en,ncis
warfare,0.0002194613795194,en,ncis
disclose,0.0002194613795194,en,ncis
administrative,0.0002194613795194,en,ncis
tack,0.0002194613795194,en,ncis
muffle,0.0002194613795194,en,ncis
broad,0.0002192180736416,en,ncis
principle,0.0002192180736416,en,ncis
grandpa,0.0002192180736416,en,ncis
disrespectful,0.0002168592229856,en,ncis
destruct,0.0002168592229856,en,ncis
allegation,0.0002168592229856,en,ncis
audit,0.0002168592229856,en,ncis
applaud,0.0002168592229856,en,ncis
snort,0.0002168592229856,en,ncis
ape,0.0002168592229856,en,ncis
phoenix,0.0002168592229856,en,ncis
lash,0.0002168592229856,en,ncis
vary,0.0002168592229856,en,ncis
unprofessional,0.0002168592229856,en,ncis
retrace,0.0002168592229856,en,ncis
madman,0.0002168592229856,en,ncis
dropping,0.0002168592229856,en,ncis
arrogance,0.0002168592229856,en,ncis
evacuation,0.0002168592229856,en,ncis
nominate,0.0002168592229856,en,ncis
dusty,0.0002168592229856,en,ncis
courageous,0.0002168592229856,en,ncis
surrounding,0.0002168592229856,en,ncis
quo,0.0002168592229856,en,ncis
swift,0.0002168592229856,en,ncis
fraction,0.0002168592229856,en,ncis
handshake,0.0002168592229856,en,ncis
cricket,0.0002168592229856,en,ncis
dispense,0.0002168592229856,en,ncis
greed,0.0002168592229856,en,ncis
itchy,0.0002168592229856,en,ncis
existence,0.0002154612256921,en,ncis
noble,0.0002154612256921,en,ncis
bargain,0.0002154612256921,en,ncis
decoration,0.0002143229509619,en,ncis
gambler,0.0002143229509619,en,ncis
cloak,0.0002143229509619,en,ncis
ammunition,0.0002143229509619,en,ncis
mellow,0.0002143229509619,en,ncis
wingman,0.0002143229509619,en,ncis
bound,0.0002143229509619,en,ncis
menace,0.0002143229509619,en,ncis
lunchtime,0.0002143229509619,en,ncis
grin,0.0002143229509619,en,ncis
exclude,0.0002143229509619,en,ncis
anna,0.0002143229509619,en,ncis
insecurity,0.0002143229509619,en,ncis
mortality,0.0002143229509619,en,ncis
matthew,0.0002143229509619,en,ncis
posse,0.0002143229509619,en,ncis
misguided,0.0002143229509619,en,ncis
england,0.0002143229509619,en,ncis
admirer,0.0002143229509619,en,ncis
determination,0.0002143229509619,en,ncis
bead,0.0002143229509619,en,ncis
modification,0.0002143229509619,en,ncis
shortage,0.0002143229509619,en,ncis
suitable,0.0002118493093834,en,ncis
cushion,0.0002118493093834,en,ncis
soften,0.0002118493093834,en,ncis
dosage,0.0002118493093834,en,ncis
demo,0.0002118493093834,en,ncis
cane,0.0002118493093834,en,ncis
forgiving,0.0002118493093834,en,ncis
revise,0.0002118493093834,en,ncis
takeout,0.0002118493093834,en,ncis
migraine,0.0002118493093834,en,ncis
abroad,0.0002118493093834,en,ncis
pedal,0.0002118493093834,en,ncis
corruption,0.0002118493093834,en,ncis
premium,0.0002118493093834,en,ncis
interaction,0.0002118493093834,en,ncis
enforce,0.0002118493093834,en,ncis
squirt,0.0002118493093834,en,ncis
motivated,0.0002118493093834,en,ncis
revisit,0.0002118493093834,en,ncis
prick,0.0002118493093834,en,ncis
blouse,0.0002118493093834,en,ncis
sayin,0.0002118493093834,en,ncis
deport,0.0002118493093834,en,ncis
almighty,0.0002118493093834,en,ncis
thankfully,0.0002118493093834,en,ncis
cement,0.0002118493093834,en,ncis
greasy,0.0002118493093834,en,ncis
pitcher,0.0002118493093834,en,ncis
rave,0.0002118493093834,en,ncis
fairness,0.0002118493093834,en,ncis
theoretically,0.0002118493093834,en,ncis
replay,0.0002118493093834,en,ncis
fighting,0.0002117960173801,en,ncis
terrific,0.0002117960173801,en,ncis
creatine,0.0002113179927125,en,ncis
occlusion,0.0002113179927125,en,ncis
mogadishu,0.0002113179927125,en,ncis
seaside,0.0002113179927125,en,ncis
wayback,0.0002113179927125,en,ncis
bogota,0.0002113179927125,en,ncis
domesticated,0.0002113179927125,en,ncis
itt,0.0002113179927125,en,ncis
outlay,0.0002113179927125,en,ncis
palestinian,0.0002113179927125,en,ncis
ardmore,0.0002113179927125,en,ncis
welch,0.0002113179927125,en,ncis
coquette,0.0002113179927125,en,ncis
beaufort,0.0002113179927125,en,ncis
heartland,0.0002113179927125,en,ncis
embe,0.0002113179927125,en,ncis
orgasmic,0.0002113179927125,en,ncis
sumo,0.0002113179927125,en,ncis
basque,0.0002113179927125,en,ncis
conflagration,0.0002113179927125,en,ncis
relativistic,0.0002113179927125,en,ncis
expatriate,0.0002113179927125,en,ncis
harvester,0.0002113179927125,en,ncis
inexpensive,0.0002113179927125,en,ncis
graveside,0.0002113179927125,en,ncis
denature,0.0002113179927125,en,ncis
timecard,0.0002113179927125,en,ncis
cornucopia,0.0002113179927125,en,ncis
importante,0.0002113179927125,en,ncis
mafioso,0.0002113179927125,en,ncis
gaff,0.0002113179927125,en,ncis
malta,0.0002113179927125,en,ncis
obelisk,0.0002113179927125,en,ncis
perceptible,0.0002113179927125,en,ncis
sante,0.0002113179927125,en,ncis
zorro,0.0002113179927125,en,ncis
tableau,0.0002113179927125,en,ncis
mau,0.0002113179927125,en,ncis
rotted,0.0002113179927125,en,ncis
greenskeeper,0.0002113179927125,en,ncis
bosnia,0.0002113179927125,en,ncis
bratwurst,0.0002113179927125,en,ncis
wienie,0.0002113179927125,en,ncis
lier,0.0002113179927125,en,ncis
atomize,0.0002113179927125,en,ncis
koala,0.0002113179927125,en,ncis
fourteenth,0.0002113179927125,en,ncis
bodybuilder,0.0002113179927125,en,ncis
colitis,0.0002113179927125,en,ncis
slovenia,0.0002113179927125,en,ncis
provocatively,0.0002113179927125,en,ncis
lsu,0.0002113179927125,en,ncis
weeklong,0.0002113179927125,en,ncis
schultz,0.0002113179927125,en,ncis
submersible,0.0002113179927125,en,ncis
psychopathology,0.0002113179927125,en,ncis
antiwar,0.0002113179927125,en,ncis
gravita,0.0002113179927125,en,ncis
synapse,0.0002113179927125,en,ncis
huddled,0.0002113179927125,en,ncis
newsreel,0.0002113179927125,en,ncis
emotionless,0.0002113179927125,en,ncis
liverwurst,0.0002113179927125,en,ncis
markov,0.0002113179927125,en,ncis
lowe,0.0002113179927125,en,ncis
millstone,0.0002113179927125,en,ncis
honours,0.0002113179927125,en,ncis
grable,0.0002113179927125,en,ncis
bullying,0.0002113179927125,en,ncis
throughput,0.0002113179927125,en,ncis
golightly,0.0002113179927125,en,ncis
assignation,0.0002113179927125,en,ncis
bleaching,0.0002113179927125,en,ncis
grammatical,0.0002113179927125,en,ncis
scabbard,0.0002113179927125,en,ncis
entangle,0.0002113179927125,en,ncis
sketching,0.0002113179927125,en,ncis
exhilaration,0.0002113179927125,en,ncis
icarus,0.0002113179927125,en,ncis
neodymium,0.0002113179927125,en,ncis
hindrance,0.0002113179927125,en,ncis
marquez,0.0002113179927125,en,ncis
ova,0.0002113179927125,en,ncis
fuente,0.0002113179927125,en,ncis
pursuer,0.0002113179927125,en,ncis
consolidation,0.0002113179927125,en,ncis
perpetuity,0.0002113179927125,en,ncis
positano,0.0002113179927125,en,ncis
polarize,0.0002113179927125,en,ncis
precipitation,0.0002113179927125,en,ncis
formalize,0.0002113179927125,en,ncis
frise,0.0002113179927125,en,ncis
dollywood,0.0002113179927125,en,ncis
barcalounger,0.0002113179927125,en,ncis
etymology,0.0002113179927125,en,ncis
cashed,0.0002113179927125,en,ncis
quasimodo,0.0002113179927125,en,ncis
fervently,0.0002113179927125,en,ncis
stenosis,0.0002113179927125,en,ncis
fluorine,0.0002113179927125,en,ncis
omnivore,0.0002113179927125,en,ncis
insular,0.0002113179927125,en,ncis
brighton,0.0002113179927125,en,ncis
pumice,0.0002113179927125,en,ncis
astigmatism,0.0002113179927125,en,ncis
macrobiotic,0.0002113179927125,en,ncis
deprogram,0.0002113179927125,en,ncis
radon,0.0002113179927125,en,ncis
inefficiency,0.0002113179927125,en,ncis
lnside,0.0002113179927125,en,ncis
bryn,0.0002113179927125,en,ncis
daedalus,0.0002113179927125,en,ncis
resnick,0.0002113179927125,en,ncis
hustling,0.0002113179927125,en,ncis
recalculate,0.0002113179927125,en,ncis
coolio,0.0002113179927125,en,ncis
viscous,0.0002113179927125,en,ncis
fieldwork,0.0002113179927125,en,ncis
minuscule,0.0002113179927125,en,ncis
purer,0.0002113179927125,en,ncis
utterance,0.0002113179927125,en,ncis
dimly,0.0002113179927125,en,ncis
electrically,0.0002113179927125,en,ncis
inordinate,0.0002113179927125,en,ncis
invincibility,0.0002113179927125,en,ncis
shrunken,0.0002113179927125,en,ncis
ramus,0.0002113179927125,en,ncis
singapore,0.0002113179927125,en,ncis
fairbank,0.0002113179927125,en,ncis
sophomoric,0.0002113179927125,en,ncis
belgrade,0.0002113179927125,en,ncis
unc,0.0002113179927125,en,ncis
colloquialism,0.0002113179927125,en,ncis
dichotomy,0.0002113179927125,en,ncis
inputte,0.0002113179927125,en,ncis
scorching,0.0002113179927125,en,ncis
fluency,0.0002113179927125,en,ncis
conceite,0.0002113179927125,en,ncis
lemongrass,0.0002113179927125,en,ncis
geopolitical,0.0002113179927125,en,ncis
greco,0.0002113179927125,en,ncis
emboss,0.0002113179927125,en,ncis
brant,0.0002113179927125,en,ncis
psp,0.0002113179927125,en,ncis
peaked,0.0002113179927125,en,ncis
alight,0.0002113179927125,en,ncis
connective,0.0002113179927125,en,ncis
unhappily,0.0002113179927125,en,ncis
bridgeport,0.0002113179927125,en,ncis
desiccate,0.0002113179927125,en,ncis
absurdly,0.0002113179927125,en,ncis
interstitial,0.0002113179927125,en,ncis
semitic,0.0002113179927125,en,ncis
movable,0.0002113179927125,en,ncis
celiac,0.0002113179927125,en,ncis
geopolitic,0.0002113179927125,en,ncis
ical,0.0002113179927125,en,ncis
introspection,0.0002113179927125,en,ncis
phencyclidine,0.0002113179927125,en,ncis
liste,0.0002113179927125,en,ncis
url,0.0002113179927125,en,ncis
alphonse,0.0002113179927125,en,ncis
headhunte,0.0002113179927125,en,ncis
guardhouse,0.0002113179927125,en,ncis
codex,0.0002113179927125,en,ncis
desperado,0.0002113179927125,en,ncis
squinty,0.0002113179927125,en,ncis
securing,0.0002113179927125,en,ncis
bisect,0.0002113179927125,en,ncis
sere,0.0002113179927125,en,ncis
tabulate,0.0002113179927125,en,ncis
lnternational,0.0002113179927125,en,ncis
lis,0.0002113179927125,en,ncis
slushie,0.0002113179927125,en,ncis
comically,0.0002113179927125,en,ncis
potti,0.0002113179927125,en,ncis
quadrangle,0.0002113179927125,en,ncis
metatarsal,0.0002113179927125,en,ncis
grievously,0.0002113179927125,en,ncis
hospitalization,0.0002113179927125,en,ncis
vetting,0.0002113179927125,en,ncis
accredit,0.0002113179927125,en,ncis
reseal,0.0002113179927125,en,ncis
cruising,0.0002113179927125,en,ncis
carbide,0.0002113179927125,en,ncis
ambidextrous,0.0002113179927125,en,ncis
civet,0.0002113179927125,en,ncis
awl,0.0002113179927125,en,ncis
keratin,0.0002113179927125,en,ncis
silt,0.0002113179927125,en,ncis
crewmate,0.0002113179927125,en,ncis
intranet,0.0002113179927125,en,ncis
skybox,0.0002113179927125,en,ncis
sparse,0.0002113179927125,en,ncis
olga,0.0002113179927125,en,ncis
seahorse,0.0002113179927125,en,ncis
santorini,0.0002113179927125,en,ncis
downwards,0.0002113179927125,en,ncis
ocho,0.0002113179927125,en,ncis
procurement,0.0002113179927125,en,ncis
nasally,0.0002113179927125,en,ncis
lmpossible,0.0002113179927125,en,ncis
shor,0.0002113179927125,en,ncis
hague,0.0002113179927125,en,ncis
cask,0.0002113179927125,en,ncis
dul,0.0002113179927125,en,ncis
daa,0.0002113179927125,en,ncis
stiffen,0.0002113179927125,en,ncis
marquis,0.0002113179927125,en,ncis
pfeiffer,0.0002113179927125,en,ncis
yemeni,0.0002113179927125,en,ncis
fod,0.0002113179927125,en,ncis
differentiation,0.0002113179927125,en,ncis
contin,0.0002113179927125,en,ncis
appointee,0.0002113179927125,en,ncis
vernon,0.0002113179927125,en,ncis
stopover,0.0002113179927125,en,ncis
motorized,0.0002113179927125,en,ncis
hyundai,0.0002113179927125,en,ncis
serviceman,0.0002113179927125,en,ncis
criminalist,0.0002113179927125,en,ncis
groucho,0.0002113179927125,en,ncis
splotch,0.0002113179927125,en,ncis
goldfinger,0.0002113179927125,en,ncis
tsetse,0.0002113179927125,en,ncis
soc,0.0002113179927125,en,ncis
deadhead,0.0002113179927125,en,ncis
grassroots,0.0002113179927125,en,ncis
engraved,0.0002113179927125,en,ncis
disinter,0.0002113179927125,en,ncis
unidentifie,0.0002113179927125,en,ncis
wop,0.0002113179927125,en,ncis
antitoxin,0.0002113179927125,en,ncis
fingerprinting,0.0002113179927125,en,ncis
loincloth,0.0002113179927125,en,ncis
trickiest,0.0002113179927125,en,ncis
palermo,0.0002113179927125,en,ncis
liaising,0.0002113179927125,en,ncis
panamanian,0.0002113179927125,en,ncis
cessation,0.0002113179927125,en,ncis
silica,0.0002113179927125,en,ncis
warfarin,0.0002113179927125,en,ncis
serology,0.0002113179927125,en,ncis
impulsiveness,0.0002113179927125,en,ncis
submersion,0.0002113179927125,en,ncis
stippling,0.0002113179927125,en,ncis
tristate,0.0002113179927125,en,ncis
panacea,0.0002113179927125,en,ncis
starburst,0.0002113179927125,en,ncis
naloxone,0.0002113179927125,en,ncis
waterline,0.0002113179927125,en,ncis
traumatizing,0.0002113179927125,en,ncis
susceptibility,0.0002113179927125,en,ncis
sixed,0.0002113179927125,en,ncis
sheikh,0.0002113179927125,en,ncis
redness,0.0002113179927125,en,ncis
noi,0.0002113179927125,en,ncis
wwii,0.0002113179927125,en,ncis
showboat,0.0002113179927125,en,ncis
cellulose,0.0002113179927125,en,ncis
whitening,0.0002113179927125,en,ncis
recertification,0.0002113179927125,en,ncis
acetate,0.0002113179927125,en,ncis
histoire,0.0002113179927125,en,ncis
maytag,0.0002113179927125,en,ncis
outstrip,0.0002113179927125,en,ncis
mortification,0.0002113179927125,en,ncis
zane,0.0002113179927125,en,ncis
barcode,0.0002113179927125,en,ncis
billet,0.0002113179927125,en,ncis
irritant,0.0002113179927125,en,ncis
inopportune,0.0002113179927125,en,ncis
written,0.0002113179927125,en,ncis
illusionist,0.0002113179927125,en,ncis
tolliver,0.0002113179927125,en,ncis
rabat,0.0002113179927125,en,ncis
erector,0.0002113179927125,en,ncis
egyptologist,0.0002113179927125,en,ncis
representational,0.0002113179927125,en,ncis
succinylcholine,0.0002113179927125,en,ncis
durability,0.0002113179927125,en,ncis
zips,0.0002113179927125,en,ncis
observational,0.0002113179927125,en,ncis
schizoid,0.0002113179927125,en,ncis
stabilizing,0.0002113179927125,en,ncis
junky,0.0002113179927125,en,ncis
anaerobic,0.0002113179927125,en,ncis
unsatisfactory,0.0002113179927125,en,ncis
cheney,0.0002113179927125,en,ncis
yorick,0.0002113179927125,en,ncis
brahman,0.0002113179927125,en,ncis
milkmaid,0.0002113179927125,en,ncis
overlapping,0.0002113179927125,en,ncis
nanosecond,0.0002113179927125,en,ncis
speckle,0.0002113179927125,en,ncis
batgirl,0.0002113179927125,en,ncis
radium,0.0002113179927125,en,ncis
crazytown,0.0002113179927125,en,ncis
decommissioning,0.0002113179927125,en,ncis
tgif,0.0002113179927125,en,ncis
pinkish,0.0002113179927125,en,ncis
huffing,0.0002113179927125,en,ncis
shawshank,0.0002113179927125,en,ncis
crt,0.0002113179927125,en,ncis
gerd,0.0002113179927125,en,ncis
iliac,0.0002113179927125,en,ncis
lina,0.0002113179927125,en,ncis
talcum,0.0002113179927125,en,ncis
chaff,0.0002113179927125,en,ncis
operatic,0.0002113179927125,en,ncis
operationally,0.0002113179927125,en,ncis
dotty,0.0002113179927125,en,ncis
placeholder,0.0002113179927125,en,ncis
pullman,0.0002113179927125,en,ncis
recanvass,0.0002113179927125,en,ncis
analyzing,0.0002113179927125,en,ncis
methat,0.0002113179927125,en,ncis
muchas,0.0002113179927125,en,ncis
rosalind,0.0002113179927125,en,ncis
tense,0.0002099964019678,en,ncis
divide,0.0002099964019678,en,ncis
assistance,0.0002099964019678,en,ncis
formality,0.0002094352794663,en,ncis
listener,0.0002094352794663,en,ncis
poisonous,0.0002094352794663,en,ncis
sighting,0.0002094352794663,en,ncis
madame,0.0002094352794663,en,ncis
dough,0.0002094352794663,en,ncis
outnumber,0.0002094352794663,en,ncis
outlaw,0.0002094352794663,en,ncis
canvas,0.0002094352794663,en,ncis
immortal,0.0002094352794663,en,ncis
reed,0.0002094352794663,en,ncis
barricade,0.0002094352794663,en,ncis
respectable,0.0002094352794663,en,ncis
doin,0.0002082180842794,en,ncis
slay,0.000207078055558,en,ncis
feedback,0.000207078055558,en,ncis
tile,0.000207078055558,en,ncis
taco,0.000207078055558,en,ncis
throne,0.000207078055558,en,ncis
crossword,0.000207078055558,en,ncis
kindergarten,0.000207078055558,en,ncis
scumbag,0.000207078055558,en,ncis
civilized,0.000207078055558,en,ncis
patronize,0.000207078055558,en,ncis
platter,0.000207078055558,en,ncis
paw,0.000207078055558,en,ncis
thoroughly,0.000207078055558,en,ncis
formally,0.000207078055558,en,ncis
flawed,0.000207078055558,en,ncis
shakespeare,0.000207078055558,en,ncis
bounty,0.000207078055558,en,ncis
blurry,0.000207078055558,en,ncis
witty,0.000207078055558,en,ncis
astronaut,0.000207078055558,en,ncis
eligible,0.000207078055558,en,ncis
sterile,0.000207078055558,en,ncis
frown,0.000207078055558,en,ncis
explore,0.0002064605661053,en,ncis
blanket,0.0002064605661053,en,ncis
nausea,0.0002047750255346,en,ncis
spawn,0.0002047750255346,en,ncis
heather,0.0002047750255346,en,ncis
threshold,0.0002047750255346,en,ncis
shaky,0.0002047750255346,en,ncis
planner,0.0002047750255346,en,ncis
blueberry,0.0002047750255346,en,ncis
groove,0.0002047750255346,en,ncis
smoker,0.0002047750255346,en,ncis
asthma,0.0002047750255346,en,ncis
dagger,0.0002047750255346,en,ncis
latch,0.0002047750255346,en,ncis
tacky,0.0002047750255346,en,ncis
intriguing,0.0002047750255346,en,ncis
democracy,0.0002047750255346,en,ncis
spear,0.0002047750255346,en,ncis
effectively,0.0002047750255346,en,ncis
runway,0.0002047750255346,en,ncis
bankrupt,0.0002047750255346,en,ncis
slipper,0.0002047750255346,en,ncis
virtue,0.0002047750255346,en,ncis
accomplishment,0.0002047750255346,en,ncis
smokin,0.0002047750255346,en,ncis
darn,0.0002047750255346,en,ncis
inspire,0.0002047233665157,en,ncis
cow,0.0002047233665157,en,ncis
speculation,0.0002025237534013,en,ncis
flop,0.0002025237534013,en,ncis
infinite,0.0002025237534013,en,ncis
warmth,0.0002025237534013,en,ncis
bonding,0.0002025237534013,en,ncis
thesis,0.0002025237534013,en,ncis
hay,0.0002025237534013,en,ncis
holder,0.0002025237534013,en,ncis
poorly,0.0002025237534013,en,ncis
turning,0.0002025237534013,en,ncis
spiral,0.0002025237534013,en,ncis
gangster,0.0002025237534013,en,ncis
kissing,0.0002025237534013,en,ncis
manipulation,0.0002025237534013,en,ncis
syrup,0.0002025237534013,en,ncis
peacefully,0.0002025237534013,en,ncis
barbie,0.0002025237534013,en,ncis
isolated,0.0002025237534013,en,ncis
bingo,0.0002025237534013,en,ncis
parallel,0.0002025237534013,en,ncis
reinstate,0.0002025237534013,en,ncis
gratefully,0.0002021857435046,en,ncis
moran,0.0002021857435046,en,ncis
riverdale,0.0002021857435046,en,ncis
knighthood,0.0002021857435046,en,ncis
peen,0.0002021857435046,en,ncis
discombobulate,0.0002021857435046,en,ncis
rented,0.0002021857435046,en,ncis
dmz,0.0002021857435046,en,ncis
spherical,0.0002021857435046,en,ncis
bahrain,0.0002021857435046,en,ncis
blu,0.0002021857435046,en,ncis
echinacea,0.0002021857435046,en,ncis
demure,0.0002021857435046,en,ncis
diode,0.0002021857435046,en,ncis
muller,0.0002021857435046,en,ncis
sundial,0.0002021857435046,en,ncis
idiosyncrasy,0.0002021857435046,en,ncis
anabolic,0.0002021857435046,en,ncis
soylent,0.0002021857435046,en,ncis
spitball,0.0002021857435046,en,ncis
methodically,0.0002021857435046,en,ncis
southland,0.0002021857435046,en,ncis
seneca,0.0002021857435046,en,ncis
uncork,0.0002021857435046,en,ncis
introductory,0.0002021857435046,en,ncis
ringmaster,0.0002021857435046,en,ncis
benzene,0.0002021857435046,en,ncis
purified,0.0002021857435046,en,ncis
discolor,0.0002021857435046,en,ncis
southpaw,0.0002021857435046,en,ncis
mongol,0.0002021857435046,en,ncis
hibernating,0.0002021857435046,en,ncis
showbiz,0.0002021857435046,en,ncis
assumed,0.0002021857435046,en,ncis
helter,0.0002021857435046,en,ncis
skelter,0.0002021857435046,en,ncis
undersecretary,0.0002021857435046,en,ncis
neverland,0.0002021857435046,en,ncis
ganesh,0.0002021857435046,en,ncis
medicated,0.0002021857435046,en,ncis
discotheque,0.0002021857435046,en,ncis
commensurate,0.0002021857435046,en,ncis
transposition,0.0002021857435046,en,ncis
shim,0.0002021857435046,en,ncis
choi,0.0002021857435046,en,ncis
scraggly,0.0002021857435046,en,ncis
antigovernment,0.0002021857435046,en,ncis
sunspot,0.0002021857435046,en,ncis
undiluted,0.0002021857435046,en,ncis
episcopal,0.0002021857435046,en,ncis
smashed,0.0002021857435046,en,ncis
changeover,0.0002021857435046,en,ncis
phy,0.0002021857435046,en,ncis
uncivilized,0.0002021857435046,en,ncis
unrestrained,0.0002021857435046,en,ncis
bruckner,0.0002021857435046,en,ncis
lojacke,0.0002021857435046,en,ncis
unwillingly,0.0002021857435046,en,ncis
possessed,0.0002021857435046,en,ncis
gestational,0.0002021857435046,en,ncis
filibuster,0.0002021857435046,en,ncis
como,0.0002021857435046,en,ncis
castillo,0.0002021857435046,en,ncis
lederhosen,0.0002021857435046,en,ncis
panama,0.0002021857435046,en,ncis
rollout,0.0002021857435046,en,ncis
kurdish,0.0002021857435046,en,ncis
chipp,0.0002021857435046,en,ncis
tenderize,0.0002021857435046,en,ncis
mre,0.0002021857435046,en,ncis
algorithmic,0.0002021857435046,en,ncis
palestine,0.0002021857435046,en,ncis
coping,0.0002021857435046,en,ncis
gravedigger,0.0002021857435046,en,ncis
emote,0.0002021857435046,en,ncis
screensaver,0.0002021857435046,en,ncis
transporting,0.0002021857435046,en,ncis
measuring,0.0002021857435046,en,ncis
jetson,0.0002021857435046,en,ncis
fairest,0.0002021857435046,en,ncis
newsome,0.0002021857435046,en,ncis
virginal,0.0002021857435046,en,ncis
excelsior,0.0002021857435046,en,ncis
bollywood,0.0002021857435046,en,ncis
exhumed,0.0002021857435046,en,ncis
tasked,0.0002021857435046,en,ncis
saran,0.0002021857435046,en,ncis
kilmer,0.0002021857435046,en,ncis
governmental,0.0002021857435046,en,ncis
mesquite,0.0002021857435046,en,ncis
megabyte,0.0002021857435046,en,ncis
massager,0.0002021857435046,en,ncis
cinemax,0.0002021857435046,en,ncis
parrish,0.0002021857435046,en,ncis
beale,0.0002021857435046,en,ncis
educated,0.0002021857435046,en,ncis
optimize,0.0002021857435046,en,ncis
indemnity,0.0002021857435046,en,ncis
piracy,0.0002021857435046,en,ncis
blonder,0.0002021857435046,en,ncis
puritanical,0.0002021857435046,en,ncis
houseboy,0.0002021857435046,en,ncis
unescorted,0.0002021857435046,en,ncis
hyperactivity,0.0002021857435046,en,ncis
tter,0.0002021857435046,en,ncis
acutely,0.0002021857435046,en,ncis
fossa,0.0002021857435046,en,ncis
craniotomy,0.0002021857435046,en,ncis
fille,0.0002021857435046,en,ncis
referencing,0.0002021857435046,en,ncis
cacophony,0.0002021857435046,en,ncis
plush,0.0002021857435046,en,ncis
chickadee,0.0002021857435046,en,ncis
svengali,0.0002021857435046,en,ncis
gingerly,0.0002021857435046,en,ncis
tandoori,0.0002021857435046,en,ncis
roanoke,0.0002021857435046,en,ncis
headband,0.0002021857435046,en,ncis
parse,0.0002021857435046,en,ncis
montrose,0.0002021857435046,en,ncis
abducted,0.0002021857435046,en,ncis
sickening,0.0002021857435046,en,ncis
arrear,0.0002021857435046,en,ncis
unpatriotic,0.0002021857435046,en,ncis
virgo,0.0002021857435046,en,ncis
baryshnikov,0.0002021857435046,en,ncis
foist,0.0002021857435046,en,ncis
chauvinistic,0.0002021857435046,en,ncis
dentistry,0.0002021857435046,en,ncis
hampshire,0.0002021857435046,en,ncis
soliloquy,0.0002021857435046,en,ncis
patton,0.0002021857435046,en,ncis
ixnay,0.0002021857435046,en,ncis
precondition,0.0002021857435046,en,ncis
repartee,0.0002021857435046,en,ncis
dodo,0.0002021857435046,en,ncis
cust,0.0002021857435046,en,ncis
alarmist,0.0002021857435046,en,ncis
stepchild,0.0002021857435046,en,ncis
mata,0.0002021857435046,en,ncis
elderberry,0.0002021857435046,en,ncis
unidirectional,0.0002021857435046,en,ncis
sensuous,0.0002021857435046,en,ncis
pigheade,0.0002021857435046,en,ncis
nonlinear,0.0002021857435046,en,ncis
mrl,0.0002021857435046,en,ncis
firmware,0.0002021857435046,en,ncis
interment,0.0002021857435046,en,ncis
jurist,0.0002021857435046,en,ncis
cuisinart,0.0002021857435046,en,ncis
glob,0.0002021857435046,en,ncis
antimatter,0.0002021857435046,en,ncis
doozie,0.0002021857435046,en,ncis
fiberglas,0.0002021857435046,en,ncis
frighteningly,0.0002021857435046,en,ncis
geometrically,0.0002021857435046,en,ncis
undercarriage,0.0002021857435046,en,ncis
muckety,0.0002021857435046,en,ncis
stubble,0.0002021857435046,en,ncis
wiretappe,0.0002021857435046,en,ncis
grandiose,0.0002021857435046,en,ncis
weirdoe,0.0002021857435046,en,ncis
exhibitionist,0.0002021857435046,en,ncis
bernie,0.0002021857435046,en,ncis
delorean,0.0002021857435046,en,ncis
delish,0.0002021857435046,en,ncis
unrelenting,0.0002021857435046,en,ncis
enthusiastically,0.0002021857435046,en,ncis
detritus,0.0002021857435046,en,ncis
speedometer,0.0002021857435046,en,ncis
erythema,0.0002021857435046,en,ncis
bilaterally,0.0002021857435046,en,ncis
constabulary,0.0002021857435046,en,ncis
sonja,0.0002021857435046,en,ncis
chromatograph,0.0002021857435046,en,ncis
oceanside,0.0002021857435046,en,ncis
ceramics,0.0002021857435046,en,ncis
twisty,0.0002021857435046,en,ncis
shrinkage,0.0002021857435046,en,ncis
ethnically,0.0002021857435046,en,ncis
zirconium,0.0002021857435046,en,ncis
bowen,0.0002021857435046,en,ncis
intramural,0.0002021857435046,en,ncis
bullheade,0.0002021857435046,en,ncis
globetrotter,0.0002021857435046,en,ncis
retentive,0.0002021857435046,en,ncis
skitter,0.0002021857435046,en,ncis
understated,0.0002021857435046,en,ncis
stormtrooper,0.0002021857435046,en,ncis
stuffer,0.0002021857435046,en,ncis
jihadist,0.0002021857435046,en,ncis
nog,0.0002021857435046,en,ncis
stalling,0.0002021857435046,en,ncis
miata,0.0002021857435046,en,ncis
maritime,0.0002021857435046,en,ncis
roadshow,0.0002021857435046,en,ncis
pericardial,0.0002021857435046,en,ncis
powerpuff,0.0002021857435046,en,ncis
kerouac,0.0002021857435046,en,ncis
bicentennial,0.0002021857435046,en,ncis
dahmer,0.0002021857435046,en,ncis
aneurism,0.0002021857435046,en,ncis
logistical,0.0002021857435046,en,ncis
gmc,0.0002021857435046,en,ncis
friendster,0.0002021857435046,en,ncis
nonlethal,0.0002021857435046,en,ncis
flatulence,0.0002021857435046,en,ncis
peabody,0.0002021857435046,en,ncis
ger,0.0002021857435046,en,ncis
tme,0.0002021857435046,en,ncis
pericardium,0.0002021857435046,en,ncis
eisenhower,0.0002021857435046,en,ncis
archeology,0.0002021857435046,en,ncis
shortwave,0.0002021857435046,en,ncis
furosemide,0.0002021857435046,en,ncis
impugn,0.0002021857435046,en,ncis
fraternization,0.0002021857435046,en,ncis
alon,0.0002021857435046,en,ncis
percolate,0.0002021857435046,en,ncis
dermis,0.0002021857435046,en,ncis
subarachnoid,0.0002021857435046,en,ncis
bronchial,0.0002021857435046,en,ncis
marci,0.0002021857435046,en,ncis
uploaded,0.0002021857435046,en,ncis
wider,0.0002021857435046,en,ncis
slicker,0.0002021857435046,en,ncis
pinto,0.0002021857435046,en,ncis
tannin,0.0002021857435046,en,ncis
eclectic,0.0002021857435046,en,ncis
dander,0.0002021857435046,en,ncis
firma,0.0002021857435046,en,ncis
longshoreman,0.0002021857435046,en,ncis
exhilarating,0.0002021857435046,en,ncis
shephard,0.0002021857435046,en,ncis
arroyo,0.0002021857435046,en,ncis
wellesley,0.0002021857435046,en,ncis
hayek,0.0002021857435046,en,ncis
shod,0.0002021857435046,en,ncis
demarco,0.0002021857435046,en,ncis
falsehood,0.0002021857435046,en,ncis
misheard,0.0002021857435046,en,ncis
gainer,0.0002021857435046,en,ncis
puller,0.0002021857435046,en,ncis
fulcrum,0.0002021857435046,en,ncis
marauder,0.0002021857435046,en,ncis
matlock,0.0002021857435046,en,ncis
spectrographic,0.0002021857435046,en,ncis
gawker,0.0002021857435046,en,ncis
underhande,0.0002021857435046,en,ncis
unflattering,0.0002021857435046,en,ncis
salma,0.0002021857435046,en,ncis
atv,0.0002021857435046,en,ncis
denton,0.0002021857435046,en,ncis
komodo,0.0002021857435046,en,ncis
preposition,0.0002021857435046,en,ncis
rodin,0.0002021857435046,en,ncis
corky,0.0002021857435046,en,ncis
patella,0.0002021857435046,en,ncis
hyatt,0.0002021857435046,en,ncis
turban,0.0002021857435046,en,ncis
lactic,0.0002021857435046,en,ncis
timbre,0.0002021857435046,en,ncis
wheelman,0.0002021857435046,en,ncis
sweepstake,0.0002021857435046,en,ncis
selleck,0.0002021857435046,en,ncis
flanking,0.0002021857435046,en,ncis
candle,0.0002013080810736,en,ncis
strategy,0.0002013080810736,en,ncis
architect,0.000200321963805,en,ncis
currency,0.000200321963805,en,ncis
grumpy,0.000200321963805,en,ncis
sanctuary,0.000200321963805,en,ncis
verdict,0.000200321963805,en,ncis
downside,0.000200321963805,en,ncis
bun,0.000200321963805,en,ncis
immature,0.000200321963805,en,ncis
wheat,0.000200321963805,en,ncis
nonstop,0.000200321963805,en,ncis
parlor,0.000200321963805,en,ncis
desperation,0.000200321963805,en,ncis
expel,0.000200321963805,en,ncis
keg,0.000200321963805,en,ncis
easter,0.000200321963805,en,ncis
whip,0.0001996291128704,en,ncis
firework,0.0001981675282127,en,ncis
supervision,0.0001981675282127,en,ncis
blush,0.0001981675282127,en,ncis
parachute,0.0001981675282127,en,ncis
gender,0.0001981675282127,en,ncis
torment,0.0001981675282127,en,ncis
catalog,0.0001981675282127,en,ncis
recorder,0.0001981675282127,en,ncis
cripple,0.0001981675282127,en,ncis
wrath,0.0001981675282127,en,ncis
terrorize,0.0001981675282127,en,ncis
coaster,0.0001981675282127,en,ncis
allowance,0.0001981675282127,en,ncis
unreasonable,0.0001981675282127,en,ncis
infant,0.0001981675282127,en,ncis
tribute,0.0001981675282127,en,ncis
yield,0.0001981675282127,en,ncis
sitter,0.0001981675282127,en,ncis
breakup,0.0001981675282127,en,ncis
booty,0.0001981675282127,en,ncis
investor,0.0001981675282127,en,ncis
faculty,0.0001981675282127,en,ncis
zap,0.0001981675282127,en,ncis
conscience,0.0001963264284758,en,ncis
influence,0.0001963264284758,en,ncis
stupidity,0.0001960584525461,en,ncis
rite,0.0001960584525461,en,ncis
dart,0.0001960584525461,en,ncis
legendary,0.0001960584525461,en,ncis
chatty,0.0001960584525461,en,ncis
fundamental,0.0001960584525461,en,ncis
gaze,0.0001960584525461,en,ncis
interruption,0.0001960584525461,en,ncis
pudding,0.0001960584525461,en,ncis
spending,0.0001960584525461,en,ncis
premature,0.0001960584525461,en,ncis
edit,0.0001960584525461,en,ncis
cube,0.0001960584525461,en,ncis
nursing,0.0001960584525461,en,ncis
rubbing,0.0001944645368163,en,ncis
phylum,0.0001944645368163,en,ncis
damning,0.0001944645368163,en,ncis
sorbonne,0.0001944645368163,en,ncis
fatwa,0.0001944645368163,en,ncis
bioengineere,0.0001944645368163,en,ncis
unspeakably,0.0001944645368163,en,ncis
zany,0.0001944645368163,en,ncis
goodman,0.0001944645368163,en,ncis
freelancing,0.0001944645368163,en,ncis
gravesite,0.0001944645368163,en,ncis
outflow,0.0001944645368163,en,ncis
blotchy,0.0001944645368163,en,ncis
ruff,0.0001944645368163,en,ncis
funyun,0.0001944645368163,en,ncis
baltic,0.0001944645368163,en,ncis
howitzer,0.0001944645368163,en,ncis
biographer,0.0001944645368163,en,ncis
calico,0.0001944645368163,en,ncis
lnstead,0.0001944645368163,en,ncis
thrice,0.0001944645368163,en,ncis
tamponade,0.0001944645368163,en,ncis
lds,0.0001944645368163,en,ncis
unnaturally,0.0001944645368163,en,ncis
salvatore,0.0001944645368163,en,ncis
ranting,0.0001944645368163,en,ncis
incongruous,0.0001944645368163,en,ncis
folsom,0.0001944645368163,en,ncis
aramaic,0.0001944645368163,en,ncis
fatigued,0.0001944645368163,en,ncis
amateurish,0.0001944645368163,en,ncis
follicular,0.0001944645368163,en,ncis
apprised,0.0001944645368163,en,ncis
dtente,0.0001944645368163,en,ncis
watermark,0.0001944645368163,en,ncis
shading,0.0001944645368163,en,ncis
flashdance,0.0001944645368163,en,ncis
divider,0.0001944645368163,en,ncis
vestal,0.0001944645368163,en,ncis
coddling,0.0001944645368163,en,ncis
badland,0.0001944645368163,en,ncis
prevalent,0.0001944645368163,en,ncis
quadriplegic,0.0001944645368163,en,ncis
clonazepam,0.0001944645368163,en,ncis
scant,0.0001944645368163,en,ncis
montague,0.0001944645368163,en,ncis
modelling,0.0001944645368163,en,ncis
soreness,0.0001944645368163,en,ncis
groundwater,0.0001944645368163,en,ncis
darwinian,0.0001944645368163,en,ncis
oddity,0.0001944645368163,en,ncis
interdiction,0.0001944645368163,en,ncis
perishable,0.0001944645368163,en,ncis
puede,0.0001944645368163,en,ncis
pucky,0.0001944645368163,en,ncis
senorita,0.0001944645368163,en,ncis
taurus,0.0001944645368163,en,ncis
oedipus,0.0001944645368163,en,ncis
requiem,0.0001944645368163,en,ncis
eare,0.0001944645368163,en,ncis
frankincense,0.0001944645368163,en,ncis
mikhail,0.0001944645368163,en,ncis
fsb,0.0001944645368163,en,ncis
fossilized,0.0001944645368163,en,ncis
favorable,0.0001944645368163,en,ncis
inpatient,0.0001944645368163,en,ncis
ingle,0.0001944645368163,en,ncis
dissident,0.0001944645368163,en,ncis
armoured,0.0001944645368163,en,ncis
muchachos,0.0001944645368163,en,ncis
mamacita,0.0001944645368163,en,ncis
borscht,0.0001944645368163,en,ncis
moratorium,0.0001944645368163,en,ncis
adversarial,0.0001944645368163,en,ncis
parlance,0.0001944645368163,en,ncis
rorschach,0.0001944645368163,en,ncis
insensitivity,0.0001944645368163,en,ncis
shapely,0.0001944645368163,en,ncis
billow,0.0001944645368163,en,ncis
enquire,0.0001944645368163,en,ncis
archeologist,0.0001944645368163,en,ncis
medevace,0.0001944645368163,en,ncis
dreaded,0.0001944645368163,en,ncis
weakened,0.0001944645368163,en,ncis
balboa,0.0001944645368163,en,ncis
outtake,0.0001944645368163,en,ncis
teaser,0.0001944645368163,en,ncis
sterility,0.0001944645368163,en,ncis
musky,0.0001944645368163,en,ncis
bedouin,0.0001944645368163,en,ncis
filtering,0.0001944645368163,en,ncis
earphone,0.0001944645368163,en,ncis
worldview,0.0001944645368163,en,ncis
misinform,0.0001944645368163,en,ncis
hayley,0.0001944645368163,en,ncis
ignacio,0.0001944645368163,en,ncis
baum,0.0001944645368163,en,ncis
scion,0.0001944645368163,en,ncis
rounder,0.0001944645368163,en,ncis
lickety,0.0001944645368163,en,ncis
compactor,0.0001944645368163,en,ncis
chri,0.0001944645368163,en,ncis
misfile,0.0001944645368163,en,ncis
sediment,0.0001944645368163,en,ncis
cheesesteak,0.0001944645368163,en,ncis
garon,0.0001944645368163,en,ncis
kaye,0.0001944645368163,en,ncis
leaning,0.0001944645368163,en,ncis
bicarbonate,0.0001944645368163,en,ncis
bigotry,0.0001944645368163,en,ncis
showman,0.0001944645368163,en,ncis
tactful,0.0001944645368163,en,ncis
masseur,0.0001944645368163,en,ncis
pesto,0.0001944645368163,en,ncis
headshrinker,0.0001944645368163,en,ncis
braless,0.0001944645368163,en,ncis
loca,0.0001944645368163,en,ncis
clapper,0.0001944645368163,en,ncis
auschwitz,0.0001944645368163,en,ncis
transitive,0.0001944645368163,en,ncis
peritoneal,0.0001944645368163,en,ncis
duckle,0.0001944645368163,en,ncis
seawater,0.0001944645368163,en,ncis
nodule,0.0001944645368163,en,ncis
dragger,0.0001944645368163,en,ncis
spork,0.0001944645368163,en,ncis
zonke,0.0001944645368163,en,ncis
corneal,0.0001944645368163,en,ncis
krazy,0.0001944645368163,en,ncis
remarried,0.0001944645368163,en,ncis
bordello,0.0001944645368163,en,ncis
fisting,0.0001944645368163,en,ncis
indiscriminately,0.0001944645368163,en,ncis
panoramic,0.0001944645368163,en,ncis
resupply,0.0001944645368163,en,ncis
figurative,0.0001944645368163,en,ncis
munching,0.0001944645368163,en,ncis
tobe,0.0001944645368163,en,ncis
downstream,0.0001944645368163,en,ncis
maltese,0.0001944645368163,en,ncis
spanky,0.0001944645368163,en,ncis
pocahonta,0.0001944645368163,en,ncis
quivering,0.0001944645368163,en,ncis
sputum,0.0001944645368163,en,ncis
unfathomable,0.0001944645368163,en,ncis
mumbai,0.0001944645368163,en,ncis
ostentatious,0.0001944645368163,en,ncis
swirlie,0.0001944645368163,en,ncis
arugula,0.0001944645368163,en,ncis
aspersion,0.0001944645368163,en,ncis
generalize,0.0001944645368163,en,ncis
shockwave,0.0001944645368163,en,ncis
mcveigh,0.0001944645368163,en,ncis
uncensored,0.0001944645368163,en,ncis
overshot,0.0001944645368163,en,ncis
oriole,0.0001944645368163,en,ncis
fibula,0.0001944645368163,en,ncis
hastily,0.0001944645368163,en,ncis
bellhop,0.0001944645368163,en,ncis
partier,0.0001944645368163,en,ncis
backstoppe,0.0001944645368163,en,ncis
togeth,0.0001944645368163,en,ncis
undisturbed,0.0001944645368163,en,ncis
excellency,0.0001944645368163,en,ncis
danno,0.0001944645368163,en,ncis
foamy,0.0001944645368163,en,ncis
tumultuous,0.0001944645368163,en,ncis
legible,0.0001944645368163,en,ncis
shortchange,0.0001944645368163,en,ncis
chaucer,0.0001944645368163,en,ncis
unproven,0.0001944645368163,en,ncis
incineration,0.0001944645368163,en,ncis
sheppard,0.0001944645368163,en,ncis
ordering,0.0001944645368163,en,ncis
audiotape,0.0001944645368163,en,ncis
beastly,0.0001944645368163,en,ncis
aristocracy,0.0001944645368163,en,ncis
competency,0.0001944645368163,en,ncis
tiebreaker,0.0001944645368163,en,ncis
clickety,0.0001944645368163,en,ncis
fugu,0.0001944645368163,en,ncis
ratche,0.0001944645368163,en,ncis
gunther,0.0001944645368163,en,ncis
jillion,0.0001944645368163,en,ncis
wimpy,0.0001944645368163,en,ncis
sulphur,0.0001944645368163,en,ncis
logger,0.0001944645368163,en,ncis
reuse,0.0001944645368163,en,ncis
blam,0.0001944645368163,en,ncis
barnyard,0.0001944645368163,en,ncis
rockette,0.0001944645368163,en,ncis
idealized,0.0001944645368163,en,ncis
osmosis,0.0001944645368163,en,ncis
enlistment,0.0001944645368163,en,ncis
epidermis,0.0001944645368163,en,ncis
coe,0.0001944645368163,en,ncis
snapple,0.0001944645368163,en,ncis
curlie,0.0001944645368163,en,ncis
scruff,0.0001944645368163,en,ncis
pds,0.0001944645368163,en,ncis
dissonance,0.0001944645368163,en,ncis
ate,0.0001944645368163,en,ncis
puka,0.0001944645368163,en,ncis
abjure,0.0001944645368163,en,ncis
hither,0.0001944645368163,en,ncis
talmud,0.0001944645368163,en,ncis
boxy,0.0001944645368163,en,ncis
guardianship,0.0001944645368163,en,ncis
enfant,0.0001944645368163,en,ncis
geyser,0.0001944645368163,en,ncis
italiano,0.0001944645368163,en,ncis
sleuthing,0.0001944645368163,en,ncis
jumbled,0.0001944645368163,en,ncis
mahjong,0.0001944645368163,en,ncis
overbite,0.0001944645368163,en,ncis
denote,0.0001944645368163,en,ncis
brangelina,0.0001944645368163,en,ncis
vassar,0.0001944645368163,en,ncis
unbuckle,0.0001944645368163,en,ncis
terrorizing,0.0001944645368163,en,ncis
matriarch,0.0001944645368163,en,ncis
amigo,0.0001939928660895,en,ncis
seller,0.0001939928660895,en,ncis
clap,0.0001939928660895,en,ncis
cloth,0.0001939928660895,en,ncis
bender,0.0001939928660895,en,ncis
statistic,0.0001939928660895,en,ncis
exceed,0.0001939928660895,en,ncis
magically,0.0001939928660895,en,ncis
override,0.0001939928660895,en,ncis
twitch,0.0001939928660895,en,ncis
wedge,0.0001939928660895,en,ncis
jammed,0.0001939928660895,en,ncis
classy,0.0001939928660895,en,ncis
evaluate,0.0001939928660895,en,ncis
ginger,0.0001939928660895,en,ncis
separately,0.0001939928660895,en,ncis
escalate,0.0001919690115202,en,ncis
plus,0.0001919690115202,en,ncis
impatient,0.0001919690115202,en,ncis
broke,0.0001919690115202,en,ncis
insensitive,0.0001919690115202,en,ncis
fart,0.0001919690115202,en,ncis
gown,0.0001919690115202,en,ncis
decency,0.0001919690115202,en,ncis
rember,0.0001919690115202,en,ncis
follower,0.0001919690115202,en,ncis
swat,0.0001919690115202,en,ncis
shampoo,0.0001919690115202,en,ncis
roar,0.0001919690115202,en,ncis
meaningful,0.0001899852359248,en,ncis
soothe,0.0001899852359248,en,ncis
promising,0.0001899852359248,en,ncis
privately,0.0001899852359248,en,ncis
telling,0.0001899852359248,en,ncis
hover,0.0001899852359248,en,ncis
sentiment,0.0001899852359248,en,ncis
katie,0.0001899852359248,en,ncis
rocky,0.0001899852359248,en,ncis
trim,0.0001899852359248,en,ncis
disgust,0.0001899852359248,en,ncis
proportion,0.0001899852359248,en,ncis
dedication,0.0001899852359248,en,ncis
runaway,0.0001899852359248,en,ncis
dressed,0.0001899852359248,en,ncis
obnoxious,0.0001899852359248,en,ncis
pry,0.0001899852359248,en,ncis
behave,0.0001899311615875,en,ncis
crib,0.0001880399826887,en,ncis
saturday,0.0001880399826887,en,ncis
medic,0.0001880399826887,en,ncis
insecure,0.0001880399826887,en,ncis
hideous,0.0001880399826887,en,ncis
litter,0.0001880399826887,en,ncis
anxiously,0.0001877761233562,en,ncis
retardant,0.0001877761233562,en,ncis
groundhog,0.0001877761233562,en,ncis
condensation,0.0001877761233562,en,ncis
thorny,0.0001877761233562,en,ncis
outwardly,0.0001877761233562,en,ncis
aimee,0.0001877761233562,en,ncis
forcep,0.0001877761233562,en,ncis
misnomer,0.0001877761233562,en,ncis
diuretic,0.0001877761233562,en,ncis
delayed,0.0001877761233562,en,ncis
jokester,0.0001877761233562,en,ncis
elfin,0.0001877761233562,en,ncis
eliot,0.0001877761233562,en,ncis
bookmarke,0.0001877761233562,en,ncis
kerosene,0.0001877761233562,en,ncis
upheaval,0.0001877761233562,en,ncis
simper,0.0001877761233562,en,ncis
cabron,0.0001877761233562,en,ncis
romero,0.0001877761233562,en,ncis
collectively,0.0001877761233562,en,ncis
occupancy,0.0001877761233562,en,ncis
pimply,0.0001877761233562,en,ncis
anime,0.0001877761233562,en,ncis
sax,0.0001877761233562,en,ncis
reacquire,0.0001877761233562,en,ncis
wastebasket,0.0001877761233562,en,ncis
regimental,0.0001877761233562,en,ncis
cypress,0.0001877761233562,en,ncis
fallon,0.0001877761233562,en,ncis
phobic,0.0001877761233562,en,ncis
bludgeoning,0.0001877761233562,en,ncis
zig,0.0001877761233562,en,ncis
myopic,0.0001877761233562,en,ncis
bough,0.0001877761233562,en,ncis
distal,0.0001877761233562,en,ncis
carjacker,0.0001877761233562,en,ncis
gumption,0.0001877761233562,en,ncis
parcheesi,0.0001877761233562,en,ncis
frankness,0.0001877761233562,en,ncis
legislative,0.0001877761233562,en,ncis
pompeii,0.0001877761233562,en,ncis
savagely,0.0001877761233562,en,ncis
adulterous,0.0001877761233562,en,ncis
calzone,0.0001877761233562,en,ncis
tagging,0.0001877761233562,en,ncis
android,0.0001877761233562,en,ncis
asunder,0.0001877761233562,en,ncis
lactate,0.0001877761233562,en,ncis
dreadfully,0.0001877761233562,en,ncis
keychain,0.0001877761233562,en,ncis
influenza,0.0001877761233562,en,ncis
chiquita,0.0001877761233562,en,ncis
consolidated,0.0001877761233562,en,ncis
bifocal,0.0001877761233562,en,ncis
misconstrue,0.0001877761233562,en,ncis
cannula,0.0001877761233562,en,ncis
aperture,0.0001877761233562,en,ncis
anglo,0.0001877761233562,en,ncis
sequential,0.0001877761233562,en,ncis
welle,0.0001877761233562,en,ncis
francois,0.0001877761233562,en,ncis
togetherness,0.0001877761233562,en,ncis
gam,0.0001877761233562,en,ncis
commoner,0.0001877761233562,en,ncis
nat,0.0001877761233562,en,ncis
yokel,0.0001877761233562,en,ncis
forefront,0.0001877761233562,en,ncis
enticing,0.0001877761233562,en,ncis
clogged,0.0001877761233562,en,ncis
driftwood,0.0001877761233562,en,ncis
chaise,0.0001877761233562,en,ncis
smorgasbord,0.0001877761233562,en,ncis
hypersensitive,0.0001877761233562,en,ncis
lightheade,0.0001877761233562,en,ncis
tranquilize,0.0001877761233562,en,ncis
nom,0.0001877761233562,en,ncis
nervousness,0.0001877761233562,en,ncis
messianic,0.0001877761233562,en,ncis
pneumatic,0.0001877761233562,en,ncis
alaikum,0.0001877761233562,en,ncis
grift,0.0001877761233562,en,ncis
nonalcoholic,0.0001877761233562,en,ncis
kibble,0.0001877761233562,en,ncis
tungsten,0.0001877761233562,en,ncis
deplorable,0.0001877761233562,en,ncis
infancy,0.0001877761233562,en,ncis
urinalysis,0.0001877761233562,en,ncis
stringent,0.0001877761233562,en,ncis
olivier,0.0001877761233562,en,ncis
instructional,0.0001877761233562,en,ncis
plymouth,0.0001877761233562,en,ncis
jer,0.0001877761233562,en,ncis
haveo,0.0001877761233562,en,ncis
boise,0.0001877761233562,en,ncis
mortifying,0.0001877761233562,en,ncis
oakwood,0.0001877761233562,en,ncis
stucco,0.0001877761233562,en,ncis
videogame,0.0001877761233562,en,ncis
gre,0.0001877761233562,en,ncis
gamut,0.0001877761233562,en,ncis
costner,0.0001877761233562,en,ncis
lovemaking,0.0001877761233562,en,ncis
nobleman,0.0001877761233562,en,ncis
dislocation,0.0001877761233562,en,ncis
mallory,0.0001877761233562,en,ncis
calcification,0.0001877761233562,en,ncis
bartend,0.0001877761233562,en,ncis
oxidation,0.0001877761233562,en,ncis
furrow,0.0001877761233562,en,ncis
loretta,0.0001877761233562,en,ncis
regina,0.0001877761233562,en,ncis
repack,0.0001877761233562,en,ncis
aquifer,0.0001877761233562,en,ncis
mange,0.0001877761233562,en,ncis
tunneling,0.0001877761233562,en,ncis
gestapo,0.0001877761233562,en,ncis
squeegee,0.0001877761233562,en,ncis
lascivious,0.0001877761233562,en,ncis
feelgood,0.0001877761233562,en,ncis
guile,0.0001877761233562,en,ncis
rebuilding,0.0001877761233562,en,ncis
gliding,0.0001877761233562,en,ncis
badmouth,0.0001877761233562,en,ncis
overdraw,0.0001877761233562,en,ncis
hypertensive,0.0001877761233562,en,ncis
gargoyle,0.0001877761233562,en,ncis
bogart,0.0001877761233562,en,ncis
implicitly,0.0001877761233562,en,ncis
pernicious,0.0001877761233562,en,ncis
fraught,0.0001877761233562,en,ncis
slo,0.0001877761233562,en,ncis
glider,0.0001877761233562,en,ncis
encyclopedic,0.0001877761233562,en,ncis
refrigerated,0.0001877761233562,en,ncis
emphatic,0.0001877761233562,en,ncis
muggy,0.0001877761233562,en,ncis
throwaway,0.0001877761233562,en,ncis
politico,0.0001877761233562,en,ncis
distillery,0.0001877761233562,en,ncis
sicilian,0.0001877761233562,en,ncis
scrunch,0.0001877761233562,en,ncis
craven,0.0001877761233562,en,ncis
advisable,0.0001877761233562,en,ncis
recorded,0.0001877761233562,en,ncis
obtuse,0.0001877761233562,en,ncis
chromium,0.0001877761233562,en,ncis
analyzer,0.0001877761233562,en,ncis
squiggle,0.0001877761233562,en,ncis
interdepartmental,0.0001877761233562,en,ncis
polyethylene,0.0001877761233562,en,ncis
shaven,0.0001877761233562,en,ncis
fido,0.0001877761233562,en,ncis
ruiz,0.0001877761233562,en,ncis
exame,0.0001877761233562,en,ncis
trimming,0.0001877761233562,en,ncis
marriott,0.0001877761233562,en,ncis
cylindrical,0.0001877761233562,en,ncis
curable,0.0001877761233562,en,ncis
headlong,0.0001877761233562,en,ncis
spigot,0.0001877761233562,en,ncis
leonardo,0.0001877761233562,en,ncis
vanishe,0.0001877761233562,en,ncis
draper,0.0001877761233562,en,ncis
garrote,0.0001877761233562,en,ncis
vail,0.0001877761233562,en,ncis
magistrate,0.0001877761233562,en,ncis
jello,0.0001877761233562,en,ncis
soapy,0.0001877761233562,en,ncis
pipsqueak,0.0001877761233562,en,ncis
salve,0.0001877761233562,en,ncis
biodegradable,0.0001877761233562,en,ncis
feet,0.0001877761233562,en,ncis
cohesion,0.0001877761233562,en,ncis
appartment,0.0001877761233562,en,ncis
summation,0.0001877761233562,en,ncis
egregious,0.0001877761233562,en,ncis
jehovah,0.0001877761233562,en,ncis
breadcrumb,0.0001877761233562,en,ncis
zing,0.0001877761233562,en,ncis
erosion,0.0001877761233562,en,ncis
hypovolemic,0.0001877761233562,en,ncis
reissue,0.0001877761233562,en,ncis
boomerang,0.0001877761233562,en,ncis
skyler,0.0001877761233562,en,ncis
chippendale,0.0001877761233562,en,ncis
plait,0.0001877761233562,en,ncis
triplicate,0.0001877761233562,en,ncis
ythe,0.0001877761233562,en,ncis
legitimately,0.0001877761233562,en,ncis
concussive,0.0001877761233562,en,ncis
flack,0.0001877761233562,en,ncis
bloodshot,0.0001877761233562,en,ncis
posthumous,0.0001877761233562,en,ncis
barracks,0.0001877761233562,en,ncis
piccata,0.0001877761233562,en,ncis
bronchitis,0.0001877761233562,en,ncis
burr,0.0001877761233562,en,ncis
caesar,0.0001877761233562,en,ncis
commonality,0.0001877761233562,en,ncis
distinguishing,0.0001877761233562,en,ncis
collapsible,0.0001877761233562,en,ncis
belladonna,0.0001877761233562,en,ncis
verbalize,0.0001877761233562,en,ncis
chirping,0.0001877761233562,en,ncis
marionette,0.0001877761233562,en,ncis
unsettled,0.0001877761233562,en,ncis
hacking,0.0001877761233562,en,ncis
cate,0.0001877761233562,en,ncis
greener,0.0001877761233562,en,ncis
unfinishe,0.0001877761233562,en,ncis
storied,0.0001877761233562,en,ncis
sinew,0.0001877761233562,en,ncis
nit,0.0001877761233562,en,ncis
telephoto,0.0001877761233562,en,ncis
hypo,0.0001877761233562,en,ncis
declassify,0.0001877761233562,en,ncis
mothball,0.0001877761233562,en,ncis
endanger,0.0001861317841576,en,ncis
dining,0.0001861317841576,en,ncis
subconscious,0.0001861317841576,en,ncis
peep,0.0001861317841576,en,ncis
dim,0.0001861317841576,en,ncis
delight,0.0001861317841576,en,ncis
renew,0.0001861317841576,en,ncis
stabilize,0.0001861317841576,en,ncis
lust,0.0001861317841576,en,ncis
devoted,0.0001861317841576,en,ncis
actress,0.0001861317841576,en,ncis
toaster,0.0001861317841576,en,ncis
kicking,0.0001842592549855,en,ncis
comedy,0.0001842592549855,en,ncis
buffet,0.0001842592549855,en,ncis
clarity,0.0001842592549855,en,ncis
sadness,0.0001842592549855,en,ncis
universal,0.0001842592549855,en,ncis
aye,0.0001842592549855,en,ncis
breaking,0.0001842592549855,en,ncis
sincere,0.0001842592549855,en,ncis
sleepy,0.0001842592549855,en,ncis
swamp,0.0001842592549855,en,ncis
earthquake,0.0001842592549855,en,ncis
preferably,0.0001842592549855,en,ncis
unleash,0.000182421086093,en,ncis
seeing,0.000182421086093,en,ncis
semester,0.000182421086093,en,ncis
lesbian,0.000182421086093,en,ncis
postpone,0.000182421086093,en,ncis
contribution,0.000182421086093,en,ncis
frustrated,0.000182421086093,en,ncis
doorbell,0.000182421086093,en,ncis
sunken,0.0001818765245759,en,ncis
converter,0.0001818765245759,en,ncis
carrion,0.0001818765245759,en,ncis
cautiously,0.0001818765245759,en,ncis
federally,0.0001818765245759,en,ncis
scrubber,0.0001818765245759,en,ncis
leggy,0.0001818765245759,en,ncis
adjunct,0.0001818765245759,en,ncis
gaydar,0.0001818765245759,en,ncis
rashly,0.0001818765245759,en,ncis
woode,0.0001818765245759,en,ncis
panache,0.0001818765245759,en,ncis
metrosexual,0.0001818765245759,en,ncis
bromance,0.0001818765245759,en,ncis
tought,0.0001818765245759,en,ncis
sunbathing,0.0001818765245759,en,ncis
palatable,0.0001818765245759,en,ncis
dartboard,0.0001818765245759,en,ncis
grotto,0.0001818765245759,en,ncis
lowell,0.0001818765245759,en,ncis
powerpoint,0.0001818765245759,en,ncis
wesson,0.0001818765245759,en,ncis
calamine,0.0001818765245759,en,ncis
mitochondrial,0.0001818765245759,en,ncis
smushe,0.0001818765245759,en,ncis
henrietta,0.0001818765245759,en,ncis
incompatible,0.0001818765245759,en,ncis
pringle,0.0001818765245759,en,ncis
orally,0.0001818765245759,en,ncis
specialise,0.0001818765245759,en,ncis
hightail,0.0001818765245759,en,ncis
aficionado,0.0001818765245759,en,ncis
castration,0.0001818765245759,en,ncis
frying,0.0001818765245759,en,ncis
spaniel,0.0001818765245759,en,ncis
hine,0.0001818765245759,en,ncis
sled,0.0001818765245759,en,ncis
deadbolt,0.0001818765245759,en,ncis
gia,0.0001818765245759,en,ncis
exonerated,0.0001818765245759,en,ncis
intubated,0.0001818765245759,en,ncis
scurvy,0.0001818765245759,en,ncis
christmastime,0.0001818765245759,en,ncis
pneumothorax,0.0001818765245759,en,ncis
downplay,0.0001818765245759,en,ncis
overtone,0.0001818765245759,en,ncis
omelette,0.0001818765245759,en,ncis
deathtrap,0.0001818765245759,en,ncis
bedford,0.0001818765245759,en,ncis
asystole,0.0001818765245759,en,ncis
unsuccessfully,0.0001818765245759,en,ncis
darby,0.0001818765245759,en,ncis
indiscriminate,0.0001818765245759,en,ncis
forensically,0.0001818765245759,en,ncis
soluble,0.0001818765245759,en,ncis
stabilization,0.0001818765245759,en,ncis
nake,0.0001818765245759,en,ncis
nudie,0.0001818765245759,en,ncis
confucius,0.0001818765245759,en,ncis
pithy,0.0001818765245759,en,ncis
impotence,0.0001818765245759,en,ncis
domestically,0.0001818765245759,en,ncis
silliness,0.0001818765245759,en,ncis
propellant,0.0001818765245759,en,ncis
serene,0.0001818765245759,en,ncis
contradictory,0.0001818765245759,en,ncis
cursory,0.0001818765245759,en,ncis
masking,0.0001818765245759,en,ncis
scratching,0.0001818765245759,en,ncis
interoffice,0.0001818765245759,en,ncis
riveting,0.0001818765245759,en,ncis
spaceman,0.0001818765245759,en,ncis
shill,0.0001818765245759,en,ncis
boozer,0.0001818765245759,en,ncis
sherpa,0.0001818765245759,en,ncis
conditional,0.0001818765245759,en,ncis
negligible,0.0001818765245759,en,ncis
developmental,0.0001818765245759,en,ncis
wolverine,0.0001818765245759,en,ncis
entomologist,0.0001818765245759,en,ncis
substantive,0.0001818765245759,en,ncis
physique,0.0001818765245759,en,ncis
nintendo,0.0001818765245759,en,ncis
recoil,0.0001818765245759,en,ncis
rawling,0.0001818765245759,en,ncis
undiagnosed,0.0001818765245759,en,ncis
chewing,0.0001818765245759,en,ncis
beluga,0.0001818765245759,en,ncis
aeroplane,0.0001818765245759,en,ncis
satanist,0.0001818765245759,en,ncis
survivalist,0.0001818765245759,en,ncis
distil,0.0001818765245759,en,ncis
alongside,0.0001818765245759,en,ncis
cujo,0.0001818765245759,en,ncis
rry,0.0001818765245759,en,ncis
lioness,0.0001818765245759,en,ncis
intentione,0.0001818765245759,en,ncis
idyllic,0.0001818765245759,en,ncis
mussel,0.0001818765245759,en,ncis
chronological,0.0001818765245759,en,ncis
compressed,0.0001818765245759,en,ncis
readiness,0.0001818765245759,en,ncis
spectacularly,0.0001818765245759,en,ncis
rarity,0.0001818765245759,en,ncis
glandular,0.0001818765245759,en,ncis
hypoxia,0.0001818765245759,en,ncis
punctured,0.0001818765245759,en,ncis
spool,0.0001818765245759,en,ncis
heroically,0.0001818765245759,en,ncis
soo,0.0001818765245759,en,ncis
thame,0.0001818765245759,en,ncis
petrified,0.0001818765245759,en,ncis
ramona,0.0001818765245759,en,ncis
fragge,0.0001818765245759,en,ncis
transatlantic,0.0001818765245759,en,ncis
engender,0.0001818765245759,en,ncis
jib,0.0001818765245759,en,ncis
lange,0.0001818765245759,en,ncis
cede,0.0001818765245759,en,ncis
techie,0.0001818765245759,en,ncis
auburn,0.0001818765245759,en,ncis
warbuck,0.0001818765245759,en,ncis
flawlessly,0.0001818765245759,en,ncis
tweaker,0.0001818765245759,en,ncis
curvature,0.0001818765245759,en,ncis
landfall,0.0001818765245759,en,ncis
reich,0.0001818765245759,en,ncis
ism,0.0001818765245759,en,ncis
volley,0.0001818765245759,en,ncis
reacquaint,0.0001818765245759,en,ncis
lacey,0.0001818765245759,en,ncis
cylon,0.0001818765245759,en,ncis
chianti,0.0001818765245759,en,ncis
pinprick,0.0001818765245759,en,ncis
ulna,0.0001818765245759,en,ncis
gertrude,0.0001818765245759,en,ncis
byte,0.0001818765245759,en,ncis
foaming,0.0001818765245759,en,ncis
implantation,0.0001818765245759,en,ncis
lumbar,0.0001818765245759,en,ncis
disbelief,0.0001818765245759,en,ncis
loveable,0.0001818765245759,en,ncis
excessively,0.0001818765245759,en,ncis
arigato,0.0001818765245759,en,ncis
commencement,0.0001818765245759,en,ncis
misplaced,0.0001818765245759,en,ncis
amarillo,0.0001818765245759,en,ncis
pegasus,0.0001818765245759,en,ncis
mortally,0.0001818765245759,en,ncis
toned,0.0001818765245759,en,ncis
maw,0.0001818765245759,en,ncis
paella,0.0001818765245759,en,ncis
stretching,0.0001818765245759,en,ncis
lipped,0.0001818765245759,en,ncis
shrek,0.0001818765245759,en,ncis
frazi,0.0001818765245759,en,ncis
trackin,0.0001818765245759,en,ncis
bugsy,0.0001818765245759,en,ncis
alla,0.0001818765245759,en,ncis
miff,0.0001818765245759,en,ncis
offload,0.0001818765245759,en,ncis
kreskin,0.0001818765245759,en,ncis
paraffin,0.0001818765245759,en,ncis
retaliatory,0.0001818765245759,en,ncis
arduous,0.0001818765245759,en,ncis
rpm,0.0001818765245759,en,ncis
cufflink,0.0001818765245759,en,ncis
sedition,0.0001818765245759,en,ncis
wiggly,0.0001818765245759,en,ncis
jagger,0.0001818765245759,en,ncis
khaki,0.0001818765245759,en,ncis
exoskeleton,0.0001818765245759,en,ncis
commonplace,0.0001818765245759,en,ncis
reteste,0.0001818765245759,en,ncis
benz,0.0001818765245759,en,ncis
vamano,0.0001818765245759,en,ncis
initialize,0.0001818765245759,en,ncis
marx,0.0001818765245759,en,ncis
boudoir,0.0001818765245759,en,ncis
targeting,0.0001818765245759,en,ncis
hypnotism,0.0001818765245759,en,ncis
gouging,0.0001818765245759,en,ncis
lain,0.0001818765245759,en,ncis
menorah,0.0001818765245759,en,ncis
marmaduke,0.0001818765245759,en,ncis
reptilian,0.0001818765245759,en,ncis
econ,0.0001818765245759,en,ncis
tim,0.0001818765245759,en,ncis
delectable,0.0001818765245759,en,ncis
hammy,0.0001818765245759,en,ncis
flustered,0.0001818765245759,en,ncis
prosthesis,0.0001818765245759,en,ncis
crevice,0.0001818765245759,en,ncis
orangutan,0.0001818765245759,en,ncis
relegate,0.0001818765245759,en,ncis
spiderman,0.0001818765245759,en,ncis
crushed,0.0001818765245759,en,ncis
levity,0.0001818765245759,en,ncis
derivation,0.0001818765245759,en,ncis
displeasure,0.0001818765245759,en,ncis
cubby,0.0001818765245759,en,ncis
hubcap,0.0001818765245759,en,ncis
trolley,0.0001818765245759,en,ncis
mantis,0.0001818765245759,en,ncis
flagship,0.0001818765245759,en,ncis
civvie,0.0001818765245759,en,ncis
upstande,0.0001818765245759,en,ncis
stent,0.0001818765245759,en,ncis
sas,0.0001818765245759,en,ncis
hooch,0.0001818765245759,en,ncis
cleanser,0.0001818765245759,en,ncis
consequence,0.0001808213366557,en,ncis
fulfill,0.0001806160391693,en,ncis
weep,0.0001806160391693,en,ncis
paddle,0.0001806160391693,en,ncis
hallucination,0.0001806160391693,en,ncis
gifted,0.0001806160391693,en,ncis
playground,0.0001806160391693,en,ncis
disappointing,0.0001806160391693,en,ncis
glorious,0.0001806160391693,en,ncis
quiz,0.0001788429416619,en,ncis
frustrating,0.0001788429416619,en,ncis
modest,0.0001788429416619,en,ncis
mop,0.0001788429416619,en,ncis
interpret,0.0001788429416619,en,ncis
remorse,0.0001788429416619,en,ncis
wheelchair,0.0001788429416619,en,ncis
thou,0.0001788429416619,en,ncis
reassure,0.0001788429416619,en,ncis
humiliation,0.0001788429416619,en,ncis
limo,0.0001788429416619,en,ncis
depress,0.0001788429416619,en,ncis
bunk,0.0001771006822013,en,ncis
essentially,0.0001771006822013,en,ncis
prop,0.0001771006822013,en,ncis
hoop,0.0001771006822013,en,ncis
rhyme,0.0001771006822013,en,ncis
heaven,0.0001771006822013,en,ncis
puff,0.0001771006822013,en,ncis
objection,0.0001771006822013,en,ncis
bulb,0.0001771006822013,en,ncis
faithful,0.0001771006822013,en,ncis
hatred,0.0001771006822013,en,ncis
collector,0.0001771006822013,en,ncis
courteous,0.0001765991536353,en,ncis
docile,0.0001765991536353,en,ncis
snout,0.0001765991536353,en,ncis
dino,0.0001765991536353,en,ncis
belvedere,0.0001765991536353,en,ncis
prague,0.0001765991536353,en,ncis
hippocampus,0.0001765991536353,en,ncis
tore,0.0001765991536353,en,ncis
brachial,0.0001765991536353,en,ncis
leone,0.0001765991536353,en,ncis
iceman,0.0001765991536353,en,ncis
scratcher,0.0001765991536353,en,ncis
botany,0.0001765991536353,en,ncis
hysterectomy,0.0001765991536353,en,ncis
accumulation,0.0001765991536353,en,ncis
garfield,0.0001765991536353,en,ncis
ghb,0.0001765991536353,en,ncis
conservatory,0.0001765991536353,en,ncis
rube,0.0001765991536353,en,ncis
herman,0.0001765991536353,en,ncis
electronics,0.0001765991536353,en,ncis
sud,0.0001765991536353,en,ncis
torturous,0.0001765991536353,en,ncis
bejesus,0.0001765991536353,en,ncis
unsatisfying,0.0001765991536353,en,ncis
copilot,0.0001765991536353,en,ncis
prominence,0.0001765991536353,en,ncis
serb,0.0001765991536353,en,ncis
swatch,0.0001765991536353,en,ncis
sultry,0.0001765991536353,en,ncis
hieroglyphic,0.0001765991536353,en,ncis
friende,0.0001765991536353,en,ncis
quotient,0.0001765991536353,en,ncis
conversationalist,0.0001765991536353,en,ncis
phonetic,0.0001765991536353,en,ncis
defenceless,0.0001765991536353,en,ncis
orson,0.0001765991536353,en,ncis
blasting,0.0001765991536353,en,ncis
expressway,0.0001765991536353,en,ncis
raptor,0.0001765991536353,en,ncis
ukraine,0.0001765991536353,en,ncis
parisian,0.0001765991536353,en,ncis
multiplex,0.0001765991536353,en,ncis
verde,0.0001765991536353,en,ncis
reflexe,0.0001765991536353,en,ncis
mainland,0.0001765991536353,en,ncis
islander,0.0001765991536353,en,ncis
footwork,0.0001765991536353,en,ncis
bolivia,0.0001765991536353,en,ncis
sucka,0.0001765991536353,en,ncis
mete,0.0001765991536353,en,ncis
unscramble,0.0001765991536353,en,ncis
fer,0.0001765991536353,en,ncis
dividend,0.0001765991536353,en,ncis
overdone,0.0001765991536353,en,ncis
telemarketing,0.0001765991536353,en,ncis
prego,0.0001765991536353,en,ncis
lifelike,0.0001765991536353,en,ncis
bongo,0.0001765991536353,en,ncis
slingshot,0.0001765991536353,en,ncis
pinkie,0.0001765991536353,en,ncis
substation,0.0001765991536353,en,ncis
tabby,0.0001765991536353,en,ncis
eon,0.0001765991536353,en,ncis
airliner,0.0001765991536353,en,ncis
schleppe,0.0001765991536353,en,ncis
flagstaff,0.0001765991536353,en,ncis
skillful,0.0001765991536353,en,ncis
saute,0.0001765991536353,en,ncis
referendum,0.0001765991536353,en,ncis
gourd,0.0001765991536353,en,ncis
hippos,0.0001765991536353,en,ncis
domicile,0.0001765991536353,en,ncis
detriment,0.0001765991536353,en,ncis
uproar,0.0001765991536353,en,ncis
quorum,0.0001765991536353,en,ncis
antic,0.0001765991536353,en,ncis
tinted,0.0001765991536353,en,ncis
corroboration,0.0001765991536353,en,ncis
tlc,0.0001765991536353,en,ncis
egress,0.0001765991536353,en,ncis
styrofoam,0.0001765991536353,en,ncis
hydrocarbon,0.0001765991536353,en,ncis
saga,0.0001765991536353,en,ncis
unsecured,0.0001765991536353,en,ncis
oblique,0.0001765991536353,en,ncis
uncharacteristically,0.0001765991536353,en,ncis
choker,0.0001765991536353,en,ncis
affectionately,0.0001765991536353,en,ncis
flintstone,0.0001765991536353,en,ncis
hypothesize,0.0001765991536353,en,ncis
peacemaker,0.0001765991536353,en,ncis
shadowy,0.0001765991536353,en,ncis
excitable,0.0001765991536353,en,ncis
terra,0.0001765991536353,en,ncis
jibe,0.0001765991536353,en,ncis
sunup,0.0001765991536353,en,ncis
squirrele,0.0001765991536353,en,ncis
raunchy,0.0001765991536353,en,ncis
speller,0.0001765991536353,en,ncis
poncho,0.0001765991536353,en,ncis
izzy,0.0001765991536353,en,ncis
gringo,0.0001765991536353,en,ncis
moonlit,0.0001765991536353,en,ncis
centerfold,0.0001765991536353,en,ncis
noche,0.0001765991536353,en,ncis
commandant,0.0001765991536353,en,ncis
microbe,0.0001765991536353,en,ncis
englishman,0.0001765991536353,en,ncis
carroll,0.0001765991536353,en,ncis
hari,0.0001765991536353,en,ncis
smokescreen,0.0001765991536353,en,ncis
tantric,0.0001765991536353,en,ncis
intravenous,0.0001765991536353,en,ncis
hypnotherapist,0.0001765991536353,en,ncis
remorseful,0.0001765991536353,en,ncis
taxidermy,0.0001765991536353,en,ncis
legitimize,0.0001765991536353,en,ncis
empowerment,0.0001765991536353,en,ncis
gild,0.0001765991536353,en,ncis
tress,0.0001765991536353,en,ncis
myocardial,0.0001765991536353,en,ncis
manicurist,0.0001765991536353,en,ncis
sulfate,0.0001765991536353,en,ncis
removable,0.0001765991536353,en,ncis
twiddle,0.0001765991536353,en,ncis
demeaning,0.0001765991536353,en,ncis
cluttered,0.0001765991536353,en,ncis
zimbabwe,0.0001765991536353,en,ncis
huey,0.0001765991536353,en,ncis
postulate,0.0001765991536353,en,ncis
prelude,0.0001765991536353,en,ncis
goop,0.0001765991536353,en,ncis
casting,0.0001765991536353,en,ncis
hapless,0.0001765991536353,en,ncis
winkle,0.0001765991536353,en,ncis
underdressed,0.0001765991536353,en,ncis
normandy,0.0001765991536353,en,ncis
sicily,0.0001765991536353,en,ncis
amnesiac,0.0001765991536353,en,ncis
sleuth,0.0001765991536353,en,ncis
bedrock,0.0001765991536353,en,ncis
tactically,0.0001765991536353,en,ncis
inaction,0.0001765991536353,en,ncis
highest,0.0001765991536353,en,ncis
registered,0.0001765991536353,en,ncis
dumpty,0.0001765991536353,en,ncis
keystone,0.0001765991536353,en,ncis
clarice,0.0001765991536353,en,ncis
pressurized,0.0001765991536353,en,ncis
pippin,0.0001765991536353,en,ncis
medial,0.0001765991536353,en,ncis
wriggle,0.0001765991536353,en,ncis
charmed,0.0001765991536353,en,ncis
contentment,0.0001765991536353,en,ncis
benji,0.0001765991536353,en,ncis
dispersal,0.0001765991536353,en,ncis
norman,0.0001765991536353,en,ncis
franck,0.0001765991536353,en,ncis
wilcox,0.0001765991536353,en,ncis
crucifixion,0.0001765991536353,en,ncis
welding,0.0001765991536353,en,ncis
cali,0.0001765991536353,en,ncis
ostensibly,0.0001765991536353,en,ncis
progressively,0.0001765991536353,en,ncis
tai,0.0001765991536353,en,ncis
fissure,0.0001765991536353,en,ncis
startup,0.0001765991536353,en,ncis
litigator,0.0001765991536353,en,ncis
vaya,0.0001765991536353,en,ncis
lurking,0.0001765991536353,en,ncis
reachable,0.0001765991536353,en,ncis
gat,0.0001765991536353,en,ncis
raindrop,0.0001765991536353,en,ncis
tertiary,0.0001765991536353,en,ncis
troublesome,0.0001765991536353,en,ncis
cannoli,0.0001765991536353,en,ncis
enabler,0.0001765991536353,en,ncis
rebar,0.0001765991536353,en,ncis
embankment,0.0001765991536353,en,ncis
literacy,0.0001765991536353,en,ncis
decibel,0.0001765991536353,en,ncis
llama,0.0001765991536353,en,ncis
showgirl,0.0001765991536353,en,ncis
arabian,0.0001765991536353,en,ncis
gsw,0.0001765991536353,en,ncis
whiner,0.0001765991536353,en,ncis
fixable,0.0001765991536353,en,ncis
computing,0.0001765991536353,en,ncis
smut,0.0001765991536353,en,ncis
ecological,0.0001765991536353,en,ncis
gunfight,0.0001765991536353,en,ncis
headliner,0.0001765991536353,en,ncis
panky,0.0001765991536353,en,ncis
denzel,0.0001765991536353,en,ncis
betroth,0.0001765991536353,en,ncis
undergraduate,0.0001765991536353,en,ncis
modicum,0.0001765991536353,en,ncis
okeydokey,0.0001765991536353,en,ncis
bitsy,0.0001765991536353,en,ncis
particulate,0.0001765991536353,en,ncis
awesomeness,0.0001765991536353,en,ncis
appalling,0.0001765991536353,en,ncis
scientific,0.0001753882064167,en,ncis
walker,0.0001753882064167,en,ncis
peach,0.0001753882064167,en,ncis
dwell,0.0001753882064167,en,ncis
keen,0.0001753882064167,en,ncis
reel,0.0001753882064167,en,ncis
persuade,0.0001753882064167,en,ncis
ouch,0.0001753882064167,en,ncis
pledge,0.0001737045131044,en,ncis
greet,0.0001737045131044,en,ncis
convinced,0.0001737045131044,en,ncis
void,0.0001737045131044,en,ncis
textbook,0.0001737045131044,en,ncis
steer,0.0001737045131044,en,ncis
crank,0.0001737045131044,en,ncis
adore,0.0001720486507115,en,ncis
ninth,0.0001720486507115,en,ncis
streak,0.0001720486507115,en,ncis
drunken,0.0001720486507115,en,ncis
equation,0.0001720486507115,en,ncis
richard,0.0001720486507115,en,ncis
roller,0.0001720486507115,en,ncis
participate,0.0001720486507115,en,ncis
rusty,0.0001720486507115,en,ncis
somethin,0.0001720486507115,en,ncis
flavor,0.0001720486507115,en,ncis
splendor,0.0001718251909217,en,ncis
redone,0.0001718251909217,en,ncis
culpa,0.0001718251909217,en,ncis
qualm,0.0001718251909217,en,ncis
jamal,0.0001718251909217,en,ncis
fallback,0.0001718251909217,en,ncis
aphasia,0.0001718251909217,en,ncis
chapman,0.0001718251909217,en,ncis
carp,0.0001718251909217,en,ncis
briggs,0.0001718251909217,en,ncis
uncooked,0.0001718251909217,en,ncis
pico,0.0001718251909217,en,ncis
percussion,0.0001718251909217,en,ncis
stupidly,0.0001718251909217,en,ncis
counterterrorism,0.0001718251909217,en,ncis
miscellaneous,0.0001718251909217,en,ncis
nametag,0.0001718251909217,en,ncis
oye,0.0001718251909217,en,ncis
barmaid,0.0001718251909217,en,ncis
camaraderie,0.0001718251909217,en,ncis
hamstring,0.0001718251909217,en,ncis
uppity,0.0001718251909217,en,ncis
humpty,0.0001718251909217,en,ncis
dehydrated,0.0001718251909217,en,ncis
musculature,0.0001718251909217,en,ncis
mojave,0.0001718251909217,en,ncis
wasteful,0.0001718251909217,en,ncis
realism,0.0001718251909217,en,ncis
porridge,0.0001718251909217,en,ncis
notepad,0.0001718251909217,en,ncis
depravity,0.0001718251909217,en,ncis
regrettably,0.0001718251909217,en,ncis
taxidermist,0.0001718251909217,en,ncis
semiautomatic,0.0001718251909217,en,ncis
southbound,0.0001718251909217,en,ncis
hilt,0.0001718251909217,en,ncis
vick,0.0001718251909217,en,ncis
rockefeller,0.0001718251909217,en,ncis
slaying,0.0001718251909217,en,ncis
outhouse,0.0001718251909217,en,ncis
sacrilege,0.0001718251909217,en,ncis
topside,0.0001718251909217,en,ncis
oat,0.0001718251909217,en,ncis
inclusion,0.0001718251909217,en,ncis
hydrochloric,0.0001718251909217,en,ncis
skillet,0.0001718251909217,en,ncis
isis,0.0001718251909217,en,ncis
chippy,0.0001718251909217,en,ncis
aromatic,0.0001718251909217,en,ncis
indirectly,0.0001718251909217,en,ncis
maury,0.0001718251909217,en,ncis
bombardment,0.0001718251909217,en,ncis
supergirl,0.0001718251909217,en,ncis
jurisdictional,0.0001718251909217,en,ncis
lyon,0.0001718251909217,en,ncis
chlamydia,0.0001718251909217,en,ncis
peppy,0.0001718251909217,en,ncis
catchphrase,0.0001718251909217,en,ncis
smithereen,0.0001718251909217,en,ncis
inverse,0.0001718251909217,en,ncis
radioactivity,0.0001718251909217,en,ncis
porta,0.0001718251909217,en,ncis
hideously,0.0001718251909217,en,ncis
procession,0.0001718251909217,en,ncis
recognizable,0.0001718251909217,en,ncis
darkroom,0.0001718251909217,en,ncis
amis,0.0001718251909217,en,ncis
hazel,0.0001718251909217,en,ncis
walkman,0.0001718251909217,en,ncis
despondent,0.0001718251909217,en,ncis
localized,0.0001718251909217,en,ncis
separatist,0.0001718251909217,en,ncis
melanoma,0.0001718251909217,en,ncis
brownish,0.0001718251909217,en,ncis
blameless,0.0001718251909217,en,ncis
brassiere,0.0001718251909217,en,ncis
arbor,0.0001718251909217,en,ncis
washout,0.0001718251909217,en,ncis
leapt,0.0001718251909217,en,ncis
moat,0.0001718251909217,en,ncis
punctuation,0.0001718251909217,en,ncis
engorge,0.0001718251909217,en,ncis
cyclical,0.0001718251909217,en,ncis
hummingbird,0.0001718251909217,en,ncis
backdrop,0.0001718251909217,en,ncis
dory,0.0001718251909217,en,ncis
opportunist,0.0001718251909217,en,ncis
obsessively,0.0001718251909217,en,ncis
bali,0.0001718251909217,en,ncis
intercede,0.0001718251909217,en,ncis
bris,0.0001718251909217,en,ncis
repository,0.0001718251909217,en,ncis
oxymoron,0.0001718251909217,en,ncis
whiter,0.0001718251909217,en,ncis
randomness,0.0001718251909217,en,ncis
dramamine,0.0001718251909217,en,ncis
denigrate,0.0001718251909217,en,ncis
frenchie,0.0001718251909217,en,ncis
longevity,0.0001718251909217,en,ncis
startled,0.0001718251909217,en,ncis
intensifie,0.0001718251909217,en,ncis
premeditation,0.0001718251909217,en,ncis
redheaded,0.0001718251909217,en,ncis
egghead,0.0001718251909217,en,ncis
mourner,0.0001718251909217,en,ncis
cranny,0.0001718251909217,en,ncis
misinformation,0.0001718251909217,en,ncis
nub,0.0001718251909217,en,ncis
switcheroo,0.0001718251909217,en,ncis
ablaze,0.0001718251909217,en,ncis
starsky,0.0001718251909217,en,ncis
plume,0.0001718251909217,en,ncis
blackball,0.0001718251909217,en,ncis
darfur,0.0001718251909217,en,ncis
louvre,0.0001718251909217,en,ncis
headshot,0.0001718251909217,en,ncis
attending,0.0001718251909217,en,ncis
wavy,0.0001718251909217,en,ncis
lecter,0.0001718251909217,en,ncis
zilch,0.0001718251909217,en,ncis
furtive,0.0001718251909217,en,ncis
abbot,0.0001718251909217,en,ncis
denomination,0.0001718251909217,en,ncis
ibiza,0.0001718251909217,en,ncis
protg,0.0001718251909217,en,ncis
speculative,0.0001718251909217,en,ncis
gable,0.0001718251909217,en,ncis
loon,0.0001718251909217,en,ncis
windbreaker,0.0001718251909217,en,ncis
putrid,0.0001718251909217,en,ncis
caliente,0.0001718251909217,en,ncis
numerical,0.0001718251909217,en,ncis
palpable,0.0001718251909217,en,ncis
appetizing,0.0001718251909217,en,ncis
antigen,0.0001718251909217,en,ncis
transitional,0.0001718251909217,en,ncis
sigmund,0.0001718251909217,en,ncis
careof,0.0001718251909217,en,ncis
baster,0.0001718251909217,en,ncis
fishnet,0.0001718251909217,en,ncis
cooked,0.0001718251909217,en,ncis
bertha,0.0001718251909217,en,ncis
unveiling,0.0001718251909217,en,ncis
cobwebs,0.0001718251909217,en,ncis
focal,0.0001718251909217,en,ncis
spastic,0.0001718251909217,en,ncis
antarctic,0.0001718251909217,en,ncis
telegraph,0.0001718251909217,en,ncis
sot,0.0001718251909217,en,ncis
tiene,0.0001718251909217,en,ncis
tasteless,0.0001718251909217,en,ncis
sarcophagus,0.0001718251909217,en,ncis
timber,0.0001718251909217,en,ncis
fir,0.0001718251909217,en,ncis
counterproductive,0.0001718251909217,en,ncis
sardine,0.0001718251909217,en,ncis
inflection,0.0001718251909217,en,ncis
spotter,0.0001718251909217,en,ncis
lozenge,0.0001718251909217,en,ncis
bookmark,0.0001718251909217,en,ncis
apparel,0.0001718251909217,en,ncis
golgi,0.0001718251909217,en,ncis
cathartic,0.0001718251909217,en,ncis
financier,0.0001718251909217,en,ncis
hijacker,0.0001718251909217,en,ncis
discernable,0.0001718251909217,en,ncis
irk,0.0001718251909217,en,ncis
pleaser,0.0001718251909217,en,ncis
kinetic,0.0001718251909217,en,ncis
conservation,0.0001718251909217,en,ncis
shazam,0.0001718251909217,en,ncis
plunder,0.0001718251909217,en,ncis
amorous,0.0001718251909217,en,ncis
marrying,0.0001718251909217,en,ncis
ovulate,0.0001718251909217,en,ncis
sleaze,0.0001718251909217,en,ncis
asphyxiate,0.0001718251909217,en,ncis
projet,0.0001718251909217,en,ncis
supplemental,0.0001718251909217,en,ncis
chalice,0.0001718251909217,en,ncis
restitution,0.0001718251909217,en,ncis
exuberant,0.0001718251909217,en,ncis
manif,0.0001718251909217,en,ncis
variance,0.0001718251909217,en,ncis
encroach,0.0001718251909217,en,ncis
quoi,0.0001718251909217,en,ncis
aprs,0.0001718251909217,en,ncis
pasa,0.0001718251909217,en,ncis
grievous,0.0001718251909217,en,ncis
esque,0.0001718251909217,en,ncis
vac,0.0001718251909217,en,ncis
norad,0.0001718251909217,en,ncis
higgin,0.0001718251909217,en,ncis
wicker,0.0001718251909217,en,ncis
crewman,0.0001718251909217,en,ncis
craftsman,0.0001718251909217,en,ncis
eastwood,0.0001718251909217,en,ncis
lubricate,0.0001718251909217,en,ncis
aerodynamic,0.0001718251909217,en,ncis
mandible,0.0001718251909217,en,ncis
gone,0.0001718251909217,en,ncis
soapbox,0.0001718251909217,en,ncis
rosary,0.0001718251909217,en,ncis
irrefutable,0.0001718251909217,en,ncis
scoop,0.0001704197141068,en,ncis
irrelevant,0.0001704197141068,en,ncis
mode,0.0001704197141068,en,ncis
crowded,0.0001704197141068,en,ncis
servant,0.0001704197141068,en,ncis
physics,0.0001704197141068,en,ncis
partnership,0.0001704197141068,en,ncis
barn,0.0001704197141068,en,ncis
institution,0.0001704197141068,en,ncis
mary,0.0001688168416088,en,ncis
blaze,0.0001688168416088,en,ncis
submit,0.0001688168416088,en,ncis
legacy,0.0001688168416088,en,ncis
perk,0.0001688168416088,en,ncis
compel,0.0001688168416088,en,ncis
whoo,0.0001688168416088,en,ncis
bedtime,0.0001688168416088,en,ncis
mere,0.0001688168416088,en,ncis
arrow,0.0001688168416088,en,ncis
buzzard,0.0001674669044274,en,ncis
grazie,0.0001674669044274,en,ncis
misinformed,0.0001674669044274,en,ncis
actuality,0.0001674669044274,en,ncis
allocate,0.0001674669044274,en,ncis
hanging,0.0001674669044274,en,ncis
irritability,0.0001674669044274,en,ncis
artie,0.0001674669044274,en,ncis
unoccupied,0.0001674669044274,en,ncis
ber,0.0001674669044274,en,ncis
bringing,0.0001674669044274,en,ncis
cashew,0.0001674669044274,en,ncis
computerized,0.0001674669044274,en,ncis
prejudiced,0.0001674669044274,en,ncis
madden,0.0001674669044274,en,ncis
proficient,0.0001674669044274,en,ncis
wisconsin,0.0001674669044274,en,ncis
eventual,0.0001674669044274,en,ncis
sanchez,0.0001674669044274,en,ncis
scrunchie,0.0001674669044274,en,ncis
brainless,0.0001674669044274,en,ncis
manchester,0.0001674669044274,en,ncis
scrambled,0.0001674669044274,en,ncis
rotator,0.0001674669044274,en,ncis
transpo,0.0001674669044274,en,ncis
laude,0.0001674669044274,en,ncis
hoagie,0.0001674669044274,en,ncis
bilateral,0.0001674669044274,en,ncis
psychopathic,0.0001674669044274,en,ncis
stepbrother,0.0001674669044274,en,ncis
deface,0.0001674669044274,en,ncis
overbearing,0.0001674669044274,en,ncis
expenditure,0.0001674669044274,en,ncis
mercifully,0.0001674669044274,en,ncis
brownstone,0.0001674669044274,en,ncis
intolerance,0.0001674669044274,en,ncis
earlobe,0.0001674669044274,en,ncis
rainstorm,0.0001674669044274,en,ncis
hollis,0.0001674669044274,en,ncis
headlock,0.0001674669044274,en,ncis
chronologically,0.0001674669044274,en,ncis
huntin,0.0001674669044274,en,ncis
folding,0.0001674669044274,en,ncis
cortisone,0.0001674669044274,en,ncis
anatomical,0.0001674669044274,en,ncis
multitask,0.0001674669044274,en,ncis
tiding,0.0001674669044274,en,ncis
daunt,0.0001674669044274,en,ncis
spinner,0.0001674669044274,en,ncis
bagpipe,0.0001674669044274,en,ncis
safari,0.0001674669044274,en,ncis
roadway,0.0001674669044274,en,ncis
und,0.0001674669044274,en,ncis
unrecognizable,0.0001674669044274,en,ncis
pollyanna,0.0001674669044274,en,ncis
soulmate,0.0001674669044274,en,ncis
likeable,0.0001674669044274,en,ncis
minx,0.0001674669044274,en,ncis
altering,0.0001674669044274,en,ncis
retraction,0.0001674669044274,en,ncis
ocular,0.0001674669044274,en,ncis
gawk,0.0001674669044274,en,ncis
commencing,0.0001674669044274,en,ncis
tabitha,0.0001674669044274,en,ncis
profusely,0.0001674669044274,en,ncis
groundbreake,0.0001674669044274,en,ncis
moderation,0.0001674669044274,en,ncis
unbroken,0.0001674669044274,en,ncis
faire,0.0001674669044274,en,ncis
warcraft,0.0001674669044274,en,ncis
dapper,0.0001674669044274,en,ncis
capone,0.0001674669044274,en,ncis
curiously,0.0001674669044274,en,ncis
uplift,0.0001674669044274,en,ncis
collude,0.0001674669044274,en,ncis
winger,0.0001674669044274,en,ncis
reflective,0.0001674669044274,en,ncis
absorption,0.0001674669044274,en,ncis
banjo,0.0001674669044274,en,ncis
fatally,0.0001674669044274,en,ncis
facetious,0.0001674669044274,en,ncis
testicular,0.0001674669044274,en,ncis
faye,0.0001674669044274,en,ncis
strait,0.0001674669044274,en,ncis
topography,0.0001674669044274,en,ncis
hindsight,0.0001674669044274,en,ncis
railway,0.0001674669044274,en,ncis
cutlery,0.0001674669044274,en,ncis
shipwreck,0.0001674669044274,en,ncis
commodore,0.0001674669044274,en,ncis
geometric,0.0001674669044274,en,ncis
slapping,0.0001674669044274,en,ncis
existent,0.0001674669044274,en,ncis
vigorous,0.0001674669044274,en,ncis
tard,0.0001674669044274,en,ncis
stateroom,0.0001674669044274,en,ncis
marche,0.0001674669044274,en,ncis
mediation,0.0001674669044274,en,ncis
quasi,0.0001674669044274,en,ncis
backer,0.0001674669044274,en,ncis
capillary,0.0001674669044274,en,ncis
firehouse,0.0001674669044274,en,ncis
opposed,0.0001674669044274,en,ncis
mice,0.0001674669044274,en,ncis
roid,0.0001674669044274,en,ncis
corrosive,0.0001674669044274,en,ncis
deficient,0.0001674669044274,en,ncis
rhinestone,0.0001674669044274,en,ncis
java,0.0001674669044274,en,ncis
entrap,0.0001674669044274,en,ncis
cooker,0.0001674669044274,en,ncis
restful,0.0001674669044274,en,ncis
scouting,0.0001674669044274,en,ncis
synaptic,0.0001674669044274,en,ncis
greyhound,0.0001674669044274,en,ncis
dennis,0.0001674669044274,en,ncis
tacoma,0.0001674669044274,en,ncis
hmo,0.0001674669044274,en,ncis
swordfish,0.0001674669044274,en,ncis
explicitly,0.0001674669044274,en,ncis
venereal,0.0001674669044274,en,ncis
abound,0.0001674669044274,en,ncis
equilibrium,0.0001674669044274,en,ncis
stomachache,0.0001674669044274,en,ncis
sputter,0.0001674669044274,en,ncis
gusto,0.0001674669044274,en,ncis
insurrection,0.0001674669044274,en,ncis
baloney,0.0001674669044274,en,ncis
burned,0.0001674669044274,en,ncis
codeine,0.0001674669044274,en,ncis
sluggish,0.0001674669044274,en,ncis
baste,0.0001674669044274,en,ncis
para,0.0001674669044274,en,ncis
jellyfish,0.0001674669044274,en,ncis
mayoral,0.0001674669044274,en,ncis
convergence,0.0001674669044274,en,ncis
headboard,0.0001674669044274,en,ncis
dispel,0.0001674669044274,en,ncis
fatherless,0.0001674669044274,en,ncis
correlate,0.0001674669044274,en,ncis
spitfire,0.0001674669044274,en,ncis
herr,0.0001674669044274,en,ncis
stubbornness,0.0001674669044274,en,ncis
interchange,0.0001674669044274,en,ncis
lettering,0.0001674669044274,en,ncis
hymn,0.0001674669044274,en,ncis
metaphorical,0.0001674669044274,en,ncis
hind,0.0001674669044274,en,ncis
capacitor,0.0001674669044274,en,ncis
pauper,0.0001674669044274,en,ncis
improperly,0.0001674669044274,en,ncis
spidey,0.0001674669044274,en,ncis
familial,0.0001674669044274,en,ncis
veterinary,0.0001674669044274,en,ncis
cleanly,0.0001674669044274,en,ncis
suckere,0.0001674669044274,en,ncis
triangulation,0.0001674669044274,en,ncis
riser,0.0001674669044274,en,ncis
fleck,0.0001674669044274,en,ncis
preparedness,0.0001674669044274,en,ncis
taffy,0.0001674669044274,en,ncis
crackerjack,0.0001674669044274,en,ncis
calibration,0.0001674669044274,en,ncis
ghoulish,0.0001674669044274,en,ncis
seance,0.0001674669044274,en,ncis
technologically,0.0001674669044274,en,ncis
fluctuate,0.0001674669044274,en,ncis
sizeable,0.0001674669044274,en,ncis
lillian,0.0001674669044274,en,ncis
potluck,0.0001674669044274,en,ncis
nam,0.0001674669044274,en,ncis
pushover,0.0001674669044274,en,ncis
brie,0.0001674669044274,en,ncis
comms,0.0001674669044274,en,ncis
puking,0.0001674669044274,en,ncis
nypd,0.0001674669044274,en,ncis
dexterity,0.0001674669044274,en,ncis
trilogy,0.0001674669044274,en,ncis
fahrenheit,0.0001674669044274,en,ncis
smashing,0.0001674669044274,en,ncis
chaz,0.0001674669044274,en,ncis
bravado,0.0001674669044274,en,ncis
systematic,0.0001674669044274,en,ncis
concealment,0.0001674669044274,en,ncis
rougher,0.0001674669044274,en,ncis
wale,0.0001674669044274,en,ncis
riot,0.0001672392122491,en,ncis
unpleasant,0.0001672392122491,en,ncis
rational,0.0001672392122491,en,ncis
plead,0.0001672392122491,en,ncis
suffering,0.0001672392122491,en,ncis
fame,0.0001672392122491,en,ncis
vague,0.0001672392122491,en,ncis
offensive,0.0001672392122491,en,ncis
overreact,0.000165686043247,en,ncis
liability,0.000165686043247,en,ncis
rally,0.000165686043247,en,ncis
thunder,0.000165686043247,en,ncis
lightly,0.000165686043247,en,ncis
groom,0.0001641565876772,en,ncis
objective,0.0001641565876772,en,ncis
thoughtful,0.0001641565876772,en,ncis
pete,0.0001641565876772,en,ncis
beam,0.0001641565876772,en,ncis
gratitude,0.0001641565876772,en,ncis
absorb,0.0001641565876772,en,ncis
nanny,0.0001641565876772,en,ncis
negotiation,0.0001641565876772,en,ncis
alabama,0.0001634576694987,en,ncis
monstrosity,0.0001634576694987,en,ncis
inconsequential,0.0001634576694987,en,ncis
dampen,0.0001634576694987,en,ncis
lancaster,0.0001634576694987,en,ncis
rudolph,0.0001634576694987,en,ncis
grouping,0.0001634576694987,en,ncis
sheesh,0.0001634576694987,en,ncis
doppler,0.0001634576694987,en,ncis
honourable,0.0001634576694987,en,ncis
expectancy,0.0001634576694987,en,ncis
henhouse,0.0001634576694987,en,ncis
pjs,0.0001634576694987,en,ncis
frederick,0.0001634576694987,en,ncis
shrew,0.0001634576694987,en,ncis
nonessential,0.0001634576694987,en,ncis
fanfare,0.0001634576694987,en,ncis
foresight,0.0001634576694987,en,ncis
grime,0.0001634576694987,en,ncis
automotive,0.0001634576694987,en,ncis
academia,0.0001634576694987,en,ncis
undamaged,0.0001634576694987,en,ncis
topical,0.0001634576694987,en,ncis
condense,0.0001634576694987,en,ncis
monsoon,0.0001634576694987,en,ncis
anomalous,0.0001634576694987,en,ncis
rotor,0.0001634576694987,en,ncis
circumcise,0.0001634576694987,en,ncis
aggressor,0.0001634576694987,en,ncis
untangle,0.0001634576694987,en,ncis
synapsis,0.0001634576694987,en,ncis
deportation,0.0001634576694987,en,ncis
savant,0.0001634576694987,en,ncis
hazelnut,0.0001634576694987,en,ncis
ultraviolet,0.0001634576694987,en,ncis
petulant,0.0001634576694987,en,ncis
petrify,0.0001634576694987,en,ncis
concise,0.0001634576694987,en,ncis
garble,0.0001634576694987,en,ncis
pictionary,0.0001634576694987,en,ncis
harlem,0.0001634576694987,en,ncis
beeswax,0.0001634576694987,en,ncis
outgunne,0.0001634576694987,en,ncis
edema,0.0001634576694987,en,ncis
palpitation,0.0001634576694987,en,ncis
overdress,0.0001634576694987,en,ncis
plywood,0.0001634576694987,en,ncis
newsflash,0.0001634576694987,en,ncis
raising,0.0001634576694987,en,ncis
gravely,0.0001634576694987,en,ncis
exhumation,0.0001634576694987,en,ncis
snoring,0.0001634576694987,en,ncis
stealthy,0.0001634576694987,en,ncis
receiving,0.0001634576694987,en,ncis
caffeinate,0.0001634576694987,en,ncis
cushy,0.0001634576694987,en,ncis
transcendent,0.0001634576694987,en,ncis
talky,0.0001634576694987,en,ncis
duplicitous,0.0001634576694987,en,ncis
spiky,0.0001634576694987,en,ncis
dreg,0.0001634576694987,en,ncis
espn,0.0001634576694987,en,ncis
unintentionally,0.0001634576694987,en,ncis
maserati,0.0001634576694987,en,ncis
systemic,0.0001634576694987,en,ncis
tush,0.0001634576694987,en,ncis
blissful,0.0001634576694987,en,ncis
horrendous,0.0001634576694987,en,ncis
payload,0.0001634576694987,en,ncis
practitioner,0.0001634576694987,en,ncis
greer,0.0001634576694987,en,ncis
playthe,0.0001634576694987,en,ncis
mcdonald,0.0001634576694987,en,ncis
incoherent,0.0001634576694987,en,ncis
gunner,0.0001634576694987,en,ncis
carcinoma,0.0001634576694987,en,ncis
readjust,0.0001634576694987,en,ncis
salami,0.0001634576694987,en,ncis
perchance,0.0001634576694987,en,ncis
packed,0.0001634576694987,en,ncis
supposition,0.0001634576694987,en,ncis
trippy,0.0001634576694987,en,ncis
lyme,0.0001634576694987,en,ncis
diazepam,0.0001634576694987,en,ncis
equestrian,0.0001634576694987,en,ncis
inefficient,0.0001634576694987,en,ncis
stoplight,0.0001634576694987,en,ncis
pixel,0.0001634576694987,en,ncis
sanitary,0.0001634576694987,en,ncis
saltwater,0.0001634576694987,en,ncis
deafen,0.0001634576694987,en,ncis
vested,0.0001634576694987,en,ncis
motorist,0.0001634576694987,en,ncis
saturation,0.0001634576694987,en,ncis
redwood,0.0001634576694987,en,ncis
binding,0.0001634576694987,en,ncis
balk,0.0001634576694987,en,ncis
powwow,0.0001634576694987,en,ncis
brokeback,0.0001634576694987,en,ncis
virulent,0.0001634576694987,en,ncis
replaceable,0.0001634576694987,en,ncis
chooser,0.0001634576694987,en,ncis
intermission,0.0001634576694987,en,ncis
intrusive,0.0001634576694987,en,ncis
barstow,0.0001634576694987,en,ncis
crustacean,0.0001634576694987,en,ncis
bedpost,0.0001634576694987,en,ncis
swirly,0.0001634576694987,en,ncis
repugnant,0.0001634576694987,en,ncis
theorem,0.0001634576694987,en,ncis
sucking,0.0001634576694987,en,ncis
airbrush,0.0001634576694987,en,ncis
prevention,0.0001634576694987,en,ncis
sympathizer,0.0001634576694987,en,ncis
gilmore,0.0001634576694987,en,ncis
scaffold,0.0001634576694987,en,ncis
swivel,0.0001634576694987,en,ncis
barista,0.0001634576694987,en,ncis
remembrance,0.0001634576694987,en,ncis
pigsty,0.0001634576694987,en,ncis
alienation,0.0001634576694987,en,ncis
desecration,0.0001634576694987,en,ncis
creatively,0.0001634576694987,en,ncis
regulator,0.0001634576694987,en,ncis
fiesta,0.0001634576694987,en,ncis
gummy,0.0001634576694987,en,ncis
graham,0.0001634576694987,en,ncis
ruptured,0.0001634576694987,en,ncis
stiffe,0.0001634576694987,en,ncis
tenor,0.0001634576694987,en,ncis
deserter,0.0001634576694987,en,ncis
urgently,0.0001634576694987,en,ncis
workstation,0.0001634576694987,en,ncis
larson,0.0001634576694987,en,ncis
nano,0.0001634576694987,en,ncis
creditor,0.0001634576694987,en,ncis
hostel,0.0001634576694987,en,ncis
peekaboo,0.0001634576694987,en,ncis
picker,0.0001634576694987,en,ncis
humanize,0.0001634576694987,en,ncis
mouthpiece,0.0001634576694987,en,ncis
dimwit,0.0001634576694987,en,ncis
eardrum,0.0001634576694987,en,ncis
crystalline,0.0001634576694987,en,ncis
spatial,0.0001634576694987,en,ncis
groggy,0.0001634576694987,en,ncis
prohibition,0.0001634576694987,en,ncis
hurrah,0.0001634576694987,en,ncis
flipper,0.0001634576694987,en,ncis
whoopee,0.0001634576694987,en,ncis
prey,0.0001626501323126,en,ncis
remarkable,0.0001626501323126,en,ncis
footstep,0.0001611659956279,en,ncis
importance,0.0001611659956279,en,ncis
musical,0.0001611659956279,en,ncis
permanently,0.0001611659956279,en,ncis
surprisingly,0.0001611659956279,en,ncis
satisfy,0.0001611659956279,en,ncis
redial,0.000159745697739,en,ncis
pantsuit,0.000159745697739,en,ncis
shebang,0.000159745697739,en,ncis
steward,0.000159745697739,en,ncis
blowfish,0.000159745697739,en,ncis
kneeling,0.000159745697739,en,ncis
gingerbread,0.000159745697739,en,ncis
weiss,0.000159745697739,en,ncis
blowhard,0.000159745697739,en,ncis
dandelion,0.000159745697739,en,ncis
stainless,0.000159745697739,en,ncis
forthright,0.000159745697739,en,ncis
seasick,0.000159745697739,en,ncis
substantiate,0.000159745697739,en,ncis
scruffy,0.000159745697739,en,ncis
vaccination,0.000159745697739,en,ncis
decorum,0.000159745697739,en,ncis
inconsiderate,0.000159745697739,en,ncis
tach,0.000159745697739,en,ncis
seorita,0.000159745697739,en,ncis
avery,0.000159745697739,en,ncis
glisten,0.000159745697739,en,ncis
orthodox,0.000159745697739,en,ncis
unnerve,0.000159745697739,en,ncis
galactic,0.000159745697739,en,ncis
afoot,0.000159745697739,en,ncis
counsellor,0.000159745697739,en,ncis
teaspoon,0.000159745697739,en,ncis
tussle,0.000159745697739,en,ncis
coastal,0.000159745697739,en,ncis
inaccessible,0.000159745697739,en,ncis
underside,0.000159745697739,en,ncis
strategize,0.000159745697739,en,ncis
disobedience,0.000159745697739,en,ncis
logically,0.000159745697739,en,ncis
condescending,0.000159745697739,en,ncis
coordinated,0.000159745697739,en,ncis
groundbreaking,0.000159745697739,en,ncis
decoder,0.000159745697739,en,ncis
slop,0.000159745697739,en,ncis
tiki,0.000159745697739,en,ncis
cyrus,0.000159745697739,en,ncis
peso,0.000159745697739,en,ncis
sealed,0.000159745697739,en,ncis
innermost,0.000159745697739,en,ncis
someone,0.000159745697739,en,ncis
holdout,0.000159745697739,en,ncis
dweeb,0.000159745697739,en,ncis
exacerbate,0.000159745697739,en,ncis
tandem,0.000159745697739,en,ncis
avon,0.000159745697739,en,ncis
undiscovered,0.000159745697739,en,ncis
silky,0.000159745697739,en,ncis
org,0.000159745697739,en,ncis
twisting,0.000159745697739,en,ncis
cordone,0.000159745697739,en,ncis
tipper,0.000159745697739,en,ncis
rand,0.000159745697739,en,ncis
ist,0.000159745697739,en,ncis
fleshy,0.000159745697739,en,ncis
untrained,0.000159745697739,en,ncis
pornographic,0.000159745697739,en,ncis
clarinet,0.000159745697739,en,ncis
clove,0.000159745697739,en,ncis
congestion,0.000159745697739,en,ncis
botulism,0.000159745697739,en,ncis
ethnicity,0.000159745697739,en,ncis
rework,0.000159745697739,en,ncis
likable,0.000159745697739,en,ncis
eight,0.000159745697739,en,ncis
celibate,0.000159745697739,en,ncis
lunchbox,0.000159745697739,en,ncis
cybernetic,0.000159745697739,en,ncis
blogge,0.000159745697739,en,ncis
shrub,0.000159745697739,en,ncis
oppressive,0.000159745697739,en,ncis
defraud,0.000159745697739,en,ncis
fitzgerald,0.000159745697739,en,ncis
ticktock,0.000159745697739,en,ncis
mural,0.000159745697739,en,ncis
affidavit,0.000159745697739,en,ncis
remodeling,0.000159745697739,en,ncis
populated,0.000159745697739,en,ncis
brainwave,0.000159745697739,en,ncis
poacher,0.000159745697739,en,ncis
offset,0.000159745697739,en,ncis
geology,0.000159745697739,en,ncis
incursion,0.000159745697739,en,ncis
concoction,0.000159745697739,en,ncis
pancreatic,0.000159745697739,en,ncis
verbally,0.000159745697739,en,ncis
effectiveness,0.000159745697739,en,ncis
scarface,0.000159745697739,en,ncis
requisite,0.000159745697739,en,ncis
trapdoor,0.000159745697739,en,ncis
veritable,0.000159745697739,en,ncis
monet,0.000159745697739,en,ncis
shielding,0.000159745697739,en,ncis
tardy,0.000159745697739,en,ncis
obedient,0.000159745697739,en,ncis
fedex,0.000159745697739,en,ncis
glasgow,0.000159745697739,en,ncis
nine,0.000159745697739,en,ncis
wayward,0.000159745697739,en,ncis
gesundheit,0.000159745697739,en,ncis
emancipation,0.000159745697739,en,ncis
phosphorous,0.000159745697739,en,ncis
expos,0.000159745697739,en,ncis
teem,0.000159745697739,en,ncis
bickering,0.000159745697739,en,ncis
packer,0.000159745697739,en,ncis
symbolism,0.000159745697739,en,ncis
hendrix,0.000159745697739,en,ncis
premeditate,0.000159745697739,en,ncis
gothic,0.000159745697739,en,ncis
slouch,0.000159745697739,en,ncis
classification,0.000159745697739,en,ncis
combust,0.000159745697739,en,ncis
mullet,0.000159745697739,en,ncis
seasonal,0.000159745697739,en,ncis
ditty,0.000159745697739,en,ncis
permutation,0.000159745697739,en,ncis
magnification,0.000159745697739,en,ncis
forger,0.000159745697739,en,ncis
contention,0.000159745697739,en,ncis
bionic,0.000159745697739,en,ncis
celery,0.000159745697739,en,ncis
bien,0.000159745697739,en,ncis
estrogen,0.000159745697739,en,ncis
clapping,0.000159745697739,en,ncis
methyl,0.000159745697739,en,ncis
balm,0.000159745697739,en,ncis
coco,0.000159745697739,en,ncis
doting,0.000159745697739,en,ncis
wholesale,0.000159745697739,en,ncis
cbc,0.000159745697739,en,ncis
foxhole,0.000159745697739,en,ncis
spongebob,0.000159745697739,en,ncis
slosh,0.000159745697739,en,ncis
estimation,0.000159745697739,en,ncis
decidedly,0.000159745697739,en,ncis
chatting,0.000159745697739,en,ncis
mistook,0.000159745697739,en,ncis
designation,0.000159745697739,en,ncis
ella,0.000159745697739,en,ncis
circa,0.000159745697739,en,ncis
intracranial,0.000159745697739,en,ncis
adverse,0.000159745697739,en,ncis
wod,0.000159745697739,en,ncis
notable,0.000159745697739,en,ncis
duper,0.000159745697739,en,ncis
shaved,0.000159745697739,en,ncis
amphetamine,0.000159745697739,en,ncis
reye,0.000159745697739,en,ncis
turnover,0.000159745697739,en,ncis
directional,0.000159745697739,en,ncis
custard,0.000159745697739,en,ncis
sixty,0.000159745697739,en,ncis
hyena,0.000159745697739,en,ncis
cosy,0.000159745697739,en,ncis
sonnet,0.000159745697739,en,ncis
labor,0.0001597035259475,en,ncis
acceptable,0.0001597035259475,en,ncis
diaper,0.0001597035259475,en,ncis
disrespect,0.0001597035259475,en,ncis
casual,0.0001582620997277,en,ncis
tomato,0.0001582620997277,en,ncis
studio,0.0001582620997277,en,ncis
spider,0.0001582620997277,en,ncis
sleeve,0.0001582620997277,en,ncis
disappointment,0.0001582620997277,en,ncis
lunatic,0.0001582620997277,en,ncis
unfair,0.0001568411199604,en,ncis
numb,0.0001568411199604,en,ncis
epidural,0.0001562899347066,en,ncis
miscalculate,0.0001562899347066,en,ncis
expressive,0.0001562899347066,en,ncis
elli,0.0001562899347066,en,ncis
cordon,0.0001562899347066,en,ncis
cellblock,0.0001562899347066,en,ncis
reflux,0.0001562899347066,en,ncis
primer,0.0001562899347066,en,ncis
reintroduce,0.0001562899347066,en,ncis
skewer,0.0001562899347066,en,ncis
ryder,0.0001562899347066,en,ncis
rapper,0.0001562899347066,en,ncis
vertigo,0.0001562899347066,en,ncis
charlene,0.0001562899347066,en,ncis
ufos,0.0001562899347066,en,ncis
mocking,0.0001562899347066,en,ncis
filmmaker,0.0001562899347066,en,ncis
pest,0.0001562899347066,en,ncis
volkswagen,0.0001562899347066,en,ncis
fillet,0.0001562899347066,en,ncis
outbid,0.0001562899347066,en,ncis
tingling,0.0001562899347066,en,ncis
crackin,0.0001562899347066,en,ncis
hypnotic,0.0001562899347066,en,ncis
confidant,0.0001562899347066,en,ncis
brewery,0.0001562899347066,en,ncis
whorehouse,0.0001562899347066,en,ncis
jackson,0.0001562899347066,en,ncis
diverse,0.0001562899347066,en,ncis
damper,0.0001562899347066,en,ncis
burnout,0.0001562899347066,en,ncis
windfall,0.0001562899347066,en,ncis
fluster,0.0001562899347066,en,ncis
grassy,0.0001562899347066,en,ncis
nobility,0.0001562899347066,en,ncis
objectively,0.0001562899347066,en,ncis
anorexic,0.0001562899347066,en,ncis
snoopy,0.0001562899347066,en,ncis
fixin,0.0001562899347066,en,ncis
lint,0.0001562899347066,en,ncis
det,0.0001562899347066,en,ncis
intermittent,0.0001562899347066,en,ncis
midway,0.0001562899347066,en,ncis
aviation,0.0001562899347066,en,ncis
fistfight,0.0001562899347066,en,ncis
stalking,0.0001562899347066,en,ncis
tran,0.0001562899347066,en,ncis
impasse,0.0001562899347066,en,ncis
usefulness,0.0001562899347066,en,ncis
springer,0.0001562899347066,en,ncis
entrail,0.0001562899347066,en,ncis
tipping,0.0001562899347066,en,ncis
nepal,0.0001562899347066,en,ncis
lubricant,0.0001562899347066,en,ncis
zealot,0.0001562899347066,en,ncis
remembering,0.0001562899347066,en,ncis
influx,0.0001562899347066,en,ncis
circumvent,0.0001562899347066,en,ncis
defining,0.0001562899347066,en,ncis
surveille,0.0001562899347066,en,ncis
sleigh,0.0001562899347066,en,ncis
overhaul,0.0001562899347066,en,ncis
ingenuity,0.0001562899347066,en,ncis
anarchist,0.0001562899347066,en,ncis
willis,0.0001562899347066,en,ncis
categorize,0.0001562899347066,en,ncis
kimberly,0.0001562899347066,en,ncis
hiatus,0.0001562899347066,en,ncis
matchmaker,0.0001562899347066,en,ncis
romanian,0.0001562899347066,en,ncis
supremely,0.0001562899347066,en,ncis
objectivity,0.0001562899347066,en,ncis
hara,0.0001562899347066,en,ncis
badd,0.0001562899347066,en,ncis
enchilada,0.0001562899347066,en,ncis
paralytic,0.0001562899347066,en,ncis
bloodlust,0.0001562899347066,en,ncis
cobain,0.0001562899347066,en,ncis
untreated,0.0001562899347066,en,ncis
suzanne,0.0001562899347066,en,ncis
stockbroker,0.0001562899347066,en,ncis
communist,0.0001562899347066,en,ncis
diddly,0.0001562899347066,en,ncis
eggplant,0.0001562899347066,en,ncis
matchbook,0.0001562899347066,en,ncis
prerequisite,0.0001562899347066,en,ncis
mathematician,0.0001562899347066,en,ncis
poignant,0.0001562899347066,en,ncis
speedo,0.0001562899347066,en,ncis
carnivore,0.0001562899347066,en,ncis
octopus,0.0001562899347066,en,ncis
materialize,0.0001562899347066,en,ncis
beeper,0.0001562899347066,en,ncis
comforter,0.0001562899347066,en,ncis
hanky,0.0001562899347066,en,ncis
tanker,0.0001562899347066,en,ncis
regurgitate,0.0001562899347066,en,ncis
vex,0.0001562899347066,en,ncis
tact,0.0001562899347066,en,ncis
hugging,0.0001562899347066,en,ncis
ragged,0.0001562899347066,en,ncis
coolant,0.0001562899347066,en,ncis
competence,0.0001562899347066,en,ncis
ailment,0.0001562899347066,en,ncis
amino,0.0001562899347066,en,ncis
theorist,0.0001562899347066,en,ncis
saviour,0.0001562899347066,en,ncis
intrepid,0.0001562899347066,en,ncis
digitally,0.0001562899347066,en,ncis
brutalize,0.0001562899347066,en,ncis
unattainable,0.0001562899347066,en,ncis
kristen,0.0001562899347066,en,ncis
pecan,0.0001562899347066,en,ncis
romp,0.0001562899347066,en,ncis
overprice,0.0001562899347066,en,ncis
monetary,0.0001562899347066,en,ncis
bologna,0.0001562899347066,en,ncis
untested,0.0001562899347066,en,ncis
precipitate,0.0001562899347066,en,ncis
qui,0.0001562899347066,en,ncis
infallible,0.0001562899347066,en,ncis
fifty,0.0001562899347066,en,ncis
vid,0.0001562899347066,en,ncis
ritualistic,0.0001562899347066,en,ncis
grossly,0.0001562899347066,en,ncis
metaphysical,0.0001562899347066,en,ncis
tenuous,0.0001562899347066,en,ncis
gon,0.0001562899347066,en,ncis
panther,0.0001562899347066,en,ncis
cirque,0.0001562899347066,en,ncis
snorkel,0.0001562899347066,en,ncis
communicating,0.0001562899347066,en,ncis
liquefy,0.0001562899347066,en,ncis
outlying,0.0001562899347066,en,ncis
lifer,0.0001562899347066,en,ncis
incidental,0.0001562899347066,en,ncis
bayonet,0.0001562899347066,en,ncis
gallop,0.0001562899347066,en,ncis
brewing,0.0001562899347066,en,ncis
postage,0.0001562899347066,en,ncis
familiarity,0.0001562899347066,en,ncis
coincidentally,0.0001562899347066,en,ncis
ironclad,0.0001562899347066,en,ncis
plat,0.0001562899347066,en,ncis
fiddler,0.0001562899347066,en,ncis
footer,0.0001562899347066,en,ncis
gretel,0.0001562899347066,en,ncis
homoerotic,0.0001562899347066,en,ncis
nefarious,0.0001562899347066,en,ncis
peruvian,0.0001562899347066,en,ncis
gravitational,0.0001562899347066,en,ncis
sill,0.0001562899347066,en,ncis
contraire,0.0001562899347066,en,ncis
mighty,0.0001554400146886,en,ncis
essential,0.0001554400146886,en,ncis
champion,0.0001554400146886,en,ncis
endless,0.0001554400146886,en,ncis
stray,0.0001554400146886,en,ncis
bacon,0.0001554400146886,en,ncis
spoon,0.0001540582356238,en,ncis
singing,0.0001540582356238,en,ncis
boo,0.0001540582356238,en,ncis
rash,0.0001540582356238,en,ncis
picnic,0.0001540582356238,en,ncis
basket,0.0001540582356238,en,ncis
posterior,0.0001530572842789,en,ncis
bungee,0.0001530572842789,en,ncis
leniency,0.0001530572842789,en,ncis
ninjas,0.0001530572842789,en,ncis
validity,0.0001530572842789,en,ncis
mouthwash,0.0001530572842789,en,ncis
dan,0.0001530572842789,en,ncis
mast,0.0001530572842789,en,ncis
terri,0.0001530572842789,en,ncis
destabilize,0.0001530572842789,en,ncis
unmanned,0.0001530572842789,en,ncis
duster,0.0001530572842789,en,ncis
headgear,0.0001530572842789,en,ncis
ufo,0.0001530572842789,en,ncis
adjoining,0.0001530572842789,en,ncis
alcoholism,0.0001530572842789,en,ncis
nonprofit,0.0001530572842789,en,ncis
curt,0.0001530572842789,en,ncis
unnecessarily,0.0001530572842789,en,ncis
soprano,0.0001530572842789,en,ncis
gracie,0.0001530572842789,en,ncis
radiate,0.0001530572842789,en,ncis
smallpox,0.0001530572842789,en,ncis
cyborg,0.0001530572842789,en,ncis
bolster,0.0001530572842789,en,ncis
bulldozer,0.0001530572842789,en,ncis
desecrate,0.0001530572842789,en,ncis
baggy,0.0001530572842789,en,ncis
gurgle,0.0001530572842789,en,ncis
glint,0.0001530572842789,en,ncis
std,0.0001530572842789,en,ncis
soleil,0.0001530572842789,en,ncis
gradual,0.0001530572842789,en,ncis
breech,0.0001530572842789,en,ncis
gastric,0.0001530572842789,en,ncis
hindu,0.0001530572842789,en,ncis
sweeping,0.0001530572842789,en,ncis
lightbulb,0.0001530572842789,en,ncis
complement,0.0001530572842789,en,ncis
chipmunk,0.0001530572842789,en,ncis
massively,0.0001530572842789,en,ncis
costello,0.0001530572842789,en,ncis
dishonesty,0.0001530572842789,en,ncis
ocd,0.0001530572842789,en,ncis
sideburn,0.0001530572842789,en,ncis
lawfully,0.0001530572842789,en,ncis
bedpan,0.0001530572842789,en,ncis
penchant,0.0001530572842789,en,ncis
metric,0.0001530572842789,en,ncis
joystick,0.0001530572842789,en,ncis
gleam,0.0001530572842789,en,ncis
layover,0.0001530572842789,en,ncis
broadcasting,0.0001530572842789,en,ncis
arguing,0.0001530572842789,en,ncis
nook,0.0001530572842789,en,ncis
abundance,0.0001530572842789,en,ncis
bloodstain,0.0001530572842789,en,ncis
collarbone,0.0001530572842789,en,ncis
avatar,0.0001530572842789,en,ncis
specimen,0.0001530572842789,en,ncis
waterproof,0.0001530572842789,en,ncis
animosity,0.0001530572842789,en,ncis
atypical,0.0001530572842789,en,ncis
mahogany,0.0001530572842789,en,ncis
tortilla,0.0001530572842789,en,ncis
brotherly,0.0001530572842789,en,ncis
dumpling,0.0001530572842789,en,ncis
decontamination,0.0001530572842789,en,ncis
flagged,0.0001530572842789,en,ncis
flux,0.0001530572842789,en,ncis
tracer,0.0001530572842789,en,ncis
corrode,0.0001530572842789,en,ncis
glenn,0.0001530572842789,en,ncis
yuppie,0.0001530572842789,en,ncis
statewide,0.0001530572842789,en,ncis
certifiable,0.0001530572842789,en,ncis
wanker,0.0001530572842789,en,ncis
gloating,0.0001530572842789,en,ncis
hale,0.0001530572842789,en,ncis
sidearm,0.0001530572842789,en,ncis
reorganize,0.0001530572842789,en,ncis
abnormally,0.0001530572842789,en,ncis
tranny,0.0001530572842789,en,ncis
smackdown,0.0001530572842789,en,ncis
copi,0.0001530572842789,en,ncis
uplink,0.0001530572842789,en,ncis
confessing,0.0001530572842789,en,ncis
beethoven,0.0001530572842789,en,ncis
rafter,0.0001530572842789,en,ncis
stuffing,0.0001530572842789,en,ncis
doctoral,0.0001530572842789,en,ncis
vulcan,0.0001530572842789,en,ncis
collaborate,0.0001530572842789,en,ncis
cancerous,0.0001530572842789,en,ncis
brooke,0.0001530572842789,en,ncis
costly,0.0001530572842789,en,ncis
pussycat,0.0001530572842789,en,ncis
momentous,0.0001530572842789,en,ncis
bigot,0.0001530572842789,en,ncis
mumbling,0.0001530572842789,en,ncis
fiercely,0.0001530572842789,en,ncis
archer,0.0001530572842789,en,ncis
nothing,0.0001530572842789,en,ncis
dialect,0.0001530572842789,en,ncis
unrequited,0.0001530572842789,en,ncis
visually,0.0001530572842789,en,ncis
labyrinth,0.0001530572842789,en,ncis
filtration,0.0001530572842789,en,ncis
assertion,0.0001530572842789,en,ncis
denmark,0.0001530572842789,en,ncis
desist,0.0001530572842789,en,ncis
gravel,0.0001530572842789,en,ncis
consonant,0.0001530572842789,en,ncis
weatherman,0.0001530572842789,en,ncis
nuy,0.0001530572842789,en,ncis
cardigan,0.0001530572842789,en,ncis
connive,0.0001530572842789,en,ncis
hodge,0.0001530572842789,en,ncis
electrocution,0.0001530572842789,en,ncis
flimsy,0.0001530572842789,en,ncis
negate,0.0001530572842789,en,ncis
char,0.0001530572842789,en,ncis
agility,0.0001530572842789,en,ncis
martian,0.0001530572842789,en,ncis
blowtorch,0.0001530572842789,en,ncis
tenacious,0.0001530572842789,en,ncis
settler,0.0001530572842789,en,ncis
amass,0.0001530572842789,en,ncis
hospice,0.0001530572842789,en,ncis
fraudulent,0.0001530572842789,en,ncis
impotent,0.0001530572842789,en,ncis
surly,0.0001530572842789,en,ncis
unsanitary,0.0001530572842789,en,ncis
fashionable,0.0001530572842789,en,ncis
neatly,0.0001530572842789,en,ncis
castle,0.0001526952568582,en,ncis
gamble,0.0001526952568582,en,ncis
worthy,0.0001526952568582,en,ncis
bold,0.0001513505736628,en,ncis
nothin,0.0001513505736628,en,ncis
pole,0.0001513505736628,en,ncis
lazy,0.0001513505736628,en,ncis
tolerate,0.000150023701365,en,ncis
anemic,0.0001500206759683,en,ncis
weenie,0.0001500206759683,en,ncis
sadist,0.0001500206759683,en,ncis
uno,0.0001500206759683,en,ncis
floyd,0.0001500206759683,en,ncis
prowess,0.0001500206759683,en,ncis
hungarian,0.0001500206759683,en,ncis
windmill,0.0001500206759683,en,ncis
inconsistent,0.0001500206759683,en,ncis
queue,0.0001500206759683,en,ncis
cheque,0.0001500206759683,en,ncis
depp,0.0001500206759683,en,ncis
reluctance,0.0001500206759683,en,ncis
omit,0.0001500206759683,en,ncis
gradually,0.0001500206759683,en,ncis
ordain,0.0001500206759683,en,ncis
deepen,0.0001500206759683,en,ncis
gazelle,0.0001500206759683,en,ncis
skydiving,0.0001500206759683,en,ncis
mischief,0.0001500206759683,en,ncis
reactive,0.0001500206759683,en,ncis
spiked,0.0001500206759683,en,ncis
playback,0.0001500206759683,en,ncis
guessing,0.0001500206759683,en,ncis
eleventh,0.0001500206759683,en,ncis
famish,0.0001500206759683,en,ncis
wrecker,0.0001500206759683,en,ncis
homophobic,0.0001500206759683,en,ncis
gutsy,0.0001500206759683,en,ncis
spokesperson,0.0001500206759683,en,ncis
orb,0.0001500206759683,en,ncis
generously,0.0001500206759683,en,ncis
manatee,0.0001500206759683,en,ncis
eloquent,0.0001500206759683,en,ncis
simplicity,0.0001500206759683,en,ncis
seclude,0.0001500206759683,en,ncis
subdural,0.0001500206759683,en,ncis
multitaske,0.0001500206759683,en,ncis
ulterior,0.0001500206759683,en,ncis
sinatra,0.0001500206759683,en,ncis
overrated,0.0001500206759683,en,ncis
staging,0.0001500206759683,en,ncis
reeve,0.0001500206759683,en,ncis
cannibalism,0.0001500206759683,en,ncis
mantle,0.0001500206759683,en,ncis
meddling,0.0001500206759683,en,ncis
prickly,0.0001500206759683,en,ncis
bootleg,0.0001500206759683,en,ncis
viagra,0.0001500206759683,en,ncis
alrighty,0.0001500206759683,en,ncis
blunder,0.0001500206759683,en,ncis
proverb,0.0001500206759683,en,ncis
integral,0.0001500206759683,en,ncis
shiner,0.0001500206759683,en,ncis
bonker,0.0001500206759683,en,ncis
impervious,0.0001500206759683,en,ncis
symmetrical,0.0001500206759683,en,ncis
immerse,0.0001500206759683,en,ncis
grotesque,0.0001500206759683,en,ncis
improbable,0.0001500206759683,en,ncis
misdirect,0.0001500206759683,en,ncis
redesign,0.0001500206759683,en,ncis
trucking,0.0001500206759683,en,ncis
jimbo,0.0001500206759683,en,ncis
yam,0.0001500206759683,en,ncis
gage,0.0001500206759683,en,ncis
primate,0.0001500206759683,en,ncis
agonizing,0.0001500206759683,en,ncis
waterfront,0.0001500206759683,en,ncis
cody,0.0001500206759683,en,ncis
faa,0.0001500206759683,en,ncis
val,0.0001500206759683,en,ncis
casa,0.0001500206759683,en,ncis
handlebar,0.0001500206759683,en,ncis
snivel,0.0001500206759683,en,ncis
speeding,0.0001500206759683,en,ncis
boardwalk,0.0001500206759683,en,ncis
worst,0.0001500206759683,en,ncis
kent,0.0001500206759683,en,ncis
reprogramme,0.0001500206759683,en,ncis
installment,0.0001500206759683,en,ncis
arterial,0.0001500206759683,en,ncis
graduating,0.0001500206759683,en,ncis
critique,0.0001500206759683,en,ncis
dixon,0.0001500206759683,en,ncis
varied,0.0001500206759683,en,ncis
lob,0.0001500206759683,en,ncis
viking,0.0001500206759683,en,ncis
bog,0.0001500206759683,en,ncis
breathtake,0.0001500206759683,en,ncis
pummel,0.0001500206759683,en,ncis
iike,0.0001500206759683,en,ncis
acne,0.0001500206759683,en,ncis
carnal,0.0001500206759683,en,ncis
headmaster,0.0001500206759683,en,ncis
willpower,0.0001500206759683,en,ncis
starboard,0.0001500206759683,en,ncis
scrumptious,0.0001500206759683,en,ncis
bookshelf,0.0001500206759683,en,ncis
differentiate,0.0001500206759683,en,ncis
larynx,0.0001500206759683,en,ncis
distrust,0.0001500206759683,en,ncis
pious,0.0001500206759683,en,ncis
fortify,0.0001500206759683,en,ncis
theatric,0.0001500206759683,en,ncis
lofty,0.0001500206759683,en,ncis
lapel,0.0001500206759683,en,ncis
bamboo,0.0001500206759683,en,ncis
irritable,0.0001500206759683,en,ncis
opposable,0.0001500206759683,en,ncis
mammoth,0.0001500206759683,en,ncis
bleeder,0.0001500206759683,en,ncis
apprehension,0.0001500206759683,en,ncis
fidelity,0.0001500206759683,en,ncis
pique,0.0001500206759683,en,ncis
transpire,0.0001500206759683,en,ncis
degeneration,0.0001500206759683,en,ncis
negatively,0.0001500206759683,en,ncis
dicey,0.0001500206759683,en,ncis
secured,0.0001500206759683,en,ncis
authenticate,0.0001500206759683,en,ncis
fencing,0.0001500206759683,en,ncis
baggie,0.0001500206759683,en,ncis
template,0.0001500206759683,en,ncis
blimp,0.0001500206759683,en,ncis
miscommunication,0.0001500206759683,en,ncis
witch,0.0001487141743004,en,ncis
theme,0.0001487141743004,en,ncis
leap,0.0001474215448312,en,ncis
nevermind,0.0001471576854987,en,ncis
rover,0.0001471576854987,en,ncis
chiropractor,0.0001471576854987,en,ncis
definitively,0.0001471576854987,en,ncis
satin,0.0001471576854987,en,ncis
widower,0.0001471576854987,en,ncis
bookcase,0.0001471576854987,en,ncis
blatant,0.0001471576854987,en,ncis
conjunction,0.0001471576854987,en,ncis
gunpowder,0.0001471576854987,en,ncis
monogamous,0.0001471576854987,en,ncis
smartass,0.0001471576854987,en,ncis
idaho,0.0001471576854987,en,ncis
yearly,0.0001471576854987,en,ncis
ling,0.0001471576854987,en,ncis
indulgence,0.0001471576854987,en,ncis
purification,0.0001471576854987,en,ncis
recuperate,0.0001471576854987,en,ncis
bartende,0.0001471576854987,en,ncis
steamy,0.0001471576854987,en,ncis
thyroid,0.0001471576854987,en,ncis
forwards,0.0001471576854987,en,ncis
monumental,0.0001471576854987,en,ncis
goblin,0.0001471576854987,en,ncis
degenerative,0.0001471576854987,en,ncis
neighboring,0.0001471576854987,en,ncis
lithium,0.0001471576854987,en,ncis
hemorrhoid,0.0001471576854987,en,ncis
cynic,0.0001471576854987,en,ncis
crossbow,0.0001471576854987,en,ncis
muppet,0.0001471576854987,en,ncis
floater,0.0001471576854987,en,ncis
incinerator,0.0001471576854987,en,ncis
disprove,0.0001471576854987,en,ncis
theorize,0.0001471576854987,en,ncis
transcribe,0.0001471576854987,en,ncis
scarring,0.0001471576854987,en,ncis
saturate,0.0001471576854987,en,ncis
coercion,0.0001471576854987,en,ncis
horseman,0.0001471576854987,en,ncis
threatened,0.0001471576854987,en,ncis
mademoiselle,0.0001471576854987,en,ncis
renege,0.0001471576854987,en,ncis
asparagus,0.0001471576854987,en,ncis
anagram,0.0001471576854987,en,ncis
sweeten,0.0001471576854987,en,ncis
injured,0.0001471576854987,en,ncis
propulsion,0.0001471576854987,en,ncis
detachment,0.0001471576854987,en,ncis
egotistical,0.0001471576854987,en,ncis
hooking,0.0001471576854987,en,ncis
amniotic,0.0001471576854987,en,ncis
conform,0.0001471576854987,en,ncis
abuser,0.0001471576854987,en,ncis
unzip,0.0001471576854987,en,ncis
irritation,0.0001471576854987,en,ncis
emulate,0.0001471576854987,en,ncis
impolite,0.0001471576854987,en,ncis
atropine,0.0001471576854987,en,ncis
contagion,0.0001471576854987,en,ncis
goodie,0.0001471576854987,en,ncis
turnaround,0.0001471576854987,en,ncis
caddy,0.0001471576854987,en,ncis
enjoyment,0.0001471576854987,en,ncis
heartburn,0.0001471576854987,en,ncis
monastery,0.0001471576854987,en,ncis
seaboard,0.0001471576854987,en,ncis
outward,0.0001471576854987,en,ncis
mai,0.0001471576854987,en,ncis
problemo,0.0001471576854987,en,ncis
formaldehyde,0.0001471576854987,en,ncis
fickle,0.0001471576854987,en,ncis
gynecologist,0.0001471576854987,en,ncis
splint,0.0001471576854987,en,ncis
digestion,0.0001471576854987,en,ncis
willed,0.0001471576854987,en,ncis
chico,0.0001471576854987,en,ncis
fragrance,0.0001471576854987,en,ncis
doubly,0.0001471576854987,en,ncis
filler,0.0001471576854987,en,ncis
debilitate,0.0001471576854987,en,ncis
merrier,0.0001471576854987,en,ncis
racetrack,0.0001471576854987,en,ncis
bulimic,0.0001471576854987,en,ncis
ver,0.0001471576854987,en,ncis
consecutive,0.0001471576854987,en,ncis
recheck,0.0001471576854987,en,ncis
wiper,0.0001471576854987,en,ncis
jonese,0.0001471576854987,en,ncis
shear,0.0001471576854987,en,ncis
scoundrel,0.0001471576854987,en,ncis
waver,0.0001471576854987,en,ncis
squishy,0.0001471576854987,en,ncis
suave,0.0001471576854987,en,ncis
reconfigure,0.0001471576854987,en,ncis
haggle,0.0001471576854987,en,ncis
best,0.0001471576854987,en,ncis
odyssey,0.0001471576854987,en,ncis
ginormous,0.0001471576854987,en,ncis
wrongly,0.0001471576854987,en,ncis
unresponsive,0.0001471576854987,en,ncis
deduct,0.0001471576854987,en,ncis
snatcher,0.0001471576854987,en,ncis
lasting,0.0001471576854987,en,ncis
stifle,0.0001471576854987,en,ncis
infer,0.0001471576854987,en,ncis
defibrillator,0.0001471576854987,en,ncis
decapitation,0.0001471576854987,en,ncis
improv,0.0001471576854987,en,ncis
tonsil,0.0001471576854987,en,ncis
barbeque,0.0001471576854987,en,ncis
devoid,0.0001471576854987,en,ncis
olsen,0.0001471576854987,en,ncis
burritos,0.0001471576854987,en,ncis
skepticism,0.0001471576854987,en,ncis
reckoning,0.0001471576854987,en,ncis
shimmy,0.0001471576854987,en,ncis
reprieve,0.0001471576854987,en,ncis
watering,0.0001471576854987,en,ncis
grisly,0.0001471576854987,en,ncis
upscale,0.0001471576854987,en,ncis
lexus,0.0001471576854987,en,ncis
combatant,0.0001471576854987,en,ncis
danielle,0.0001471576854987,en,ncis
putt,0.0001471576854987,en,ncis
wheelhouse,0.0001471576854987,en,ncis
handkerchief,0.0001471576854987,en,ncis
outpatient,0.0001471576854987,en,ncis
incubator,0.0001471576854987,en,ncis
fetched,0.0001471576854987,en,ncis
guise,0.0001471576854987,en,ncis
ensue,0.0001471576854987,en,ncis
configuration,0.0001471576854987,en,ncis
unclaimed,0.0001471576854987,en,ncis
wrongful,0.0001471576854987,en,ncis
hex,0.0001471576854987,en,ncis
disband,0.0001471576854987,en,ncis
incubation,0.0001471576854987,en,ncis
advisory,0.0001471576854987,en,ncis
nee,0.0001471576854987,en,ncis
sore,0.0001461453824277,en,ncis
bye,0.0001461453824277,en,ncis
drama,0.0001448852728075,en,ncis
goin,0.0001448852728075,en,ncis
panty,0.0001444495288369,en,ncis
exploratory,0.0001444495288369,en,ncis
vike,0.0001444495288369,en,ncis
trustee,0.0001444495288369,en,ncis
marie,0.0001444495288369,en,ncis
contend,0.0001444495288369,en,ncis
propeller,0.0001444495288369,en,ncis
readout,0.0001444495288369,en,ncis
est,0.0001444495288369,en,ncis
weirde,0.0001444495288369,en,ncis
gory,0.0001444495288369,en,ncis
appealing,0.0001444495288369,en,ncis
loafer,0.0001444495288369,en,ncis
unconfirmed,0.0001444495288369,en,ncis
opium,0.0001444495288369,en,ncis
heartbreake,0.0001444495288369,en,ncis
cryogenic,0.0001444495288369,en,ncis
sleepyhead,0.0001444495288369,en,ncis
overpriced,0.0001444495288369,en,ncis
subterranean,0.0001444495288369,en,ncis
shoelace,0.0001444495288369,en,ncis
pissing,0.0001444495288369,en,ncis
doozy,0.0001444495288369,en,ncis
frigging,0.0001444495288369,en,ncis
animation,0.0001444495288369,en,ncis
posterity,0.0001444495288369,en,ncis
ream,0.0001444495288369,en,ncis
asphalt,0.0001444495288369,en,ncis
equipped,0.0001444495288369,en,ncis
crosshair,0.0001444495288369,en,ncis
hellfire,0.0001444495288369,en,ncis
cum,0.0001444495288369,en,ncis
mart,0.0001444495288369,en,ncis
rhythmic,0.0001444495288369,en,ncis
hannibal,0.0001444495288369,en,ncis
jackhammer,0.0001444495288369,en,ncis
clump,0.0001444495288369,en,ncis
doomsday,0.0001444495288369,en,ncis
archaic,0.0001444495288369,en,ncis
san,0.0001444495288369,en,ncis
battleship,0.0001444495288369,en,ncis
satisfactory,0.0001444495288369,en,ncis
unsuspecting,0.0001444495288369,en,ncis
rightly,0.0001444495288369,en,ncis
inflame,0.0001444495288369,en,ncis
screenplay,0.0001444495288369,en,ncis
mayo,0.0001444495288369,en,ncis
treadmill,0.0001444495288369,en,ncis
drainage,0.0001444495288369,en,ncis
anoint,0.0001444495288369,en,ncis
inseparable,0.0001444495288369,en,ncis
nominee,0.0001444495288369,en,ncis
hangout,0.0001444495288369,en,ncis
justification,0.0001444495288369,en,ncis
enthusiast,0.0001444495288369,en,ncis
chemically,0.0001444495288369,en,ncis
conductor,0.0001444495288369,en,ncis
methodology,0.0001444495288369,en,ncis
scenic,0.0001444495288369,en,ncis
birthplace,0.0001444495288369,en,ncis
pta,0.0001444495288369,en,ncis
overstate,0.0001444495288369,en,ncis
frankenstein,0.0001444495288369,en,ncis
blasphemy,0.0001444495288369,en,ncis
diggin,0.0001444495288369,en,ncis
workman,0.0001444495288369,en,ncis
systematically,0.0001444495288369,en,ncis
congregation,0.0001444495288369,en,ncis
alloy,0.0001444495288369,en,ncis
infrare,0.0001444495288369,en,ncis
kryptonite,0.0001444495288369,en,ncis
vixen,0.0001444495288369,en,ncis
crucifix,0.0001444495288369,en,ncis
uneventful,0.0001444495288369,en,ncis
landline,0.0001444495288369,en,ncis
occult,0.0001444495288369,en,ncis
alma,0.0001444495288369,en,ncis
itching,0.0001444495288369,en,ncis
fern,0.0001444495288369,en,ncis
telepathy,0.0001444495288369,en,ncis
hepatitis,0.0001444495288369,en,ncis
rosy,0.0001444495288369,en,ncis
impressionable,0.0001444495288369,en,ncis
hinder,0.0001444495288369,en,ncis
synthesize,0.0001444495288369,en,ncis
chrome,0.0001444495288369,en,ncis
chariot,0.0001444495288369,en,ncis
knicker,0.0001444495288369,en,ncis
captioning,0.0001444495288369,en,ncis
monopoly,0.0001444495288369,en,ncis
affirm,0.0001444495288369,en,ncis
conspirator,0.0001444495288369,en,ncis
orchestra,0.0001444495288369,en,ncis
unscheduled,0.0001444495288369,en,ncis
successor,0.0001444495288369,en,ncis
charisma,0.0001444495288369,en,ncis
succession,0.0001444495288369,en,ncis
unrest,0.0001444495288369,en,ncis
consulate,0.0001444495288369,en,ncis
dissection,0.0001444495288369,en,ncis
preferable,0.0001444495288369,en,ncis
emerald,0.0001444495288369,en,ncis
eskimo,0.0001444495288369,en,ncis
repression,0.0001444495288369,en,ncis
electrode,0.0001444495288369,en,ncis
refined,0.0001444495288369,en,ncis
accustomed,0.0001444495288369,en,ncis
scuba,0.0001444495288369,en,ncis
uni,0.0001444495288369,en,ncis
citrus,0.0001444495288369,en,ncis
immobilize,0.0001444495288369,en,ncis
blown,0.0001444495288369,en,ncis
locket,0.0001444495288369,en,ncis
importantly,0.000143640817128,en,ncis
journey,0.000142411631229,en,ncis
booze,0.000142411631229,en,ncis
airstrip,0.0001418803145581,en,ncis
mis,0.0001418803145581,en,ncis
airlift,0.0001418803145581,en,ncis
acorn,0.0001418803145581,en,ncis
sadden,0.0001418803145581,en,ncis
crybaby,0.0001418803145581,en,ncis
lengthy,0.0001418803145581,en,ncis
piercing,0.0001418803145581,en,ncis
stave,0.0001418803145581,en,ncis
theresa,0.0001418803145581,en,ncis
frantic,0.0001418803145581,en,ncis
rita,0.0001418803145581,en,ncis
tolerant,0.0001418803145581,en,ncis
cojone,0.0001418803145581,en,ncis
psychiatry,0.0001418803145581,en,ncis
constitutional,0.0001418803145581,en,ncis
hearty,0.0001418803145581,en,ncis
prance,0.0001418803145581,en,ncis
loin,0.0001418803145581,en,ncis
ventilator,0.0001418803145581,en,ncis
harriet,0.0001418803145581,en,ncis
recalibrate,0.0001418803145581,en,ncis
lorraine,0.0001418803145581,en,ncis
hydrant,0.0001418803145581,en,ncis
tint,0.0001418803145581,en,ncis
omen,0.0001418803145581,en,ncis
huff,0.0001418803145581,en,ncis
awkwardness,0.0001418803145581,en,ncis
chomp,0.0001418803145581,en,ncis
mugger,0.0001418803145581,en,ncis
cakewalk,0.0001418803145581,en,ncis
entitled,0.0001418803145581,en,ncis
lax,0.0001418803145581,en,ncis
comer,0.0001418803145581,en,ncis
simmer,0.0001418803145581,en,ncis
bullpen,0.0001418803145581,en,ncis
warlord,0.0001418803145581,en,ncis
omission,0.0001418803145581,en,ncis
appease,0.0001418803145581,en,ncis
clipper,0.0001418803145581,en,ncis
bitchin,0.0001418803145581,en,ncis
neo,0.0001418803145581,en,ncis
parcel,0.0001418803145581,en,ncis
disqualify,0.0001418803145581,en,ncis
drywall,0.0001418803145581,en,ncis
judy,0.0001418803145581,en,ncis
contender,0.0001418803145581,en,ncis
coronation,0.0001418803145581,en,ncis
longitude,0.0001418803145581,en,ncis
anonymity,0.0001418803145581,en,ncis
fossil,0.0001418803145581,en,ncis
cavern,0.0001418803145581,en,ncis
enrich,0.0001418803145581,en,ncis
botched,0.0001418803145581,en,ncis
moderately,0.0001418803145581,en,ncis
vandal,0.0001418803145581,en,ncis
barrack,0.0001418803145581,en,ncis
impersonal,0.0001418803145581,en,ncis
alphabetically,0.0001418803145581,en,ncis
unofficial,0.0001418803145581,en,ncis
impromptu,0.0001418803145581,en,ncis
grumble,0.0001418803145581,en,ncis
primo,0.0001418803145581,en,ncis
indecent,0.0001418803145581,en,ncis
craftsmanship,0.0001418803145581,en,ncis
brimstone,0.0001418803145581,en,ncis
subtlety,0.0001418803145581,en,ncis
prosper,0.0001418803145581,en,ncis
annihilation,0.0001418803145581,en,ncis
insubordination,0.0001418803145581,en,ncis
insulting,0.0001418803145581,en,ncis
disorderly,0.0001418803145581,en,ncis
forceful,0.0001418803145581,en,ncis
printing,0.0001418803145581,en,ncis
moe,0.0001418803145581,en,ncis
eggnog,0.0001418803145581,en,ncis
stinger,0.0001418803145581,en,ncis
chickene,0.0001418803145581,en,ncis
cheerio,0.0001418803145581,en,ncis
mustang,0.0001418803145581,en,ncis
compadre,0.0001418803145581,en,ncis
philippine,0.0001418803145581,en,ncis
fondness,0.0001418803145581,en,ncis
amputate,0.0001418803145581,en,ncis
remiss,0.0001418803145581,en,ncis
demean,0.0001418803145581,en,ncis
fatten,0.0001418803145581,en,ncis
angelina,0.0001418803145581,en,ncis
inexperienced,0.0001418803145581,en,ncis
citywide,0.0001418803145581,en,ncis
deceitful,0.0001418803145581,en,ncis
conflicted,0.0001418803145581,en,ncis
coral,0.0001418803145581,en,ncis
basin,0.0001418803145581,en,ncis
persistence,0.0001418803145581,en,ncis
engraving,0.0001418803145581,en,ncis
usage,0.0001418803145581,en,ncis
shre,0.0001418803145581,en,ncis
devastation,0.0001418803145581,en,ncis
extraterrestrial,0.0001418803145581,en,ncis
precedence,0.0001418803145581,en,ncis
heading,0.0001418803145581,en,ncis
mishap,0.0001418803145581,en,ncis
sentencing,0.0001418803145581,en,ncis
audience,0.00014119734492,en,ncis
invest,0.00014119734492,en,ncis
grill,0.0001399976013118,en,ncis
ultimate,0.0001399976013118,en,ncis
blessing,0.0001399976013118,en,ncis
achieve,0.0001399976013118,en,ncis
cog,0.0001394364788103,en,ncis
ampe,0.0001394364788103,en,ncis
talkative,0.0001394364788103,en,ncis
spotty,0.0001394364788103,en,ncis
customary,0.0001394364788103,en,ncis
businesswoman,0.0001394364788103,en,ncis
gnome,0.0001394364788103,en,ncis
furnish,0.0001394364788103,en,ncis
demeanor,0.0001394364788103,en,ncis
arse,0.0001394364788103,en,ncis
deejay,0.0001394364788103,en,ncis
unpunished,0.0001394364788103,en,ncis
snail,0.0001394364788103,en,ncis
exec,0.0001394364788103,en,ncis
quench,0.0001394364788103,en,ncis
atrium,0.0001394364788103,en,ncis
pooper,0.0001394364788103,en,ncis
subjective,0.0001394364788103,en,ncis
polyester,0.0001394364788103,en,ncis
pastime,0.0001394364788103,en,ncis
instability,0.0001394364788103,en,ncis
lull,0.0001394364788103,en,ncis
idly,0.0001394364788103,en,ncis
pacific,0.0001394364788103,en,ncis
afflict,0.0001394364788103,en,ncis
province,0.0001394364788103,en,ncis
debacle,0.0001394364788103,en,ncis
hillside,0.0001394364788103,en,ncis
lesion,0.0001394364788103,en,ncis
spock,0.0001394364788103,en,ncis
pulmonary,0.0001394364788103,en,ncis
sible,0.0001394364788103,en,ncis
ouija,0.0001394364788103,en,ncis
scoreboard,0.0001394364788103,en,ncis
brent,0.0001394364788103,en,ncis
mayan,0.0001394364788103,en,ncis
garment,0.0001394364788103,en,ncis
grizzly,0.0001394364788103,en,ncis
presentable,0.0001394364788103,en,ncis
gra,0.0001394364788103,en,ncis
shorthand,0.0001394364788103,en,ncis
earplug,0.0001394364788103,en,ncis
lessen,0.0001394364788103,en,ncis
bigfoot,0.0001394364788103,en,ncis
proclaim,0.0001394364788103,en,ncis
mobilize,0.0001394364788103,en,ncis
buildup,0.0001394364788103,en,ncis
tiptoe,0.0001394364788103,en,ncis
crouch,0.0001394364788103,en,ncis
recession,0.0001394364788103,en,ncis
mater,0.0001394364788103,en,ncis
charismatic,0.0001394364788103,en,ncis
chandelier,0.0001394364788103,en,ncis
stella,0.0001394364788103,en,ncis
uninvited,0.0001394364788103,en,ncis
labour,0.0001394364788103,en,ncis
undetecte,0.0001394364788103,en,ncis
adhere,0.0001394364788103,en,ncis
snug,0.0001394364788103,en,ncis
spineless,0.0001394364788103,en,ncis
snide,0.0001394364788103,en,ncis
vcr,0.0001394364788103,en,ncis
brittle,0.0001394364788103,en,ncis
delicately,0.0001394364788103,en,ncis
ala,0.0001394364788103,en,ncis
windpipe,0.0001394364788103,en,ncis
wheeze,0.0001394364788103,en,ncis
deja,0.0001394364788103,en,ncis
watchman,0.0001394364788103,en,ncis
fece,0.0001394364788103,en,ncis
hyperventilate,0.0001394364788103,en,ncis
workup,0.0001394364788103,en,ncis
shifty,0.0001394364788103,en,ncis
atrocity,0.0001394364788103,en,ncis
flair,0.0001394364788103,en,ncis
hal,0.0001394364788103,en,ncis
unattractive,0.0001394364788103,en,ncis
perpetual,0.0001394364788103,en,ncis
sucky,0.0001394364788103,en,ncis
vowel,0.0001394364788103,en,ncis
mindless,0.0001394364788103,en,ncis
unseemly,0.0001394364788103,en,ncis
rewire,0.0001394364788103,en,ncis
eyelash,0.0001394364788103,en,ncis
perpetuate,0.0001394364788103,en,ncis
shirley,0.0001394364788103,en,ncis
starch,0.0001394364788103,en,ncis
hydrated,0.0001394364788103,en,ncis
honorary,0.0001394364788103,en,ncis
loony,0.0001394364788103,en,ncis
undetected,0.0001394364788103,en,ncis
diaphragm,0.0001394364788103,en,ncis
desirable,0.0001394364788103,en,ncis
intubate,0.0001394364788103,en,ncis
numbered,0.0001394364788103,en,ncis
culprit,0.0001394364788103,en,ncis
yearn,0.0001394364788103,en,ncis
rundown,0.0001394364788103,en,ncis
territorial,0.0001394364788103,en,ncis
bella,0.0001394364788103,en,ncis
estranged,0.0001394364788103,en,ncis
mapping,0.0001394364788103,en,ncis
sucker,0.0001388120561863,en,ncis
candidate,0.0001376403774035,en,ncis
inexcusable,0.0001371063518445,en,ncis
graph,0.0001371063518445,en,ncis
frostbite,0.0001371063518445,en,ncis
tidbit,0.0001371063518445,en,ncis
hispanic,0.0001371063518445,en,ncis
serpent,0.0001371063518445,en,ncis
earnest,0.0001371063518445,en,ncis
characterize,0.0001371063518445,en,ncis
abruptly,0.0001371063518445,en,ncis
fender,0.0001371063518445,en,ncis
clan,0.0001371063518445,en,ncis
hardball,0.0001371063518445,en,ncis
doth,0.0001371063518445,en,ncis
prostate,0.0001371063518445,en,ncis
presto,0.0001371063518445,en,ncis
overcompensate,0.0001371063518445,en,ncis
thirty,0.0001371063518445,en,ncis
miner,0.0001371063518445,en,ncis
downfall,0.0001371063518445,en,ncis
drought,0.0001371063518445,en,ncis
deplete,0.0001371063518445,en,ncis
turtleneck,0.0001371063518445,en,ncis
exceptionally,0.0001371063518445,en,ncis
entree,0.0001371063518445,en,ncis
texting,0.0001371063518445,en,ncis
reconnecte,0.0001371063518445,en,ncis
propaganda,0.0001371063518445,en,ncis
hoard,0.0001371063518445,en,ncis
maim,0.0001371063518445,en,ncis
countryside,0.0001371063518445,en,ncis
yap,0.0001371063518445,en,ncis
foreclosure,0.0001371063518445,en,ncis
sasquatch,0.0001371063518445,en,ncis
stealing,0.0001371063518445,en,ncis
gung,0.0001371063518445,en,ncis
racer,0.0001371063518445,en,ncis
recapture,0.0001371063518445,en,ncis
whirl,0.0001371063518445,en,ncis
godzilla,0.0001371063518445,en,ncis
cancellation,0.0001371063518445,en,ncis
aman,0.0001371063518445,en,ncis
rolex,0.0001371063518445,en,ncis
enclose,0.0001371063518445,en,ncis
misuse,0.0001371063518445,en,ncis
malaria,0.0001371063518445,en,ncis
isle,0.0001371063518445,en,ncis
misguide,0.0001371063518445,en,ncis
loathing,0.0001371063518445,en,ncis
laundromat,0.0001371063518445,en,ncis
warranty,0.0001371063518445,en,ncis
psychologically,0.0001371063518445,en,ncis
paparazzi,0.0001371063518445,en,ncis
mistletoe,0.0001371063518445,en,ncis
widespread,0.0001371063518445,en,ncis
worldly,0.0001371063518445,en,ncis
chock,0.0001371063518445,en,ncis
accelerator,0.0001371063518445,en,ncis
fulfillment,0.0001371063518445,en,ncis
technological,0.0001371063518445,en,ncis
trusty,0.0001371063518445,en,ncis
simpson,0.0001371063518445,en,ncis
taboo,0.0001371063518445,en,ncis
impale,0.0001371063518445,en,ncis
vaporize,0.0001371063518445,en,ncis
bonjour,0.0001371063518445,en,ncis
scientifically,0.0001371063518445,en,ncis
sterilize,0.0001371063518445,en,ncis
augment,0.0001371063518445,en,ncis
dab,0.0001371063518445,en,ncis
repairman,0.0001371063518445,en,ncis
poppy,0.0001371063518445,en,ncis
piper,0.0001371063518445,en,ncis
negotiating,0.0001371063518445,en,ncis
disadvantage,0.0001371063518445,en,ncis
simultaneous,0.0001371063518445,en,ncis
sal,0.0001371063518445,en,ncis
meg,0.0001371063518445,en,ncis
tout,0.0001371063518445,en,ncis
garter,0.0001371063518445,en,ncis
munchkin,0.0001371063518445,en,ncis
celtic,0.0001371063518445,en,ncis
crass,0.0001371063518445,en,ncis
scrounge,0.0001371063518445,en,ncis
serenity,0.0001371063518445,en,ncis
sufficiently,0.0001371063518445,en,ncis
underworld,0.0001371063518445,en,ncis
comprehensive,0.0001371063518445,en,ncis
consummate,0.0001371063518445,en,ncis
bonnie,0.0001371063518445,en,ncis
outdated,0.0001371063518445,en,ncis
demented,0.0001371063518445,en,ncis
meek,0.0001371063518445,en,ncis
playmate,0.0001371063518445,en,ncis
cruel,0.0001353373473802,en,ncis
abrupt,0.0001348798209797,en,ncis
misfire,0.0001348798209797,en,ncis
floppy,0.0001348798209797,en,ncis
dis,0.0001348798209797,en,ncis
grammar,0.0001348798209797,en,ncis
kay,0.0001348798209797,en,ncis
financing,0.0001348798209797,en,ncis
neurotic,0.0001348798209797,en,ncis
volunteering,0.0001348798209797,en,ncis
etch,0.0001348798209797,en,ncis
fucking,0.0001348798209797,en,ncis
sabbatical,0.0001348798209797,en,ncis
innovative,0.0001348798209797,en,ncis
wag,0.0001348798209797,en,ncis
midwest,0.0001348798209797,en,ncis
nutrition,0.0001348798209797,en,ncis
figuratively,0.0001348798209797,en,ncis
prematurely,0.0001348798209797,en,ncis
boatload,0.0001348798209797,en,ncis
uneven,0.0001348798209797,en,ncis
pedicure,0.0001348798209797,en,ncis
restock,0.0001348798209797,en,ncis
denver,0.0001348798209797,en,ncis
vie,0.0001348798209797,en,ncis
knox,0.0001348798209797,en,ncis
twitter,0.0001348798209797,en,ncis
anaphylactic,0.0001348798209797,en,ncis
pounce,0.0001348798209797,en,ncis
triage,0.0001348798209797,en,ncis
colossal,0.0001348798209797,en,ncis
sovereign,0.0001348798209797,en,ncis
persist,0.0001348798209797,en,ncis
tidal,0.0001348798209797,en,ncis
regimen,0.0001348798209797,en,ncis
exhibition,0.0001348798209797,en,ncis
runt,0.0001348798209797,en,ncis
matrimony,0.0001348798209797,en,ncis
revere,0.0001348798209797,en,ncis
denominator,0.0001348798209797,en,ncis
autopilot,0.0001348798209797,en,ncis
confer,0.0001348798209797,en,ncis
perpetrate,0.0001348798209797,en,ncis
standoff,0.0001348798209797,en,ncis
progression,0.0001348798209797,en,ncis
nerdy,0.0001348798209797,en,ncis
hag,0.0001348798209797,en,ncis
castrate,0.0001348798209797,en,ncis
undeniable,0.0001348798209797,en,ncis
undertake,0.0001348798209797,en,ncis
torpedo,0.0001348798209797,en,ncis
fell,0.0001348798209797,en,ncis
theodore,0.0001348798209797,en,ncis
binary,0.0001348798209797,en,ncis
pollen,0.0001348798209797,en,ncis
yeast,0.0001348798209797,en,ncis
deserted,0.0001348798209797,en,ncis
tulip,0.0001348798209797,en,ncis
liquidate,0.0001348798209797,en,ncis
penn,0.0001348798209797,en,ncis
crocodile,0.0001348798209797,en,ncis
viper,0.0001348798209797,en,ncis
profiling,0.0001348798209797,en,ncis
epinephrine,0.0001348798209797,en,ncis
firefighter,0.0001348798209797,en,ncis
wring,0.0001348798209797,en,ncis
higher,0.0001348798209797,en,ncis
inning,0.0001348798209797,en,ncis
caseload,0.0001348798209797,en,ncis
convent,0.0001348798209797,en,ncis
facade,0.0001348798209797,en,ncis
chaser,0.0001348798209797,en,ncis
decimate,0.0001348798209797,en,ncis
stairway,0.0001348798209797,en,ncis
outlook,0.0001348798209797,en,ncis
looker,0.0001348798209797,en,ncis
squirrelly,0.0001348798209797,en,ncis
godsend,0.0001348798209797,en,ncis
ceremonial,0.0001348798209797,en,ncis
petri,0.0001348798209797,en,ncis
electron,0.0001348798209797,en,ncis
attentive,0.0001348798209797,en,ncis
senile,0.0001348798209797,en,ncis
intimately,0.0001348798209797,en,ncis
capitalist,0.0001348798209797,en,ncis
squint,0.0001348798209797,en,ncis
clutter,0.0001348798209797,en,ncis
injunction,0.0001348798209797,en,ncis
bishop,0.0001348798209797,en,ncis
harsh,0.0001342053873824,en,ncis
pediatrician,0.0001327480653502,en,ncis
crackhead,0.0001327480653502,en,ncis
vermin,0.0001327480653502,en,ncis
belittle,0.0001327480653502,en,ncis
backing,0.0001327480653502,en,ncis
resuscitate,0.0001327480653502,en,ncis
ditto,0.0001327480653502,en,ncis
anguish,0.0001327480653502,en,ncis
showdown,0.0001327480653502,en,ncis
expiration,0.0001327480653502,en,ncis
rigid,0.0001327480653502,en,ncis
panicked,0.0001327480653502,en,ncis
adjective,0.0001327480653502,en,ncis
fellowship,0.0001327480653502,en,ncis
stockpile,0.0001327480653502,en,ncis
mack,0.0001327480653502,en,ncis
kilometer,0.0001327480653502,en,ncis
brainiac,0.0001327480653502,en,ncis
hemisphere,0.0001327480653502,en,ncis
sawyer,0.0001327480653502,en,ncis
bozo,0.0001327480653502,en,ncis
subsequent,0.0001327480653502,en,ncis
interim,0.0001327480653502,en,ncis
carla,0.0001327480653502,en,ncis
shoplifting,0.0001327480653502,en,ncis
delinquent,0.0001327480653502,en,ncis
blip,0.0001327480653502,en,ncis
frosty,0.0001327480653502,en,ncis
tingly,0.0001327480653502,en,ncis
recruitment,0.0001327480653502,en,ncis
minefield,0.0001327480653502,en,ncis
intricate,0.0001327480653502,en,ncis
boiler,0.0001327480653502,en,ncis
enact,0.0001327480653502,en,ncis
nightcap,0.0001327480653502,en,ncis
gucci,0.0001327480653502,en,ncis
lice,0.0001327480653502,en,ncis
philosopher,0.0001327480653502,en,ncis
relaxation,0.0001327480653502,en,ncis
irregularity,0.0001327480653502,en,ncis
nemesis,0.0001327480653502,en,ncis
approximate,0.0001327480653502,en,ncis
buggy,0.0001327480653502,en,ncis
fallen,0.0001327480653502,en,ncis
standpoint,0.0001327480653502,en,ncis
lactose,0.0001327480653502,en,ncis
doyle,0.0001327480653502,en,ncis
antibody,0.0001327480653502,en,ncis
suitor,0.0001327480653502,en,ncis
woody,0.0001327480653502,en,ncis
imbalance,0.0001327480653502,en,ncis
blocker,0.0001327480653502,en,ncis
lackey,0.0001327480653502,en,ncis
existential,0.0001327480653502,en,ncis
unbreakable,0.0001327480653502,en,ncis
subside,0.0001327480653502,en,ncis
disturbed,0.0001327480653502,en,ncis
impending,0.0001327480653502,en,ncis
ave,0.0001327480653502,en,ncis
superb,0.0001327480653502,en,ncis
dictator,0.0001327480653502,en,ncis
sandbox,0.0001327480653502,en,ncis
pamper,0.0001327480653502,en,ncis
beggar,0.0001327480653502,en,ncis
publishing,0.0001327480653502,en,ncis
cupid,0.0001327480653502,en,ncis
frisky,0.0001327480653502,en,ncis
inter,0.0001327480653502,en,ncis
asbestos,0.0001327480653502,en,ncis
rejoin,0.0001327480653502,en,ncis
surplus,0.0001327480653502,en,ncis
bosom,0.0001327480653502,en,ncis
hurdle,0.0001327480653502,en,ncis
quack,0.0001327480653502,en,ncis
intuitive,0.0001327480653502,en,ncis
submission,0.0001327480653502,en,ncis
hoist,0.0001327480653502,en,ncis
yah,0.0001327480653502,en,ncis
reappear,0.0001327480653502,en,ncis
neuron,0.0001327480653502,en,ncis
coddle,0.0001327480653502,en,ncis
elope,0.0001327480653502,en,ncis
puss,0.0001327480653502,en,ncis
patsy,0.0001327480653502,en,ncis
tov,0.0001327480653502,en,ncis
dome,0.0001327480653502,en,ncis
futile,0.0001327480653502,en,ncis
executioner,0.0001327480653502,en,ncis
boulder,0.0001327480653502,en,ncis
informed,0.0001327480653502,en,ncis
melinda,0.0001327480653502,en,ncis
hormonal,0.0001327480653502,en,ncis
ralph,0.0001327480653502,en,ncis
throttle,0.0001327480653502,en,ncis
caption,0.0001327480653502,en,ncis
chill,0.0001319791314545,en,ncis
outta,0.0001308842856505,en,ncis
werewolf,0.0001307033448373,en,ncis
parrot,0.0001307033448373,en,ncis
warhead,0.0001307033448373,en,ncis
regenerate,0.0001307033448373,en,ncis
tote,0.0001307033448373,en,ncis
ammonia,0.0001307033448373,en,ncis
undead,0.0001307033448373,en,ncis
damaged,0.0001307033448373,en,ncis
rudimentary,0.0001307033448373,en,ncis
stimulation,0.0001307033448373,en,ncis
whe,0.0001307033448373,en,ncis
scheduling,0.0001307033448373,en,ncis
flatten,0.0001307033448373,en,ncis
conserve,0.0001307033448373,en,ncis
robinson,0.0001307033448373,en,ncis
unity,0.0001307033448373,en,ncis
excel,0.0001307033448373,en,ncis
councilman,0.0001307033448373,en,ncis
advisement,0.0001307033448373,en,ncis
untrue,0.0001307033448373,en,ncis
enjoyable,0.0001307033448373,en,ncis
tavern,0.0001307033448373,en,ncis
canary,0.0001307033448373,en,ncis
floral,0.0001307033448373,en,ncis
roach,0.0001307033448373,en,ncis
coordination,0.0001307033448373,en,ncis
stanford,0.0001307033448373,en,ncis
unemployment,0.0001307033448373,en,ncis
seldom,0.0001307033448373,en,ncis
chemist,0.0001307033448373,en,ncis
rosemary,0.0001307033448373,en,ncis
ludicrous,0.0001307033448373,en,ncis
adultery,0.0001307033448373,en,ncis
faceless,0.0001307033448373,en,ncis
unmarried,0.0001307033448373,en,ncis
cylinder,0.0001307033448373,en,ncis
dissipate,0.0001307033448373,en,ncis
aroma,0.0001307033448373,en,ncis
gulp,0.0001307033448373,en,ncis
wrestler,0.0001307033448373,en,ncis
affliction,0.0001307033448373,en,ncis
entail,0.0001307033448373,en,ncis
mound,0.0001307033448373,en,ncis
narrative,0.0001307033448373,en,ncis
tasteful,0.0001307033448373,en,ncis
shopper,0.0001307033448373,en,ncis
inflate,0.0001307033448373,en,ncis
esteemed,0.0001307033448373,en,ncis
unanimous,0.0001307033448373,en,ncis
godfather,0.0001307033448373,en,ncis
overweight,0.0001307033448373,en,ncis
bribery,0.0001307033448373,en,ncis
possessive,0.0001307033448373,en,ncis
dung,0.0001307033448373,en,ncis
amnesty,0.0001307033448373,en,ncis
marked,0.0001307033448373,en,ncis
workload,0.0001307033448373,en,ncis
pixie,0.0001307033448373,en,ncis
mayonnaise,0.0001307033448373,en,ncis
righ,0.0001307033448373,en,ncis
colon,0.0001307033448373,en,ncis
equity,0.0001307033448373,en,ncis
kurt,0.0001307033448373,en,ncis
shroud,0.0001307033448373,en,ncis
gladiator,0.0001307033448373,en,ncis
vantage,0.0001307033448373,en,ncis
forte,0.0001307033448373,en,ncis
rivet,0.0001307033448373,en,ncis
chit,0.0001307033448373,en,ncis
reload,0.0001307033448373,en,ncis
thermostat,0.0001307033448373,en,ncis
recount,0.0001307033448373,en,ncis
headquarter,0.0001307033448373,en,ncis
commune,0.0001307033448373,en,ncis
detox,0.0001307033448373,en,ncis
elm,0.0001307033448373,en,ncis
broaden,0.0001307033448373,en,ncis
unnoticed,0.0001307033448373,en,ncis
trough,0.0001307033448373,en,ncis
concoct,0.0001307033448373,en,ncis
scamme,0.0001287388304215,en,ncis
physiology,0.0001287388304215,en,ncis
depict,0.0001287388304215,en,ncis
penitentiary,0.0001287388304215,en,ncis
earthly,0.0001287388304215,en,ncis
mogul,0.0001287388304215,en,ncis
hughe,0.0001287388304215,en,ncis
handbag,0.0001287388304215,en,ncis
hypocrisy,0.0001287388304215,en,ncis
embryo,0.0001287388304215,en,ncis
befriend,0.0001287388304215,en,ncis
chopstick,0.0001287388304215,en,ncis
rachel,0.0001287388304215,en,ncis
fertilize,0.0001287388304215,en,ncis
moving,0.0001287388304215,en,ncis
rubbish,0.0001287388304215,en,ncis
vineyard,0.0001287388304215,en,ncis
unexpectedly,0.0001287388304215,en,ncis
allright,0.0001287388304215,en,ncis
vandalize,0.0001287388304215,en,ncis
disney,0.0001287388304215,en,ncis
robotic,0.0001287388304215,en,ncis
earful,0.0001287388304215,en,ncis
grande,0.0001287388304215,en,ncis
leslie,0.0001287388304215,en,ncis
opposition,0.0001287388304215,en,ncis
aphrodisiac,0.0001287388304215,en,ncis
beater,0.0001287388304215,en,ncis
chelsea,0.0001287388304215,en,ncis
calmly,0.0001287388304215,en,ncis
disgruntle,0.0001287388304215,en,ncis
curry,0.0001287388304215,en,ncis
fixer,0.0001287388304215,en,ncis
humane,0.0001287388304215,en,ncis
complimentary,0.0001287388304215,en,ncis
fright,0.0001287388304215,en,ncis
surreal,0.0001287388304215,en,ncis
audrey,0.0001287388304215,en,ncis
halo,0.0001287388304215,en,ncis
criterion,0.0001287388304215,en,ncis
sunburn,0.0001287388304215,en,ncis
bureaucracy,0.0001287388304215,en,ncis
hypocritical,0.0001287388304215,en,ncis
booster,0.0001287388304215,en,ncis
adamant,0.0001287388304215,en,ncis
lingo,0.0001287388304215,en,ncis
connie,0.0001287388304215,en,ncis
epileptic,0.0001287388304215,en,ncis
tier,0.0001287388304215,en,ncis
counteract,0.0001287388304215,en,ncis
hustler,0.0001287388304215,en,ncis
philosophical,0.0001287388304215,en,ncis
optimist,0.0001287388304215,en,ncis
mick,0.0001287388304215,en,ncis
lava,0.0001287388304215,en,ncis
wednesday,0.0001287388304215,en,ncis
chasing,0.0001287388304215,en,ncis
glide,0.0001287388304215,en,ncis
fanny,0.0001287388304215,en,ncis
cheerful,0.0001287388304215,en,ncis
refreshing,0.0001287388304215,en,ncis
reptile,0.0001287388304215,en,ncis
melody,0.0001287388304215,en,ncis
raider,0.0001287388304215,en,ncis
petite,0.0001287388304215,en,ncis
derange,0.0001287388304215,en,ncis
rearview,0.0001287388304215,en,ncis
mea,0.0001287388304215,en,ncis
hath,0.0001287388304215,en,ncis
knockoff,0.0001287388304215,en,ncis
sync,0.0001276697619234,en,ncis
giant,0.0001276697619234,en,ncis
mornin,0.0001268484665699,en,ncis
stewardess,0.0001268484665699,en,ncis
pouch,0.0001268484665699,en,ncis
mashed,0.0001268484665699,en,ncis
involuntary,0.0001268484665699,en,ncis
voltage,0.0001268484665699,en,ncis
disposition,0.0001268484665699,en,ncis
weld,0.0001268484665699,en,ncis
plaque,0.0001268484665699,en,ncis
sneaking,0.0001268484665699,en,ncis
evelyn,0.0001268484665699,en,ncis
fle,0.0001268484665699,en,ncis
saline,0.0001268484665699,en,ncis
hubby,0.0001268484665699,en,ncis
deficit,0.0001268484665699,en,ncis
distinguished,0.0001268484665699,en,ncis
browse,0.0001268484665699,en,ncis
rocker,0.0001268484665699,en,ncis
peppermint,0.0001268484665699,en,ncis
mush,0.0001268484665699,en,ncis
momentum,0.0001268484665699,en,ncis
derail,0.0001268484665699,en,ncis
extinguisher,0.0001268484665699,en,ncis
storeroom,0.0001268484665699,en,ncis
yale,0.0001268484665699,en,ncis
seep,0.0001268484665699,en,ncis
vera,0.0001268484665699,en,ncis
intellect,0.0001268484665699,en,ncis
rejoice,0.0001268484665699,en,ncis
solicit,0.0001268484665699,en,ncis
utilize,0.0001268484665699,en,ncis
amplify,0.0001268484665699,en,ncis
invalid,0.0001268484665699,en,ncis
firecracker,0.0001268484665699,en,ncis
sly,0.0001268484665699,en,ncis
unreal,0.0001268484665699,en,ncis
glen,0.0001268484665699,en,ncis
veggie,0.0001268484665699,en,ncis
foresee,0.0001268484665699,en,ncis
nay,0.0001268484665699,en,ncis
mon,0.0001268484665699,en,ncis
volleyball,0.0001268484665699,en,ncis
insightful,0.0001268484665699,en,ncis
looky,0.0001268484665699,en,ncis
impenetrable,0.0001268484665699,en,ncis
cadet,0.0001268484665699,en,ncis
plier,0.0001268484665699,en,ncis
cheerleading,0.0001268484665699,en,ncis
bureaucratic,0.0001268484665699,en,ncis
breeding,0.0001268484665699,en,ncis
hypnotize,0.0001268484665699,en,ncis
flour,0.0001268484665699,en,ncis
lug,0.0001268484665699,en,ncis
jab,0.0001268484665699,en,ncis
milestone,0.0001268484665699,en,ncis
tyrant,0.0001268484665699,en,ncis
mutilate,0.0001268484665699,en,ncis
immaculate,0.0001268484665699,en,ncis
speck,0.0001268484665699,en,ncis
sunscreen,0.0001268484665699,en,ncis
moth,0.0001268484665699,en,ncis
unimportant,0.0001268484665699,en,ncis
repress,0.0001268484665699,en,ncis
greece,0.0001268484665699,en,ncis
terrace,0.0001268484665699,en,ncis
pox,0.0001268484665699,en,ncis
nagging,0.0001268484665699,en,ncis
voluntary,0.0001268484665699,en,ncis
stylish,0.0001268484665699,en,ncis
lumber,0.0001268484665699,en,ncis
anesthetic,0.0001268484665699,en,ncis
slaughterhouse,0.0001268484665699,en,ncis
griffin,0.0001268484665699,en,ncis
cabo,0.0001268484665699,en,ncis
hater,0.0001268484665699,en,ncis
elective,0.0001268484665699,en,ncis
fabricate,0.0001268484665699,en,ncis
selfish,0.0001266207743916,en,ncis
goodness,0.0001266207743916,en,ncis
blackjack,0.0001250268586618,en,ncis
saison,0.0001250268586618,en,ncis
queasy,0.0001250268586618,en,ncis
metabolism,0.0001250268586618,en,ncis
incapacitate,0.0001250268586618,en,ncis
repressed,0.0001250268586618,en,ncis
heartbreak,0.0001250268586618,en,ncis
specially,0.0001250268586618,en,ncis
ponder,0.0001250268586618,en,ncis
workaholic,0.0001250268586618,en,ncis
marching,0.0001250268586618,en,ncis
unrealistic,0.0001250268586618,en,ncis
algebra,0.0001250268586618,en,ncis
ferry,0.0001250268586618,en,ncis
mitzvah,0.0001250268586618,en,ncis
fluent,0.0001250268586618,en,ncis
sear,0.0001250268586618,en,ncis
digger,0.0001250268586618,en,ncis
scorn,0.0001250268586618,en,ncis
johnny,0.0001250268586618,en,ncis
attaboy,0.0001250268586618,en,ncis
brazilian,0.0001250268586618,en,ncis
backfire,0.0001250268586618,en,ncis
harmful,0.0001250268586618,en,ncis
yankee,0.0001250268586618,en,ncis
retard,0.0001250268586618,en,ncis
amusement,0.0001250268586618,en,ncis
mutation,0.0001250268586618,en,ncis
cuisine,0.0001250268586618,en,ncis
overslept,0.0001250268586618,en,ncis
villager,0.0001250268586618,en,ncis
fascist,0.0001250268586618,en,ncis
moderate,0.0001250268586618,en,ncis
stealth,0.0001250268586618,en,ncis
snooze,0.0001250268586618,en,ncis
snuggle,0.0001250268586618,en,ncis
evasion,0.0001250268586618,en,ncis
turk,0.0001250268586618,en,ncis
intolerant,0.0001250268586618,en,ncis
mojito,0.0001250268586618,en,ncis
disgusted,0.0001250268586618,en,ncis
mayhem,0.0001250268586618,en,ncis
calculus,0.0001250268586618,en,ncis
appreciated,0.0001250268586618,en,ncis
sam,0.0001250268586618,en,ncis
blindly,0.0001250268586618,en,ncis
fleeting,0.0001250268586618,en,ncis
consistency,0.0001250268586618,en,ncis
stacy,0.0001250268586618,en,ncis
harry,0.0001250268586618,en,ncis
clash,0.0001250268586618,en,ncis
lucid,0.0001250268586618,en,ncis
refine,0.0001250268586618,en,ncis
thinker,0.0001250268586618,en,ncis
varsity,0.0001250268586618,en,ncis
media,0.0001250268586618,en,ncis
relic,0.0001250268586618,en,ncis
plaza,0.0001250268586618,en,ncis
practise,0.0001250268586618,en,ncis
disaster,0.0001245551879351,en,ncis
mitt,0.0001232691801778,en,ncis
swsub,0.0001232691801778,en,ncis
reaper,0.0001232691801778,en,ncis
ballpark,0.0001232691801778,en,ncis
reap,0.0001232691801778,en,ncis
whiny,0.0001232691801778,en,ncis
scotty,0.0001232691801778,en,ncis
checkmate,0.0001232691801778,en,ncis
appendix,0.0001232691801778,en,ncis
deduction,0.0001232691801778,en,ncis
rile,0.0001232691801778,en,ncis
sydney,0.0001232691801778,en,ncis
mocha,0.0001232691801778,en,ncis
hypnosis,0.0001232691801778,en,ncis
outdoor,0.0001232691801778,en,ncis
trek,0.0001232691801778,en,ncis
burp,0.0001232691801778,en,ncis
crucify,0.0001232691801778,en,ncis
hallmark,0.0001232691801778,en,ncis
wallace,0.0001232691801778,en,ncis
drugstore,0.0001232691801778,en,ncis
erupt,0.0001232691801778,en,ncis
foe,0.0001232691801778,en,ncis
relentless,0.0001232691801778,en,ncis
incarceration,0.0001232691801778,en,ncis
literary,0.0001232691801778,en,ncis
extort,0.0001232691801778,en,ncis
overdo,0.0001232691801778,en,ncis
caribbean,0.0001232691801778,en,ncis
hillbilly,0.0001232691801778,en,ncis
outweigh,0.0001232691801778,en,ncis
tremor,0.0001232691801778,en,ncis
negotiable,0.0001232691801778,en,ncis
gregory,0.0001232691801778,en,ncis
ivory,0.0001232691801778,en,ncis
concession,0.0001232691801778,en,ncis
potion,0.0001232691801778,en,ncis
duly,0.0001232691801778,en,ncis
snappy,0.0001232691801778,en,ncis
chromosome,0.0001232691801778,en,ncis
builder,0.0001232691801778,en,ncis
alteration,0.0001232691801778,en,ncis
envision,0.0001232691801778,en,ncis
mysteriously,0.0001232691801778,en,ncis
entrepreneur,0.0001232691801778,en,ncis
yawn,0.0001232691801778,en,ncis
reinvent,0.0001232691801778,en,ncis
shareholder,0.0001232691801778,en,ncis
toddler,0.0001232691801778,en,ncis
pathological,0.0001232691801778,en,ncis
comic_strip,0.0001232691801778,en,ncis
rinse,0.0001232691801778,en,ncis
humour,0.0001232691801778,en,ncis
graceful,0.0001232691801778,en,ncis
rabbi,0.0001232691801778,en,ncis
zebra,0.0001232691801778,en,ncis
demonic,0.0001232691801778,en,ncis
pinky,0.0001232691801778,en,ncis
goggle,0.0001232691801778,en,ncis
vagina,0.0001232691801778,en,ncis
buddha,0.0001232691801778,en,ncis
colony,0.0001215710956294,en,ncis
nightfall,0.0001215710956294,en,ncis
nosy,0.0001215710956294,en,ncis
finder,0.0001215710956294,en,ncis
intro,0.0001215710956294,en,ncis
spontaneously,0.0001215710956294,en,ncis
correspondence,0.0001215710956294,en,ncis
shiver,0.0001215710956294,en,ncis
atom,0.0001215710956294,en,ncis
listing,0.0001215710956294,en,ncis
euphemism,0.0001215710956294,en,ncis
conduit,0.0001215710956294,en,ncis
siege,0.0001215710956294,en,ncis
muscular,0.0001215710956294,en,ncis
flute,0.0001215710956294,en,ncis
regulate,0.0001215710956294,en,ncis
suction,0.0001215710956294,en,ncis
appal,0.0001215710956294,en,ncis
nosebleed,0.0001215710956294,en,ncis
pressing,0.0001215710956294,en,ncis
dehydration,0.0001215710956294,en,ncis
seduction,0.0001215710956294,en,ncis
knowingly,0.0001215710956294,en,ncis
alexander,0.0001215710956294,en,ncis
pilgrim,0.0001215710956294,en,ncis
edible,0.0001215710956294,en,ncis
locally,0.0001215710956294,en,ncis
pore,0.0001215710956294,en,ncis
picket,0.0001215710956294,en,ncis
slumber,0.0001215710956294,en,ncis
transformer,0.0001215710956294,en,ncis
sonny,0.0001215710956294,en,ncis
dishonest,0.0001215710956294,en,ncis
fixate,0.0001215710956294,en,ncis
ponytail,0.0001215710956294,en,ncis
grate,0.0001215710956294,en,ncis
feisty,0.0001215710956294,en,ncis
infinity,0.0001215710956294,en,ncis
liter,0.0001215710956294,en,ncis
cleansing,0.0001215710956294,en,ncis
damp,0.0001215710956294,en,ncis
compatible,0.0001215710956294,en,ncis
ferret,0.0001215710956294,en,ncis
wildly,0.0001215710956294,en,ncis
titanic,0.0001215710956294,en,ncis
concede,0.0001215710956294,en,ncis
rockin,0.0001215710956294,en,ncis
flourish,0.0001215710956294,en,ncis
resilient,0.0001215710956294,en,ncis
legged,0.0001215710956294,en,ncis
mythology,0.0001215710956294,en,ncis
brute,0.0001199286961306,en,ncis
fluff,0.0001199286961306,en,ncis
jess,0.0001199286961306,en,ncis
pretense,0.0001199286961306,en,ncis
unprotected,0.0001199286961306,en,ncis
funk,0.0001199286961306,en,ncis
poppin,0.0001199286961306,en,ncis
blare,0.0001199286961306,en,ncis
compact,0.0001199286961306,en,ncis
applicant,0.0001199286961306,en,ncis
evolutionary,0.0001199286961306,en,ncis
pussy,0.0001199286961306,en,ncis
inquire,0.0001199286961306,en,ncis
nonexistent,0.0001199286961306,en,ncis
demolition,0.0001199286961306,en,ncis
picky,0.0001199286961306,en,ncis
hatchet,0.0001199286961306,en,ncis
resurrect,0.0001199286961306,en,ncis
mikey,0.0001199286961306,en,ncis
shag,0.0001199286961306,en,ncis
doggie,0.0001199286961306,en,ncis
renovate,0.0001199286961306,en,ncis
cognitive,0.0001199286961306,en,ncis
benign,0.0001199286961306,en,ncis
exhaustion,0.0001199286961306,en,ncis
squish,0.0001199286961306,en,ncis
piggy,0.0001199286961306,en,ncis
etiquette,0.0001199286961306,en,ncis
intake,0.0001199286961306,en,ncis
impregnate,0.0001199286961306,en,ncis
dishwasher,0.0001199286961306,en,ncis
nab,0.0001199286961306,en,ncis
booking,0.0001199286961306,en,ncis
rematch,0.0001199286961306,en,ncis
snicker,0.0001199286961306,en,ncis
homosexual,0.0001199286961306,en,ncis
scottish,0.0001199286961306,en,ncis
raccoon,0.0001199286961306,en,ncis
cupboard,0.0001199286961306,en,ncis
sup,0.0001199286961306,en,ncis
nuisance,0.0001199286961306,en,ncis
inconvenient,0.0001199286961306,en,ncis
remission,0.0001199286961306,en,ncis
comatose,0.0001199286961306,en,ncis
ordinarily,0.0001199286961306,en,ncis
polo,0.0001199286961306,en,ncis
reiterate,0.0001199286961306,en,ncis
savor,0.0001199286961306,en,ncis
betcha,0.0001199286961306,en,ncis
narcissistic,0.0001199286961306,en,ncis
mutant,0.0001183384452017,en,ncis
disapprove,0.0001183384452017,en,ncis
stub,0.0001183384452017,en,ncis
concur,0.0001183384452017,en,ncis
scott,0.0001183384452017,en,ncis
midterm,0.0001183384452017,en,ncis
forgery,0.0001183384452017,en,ncis
retarded,0.0001183384452017,en,ncis
britney,0.0001183384452017,en,ncis
nighter,0.0001183384452017,en,ncis
hunk,0.0001183384452017,en,ncis
australian,0.0001183384452017,en,ncis
alzheimer,0.0001183384452017,en,ncis
gaming,0.0001183384452017,en,ncis
flattered,0.0001183384452017,en,ncis
lockup,0.0001183384452017,en,ncis
abomination,0.0001183384452017,en,ncis
hank,0.0001183384452017,en,ncis
rivalry,0.0001183384452017,en,ncis
quitter,0.0001183384452017,en,ncis
dong,0.0001183384452017,en,ncis
lifesaver,0.0001183384452017,en,ncis
paragraph,0.0001183384452017,en,ncis
finished,0.0001183384452017,en,ncis
monitoring,0.0001183384452017,en,ncis
austin,0.0001183384452017,en,ncis
gill,0.0001183384452017,en,ncis
outrun,0.0001183384452017,en,ncis
sewage,0.0001183384452017,en,ncis
chitchat,0.0001183384452017,en,ncis
decipher,0.0001183384452017,en,ncis
doorman,0.0001183384452017,en,ncis
banging,0.0001183384452017,en,ncis
mediocre,0.0001183384452017,en,ncis
marvel,0.0001183384452017,en,ncis
dumbass,0.0001183384452017,en,ncis
eradicate,0.0001183384452017,en,ncis
civic,0.0001183384452017,en,ncis
electromagnetic,0.0001183384452017,en,ncis
voyage,0.0001183384452017,en,ncis
sow,0.0001183384452017,en,ncis
jockey,0.0001183384452017,en,ncis
safeguard,0.0001183384452017,en,ncis
following,0.0001183384452017,en,ncis
meddle,0.0001183384452017,en,ncis
mitch,0.0001183384452017,en,ncis
florence,0.0001167971329158,en,ncis
continuous,0.0001167971329158,en,ncis
regime,0.0001167971329158,en,ncis
orchestrate,0.0001167971329158,en,ncis
ness,0.0001167971329158,en,ncis
diligence,0.0001167971329158,en,ncis
salute,0.0001167971329158,en,ncis
unanswered,0.0001167971329158,en,ncis
reproduce,0.0001167971329158,en,ncis
hype,0.0001167971329158,en,ncis
fetal,0.0001167971329158,en,ncis
insinuate,0.0001167971329158,en,ncis
hurl,0.0001167971329158,en,ncis
alarmed,0.0001167971329158,en,ncis
behavioral,0.0001167971329158,en,ncis
rec,0.0001167971329158,en,ncis
sprout,0.0001167971329158,en,ncis
portal,0.0001167971329158,en,ncis
meatball,0.0001167971329158,en,ncis
mystical,0.0001167971329158,en,ncis
craze,0.0001167971329158,en,ncis
outline,0.0001167971329158,en,ncis
unprecedented,0.0001167971329158,en,ncis
seafood,0.0001167971329158,en,ncis
tantrum,0.0001167971329158,en,ncis
delegate,0.0001167971329158,en,ncis
barney,0.0001167971329158,en,ncis
recollection,0.0001167971329158,en,ncis
mag,0.0001167971329158,en,ncis
drank,0.0001167971329158,en,ncis
peculiar,0.0001167971329158,en,ncis
freddy,0.0001167971329158,en,ncis
insanely,0.0001167971329158,en,ncis
pesky,0.0001167971329158,en,ncis
wad,0.0001167971329158,en,ncis
chute,0.0001167971329158,en,ncis
meditation,0.0001167971329158,en,ncis
yuck,0.0001167971329158,en,ncis
spade,0.0001167971329158,en,ncis
wand,0.0001167971329158,en,ncis
slime,0.0001167971329158,en,ncis
mixer,0.0001167971329158,en,ncis
maine,0.0001167971329158,en,ncis
wanted,0.0001167971329158,en,ncis
thai,0.0001167971329158,en,ncis
outrage,0.0001167971329158,en,ncis
dismantle,0.0001167971329158,en,ncis
turd,0.0001167971329158,en,ncis
kink,0.0001167971329158,en,ncis
whiff,0.0001167971329158,en,ncis
workin,0.0001167971329158,en,ncis
seating,0.0001153018368911,en,ncis
imperative,0.0001153018368911,en,ncis
washer,0.0001153018368911,en,ncis
visionary,0.0001153018368911,en,ncis
retract,0.0001153018368911,en,ncis
exile,0.0001153018368911,en,ncis
reroute,0.0001153018368911,en,ncis
prevail,0.0001153018368911,en,ncis
prettiest,0.0001153018368911,en,ncis
discomfort,0.0001153018368911,en,ncis
adio,0.0001153018368911,en,ncis
brainstorm,0.0001153018368911,en,ncis
payoff,0.0001153018368911,en,ncis
coil,0.0001153018368911,en,ncis
plural,0.0001153018368911,en,ncis
checkup,0.0001153018368911,en,ncis
countdown,0.0001153018368911,en,ncis
jolt,0.0001153018368911,en,ncis
sanity,0.0001153018368911,en,ncis
alumnus,0.0001153018368911,en,ncis
tracy,0.0001153018368911,en,ncis
rodeo,0.0001153018368911,en,ncis
sexuality,0.0001153018368911,en,ncis
delirious,0.0001153018368911,en,ncis
needless,0.0001153018368911,en,ncis
eld,0.0001153018368911,en,ncis
prod,0.0001153018368911,en,ncis
marcus,0.0001153018368911,en,ncis
rubble,0.0001153018368911,en,ncis
manhood,0.0001153018368911,en,ncis
reservoir,0.0001153018368911,en,ncis
racial,0.0001153018368911,en,ncis
quickie,0.0001153018368911,en,ncis
preposterous,0.0001153018368911,en,ncis
syringe,0.0001153018368911,en,ncis
persona,0.0001153018368911,en,ncis
believable,0.0001153018368911,en,ncis
preacher,0.0001153018368911,en,ncis
cardboard,0.0001153018368911,en,ncis
dominate,0.0001153018368911,en,ncis
crossroad,0.0001153018368911,en,ncis
irregular,0.0001153018368911,en,ncis
galaxy,0.0001153018368911,en,ncis
camel,0.0001153018368911,en,ncis
skeptical,0.0001153018368911,en,ncis
catchy,0.0001153018368911,en,ncis
finalize,0.0001153018368911,en,ncis
magnitude,0.0001153018368911,en,ncis
pornography,0.0001153018368911,en,ncis
revolutionary,0.0001153018368911,en,ncis
handedly,0.000113849888941,en,ncis
pave,0.000113849888941,en,ncis
brutally,0.000113849888941,en,ncis
bossy,0.000113849888941,en,ncis
incompetence,0.000113849888941,en,ncis
persuasion,0.000113849888941,en,ncis
evict,0.000113849888941,en,ncis
unravel,0.000113849888941,en,ncis
tattooed,0.000113849888941,en,ncis
frequently,0.000113849888941,en,ncis
sage,0.000113849888941,en,ncis
freud,0.000113849888941,en,ncis
convene,0.000113849888941,en,ncis
shrine,0.000113849888941,en,ncis
headway,0.000113849888941,en,ncis
rio,0.000113849888941,en,ncis
kenny,0.000113849888941,en,ncis
calorie,0.000113849888941,en,ncis
modeling,0.000113849888941,en,ncis
minimize,0.000113849888941,en,ncis
burning,0.000113849888941,en,ncis
catastrophe,0.000113849888941,en,ncis
puberty,0.000113849888941,en,ncis
conditioner,0.000113849888941,en,ncis
majesty,0.000113849888941,en,ncis
enrol,0.000113849888941,en,ncis
gent,0.000113849888941,en,ncis
spectacle,0.000113849888941,en,ncis
drinker,0.000113849888941,en,ncis
compose,0.000113849888941,en,ncis
heavenly,0.000113849888941,en,ncis
constructive,0.000113849888941,en,ncis
shocker,0.0001124388464215,en,ncis
neural,0.0001124388464215,en,ncis
amber,0.0001124388464215,en,ncis
chorus,0.0001124388464215,en,ncis
petal,0.0001124388464215,en,ncis
farewell,0.0001124388464215,en,ncis
intoxicate,0.0001124388464215,en,ncis
multiply,0.0001124388464215,en,ncis
degenerate,0.0001124388464215,en,ncis
observer,0.0001124388464215,en,ncis
drastic,0.0001124388464215,en,ncis
politely,0.0001124388464215,en,ncis
callous,0.0001124388464215,en,ncis
descent,0.0001124388464215,en,ncis
imprison,0.0001124388464215,en,ncis
poof,0.0001124388464215,en,ncis
dibs,0.0001124388464215,en,ncis
integrate,0.0001124388464215,en,ncis
epidemic,0.0001124388464215,en,ncis
lizard,0.0001124388464215,en,ncis
underpant,0.0001124388464215,en,ncis
bearer,0.0001124388464215,en,ncis
ruler,0.0001124388464215,en,ncis
marvelous,0.0001124388464215,en,ncis
inability,0.0001124388464215,en,ncis
baker,0.0001124388464215,en,ncis
coupon,0.0001124388464215,en,ncis
unwanted,0.0001124388464215,en,ncis
swimmer,0.0001124388464215,en,ncis
heap,0.0001124388464215,en,ncis
poach,0.0001124388464215,en,ncis
grandkid,0.0001124388464215,en,ncis
flank,0.0001124388464215,en,ncis
historic,0.0001124388464215,en,ncis
harper,0.0001124388464215,en,ncis
imitate,0.0001124388464215,en,ncis
overpower,0.0001124388464215,en,ncis
suburb,0.0001124388464215,en,ncis
scoot,0.0001124388464215,en,ncis
discredit,0.0001124388464215,en,ncis
researcher,0.0001124388464215,en,ncis
granny,0.0001124388464215,en,ncis
benjamin,0.0001110664675063,en,ncis
indiscretion,0.0001110664675063,en,ncis
trend,0.0001110664675063,en,ncis
tragically,0.0001110664675063,en,ncis
fortress,0.0001110664675063,en,ncis
squirm,0.0001110664675063,en,ncis
screaming,0.0001110664675063,en,ncis
primal,0.0001110664675063,en,ncis
rein,0.0001110664675063,en,ncis
restart,0.0001110664675063,en,ncis
sweetness,0.0001110664675063,en,ncis
hostess,0.0001110664675063,en,ncis
respected,0.0001110664675063,en,ncis
fertility,0.0001110664675063,en,ncis
greatness,0.0001110664675063,en,ncis
glitter,0.0001110664675063,en,ncis
inclined,0.0001110664675063,en,ncis
transparent,0.0001110664675063,en,ncis
maternity,0.0001110664675063,en,ncis
lucrative,0.0001110664675063,en,ncis
expedite,0.0001110664675063,en,ncis
loft,0.0001110664675063,en,ncis
erotic,0.0001110664675063,en,ncis
hick,0.0001110664675063,en,ncis
laboratory,0.0001110664675063,en,ncis
clot,0.0001110664675063,en,ncis
frenzy,0.0001110664675063,en,ncis
uncertain,0.0001110664675063,en,ncis
snitch,0.0001110664675063,en,ncis
teddy,0.0001110664675063,en,ncis
knob,0.0001110664675063,en,ncis
indefinitely,0.0001110664675063,en,ncis
respectful,0.0001110664675063,en,ncis
broadway,0.0001110664675063,en,ncis
tranquilizer,0.0001110664675063,en,ncis
burglar,0.0001110664675063,en,ncis
hone,0.0001110664675063,en,ncis
yearbook,0.0001110664675063,en,ncis
tingle,0.0001110664675063,en,ncis
repercussion,0.0001110664675063,en,ncis
seemingly,0.0001110664675063,en,ncis
acquaint,0.0001097306897597,en,ncis
holler,0.0001097306897597,en,ncis
stool,0.0001097306897597,en,ncis
painfully,0.0001097306897597,en,ncis
cinnamon,0.0001097306897597,en,ncis
movin,0.0001097306897597,en,ncis
missus,0.0001097306897597,en,ncis
eater,0.0001097306897597,en,ncis
diabete,0.0001097306897597,en,ncis
scorpion,0.0001097306897597,en,ncis
diminish,0.0001097306897597,en,ncis
pasture,0.0001097306897597,en,ncis
goodwill,0.0001097306897597,en,ncis
poverty,0.0001097306897597,en,ncis
parenting,0.0001097306897597,en,ncis
organized,0.0001097306897597,en,ncis
schoolgirl,0.0001097306897597,en,ncis
dresser,0.0001097306897597,en,ncis
monk,0.0001097306897597,en,ncis
childbirth,0.0001097306897597,en,ncis
listening,0.0001097306897597,en,ncis
precede,0.0001097306897597,en,ncis
defendant,0.0001097306897597,en,ncis
compulsive,0.0001097306897597,en,ncis
ruse,0.0001097306897597,en,ncis
backstage,0.0001097306897597,en,ncis
sculpture,0.0001097306897597,en,ncis
mow,0.0001097306897597,en,ncis
jennifer,0.0001097306897597,en,ncis
healer,0.0001084296114928,en,ncis
injustice,0.0001084296114928,en,ncis
homecoming,0.0001084296114928,en,ncis
beware,0.0001084296114928,en,ncis
erratic,0.0001084296114928,en,ncis
masse,0.0001084296114928,en,ncis
elude,0.0001084296114928,en,ncis
distinction,0.0001084296114928,en,ncis
bumpy,0.0001084296114928,en,ncis
forfeit,0.0001084296114928,en,ncis
lifelong,0.0001084296114928,en,ncis
clause,0.0001084296114928,en,ncis
solely,0.0001084296114928,en,ncis
selling,0.0001084296114928,en,ncis
gravy,0.0001084296114928,en,ncis
horrify,0.0001084296114928,en,ncis
conservative,0.0001084296114928,en,ncis
reporting,0.0001084296114928,en,ncis
vulture,0.0001084296114928,en,ncis
thinkin,0.0001084296114928,en,ncis
generosity,0.0001084296114928,en,ncis
therapeutic,0.0001084296114928,en,ncis
trench,0.0001084296114928,en,ncis
prone,0.0001084296114928,en,ncis
frickin,0.0001084296114928,en,ncis
tailor,0.0001084296114928,en,ncis
toothpaste,0.0001084296114928,en,ncis
batman,0.0001084296114928,en,ncis
washing,0.0001084296114928,en,ncis
heighten,0.0001084296114928,en,ncis
juggle,0.0001084296114928,en,ncis
disco,0.0001084296114928,en,ncis
firsthand,0.0001084296114928,en,ncis
fog,0.0001084296114928,en,ncis
crow,0.0001084296114928,en,ncis
freshen,0.0001071614754809,en,ncis
afterward,0.0001071614754809,en,ncis
credible,0.0001071614754809,en,ncis
liberal,0.0001071614754809,en,ncis
rearrange,0.0001071614754809,en,ncis
chronic,0.0001071614754809,en,ncis
succumb,0.0001071614754809,en,ncis
engaged,0.0001071614754809,en,ncis
veil,0.0001071614754809,en,ncis
neil,0.0001071614754809,en,ncis
interpretation,0.0001071614754809,en,ncis
whatnot,0.0001071614754809,en,ncis
cosmic,0.0001071614754809,en,ncis
cone,0.0001071614754809,en,ncis
fantasize,0.0001071614754809,en,ncis
counting,0.0001071614754809,en,ncis
getting,0.0001071614754809,en,ncis
validate,0.0001071614754809,en,ncis
skank,0.0001071614754809,en,ncis
headphone,0.0001071614754809,en,ncis
scalp,0.0001071614754809,en,ncis
charitable,0.0001071614754809,en,ncis
purge,0.0001071614754809,en,ncis
drape,0.0001071614754809,en,ncis
vase,0.0001071614754809,en,ncis
dilate,0.0001071614754809,en,ncis
chem,0.0001071614754809,en,ncis
ancestor,0.0001071614754809,en,ncis
unethical,0.0001071614754809,en,ncis
spelling,0.0001071614754809,en,ncis
devour,0.0001071614754809,en,ncis
stench,0.0001059246546917,en,ncis
conspire,0.0001059246546917,en,ncis
nightclub,0.0001059246546917,en,ncis
accommodation,0.0001059246546917,en,ncis
stairwell,0.0001059246546917,en,ncis
darlin,0.0001059246546917,en,ncis
bulletin,0.0001059246546917,en,ncis
ellen,0.0001059246546917,en,ncis
architecture,0.0001059246546917,en,ncis
karaoke,0.0001059246546917,en,ncis
depot,0.0001059246546917,en,ncis
unbelievably,0.0001059246546917,en,ncis
mope,0.0001059246546917,en,ncis
knack,0.0001059246546917,en,ncis
cranberry,0.0001059246546917,en,ncis
rustle,0.0001059246546917,en,ncis
unborn,0.0001059246546917,en,ncis
puddle,0.0001059246546917,en,ncis
nag,0.0001059246546917,en,ncis
yea,0.0001059246546917,en,ncis
ruth,0.0001059246546917,en,ncis
wield,0.0001059246546917,en,ncis
carriage,0.0001059246546917,en,ncis
resurrection,0.0001059246546917,en,ncis
stump,0.0001059246546917,en,ncis
parental,0.0001059246546917,en,ncis
shutter,0.0001059246546917,en,ncis
cheesy,0.0001059246546917,en,ncis
shuffle,0.0001059246546917,en,ncis
betty,0.0001059246546917,en,ncis
considerate,0.0001059246546917,en,ncis
cattle,0.0001059246546917,en,ncis
devotion,0.0001059246546917,en,ncis
dehydrate,0.0001059246546917,en,ncis
cashier,0.0001059246546917,en,ncis
placement,0.0001047176397331,en,ncis
implication,0.0001047176397331,en,ncis
motto,0.0001047176397331,en,ncis
hypothetically,0.0001047176397331,en,ncis
por,0.0001047176397331,en,ncis
spooky,0.0001047176397331,en,ncis
sinner,0.0001047176397331,en,ncis
entertaining,0.0001047176397331,en,ncis
replicate,0.0001047176397331,en,ncis
tangle,0.0001047176397331,en,ncis
chant,0.0001047176397331,en,ncis
transformation,0.0001047176397331,en,ncis
chapel,0.0001047176397331,en,ncis
bulk,0.0001047176397331,en,ncis
publicly,0.0001047176397331,en,ncis
painter,0.0001047176397331,en,ncis
anyways,0.0001047176397331,en,ncis
linen,0.0001047176397331,en,ncis
plaster,0.0001047176397331,en,ncis
packing,0.000103539027779,en,ncis
racket,0.000103539027779,en,ncis
lyric,0.000103539027779,en,ncis
loneliness,0.000103539027779,en,ncis
maternal,0.000103539027779,en,ncis
northeast,0.000103539027779,en,ncis
mri,0.000103539027779,en,ncis
reinforcement,0.000103539027779,en,ncis
salmon,0.000103539027779,en,ncis
reluctant,0.000103539027779,en,ncis
undergo,0.000103539027779,en,ncis
bagel,0.000103539027779,en,ncis
differ,0.000103539027779,en,ncis
slope,0.000103539027779,en,ncis
cynical,0.000103539027779,en,ncis
rapidly,0.000103539027779,en,ncis
carnival,0.000103539027779,en,ncis
sincerely,0.000103539027779,en,ncis
standby,0.000103539027779,en,ncis
fingertip,0.000103539027779,en,ncis
jumper,0.0001023875127673,en,ncis
install,0.0001023875127673,en,ncis
upsetting,0.0001023875127673,en,ncis
anticipation,0.0001023875127673,en,ncis
gutter,0.0001023875127673,en,ncis
fury,0.0001023875127673,en,ncis
salon,0.0001023875127673,en,ncis
learning,0.0001023875127673,en,ncis
unlucky,0.0001023875127673,en,ncis
heater,0.0001023875127673,en,ncis
essay,0.0001023875127673,en,ncis
rolling,0.0001023875127673,en,ncis
crying,0.0001023875127673,en,ncis
loathe,0.0001023875127673,en,ncis
incomplete,0.0001023875127673,en,ncis
collision,0.0001023875127673,en,ncis
asylum,0.0001023875127673,en,ncis
enthusiasm,0.0001023875127673,en,ncis
collective,0.0001023875127673,en,ncis
friggin,0.0001023875127673,en,ncis
jolly,0.0001023875127673,en,ncis
medieval,0.0001012618767006,en,ncis
tan,0.0001012618767006,en,ncis
sammy,0.0001012618767006,en,ncis
gracia,0.0001012618767006,en,ncis
neutral,0.0001012618767006,en,ncis
kneel,0.0001012618767006,en,ncis
molly,0.0001012618767006,en,ncis
wiggle,0.0001012618767006,en,ncis
gram,0.0001012618767006,en,ncis
ketchup,0.0001012618767006,en,ncis
omelet,0.0001012618767006,en,ncis
egyptian,0.0001012618767006,en,ncis
chairman,0.0001012618767006,en,ncis
brainwash,0.0001012618767006,en,ncis
unlimited,0.0001012618767006,en,ncis
attribute,0.0001012618767006,en,ncis
filth,0.0001012618767006,en,ncis
coup,0.0001012618767006,en,ncis
pajama,0.0001012618767006,en,ncis
triumph,0.0001012618767006,en,ncis
lighting,0.0001012618767006,en,ncis
portfolio,0.0001012618767006,en,ncis
intrude,0.0001012618767006,en,ncis
oddly,0.0001001609819025,en,ncis
rider,0.0001001609819025,en,ncis
redeem,0.0001001609819025,en,ncis
overrate,0.0001001609819025,en,ncis
nipple,0.0001001609819025,en,ncis
ham,0.0001001609819025,en,ncis
epic,0.0001001609819025,en,ncis
scoff,0.0001001609819025,en,ncis
beacon,0.0001001609819025,en,ncis
alliance,0.0001001609819025,en,ncis
haired,0.0001001609819025,en,ncis
rum,0.0001001609819025,en,ncis
cater,0.0001001609819025,en,ncis
compelling,0.0001001609819025,en,ncis
cherish,0.0001001609819025,en,ncis
reign,0.0001001609819025,en,ncis
passive,0.0001001609819025,en,ncis
reek,0.0001001609819025,en,ncis
skim,9.908376410638433e-05,en,ncis
agony,9.908376410638433e-05,en,ncis
trustworthy,9.908376410638433e-05,en,ncis
linger,9.908376410638433e-05,en,ncis
ethical,9.908376410638433e-05,en,ncis
designate,9.908376410638433e-05,en,ncis
persuasive,9.908376410638433e-05,en,ncis
genuinely,9.908376410638433e-05,en,ncis
growl,9.908376410638433e-05,en,ncis
thirst,9.908376410638433e-05,en,ncis
honk,9.908376410638433e-05,en,ncis
hive,9.908376410638433e-05,en,ncis
hassle,9.908376410638433e-05,en,ncis
crumble,9.908376410638433e-05,en,ncis
par,9.908376410638433e-05,en,ncis
ryan,9.908376410638433e-05,en,ncis
commence,9.908376410638433e-05,en,ncis
reinforce,9.908376410638433e-05,en,ncis
projection,9.908376410638433e-05,en,ncis
impulsive,9.908376410638433e-05,en,ncis
racist,9.908376410638433e-05,en,ncis
vip,9.908376410638433e-05,en,ncis
noodle,9.908376410638433e-05,en,ncis
buster,9.908376410638433e-05,en,ncis
persistent,9.908376410638433e-05,en,ncis
vivid,9.908376410638433e-05,en,ncis
marketing,9.908376410638433e-05,en,ncis
remark,9.908376410638433e-05,en,ncis
thrive,9.908376410638433e-05,en,ncis
crust,9.908376410638433e-05,en,ncis
cheater,9.908376410638433e-05,en,ncis
ruthless,9.908376410638433e-05,en,ncis
revive,9.908376410638433e-05,en,ncis
squeal,9.802922627305482e-05,en,ncis
confrontation,9.802922627305482e-05,en,ncis
civilization,9.802922627305482e-05,en,ncis
critic,9.802922627305482e-05,en,ncis
penthouse,9.802922627305482e-05,en,ncis
wail,9.802922627305482e-05,en,ncis
lord,9.802922627305482e-05,en,ncis
obscure,9.802922627305482e-05,en,ncis
stereo,9.802922627305482e-05,en,ncis
devastating,9.802922627305482e-05,en,ncis
sponge,9.802922627305482e-05,en,ncis
hopeful,9.802922627305482e-05,en,ncis
limp,9.802922627305482e-05,en,ncis
exaggerate,9.802922627305482e-05,en,ncis
dangerously,9.802922627305482e-05,en,ncis
cozy,9.802922627305482e-05,en,ncis
solar,9.699643304478232e-05,en,ncis
screech,9.699643304478232e-05,en,ncis
tuesday,9.699643304478232e-05,en,ncis
destructive,9.699643304478232e-05,en,ncis
goddess,9.699643304478232e-05,en,ncis
optimistic,9.699643304478232e-05,en,ncis
paralyze,9.699643304478232e-05,en,ncis
invention,9.699643304478232e-05,en,ncis
hippie,9.699643304478232e-05,en,ncis
millionaire,9.699643304478232e-05,en,ncis
unstoppable,9.699643304478232e-05,en,ncis
squash,9.699643304478232e-05,en,ncis
resemblance,9.699643304478232e-05,en,ncis
unemployed,9.699643304478232e-05,en,ncis
womb,9.699643304478232e-05,en,ncis
roam,9.699643304478232e-05,en,ncis
historical,9.699643304478232e-05,en,ncis
superman,9.699643304478232e-05,en,ncis
comfy,9.699643304478232e-05,en,ncis
fulfil,9.598450576014092e-05,en,ncis
dialogue,9.598450576014092e-05,en,ncis
nowadays,9.598450576014092e-05,en,ncis
advocate,9.598450576014092e-05,en,ncis
impose,9.598450576014092e-05,en,ncis
preach,9.598450576014092e-05,en,ncis
heartless,9.598450576014092e-05,en,ncis
less,9.598450576014092e-05,en,ncis
mitchell,9.598450576014092e-05,en,ncis
digest,9.598450576014092e-05,en,ncis
sweetest,9.598450576014092e-05,en,ncis
unnatural,9.598450576014092e-05,en,ncis
jake,9.598450576014092e-05,en,ncis
avenge,9.598450576014092e-05,en,ncis
absent,9.598450576014092e-05,en,ncis
tequila,9.598450576014092e-05,en,ncis
offering,9.598450576014092e-05,en,ncis
ringing,9.598450576014092e-05,en,ncis
cutting,9.598450576014092e-05,en,ncis
festival,9.598450576014092e-05,en,ncis
chalk,9.598450576014092e-05,en,ncis
aggression,9.4992617962449e-05,en,ncis
proposition,9.4992617962449e-05,en,ncis
hottie,9.4992617962449e-05,en,ncis
sidewalk,9.4992617962449e-05,en,ncis
riding,9.4992617962449e-05,en,ncis
merchandise,9.4992617962449e-05,en,ncis
swoop,9.4992617962449e-05,en,ncis
elegant,9.4992617962449e-05,en,ncis
unavailable,9.4992617962449e-05,en,ncis
ripe,9.4992617962449e-05,en,ncis
fur,9.401999134436843e-05,en,ncis
waltz,9.401999134436843e-05,en,ncis
championship,9.401999134436843e-05,en,ncis
shuttle,9.401999134436843e-05,en,ncis
subway,9.401999134436843e-05,en,ncis
clumsy,9.401999134436843e-05,en,ncis
literature,9.401999134436843e-05,en,ncis
cranky,9.401999134436843e-05,en,ncis
rethink,9.401999134436843e-05,en,ncis
carol,9.401999134436843e-05,en,ncis
congrat,9.401999134436843e-05,en,ncis
revelation,9.401999134436843e-05,en,ncis
preparation,9.401999134436843e-05,en,ncis
salvation,9.401999134436843e-05,en,ncis
balcony,9.401999134436843e-05,en,ncis
exhale,9.401999134436843e-05,en,ncis
flap,9.30658920788062e-05,en,ncis
bash,9.30658920788062e-05,en,ncis
perception,9.30658920788062e-05,en,ncis
dissolve,9.30658920788062e-05,en,ncis
grader,9.30658920788062e-05,en,ncis
hybrid,9.30658920788062e-05,en,ncis
dictate,9.30658920788062e-05,en,ncis
unarmed,9.30658920788062e-05,en,ncis
gauge,9.30658920788062e-05,en,ncis
descend,9.30658920788062e-05,en,ncis
chili,9.30658920788062e-05,en,ncis
cult,9.212962749278504e-05,en,ncis
endure,9.212962749278504e-05,en,ncis
temptation,9.212962749278504e-05,en,ncis
gracious,9.212962749278504e-05,en,ncis
spectacular,9.212962749278504e-05,en,ncis
blindfold,9.212962749278504e-05,en,ncis
vast,9.212962749278504e-05,en,ncis
editor,9.212962749278504e-05,en,ncis
incapable,9.212962749278504e-05,en,ncis
prospect,9.212962749278504e-05,en,ncis
devote,9.212962749278504e-05,en,ncis
behold,9.212962749278504e-05,en,ncis
amusing,9.212962749278504e-05,en,ncis
overall,9.121054304651806e-05,en,ncis
selection,9.121054304651806e-05,en,ncis
dressing,9.121054304651806e-05,en,ncis
hockey,9.121054304651806e-05,en,ncis
blackout,9.121054304651806e-05,en,ncis
tolerance,9.121054304651806e-05,en,ncis
thankful,9.121054304651806e-05,en,ncis
wrinkle,9.121054304651806e-05,en,ncis
academic,9.121054304651806e-05,en,ncis
dick,9.121054304651806e-05,en,ncis
conceive,9.121054304651806e-05,en,ncis
disgrace,9.121054304651806e-05,en,ncis
cartoon,9.030801958468431e-05,en,ncis
hamburger,9.030801958468431e-05,en,ncis
productive,9.030801958468431e-05,en,ncis
horizon,9.030801958468431e-05,en,ncis
wrestle,9.030801958468431e-05,en,ncis
percentage,9.030801958468431e-05,en,ncis
publicity,9.030801958468431e-05,en,ncis
mistress,9.030801958468431e-05,en,ncis
whale,9.030801958468431e-05,en,ncis
tender,9.030801958468431e-05,en,ncis
requirement,8.942147083099497e-05,en,ncis
scholarship,8.942147083099497e-05,en,ncis
stunning,8.942147083099497e-05,en,ncis
harvest,8.942147083099497e-05,en,ncis
flyer,8.855034110065721e-05,en,ncis
psyche,8.855034110065721e-05,en,ncis
barge,8.855034110065721e-05,en,ncis
thug,8.855034110065721e-05,en,ncis
dragon,8.855034110065721e-05,en,ncis
stove,8.855034110065721e-05,en,ncis
rebel,8.855034110065721e-05,en,ncis
swinge,8.855034110065721e-05,en,ncis
tempting,8.855034110065721e-05,en,ncis
heroic,8.855034110065721e-05,en,ncis
sized,8.769410320838427e-05,en,ncis
walter,8.769410320838427e-05,en,ncis
sentimental,8.769410320838427e-05,en,ncis
whatsoever,8.769410320838427e-05,en,ncis
making,8.769410320838427e-05,en,ncis
hunger,8.769410320838427e-05,en,ncis
applause,8.685225655222876e-05,en,ncis
fuss,8.685225655222876e-05,en,ncis
supportive,8.685225655222876e-05,en,ncis
strangely,8.685225655222876e-05,en,ncis
esteem,8.685225655222876e-05,en,ncis
household,8.685225655222876e-05,en,ncis
verge,8.685225655222876e-05,en,ncis
beloved,8.685225655222876e-05,en,ncis
earring,8.602432535579936e-05,en,ncis
pause,8.602432535579936e-05,en,ncis
moan,8.602432535579936e-05,en,ncis
sane,8.602432535579936e-05,en,ncis
slut,8.602432535579936e-05,en,ncis
athlete,8.602432535579936e-05,en,ncis
magnificent,8.602432535579936e-05,en,ncis
insanity,8.520985705340674e-05,en,ncis
mourn,8.520985705340674e-05,en,ncis
sunlight,8.520985705340674e-05,en,ncis
cafeteria,8.520985705340674e-05,en,ncis
breeze,8.520985705340674e-05,en,ncis
bible,8.520985705340674e-05,en,ncis
chunk,8.440842080441457e-05,en,ncis
greeting,8.440842080441457e-05,en,ncis
transform,8.440842080441457e-05,en,ncis
minded,8.440842080441457e-05,en,ncis
gently,8.361960612458633e-05,en,ncis
hilarious,8.361960612458633e-05,en,ncis
rhythm,8.361960612458633e-05,en,ncis
rehearsal,8.361960612458633e-05,en,ncis
deceive,8.361960612458633e-05,en,ncis
context,8.284302162354237e-05,en,ncis
laughter,8.284302162354237e-05,en,ncis
meaningless,8.284302162354237e-05,en,ncis
paycheck,8.284302162354237e-05,en,ncis
tasty,8.284302162354237e-05,en,ncis
doughnut,8.207829383860588e-05,en,ncis
trump,8.207829383860588e-05,en,ncis
tremendous,8.207829383860588e-05,en,ncis
mum,8.207829383860588e-05,en,ncis
salesman,8.207829383860588e-05,en,ncis
mortgage,8.207829383860588e-05,en,ncis
kingdom,8.207829383860588e-05,en,ncis
conquer,8.207829383860588e-05,en,ncis
introduction,8.058299781398051e-05,en,ncis
hon,8.058299781398051e-05,en,ncis
mama,8.058299781398051e-05,en,ncis
lookin,8.058299781398051e-05,en,ncis
absurd,7.98517629737638e-05,en,ncis
congratulate,7.98517629737638e-05,en,ncis
strawberry,7.913104986385825e-05,en,ncis
notch,7.913104986385825e-05,en,ncis
knight,7.913104986385825e-05,en,ncis
guidance,7.913104986385825e-05,en,ncis
anxiety,7.842055998022802e-05,en,ncis
pale,7.842055998022802e-05,en,ncis
emotionally,7.772000734431657e-05,en,ncis
faint,7.772000734431657e-05,en,ncis
irony,7.702911781192926e-05,en,ncis
brace,7.702911781192926e-05,en,ncis
zoo,7.702911781192926e-05,en,ncis
bee,7.702911781192926e-05,en,ncis
wage,7.634762842913548e-05,en,ncis
reconsider,7.634762842913548e-05,en,ncis
proposal,7.634762842913548e-05,en,ncis
cycle,7.567528683140267e-05,en,ncis
tent,7.567528683140267e-05,en,ncis
appetite,7.567528683140267e-05,en,ncis
boundary,7.567528683140267e-05,en,ncis
chuckle,7.567528683140267e-05,en,ncis
illusion,7.501185068252647e-05,en,ncis
everyday,7.501185068252647e-05,en,ncis
bitter,7.371077241563019e-05,en,ncis
announcement,7.307269121387204e-05,en,ncis
handy,7.244263640376025e-05,en,ncis
absolute,7.182040856404681e-05,en,ncis
peaceful,7.182040856404681e-05,en,ncis
priest,7.182040856404681e-05,en,ncis
happiness,7.120581561451841e-05,en,ncis
glory,7.120581561451841e-05,en,ncis
foundation,7.120581561451841e-05,en,ncis
victory,6.824112217191894e-05,en,ncis
shh,6.65430376234905e-05,en,ncis
universe,6.436492502917757e-05,en,ncis
