mot,poids_tfidf,langue,serie
gisbourn,0.4612238375810329,fr,robinhood
robin,0.2687189119140042,fr,robinhood
shrif,0.21542730717203,fr,robinhood
marianne,0.2068319942285791,fr,robinhood
locksley,0.1892275216069961,fr,robinhood
nottingham,0.1495992316475634,fr,robinhood
djaq,0.1206471073781448,fr,robinhood
much,0.1098816781132366,fr,robinhood
roi,0.1062084548059538,fr,robinhood
taire,0.1050320413515786,fr,robinhood
ici,0.0877513904407588,fr,robinhood
sire,0.0870306487707717,fr,robinhood
tre,0.0790497860814098,fr,robinhood
bois,0.0728812357614425,fr,robinhood
allan,0.0712462768704955,fr,robinhood
lardner,0.0601824533551302,fr,robinhood
mourir,0.0600533258602958,fr,robinhood
marian,0.0550807982553014,fr,robinhood
tuer,0.0547833401215352,fr,robinhood
veilleur,0.054544240270964,fr,robinhood
besoin,0.049881027806409,fr,robinhood
mme,0.0465719669936988,fr,robinhood
ami,0.0460817357621862,fr,robinhood
hood,0.0444606571464147,fr,robinhood
aimer,0.042037328102207,fr,robinhood
chteau,0.0418912799608091,fr,robinhood
sarrasin,0.0418433208994945,fr,robinhood
petit,0.0409343078313037,fr,robinhood
angleterre,0.0404700046815085,fr,robinhood
pre,0.039586171944644,fr,robinhood
argent,0.0389733829052532,fr,robinhood
mort,0.0377478048264716,fr,robinhood
will,0.0375900221941748,fr,robinhood
attendre,0.0373801314028372,fr,robinhood
fort,0.0368899001713246,fr,robinhood
seigneur,0.0348837456156089,fr,robinhood
garde,0.0339485127822488,fr,robinhood
loi,0.032666125060979,fr,robinhood
prince,0.0315695189130998,fr,robinhood
terre,0.0311346464219766,fr,robinhood
trs,0.0302717785459042,fr,robinhood
nuit,0.0297815473143916,fr,robinhood
guy,0.0291344472095653,fr,robinhood
matre,0.0287312960608535,fr,robinhood
aider,0.0279431801962192,fr,robinhood
saint,0.0269711586318172,fr,robinhood
dsol,0.0268401599253159,fr,robinhood
plat,0.0264397394218373,fr,robinhood
chance,0.0252469084228998,fr,robinhood
fait,0.0251243506150217,fr,robinhood
taxe,0.0247904305160003,fr,robinhood
aide,0.0247566771913872,fr,robinhood
regarder,0.0240213303441183,fr,robinhood
grand,0.0234085413047275,fr,robinhood
mieux,0.0234085413047275,fr,robinhood
sortir,0.0229183100732149,fr,robinhood
clun,0.0226213326334021,fr,robinhood
isabeller,0.0225042669649431,fr,robinhood
vite,0.022182963225946,fr,robinhood
sauver,0.0215701741865552,fr,robinhood
perdre,0.021447616378677,fr,robinhood
mal,0.0210799429550426,fr,robinhood
raison,0.0209573851471644,fr,robinhood
nettlestone,0.0207362215806186,fr,robinhood
nom,0.0203445961077737,fr,robinhood
ouai,0.0200894997764914,fr,robinhood
accord,0.0197318070683829,fr,robinhood
kat,0.0195665680974864,fr,robinhood
revenir,0.0191190180289921,fr,robinhood
rentrer,0.0189964602211139,fr,robinhood
allez,0.0187513446053576,fr,robinhood
majest,0.0185509200438784,fr,robinhood
tuck,0.018308556174869,fr,robinhood
voil,0.018261113373845,fr,robinhood
pauvre,0.0181004333058196,fr,robinhood
porte,0.0180159977580887,fr,robinhood
wood,0.0179910629149794,fr,robinhood
frre,0.0178934399502106,fr,robinhood
cheval,0.0178412494400871,fr,robinhood
richard,0.0175592924781669,fr,robinhood
isabella,0.0175456996675828,fr,robinhood
archer,0.0175352421742494,fr,robinhood
plan,0.017437092633962,fr,robinhood
fille,0.0172806509108198,fr,robinhood
lambert,0.0171818534825641,fr,robinhood
finir,0.0171580931029416,fr,robinhood
maison,0.0171580931029416,fr,robinhood
pacte,0.0170869519398406,fr,robinhood
laisse,0.0170355352950635,fr,robinhood
famille,0.0170355352950635,fr,robinhood
village,0.0168688881475931,fr,robinhood
enfant,0.016667861871429,fr,robinhood
tai,0.0165557246847018,fr,robinhood
arme,0.0165453040635508,fr,robinhood
comte,0.0161508165595982,fr,robinhood
vivre,0.0160550728320382,fr,robinhood
sai,0.0160550728320382,fr,robinhood
donne,0.0160550728320382,fr,robinhood
pendre,0.0159939445756105,fr,robinhood
veux,0.0159325150241601,fr,robinhood
heure,0.0156873994084038,fr,robinhood
main,0.0156873994084038,fr,robinhood
flche,0.0156552210502309,fr,robinhood
aujourd,0.0155648416005256,fr,robinhood
matilda,0.0154821530235081,fr,robinhood
arc,0.015097736886921,fr,robinhood
fils,0.015074610369013,fr,robinhood
meilleur,0.015074610369013,fr,robinhood
nouveau,0.0148294947532567,fr,robinhood
camp,0.0147931745300906,fr,robinhood
demain,0.0147024719214889,fr,robinhood
cur,0.014622487731386,fr,robinhood
chevalier,0.014455586985368,fr,robinhood
bonchurch,0.0144525180713402,fr,robinhood
quelqu,0.0142167057138659,fr,robinhood
garon,0.0138490322902314,fr,robinhood
prt,0.0138376206319896,fr,robinhood
arrtez,0.0138251234454984,fr,robinhood
pitt,0.0136379721142107,fr,robinhood
souvenir,0.0136039166744751,fr,robinhood
vien,0.013481358866597,fr,robinhood
noir,0.0131639514951415,fr,robinhood
essayer,0.0131136854429625,fr,robinhood
noble,0.0130439334913603,fr,robinhood
sherwood,0.0129336350539176,fr,robinhood
dieu,0.0128685698272062,fr,robinhood
guerre,0.0128287181521291,fr,robinhood
percepteur,0.0128205306283891,fr,robinhood
bague,0.0127757286175473,fr,robinhood
montrer,0.0127460120193281,fr,robinhood
abbesse,0.0127309035943544,fr,robinhood
alice,0.0126290872440001,fr,robinhood
faon,0.0126234542114499,fr,robinhood
manger,0.0125796168287868,fr,robinhood
peuple,0.0125666707379796,fr,robinhood
feu,0.0125008964035717,fr,robinhood
frère,0.0123857224188065,fr,robinhood
propre,0.0122557807878154,fr,robinhood
vrai,0.0122557807878154,fr,robinhood
eau,0.0122059648437734,fr,robinhood
affaire,0.0121332229799373,fr,robinhood
vieux,0.0121332229799373,fr,robinhood
travail,0.011888107364181,fr,robinhood
confiance,0.011888107364181,fr,robinhood
thornton,0.0118708616929528,fr,robinhood
idiot,0.0117716104716169,fr,robinhood
apr,0.0117655495563028,fr,robinhood
prend,0.0116429917484247,fr,robinhood
continuer,0.0116137173161341,fr,robinhood
ordre,0.0116117866427698,fr,robinhood
payer,0.0115832115354176,fr,robinhood
voler,0.0115772670235492,fr,robinhood
arrter,0.0115204339405465,fr,robinhood
paix,0.0114841845917504,fr,robinhood
abb,0.0113960272252347,fr,robinhood
scarhand,0.011310666316701,fr,robinhood
bassam,0.011310666316701,fr,robinhood
donn,0.0112753183247902,fr,robinhood
paysan,0.0112352672968286,fr,robinhood
aime,0.011152760516912,fr,robinhood
pense,0.011152760516912,fr,robinhood
attend,0.0111195165792773,fr,robinhood
erreur,0.0109959663950631,fr,robinhood
henry,0.0109287010333018,fr,robinhood
revoir,0.010872416210849,fr,robinhood
scarborough,0.0108683950388297,fr,robinhood
battre,0.0107981061298641,fr,robinhood
gisbourne,0.0106822959657732,fr,robinhood
nourriture,0.01058147028717,fr,robinhood
villageois,0.0105374759742041,fr,robinhood
chercher,0.0104174136696431,fr,robinhood
appeler,0.0104174136696431,fr,robinhood
team,0.0103989213090869,fr,robinhood
retourner,0.0103782154739922,fr,robinhood
prsent,0.0103782154739922,fr,robinhood
mdecin,0.0102798126390461,fr,robinhood
choix,0.010254665289778,fr,robinhood
tratre,0.0101298489148553,fr,robinhood
grgeois,0.0100539256148454,fr,robinhood
arrte,0.0100497402460086,fr,robinhood
travailler,0.0100497402460086,fr,robinhood
winchester,0.0099741594836305,fr,robinhood
vrit,0.0099191905146426,fr,robinhood
tard,0.0098840147371354,fr,robinhood
scarlett,0.0097114824031884,fr,robinhood
tier,0.0096820668223742,fr,robinhood
cachot,0.0095253467095065,fr,robinhood
assurer,0.0094369512066179,fr,robinhood
dernire,0.0094369512066179,fr,robinhood
doi,0.0093898140002786,fr,robinhood
espion,0.0093815367935759,fr,robinhood
dame,0.0093572653509266,fr,robinhood
apporter,0.0093412996253367,fr,robinhood
garder,0.0093143933987397,fr,robinhood
hapo,0.0092588389777123,fr,robinhood
haize,0.0092381357830052,fr,robinhood
message,0.0091918355908616,fr,robinhood
mot,0.0091918355908616,fr,robinhood
plein,0.0091427136318502,fr,robinhood
route,0.0090921983019944,fr,robinhood
peur,0.0090692777829834,fr,robinhood
ide,0.0090692777829834,fr,robinhood
gagner,0.0090692777829834,fr,robinhood
utiliser,0.0090692777829834,fr,robinhood
demande,0.0090692777829834,fr,robinhood
problme,0.0090692777829834,fr,robinhood
edward,0.0090440873645664,fr,robinhood
attraper,0.0090204636013354,fr,robinhood
couronne,0.0089591636638277,fr,robinhood
trahir,0.008932144874091,fr,robinhood
dan,0.008930351424965,fr,robinhood
collier,0.0088905499738959,fr,robinhood
devenir,0.0088241621672271,fr,robinhood
mariann,0.0087971849129897,fr,robinhood
sarrasine,0.0087971849129897,fr,robinhood
monseigneur,0.0086967286320792,fr,robinhood
chambre,0.0086485128949935,fr,robinhood
chemin,0.0086485128949935,fr,robinhood
nourrir,0.0086461439594268,fr,robinhood
mariage,0.008618632117531,fr,robinhood
pouser,0.0085587286462249,fr,robinhood
signifier,0.0085493374183031,fr,robinhood
fuir,0.008497538175171,fr,robinhood
jes,0.0084784260696894,fr,robinhood
gars,0.0084694449936386,fr,robinhood
plaisir,0.0084694449936386,fr,robinhood
oiseau,0.0084377574823622,fr,robinhood
lpreu,0.008420036263957,fr,robinhood
protger,0.0084124780314057,fr,robinhood
remde,0.0083878509449051,fr,robinhood
pendaison,0.0083535410293026,fr,robinhood
envoyer,0.0083339309357145,fr,robinhood
prisonnier,0.0082260123788299,fr,robinhood
cause,0.0082113731278363,fr,robinhood
sentir,0.0082113731278363,fr,robinhood
trsor,0.0082064055862718,fr,robinhood
stoke,0.0081688145620618,fr,robinhood
gisborne,0.0081688145620618,fr,robinhood
endroit,0.0081543121581367,fr,robinhood
mauvais,0.0080888153199582,fr,robinhood
tour,0.0080888153199582,fr,robinhood
shah,0.0080721859512079,fr,robinhood
secret,0.0080357999105965,fr,robinhood
ouvrir,0.0080307619739225,fr,robinhood
retrouver,0.0080307619739225,fr,robinhood
soir,0.0080307619739225,fr,robinhood
simple,0.00796625751208,fr,robinhood
pigeon,0.0079619619007525,fr,robinhood
punir,0.0078617974295867,fr,robinhood
tte,0.0078436997042019,fr,robinhood
loin,0.0078436997042019,fr,robinhood
combattre,0.0077979042551588,fr,robinhood
prouver,0.0077846811633904,fr,robinhood
jeune,0.0077836616054941,fr,robinhood
innocent,0.0077131500359244,fr,robinhood
pige,0.0076439632444189,fr,robinhood
dernier,0.0075985840884455,fr,robinhood
place,0.0075985840884455,fr,robinhood
pass,0.0075985840884455,fr,robinhood
mine,0.0075698693267846,fr,robinhood
lewe,0.007540444211134,fr,robinhood
subwoodteam,0.007540444211134,fr,robinhood
shérif,0.007540444211134,fr,robinhood
knighton,0.007540444211134,fr,robinhood
lukey,0.007540444211134,fr,robinhood
soldat,0.007500789064323,fr,robinhood
tirer,0.0074760262805674,fr,robinhood
offrir,0.0074730397002694,fr,robinhood
changer,0.0074130110528515,fr,robinhood
loyaut,0.0073441582234946,fr,robinhood
sauv,0.0072620436969297,fr,robinhood
hrtique,0.0072471368192189,fr,robinhood
moochie,0.0072250047443037,fr,robinhood
scurit,0.0072239383769271,fr,robinhood
langue,0.0071947011486667,fr,robinhood
messager,0.007194457762744,fr,robinhood
sheridan,0.0071304827498967,fr,robinhood
agir,0.0071083528569329,fr,robinhood
suivre,0.007042360500209,fr,robinhood
rosa,0.0070242808182178,fr,robinhood
souffrir,0.0070181128060697,fr,robinhood
note,0.0070181128060697,fr,robinhood
ville,0.0069748370535848,fr,robinhood
royston,0.0069441292332842,fr,robinhood
acre,0.0069234113895514,fr,robinhood
coup,0.0069188103159948,fr,robinhood
crpuscule,0.0069145487538172,fr,robinhood
rowan,0.0069121757196894,fr,robinhood
friedrich,0.0069121757196894,fr,robinhood
hachik,0.0069120738602062,fr,robinhood
vaizey,0.0069120738602062,fr,robinhood
porter,0.0069057655481689,fr,robinhood
moochi,0.006877037294327,fr,robinhood
moyen,0.0068632372411766,fr,robinhood
question,0.0068632372411766,fr,robinhood
droit,0.0068632372411766,fr,robinhood
trouv,0.0068632372411766,fr,robinhood
sang,0.0068632372411766,fr,robinhood
devrai,0.0068502863919136,fr,robinhood
brler,0.0068349713154794,fr,robinhood
manoir,0.0068345494898499,fr,robinhood
pays,0.0067980305401368,fr,robinhood
carter,0.0067970339156827,fr,robinhood
cher,0.0067629087040308,fr,robinhood
valoir,0.0067406794332985,fr,robinhood
essay,0.0067406794332985,fr,robinhood
chariot,0.0067321033491259,fr,robinhood
abandonner,0.0067085522042548,fr,robinhood
allah,0.0066966823007345,fr,robinhood
lgende,0.0066962363902948,fr,robinhood
corps,0.0066717099475664,fr,robinhood
bande,0.0066672991835957,fr,robinhood
serviteur,0.0066631879755703,fr,robinhood
sultan,0.0066605088344978,fr,robinhood
susse,0.0066476825480536,fr,robinhood
important,0.0066181216254203,fr,robinhood
parl,0.0066181216254203,fr,robinhood
vol,0.0066011850685713,fr,robinhood
poison,0.0065832377633303,fr,robinhood
apprendre,0.0064955638175422,fr,robinhood
occuper,0.0064955638175422,fr,robinhood
commencer,0.0064955638175422,fr,robinhood
comprend,0.0064955638175422,fr,robinhood
long,0.0064955638175422,fr,robinhood
entrer,0.0064955638175422,fr,robinhood
enfuir,0.0064839675865444,fr,robinhood
arbre,0.0064689474031443,fr,robinhood
dangereux,0.0064553992908867,fr,robinhood
ensembl,0.006424609579138,fr,robinhood
prochain,0.006424609579138,fr,robinhood
jouer,0.006424609579138,fr,robinhood
mari,0.006424609579138,fr,robinhood
poudre,0.0063075835468518,fr,robinhood
choisir,0.0063010593949238,fr,robinhood
sablier,0.0062916024263794,fr,robinhood
matthew,0.0062843146661775,fr,robinhood
gisborn,0.0062837035092783,fr,robinhood
rufford,0.0062837035092783,fr,robinhood
lieu,0.0062504482017858,fr,robinhood
rejoindre,0.0062275330835578,fr,robinhood
voi,0.0062275330835578,fr,robinhood
garnison,0.0062164749121979,fr,robinhood
merton,0.0061928612094032,fr,robinhood
tueur,0.0061876888203989,fr,robinhood
malade,0.0061745424125595,fr,robinhood
voyon,0.0061524093065505,fr,robinhood
dague,0.0061044164963295,fr,robinhood
amour,0.0060756699208345,fr,robinhood
donjon,0.0060309199351974,fr,robinhood
presque,0.0060053325860295,fr,robinhood
arriv,0.0060053325860295,fr,robinhood
nord,0.0059788282681368,fr,robinhood
savai,0.0059784317602155,fr,robinhood
londre,0.0059714714255643,fr,robinhood
lavande,0.005922749739515,fr,robinhood
bientt,0.0059012905593443,fr,robinhood
haut,0.0058827747781514,fr,robinhood
traitre,0.0058482580309764,fr,robinhood
faute,0.005806858658067,fr,robinhood
patria,0.0057867743610702,fr,robinhood
rvolter,0.0057832462164861,fr,robinhood
point,0.0057602169702732,fr,robinhood
anne,0.0057602169702732,fr,robinhood
hro,0.005752179687808,fr,robinhood
dal,0.0057393961670763,fr,robinhood
bel,0.0057293304368732,fr,robinhood
march,0.0057293304368732,fr,robinhood
heureux,0.0057293304368732,fr,robinhood
diable,0.0057175125968261,fr,robinhood
ennemi,0.0057131025673307,fr,robinhood
libre,0.0056959405507824,fr,robinhood
pay,0.0056959405507824,fr,robinhood
accoster,0.0056863225671287,fr,robinhood
journe,0.0056833084738528,fr,robinhood
chang,0.0056833084738528,fr,robinhood
herse,0.0056767894419529,fr,robinhood
mang,0.0056599972115129,fr,robinhood
blight,0.0056553331583505,fr,robinhood
crouelle,0.0056553331583505,fr,robinhood
mclellan,0.0056553331583505,fr,robinhood
bras,0.0056501718121382,fr,robinhood
arrire,0.0056501718121382,fr,robinhood
chauve,0.0056480815126764,fr,robinhood
miss,0.0056406198881558,fr,robinhood
marier,0.0056268555926428,fr,robinhood
turc,0.0056227586845834,fr,robinhood
indice,0.0056204687130605,fr,robinhood
penny,0.0056152878083411,fr,robinhood
armure,0.005612927664,fr,robinhood
pousez,0.005585529310833,fr,robinhood
justice,0.0055813813445207,fr,robinhood
ramener,0.0055597582896386,fr,robinhood
promettre,0.0055597582896386,fr,robinhood
matin,0.0055597582896386,fr,robinhood
couter,0.0055597582896386,fr,robinhood
espoir,0.0055352837287171,fr,robinhood
amener,0.0055246124385351,fr,robinhood
pierre,0.0055100913195051,fr,robinhood
esprit,0.0054802291135309,fr,robinhood
envoy,0.0054802291135309,fr,robinhood
street,0.0054776383433187,fr,robinhood
crime,0.0054473768665246,fr,robinhood
oublier,0.0054362081054245,fr,robinhood
ntre,0.0054317873149872,fr,robinhood
portsmouth,0.0054309952083273,fr,robinhood
sourire,0.0054034912589857,fr,robinhood
difficile,0.005399053064932,fr,robinhood
mentir,0.005399053064932,fr,robinhood
gros,0.0053925435466388,fr,robinhood
toucher,0.0053556784518597,fr,robinhood
stupide,0.0053162111807302,fr,robinhood
oeil,0.0052699857387606,fr,robinhood
propos,0.0052699857387606,fr,robinhood
george,0.0052668276735865,fr,robinhood
loyal,0.0051972929710502,fr,robinhood
chien,0.0051896347240462,fr,robinhood
fou,0.0051891077369961,fr,robinhood
quitter,0.0051891077369961,fr,robinhood
jrusalem,0.0051865629314878,fr,robinhood
dunne,0.0051607176745027,fr,robinhood
dormir,0.0051474279308825,fr,robinhood
fin,0.0051474279308825,fr,robinhood
bonjour,0.0051474279308825,fr,robinhood
pisode,0.0051459037720931,fr,robinhood
anniversaire,0.0051454520104663,fr,robinhood
coeur,0.0051454520104663,fr,robinhood
ensuite,0.0051065771285174,fr,robinhood
courir,0.0051065771285174,fr,robinhood
couronnement,0.0051028643086642,fr,robinhood
suite,0.0050655575527819,fr,robinhood
lche,0.0050655575527819,fr,robinhood
pire,0.0050655575527819,fr,robinhood
facile,0.0050655575527819,fr,robinhood
troupe,0.0050651805225481,fr,robinhood
pouserer,0.005060482816125,fr,robinhood
shuj,0.0050269628074227,fr,robinhood
fourtnoy,0.0050269628074227,fr,robinhood
blamire,0.0050269628074227,fr,robinhood
scrope,0.0050269628074227,fr,robinhood
anny,0.0050269628074227,fr,robinhood
air,0.0050248701230043,fr,robinhood
ferai,0.0050223749441228,fr,robinhood
descendre,0.0050223749441228,fr,robinhood
mre,0.0049820264668462,fr,robinhood
parole,0.0049764799897585,fr,robinhood
force,0.0049420073685677,fr,robinhood
cadeau,0.004936481810678,fr,robinhood
dteste,0.004936481810678,fr,robinhood
promet,0.004936481810678,fr,robinhood
relecture,0.0049355424021363,fr,robinhood
anglais,0.0049144057714505,fr,robinhood
huntington,0.0049053148576118,fr,robinhood
jeu,0.0049023123151261,fr,robinhood
partie,0.0049023123151261,fr,robinhood
pice,0.0049023123151261,fr,robinhood
pourtant,0.0048968155705197,fr,robinhood
glise,0.0048741625771286,fr,robinhood
novice,0.0048739457900258,fr,robinhood
roser,0.0048573845872195,fr,robinhood
soleil,0.0047981360140428,fr,robinhood
coute,0.004779754507248,fr,robinhood
sens,0.004779754507248,fr,robinhood
fivre,0.0047730625791877,fr,robinhood
mensonge,0.0047595431096813,fr,robinhood
bless,0.0047595431096813,fr,robinhood
nay,0.0047483446771811,fr,robinhood
battr,0.0047426331576796,fr,robinhood
mary,0.004732901966252,fr,robinhood
luke,0.0047269597104408,fr,robinhood
instant,0.0046949070001393,fr,robinhood
beau,0.0046949070001393,fr,robinhood
partout,0.0046949070001393,fr,robinhood
plutt,0.0046949070001393,fr,robinhood
couper,0.0046833288973099,fr,robinhood
faim,0.0046833288973099,fr,robinhood
grotte,0.0046535952247488,fr,robinhood
mercenaire,0.0046474865643844,fr,robinhood
livre,0.0046456968233136,fr,robinhood
respect,0.0046456968233136,fr,robinhood
danger,0.0046456968233136,fr,robinhood
shilling,0.0046446459070524,fr,robinhood
kiry,0.0046446459070524,fr,robinhood
mrite,0.0046309068094196,fr,robinhood
doigt,0.0046309068094196,fr,robinhood
aquitaine,0.0046294194888561,fr,robinhood
tiernan,0.0046294194888561,fr,robinhood
richesse,0.0046196360859403,fr,robinhood
pardonner,0.0046127364405976,fr,robinhood
faible,0.0046127364405976,fr,robinhood
vendre,0.0046083744818328,fr,robinhood
lord,0.0046031710239133,fr,robinhood
harold,0.0046031710239133,fr,robinhood
cest,0.004587650696984,fr,robinhood
rsine,0.0045771390437172,fr,robinhood
lettre,0.0045755974789382,fr,robinhood
potion,0.0045739990461812,fr,robinhood
minute,0.0045713568159251,fr,robinhood
tunnel,0.0045586624702933,fr,robinhood
chtiment,0.004542417157387,fr,robinhood
porc,0.0045386363247926,fr,robinhood
ressembler,0.0045346388914917,fr,robinhood
quarantaine,0.0045238419890639,fr,robinhood
prie,0.0045201374497105,fr,robinhood
couvent,0.0045094883177069,fr,robinhood
rflchir,0.004502270509158,fr,robinhood
comploter,0.0044917013481467,fr,robinhood
impossible,0.0044838238201616,fr,robinhood
ensemble,0.0044838238201616,fr,robinhood
homm,0.0044676416104095,fr,robinhood
craindre,0.0044660717856807,fr,robinhood
riche,0.0044660717856807,fr,robinhood
trahison,0.0044597800110287,fr,robinhood
dur,0.0044478066317109,fr,robinhood
preuve,0.0044478066317109,fr,robinhood
exemple,0.0044478066317109,fr,robinhood
paxton,0.0044403392229985,fr,robinhood
compte,0.0044120810836135,fr,robinhood
conseil,0.0043945780761075,fr,robinhood
supposer,0.0043592731584905,fr,robinhood
autour,0.0043592731584905,fr,robinhood
honneur,0.0043491515011349,fr,robinhood
hull,0.0043473580155318,fr,robinhood
douleur,0.0043384697346612,fr,robinhood
prdiction,0.0043285193247365,fr,robinhood
all,0.0043242564474967,fr,robinhood
dsole,0.0043242564474967,fr,robinhood
merveilleux,0.0043210262967268,fr,robinhood
joseph,0.0042997507229091,fr,robinhood
reviendra,0.0042967922640095,fr,robinhood
rappeler,0.0042895232757354,fr,robinhood
bataille,0.0042833549920221,fr,robinhood
canterbury,0.004273510209463,fr,robinhood
sceau,0.0042690657764358,fr,robinhood
poignarder,0.0042361186371213,fr,robinhood
avancez,0.0042360611345073,fr,robinhood
diamant,0.0042209837687901,fr,robinhood
service,0.0042007062632825,fr,robinhood
accepter,0.0042007062632825,fr,robinhood
durham,0.0041944016175862,fr,robinhood
rcompense,0.0041559599117322,fr,robinhood
pest,0.0041495479045517,fr,robinhood
derrir,0.0041434593289013,fr,robinhood
adorer,0.0041434593289013,fr,robinhood
courageux,0.0041356530957455,fr,robinhood
snobisme,0.0041285741396021,fr,robinhood
thesaurus,0.0041285741396021,fr,robinhood
hydromel,0.0041285741396021,fr,robinhood
enfer,0.004116361608373,fr,robinhood
bla,0.0041109488020756,fr,robinhood
ferme,0.0041101718351481,fr,robinhood
utile,0.0041101718351481,fr,robinhood
mission,0.0040832656326223,fr,robinhood
permettre,0.0040771560790683,fr,robinhood
intrt,0.0040771560790683,fr,robinhood
servir,0.0040771560790683,fr,robinhood
men,0.0040526720527738,fr,robinhood
invit,0.0040526720527738,fr,robinhood
drl,0.0040509621531814,fr,robinhood
ghislaine,0.0040507420527491,fr,robinhood
tomber,0.0040444076599791,fr,robinhood
chapelle,0.0040377041398995,fr,robinhood
ranon,0.0040190140577376,fr,robinhood
avance,0.0040178999552982,fr,robinhood
jasper,0.0040138747532673,fr,robinhood
tourte,0.0040138747532673,fr,robinhood
antidote,0.0039648429830708,fr,robinhood
situation,0.0039556635816029,fr,robinhood
rcuprer,0.0039556635816029,fr,robinhood
dcision,0.0039556635816029,fr,robinhood
joue,0.0039536058948541,fr,robinhood
byzantin,0.0039498146969653,fr,robinhood
bavire,0.0039498146969653,fr,robinhood
risquer,0.0039376201584357,fr,robinhood
sauf,0.0039230655752004,fr,robinhood
montr,0.0039218498521009,fr,robinhood
ecoute,0.0039166643865797,fr,robinhood
pain,0.0039159300814086,fr,robinhood
malik,0.0038988386873176,fr,robinhood
surveiller,0.0038923405816952,fr,robinhood
souci,0.0038923405816952,fr,robinhood
vole,0.0038843371940244,fr,robinhood
york,0.0038779261731071,fr,robinhood
amie,0.0038610705118058,fr,robinhood
vtement,0.0038590890078497,fr,robinhood
drle,0.0038590890078497,fr,robinhood
attrapez,0.0038544214979988,fr,robinhood
port,0.0038530226616881,fr,robinhood
maladie,0.0038530226616881,fr,robinhood
tatouage,0.0038515175315795,fr,robinhood
prvoit,0.0038445641864641,fr,robinhood
pied,0.0038300557106399,fr,robinhood
autant,0.0038300557106399,fr,robinhood
science,0.0038280620888961,fr,robinhood
habitude,0.0038280615305834,fr,robinhood
manire,0.0038280615305834,fr,robinhood
edmund,0.003814282536431,fr,robinhood
avouer,0.0038116750645507,fr,robinhood
charpentier,0.0038078762642532,fr,robinhood
archevqu,0.0038039382635904,fr,robinhood
papa,0.0037992920442227,fr,robinhood
mois,0.0037992920442227,fr,robinhood
marche,0.0037992920442227,fr,robinhood
pleurer,0.0037972937005216,fr,robinhood
valeur,0.0037912093396917,fr,robinhood
bouffon,0.0037908467255756,fr,robinhood
impt,0.0037772466480101,fr,robinhood
batrice,0.0037749614558276,fr,robinhood
gidden,0.003770222105567,fr,robinhood
ellingham,0.003770222105567,fr,robinhood
gweneth,0.003770222105567,fr,robinhood
legrand,0.003770222105567,fr,robinhood
bismallah,0.003770222105567,fr,robinhood
northumberland,0.003770222105567,fr,robinhood
prosim,0.003770222105567,fr,robinhood
giguer,0.003770222105567,fr,robinhood
joderic,0.003770222105567,fr,robinhood
dimnah,0.003770222105567,fr,robinhood
plerin,0.0037681893643064,fr,robinhood
remercier,0.0037667812080921,fr,robinhood
emmenez,0.0037536808697861,fr,robinhood
sud,0.0037503945321615,fr,robinhood
soucier,0.0037503945321615,fr,robinhood
peste,0.0037430844567889,fr,robinhood
chef,0.0037365198501347,fr,robinhood
laiss,0.0037365198501347,fr,robinhood
instrument,0.0037340309890362,fr,robinhood
autorit,0.0037230346753413,fr,robinhood
absence,0.0037164860576228,fr,robinhood
fte,0.003700459479564,fr,robinhood
pouse,0.0036862820115296,fr,robinhood
convoite,0.0036789861432088,fr,robinhood
prix,0.0036707172438375,fr,robinhood
inquite,0.0036707172438375,fr,robinhood
soin,0.0036707172438375,fr,robinhood
labour,0.003667753223641,fr,robinhood
sangsue,0.0036591992369449,fr,robinhood
emmener,0.003641221834489,fr,robinhood
imbcile,0.0036335372768566,fr,robinhood
immdiatement,0.0036324681251856,fr,robinhood
attaquer,0.0036164518702986,fr,robinhood
pens,0.0036119691884635,fr,robinhood
lit,0.0036119691884635,fr,robinhood
convoi,0.0036086087083045,fr,robinhood
brle,0.0036028645596542,fr,robinhood
respirer,0.0036018164073264,fr,robinhood
gauche,0.0036018164073264,fr,robinhood
tromper,0.0036018164073264,fr,robinhood
combat,0.0035973505743333,fr,robinhood
rufu,0.003590833233135,fr,robinhood
impie,0.0035906974141069,fr,robinhood
comt,0.003587445331034,fr,robinhood
vtre,0.003587296960882,fr,robinhood
espr,0.0035829553422116,fr,robinhood
cochon,0.0035760848747032,fr,robinhood
action,0.0035728574285445,fr,robinhood
contagion,0.0035620820306276,fr,robinhood
change,0.0035541764284664,fr,robinhood
taient,0.0035541764284664,fr,robinhood
broderie,0.0035522713783988,fr,robinhood
solution,0.0035297466266095,fr,robinhood
faveur,0.0035297466266095,fr,robinhood
retirer,0.0035297466266095,fr,robinhood
ressentir,0.003515662460886,fr,robinhood
signe,0.003515662460886,fr,robinhood
prparer,0.003515662460886,fr,robinhood
espre,0.0034874185267924,fr,robinhood
rvoltant,0.0034720646166421,fr,robinhood
poix,0.0034720646166421,fr,robinhood
pellete,0.0034720646166421,fr,robinhood
secourir,0.0034716752911253,fr,robinhood
excuter,0.0034674243528212,fr,robinhood
mourant,0.0034674243528212,fr,robinhood
risque,0.0034594051579974,fr,robinhood
protection,0.003458990936859,fr,robinhood
retard,0.0034452553775251,fr,robinhood
tmoigner,0.0034361324729582,fr,robinhood
rire,0.003431009507709,fr,robinhood
otage,0.0034272738376308,fr,robinhood
traduction,0.003425191901314,fr,robinhood
fer,0.003414571176118,fr,robinhood
trip,0.0034052782561344,fr,robinhood
position,0.0033990152700684,fr,robinhood
gloire,0.0033985169578413,fr,robinhood
punition,0.003376787015032,fr,robinhood
excellent,0.003371663145003,fr,robinhood
peine,0.0033628678651212,fr,robinhood
bouger,0.0033628678651212,fr,robinhood
repas,0.0033445438068031,fr,robinhood
sort,0.0033445438068031,fr,robinhood
attaqu,0.0033418706751707,fr,robinhood
visage,0.0033358549737832,fr,robinhood
expliquer,0.0033358549737832,fr,robinhood
rponse,0.0033358549737832,fr,robinhood
espce,0.0033176533265056,fr,robinhood
atteindre,0.0033176533265056,fr,robinhood
veu,0.0033090608127101,fr,robinhood
avis,0.0033090608127101,fr,robinhood
fabricant,0.0033088717973086,fr,robinhood
dsobi,0.0032947967989396,fr,robinhood
aiguille,0.0032865987179532,fr,robinhood
embuscade,0.003274207804,fr,robinhood
sale,0.0032645437136798,fr,robinhood
leicester,0.0032605185116489,fr,robinhood
dcoction,0.0032605185116489,fr,robinhood
meunier,0.0032605185116489,fr,robinhood
nonne,0.003244006529217,fr,robinhood
cens,0.0032419837932722,fr,robinhood
rti,0.0032402302717169,fr,robinhood
parfaire,0.00323831720345,fr,robinhood
faux,0.00323831720345,fr,robinhood
souris,0.0032366828169917,fr,robinhood
rserve,0.0032344737015721,fr,robinhood
attache,0.0032228772492841,fr,robinhood
bnisse,0.0032160961307936,fr,robinhood
librer,0.0032146238847098,fr,robinhood
train,0.003212304789569,fr,robinhood
cherche,0.003212304789569,fr,robinhood
benedict,0.0031917310347617,fr,robinhood
appel,0.003186503004832,fr,robinhood
visite,0.003186503004832,fr,robinhood
invincible,0.003173183691716,fr,robinhood
sage,0.0031705208124957,fr,robinhood
amenez,0.0031680486348827,fr,robinhood
excus,0.0031644114171013,fr,robinhood
information,0.0031644114171013,fr,robinhood
bain,0.0031630192735526,fr,robinhood
hasfred,0.0031418517546391,fr,robinhood
bailli,0.0031418517546391,fr,robinhood
chhut,0.0031418517546391,fr,robinhood
armée,0.0031418517546391,fr,robinhood
longthorn,0.0031418517546391,fr,robinhood
subwood,0.0031418517546391,fr,robinhood
chanoine,0.0031418517546391,fr,robinhood
sarah,0.0031389973638851,fr,robinhood
disparaître,0.0031389843400767,fr,robinhood
cou,0.0031375525569862,fr,robinhood
trace,0.0031375525569862,fr,robinhood
gagn,0.0031375525569862,fr,robinhood
oblig,0.0031375525569862,fr,robinhood
fouiller,0.0031310188030238,fr,robinhood
corde,0.0031273491272867,fr,robinhood
rempart,0.0031155351252981,fr,robinhood
tombe,0.0031137665417789,fr,robinhood
coutez,0.0031137665417789,fr,robinhood
surprise,0.0031137665417789,fr,robinhood
amne,0.0031137665417789,fr,robinhood
reprendre,0.0031137665417789,fr,robinhood
bout,0.0031137665417789,fr,robinhood
impressionner,0.0031123044415413,fr,robinhood
incroyable,0.0031123044415413,fr,robinhood
royal,0.0031103702142097,fr,robinhood
amiti,0.0031017398218091,fr,robinhood
allitration,0.0030964306047016,fr,robinhood
malcolm,0.0030939040849268,fr,robinhood
table,0.0030887546053548,fr,robinhood
gentil,0.0030887546053548,fr,robinhood
tir,0.0030872712062797,fr,robinhood
parton,0.0030652156068884,fr,robinhood
acheter,0.0030624492244667,fr,robinhood
sembler,0.0030624492244667,fr,robinhood
lever,0.0030624492244667,fr,robinhood
empoisonn,0.0030391083135288,fr,robinhood
cach,0.0030312268038212,fr,robinhood
viande,0.0030264062301095,fr,robinhood
empcher,0.0030134249664737,fr,robinhood
imaginer,0.0030134249664737,fr,robinhood
intrieur,0.0030134249664737,fr,robinhood
moiti,0.0030134249664737,fr,robinhood
blesser,0.0030068212004451,fr,robinhood
gard,0.0030068212004451,fr,robinhood
joie,0.0030017772003876,fr,robinhood
pler,0.0029948875507184,fr,robinhood
conscience,0.0029948875507184,fr,robinhood
rveill,0.0029948875507184,fr,robinhood
manque,0.0029892158801077,fr,robinhood
personnel,0.0029892158801077,fr,robinhood
tort,0.0029892158801077,fr,robinhood
intresser,0.0029892158801077,fr,robinhood
bienvenu,0.0029826250898104,fr,robinhood
bisou,0.0029731866740191,fr,robinhood
commettre,0.0029707055789997,fr,robinhood
tent,0.0029707055789997,fr,robinhood
aube,0.0029706972096539,fr,robinhood
cheminement,0.002962361022724,fr,robinhood
roy,0.0029614168780312,fr,robinhood
jai,0.0029614168780312,fr,robinhood
prpare,0.0029586349060181,fr,robinhood
mdicament,0.0029540379255325,fr,robinhood
rumeur,0.0029532151188267,fr,robinhood
cout,0.0029532151188267,fr,robinhood
chapper,0.0029532151188267,fr,robinhood
lion,0.002946865138867,fr,robinhood
aimez,0.002946865138867,fr,robinhood
hiver,0.0029451326835951,fr,robinhood
semaine,0.0029413873890757,fr,robinhood
poser,0.0029413873890757,fr,robinhood
vue,0.0029413873890757,fr,robinhood
fermer,0.0029348471734473,fr,robinhood
annonce,0.0029298884084401,fr,robinhood
libert,0.0029292734209197,fr,robinhood
irlande,0.0029245900585085,fr,robinhood
luk,0.0029144307523317,fr,robinhood
jurer,0.0029112585037332,fr,robinhood
excuse,0.0029112585037332,fr,robinhood
allier,0.0028994343340899,fr,robinhood
certainement,0.0028994343340899,fr,robinhood
ghislain,0.0028933871805351,fr,robinhood
accostage,0.0028933871805351,fr,robinhood
partager,0.0028878655928706,fr,robinhood
public,0.0028878655928706,fr,robinhood
spectacle,0.0028822916477233,fr,robinhood
veiller,0.0028822916477233,fr,robinhood
joindre,0.002876089843904,fr,robinhood
flau,0.0028734196754034,fr,robinhood
encercl,0.0028665004819394,fr,robinhood
pensai,0.002858756298413,fr,robinhood
remplir,0.0028529457380795,fr,robinhood
hrisson,0.0028490068063086,fr,robinhood
croisade,0.0028479664795146,fr,robinhood
premire,0.0028416542369264,fr,robinhood
clair,0.0028416542369264,fr,robinhood
cacher,0.0028416542369264,fr,robinhood
probablement,0.0028416542369264,fr,robinhood
derrire,0.0028416542369264,fr,robinhood
connai,0.0028416542369264,fr,robinhood
embrasser,0.0028356735072269,fr,robinhood
traire,0.0028299986057564,fr,robinhood
cuisine,0.0028299986057564,fr,robinhood
renfort,0.0028295063532594,fr,robinhood
excution,0.0028203099440779,fr,robinhood
crois,0.0028196557055724,fr,robinhood
couteau,0.0028127958991211,fr,robinhood
colre,0.0028072451224278,fr,robinhood
froid,0.0028072451224278,fr,robinhood
annie,0.002806463832,fr,robinhood
pardonnez,0.002806463832,fr,robinhood
mat,0.0027980022015928,fr,robinhood
affam,0.0027959503149683,fr,robinhood
fortune,0.0027937400531875,fr,robinhood
champ,0.0027901198584638,fr,robinhood
vraie,0.0027846820470491,fr,robinhood
tranquille,0.0027846820470491,fr,robinhood
rue,0.0027846820470491,fr,robinhood
sors,0.0027846820470491,fr,robinhood
eve,0.0027845136764342,fr,robinhood
babiole,0.0027845136764342,fr,robinhood
butin,0.0027773402329002,fr,robinhood
jambe,0.0027676418643585,fr,robinhood
vivant,0.0027623062192675,fr,robinhood
rencontrer,0.0027623062192675,fr,robinhood
belladone,0.0027508149177308,fr,robinhood
lpreux,0.0027508149177308,fr,robinhood
pendu,0.0027508149177308,fr,robinhood
suspecter,0.0027481205065546,fr,robinhood
survivre,0.0027453584873629,fr,robinhood
allgeance,0.0027443994277087,fr,robinhood
discuter,0.0027401145567654,fr,robinhood
russi,0.0027401145567654,fr,robinhood
sac,0.0027401145567654,fr,robinhood
dmon,0.0027246360950119,fr,robinhood
joe,0.0027246360950119,fr,robinhood
ecouter,0.0027246360950119,fr,robinhood
droite,0.0027232663863486,fr,robinhood
magnifique,0.0027232663863486,fr,robinhood
voix,0.0027232663863486,fr,robinhood
perdu,0.0027232663863486,fr,robinhood
reculer,0.0027232663863486,fr,robinhood
soeur,0.0027232663863486,fr,robinhood
mur,0.0027181040527122,fr,robinhood
asseoir,0.0027181040527122,fr,robinhood
marcher,0.0027181040527122,fr,robinhood
cours,0.0027181040527122,fr,robinhood
château,0.0027170987597074,fr,robinhood
cern,0.0027146321381953,fr,robinhood
prire,0.0027014296120256,fr,robinhood
bouge,0.0027013623054948,fr,robinhood
doucement,0.0027013623054948,fr,robinhood
forum,0.002693277714076,fr,robinhood
bouclier,0.0026850015852982,fr,robinhood
rapide,0.0026796430714084,fr,robinhood
lumire,0.0026796430714084,fr,robinhood
boniche,0.0026642035337991,fr,robinhood
bcasse,0.0026642035337991,fr,robinhood
signer,0.0026572570080608,fr,robinhood
attrape,0.0026502949998797,fr,robinhood
honte,0.002636899567596,fr,robinhood
spare,0.002636899567596,fr,robinhood
dcid,0.0026367468456645,fr,robinhood
inquiter,0.0026367468456645,fr,robinhood
exister,0.0026367468456645,fr,robinhood
plaie,0.0026334138367932,fr,robinhood
campement,0.0026323332175622,fr,robinhood
barricade,0.0026323332175622,fr,robinhood
contraindre,0.0026248830442367,fr,robinhood
tourne,0.0026155638950943,fr,robinhood
demi,0.0026155638950943,fr,robinhood
coupe,0.0026155638950943,fr,robinhood
oubli,0.0026155638950943,fr,robinhood
boulot,0.0026155638950943,fr,robinhood
excuser,0.0026146271308218,fr,robinhood
combine,0.0026137613926726,fr,robinhood
pleur,0.0026112562572425,fr,robinhood
signal,0.0026075672258588,fr,robinhood
parasite,0.0026015383397667,fr,robinhood
joli,0.002594553868498,fr,robinhood
pose,0.002594553868498,fr,robinhood
parti,0.0025935870346177,fr,robinhood
sûr,0.0025867270107835,fr,robinhood
potence,0.0025867270107835,fr,robinhood
prêt,0.0025867270107835,fr,robinhood
chuuut,0.0025803588372513,fr,robinhood
prtendait,0.0025803588372513,fr,robinhood
surrey,0.0025803588372513,fr,robinhood
cage,0.0025737555711067,fr,robinhood
content,0.0025737139654412,fr,robinhood
demand,0.0025737139654412,fr,robinhood
coucher,0.0025727260052331,fr,robinhood
titre,0.0025727260052331,fr,robinhood
vin,0.0025656093636815,fr,robinhood
colombe,0.0025631698315631,fr,robinhood
laisseriez,0.0025626197325086,fr,robinhood
accorder,0.0025520413925974,fr,robinhood
amuser,0.0025520410203889,fr,robinhood
surprendre,0.0025520410203889,fr,robinhood
convaincre,0.0025520410203889,fr,robinhood
voyage,0.0025520410203889,fr,robinhood
trne,0.0025458952134919,fr,robinhood
honnt,0.0025449105753953,fr,robinhood
installer,0.0025449105753953,fr,robinhood
poursuivre,0.002531529133681,fr,robinhood
sentiment,0.002531529133681,fr,robinhood
attirer,0.002531529133681,fr,robinhood
proc,0.0025313272447086,fr,robinhood
episode,0.0025271757990454,fr,robinhood
oser,0.002525047872699,fr,robinhood
manqu,0.0025243941576577,fr,robinhood
jure,0.0025243941576577,fr,robinhood
lacey,0.0025166409705517,fr,robinhood
couvreur,0.0025166409705517,fr,robinhood
kalimnah,0.0025134814037113,fr,robinhood
davida,0.0025134814037113,fr,robinhood
nothingham,0.0025134814037113,fr,robinhood
safiyya,0.0025134814037113,fr,robinhood
treeton,0.0025134814037113,fr,robinhood
alinor,0.0025134814037113,fr,robinhood
macmurrough,0.0025134814037113,fr,robinhood
hottage,0.0025134814037113,fr,robinhood
antioche,0.0025134814037113,fr,robinhood
guerroyer,0.0025134814037113,fr,robinhood
resynchronis,0.0025134814037113,fr,robinhood
saladin,0.0025134814037113,fr,robinhood
gizzy,0.0025134814037113,fr,robinhood
mooch,0.0025134814037113,fr,robinhood
hathersage,0.0025134814037113,fr,robinhood
forêt,0.0025134814037113,fr,robinhood
vasey,0.0025134814037113,fr,robinhood
bondchett,0.0025134814037113,fr,robinhood
emblme,0.0025121262428709,fr,robinhood
rat,0.0025111874720614,fr,robinhood
rencontre,0.0025111874720614,fr,robinhood
prte,0.0025111874720614,fr,robinhood
obtenir,0.0025111874720614,fr,robinhood
couvert,0.0025108057893597,fr,robinhood
got,0.0025040569248958,fr,robinhood
chrtien,0.0024953896378592,fr,robinhood
prfre,0.0024910132334231,fr,robinhood
trouve,0.0024910132334231,fr,robinhood
dtruit,0.0024904734745384,fr,robinhood
grandir,0.0024904734745384,fr,robinhood
chapp,0.002490405147174,fr,robinhood
pigs,0.002490100882374,fr,robinhood
redevable,0.0024893539926908,fr,robinhood
sergent,0.0024816512304698,fr,robinhood
lgitim,0.0024816512304698,fr,robinhood
hier,0.0024710036842838,fr,robinhood
recherche,0.0024710036842838,fr,robinhood
travers,0.0024710036842838,fr,robinhood
aise,0.0024703268455505,fr,robinhood
cote,0.0024700783251262,fr,robinhood
carquois,0.0024686341856033,fr,robinhood
marchand,0.0024665692812453,fr,robinhood
proposition,0.0024627910588043,fr,robinhood
lpre,0.0024526574288059,fr,robinhood
prtendrer,0.0024526574288059,fr,robinhood
bou,0.0024526574288059,fr,robinhood
reine,0.0024499479005648,fr,robinhood
horrible,0.0024440897049715,fr,robinhood
serf,0.0024394661579633,fr,robinhood
souhaiter,0.0024244389693695,fr,robinhood
reconnaître,0.0024244389693695,fr,robinhood
capturer,0.0024206063625756,fr,robinhood
acte,0.0024109679135324,fr,robinhood
chre,0.0024102613152309,fr,robinhood
racont,0.002404952676997,fr,robinhood
ramne,0.002404952676997,fr,robinhood
morceau,0.002404952676997,fr,robinhood
nation,0.0023981525875813,fr,robinhood
mohammed,0.0023937982760713,fr,robinhood
marque,0.0023915313072547,fr,robinhood
mriter,0.0023906979533359,fr,robinhood
artiste,0.0023871068133386,fr,robinhood
montre,0.0023856280984583,fr,robinhood
frappez,0.0023789057898424,fr,robinhood
alchimiste,0.0023741723385905,fr,robinhood
lady,0.0023725015108018,fr,robinhood
lve,0.0023722644551644,fr,robinhood
condition,0.0023722644551644,fr,robinhood
chrir,0.002371821237254,fr,robinhood
apprcier,0.0023713165788398,fr,robinhood
viter,0.0023664625717519,fr,robinhood
sujet,0.0023664625717519,fr,robinhood
ruse,0.0023542480229138,fr,robinhood
poignard,0.0023523978343132,fr,robinhood
robe,0.0023521138370641,fr,robinhood
samedi,0.0023475705128237,fr,robinhood
courant,0.0023474535000696,fr,robinhood
nigaud,0.0023393032123905,fr,robinhood
nest,0.00233871986,fr,robinhood
dgager,0.0023330864652421,fr,robinhood
doute,0.0023285983496849,fr,robinhood
tat,0.0023285983496849,fr,robinhood
rivire,0.0023281167109896,fr,robinhood
boue,0.0023238465698927,fr,robinhood
pauvret,0.0023237432821922,fr,robinhood
mignon,0.0023154534047098,fr,robinhood
mauver,0.0023154534047098,fr,robinhood
concerner,0.0023154534047098,fr,robinhood
lavandire,0.002314709744428,fr,robinhood
trbuchet,0.002314709744428,fr,robinhood
semblez,0.002314709744428,fr,robinhood
brooker,0.002314709744428,fr,robinhood
impit,0.002314709744428,fr,robinhood
reste,0.0023142312891915,fr,robinhood
lais,0.0023142312891915,fr,robinhood
rassembler,0.0023142312891915,fr,robinhood
grce,0.0023142312891915,fr,robinhood
serveuse,0.0023116162352141,fr,robinhood
gagne,0.0023058333181787,fr,robinhood
laid,0.0023045138672325,fr,robinhood
courez,0.0023032915653669,fr,robinhood
commun,0.00229683691835,fr,robinhood
brl,0.0022898160106902,fr,robinhood
forgeron,0.0022885695218586,fr,robinhood
chateau,0.0022885695218586,fr,robinhood
bouche,0.0022783762203129,fr,robinhood
cache,0.0022783762203129,fr,robinhood
compagnie,0.0022783762203129,fr,robinhood
prsenter,0.0022783762203129,fr,robinhood
suspicion,0.0022783731836117,fr,robinhood
seth,0.0022783731836117,fr,robinhood
rentrez,0.0022783731836117,fr,robinhood
armer,0.0022783731836117,fr,robinhood
coupable,0.0022770252516695,fr,robinhood
tenter,0.0022770252516695,fr,robinhood
compassion,0.0022717096309118,fr,robinhood
gladiateur,0.0022667794740357,fr,robinhood
souverain,0.0022667794740357,fr,robinhood
prvu,0.0022600687248552,fr,robinhood
disai,0.0022600687248552,fr,robinhood
anneau,0.0022498997522028,fr,robinhood
ordonner,0.0022498997522028,fr,robinhood
cachette,0.0022498997522028,fr,robinhood
faiblesse,0.002246718560088,fr,robinhood
nul,0.0022419119100808,fr,robinhood
damoiseau,0.0022411113238127,fr,robinhood
charte,0.0022411113238127,fr,robinhood
regretter,0.0022404719854331,fr,robinhood
faillir,0.0022404719854331,fr,robinhood
direction,0.0022404719854331,fr,robinhood
dent,0.0022404719854331,fr,robinhood
alli,0.0022397909159569,fr,robinhood
paradis,0.0022338208052047,fr,robinhood
domaine,0.0022338208052047,fr,robinhood
ours,0.0022328479115756,fr,robinhood
soutenir,0.0022318273683198,fr,robinhood
millier,0.0022318273683198,fr,robinhood
foi,0.0022318273683198,fr,robinhood
taverne,0.0022317580949044,fr,robinhood
cuire,0.0022298900055143,fr,robinhood
connatre,0.0022239033158554,fr,robinhood
pareil,0.0022239033158554,fr,robinhood
sortie,0.0022239033158554,fr,robinhood
conduire,0.0022239033158554,fr,robinhood
projet,0.0022224330611985,fr,robinhood
aujourdhui,0.0022206822820335,fr,robinhood
efficace,0.0022155284441493,fr,robinhood
restez,0.0022155284441493,fr,robinhood
politique,0.0022137541995897,fr,robinhood
intention,0.0022137541995897,fr,robinhood
interdire,0.0022137541995897,fr,robinhood
suprieure,0.0022101488541502,fr,robinhood
bijou,0.0022094168886116,fr,robinhood
ngocier,0.0022094168886116,fr,robinhood
retourne,0.0022060405418067,fr,robinhood
dcider,0.0022045489794251,fr,robinhood
changement,0.0022045489794251,fr,robinhood
ennui,0.0022045489794251,fr,robinhood
occasion,0.0022045489794251,fr,robinhood
esclave,0.0021983065386162,fr,robinhood
altesse,0.002198110462512,fr,robinhood
charmant,0.00219741630633,fr,robinhood
luc,0.0021965311992931,fr,robinhood
tchin,0.0021965311992931,fr,robinhood
courage,0.0021958460849337,fr,robinhood
attrap,0.0021958460849337,fr,robinhood
dbarrasser,0.0021958460849337,fr,robinhood
inform,0.0021949115597708,fr,robinhood
encercler,0.0021930617946172,fr,robinhood
affame,0.0021930617946172,fr,robinhood
blessure,0.0021868171044481,fr,robinhood
fier,0.0021868171044481,fr,robinhood
tranger,0.0021781000368861,fr,robinhood
transporter,0.0021762768268458,fr,robinhood
sussex,0.0021736790077659,fr,robinhood
lei,0.0021736790077659,fr,robinhood
tapote,0.0021736790077659,fr,robinhood
rendron,0.0021736790077659,fr,robinhood
fripouille,0.0021736790077659,fr,robinhood
darger,0.0021736790077659,fr,robinhood
meurtre,0.0021692348673306,fr,robinhood
orient,0.0021661981289003,fr,robinhood
tang,0.0021661981289003,fr,robinhood
prier,0.0021617187357925,fr,robinhood
voleur,0.0021617187357925,fr,robinhood
trahi,0.002158060687671,fr,robinhood
escorte,0.0021568195552744,fr,robinhood
retiendrai,0.0021556058423196,fr,robinhood
sourir,0.0021524671986204,fr,robinhood
allemand,0.0021524671986204,fr,robinhood
captur,0.0021524671986204,fr,robinhood
emparer,0.00213586899248,fr,robinhood
gmir,0.0021345328882179,fr,robinhood
sorcellerie,0.0021345328882179,fr,robinhood
triste,0.0021345093512522,fr,robinhood
vide,0.0021345093512522,fr,robinhood
bible,0.002133731993735,fr,robinhood
recoudre,0.0021271318696983,fr,robinhood
mineur,0.0021216457090095,fr,robinhood
battu,0.0021195634114996,fr,robinhood
john,0.0021195634114996,fr,robinhood
compter,0.0021173612484096,fr,robinhood
parier,0.0021173612484096,fr,robinhood
boire,0.0021173612484096,fr,robinhood
sauvez,0.002115270556704,fr,robinhood
comptition,0.0021152324580584,fr,robinhood
animal,0.0021086795157017,fr,robinhood
traiter,0.0021086795157017,fr,robinhood
prvisible,0.0021044278815965,fr,robinhood
visiteur,0.0021038438310446,fr,robinhood
esprer,0.0021003531316412,fr,robinhood
arrt,0.0021003531316412,fr,robinhood
veuve,0.0020998587334745,fr,robinhood
chanson,0.0020923381577998,fr,robinhood
prvenir,0.0020923381577998,fr,robinhood
pousser,0.0020917017046574,fr,robinhood
face,0.0020834827339286,fr,robinhood
salut,0.0020834827339286,fr,robinhood
mourra,0.0020830051746752,fr,robinhood
euphmisme,0.0020830051746752,fr,robinhood
musulman,0.0020770234168654,fr,robinhood
collecteur,0.0020770234168654,fr,robinhood
effusion,0.0020753435825972,fr,robinhood
rve,0.0020748696276942,fr,robinhood
meurt,0.0020688259048934,fr,robinhood
dpche,0.0020678265478727,fr,robinhood
haillon,0.002064287069801,fr,robinhood
alaikum,0.002064287069801,fr,robinhood
abbay,0.002064287069801,fr,robinhood
aleikum,0.002064287069801,fr,robinhood
dominu,0.002064287069801,fr,robinhood
chanceux,0.0020586057046254,fr,robinhood
ombre,0.0020586057046254,fr,robinhood
white,0.0020554744010378,fr,robinhood
fat,0.0020554744010378,fr,robinhood
rance,0.0020438811906716,fr,robinhood
avenir,0.0020419687845807,fr,robinhood
prudent,0.0020416328163111,fr,robinhood
ridicule,0.0020416328163111,fr,robinhood
batifoler,0.0020411457234656,fr,robinhood
sorcir,0.0020405760871758,fr,robinhood
prfrer,0.0020341821501039,fr,robinhood
fatal,0.002025969782971,fr,robinhood
soigner,0.0020254810765907,fr,robinhood
lire,0.0020252233069448,fr,robinhood
blagu,0.0020252233069448,fr,robinhood
dcouvert,0.0020252233069448,fr,robinhood
lentement,0.0020177011495243,fr,robinhood
dfendre,0.0020176041534063,fr,robinhood
soulever,0.002017171968813,fr,robinhood
ravir,0.0020091399279436,fr,robinhood
retenir,0.0020089499776491,fr,robinhood
nez,0.0020089499776491,fr,robinhood
groupe,0.0020089499776491,fr,robinhood
sre,0.0020089499776491,fr,robinhood
condamner,0.0020088709170884,fr,robinhood
tche,0.0020011848002584,fr,robinhood
promesse,0.0020011848002584,fr,robinhood
clbron,0.0019948318967261,fr,robinhood
vque,0.0019948318967261,fr,robinhood
ciel,0.0019929427560456,fr,robinhood
tire,0.0019928105867385,fr,robinhood
premir,0.0019928105867385,fr,robinhood
verre,0.0019928105867385,fr,robinhood
humilier,0.0019904904751881,fr,robinhood
laver,0.0019849210831313,fr,robinhood
baiser,0.0019849210831313,fr,robinhood
cruel,0.0019845072092649,fr,robinhood
enterrer,0.0019845072092649,fr,robinhood
prive,0.0019768870459704,fr,robinhood
ravi,0.0019768870459704,fr,robinhood
patient,0.0019768870459704,fr,robinhood
regard,0.001976802947427,fr,robinhood
band,0.0019750603775949,fr,robinhood
paenn,0.0019749073484826,fr,robinhood
scribe,0.0019749073484826,fr,robinhood
blek,0.0019749073484826,fr,robinhood
libérer,0.0019749073484826,fr,robinhood
forestier,0.0019742499131716,fr,robinhood
sauvon,0.0019742499131716,fr,robinhood
clbrer,0.0019730949320687,fr,robinhood
gratter,0.0019730949320687,fr,robinhood
laisson,0.001968166024964,fr,robinhood
auberge,0.0019679655396042,fr,robinhood
utilis,0.0019609703481163,fr,robinhood
menteur,0.0019609703481163,fr,robinhood
reposer,0.0019609703481163,fr,robinhood
aim,0.0019609703481163,fr,robinhood
ncessair,0.0019609703481163,fr,robinhood
quartier,0.0019609703481163,fr,robinhood
carte,0.0019609249260504,fr,robinhood
sauvage,0.0019584421929319,fr,robinhood
requte,0.0019559209942571,fr,robinhood
mortel,0.0019528489472798,fr,robinhood
injustice,0.0019527284256714,fr,robinhood
leveur,0.0019494193436588,fr,robinhood
dcemment,0.0019494193436588,fr,robinhood
prfr,0.0019451902759633,fr,robinhood
diffrer,0.0019451902759633,fr,robinhood
gurisseur,0.0019430969967793,fr,robinhood
finn,0.0019429538348878,fr,robinhood
galant,0.0019429538348878,fr,robinhood
issue,0.001942009690195,fr,robinhood
prcieux,0.001942009690195,fr,robinhood
imposteur,0.0019411375997469,fr,robinhood
diversion,0.0019389630865535,fr,robinhood
dette,0.0019359780311774,fr,robinhood
rang,0.0019359780311774,fr,robinhood
suppo,0.0019359780311774,fr,robinhood
chaleur,0.0019359780311774,fr,robinhood
dsir,0.0019359780311774,fr,robinhood
daniel,0.0019263468626784,fr,robinhood
traquer,0.0019257587657897,fr,robinhood
coffre,0.001921365324317,fr,robinhood
meur,0.0019201246515961,fr,robinhood
touch,0.0019140307652917,fr,robinhood
midi,0.0019140307652917,fr,robinhood
appartenir,0.0019140307652917,fr,robinhood
arranger,0.0019140307652917,fr,robinhood
meg,0.0019129355099181,fr,robinhood
glorieuse,0.0019129355099181,fr,robinhood
pape,0.0019110003212929,fr,robinhood
fromage,0.0019096854506709,fr,robinhood
gout,0.0019089624849768,fr,robinhood
sir,0.0019071412682155,fr,robinhood
insister,0.001904427465486,fr,robinhood
prpar,0.001904427465486,fr,robinhood
entrain,0.0019037435010336,fr,robinhood
dfier,0.0019037435010336,fr,robinhood
nourri,0.0018993378708724,fr,robinhood
commercer,0.0018993378708724,fr,robinhood
dommage,0.0018986468502608,fr,robinhood
drouter,0.0018907838841763,fr,robinhood
marie,0.0018904490048179,fr,robinhood
bndiction,0.0018893328482563,fr,robinhood
sain,0.0018888834250965,fr,robinhood
ange,0.0018888834250965,fr,robinhood
abeille,0.0018855113459175,fr,robinhood
conta,0.0018851110527835,fr,robinhood
passu,0.0018851110527835,fr,robinhood
pontio,0.0018851110527835,fr,robinhood
confirmera,0.0018851110527835,fr,robinhood
crucifixus,0.0018851110527835,fr,robinhood
jesum,0.0018851110527835,fr,robinhood
ncromancienn,0.0018851110527835,fr,robinhood
innaudible,0.0018851110527835,fr,robinhood
terrae,0.0018851110527835,fr,robinhood
tumulus,0.0018851110527835,fr,robinhood
exausse,0.0018851110527835,fr,robinhood
emperruqu,0.0018851110527835,fr,robinhood
pestifrs,0.0018851110527835,fr,robinhood
lewer,0.0018851110527835,fr,robinhood
birkley,0.0018851110527835,fr,robinhood
chtelain,0.0018851110527835,fr,robinhood
filium,0.0018851110527835,fr,robinhood
unicum,0.0018851110527835,fr,robinhood
cuyer,0.0018851110527835,fr,robinhood
edouard,0.0018851110527835,fr,robinhood
barnab,0.0018851110527835,fr,robinhood
rotherham,0.0018851110527835,fr,robinhood
exeunt,0.0018851110527835,fr,robinhood
creatorem,0.0018851110527835,fr,robinhood
pleutre,0.0018851110527835,fr,robinhood
alourdi,0.0018851110527835,fr,robinhood
asticot,0.0018840946821532,fr,robinhood
noblesse,0.0018840946821532,fr,robinhood
ancien,0.001883390604046,fr,robinhood
super,0.001883390604046,fr,robinhood
salle,0.001883390604046,fr,robinhood
dfi,0.001878056410259,fr,robinhood
crier,0.0018751972660807,fr,robinhood
collect,0.0018725445494714,fr,robinhood
foster,0.0018725445494714,fr,robinhood
rbellion,0.0018725445494714,fr,robinhood
laissez,0.0018725445494714,fr,robinhood
honor,0.0018675756617805,fr,robinhood
rapidement,0.0018600799056425,fr,robinhood
prtre,0.0018572328582676,fr,robinhood
jess,0.0018563424509561,fr,robinhood
surestimer,0.0018563424509561,fr,robinhood
srement,0.0018532527632128,fr,robinhood
vrifier,0.0018532527632128,fr,robinhood
festival,0.0018515601552668,fr,robinhood
apporte,0.0018470932941032,fr,robinhood
facilemer,0.0018470932941032,fr,robinhood
magie,0.0018470932941032,fr,robinhood
menti,0.001845094576239,fr,robinhood
approcher,0.001845094576239,fr,robinhood
pourrir,0.0018431410057648,fr,robinhood
salet,0.0018417907117918,fr,robinhood
accuson,0.0018338766118205,fr,robinhood
bourgogne,0.0018338766118205,fr,robinhood
messire,0.0018338766118205,fr,robinhood
minois,0.0018338766118205,fr,robinhood
crieur,0.0018338766118205,fr,robinhood
accoucher,0.0018325562039647,fr,robinhood
noyer,0.0018318528085522,fr,robinhood
mmoire,0.0018302389915753,fr,robinhood
revien,0.0018302389915753,fr,robinhood
gibier,0.0018295996184724,fr,robinhood
andouille,0.0018285397934385,fr,robinhood
fuite,0.0018281807878451,fr,robinhood
adieu,0.0018281807878451,fr,robinhood
mesure,0.0018281807878451,fr,robinhood
contrat,0.0018281807878451,fr,robinhood
talent,0.0018281807878451,fr,robinhood
auparavant,0.0018258794477729,fr,robinhood
surprenant,0.0018167686384283,fr,robinhood
rgler,0.0018155109242324,fr,robinhood
chvre,0.0018154547719317,fr,robinhood
charmante,0.001813845410823,fr,robinhood
leurre,0.001813845410823,fr,robinhood
tolrer,0.001813845410823,fr,robinhood
suffire,0.0018133597367598,fr,robinhood
leon,0.0018133597367598,fr,robinhood
rel,0.0018133597367598,fr,robinhood
volont,0.0018018376097315,fr,robinhood
malheureux,0.0018018376097315,fr,robinhood
dsert,0.0018018376097315,fr,robinhood
dner,0.0018009082036632,fr,robinhood
quipe,0.0018009082036632,fr,robinhood
diffrente,0.0018009082036632,fr,robinhood
abandonn,0.0018009082036632,fr,robinhood
membre,0.0018009082036632,fr,robinhood
rose,0.0017986752871666,fr,robinhood
fera,0.0017986752871666,fr,robinhood
apaiser,0.001798614440686,fr,robinhood
trve,0.0017955184760507,fr,robinhood
lun,0.0017955184760507,fr,robinhood
problème,0.0017954166165675,fr,robinhood
tortur,0.001793722665517,fr,robinhood
dos,0.0017864287142722,fr,robinhood
vivr,0.0017841249440087,fr,robinhood
misrabl,0.0017820273571215,fr,robinhood
brave,0.0017801755493454,fr,robinhood
relever,0.0017801755493454,fr,robinhood
huissier,0.0017788659279405,fr,robinhood
apposer,0.0017761356891994,fr,robinhood
ricoch,0.0017761356891994,fr,robinhood
balancer,0.0017724227553195,fr,robinhood
dernir,0.0017720703935767,fr,robinhood
ailleurs,0.0017720703935767,fr,robinhood
refuser,0.0017720703935767,fr,robinhood
rattraper,0.0017697062799699,fr,robinhood
dtruire,0.0017697062799699,fr,robinhood
mener,0.0017697062799699,fr,robinhood
complot,0.0017656860171853,fr,robinhood
boucher,0.0017656860171853,fr,robinhood
manche,0.0017652788686406,fr,robinhood
supplie,0.0017652788686406,fr,robinhood
surpris,0.0017652788686406,fr,robinhood
fter,0.001757933045064,fr,robinhood
joueur,0.001757933045064,fr,robinhood
ser,0.001757831230443,fr,robinhood
bizarre,0.001757831230443,fr,robinhood
aid,0.0017554169330452,fr,robinhood
paître,0.0017547540351051,fr,robinhood
dsquilibre,0.0017547540351051,fr,robinhood
sacrifier,0.0017505449964483,fr,robinhood
dtruite,0.0017474689468552,fr,robinhood
propager,0.0017467727465015,fr,robinhood
court,0.0017437092633962,fr,robinhood
vir,0.0017435847000891,fr,robinhood
nostrum,0.001736032308321,fr,robinhood
pitinerai,0.001736032308321,fr,robinhood
viendron,0.001736032308321,fr,robinhood
ecclesiam,0.001736032308321,fr,robinhood
christum,0.001736032308321,fr,robinhood
benedicta,0.001736032308321,fr,robinhood
plener,0.001736032308321,fr,robinhood
tecum,0.001736032308321,fr,robinhood
gratia,0.001736032308321,fr,robinhood
côte,0.001736032308321,fr,robinhood
sanctam,0.001736032308321,fr,robinhood
brancardier,0.001736032308321,fr,robinhood
catholicam,0.001736032308321,fr,robinhood
omnipotentis,0.001736032308321,fr,robinhood
pilato,0.001736032308321,fr,robinhood
emue,0.001736032308321,fr,robinhood
torturer,0.0017359704124805,fr,robinhood
traduire,0.00173243099035,fr,robinhood
empoisonne,0.0017314077298946,fr,robinhood
ptale,0.0017314077298946,fr,robinhood
vertueux,0.0017314077298946,fr,robinhood
plerinage,0.0017308528473878,fr,robinhood
alic,0.0017308528473878,fr,robinhood
parle,0.0017297025789987,fr,robinhood
ouest,0.001729374988634,fr,robinhood
danser,0.001729374988634,fr,robinhood
ner,0.0017274931788515,fr,robinhood
tonneau,0.0017274931788515,fr,robinhood
divertissement,0.0017254556442195,fr,robinhood
persan,0.0017244846738556,fr,robinhood
karim,0.0017244846738556,fr,robinhood
solstice,0.0017244846738556,fr,robinhood
selle,0.0017180662364791,fr,robinhood
second,0.0017158093102941,fr,robinhood
bienvenue,0.0017133021065076,fr,robinhood
horreur,0.001707285588059,fr,robinhood
dtache,0.0017026391280672,fr,robinhood
destin,0.0017013609283983,fr,robinhood
proprit,0.0017013609283983,fr,robinhood
essaye,0.0016995076350342,fr,robinhood
glis,0.0016931688529279,fr,robinhood
dtermin,0.0016922164453632,fr,robinhood
ingrdient,0.0016922164453632,fr,robinhood
sorcier,0.0016901870988888,fr,robinhood
abattre,0.0016875514964724,fr,robinhood
inspirer,0.0016874248141521,fr,robinhood
pitiner,0.001686827605375,fr,robinhood
curie,0.001686827605375,fr,robinhood
rouge,0.0016858315725015,fr,robinhood
trange,0.0016858315725015,fr,robinhood
tmoin,0.0016858315725015,fr,robinhood
gurir,0.0016791984078395,fr,robinhood
meurtrier,0.0016791984078395,fr,robinhood
laquais,0.0016777606470345,fr,robinhood
minerai,0.0016777606470345,fr,robinhood
lesprit,0.0016777606470345,fr,robinhood
cellier,0.0016777606470345,fr,robinhood
damner,0.0016724478138613,fr,robinhood
marchandise,0.0016724175041357,fr,robinhood
attaque,0.0016722719034015,fr,robinhood
vidence,0.0016653712518926,fr,robinhood
ressemble,0.0016653712518926,fr,robinhood
mange,0.0016603156496923,fr,robinhood
frais,0.0016603156496923,fr,robinhood
inutile,0.0016588266632528,fr,robinhood
priv,0.0016588266632528,fr,robinhood
principe,0.0016516844755872,fr,robinhood
blesse,0.0016468845637003,fr,robinhood
fragile,0.0016458836479957,fr,robinhood
occupe,0.0016454939368926,fr,robinhood
bruit,0.0016454939368926,fr,robinhood
financer,0.0016443795208302,fr,robinhood
champignon,0.0016443795208302,fr,robinhood
cambrioler,0.001637103902,fr,robinhood
jener,0.0016351049525372,fr,robinhood
bin,0.0016351049525372,fr,robinhood
spcial,0.0016322718568399,fr,robinhood
admettre,0.0016322718568399,fr,robinhood
millimètre,0.0016320351607765,fr,robinhood
repousser,0.0016320351607765,fr,robinhood
chaîne,0.0016302592558244,fr,robinhood
charpenterie,0.0016302592558244,fr,robinhood
amanite,0.0016302592558244,fr,robinhood
dloyaut,0.0016302592558244,fr,robinhood
mticuleuse,0.0016302592558244,fr,robinhood
compati,0.0016302592558244,fr,robinhood
caeli,0.0016302592558244,fr,robinhood
accusatier,0.0016302592558244,fr,robinhood
oeuf,0.0016247208590428,fr,robinhood
effray,0.0016247208590428,fr,robinhood
grc,0.0016203848612725,fr,robinhood
raliser,0.0016203848612725,fr,robinhood
aidera,0.0016201151358584,fr,robinhood
tourner,0.001619158601725,fr,robinhood
torture,0.0016183414084958,fr,robinhood
adaptation,0.0016137375750504,fr,robinhood
tue,0.001611438624642,fr,robinhood
don,0.0016073119423549,fr,robinhood
monter,0.0016061523947845,fr,robinhood
rgle,0.0016061523947845,fr,robinhood
coin,0.0016061523947845,fr,robinhood
indemne,0.0016034562696076,fr,robinhood
allure,0.0016034562696076,fr,robinhood
domicil,0.0016034562696076,fr,robinhood
uvre,0.0016002989953012,fr,robinhood
secrte,0.0016002989953012,fr,robinhood
connaitre,0.0015987683917209,fr,robinhood
habit,0.0015982859750816,fr,robinhood
affronter,0.0015982859750816,fr,robinhood
qualit,0.0015982859750816,fr,robinhood
pouilleux,0.0015958655173808,fr,robinhood
barbarie,0.0015958655173808,fr,robinhood
charnire,0.0015958655173808,fr,robinhood
attachs,0.0015958655173808,fr,robinhood
coinc,0.0015943542048364,fr,robinhood
bote,0.0015943542048364,fr,robinhood
intelliger,0.0015943542048364,fr,robinhood
dloyal,0.0015941129249317,fr,robinhood
narine,0.0015941129249317,fr,robinhood
dfie,0.0015871147344701,fr,robinhood
contribution,0.0015871147344701,fr,robinhood
valide,0.0015871147344701,fr,robinhood
disparaitre,0.0015859371932283,fr,robinhood
lame,0.0015840243174413,fr,robinhood
discussion,0.0015815096367763,fr,robinhood
tonner,0.0015815096367763,fr,robinhood
commencez,0.0015781549204368,fr,robinhood
souffrance,0.0015781549204368,fr,robinhood
bourse,0.0015727220521697,fr,robinhood
suggre,0.0015723594859173,fr,robinhood
tromp,0.0015723594859173,fr,robinhood
humeur,0.0015723594859173,fr,robinhood
cesser,0.0015723594859173,fr,robinhood
excut,0.0015710786665443,fr,robinhood
escroc,0.0015694986819425,fr,robinhood
repartir,0.0015687762784931,fr,robinhood
crer,0.0015687762784931,fr,robinhood
dison,0.0015687762784931,fr,robinhood
commence,0.0015687762784931,fr,robinhood
calmer,0.0015687762784931,fr,robinhood
jolie,0.0015687762784931,fr,robinhood
malle,0.0015673198229473,fr,robinhood
alchimie,0.0015673198229473,fr,robinhood
incomptence,0.0015673198229473,fr,robinhood
calmement,0.0015673198229473,fr,robinhood
possde,0.0015595808510317,fr,robinhood
repos,0.0015595808510317,fr,robinhood
moque,0.0015595808510317,fr,robinhood
gelier,0.001559535474927,fr,robinhood
traqus,0.001559535474927,fr,robinhood
cortg,0.001559535474927,fr,robinhood
blablabler,0.001559535474927,fr,robinhood
caution,0.001559187891315,fr,robinhood
fch,0.001559187891315,fr,robinhood
retourn,0.0015561522207706,fr,robinhood
dgt,0.0015520778073264,fr,robinhood
flamme,0.0015520778073264,fr,robinhood
outil,0.0015520778073264,fr,robinhood
exiger,0.0015520778073264,fr,robinhood
partisan,0.0015491621881281,fr,robinhood
intimids,0.0015482153023508,fr,robinhood
dener,0.0015482153023508,fr,robinhood
lourdaud,0.0015482153023508,fr,robinhood
dicky,0.0015482153023508,fr,robinhood
alchimique,0.0015482153023508,fr,robinhood
pourrissant,0.0015482153023508,fr,robinhood
pacifiste,0.0015469520424634,fr,robinhood
prvenu,0.0015469222050997,fr,robinhood
liquide,0.0015469222050997,fr,robinhood
entrez,0.0015469222050997,fr,robinhood
matresse,0.0015458177849369,fr,robinhood
fil,0.0015436356031398,fr,robinhood
emmne,0.0015436356031398,fr,robinhood
reu,0.0015436356031398,fr,robinhood
teindre,0.0015436356031398,fr,robinhood
oreille,0.0015436356031398,fr,robinhood
grain,0.0015410774901427,fr,robinhood
feron,0.0015398786953134,fr,robinhood
cadavre,0.0015343813157198,fr,robinhood
suggrer,0.0015326078034442,fr,robinhood
ruth,0.0015314421295475,fr,robinhood
moulin,0.0015314421295475,fr,robinhood
vermine,0.0015314421295475,fr,robinhood
plupart,0.0015312246122333,fr,robinhood
calme,0.0015312246122333,fr,robinhood
rend,0.0015312246122333,fr,robinhood
accompagner,0.0015312246122333,fr,robinhood
empoisonner,0.0015271699879814,fr,robinhood
fine,0.0015271699879814,fr,robinhood
pourer,0.0015257130145724,fr,robinhood
rcompenserer,0.0015257130145724,fr,robinhood
adage,0.0015257130145724,fr,robinhood
occupon,0.001524666348727,fr,robinhood
baisse,0.0015219560122179,fr,robinhood
confier,0.0015219560122179,fr,robinhood
mtal,0.0015195541567644,fr,robinhood
mets,0.0015189174802086,fr,robinhood
diriger,0.0015189174802086,fr,robinhood
avancer,0.0015189174802086,fr,robinhood
allai,0.0015189174802086,fr,robinhood
btail,0.0015141390524623,fr,robinhood
accueillir,0.0015139738653569,fr,robinhood
rebelle,0.0015134570027264,fr,robinhood
saignement,0.0015097736886921,fr,robinhood
hall,0.0015015313414429,fr,robinhood
rsister,0.0015015313414429,fr,robinhood
rle,0.0014974437753592,fr,robinhood
odeur,0.0014974437753592,fr,robinhood
trappe,0.0014972337827155,fr,robinhood
assoir,0.0014972337827155,fr,robinhood
jeter,0.0014946079400538,fr,robinhood
remettre,0.0014946079400538,fr,robinhood
enlever,0.0014946079400538,fr,robinhood
dchirerer,0.0014940742158751,fr,robinhood
traitr,0.0014940742158751,fr,robinhood
celte,0.0014940742158751,fr,robinhood
humblement,0.0014940742158751,fr,robinhood
courrez,0.0014940742158751,fr,robinhood
logis,0.0014940742158751,fr,robinhood
larcin,0.0014940742158751,fr,robinhood
boug,0.0014939013663596,fr,robinhood
aupr,0.0014892138701365,fr,robinhood
retire,0.0014892138701365,fr,robinhood
perd,0.0014892138701365,fr,robinhood
jugement,0.0014892138701365,fr,robinhood
lev,0.0014853527894998,fr,robinhood
hasard,0.0014853527894998,fr,robinhood
commande,0.0014853527894998,fr,robinhood
simplement,0.0014826022105703,fr,robinhood
srieux,0.0014826022105703,fr,robinhood
minable,0.0014812952831962,fr,robinhood
tante,0.0014812952831962,fr,robinhood
illusion,0.0014812952831962,fr,robinhood
honorer,0.0014812952831962,fr,robinhood
intelligenter,0.001481180511362,fr,robinhood
découvrir,0.001481180511362,fr,robinhood
archevque,0.001481180511362,fr,robinhood
aperoiver,0.001481180511362,fr,robinhood
templier,0.001481180511362,fr,robinhood
pargnon,0.001481180511362,fr,robinhood
patri,0.001481180511362,fr,robinhood
mue,0.001481180511362,fr,robinhood
rejoindra,0.001481180511362,fr,robinhood
sub,0.0014807084390156,fr,robinhood
mouvoir,0.0014806893896928,fr,robinhood
soi,0.0014734325694335,fr,robinhood
fiable,0.0014688316446989,fr,robinhood
tragdie,0.0014688316446989,fr,robinhood
escorter,0.0014665088246025,fr,robinhood
fermier,0.0014665088246025,fr,robinhood
placer,0.00146494420422,fr,robinhood
avertir,0.00146494420422,fr,robinhood
couler,0.00146494420422,fr,robinhood
billonne,0.001464354132862,fr,robinhood
heath,0.001464354132862,fr,robinhood
coran,0.001464354132862,fr,robinhood
arrivage,0.001464354132862,fr,robinhood
avorton,0.001464354132862,fr,robinhood
prisonnire,0.0014622950292542,fr,robinhood
librement,0.0014622950292542,fr,robinhood
gorger,0.0014622950292542,fr,robinhood
srieusemer,0.0014614913544334,fr,robinhood
crise,0.0014614913544334,fr,robinhood
tait,0.0014614913544334,fr,robinhood
mnerer,0.0014604461217908,fr,robinhood
sauvetage,0.0014604461217908,fr,robinhood
soign,0.0014604461217908,fr,robinhood
obligation,0.0014565072676462,fr,robinhood
fruit,0.0014529872500742,fr,robinhood
fatigu,0.0014529872500742,fr,robinhood
respecte,0.0014525588480515,fr,robinhood
dfense,0.0014497171670449,fr,robinhood
apport,0.0014497171670449,fr,robinhood
miel,0.0014443190743423,fr,robinhood
crature,0.0014443190743423,fr,robinhood
walt,0.0014428397749121,fr,robinhood
servante,0.0014428397749121,fr,robinhood
confesse,0.0014428397749121,fr,robinhood
trouveron,0.0014428397749121,fr,robinhood
bles,0.0014411458238616,fr,robinhood
foutaise,0.0014388320807264,fr,robinhood
dtesterer,0.0014388320807264,fr,robinhood
diffrence,0.001438044921952,fr,robinhood
rentr,0.001438044921952,fr,robinhood
forcer,0.001438044921952,fr,robinhood
taxer,0.001436333293254,fr,robinhood
cocher,0.001436333293254,fr,robinhood
dsire,0.0014349781324136,fr,robinhood
intercepter,0.0014332502409697,fr,robinhood
croyez,0.0014322640880031,fr,robinhood
fondre,0.0014294177144703,fr,robinhood
inquiet,0.0014294177144703,fr,robinhood
coter,0.0014294177144703,fr,robinhood
retraite,0.0014294177144703,fr,robinhood
arrive,0.0014264728690397,fr,robinhood
recevoir,0.0014264728690397,fr,robinhood
importance,0.0014264728690397,fr,robinhood
feindre,0.0014253214919725,fr,robinhood
borgner,0.0014245034031543,fr,robinhood
calmera,0.0014245034031543,fr,robinhood
ailler,0.0014245034031543,fr,robinhood
protéger,0.0014245034031543,fr,robinhood
assignation,0.0014239832397573,fr,robinhood
gaspillage,0.0014239832397573,fr,robinhood
rpandue,0.0014239832397573,fr,robinhood
matriser,0.0014224879958233,fr,robinhood
patience,0.0014203394283932,fr,robinhood
spar,0.0014178007736652,fr,robinhood
arrterer,0.0014178007736652,fr,robinhood
conversation,0.0014149993028782,fr,robinhood
trou,0.0014149993028782,fr,robinhood
vider,0.0014149993028782,fr,robinhood
terreur,0.0014120203781691,fr,robinhood
choue,0.0014101549720389,fr,robinhood
benj,0.0014098278527862,fr,robinhood
islam,0.0014098278527862,fr,robinhood
quille,0.0014098278527862,fr,robinhood
cercle,0.0014085423076942,fr,robinhood
briser,0.001406292913727,fr,robinhood
croisement,0.0014056896711458,fr,robinhood
dpart,0.0014036225612139,fr,robinhood
termin,0.0014036225612139,fr,robinhood
milieu,0.0014036225612139,fr,robinhood
crateur,0.0013989223427557,fr,robinhood
serrure,0.0013979751574841,fr,robinhood
paul,0.0013979751574841,fr,robinhood
gal,0.0013968700265937,fr,robinhood
bougez,0.0013968700265937,fr,robinhood
veille,0.0013948921051998,fr,robinhood
distance,0.0013948921051998,fr,robinhood
mne,0.0013948921051998,fr,robinhood
beaut,0.0013948921051998,fr,robinhood
impression,0.0013923410235245,fr,robinhood
parent,0.0013923410235245,fr,robinhood
quil,0.0013886701164501,fr,robinhood
lard,0.0013879264262709,fr,robinhood
brute,0.0013860212777612,fr,robinhood
supplier,0.0013853199705774,fr,robinhood
signature,0.0013853199705774,fr,robinhood
satisfaire,0.0013853199705774,fr,robinhood
douloureux,0.0013853199705774,fr,robinhood
pouviez,0.0013846822779102,fr,robinhood
calomnie,0.0013846822779102,fr,robinhood
sige,0.0013835963747436,fr,robinhood
chanter,0.0013835963747436,fr,robinhood
fond,0.0013811531096337,fr,robinhood
manquer,0.0013811531096337,fr,robinhood
liberer,0.0013754074588654,fr,robinhood
palefrenier,0.0013754074588654,fr,robinhood
constiper,0.0013754074588654,fr,robinhood
bousier,0.0013754074588654,fr,robinhood
bertha,0.0013754074588654,fr,robinhood
dbarquerer,0.0013754074588654,fr,robinhood
mansfield,0.0013754074588654,fr,robinhood
pourier,0.0013754074588654,fr,robinhood
mariole,0.0013754074588654,fr,robinhood
lueur,0.0013743910882351,fr,robinhood
avide,0.0013743910882351,fr,robinhood
absent,0.0013740602532773,fr,robinhood
pte,0.0013740602532773,fr,robinhood
dguis,0.0013740602532773,fr,robinhood
charme,0.0013738896064141,fr,robinhood
contenter,0.0013738896064141,fr,robinhood
mdecine,0.0013738896064141,fr,robinhood
livraison,0.0013738896064141,fr,robinhood
criminel,0.0013724038030836,fr,robinhood
cour,0.0013724038030836,fr,robinhood
centaine,0.0013724038030836,fr,robinhood
baisser,0.0013724038030836,fr,robinhood
galement,0.0013724038030836,fr,robinhood
taquiner,0.0013706636216357,fr,robinhood
rencontr,0.0013700572783827,fr,robinhood
livrer,0.0013625764788212,fr,robinhood
tom,0.0013623180475059,fr,robinhood
alliance,0.0013623180475059,fr,robinhood
ralis,0.0013613125230538,fr,robinhood
faibler,0.0013607869687167,fr,robinhood
loignez,0.0013607869687167,fr,robinhood
latin,0.0013607869687167,fr,robinhood
piti,0.0013607869687167,fr,robinhood
kebab,0.0013607638156437,fr,robinhood
nou,0.0013607638156437,fr,robinhood
espionnai,0.0013607638156437,fr,robinhood
hroque,0.0013603840581172,fr,robinhood
forme,0.0013590520263561,fr,robinhood
contrle,0.0013590520263561,fr,robinhood
rendez,0.0013590520263561,fr,robinhood
raconter,0.0013590520263561,fr,robinhood
duper,0.0013538738305627,fr,robinhood
persister,0.0013538738305627,fr,robinhood
gentiment,0.0013507148060128,fr,robinhood
fleur,0.0013503207177271,fr,robinhood
particulier,0.0013503207177271,fr,robinhood
emmnerer,0.0013484428038749,fr,robinhood
dilemme,0.001346638857038,fr,robinhood
conner,0.0013402924831228,fr,robinhood
travaill,0.0013394266186291,fr,robinhood
franchement,0.0013394266186291,fr,robinhood
dcide,0.0013394266186291,fr,robinhood
remarqu,0.0013394266186291,fr,robinhood
dpcher,0.0013392472780589,fr,robinhood
gnreux,0.0013392472780589,fr,robinhood
embrass,0.0013392472780589,fr,robinhood
perse,0.0013379582510891,fr,robinhood
parcelle,0.0013379582510891,fr,robinhood
barricader,0.0013379582510891,fr,robinhood
dsarm,0.001337531821051,fr,robinhood
regretterez,0.001337531821051,fr,robinhood
ordonn,0.0013362737394837,fr,robinhood
harry,0.0013362737394837,fr,robinhood
menant,0.0013321017668995,fr,robinhood
faisan,0.0013321017668995,fr,robinhood
espérer,0.0013321017668995,fr,robinhood
côté,0.0013321017668995,fr,robinhood
appartiendra,0.0013321017668995,fr,robinhood
platon,0.0013321017668995,fr,robinhood
tête,0.0013321017668995,fr,robinhood
arrêter,0.0013321017668995,fr,robinhood
alarme,0.0013293170664896,fr,robinhood
ventre,0.0013293170664896,fr,robinhood
fiche,0.0013286285040304,fr,robinhood
effrayer,0.0013286285040304,fr,robinhood
dgage,0.0013286285040304,fr,robinhood
complice,0.001327912325653,fr,robinhood
fianc,0.001327912325653,fr,robinhood
reconnaissant,0.001327912325653,fr,robinhood
arrangement,0.001327912325653,fr,robinhood
tirez,0.0013216143276902,fr,robinhood
lite,0.0013198960245543,fr,robinhood
autel,0.0013198960245543,fr,robinhood
assassin,0.001318449783798,fr,robinhood
causer,0.001318449783798,fr,robinhood
joyeux,0.001318449783798,fr,robinhood
envie,0.0013179246973136,fr,robinhood
folie,0.0013179246973136,fr,robinhood
deviner,0.0013179246973136,fr,robinhood
conomique,0.0013161666087811,fr,robinhood
mendiant,0.0013161666087811,fr,robinhood
somnambule,0.0013161666087811,fr,robinhood
accomplir,0.0013076885250668,fr,robinhood
document,0.0013076885250668,fr,robinhood
cerveau,0.0013073135654109,fr,robinhood
dpend,0.0013073135654109,fr,robinhood
fosse,0.001306099852456,fr,robinhood
rassembls,0.001306099852456,fr,robinhood
trajet,0.0013056281286212,fr,robinhood
montagne,0.0013056281286212,fr,robinhood
enterr,0.0013056281286212,fr,robinhood
dtruir,0.0013056281286212,fr,robinhood
deuil,0.0013056281286212,fr,robinhood
appt,0.0013007691698833,fr,robinhood
brillant,0.0012970312414755,fr,robinhood
poulet,0.0012970312414755,fr,robinhood
magique,0.0012970312414755,fr,robinhood
urgence,0.0012967935173088,fr,robinhood
sauter,0.0012967935173088,fr,robinhood
traverser,0.0012967935173088,fr,robinhood
charge,0.0012967935173088,fr,robinhood
sol,0.0012967935173088,fr,robinhood
connaissance,0.0012967935173088,fr,robinhood
encercls,0.0012953025565918,fr,robinhood
incline,0.0012953025565918,fr,robinhood
rassemble,0.0012953025565918,fr,robinhood
stratgie,0.0012946731267967,fr,robinhood
stupidit,0.0012940917331646,fr,robinhood
dbattre,0.0012940917331646,fr,robinhood
introduir,0.0012940917331646,fr,robinhood
aguets,0.0012933635053917,fr,robinhood
proclamation,0.0012933635053917,fr,robinhood
lamentablement,0.0012933635053917,fr,robinhood
materne,0.0012933635053917,fr,robinhood
loir,0.0012933635053917,fr,robinhood
bella,0.0012933635053917,fr,robinhood
aristote,0.0012933635053917,fr,robinhood
fourvoyer,0.0012933635053917,fr,robinhood
morveux,0.0012909684901067,fr,robinhood
enfermez,0.0012909684901067,fr,robinhood
rechercher,0.0012864759430232,fr,robinhood
nombre,0.0012863630026165,fr,robinhood
prison,0.0012863630026165,fr,robinhood
rveiller,0.0012863630026165,fr,robinhood
respecter,0.0012863630026165,fr,robinhood
discipline,0.001281521395488,fr,robinhood
librez,0.001281521395488,fr,robinhood
future,0.0012778903565669,fr,robinhood
rder,0.0012762017746229,fr,robinhood
ajouter,0.0012760206962987,fr,robinhood
lvre,0.0012760206962987,fr,robinhood
descend,0.0012760206962987,fr,robinhood
regarde,0.0012760205101944,fr,robinhood
drange,0.0012760205101944,fr,robinhood
dcouvrir,0.0012760205101944,fr,robinhood
verer,0.0012752903399454,fr,robinhood
marmonner,0.0012752903399454,fr,robinhood
han,0.0012752903399454,fr,robinhood
relique,0.0012752903399454,fr,robinhood
front,0.0012731236337806,fr,robinhood
aiderai,0.0012731236337806,fr,robinhood
bouillir,0.0012691623340224,fr,robinhood
tendre,0.0012657645668405,fr,robinhood
capable,0.0012657645668405,fr,robinhood
adorable,0.0012656636223543,fr,robinhood
opration,0.0012656636223543,fr,robinhood
honnte,0.0012625239363495,fr,robinhood
couvercle,0.0012617825437186,fr,robinhood
quereller,0.0012583204852758,fr,robinhood
endeuill,0.0012583204852758,fr,robinhood
feuillage,0.0012583204852758,fr,robinhood
soumet,0.0012583204852758,fr,robinhood
sell,0.0012583204852758,fr,robinhood
indigent,0.0012583204852758,fr,robinhood
batailler,0.0012583204852758,fr,robinhood
persil,0.0012583204852758,fr,robinhood
gallon,0.0012583204852758,fr,robinhood
souds,0.0012583204852758,fr,robinhood
modeste,0.001257007563945,fr,robinhood
yea,0.0012567407018556,fr,robinhood
enamour,0.0012567407018556,fr,robinhood
soierie,0.0012567407018556,fr,robinhood
shadi,0.0012567407018556,fr,robinhood
ayyubi,0.0012567407018556,fr,robinhood
utilser,0.0012567407018556,fr,robinhood
savezr,0.0012567407018556,fr,robinhood
plagonie,0.0012567407018556,fr,robinhood
woodval,0.0012567407018556,fr,robinhood
soudoys,0.0012567407018556,fr,robinhood
butor,0.0012567407018556,fr,robinhood
geignant,0.0012567407018556,fr,robinhood
thesauru,0.0012567407018556,fr,robinhood
rocksdale,0.0012567407018556,fr,robinhood
discutiez,0.0012567407018556,fr,robinhood
lodget,0.0012567407018556,fr,robinhood
tannage,0.0012567407018556,fr,robinhood
exécution,0.0012567407018556,fr,robinhood
formalits,0.0012567407018556,fr,robinhood
barnsdale,0.0012567407018556,fr,robinhood
rcompenserai,0.0012567407018556,fr,robinhood
aiderion,0.0012567407018556,fr,robinhood
kinghton,0.0012567407018556,fr,robinhood
hoooo,0.0012567407018556,fr,robinhood
dpts,0.0012567407018556,fr,robinhood
pendront,0.0012567407018556,fr,robinhood
olaoler,0.0012567407018556,fr,robinhood
tachterer,0.0012567407018556,fr,robinhood
brulerai,0.0012567407018556,fr,robinhood
besoint,0.0012567407018556,fr,robinhood
gaspillant,0.0012567407018556,fr,robinhood
rafraichissemer,0.0012567407018556,fr,robinhood
synchroni,0.0012567407018556,fr,robinhood
lallumage,0.0012567407018556,fr,robinhood
dattirer,0.0012567407018556,fr,robinhood
gorgement,0.0012567407018556,fr,robinhood
imcomptence,0.0012567407018556,fr,robinhood
voleron,0.0012567407018556,fr,robinhood
scrattie,0.0012567407018556,fr,robinhood
martigan,0.0012567407018556,fr,robinhood
scratti,0.0012567407018556,fr,robinhood
rocksdal,0.0012567407018556,fr,robinhood
vicair,0.0012567407018556,fr,robinhood
willus,0.0012567407018556,fr,robinhood
rifford,0.0012567407018556,fr,robinhood
faisont,0.0012567407018556,fr,robinhood
schleshy,0.0012567407018556,fr,robinhood
loughborough,0.0012567407018556,fr,robinhood
taschen,0.0012567407018556,fr,robinhood
schleswig,0.0012567407018556,fr,robinhood
shirker,0.0012567407018556,fr,robinhood
sympatisant,0.0012567407018556,fr,robinhood
glasson,0.0012567407018556,fr,robinhood
cuistre,0.0012567407018556,fr,robinhood
resynched,0.0012567407018556,fr,robinhood
berthold,0.0012567407018556,fr,robinhood
letzte,0.0012567407018556,fr,robinhood
wittelsberg,0.0012567407018556,fr,robinhood
keine,0.0012567407018556,fr,robinhood
hemd,0.0012567407018556,fr,robinhood
seyante,0.0012567407018556,fr,robinhood
forrestier,0.0012567407018556,fr,robinhood
crimimel,0.0012567407018556,fr,robinhood
perdront,0.0012567407018556,fr,robinhood
rpendre,0.0012567407018556,fr,robinhood
dpaul,0.0012567407018556,fr,robinhood
wadlow,0.0012567407018556,fr,robinhood
eggfactory,0.0012567407018556,fr,robinhood
safiyer,0.0012567407018556,fr,robinhood
nattraperai,0.0012567407018556,fr,robinhood
flaxton,0.0012567407018556,fr,robinhood
cenvisagerier,0.0012567407018556,fr,robinhood
glorification,0.0012567407018556,fr,robinhood
cervoise,0.0012567407018556,fr,robinhood
jpens,0.0012567407018556,fr,robinhood
siil,0.0012567407018556,fr,robinhood
taxation,0.0012567407018556,fr,robinhood
dlesterer,0.0012567407018556,fr,robinhood
trbuchant,0.0012567407018556,fr,robinhood
ayyubide,0.0012567407018556,fr,robinhood
eleri,0.0012567407018556,fr,robinhood
fouetton,0.0012567407018556,fr,robinhood
guerroy,0.0012567407018556,fr,robinhood
nicopolis,0.0012567407018556,fr,robinhood
hsiteriez,0.0012567407018556,fr,robinhood
flago,0.0012567407018556,fr,robinhood
zayt,0.0012567407018556,fr,robinhood
bigoterie,0.0012567407018556,fr,robinhood
joueron,0.0012567407018556,fr,robinhood
loyaute,0.0012567407018556,fr,robinhood
choukran,0.0012567407018556,fr,robinhood
salama,0.0012567407018556,fr,robinhood
amenne,0.0012567407018556,fr,robinhood
anobli,0.0012567407018556,fr,robinhood
neigh,0.0012567407018556,fr,robinhood
quev,0.0012567407018556,fr,robinhood
panais,0.0012567407018556,fr,robinhood
autorisa,0.0012567407018556,fr,robinhood
shat,0.0012567407018556,fr,robinhood
freter,0.0012567407018556,fr,robinhood
diamantsnoir,0.0012567407018556,fr,robinhood
laborent,0.0012567407018556,fr,robinhood
rotheram,0.0012567407018556,fr,robinhood
suniront,0.0012567407018556,fr,robinhood
hnissement,0.0012567407018556,fr,robinhood
brids,0.0012567407018556,fr,robinhood
nettoiez,0.0012567407018556,fr,robinhood
dterior,0.0012567407018556,fr,robinhood
affams,0.0012560631214354,fr,robinhood
ligoter,0.0012560631214354,fr,robinhood
gourde,0.0012560631214354,fr,robinhood
grave,0.0012555937360307,fr,robinhood
humain,0.0012555937360307,fr,robinhood
ligne,0.0012555937360307,fr,robinhood
protge,0.0012554028946798,fr,robinhood
com,0.0012554028946798,fr,robinhood
croi,0.0012554028946798,fr,robinhood
arracher,0.0012554028946798,fr,robinhood
salaire,0.0012520376068393,fr,robinhood
offen,0.0012476948189296,fr,robinhood
sparer,0.0012452367372692,fr,robinhood
boulevers,0.001245050441187,fr,robinhood
hache,0.001245050441187,fr,robinhood
seron,0.001245050441187,fr,robinhood
culpabilit,0.0012416622458611,fr,robinhood
servant,0.0012375616339707,fr,robinhood
brlant,0.0012375616339707,fr,robinhood
invite,0.0012351634227752,fr,robinhood
officiel,0.0012351634227752,fr,robinhood
toile,0.0012351634227752,fr,robinhood
lgendaire,0.0012339236991796,fr,robinhood
tiendrai,0.0012339236991796,fr,robinhood
join,0.0012339236991796,fr,robinhood
rflchit,0.0012332846406226,fr,robinhood
piqre,0.0012332846406226,fr,robinhood
timide,0.0012313955294021,fr,robinhood
cuisiner,0.0012313955294021,fr,robinhood
permission,0.0012313955294021,fr,robinhood
calice,0.0012263287144029,fr,robinhood
sangsu,0.0012263287144029,fr,robinhood
flageller,0.0012263287144029,fr,robinhood
goteur,0.0012263287144029,fr,robinhood
unijambiste,0.0012263287144029,fr,robinhood
sacr,0.0012255780787815,fr,robinhood
semer,0.0012217041359765,fr,robinhood
rer,0.0012217041359765,fr,robinhood
corrompre,0.0012217041359765,fr,robinhood
insignifiant,0.0012217041359765,fr,robinhood
disparu,0.0012212352057014,fr,robinhood
douce,0.0012212352057014,fr,robinhood
gurie,0.0012204552660446,fr,robinhood
expuls,0.0012197330789816,fr,robinhood
dfend,0.001212701693245,fr,robinhood
disparatre,0.0012111790922855,fr,robinhood
tristesse,0.0012103031812878,fr,robinhood
continuon,0.0012103031812878,fr,robinhood
aimeriez,0.0012072764992063,fr,robinhood
prdire,0.0012072764992063,fr,robinhood
construire,0.0012054839567662,fr,robinhood
intgral,0.0012025302180551,fr,robinhood
martyre,0.0012025302180551,fr,robinhood
absurdit,0.0012025302180551,fr,robinhood
dun,0.0012025302180551,fr,robinhood
marqus,0.0012025302180551,fr,robinhood
persuader,0.0012023027216176,fr,robinhood
mouche,0.0012023027216176,fr,robinhood
domestique,0.0012023027216176,fr,robinhood
aile,0.0012012250731543,fr,robinhood
uniforme,0.0012012250731543,fr,robinhood
prfrerer,0.0012012250731543,fr,robinhood
dlicieux,0.0012012250731543,fr,robinhood
tenai,0.0011990762937906,fr,robinhood
rquisitionner,0.0011968991380356,fr,robinhood
chafaud,0.0011968991380356,fr,robinhood
gracier,0.0011968991380356,fr,robinhood
empoisonneur,0.0011968991380356,fr,robinhood
gurisseuse,0.0011968991380356,fr,robinhood
avou,0.0011920282915677,fr,robinhood
respiration,0.0011920282915677,fr,robinhood
vid,0.0011920282915677,fr,robinhood
franc,0.0011913710961092,fr,robinhood
dpt,0.001188018238081,fr,robinhood
jou,0.0011861322275822,fr,robinhood
filer,0.0011861322275822,fr,robinhood
profiter,0.0011861322275822,fr,robinhood
nature,0.0011861322275822,fr,robinhood
nettoyer,0.0011861322275822,fr,robinhood
franaise,0.001185910618627,fr,robinhood
tronc,0.001185910618627,fr,robinhood
puits,0.0011817399276102,fr,robinhood
puni,0.0011817399276102,fr,robinhood
jaloux,0.001181615170213,fr,robinhood
divin,0.0011771240114569,fr,robinhood
honorable,0.0011771240114569,fr,robinhood
annuel,0.0011771240114569,fr,robinhood
pouss,0.0011765822088698,fr,robinhood
intressant,0.0011765822088698,fr,robinhood
jouet,0.001171955363376,fr,robinhood
impressionn,0.0011718413683016,fr,robinhood
affirmation,0.0011698360234034,fr,robinhood
eglise,0.0011698360234034,fr,robinhood
suret,0.0011698360234034,fr,robinhood
kate,0.0011698360234034,fr,robinhood
chameau,0.0011698360234034,fr,robinhood
vaurien,0.0011698360234034,fr,robinhood
doubls,0.0011696516061952,fr,robinhood
gnralis,0.0011696516061952,fr,robinhood
abracadabrer,0.0011696516061952,fr,robinhood
resynchro,0.00116935993,fr,robinhood
cape,0.00116935993,fr,robinhood
prsence,0.0011671141655779,fr,robinhood
neuf,0.0011671141655779,fr,robinhood
griffe,0.0011663888303286,fr,robinhood
rpandre,0.0011663888303286,fr,robinhood
hennir,0.001157354872214,fr,robinhood
comploteur,0.001157354872214,fr,robinhood
pltot,0.001157354872214,fr,robinhood
mitain,0.001157354872214,fr,robinhood
victorieuse,0.001157354872214,fr,robinhood
quilibrent,0.001157354872214,fr,robinhood
pargnent,0.001157354872214,fr,robinhood
mespionner,0.001157354872214,fr,robinhood
jugeon,0.001157354872214,fr,robinhood
logi,0.001157354872214,fr,robinhood
apostolique,0.001157354872214,fr,robinhood
chhhh,0.001157354872214,fr,robinhood
pontefract,0.001157354872214,fr,robinhood
dtecterai,0.001157354872214,fr,robinhood
swain,0.001157354872214,fr,robinhood
inclinez,0.001157354872214,fr,robinhood
dbotemer,0.001157354872214,fr,robinhood
princ,0.001157354872214,fr,robinhood
habillant,0.001157354872214,fr,robinhood
becket,0.001157354872214,fr,robinhood
tourista,0.001157354872214,fr,robinhood
supplici,0.001157354872214,fr,robinhood
doncaster,0.001157354872214,fr,robinhood
pileur,0.001157354872214,fr,robinhood
stupfie,0.001157354872214,fr,robinhood
glorieusement,0.001157354872214,fr,robinhood
grandie,0.001157354872214,fr,robinhood
ramneron,0.001157354872214,fr,robinhood
shrewsbury,0.001157354872214,fr,robinhood
lescalade,0.001157354872214,fr,robinhood
meurrer,0.001157354872214,fr,robinhood
exhausser,0.001157354872214,fr,robinhood
quote,0.001157354872214,fr,robinhood
princier,0.001157354872214,fr,robinhood
decharge,0.001157354872214,fr,robinhood
brûler,0.001157354872214,fr,robinhood
égoïste,0.001157354872214,fr,robinhood
défier,0.001157354872214,fr,robinhood
inconsidrs,0.001157354872214,fr,robinhood
arcane,0.001157354872214,fr,robinhood
lattrape,0.001157354872214,fr,robinhood
dsobirer,0.001157354872214,fr,robinhood
cajolerie,0.001157354872214,fr,robinhood
bismillah,0.001157354872214,fr,robinhood
chasseron,0.001157354872214,fr,robinhood
redonnerai,0.001157354872214,fr,robinhood
nespre,0.001157354872214,fr,robinhood
tombrent,0.001157354872214,fr,robinhood
dliez,0.001157354872214,fr,robinhood
festoy,0.001157354872214,fr,robinhood
tacheter,0.001157354872214,fr,robinhood
ecum,0.001157354872214,fr,robinhood
jenerer,0.001157354872214,fr,robinhood
linconnu,0.001157354872214,fr,robinhood
assisteron,0.001157354872214,fr,robinhood
abuss,0.001157354872214,fr,robinhood
apporterion,0.001157354872214,fr,robinhood
obligeriez,0.001157354872214,fr,robinhood
dmontriez,0.001157354872214,fr,robinhood
milou,0.001157354872214,fr,robinhood
lonsdal,0.001157354872214,fr,robinhood
expliqueron,0.001157354872214,fr,robinhood
sauvs,0.0011572250970417,fr,robinhood
dception,0.001155808117607,fr,robinhood
dalle,0.001155808117607,fr,robinhood
satisfaction,0.001155808117607,fr,robinhood
dte,0.001155808117607,fr,robinhood
erre,0.0011542718199297,fr,robinhood
gagnant,0.0011529166590893,fr,robinhood
amusant,0.0011529166590893,fr,robinhood
perturb,0.001152118553597,fr,robinhood
chut,0.001152118553597,fr,robinhood
sach,0.001152118553597,fr,robinhood
intresse,0.001148418459175,fr,robinhood
pleine,0.001148418459175,fr,robinhood
mont,0.001148418459175,fr,robinhood
ecrase,0.0011442847609293,fr,robinhood
reconnaissable,0.0011442847609293,fr,robinhood
blmez,0.0011442847609293,fr,robinhood
rhabilit,0.0011442847609293,fr,robinhood
pniblement,0.0011442847609293,fr,robinhood
asseyai,0.0011442847609293,fr,robinhood
blier,0.0011442847609293,fr,robinhood
renvoy,0.0011424246125436,fr,robinhood
haine,0.0011424246125436,fr,robinhood
refaire,0.0011391881101564,fr,robinhood
foutre,0.0011391881101564,fr,robinhood
couvrir,0.0011391881101564,fr,robinhood
moralement,0.0011391865918058,fr,robinhood
gobelet,0.0011391865918058,fr,robinhood
prserv,0.0011391865918058,fr,robinhood
rive,0.0011391865918058,fr,robinhood
etat,0.0011350927520448,fr,robinhood
innocence,0.0011350927520448,fr,robinhood
vasion,0.0011350927520448,fr,robinhood
parer,0.0011342406189322,fr,robinhood
hont,0.0011342406189322,fr,robinhood
conue,0.0011336533817643,fr,robinhood
missaire,0.0011336533817643,fr,robinhood
frache,0.0011328389859471,fr,robinhood
apparemment,0.0011300343624276,fr,robinhood
entend,0.0011300343624276,fr,robinhood
gamin,0.0011300343624276,fr,robinhood
cellule,0.0011250343309816,fr,robinhood
bloqu,0.0011250343309816,fr,robinhood
espron,0.0011250343309816,fr,robinhood
rcolte,0.0011249498761014,fr,robinhood
aperoi,0.0011245517369166,fr,robinhood
impartial,0.0011245517369166,fr,robinhood
calmemer,0.0011245517369166,fr,robinhood
chargement,0.0011221990475316,fr,robinhood
papier,0.0011209559550404,fr,robinhood
confrs,0.0011205556619063,fr,robinhood
chasss,0.0011205556619063,fr,robinhood
loyau,0.0011205556619063,fr,robinhood
pturage,0.0011205556619063,fr,robinhood
remonton,0.0011205556619063,fr,robinhood
rentrerai,0.0011205556619063,fr,robinhood
henri,0.0011205556619063,fr,robinhood
dbarrasson,0.0011205556619063,fr,robinhood
artisan,0.0011205556619063,fr,robinhood
sonnez,0.0011205556619063,fr,robinhood
explication,0.0011159136841599,fr,robinhood
cheveu,0.0011159136841599,fr,robinhood
unir,0.0011159136841599,fr,robinhood
saisir,0.0011159136841599,fr,robinhood
entir,0.0011159136841599,fr,robinhood
caisse,0.0011159136841599,fr,robinhood
suicide,0.0011159136841599,fr,robinhood
rapport,0.0011119516579277,fr,robinhood
fidle,0.0011109548964735,fr,robinhood
enflammer,0.0011109548964735,fr,robinhood
agenouiller,0.0011103411410167,fr,robinhood
audace,0.0011103411410167,fr,robinhood
tranquiller,0.0011103411410167,fr,robinhood
troisime,0.0011068770997948,fr,robinhood
forc,0.0011068770997948,fr,robinhood
avantage,0.0011068770997948,fr,robinhood
plante,0.0011068770997948,fr,robinhood
annoncer,0.0011068770997948,fr,robinhood
douter,0.0011068770997948,fr,robinhood
grandi,0.0011068770997948,fr,robinhood
hte,0.0011068770997948,fr,robinhood
cent,0.0011050744270751,fr,robinhood
fraise,0.0011050744270751,fr,robinhood
infection,0.0011050744270751,fr,robinhood
familier,0.0011047084443058,fr,robinhood
bont,0.0010999133537953,fr,robinhood
mousse,0.0010999133537953,fr,robinhood
protester,0.0010999133537953,fr,robinhood
fossoyeur,0.0010982655996465,fr,robinhood
plor,0.0010982655996465,fr,robinhood
genou,0.0010979230424668,fr,robinhood
videmment,0.0010979230424668,fr,robinhood
tolrerer,0.0010965308973086,fr,robinhood
attach,0.0010955329059844,fr,robinhood
rvler,0.0010955329059844,fr,robinhood
relche,0.0010953345913431,fr,robinhood
habitu,0.0010953345913431,fr,robinhood
dclare,0.0010953345913431,fr,robinhood
linge,0.0010953345913431,fr,robinhood
mark,0.0010953345913431,fr,robinhood
soudainement,0.0010953345913431,fr,robinhood
ultime,0.0010953345913431,fr,robinhood
impasse,0.0010953345913431,fr,robinhood
clef,0.0010953345913431,fr,robinhood
laissent,0.0010890672469469,fr,robinhood
ramen,0.001089050018443,fr,robinhood
soutien,0.001089050018443,fr,robinhood
doux,0.001089050018443,fr,robinhood
remplacer,0.001089050018443,fr,robinhood
vrifi,0.001089050018443,fr,robinhood
rflchi,0.001089050018443,fr,robinhood
braconnage,0.0010868395038829,fr,robinhood
recourb,0.0010868395038829,fr,robinhood
aan,0.0010868395038829,fr,robinhood
appropriation,0.0010868395038829,fr,robinhood
supposai,0.0010868395038829,fr,robinhood
dsquilibrer,0.0010868395038829,fr,robinhood
radoucir,0.0010868395038829,fr,robinhood
pluchure,0.0010868395038829,fr,robinhood
outrager,0.0010868395038829,fr,robinhood
suggron,0.0010868395038829,fr,robinhood
grgoir,0.0010868395038829,fr,robinhood
reconnu,0.0010868395038829,fr,robinhood
guenille,0.0010868395038829,fr,robinhood
didiot,0.0010868395038829,fr,robinhood
désir,0.0010868395038829,fr,robinhood
souffir,0.0010868395038829,fr,robinhood
traquez,0.0010868395038829,fr,robinhood
noblemer,0.0010868395038829,fr,robinhood
chtimer,0.0010868395038829,fr,robinhood
dresserai,0.0010868395038829,fr,robinhood
escarmouche,0.0010868395038829,fr,robinhood
lpous,0.0010868395038829,fr,robinhood
payera,0.0010868395038829,fr,robinhood
auron,0.0010868395038829,fr,robinhood
croisad,0.0010868395038829,fr,robinhood
rompra,0.0010868395038829,fr,robinhood
pimenton,0.0010868395038829,fr,robinhood
mpargner,0.0010868395038829,fr,robinhood
dégager,0.0010868395038829,fr,robinhood
linfluence,0.0010868395038829,fr,robinhood
hameau,0.0010868395038829,fr,robinhood
supersticieux,0.0010868395038829,fr,robinhood
tripoli,0.0010868395038829,fr,robinhood
voit,0.0010864544651284,fr,robinhood
prts,0.0010864544651284,fr,robinhood
festin,0.0010830990644501,fr,robinhood
semblai,0.0010830990644501,fr,robinhood
attirance,0.0010830990644501,fr,robinhood
confisquer,0.0010830990644501,fr,robinhood
ratisser,0.0010830990644501,fr,robinhood
halte,0.0010830990644501,fr,robinhood
ingnieux,0.0010830990644501,fr,robinhood
faut,0.0010802565741817,fr,robinhood
mouvement,0.0010802565741817,fr,robinhood
toit,0.0010802565741817,fr,robinhood
nerveux,0.0010802565741817,fr,robinhood
provision,0.0010784097776372,fr,robinhood
rase,0.0010784097776372,fr,robinhood
dsirer,0.0010774710882268,fr,robinhood
trent,0.0010772499699405,fr,robinhood
rleur,0.0010772499699405,fr,robinhood
traditionnellement,0.0010772499699405,fr,robinhood
remd,0.0010772499699405,fr,robinhood
tirade,0.0010772499699405,fr,robinhood
boum,0.0010762335993102,fr,robinhood
dtourner,0.0010762335993102,fr,robinhood
massacre,0.0010762335993102,fr,robinhood
sombre,0.0010715412949032,fr,robinhood
libr,0.0010685808049887,fr,robinhood
sympathie,0.00106793449624,fr,robinhood
rabat,0.00106793449624,fr,robinhood
fianaille,0.00106793449624,fr,robinhood
appliquer,0.0010668659968675,fr,robinhood
bris,0.0010629028032243,fr,robinhood
piger,0.0010629028032243,fr,robinhood
rsultat,0.0010629028032243,fr,robinhood
pourra,0.0010629028032243,fr,robinhood
proposer,0.0010629028032243,fr,robinhood
plaire,0.0010629028032243,fr,robinhood
menace,0.0010629028032243,fr,robinhood
victime,0.0010629028032243,fr,robinhood
gchi,0.001057635278352,fr,robinhood
ramper,0.001057635278352,fr,robinhood
amnerer,0.0010576162290292,fr,robinhood
neveu,0.0010576162290292,fr,robinhood
cerns,0.0010573708895896,fr,robinhood
obissance,0.0010573708895896,fr,robinhood
empaler,0.0010573708895896,fr,robinhood
reconner,0.0010573708895896,fr,robinhood
obtiendrai,0.0010573708895896,fr,robinhood
confiner,0.0010573708895896,fr,robinhood
puiss,0.0010573708895896,fr,robinhood
rvolu,0.0010573708895896,fr,robinhood
fui,0.0010572914621522,fr,robinhood
occupez,0.0010572914621522,fr,robinhood
suffoquer,0.0010572914621522,fr,robinhood
frotte,0.0010572914621522,fr,robinhood
futur,0.0010543397578508,fr,robinhood
parfait,0.0010543397578508,fr,robinhood
entier,0.0010543397578508,fr,robinhood
peindre,0.00105107193901,fr,robinhood
reoit,0.00105107193901,fr,robinhood
cousin,0.00105107193901,fr,robinhood
devra,0.00105107193901,fr,robinhood
habitant,0.0010484813681131,fr,robinhood
pargne,0.0010484813681131,fr,robinhood
maudire,0.0010484813681131,fr,robinhood
tradition,0.0010484813681131,fr,robinhood
entr,0.0010458508523287,fr,robinhood
frapper,0.0010458508523287,fr,robinhood
moindre,0.0010458508523287,fr,robinhood
tomb,0.0010458508523287,fr,robinhood
amoureux,0.0010458508523287,fr,robinhood
flicitation,0.0010458508523287,fr,robinhood
dmasqu,0.0010448798819648,fr,robinhood
vrer,0.0010448798819648,fr,robinhood
empoisonnement,0.0010448798819648,fr,robinhood
grve,0.0010448798819648,fr,robinhood
france,0.0010448798819648,fr,robinhood
achve,0.0010448798819648,fr,robinhood
accs,0.0010424497090955,fr,robinhood
prcaution,0.00103945859421,fr,robinhood
finisson,0.00103945859421,fr,robinhood
gche,0.00103945859421,fr,robinhood
relcher,0.00103945859421,fr,robinhood
mirage,0.0010385117084327,fr,robinhood
oseille,0.0010385117084327,fr,robinhood
charrette,0.0010385117084327,fr,robinhood
poli,0.0010385117084327,fr,robinhood
bnir,0.0010385117084327,fr,robinhood
flatterie,0.0010385117084327,fr,robinhood
joey,0.0010385117084327,fr,robinhood
dcouvrirai,0.0010385117084327,fr,robinhood
rprimande,0.0010385117084327,fr,robinhood
rsigner,0.0010385117084327,fr,robinhood
engager,0.0010374348138471,fr,robinhood
offre,0.0010374348138471,fr,robinhood
contrler,0.0010374348138471,fr,robinhood
quitte,0.0010374348138471,fr,robinhood
devine,0.0010339132739363,fr,robinhood
maintenir,0.0010339132739363,fr,robinhood
facilement,0.0010339132739363,fr,robinhood
crne,0.0010339132739363,fr,robinhood
aurion,0.0010327747920854,fr,robinhood
dfenseur,0.0010327747920854,fr,robinhood
bravoure,0.0010327747920854,fr,robinhood
quon,0.0010327747920854,fr,robinhood
paiera,0.0010327747920854,fr,robinhood
solliciter,0.0010327747920854,fr,robinhood
rcompenser,0.0010327747920854,fr,robinhood
potiqu,0.0010327747920854,fr,robinhood
charitable,0.0010327747920854,fr,robinhood
prudemment,0.0010327747920854,fr,robinhood
jubil,0.0010321435349005,fr,robinhood
dpensez,0.0010321435349005,fr,robinhood
chauncey,0.0010321435349005,fr,robinhood
lser,0.0010321435349005,fr,robinhood
gaie,0.0010321435349005,fr,robinhood
ragout,0.0010321435349005,fr,robinhood
cdric,0.0010321435349005,fr,robinhood
aspirantnemo,0.0010321435349005,fr,robinhood
arrêtez,0.0010321435349005,fr,robinhood
rassied,0.0010321435349005,fr,robinhood
immédiatement,0.0010321435349005,fr,robinhood
vertueu,0.0010321435349005,fr,robinhood
frasque,0.0010321435349005,fr,robinhood
arrête,0.0010321435349005,fr,robinhood
freluquet,0.0010321435349005,fr,robinhood
juqu,0.0010321435349005,fr,robinhood
prtier,0.0010321435349005,fr,robinhood
encrier,0.0010321435349005,fr,robinhood
hat,0.0010321435349005,fr,robinhood
dlester,0.0010321435349005,fr,robinhood
olaola,0.0010321435349005,fr,robinhood
breloque,0.0010321435349005,fr,robinhood
rejoindron,0.0010321435349005,fr,robinhood
gueuse,0.0010321435349005,fr,robinhood
contrepoids,0.0010321435349005,fr,robinhood
gizmo,0.0010321435349005,fr,robinhood
appartenez,0.0010321435349005,fr,robinhood
duch,0.0010321435349005,fr,robinhood
vainc,0.0010321435349005,fr,robinhood
rappelerez,0.0010321435349005,fr,robinhood
soulvent,0.0010321435349005,fr,robinhood
discutailler,0.0010321435349005,fr,robinhood
terras,0.0010321435349005,fr,robinhood
soulve,0.0010277372005189,fr,robinhood
stupfier,0.0010277372005189,fr,robinhood
trancher,0.0010277372005189,fr,robinhood
lapin,0.001025460942954,fr,robinhood
priorit,0.001025460942954,fr,robinhood
vaut,0.0010217385356294,fr,robinhood
eloigner,0.0010209614196983,fr,robinhood
illuminer,0.0010209614196983,fr,robinhood
tousser,0.0010209614196983,fr,robinhood
casser,0.0010208164081555,fr,robinhood
faisai,0.0010208164081555,fr,robinhood
prsente,0.0010208164081555,fr,robinhood
blah,0.0010205728617328,fr,robinhood
joug,0.0010205728617328,fr,robinhood
connaitrer,0.0010205728617328,fr,robinhood
ramenon,0.0010205728617328,fr,robinhood
hasting,0.0010205728617328,fr,robinhood
parlant,0.0010205728617328,fr,robinhood
guerrier,0.0010180867799804,fr,robinhood
rputation,0.0010170910750519,fr,robinhood
dtester,0.0010170910750519,fr,robinhood
agrabl,0.0010170910750519,fr,robinhood
verra,0.0010130361045096,fr,robinhood
amen,0.0010126116534724,fr,robinhood
cheveux,0.0010126116534724,fr,robinhood
mprise,0.0010094260349748,fr,robinhood
sensible,0.0010088020767031,fr,robinhood
nier,0.0010088020767031,fr,robinhood
ple,0.0010044354585442,fr,robinhood
puer,0.0010044354585442,fr,robinhood
cirque,0.0010044354585442,fr,robinhood
coule,0.0010044354585442,fr,robinhood
hritage,0.0010044354585442,fr,robinhood
insipide,0.0010034686883168,fr,robinhood
doublure,0.0010034686883168,fr,robinhood
rpugnant,0.0010034686883168,fr,robinhood
lourdement,0.0010034686883168,fr,robinhood
passade,0.0010034686883168,fr,robinhood
fougueux,0.0010034686883168,fr,robinhood
malin,0.0010005924001292,fr,robinhood
dcouvre,0.0010005924001292,fr,robinhood
embrouiller,0.0009992302448255,fr,robinhood
gratitude,0.0009992302448255,fr,robinhood
excitation,0.0009992302448255,fr,robinhood
dcouvrira,0.0009981558551437,fr,robinhood
sparez,0.0009981558551437,fr,robinhood
cuisinire,0.0009981558551437,fr,robinhood
ventualit,0.0009981558551437,fr,robinhood
honoraire,0.0009981558551437,fr,robinhood
jer,0.0009981558551437,fr,robinhood
grange,0.0009981558551437,fr,robinhood
emporter,0.0009924605415656,fr,robinhood
accuser,0.0009924605415656,fr,robinhood
poisson,0.0009924605415656,fr,robinhood
lune,0.0009924605415656,fr,robinhood
humiliation,0.0009900151984008,fr,robinhood
inspecteur,0.0009875301887974,fr,robinhood
prfrerai,0.0009875301887974,fr,robinhood
immdiatemer,0.0009875301887974,fr,robinhood
reconnaissance,0.0009875301887974,fr,robinhood
vend,0.0009875301887974,fr,robinhood
motif,0.0009875301887974,fr,robinhood
échapper,0.0009874536742413,fr,robinhood
laugh,0.0009874536742413,fr,robinhood
tut,0.0009874536742413,fr,robinhood
cigu,0.0009874536742413,fr,robinhood
embroche,0.0009874536742413,fr,robinhood
chrirai,0.0009874536742413,fr,robinhood
punit,0.0009874536742413,fr,robinhood
drapeal,0.0009874536742413,fr,robinhood
xcuter,0.0009874536742413,fr,robinhood
posment,0.0009874536742413,fr,robinhood
pelure,0.0009874536742413,fr,robinhood
chapardeur,0.0009874536742413,fr,robinhood
duvre,0.0009874536742413,fr,robinhood
dversoir,0.0009874536742413,fr,robinhood
barrique,0.0009874536742413,fr,robinhood
cheftaine,0.0009874536742413,fr,robinhood
dbusque,0.0009874536742413,fr,robinhood
souffrer,0.0009874536742413,fr,robinhood
réfléchir,0.0009874536742413,fr,robinhood
plore,0.0009874536742413,fr,robinhood
glade,0.0009874536742413,fr,robinhood
vexs,0.0009874536742413,fr,robinhood
cuv,0.0009874536742413,fr,robinhood
rarmer,0.0009874536742413,fr,robinhood
détruire,0.0009874536742413,fr,robinhood
pièce,0.0009874536742413,fr,robinhood
reprsaille,0.0009871389593437,fr,robinhood
comptabilit,0.0009871389593437,fr,robinhood
pargnez,0.0009871389593437,fr,robinhood
geste,0.0009844050396089,fr,robinhood
renvoyer,0.0009844050396089,fr,robinhood
suprieur,0.0009844050396089,fr,robinhood
charger,0.0009844050396089,fr,robinhood
effraie,0.0009809366762141,fr,robinhood
obir,0.0009809366762141,fr,robinhood
ragot,0.0009809366762141,fr,robinhood
veuille,0.0009792210964659,fr,robinhood
populaire,0.0009792210964659,fr,robinhood
insulte,0.0009792210964659,fr,robinhood
pch,0.0009792210964659,fr,robinhood
fiert,0.0009792210964659,fr,robinhood
concidence,0.0009764244736399,fr,robinhood
ferm,0.0009764244736399,fr,robinhood
rouler,0.0009764244736399,fr,robinhood
gueul,0.0009764244736399,fr,robinhood
coutume,0.0009763642128357,fr,robinhood
anthony,0.0009763642128357,fr,robinhood
dresse,0.0009763642128357,fr,robinhood
assomm,0.0009763642128357,fr,robinhood
moutarde,0.0009763642128357,fr,robinhood
stabilit,0.0009763642128357,fr,robinhood
ncessit,0.0009763642128357,fr,robinhood
bluffer,0.0009719906919405,fr,robinhood
mchoire,0.0009719906919405,fr,robinhood
clochette,0.0009714769174439,fr,robinhood
avidit,0.0009714769174439,fr,robinhood
bise,0.0009714769174439,fr,robinhood
tirerai,0.0009714769174439,fr,robinhood
doublement,0.0009714769174439,fr,robinhood
souper,0.0009714769174439,fr,robinhood
tombeau,0.0009714769174439,fr,robinhood
absolution,0.0009714769174439,fr,robinhood
ternit,0.0009710048450975,fr,robinhood
revanche,0.0009710048450975,fr,robinhood
surveille,0.0009710048450975,fr,robinhood
crmonie,0.0009710048450975,fr,robinhood
bateau,0.0009685174623205,fr,robinhood
commener,0.0009685174623205,fr,robinhood
verrai,0.000965821199365,fr,robinhood
surement,0.000965821199365,fr,robinhood
capture,0.000965821199365,fr,robinhood
ambassadeur,0.000965821199365,fr,robinhood
absolu,0.0009631734313392,fr,robinhood
organis,0.0009628793828948,fr,robinhood
discours,0.0009606826621585,fr,robinhood
colle,0.0009606826621585,fr,robinhood
prci,0.0009606826621585,fr,robinhood
saison,0.0009606826621585,fr,robinhood
relai,0.000956467754959,fr,robinhood
mendier,0.000956467754959,fr,robinhood
treint,0.000956467754959,fr,robinhood
dluge,0.000956467754959,fr,robinhood
sbire,0.000956467754959,fr,robinhood
savant,0.000956467754959,fr,robinhood
galer,0.0009555001606464,fr,robinhood
dcent,0.0009555001606464,fr,robinhood
excute,0.0009555001606464,fr,robinhood
autoris,0.0009548427253354,fr,robinhood
assassiner,0.0009544812424884,fr,robinhood
venue,0.0009529187661376,fr,robinhood
responsabilit,0.0009529187661376,fr,robinhood
conclure,0.0009529187661376,fr,robinhood
remonter,0.0009529187661376,fr,robinhood
enlve,0.0009529187661376,fr,robinhood
gorge,0.0009529187661376,fr,robinhood
daussi,0.0009496689354362,fr,robinhood
fonctionnera,0.0009496689354362,fr,robinhood
smer,0.0009496689354362,fr,robinhood
marché,0.0009496689354362,fr,robinhood
texpliquer,0.0009496689354362,fr,robinhood
allouer,0.0009496689354362,fr,robinhood
msentente,0.0009496689354362,fr,robinhood
dpossd,0.0009496689354362,fr,robinhood
remarqus,0.0009496689354362,fr,robinhood
attribue,0.0009496689354362,fr,robinhood
buse,0.0009496689354362,fr,robinhood
cataplasme,0.0009496689354362,fr,robinhood
vacuon,0.0009496689354362,fr,robinhood
meurre,0.0009496689354362,fr,robinhood
injustemer,0.0009496689354362,fr,robinhood
romaine,0.0009496689354362,fr,robinhood
flagorneur,0.0009496689354362,fr,robinhood
feint,0.0009496689354362,fr,robinhood
schn,0.0009496689354362,fr,robinhood
confectionner,0.0009496689354362,fr,robinhood
desprit,0.0009496689354362,fr,robinhood
batifolage,0.0009496689354362,fr,robinhood
taiderer,0.0009496689354362,fr,robinhood
ouiii,0.0009496689354362,fr,robinhood
aigreur,0.0009496689354362,fr,robinhood
socle,0.0009496689354362,fr,robinhood
cortge,0.0009496689354362,fr,robinhood
arrestation,0.0009468929522621,fr,robinhood
dtruiser,0.000945910626704,fr,robinhood
troubl,0.0009453919420881,fr,robinhood
insigne,0.0009453919420881,fr,robinhood
adapt,0.0009453919420881,fr,robinhood
pagaille,0.0009453919420881,fr,robinhood
posie,0.0009453919420881,fr,robinhood
creus,0.0009453919420881,fr,robinhood
poids,0.0009452245024089,fr,robinhood
chaussure,0.0009452245024089,fr,robinhood
refus,0.0009452245024089,fr,robinhood
fonctionner,0.0009452245024089,fr,robinhood
adorateur,0.0009420473410766,fr,robinhood
convoiter,0.0009420473410766,fr,robinhood
saper,0.0009420473410766,fr,robinhood
charabia,0.0009420473410766,fr,robinhood
ceinture,0.0009390282051295,fr,robinhood
roue,0.0009390282051295,fr,robinhood
consulter,0.0009390282051295,fr,robinhood
courrier,0.0009390282051295,fr,robinhood
touche,0.0009375986330403,fr,robinhood
augmentation,0.0009374582300845,fr,robinhood
pourvoir,0.0009374582300845,fr,robinhood
dtresse,0.0009374582300845,fr,robinhood
tireur,0.0009374582300845,fr,robinhood
croix,0.0009374582300845,fr,robinhood
suive,0.000935487944,fr,robinhood
implorer,0.000935487944,fr,robinhood
souvien,0.0009300399528212,fr,robinhood
source,0.0009300399528212,fr,robinhood
proche,0.0009300399528212,fr,robinhood
scandale,0.0009291208356309,fr,robinhood
confi,0.0009291208356309,fr,robinhood
fifre,0.000928171225478,fr,robinhood
nuptial,0.000928171225478,fr,robinhood
assuron,0.000928171225478,fr,robinhood
oie,0.000928171225478,fr,robinhood
farine,0.000928171225478,fr,robinhood
mangeai,0.000928171225478,fr,robinhood
encombre,0.000928171225478,fr,robinhood
prparaient,0.000928171225478,fr,robinhood
once,0.0009257800776334,fr,robinhood
bave,0.0009257800776334,fr,robinhood
massacr,0.0009257800776334,fr,robinhood
fidlit,0.0009257800776334,fr,robinhood
cargaison,0.0009257800776334,fr,robinhood
risqu,0.0009235466470516,fr,robinhood
entran,0.0009235466470516,fr,robinhood
admirer,0.0009208953558959,fr,robinhood
revenon,0.0009208953558959,fr,robinhood
ironie,0.0009208953558959,fr,robinhood
privilge,0.0009208953558959,fr,robinhood
protgerer,0.0009208953558959,fr,robinhood
palestine,0.0009169383059102,fr,robinhood
resynch,0.0009169383059102,fr,robinhood
etranger,0.0009169383059102,fr,robinhood
planton,0.0009169383059102,fr,robinhood
pound,0.0009169383059102,fr,robinhood
worth,0.0009169383059102,fr,robinhood
enerver,0.0009169383059102,fr,robinhood
lodge,0.0009169383059102,fr,robinhood
réussir,0.0009169383059102,fr,robinhood
bobonn,0.0009169383059102,fr,robinhood
cogneur,0.0009169383059102,fr,robinhood
duperie,0.0009169383059102,fr,robinhood
tabassage,0.0009169383059102,fr,robinhood
ferr,0.0009169383059102,fr,robinhood
inculte,0.0009169383059102,fr,robinhood
epe,0.0009169383059102,fr,robinhood
cessez,0.0009169383059102,fr,robinhood
fiabilit,0.0009169383059102,fr,robinhood
sarrter,0.0009169383059102,fr,robinhood
traverss,0.0009169383059102,fr,robinhood
palabre,0.0009169383059102,fr,robinhood
calcaire,0.0009169383059102,fr,robinhood
dlie,0.0009169383059102,fr,robinhood
cureuil,0.00091626072549,fr,robinhood
moine,0.00091626072549,fr,robinhood
acc,0.0009159264042761,fr,robinhood
frr,0.0009159264042761,fr,robinhood
vengeance,0.0009159264042761,fr,robinhood
poindre,0.0009159264042761,fr,robinhood
soupe,0.0009159264042761,fr,robinhood
chappe,0.0009159264042761,fr,robinhood
ger,0.0009159264042761,fr,robinhood
consquence,0.0009151194957876,fr,robinhood
armurerie,0.0009147998092362,fr,robinhood
prtendant,0.0009147998092362,fr,robinhood
matr,0.0009147998092362,fr,robinhood
rveur,0.0009147998092362,fr,robinhood
boyau,0.0009147998092362,fr,robinhood
limination,0.0009147998092362,fr,robinhood
pit,0.0009147998092362,fr,robinhood
pieux,0.0009147998092362,fr,robinhood
certifi,0.0009147998092362,fr,robinhood
rentron,0.0009127788261192,fr,robinhood
remuer,0.0009127788261192,fr,robinhood
patienter,0.0009127788261192,fr,robinhood
doubler,0.0009127788261192,fr,robinhood
salon,0.0009083843192141,fr,robinhood
masque,0.0009083843192141,fr,robinhood
code,0.0009077554621162,fr,robinhood
lverer,0.0009069227054115,fr,robinhood
soie,0.0009069227054115,fr,robinhood
fouine,0.0009069227054115,fr,robinhood
tac,0.0009069227054115,fr,robinhood
frustration,0.0009069227054115,fr,robinhood
particulir,0.0009069227054115,fr,robinhood
ignoble,0.0009069227054115,fr,robinhood
bandage,0.0009069227054115,fr,robinhood
tolr,0.0009018976635413,fr,robinhood
contester,0.0009018976635413,fr,robinhood
accommoder,0.0009018976635413,fr,robinhood
fatigus,0.0009018976635413,fr,robinhood
jugs,0.0009018976635413,fr,robinhood
geindre,0.0009018976635413,fr,robinhood
rebeller,0.0009018976635413,fr,robinhood
hystrie,0.0009018976635413,fr,robinhood
cruaut,0.0009018976635413,fr,robinhood
croiser,0.0009009188048657,fr,robinhood
cte,0.0009009188048657,fr,robinhood
soif,0.0009009188048657,fr,robinhood
produire,0.0009004541018316,fr,robinhood
supporter,0.0009004541018316,fr,robinhood
voulai,0.0009004541018316,fr,robinhood
grandeur,0.0008977592380253,fr,robinhood
banni,0.0008977592380253,fr,robinhood
semblable,0.0008977592380253,fr,robinhood
lign,0.0008977592380253,fr,robinhood
seau,0.0008977592380253,fr,robinhood
capital,0.0008968613327585,fr,robinhood
souffler,0.0008968613327585,fr,robinhood
gaspiller,0.0008968613327585,fr,robinhood
haïr,0.0008935283220819,fr,robinhood
pouvai,0.0008935283220819,fr,robinhood
profit,0.0008935283220819,fr,robinhood
problm,0.0008935283220819,fr,robinhood
botte,0.0008935283220819,fr,robinhood
pantalon,0.0008935283220819,fr,robinhood
bton,0.0008935283220819,fr,robinhood
solide,0.0008935283220819,fr,robinhood
rigoler,0.0008935283220819,fr,robinhood
herbe,0.0008935283220819,fr,robinhood
patte,0.0008935283220819,fr,robinhood
patrie,0.0008894329639702,fr,robinhood
superficielle,0.0008894329639702,fr,robinhood
complexit,0.0008894329639702,fr,robinhood
dduire,0.0008894329639702,fr,robinhood
crdule,0.0008894329639702,fr,robinhood
trompeur,0.0008894329639702,fr,robinhood
introduire,0.0008890549973895,fr,robinhood
acier,0.0008890549973895,fr,robinhood
,0.0008890549973895,fr,robinhood
gardon,0.0008887639171788,fr,robinhood
ford,0.0008887639171788,fr,robinhood
rflchirer,0.0008887639171788,fr,robinhood
jean,0.0008887639171788,fr,robinhood
chypre,0.0008880678445997,fr,robinhood
cacheter,0.0008880678445997,fr,robinhood
revoler,0.0008880678445997,fr,robinhood
mfierer,0.0008880678445997,fr,robinhood
jarretire,0.0008880678445997,fr,robinhood
cordonnier,0.0008880678445997,fr,robinhood
escompter,0.0008880678445997,fr,robinhood
intendance,0.0008880678445997,fr,robinhood
pickpocket,0.0008880678445997,fr,robinhood
marinade,0.0008880678445997,fr,robinhood
callie,0.0008880678445997,fr,robinhood
seigneurie,0.0008880678445997,fr,robinhood
dorchester,0.0008880678445997,fr,robinhood
bath,0.0008880678445997,fr,robinhood
sductrice,0.0008880678445997,fr,robinhood
souffrante,0.0008880678445997,fr,robinhood
suint,0.0008880678445997,fr,robinhood
garonnet,0.0008880678445997,fr,robinhood
indiffre,0.0008880678445997,fr,robinhood
naissant,0.0008880678445997,fr,robinhood
détester,0.0008880678445997,fr,robinhood
invitation,0.0008862113776597,fr,robinhood
techniquement,0.0008862113776597,fr,robinhood
provoquer,0.0008862113776597,fr,robinhood
tester,0.0008862113776597,fr,robinhood
reproduire,0.0008862113776597,fr,robinhood
blanc,0.0008860351967883,fr,robinhood
prvien,0.0008813468575243,fr,robinhood
endurer,0.0008813468575243,fr,robinhood
profite,0.0008813468575243,fr,robinhood
minuscule,0.0008813468575243,fr,robinhood
camarade,0.0008813468575243,fr,robinhood
requérir,0.0008813468575243,fr,robinhood
chaos,0.0008813468575243,fr,robinhood
grenier,0.0008799306830362,fr,robinhood
distribution,0.0008799306830362,fr,robinhood
crue,0.0008799306830362,fr,robinhood
occupation,0.0008799306830362,fr,robinhood
squence,0.0008799306830362,fr,robinhood
ennuyeux,0.000878966522532,fr,robinhood
foyer,0.000878966522532,fr,robinhood
pomme,0.000878966522532,fr,robinhood
motion,0.000878966522532,fr,robinhood
bonheur,0.000878966522532,fr,robinhood
amusemer,0.0008773770175525,fr,robinhood
subvenir,0.0008773770175525,fr,robinhood
chiffon,0.0008773770175525,fr,robinhood
considr,0.0008737344734276,fr,robinhood
assommer,0.0008737344734276,fr,robinhood
svre,0.0008737344734276,fr,robinhood
dbut,0.0008718546316981,fr,robinhood
responsable,0.0008718546316981,fr,robinhood
traite,0.0008717923500445,fr,robinhood
essai,0.0008717923500445,fr,robinhood
gner,0.0008717923500445,fr,robinhood
clbre,0.0008717923500445,fr,robinhood
jur,0.0008717923500445,fr,robinhood
rgl,0.0008717923500445,fr,robinhood
troubler,0.0008712537975575,fr,robinhood
nounou,0.0008712537975575,fr,robinhood
concurrent,0.0008712537975575,fr,robinhood
offense,0.0008712537975575,fr,robinhood
rendra,0.0008712537975575,fr,robinhood
home,0.0008712537975575,fr,robinhood
raser,0.000866215495175,fr,robinhood
ramnerer,0.000866215495175,fr,robinhood
dup,0.0008657038649473,fr,robinhood
dessein,0.0008657038649473,fr,robinhood
imit,0.0008657038649473,fr,robinhood
possibilit,0.000864687494317,fr,robinhood
traitement,0.000864687494317,fr,robinhood
loigner,0.000864687494317,fr,robinhood
haricot,0.0008627278221097,fr,robinhood
dciderer,0.0008627278221097,fr,robinhood
consquent,0.0008627278221097,fr,robinhood
entourage,0.0008627278221097,fr,robinhood
connatrer,0.0008627278221097,fr,robinhood
spulture,0.0008622423369278,fr,robinhood
désolé,0.0008622423369278,fr,robinhood
denier,0.0008622423369278,fr,robinhood
dfoncez,0.0008622423369278,fr,robinhood
pourchas,0.0008622423369278,fr,robinhood
volon,0.0008622423369278,fr,robinhood
touchon,0.0008622423369278,fr,robinhood
alcve,0.0008622423369278,fr,robinhood
paquetage,0.0008622423369278,fr,robinhood
malpropre,0.0008622423369278,fr,robinhood
compre,0.0008622423369278,fr,robinhood
lache,0.0008622423369278,fr,robinhood
dmesure,0.0008622423369278,fr,robinhood
pourchasss,0.0008622423369278,fr,robinhood
hardi,0.0008622423369278,fr,robinhood
tapage,0.0008622423369278,fr,robinhood
prodigieux,0.0008622423369278,fr,robinhood
rejettent,0.0008622423369278,fr,robinhood
gnreuse,0.0008622423369278,fr,robinhood
absolue,0.0008622423369278,fr,robinhood
manquera,0.0008622423369278,fr,robinhood
confr,0.0008622423369278,fr,robinhood
conviction,0.0008587876582983,fr,robinhood
prenon,0.0008587876582983,fr,robinhood
pince,0.0008587876582983,fr,robinhood
touffer,0.0008587876582983,fr,robinhood
remont,0.0008576506286821,fr,robinhood
cense,0.0008576506286821,fr,robinhood
jame,0.0008576506286821,fr,robinhood
rappell,0.0008576506286821,fr,robinhood
chasser,0.0008576506286821,fr,robinhood
distribu,0.0008543899438543,fr,robinhood
renvoys,0.0008543899438543,fr,robinhood
carcasse,0.0008543899438543,fr,robinhood
ternir,0.0008543899438543,fr,robinhood
sommer,0.0008543899438543,fr,robinhood
marchandis,0.0008543899438543,fr,robinhood
interdi,0.000854347596992,fr,robinhood
raisonner,0.000854347596992,fr,robinhood
scuriser,0.000854347596992,fr,robinhood
commode,0.000854347596992,fr,robinhood
impts,0.000854347596992,fr,robinhood
humili,0.000854347596992,fr,robinhood
rciproque,0.000854347596992,fr,robinhood
collecter,0.000854347596992,fr,robinhood
morceal,0.000854347596992,fr,robinhood
dshabiller,0.000854347596992,fr,robinhood
salive,0.000854347596992,fr,robinhood
saura,0.0008514487796912,fr,robinhood
boucler,0.0008514487796912,fr,robinhood
dlit,0.0008514487796912,fr,robinhood
somme,0.0008506804641991,fr,robinhood
survcu,0.0008506804641991,fr,robinhood
del,0.0008506804641991,fr,robinhood
emprunter,0.0008506804641991,fr,robinhood
mtier,0.0008506804641991,fr,robinhood
arms,0.0008461082226816,fr,robinhood
snateur,0.0008461082226816,fr,robinhood
rjoui,0.0008461082226816,fr,robinhood
connard,0.000844196753758,fr,robinhood
croit,0.000844196753758,fr,robinhood
poigne,0.000844196753758,fr,robinhood
polir,0.000844196753758,fr,robinhood
vit,0.000844196753758,fr,robinhood
chute,0.0008437757482362,fr,robinhood
file,0.0008437757482362,fr,robinhood
succ,0.0008437757482362,fr,robinhood
kent,0.0008434138026875,fr,robinhood
facette,0.0008434138026875,fr,robinhood
infirme,0.0008434138026875,fr,robinhood
indemnit,0.0008434138026875,fr,robinhood
torrer,0.0008388803235172,fr,robinhood
quune,0.0008388803235172,fr,robinhood
souleve,0.0008388803235172,fr,robinhood
retrancher,0.0008388803235172,fr,robinhood
cdre,0.0008388803235172,fr,robinhood
mourrait,0.0008388803235172,fr,robinhood
lintention,0.0008388803235172,fr,robinhood
suprieurs,0.0008388803235172,fr,robinhood
crmonial,0.0008388803235172,fr,robinhood
redistribuer,0.0008388803235172,fr,robinhood
dlier,0.0008388803235172,fr,robinhood
postulant,0.0008388803235172,fr,robinhood
hbergement,0.0008388803235172,fr,robinhood
durement,0.0008388803235172,fr,robinhood
appuye,0.0008388803235172,fr,robinhood
labourer,0.0008388803235172,fr,robinhood
brlon,0.0008388803235172,fr,robinhood
rquisition,0.0008388803235172,fr,robinhood
fighting,0.0008388803235172,fr,robinhood
bafouer,0.0008388803235172,fr,robinhood
complaire,0.0008388803235172,fr,robinhood
dfendus,0.0008388803235172,fr,robinhood
dsirs,0.0008388803235172,fr,robinhood
trousse,0.00083800504263,fr,robinhood
trangement,0.00083800504263,fr,robinhood
grenouille,0.00083800504263,fr,robinhood
gage,0.0008370295487868,fr,robinhood
saurai,0.0008370295487868,fr,robinhood
salir,0.0008370295487868,fr,robinhood
augmenter,0.0008369352631199,fr,robinhood
aveugle,0.0008369352631199,fr,robinhood
habiller,0.0008369352631199,fr,robinhood
russir,0.0008369352631199,fr,robinhood
chaperon,0.0008327558557625,fr,robinhood
publiquement,0.0008327558557625,fr,robinhood
protgera,0.0008327558557625,fr,robinhood
connaissent,0.0008327558557625,fr,robinhood
spcimen,0.0008327558557625,fr,robinhood
bienfaisance,0.0008327558557625,fr,robinhood
apprciai,0.0008327558557625,fr,robinhood
frayer,0.0008327558557625,fr,robinhood
penchant,0.0008327558557625,fr,robinhood
remarquer,0.0008301578248461,fr,robinhood
plaiser,0.0008301578248461,fr,robinhood
couleur,0.0008301578248461,fr,robinhood
impressionnant,0.000830033627458,fr,robinhood
fonder,0.000830033627458,fr,robinhood
dirigeant,0.000830033627458,fr,robinhood
bas,0.0008299452035331,fr,robinhood
deuxim,0.0008234422818501,fr,robinhood
devin,0.0008229418239978,fr,robinhood
condamn,0.0008229418239978,fr,robinhood
insulter,0.0008229418239978,fr,robinhood
fouill,0.0008229418239978,fr,robinhood
huile,0.0008229418239978,fr,robinhood
expdier,0.0008223981729814,fr,robinhood
rvolte,0.0008223981729814,fr,robinhood
terroris,0.0008223981729814,fr,robinhood
extrait,0.0008223981729814,fr,robinhood
dlicieus,0.0008223981729814,fr,robinhood
attentionn,0.0008221897604151,fr,robinhood
exotique,0.0008221897604151,fr,robinhood
baigner,0.0008221897604151,fr,robinhood
abonder,0.0008175524762686,fr,robinhood
lieue,0.0008175524762686,fr,robinhood
assurai,0.0008175524762686,fr,robinhood
combls,0.0008175524762686,fr,robinhood
imbib,0.0008175524762686,fr,robinhood
rcompens,0.0008175524762686,fr,robinhood
lucarne,0.0008175524762686,fr,robinhood
damas,0.0008175524762686,fr,robinhood
nervement,0.0008175524762686,fr,robinhood
approchs,0.0008175524762686,fr,robinhood
flagellation,0.0008175524762686,fr,robinhood
bougeon,0.0008175524762686,fr,robinhood
corchure,0.0008175524762686,fr,robinhood
teinte,0.0008175524762686,fr,robinhood
renie,0.0008175524762686,fr,robinhood
construison,0.0008175524762686,fr,robinhood
dargent,0.0008175524762686,fr,robinhood
suffisamer,0.0008175524762686,fr,robinhood
canicule,0.0008175524762686,fr,robinhood
dsirai,0.0008175524762686,fr,robinhood
gchent,0.0008175524762686,fr,robinhood
amass,0.0008175524762686,fr,robinhood
regroupement,0.0008175524762686,fr,robinhood
glorifier,0.0008175524762686,fr,robinhood
enttement,0.0008175524762686,fr,robinhood
lheure,0.0008175524762686,fr,robinhood
sornette,0.0008175524762686,fr,robinhood
juger,0.0008167875138323,fr,robinhood
final,0.0008167875138323,fr,robinhood
attente,0.0008167875138323,fr,robinhood
cran,0.0008167875138323,fr,robinhood
monstre,0.0008167875138323,fr,robinhood
dise,0.0008167875138323,fr,robinhood
discut,0.0008160175803882,fr,robinhood
aimerai,0.0008160175803882,fr,robinhood
liminer,0.0008160175803882,fr,robinhood
quatrime,0.0008160175803882,fr,robinhood
invention,0.0008144694239843,fr,robinhood
fir,0.0008144694239843,fr,robinhood
pion,0.0008144694239843,fr,robinhood
comportemer,0.0008123242983376,fr,robinhood
mpriser,0.0008123242983376,fr,robinhood
vaniteux,0.0008123242983376,fr,robinhood
charlatan,0.0008123242983376,fr,robinhood
gaspill,0.0008123242983376,fr,robinhood
lcher,0.0008101924306362,fr,robinhood
adore,0.0008101924306362,fr,robinhood
ouverture,0.0008091707042479,fr,robinhood
dtendre,0.0008091707042479,fr,robinhood
cesse,0.0008091707042479,fr,robinhood
entrane,0.0008091707042479,fr,robinhood
dfunt,0.0008068687875252,fr,robinhood
noy,0.0008068687875252,fr,robinhood
vain,0.0008068687875252,fr,robinhood
fasse,0.0008036559711774,fr,robinhood
fournir,0.0008036559711774,fr,robinhood
sremer,0.0008036559711774,fr,robinhood
poque,0.0008036559711774,fr,robinhood
bcher,0.0008025190926306,fr,robinhood
gluant,0.0008025190926306,fr,robinhood
arche,0.0008025190926306,fr,robinhood
dixime,0.0008025190926306,fr,robinhood
bnficier,0.0008025190926306,fr,robinhood
remboursement,0.0008025190926306,fr,robinhood
procde,0.0008025190926306,fr,robinhood
recoin,0.0008025190926306,fr,robinhood
nulle,0.0008023994857457,fr,robinhood
nomm,0.0008023994857457,fr,robinhood
davantage,0.0008023994857457,fr,robinhood
prtender,0.0008023994857457,fr,robinhood
sauveur,0.0007993841958604,fr,robinhood
sabot,0.0007993841958604,fr,robinhood
formule,0.0007993841958604,fr,robinhood
rassurant,0.0007993841958604,fr,robinhood
aligne,0.0007979327586904,fr,robinhood
ddommag,0.0007979327586904,fr,robinhood
poignarde,0.0007979327586904,fr,robinhood
volage,0.0007979327586904,fr,robinhood
feinte,0.0007979327586904,fr,robinhood
souffrira,0.0007979327586904,fr,robinhood
guilde,0.0007979327586904,fr,robinhood
levant,0.0007979327586904,fr,robinhood
dbloqu,0.0007979327586904,fr,robinhood
prit,0.0007979327586904,fr,robinhood
arrivaient,0.0007979327586904,fr,robinhood
confisqus,0.0007979327586904,fr,robinhood
lavoir,0.0007979327586904,fr,robinhood
otto,0.0007979327586904,fr,robinhood
cravache,0.0007979327586904,fr,robinhood
aristocrate,0.0007979327586904,fr,robinhood
chle,0.0007979327586904,fr,robinhood
dcourag,0.0007979327586904,fr,robinhood
accordon,0.0007979327586904,fr,robinhood
tenu,0.0007979327586904,fr,robinhood
hocher,0.0007979327586904,fr,robinhood
dplaisante,0.0007979327586904,fr,robinhood
tortionnaire,0.0007979327586904,fr,robinhood
promis,0.0007971771024182,fr,robinhood
bref,0.0007971771024182,fr,robinhood
vrifie,0.0007971771024182,fr,robinhood
puissance,0.0007957022711128,fr,robinhood
instruction,0.0007957022711128,fr,robinhood
injuste,0.0007957022711128,fr,robinhood
renforc,0.0007929685966141,fr,robinhood
intoxication,0.0007929685966141,fr,robinhood
radiquer,0.0007929685966141,fr,robinhood
bandit,0.0007929685966141,fr,robinhood
pathtiquer,0.0007929685966141,fr,robinhood
bannir,0.0007929685966141,fr,robinhood
spencer,0.0007929685966141,fr,robinhood
mmoriser,0.0007929685966141,fr,robinhood
gcherer,0.0007929685966141,fr,robinhood
acqurir,0.0007929685966141,fr,robinhood
tablie,0.0007929685966141,fr,robinhood
intrigu,0.0007920121587206,fr,robinhood
comprhension,0.0007920121587206,fr,robinhood
boeuf,0.0007920121587206,fr,robinhood
confusion,0.0007920121587206,fr,robinhood
walter,0.0007920121587206,fr,robinhood
tas,0.0007907548183881,fr,robinhood
recommencer,0.0007907548183881,fr,robinhood
saluer,0.0007890774602184,fr,robinhood
sacrifice,0.0007890774602184,fr,robinhood
lot,0.0007890774602184,fr,robinhood
douzaine,0.0007890774602184,fr,robinhood
ambitieux,0.0007847493409712,fr,robinhood
pitoyable,0.0007847493409712,fr,robinhood
col,0.0007847493409712,fr,robinhood
doubl,0.0007847493409712,fr,robinhood
pou,0.0007847493409712,fr,robinhood
peser,0.0007847493409712,fr,robinhood
expulser,0.0007847493409712,fr,robinhood
thorie,0.0007843881392465,fr,robinhood
approche,0.0007843881392465,fr,robinhood
soigne,0.0007836599114736,fr,robinhood
agonie,0.0007836599114736,fr,robinhood
sauron,0.0007836599114736,fr,robinhood
rsolu,0.0007825235042745,fr,robinhood
feuille,0.0007825235042745,fr,robinhood
verron,0.0007797677374635,fr,robinhood
christianisme,0.0007797677374635,fr,robinhood
forge,0.0007797677374635,fr,robinhood
lamentation,0.0007797677374635,fr,robinhood
aimeraient,0.0007797677374635,fr,robinhood
protgeron,0.0007797677374635,fr,robinhood
suspendue,0.0007797677374635,fr,robinhood
lgitimit,0.0007797677374635,fr,robinhood
bientot,0.0007797677374635,fr,robinhood
sap,0.0007797677374635,fr,robinhood
sciemmer,0.0007797677374635,fr,robinhood
bnit,0.0007797677374635,fr,robinhood
subite,0.0007797677374635,fr,robinhood
honorablement,0.0007797677374635,fr,robinhood
auf,0.0007797677374635,fr,robinhood
spartiate,0.0007797677374635,fr,robinhood
aaah,0.0007797677374635,fr,robinhood
alterne,0.0007797677374635,fr,robinhood
revirement,0.0007797677374635,fr,robinhood
wiedersehen,0.0007797677374635,fr,robinhood
exploser,0.0007780761103853,fr,robinhood
gosse,0.0007780761103853,fr,robinhood
totalement,0.0007780761103853,fr,robinhood
couche,0.0007780761103853,fr,robinhood
ptrin,0.0007775925535524,fr,robinhood
loger,0.0007775925535524,fr,robinhood
prouv,0.0007760389036632,fr,robinhood
fouille,0.0007760389036632,fr,robinhood
jeudi,0.0007760389036632,fr,robinhood
fonction,0.0007760389036632,fr,robinhood
pic,0.0007760389036632,fr,robinhood
viser,0.0007760389036632,fr,robinhood
prendra,0.0007760389036632,fr,robinhood
pous,0.0007760389036632,fr,robinhood
rejeter,0.0007760389036632,fr,robinhood
poilu,0.000774581094064,fr,robinhood
entrainement,0.000774581094064,fr,robinhood
chevaucher,0.000774581094064,fr,robinhood
pardonne,0.000774581094064,fr,robinhood
sosie,0.000774581094064,fr,robinhood
agoniser,0.000774581094064,fr,robinhood
tambour,0.000774581094064,fr,robinhood
dress,0.000774581094064,fr,robinhood
flanc,0.000774581094064,fr,robinhood
crit,0.0007718178015699,fr,robinhood
voiture,0.0007718178015699,fr,robinhood
prcieus,0.0007705387450713,fr,robinhood
regardon,0.0007705387450713,fr,robinhood
rvle,0.0007705387450713,fr,robinhood
destination,0.0007705387450713,fr,robinhood
larme,0.0007696222058763,fr,robinhood
remet,0.0007696222058763,fr,robinhood
poursuite,0.0007696222058763,fr,robinhood
amus,0.0007696222058763,fr,robinhood
maximum,0.0007696222058763,fr,robinhood
ardent,0.0007657210647737,fr,robinhood
clbration,0.0007657210647737,fr,robinhood
remettez,0.0007657210647737,fr,robinhood
roger,0.0007657210647737,fr,robinhood
lawrence,0.0007657210647737,fr,robinhood
double,0.0007656123061166,fr,robinhood
liste,0.0007656123061166,fr,robinhood
steven,0.0007635849939907,fr,robinhood
exagre,0.0007635849939907,fr,robinhood
ngociation,0.0007635849939907,fr,robinhood
pouvon,0.0007635849939907,fr,robinhood
inspiration,0.0007635849939907,fr,robinhood
vilain,0.0007632720035634,fr,robinhood
commenon,0.0007632720035634,fr,robinhood
navr,0.0007632720035634,fr,robinhood
saute,0.0007632720035634,fr,robinhood
dlabr,0.0007628565072862,fr,robinhood
dcret,0.0007628565072862,fr,robinhood
festoyer,0.0007628565072862,fr,robinhood
tonnement,0.0007628565072862,fr,robinhood
dissident,0.0007628565072862,fr,robinhood
lheur,0.0007628565072862,fr,robinhood
tranquillemer,0.0007628565072862,fr,robinhood
confre,0.0007628565072862,fr,robinhood
destituer,0.0007628565072862,fr,robinhood
marquage,0.0007628565072862,fr,robinhood
rappelon,0.0007628565072862,fr,robinhood
ligote,0.0007628565072862,fr,robinhood
contr,0.0007628565072862,fr,robinhood
exhum,0.0007628565072862,fr,robinhood
artisanat,0.0007628565072862,fr,robinhood
prner,0.0007628565072862,fr,robinhood
pignon,0.0007628565072862,fr,robinhood
dmoralis,0.0007628565072862,fr,robinhood
sagit,0.0007628565072862,fr,robinhood
cribl,0.0007628565072862,fr,robinhood
occup,0.0007594587401043,fr,robinhood
appelle,0.0007594587401043,fr,robinhood
pote,0.0007594587401043,fr,robinhood
exprience,0.0007594587401043,fr,robinhood
possd,0.0007570695262311,fr,robinhood
proprement,0.0007570695262311,fr,robinhood
ouvertement,0.0007570695262311,fr,robinhood
pardonnerai,0.0007570695262311,fr,robinhood
chec,0.0007569869326784,fr,robinhood
rduit,0.0007569869326784,fr,robinhood
caus,0.0007569869326784,fr,robinhood
grec,0.0007567285013632,fr,robinhood
diabolique,0.0007567285013632,fr,robinhood
pen,0.0007533562416184,fr,robinhood
incapable,0.0007507656707214,fr,robinhood
enfermer,0.0007507656707214,fr,robinhood
rassurer,0.0007507656707214,fr,robinhood
supplmentaire,0.0007499665840676,fr,robinhood
maternel,0.0007499665840676,fr,robinhood
utilit,0.0007499665840676,fr,robinhood
dmonstration,0.0007499665840676,fr,robinhood
ouvrez,0.0007499665840676,fr,robinhood
voyag,0.0007499665840676,fr,robinhood
reconstruire,0.0007499665840676,fr,robinhood
bonhomme,0.0007499665840676,fr,robinhood
abandonns,0.0007486168913577,fr,robinhood
labeur,0.0007486168913577,fr,robinhood
renier,0.0007486168913577,fr,robinhood
satisfaisant,0.0007486168913577,fr,robinhood
licenciement,0.0007486168913577,fr,robinhood
nant,0.0007486168913577,fr,robinhood
mner,0.0007486168913577,fr,robinhood
cire,0.0007486168913577,fr,robinhood
coopre,0.0007486168913577,fr,robinhood
combattant,0.0007486168913577,fr,robinhood
normal,0.0007473039700269,fr,robinhood
but,0.0007473039700269,fr,robinhood
asservir,0.0007470371079375,fr,robinhood
courber,0.0007470371079375,fr,robinhood
iraient,0.0007470371079375,fr,robinhood
plaignai,0.0007470371079375,fr,robinhood
dansant,0.0007470371079375,fr,robinhood
ingestion,0.0007470371079375,fr,robinhood
dcisiv,0.0007470371079375,fr,robinhood
dshonneur,0.0007470371079375,fr,robinhood
clerg,0.0007470371079375,fr,robinhood
dsillusion,0.0007470371079375,fr,robinhood
naime,0.0007470371079375,fr,robinhood
fauteur,0.0007470371079375,fr,robinhood
nte,0.0007470371079375,fr,robinhood
foret,0.0007470371079375,fr,robinhood
entourloupe,0.0007470371079375,fr,robinhood
fouett,0.0007470371079375,fr,robinhood
nierai,0.0007470371079375,fr,robinhood
apprivoiser,0.0007470371079375,fr,robinhood
racaille,0.0007470371079375,fr,robinhood
dbrouiller,0.0007446069350682,fr,robinhood
creuser,0.0007446069350682,fr,robinhood
avaler,0.0007446069350682,fr,robinhood
passs,0.0007446069350682,fr,robinhood
critique,0.0007446069350682,fr,robinhood
reconnatre,0.0007446069350682,fr,robinhood
protecteur,0.0007432966685047,fr,robinhood
vaincre,0.0007432966685047,fr,robinhood
cambriolage,0.0007432966685047,fr,robinhood
infect,0.0007432966685047,fr,robinhood
orphelin,0.0007432966685047,fr,robinhood
dtail,0.0007413011052851,fr,robinhood
ignorer,0.0007413011052851,fr,robinhood
emprisonner,0.0007403542195078,fr,robinhood
tyran,0.0007403542195078,fr,robinhood
induire,0.0007403542195078,fr,robinhood
pomper,0.0007403542195078,fr,robinhood
prolonger,0.0007403542195078,fr,robinhood
unit,0.0007385094813831,fr,robinhood
termine,0.0007385094813831,fr,robinhood
former,0.0007385094813831,fr,robinhood
rver,0.0007385094813831,fr,robinhood
incident,0.0007385094813831,fr,robinhood
ete,0.0007367162847167,fr,robinhood
ouvrier,0.0007367162847167,fr,robinhood
migraine,0.0007367162847167,fr,robinhood
compltement,0.0007353468472689,fr,robinhood
dou,0.00073247210211,fr,robinhood
autoriser,0.00073247210211,fr,robinhood
affreux,0.00073247210211,fr,robinhood
boisson,0.00073247210211,fr,robinhood
visiter,0.00073247210211,fr,robinhood
participer,0.00073247210211,fr,robinhood
ordur,0.0007322731596267,fr,robinhood
millnaire,0.0007322731596267,fr,robinhood
saign,0.0007322731596267,fr,robinhood
enchan,0.0007322731596267,fr,robinhood
regrett,0.0007322731596267,fr,robinhood
achev,0.0007322731596267,fr,robinhood
ecart,0.000732177066431,fr,robinhood
dcrt,0.000732177066431,fr,robinhood
attenter,0.000732177066431,fr,robinhood
imposture,0.000732177066431,fr,robinhood
wild,0.000732177066431,fr,robinhood
malfaiser,0.000732177066431,fr,robinhood
invitable,0.000732177066431,fr,robinhood
indisciplin,0.000732177066431,fr,robinhood
recoucher,0.000732177066431,fr,robinhood
dtestent,0.000732177066431,fr,robinhood
pompette,0.000732177066431,fr,robinhood
somnambulisme,0.000732177066431,fr,robinhood
dplacez,0.000732177066431,fr,robinhood
obstination,0.000732177066431,fr,robinhood
saphir,0.000732177066431,fr,robinhood
surestime,0.000732177066431,fr,robinhood
jaimerer,0.000732177066431,fr,robinhood
frustrant,0.000732177066431,fr,robinhood
moquai,0.000732177066431,fr,robinhood
prdir,0.000732177066431,fr,robinhood
something,0.000732177066431,fr,robinhood
magot,0.000732177066431,fr,robinhood
fournit,0.000732177066431,fr,robinhood
sems,0.000732177066431,fr,robinhood
menaaient,0.000732177066431,fr,robinhood
synchronisé,0.0007302230608954,fr,robinhood
proccuper,0.0007302230608954,fr,robinhood
construction,0.0007302230608954,fr,robinhood
niqu,0.0007302230608954,fr,robinhood
apprci,0.0007264936250371,fr,robinhood
effacer,0.0007264936250371,fr,robinhood
intervenir,0.0007264936250371,fr,robinhood
vis,0.0007264936250371,fr,robinhood
dplacer,0.0007264936250371,fr,robinhood
fiancer,0.0007243658995238,fr,robinhood
gouffre,0.0007243658995238,fr,robinhood
application,0.0007243658995238,fr,robinhood
consolation,0.0007243658995238,fr,robinhood
repentir,0.0007243658995238,fr,robinhood
dcorer,0.0007243658995238,fr,robinhood
mascarade,0.0007243658995238,fr,robinhood
rome,0.0007243658995238,fr,robinhood
oppose,0.0007243658995238,fr,robinhood
hmorragie,0.0007238147182502,fr,robinhood
briller,0.0007238147182502,fr,robinhood
veuill,0.0007238147182502,fr,robinhood
confession,0.0007238147182502,fr,robinhood
menotte,0.0007238147182502,fr,robinhood
compagnon,0.0007238147182502,fr,robinhood
production,0.0007238147182502,fr,robinhood
oncle,0.0007205729119308,fr,robinhood
engag,0.0007205729119308,fr,robinhood
cri,0.0007205729119308,fr,robinhood
cre,0.0007205729119308,fr,robinhood
contenir,0.0007205729119308,fr,robinhood
lment,0.0007205729119308,fr,robinhood
hibou,0.000718166646627,fr,robinhood
contourn,0.000718166646627,fr,robinhood
derby,0.000718166646627,fr,robinhood
vaciller,0.000718166646627,fr,robinhood
bouh,0.000718166646627,fr,robinhood
dpotoir,0.000718166646627,fr,robinhood
roussi,0.000718166646627,fr,robinhood
loquent,0.000718166646627,fr,robinhood
bibelot,0.000718166646627,fr,robinhood
baume,0.000718166646627,fr,robinhood
ouvrira,0.000718166646627,fr,robinhood
patienc,0.000718166646627,fr,robinhood
prosterner,0.000718166646627,fr,robinhood
rjouissez,0.000718166646627,fr,robinhood
atteler,0.000718166646627,fr,robinhood
charde,0.000718166646627,fr,robinhood
dignit,0.0007174890662068,fr,robinhood
protgeer,0.0007174890662068,fr,robinhood
nuage,0.0007174890662068,fr,robinhood
compatir,0.0007174890662068,fr,robinhood
crie,0.0007174890662068,fr,robinhood
benjamin,0.0007166251204848,fr,robinhood
cerner,0.0007166251204848,fr,robinhood
hop,0.0007166251204848,fr,robinhood
aigle,0.0007166251204848,fr,robinhood
obliger,0.0007147088572351,fr,robinhood
subtil,0.0007112439979116,fr,robinhood
voyou,0.0007112439979116,fr,robinhood
creux,0.0007112439979116,fr,robinhood
applique,0.0007112439979116,fr,robinhood
sche,0.0007112439979116,fr,robinhood
incendi,0.0007090439565661,fr,robinhood
prcieuse,0.0007090439565661,fr,robinhood
appartien,0.0007090439565661,fr,robinhood
cohrent,0.0007090439565661,fr,robinhood
allume,0.0007090439565661,fr,robinhood
prparatif,0.0007090439565661,fr,robinhood
personnellement,0.0007089003868326,fr,robinhood
plaisante,0.0007089003868326,fr,robinhood
sommeil,0.0007089003868326,fr,robinhood
puisser,0.0007089003868326,fr,robinhood
sourd,0.0007050774860194,fr,robinhood
tratr,0.0007049139263931,fr,robinhood
gent,0.0007049139263931,fr,robinhood
paen,0.0007049139263931,fr,robinhood
arborer,0.0007049139263931,fr,robinhood
appeliez,0.0007049139263931,fr,robinhood
dcidier,0.0007049139263931,fr,robinhood
croyon,0.0007049139263931,fr,robinhood
meutre,0.0007049139263931,fr,robinhood
treindre,0.0007049139263931,fr,robinhood
rmunr,0.0007049139263931,fr,robinhood
eteigner,0.0007049139263931,fr,robinhood
ensevelir,0.0007049139263931,fr,robinhood
ingnieu,0.0007049139263931,fr,robinhood
chiche,0.0007049139263931,fr,robinhood
largent,0.0007049139263931,fr,robinhood
chrisser,0.0007049139263931,fr,robinhood
ramer,0.0007049139263931,fr,robinhood
dtriment,0.0007049139263931,fr,robinhood
enclenche,0.0007049139263931,fr,robinhood
distribue,0.0007049139263931,fr,robinhood
attnue,0.0007049139263931,fr,robinhood
dcidez,0.0007049139263931,fr,robinhood
fraiche,0.0007049139263931,fr,robinhood
propritaire,0.0007031464568635,fr,robinhood
chass,0.000701615958,fr,robinhood
maquiller,0.000701615958,fr,robinhood
impitoyable,0.000701615958,fr,robinhood
profession,0.000701615958,fr,robinhood
rjouir,0.000701615958,fr,robinhood
livr,0.000698987578742,fr,robinhood
dnoncer,0.000698987578742,fr,robinhood
gnralement,0.000698987578742,fr,robinhood
tarte,0.000698987578742,fr,robinhood
empcherer,0.000698987578742,fr,robinhood
nettoy,0.000698987578742,fr,robinhood
rveille,0.0006974460525999,fr,robinhood
achte,0.0006974460525999,fr,robinhood
pensent,0.0006974460525999,fr,robinhood
curieux,0.0006974460525999,fr,robinhood
allumer,0.0006974460525999,fr,robinhood
colis,0.000694335058225,fr,robinhood
inculp,0.000694335058225,fr,robinhood
vendu,0.000694335058225,fr,robinhood
contenu,0.00069297239614,fr,robinhood
dpense,0.00069297239614,fr,robinhood
tabli,0.00069297239614,fr,robinhood
pop,0.00069297239614,fr,robinhood
remercierai,0.0006923411389551,fr,robinhood
hautain,0.0006923411389551,fr,robinhood
sanguinaire,0.0006923411389551,fr,robinhood
prompt,0.0006923411389551,fr,robinhood
escouade,0.0006923411389551,fr,robinhood
rustique,0.0006923411389551,fr,robinhood
sottise,0.0006923411389551,fr,robinhood
arte,0.0006923411389551,fr,robinhood
dlgue,0.0006923411389551,fr,robinhood
exprime,0.0006923411389551,fr,robinhood
parleron,0.0006923411389551,fr,robinhood
maitriser,0.0006923411389551,fr,robinhood
brasserie,0.0006923411389551,fr,robinhood
doutez,0.0006923411389551,fr,robinhood
naissance,0.0006917981873718,fr,robinhood
endormir,0.0006917981873718,fr,robinhood
rappelle,0.0006917981873718,fr,robinhood
gramme,0.0006917981873718,fr,robinhood
cot,0.0006917981873718,fr,robinhood
brut,0.0006871955441175,fr,robinhood
complique,0.0006871955441175,fr,robinhood
group,0.0006871955441175,fr,robinhood
emprise,0.0006871955441175,fr,robinhood
tabac,0.0006871955441175,fr,robinhood
morgan,0.0006871955441175,fr,robinhood
obisser,0.0006871955441175,fr,robinhood
ressusciter,0.0006871955441175,fr,robinhood
orier,0.0006871955441175,fr,robinhood
maria,0.0006871955441175,fr,robinhood
distribuer,0.0006870301266386,fr,robinhood
destruction,0.0006870301266386,fr,robinhood
dira,0.0006870301266386,fr,robinhood
crever,0.0006870301266386,fr,robinhood
logique,0.0006862019015418,fr,robinhood
pur,0.0006862019015418,fr,robinhood
menacer,0.0006862019015418,fr,robinhood
copain,0.0006862019015418,fr,robinhood
parlon,0.0006862019015418,fr,robinhood
tempte,0.0006811590237529,fr,robinhood
disant,0.0006811590237529,fr,robinhood
pointe,0.0006806562615269,fr,robinhood
bte,0.0006806562615269,fr,robinhood
galanterie,0.0006803819078218,fr,robinhood
privilgis,0.0006803819078218,fr,robinhood
allge,0.0006803819078218,fr,robinhood
dell,0.0006803819078218,fr,robinhood
conservation,0.0006803819078218,fr,robinhood
clamer,0.0006803819078218,fr,robinhood
dlicatemer,0.0006803819078218,fr,robinhood
dirigs,0.0006803819078218,fr,robinhood
vacer,0.0006803819078218,fr,robinhood
rapace,0.0006803819078218,fr,robinhood
dceler,0.0006803819078218,fr,robinhood
entte,0.0006803819078218,fr,robinhood
rconcilie,0.0006803819078218,fr,robinhood
discorde,0.0006803819078218,fr,robinhood
pill,0.0006803819078218,fr,robinhood
hollande,0.0006803819078218,fr,robinhood
indcent,0.0006803819078218,fr,robinhood
tinquite,0.0006803819078218,fr,robinhood
condamnation,0.0006801920290586,fr,robinhood
sceller,0.0006801920290586,fr,robinhood
sduit,0.0006801920290586,fr,robinhood
intress,0.0006753574030064,fr,robinhood
ordure,0.0006753574030064,fr,robinhood
habiter,0.0006751603588635,fr,robinhood
endur,0.000673319428519,fr,robinhood
boit,0.000673319428519,fr,robinhood
blaguer,0.000673319428519,fr,robinhood
frapp,0.0006697133093145,fr,robinhood
annuler,0.0006697133093145,fr,robinhood
unique,0.0006697133093145,fr,robinhood
marin,0.0006696236390294,fr,robinhood
statut,0.0006696236390294,fr,robinhood
empch,0.0006696236390294,fr,robinhood
puant,0.0006689791255445,fr,robinhood
dchaner,0.0006689791255445,fr,robinhood
betterave,0.0006689791255445,fr,robinhood
tympan,0.0006689791255445,fr,robinhood
dserteur,0.0006689791255445,fr,robinhood
dmenti,0.0006689791255445,fr,robinhood
rejeton,0.0006689791255445,fr,robinhood
conseille,0.0006689791255445,fr,robinhood
impatiemment,0.0006689791255445,fr,robinhood
suivez,0.0006689791255445,fr,robinhood
accueillon,0.0006689791255445,fr,robinhood
jallai,0.0006689791255445,fr,robinhood
faucher,0.0006689791255445,fr,robinhood
cervell,0.0006689791255445,fr,robinhood
insaisissable,0.0006689791255445,fr,robinhood
ncessiteux,0.0006689791255445,fr,robinhood
mourrir,0.0006689791255445,fr,robinhood
palmer,0.0006689791255445,fr,robinhood
dlicieusement,0.0006689791255445,fr,robinhood
hurlant,0.0006689791255445,fr,robinhood
hasardeux,0.0006689791255445,fr,robinhood
tueront,0.0006689791255445,fr,robinhood
mriterer,0.0006689791255445,fr,robinhood
crim,0.0006665729378841,fr,robinhood
enseignement,0.0006665729378841,fr,robinhood
voyageur,0.0006665729378841,fr,robinhood
scandaleux,0.0006665729378841,fr,robinhood
fentre,0.0006643142520152,fr,robinhood
poche,0.0006643142520152,fr,robinhood
finalement,0.0006643142520152,fr,robinhood
transcript,0.0006639561628265,fr,robinhood
espionner,0.0006639561628265,fr,robinhood
install,0.0006639561628265,fr,robinhood
mercredi,0.0006639561628265,fr,robinhood
comique,0.0006599480122771,fr,robinhood
propose,0.0006599480122771,fr,robinhood
ampleur,0.0006599480122771,fr,robinhood
rebecca,0.0006599480122771,fr,robinhood
intermdiaire,0.0006599480122771,fr,robinhood
corruption,0.0006599480122771,fr,robinhood
page,0.0006589623486568,fr,robinhood
parfaitement,0.0006589623486568,fr,robinhood
terminer,0.0006589623486568,fr,robinhood
monte,0.0006589623486568,fr,robinhood
poste,0.0006589623486568,fr,robinhood
taille,0.0006589623486568,fr,robinhood
attacher,0.0006583534591983,fr,robinhood
soumettre,0.0006583534591983,fr,robinhood
poumon,0.0006583534591983,fr,robinhood
ose,0.0006583534591983,fr,robinhood
temporaire,0.0006583534591983,fr,robinhood
dcamper,0.0006580833043905,fr,robinhood
dbusquer,0.0006580833043905,fr,robinhood
goudron,0.0006580833043905,fr,robinhood
judas,0.0006580833043905,fr,robinhood
dautre,0.0006580833043905,fr,robinhood
great,0.0006580833043905,fr,robinhood
consolider,0.0006580833043905,fr,robinhood
baign,0.0006580833043905,fr,robinhood
dpendante,0.0006580833043905,fr,robinhood
amusement,0.0006580833043905,fr,robinhood
dore,0.0006580833043905,fr,robinhood
oncl,0.0006580833043905,fr,robinhood
apptissant,0.0006580833043905,fr,robinhood
ruer,0.0006580833043905,fr,robinhood
ananti,0.0006580833043905,fr,robinhood
maitre,0.0006580833043905,fr,robinhood
episod,0.0006580833043905,fr,robinhood
adonner,0.0006580833043905,fr,robinhood
ravitaillement,0.0006580833043905,fr,robinhood
disaient,0.0006580833043905,fr,robinhood
attentionne,0.0006580833043905,fr,robinhood
broy,0.0006580833043905,fr,robinhood
rgiment,0.0006580833043905,fr,robinhood
puit,0.0006580833043905,fr,robinhood
douloureusement,0.0006580833043905,fr,robinhood
dynastie,0.0006580833043905,fr,robinhood
tuai,0.0006580833043905,fr,robinhood
poussir,0.0006580833043905,fr,robinhood
soire,0.0006536567827054,fr,robinhood
perte,0.0006536567827054,fr,robinhood
merdier,0.0006534403481681,fr,robinhood
tentant,0.0006534403481681,fr,robinhood
prdit,0.0006534403481681,fr,robinhood
emprisonn,0.0006534403481681,fr,robinhood
rglerer,0.0006534403481681,fr,robinhood
vaste,0.0006534403481681,fr,robinhood
respectable,0.0006534403481681,fr,robinhood
possder,0.0006528140643106,fr,robinhood
bravo,0.0006528140643106,fr,robinhood
intelligence,0.0006528140643106,fr,robinhood
adapter,0.0006528140643106,fr,robinhood
gnral,0.0006483967586544,fr,robinhood
grer,0.0006483967586544,fr,robinhood
fourche,0.0006476512782959,fr,robinhood
effmin,0.0006476512782959,fr,robinhood
prir,0.0006476512782959,fr,robinhood
comestible,0.0006476512782959,fr,robinhood
flicit,0.0006476512782959,fr,robinhood
innovation,0.0006476512782959,fr,robinhood
redescend,0.0006476512782959,fr,robinhood
quun,0.0006476512782959,fr,robinhood
mprisabl,0.0006476512782959,fr,robinhood
levon,0.0006476512782959,fr,robinhood
palet,0.0006476512782959,fr,robinhood
attriste,0.0006476512782959,fr,robinhood
rpartir,0.0006476512782959,fr,robinhood
jaime,0.0006476512782959,fr,robinhood
immense,0.0006473365633983,fr,robinhood
nouvelle,0.0006473365633983,fr,robinhood
prononcer,0.0006473365633983,fr,robinhood
insist,0.0006473365633983,fr,robinhood
michael,0.0006473365633983,fr,robinhood
ennuie,0.0006473365633983,fr,robinhood
sjour,0.0006473365633983,fr,robinhood
humble,0.0006470458665823,fr,robinhood
endommag,0.0006470458665823,fr,robinhood
pleurnicher,0.0006470458665823,fr,robinhood
ingrat,0.0006470458665823,fr,robinhood
costaud,0.0006470458665823,fr,robinhood
passionner,0.0006470458665823,fr,robinhood
tal,0.0006470458665823,fr,robinhood
convaincue,0.0006470458665823,fr,robinhood
terme,0.0006431815013082,fr,robinhood
apprcie,0.0006431815013082,fr,robinhood
relation,0.0006431815013082,fr,robinhood
mchant,0.0006431815013082,fr,robinhood
parvenir,0.0006419195885965,fr,robinhood
ira,0.0006419195885965,fr,robinhood
imagination,0.0006419195885965,fr,robinhood
ressaisir,0.000640760697744,fr,robinhood
rpugner,0.000640760697744,fr,robinhood
imagine,0.0006380102550972,fr,robinhood
aggrave,0.0006376451699727,fr,robinhood
gracieux,0.0006376451699727,fr,robinhood
dlicatesse,0.0006376451699727,fr,robinhood
comprenai,0.0006376451699727,fr,robinhood
dme,0.0006376451699727,fr,robinhood
chssi,0.0006376451699727,fr,robinhood
bibl,0.0006376451699727,fr,robinhood
pervertir,0.0006376451699727,fr,robinhood
attendiez,0.0006376451699727,fr,robinhood
saccager,0.0006376451699727,fr,robinhood
garant,0.0006376451699727,fr,robinhood
pressentir,0.0006376451699727,fr,robinhood
extravagant,0.0006376451699727,fr,robinhood
vengeur,0.0006376451699727,fr,robinhood
supportable,0.0006376451699727,fr,robinhood
autorisation,0.0006365618168903,fr,robinhood
dplace,0.0006365618168903,fr,robinhood
dsign,0.0006345811670112,fr,robinhood
autrefoi,0.0006345811670112,fr,robinhood
envier,0.0006328822834202,fr,robinhood
connat,0.0006328822834202,fr,robinhood
pression,0.0006328822834202,fr,robinhood
seconde,0.0006328822834202,fr,robinhood
plonger,0.0006312619681747,fr,robinhood
frer,0.0006312619681747,fr,robinhood
kilomtre,0.0006312619681747,fr,robinhood
fabriquer,0.0006312619681747,fr,robinhood
fatiguer,0.0006285037819725,fr,robinhood
prsenterer,0.0006285037819725,fr,robinhood
raisin,0.0006285037819725,fr,robinhood
dcouper,0.0006285037819725,fr,robinhood
bukley,0.0006283703509278,fr,robinhood
cyblia,0.0006283703509278,fr,robinhood
desc,0.0006283703509278,fr,robinhood
thanatos,0.0006283703509278,fr,robinhood
alignez,0.0006283703509278,fr,robinhood
sacramenti,0.0006283703509278,fr,robinhood
refecti,0.0006283703509278,fr,robinhood
normand,0.0006283703509278,fr,robinhood
zadok,0.0006283703509278,fr,robinhood
bredouillant,0.0006283703509278,fr,robinhood
révoquer,0.0006283703509278,fr,robinhood
phlegon,0.0006283703509278,fr,robinhood
facilité,0.0006283703509278,fr,robinhood
privilège,0.0006283703509278,fr,robinhood
réexpliquer,0.0006283703509278,fr,robinhood
coincerai,0.0006283703509278,fr,robinhood
qumandera,0.0006283703509278,fr,robinhood
dsarger,0.0006283703509278,fr,robinhood
longhtorn,0.0006283703509278,fr,robinhood
préfèrerer,0.0006283703509278,fr,robinhood
déplaçon,0.0006283703509278,fr,robinhood
pressée,0.0006283703509278,fr,robinhood
fouettez,0.0006283703509278,fr,robinhood
émousser,0.0006283703509278,fr,robinhood
épé,0.0006283703509278,fr,robinhood
légère,0.0006283703509278,fr,robinhood
récupéron,0.0006283703509278,fr,robinhood
laeti,0.0006283703509278,fr,robinhood
élégant,0.0006283703509278,fr,robinhood
ajusté,0.0006283703509278,fr,robinhood
tedii,0.0006283703509278,fr,robinhood
culpis,0.0006283703509278,fr,robinhood
aquitain,0.0006283703509278,fr,robinhood
tuae,0.0006283703509278,fr,robinhood
sinum,0.0006283703509278,fr,robinhood
misericordia,0.0006283703509278,fr,robinhood
déchaîner,0.0006283703509278,fr,robinhood
incompétence,0.0006283703509278,fr,robinhood
chêne,0.0006283703509278,fr,robinhood
défi,0.0006283703509278,fr,robinhood
connaîtra,0.0006283703509278,fr,robinhood
trépa,0.0006283703509278,fr,robinhood
précipitation,0.0006283703509278,fr,robinhood
poésie,0.0006283703509278,fr,robinhood
ramènerai,0.0006283703509278,fr,robinhood
trophée,0.0006283703509278,fr,robinhood
obéi,0.0006283703509278,fr,robinhood
système,0.0006283703509278,fr,robinhood
évacuation,0.0006283703509278,fr,robinhood
studuiss,0.0006283703509278,fr,robinhood
immuabilit,0.0006283703509278,fr,robinhood
terrassera,0.0006283703509278,fr,robinhood
aeternam,0.0006283703509278,fr,robinhood
dépêchez,0.0006283703509278,fr,robinhood
comté,0.0006283703509278,fr,robinhood
mène,0.0006283703509278,fr,robinhood
haltemprice,0.0006283703509278,fr,robinhood
récompenserai,0.0006283703509278,fr,robinhood
tedium,0.0006283703509278,fr,robinhood
tediu,0.0006283703509278,fr,robinhood
dépenser,0.0006283703509278,fr,robinhood
contrarion,0.0006283703509278,fr,robinhood
revenion,0.0006283703509278,fr,robinhood
rger,0.0006283703509278,fr,robinhood
goret,0.0006283703509278,fr,robinhood
thurifraire,0.0006283703509278,fr,robinhood
humecter,0.0006283703509278,fr,robinhood
marmouset,0.0006283703509278,fr,robinhood
asschs,0.0006283703509278,fr,robinhood
swindon,0.0006283703509278,fr,robinhood
robinou,0.0006283703509278,fr,robinhood
eblouisser,0.0006283703509278,fr,robinhood
pigeai,0.0006283703509278,fr,robinhood
condamnera,0.0006283703509278,fr,robinhood
baladin,0.0006283703509278,fr,robinhood
apposition,0.0006283703509278,fr,robinhood
dégoûter,0.0006283703509278,fr,robinhood
monétaire,0.0006283703509278,fr,robinhood
marqué,0.0006283703509278,fr,robinhood
abbé,0.0006283703509278,fr,robinhood
hérétique,0.0006283703509278,fr,robinhood
bûcher,0.0006283703509278,fr,robinhood
définir,0.0006283703509278,fr,robinhood
brûle,0.0006283703509278,fr,robinhood
clestin,0.0006283703509278,fr,robinhood
laborare,0.0006283703509278,fr,robinhood
orare,0.0006283703509278,fr,robinhood
potenc,0.0006283703509278,fr,robinhood
expédier,0.0006283703509278,fr,robinhood
étincell,0.0006283703509278,fr,robinhood
alleluyah,0.0006283703509278,fr,robinhood
valrian,0.0006283703509278,fr,robinhood
dtenir,0.0006280315607177,fr,robinhood
sentimer,0.0006280315607177,fr,robinhood
dprimant,0.0006280315607177,fr,robinhood
suivon,0.0006280315607177,fr,robinhood
lancez,0.0006280315607177,fr,robinhood
sacrement,0.0006280315607177,fr,robinhood
fton,0.0006280315607177,fr,robinhood
difficilemer,0.0006280315607177,fr,robinhood
chrtienne,0.0006280315607177,fr,robinhood
scheresse,0.0006280315607177,fr,robinhood
imbattable,0.0006280315607177,fr,robinhood
essaiera,0.0006280315607177,fr,robinhood
concitoyen,0.0006280315607177,fr,robinhood
manigancer,0.0006280315607177,fr,robinhood
excrment,0.0006280315607177,fr,robinhood
monture,0.0006280315607177,fr,robinhood
attachement,0.0006280315607177,fr,robinhood
amliorerer,0.0006280315607177,fr,robinhood
accrotre,0.0006280315607177,fr,robinhood
rpond,0.0006277968680153,fr,robinhood
accident,0.0006277968680153,fr,robinhood
press,0.0006260188034196,fr,robinhood
vif,0.0006260188034196,fr,robinhood
alls,0.0006260188034196,fr,robinhood
accusation,0.0006260188034196,fr,robinhood
muscle,0.0006260188034196,fr,robinhood
communaut,0.0006260188034196,fr,robinhood
digne,0.0006260188034196,fr,robinhood
absolument,0.0006227533083557,fr,robinhood
terrible,0.0006227533083557,fr,robinhood
divine,0.0006225252205935,fr,robinhood
demeure,0.0006225252205935,fr,robinhood
tant,0.0006225252205935,fr,robinhood
gain,0.0006225252205935,fr,robinhood
blanchir,0.0006225252205935,fr,robinhood
salade,0.0006208311229305,fr,robinhood
silencieux,0.0006208311229305,fr,robinhood
abandonne,0.0006208311229305,fr,robinhood
prviens,0.0006208311229305,fr,robinhood
dernirement,0.0006208311229305,fr,robinhood
soudain,0.0006208311229305,fr,robinhood
support,0.0006208311229305,fr,robinhood
quips,0.0006187808169853,fr,robinhood
lettr,0.0006187808169853,fr,robinhood
dlice,0.0006187808169853,fr,robinhood
mchammer,0.0006187808169853,fr,robinhood
viking,0.0006187808169853,fr,robinhood
apeur,0.0006187808169853,fr,robinhood
continuera,0.0006187808169853,fr,robinhood
parader,0.0006187808169853,fr,robinhood
renomm,0.0006187808169853,fr,robinhood
rprimer,0.0006187808169853,fr,robinhood
intriguer,0.0006187808169853,fr,robinhood
runirer,0.0006187808169853,fr,robinhood
ruisseau,0.0006187808169853,fr,robinhood
daller,0.0006187808169853,fr,robinhood
arnaqueur,0.0006187808169853,fr,robinhood
sauterelle,0.0006187808169853,fr,robinhood
moralisateur,0.0006187808169853,fr,robinhood
cuisinier,0.0006166423203113,fr,robinhood
vaisseau,0.0006166423203113,fr,robinhood
verrouiller,0.0006166423203113,fr,robinhood
cinquime,0.0006166423203113,fr,robinhood
siest,0.0006166423203113,fr,robinhood
pnibl,0.0006166423203113,fr,robinhood
reconnatrer,0.0006166423203113,fr,robinhood
plomb,0.000615697764701,fr,robinhood
retir,0.000615697764701,fr,robinhood
romantique,0.000615697764701,fr,robinhood
leve,0.000615697764701,fr,robinhood
boutique,0.000615697764701,fr,robinhood
dpen,0.000615697764701,fr,robinhood
jette,0.000615697764701,fr,robinhood
amical,0.000615697764701,fr,robinhood
conflit,0.000615697764701,fr,robinhood
conscient,0.000615697764701,fr,robinhood
mouill,0.0006108520679882,fr,robinhood
bouc,0.0006108520679882,fr,robinhood
pourchasser,0.0006108520679882,fr,robinhood
cervelle,0.0006108520679882,fr,robinhood
ronger,0.0006108520679882,fr,robinhood
violent,0.0006106176028507,fr,robinhood
rond,0.0006106176028507,fr,robinhood
lait,0.0006106176028507,fr,robinhood
encourager,0.0006106176028507,fr,robinhood
doue,0.0006106176028507,fr,robinhood
puisse,0.0006106176028507,fr,robinhood
conus,0.0006098665394908,fr,robinhood
reoivent,0.0006098665394908,fr,robinhood
dtr,0.0006098665394908,fr,robinhood
duquer,0.0006098665394908,fr,robinhood
festivit,0.0006098665394908,fr,robinhood
reptile,0.0006098665394908,fr,robinhood
apprenti,0.0006098665394908,fr,robinhood
immdiate,0.0006098665394908,fr,robinhood
creu,0.0006098665394908,fr,robinhood
anticip,0.0006098665394908,fr,robinhood
assurment,0.0006098665394908,fr,robinhood
paye,0.0006098665394908,fr,robinhood
inspirez,0.0006098665394908,fr,robinhood
gure,0.0006098665394908,fr,robinhood
dsarme,0.0006098665394908,fr,robinhood
traqueur,0.0006098665394908,fr,robinhood
province,0.0006098665394908,fr,robinhood
tentative,0.0006055895461427,fr,robinhood
empire,0.0006055895461427,fr,robinhood
crochet,0.0006051515906439,fr,robinhood
conserver,0.0006051515906439,fr,robinhood
impatience,0.0006051515906439,fr,robinhood
buisson,0.0006051515906439,fr,robinhood
mile,0.0006051515906439,fr,robinhood
serrurier,0.0006012651090275,fr,robinhood
prairie,0.0006012651090275,fr,robinhood
plum,0.0006012651090275,fr,robinhood
gourou,0.0006012651090275,fr,robinhood
forcs,0.0006012651090275,fr,robinhood
synchronisation,0.0006012651090275,fr,robinhood
ouvrage,0.0006012651090275,fr,robinhood
surpri,0.0006012651090275,fr,robinhood
initi,0.0006012651090275,fr,robinhood
cruelle,0.0006012651090275,fr,robinhood
bobard,0.0006012651090275,fr,robinhood
dnoncerer,0.0006012651090275,fr,robinhood
rivage,0.0006012651090275,fr,robinhood
odieu,0.0006012651090275,fr,robinhood
bluffe,0.0006012651090275,fr,robinhood
commander,0.0006006125365771,fr,robinhood
victoire,0.0006006125365771,fr,robinhood
branche,0.0006006125365771,fr,robinhood
incendie,0.0006006125365771,fr,robinhood
brise,0.0006006125365771,fr,robinhood
prendrai,0.0005995381468953,fr,robinhood
renseign,0.0005995381468953,fr,robinhood
inscription,0.0005995381468953,fr,robinhood
dfaite,0.0005995381468953,fr,robinhood
litre,0.0005995381468953,fr,robinhood
scuri,0.0005995381468953,fr,robinhood
distraction,0.0005995381468953,fr,robinhood
exception,0.0005956855480546,fr,robinhood
dfaut,0.0005956855480546,fr,robinhood
casse,0.0005956855480546,fr,robinhood
vache,0.0005956855480546,fr,robinhood
national,0.0005956855480546,fr,robinhood
inquitude,0.0005956855480546,fr,robinhood
bouleverser,0.0005940091190405,fr,robinhood
chaleureux,0.0005940091190405,fr,robinhood
rationnel,0.0005940091190405,fr,robinhood
disent,0.0005940091190405,fr,robinhood
accidentellement,0.0005940091190405,fr,robinhood
convulsion,0.0005929553093135,fr,robinhood
colier,0.0005929553093135,fr,robinhood
mutilation,0.0005929553093135,fr,robinhood
crapaud,0.0005929553093135,fr,robinhood
sparon,0.0005929553093135,fr,robinhood
prdcesseur,0.0005929553093135,fr,robinhood
dplaisant,0.0005929553093135,fr,robinhood
accaparer,0.0005929553093135,fr,robinhood
craignent,0.0005929553093135,fr,robinhood
venez,0.0005929553093135,fr,robinhood
dcliner,0.0005929553093135,fr,robinhood
bataill,0.0005929553093135,fr,robinhood
gmissement,0.0005929553093135,fr,robinhood
saintet,0.0005929553093135,fr,robinhood
redresse,0.0005929553093135,fr,robinhood
profitable,0.0005929553093135,fr,robinhood
habitation,0.0005929553093135,fr,robinhood
impntrabl,0.0005929553093135,fr,robinhood
nouer,0.0005929553093135,fr,robinhood
attirs,0.0005929553093135,fr,robinhood
enchane,0.0005929553093135,fr,robinhood
rflchisser,0.0005908075851065,fr,robinhood
enfance,0.0005908075851065,fr,robinhood
fonc,0.0005885620057284,fr,robinhood
ver,0.0005885620057284,fr,robinhood
refermer,0.0005885620057284,fr,robinhood
pardonn,0.0005885620057284,fr,robinhood
donnerai,0.0005885620057284,fr,robinhood
dfil,0.0005885620057284,fr,robinhood
conception,0.0005885620057284,fr,robinhood
frein,0.0005885620057284,fr,robinhood
hpitau,0.0005885620057284,fr,robinhood
crtin,0.000585977681688,fr,robinhood
rigole,0.000585977681688,fr,robinhood
matine,0.000585977681688,fr,robinhood
dvalis,0.0005849180117017,fr,robinhood
fiancs,0.0005849180117017,fr,robinhood
mmorable,0.0005849180117017,fr,robinhood
anarchie,0.0005849180117017,fr,robinhood
captivit,0.0005849180117017,fr,robinhood
augure,0.0005849180117017,fr,robinhood
meure,0.0005849180117017,fr,robinhood
renonce,0.0005849180117017,fr,robinhood
raflure,0.0005849180117017,fr,robinhood
submerg,0.0005849180117017,fr,robinhood
admir,0.0005849180117017,fr,robinhood
applaudissement,0.0005849180117017,fr,robinhood
ramens,0.0005849180117017,fr,robinhood
superflu,0.0005849180117017,fr,robinhood
frimeur,0.0005849180117017,fr,robinhood
dploy,0.0005849180117017,fr,robinhood
inutilement,0.0005849180117017,fr,robinhood
compromis,0.0005831944151643,fr,robinhood
recruter,0.0005831944151643,fr,robinhood
acquérir,0.0005831944151643,fr,robinhood
voyager,0.0005811949000297,fr,robinhood
forcment,0.0005811949000297,fr,robinhood
gueule,0.0005811949000297,fr,robinhood
rappel,0.0005811949000297,fr,robinhood
mordre,0.0005811949000297,fr,robinhood
honntement,0.0005811949000297,fr,robinhood
deschamps,0.000578677436107,fr,robinhood
précieux,0.000578677436107,fr,robinhood
stratégie,0.000578677436107,fr,robinhood
génération,0.000578677436107,fr,robinhood
délire,0.000578677436107,fr,robinhood
patris,0.000578677436107,fr,robinhood
décevoir,0.000578677436107,fr,robinhood
sécuriser,0.000578677436107,fr,robinhood
dénoncer,0.000578677436107,fr,robinhood
traitrise,0.000578677436107,fr,robinhood
compréhension,0.000578677436107,fr,robinhood
trahira,0.000578677436107,fr,robinhood
imptueuse,0.000578677436107,fr,robinhood
éternité,0.000578677436107,fr,robinhood
lipscomb,0.000578677436107,fr,robinhood
entrée,0.000578677436107,fr,robinhood
pargnier,0.000578677436107,fr,robinhood
exercerai,0.000578677436107,fr,robinhood
sportivement,0.000578677436107,fr,robinhood
immobilit,0.000578677436107,fr,robinhood
huddersfield,0.000578677436107,fr,robinhood
démon,0.000578677436107,fr,robinhood
handle,0.000578677436107,fr,robinhood
paladin,0.000578677436107,fr,robinhood
acquieser,0.000578677436107,fr,robinhood
gênant,0.000578677436107,fr,robinhood
révolter,0.000578677436107,fr,robinhood
prière,0.000578677436107,fr,robinhood
légend,0.000578677436107,fr,robinhood
pénible,0.000578677436107,fr,robinhood
pénétrer,0.000578677436107,fr,robinhood
échange,0.000578677436107,fr,robinhood
dsquilibrerer,0.000578677436107,fr,robinhood
volir,0.000578677436107,fr,robinhood
rognon,0.000578677436107,fr,robinhood
louperai,0.000578677436107,fr,robinhood
agneal,0.000578677436107,fr,robinhood
créateur,0.000578677436107,fr,robinhood
dépêcher,0.000578677436107,fr,robinhood
perpetua,0.000578677436107,fr,robinhood
anatolie,0.000578677436107,fr,robinhood
apprendront,0.000578677436107,fr,robinhood
obéir,0.000578677436107,fr,robinhood
évidence,0.000578677436107,fr,robinhood
omnibus,0.000578677436107,fr,robinhood
priorité,0.000578677436107,fr,robinhood
dégoût,0.000578677436107,fr,robinhood
noircie,0.000578677436107,fr,robinhood
entraîné,0.000578677436107,fr,robinhood
sorcire,0.0005779040588035,fr,robinhood
trouvai,0.0005779040588035,fr,robinhood
ronde,0.0005779040588035,fr,robinhood
libration,0.0005779040588035,fr,robinhood
jupe,0.0005779040588035,fr,robinhood
humide,0.0005779040588035,fr,robinhood
cercueil,0.0005779040588035,fr,robinhood
collecte,0.0005779040588035,fr,robinhood
fonctionn,0.0005779040588035,fr,robinhood
pavaner,0.0005771359099648,fr,robinhood
cartel,0.0005771359099648,fr,robinhood
tord,0.0005771359099648,fr,robinhood
ancr,0.0005771359099648,fr,robinhood
mobiliser,0.0005771359099648,fr,robinhood
fonctionnaire,0.0005771359099648,fr,robinhood
prtendue,0.0005771359099648,fr,robinhood
manuvre,0.0005771359099648,fr,robinhood
youpi,0.0005771359099648,fr,robinhood
sweet,0.0005771359099648,fr,robinhood
kenny,0.0005771359099648,fr,robinhood
boiteux,0.0005771359099648,fr,robinhood
ordinaire,0.0005764583295446,fr,robinhood
vision,0.0005764583295446,fr,robinhood
rcemment,0.0005764583295446,fr,robinhood
paule,0.0005764583295446,fr,robinhood
prnom,0.0005764583295446,fr,robinhood
lgal,0.0005764583295446,fr,robinhood
ranger,0.0005764583295446,fr,robinhood
imbcil,0.000572688745493,fr,robinhood
allusion,0.000572688745493,fr,robinhood
alibi,0.000572688745493,fr,robinhood
fameu,0.000572688745493,fr,robinhood
lie,0.000572688745493,fr,robinhood
scher,0.000572688745493,fr,robinhood
obscurit,0.000572688745493,fr,robinhood
nuire,0.0005717670857881,fr,robinhood
fire,0.0005717670857881,fr,robinhood
auter,0.0005717670857881,fr,robinhood
cible,0.0005717670857881,fr,robinhood
cderer,0.0005695932959029,fr,robinhood
oindre,0.0005695932959029,fr,robinhood
index,0.0005695932959029,fr,robinhood
superstition,0.0005695932959029,fr,robinhood
sadique,0.0005695932959029,fr,robinhood
pargnerer,0.0005695932959029,fr,robinhood
florence,0.0005695932959029,fr,robinhood
bnie,0.0005695932959029,fr,robinhood
jtai,0.0005695932959029,fr,robinhood
accd,0.0005695932959029,fr,robinhood
protgeai,0.0005695932959029,fr,robinhood
dpendent,0.0005695932959029,fr,robinhood
cavalire,0.0005695932959029,fr,robinhood
boucherie,0.0005695932959029,fr,robinhood
entrainer,0.0005695932959029,fr,robinhood
promu,0.0005695932959029,fr,robinhood
invalide,0.0005695932959029,fr,robinhood
acclrer,0.0005675463760224,fr,robinhood
invitabl,0.0005675463760224,fr,robinhood
verrou,0.0005675463760224,fr,robinhood
mtre,0.0005671203094661,fr,robinhood
objet,0.0005671203094661,fr,robinhood
trouble,0.0005671203094661,fr,robinhood
rsoudre,0.0005671203094661,fr,robinhood
apparence,0.0005671203094661,fr,robinhood
emmen,0.0005671203094661,fr,robinhood
aprs,0.0005671203094661,fr,robinhood
vente,0.0005671203094661,fr,robinhood
sign,0.0005625171654908,fr,robinhood
cen,0.0005625171654908,fr,robinhood
militaire,0.0005625171654908,fr,robinhood
protg,0.0005625171654908,fr,robinhood
cloche,0.0005625171654908,fr,robinhood
gteau,0.0005625171654908,fr,robinhood
priode,0.0005625171654908,fr,robinhood
banque,0.0005625171654908,fr,robinhood
btiment,0.0005625171654908,fr,robinhood
dsaccord,0.0005624749380507,fr,robinhood
fardeau,0.0005624749380507,fr,robinhood
pist,0.0005624749380507,fr,robinhood
laborer,0.0005622758684583,fr,robinhood
drober,0.0005622758684583,fr,robinhood
pitr,0.0005622758684583,fr,robinhood
chaotique,0.0005622758684583,fr,robinhood
foncez,0.0005622758684583,fr,robinhood
rcupration,0.0005622758684583,fr,robinhood
vnrer,0.0005622758684583,fr,robinhood
souri,0.0005622758684583,fr,robinhood
insrer,0.0005622758684583,fr,robinhood
variation,0.0005622758684583,fr,robinhood
gaucher,0.0005622758684583,fr,robinhood
nen,0.0005622758684583,fr,robinhood
rde,0.0005622758684583,fr,robinhood
paperasserie,0.0005622758684583,fr,robinhood
abri,0.0005579568420799,fr,robinhood
utilise,0.0005579568420799,fr,robinhood
allum,0.0005579568420799,fr,robinhood
original,0.0005579568420799,fr,robinhood
cavalier,0.0005574725013785,fr,robinhood
plonge,0.0005574725013785,fr,robinhood
racine,0.0005574725013785,fr,robinhood
lieutenant,0.0005574725013785,fr,robinhood
authentique,0.0005574725013785,fr,robinhood
proverbe,0.0005551705705083,fr,robinhood
von,0.0005551705705083,fr,robinhood
mtalliqu,0.0005551705705083,fr,robinhood
mangeon,0.0005551705705083,fr,robinhood
inactif,0.0005551705705083,fr,robinhood
dcisif,0.0005551705705083,fr,robinhood
eloign,0.0005551705705083,fr,robinhood
maltraiter,0.0005551705705083,fr,robinhood
prparerer,0.0005551705705083,fr,robinhood
montron,0.0005551705705083,fr,robinhood
famine,0.0005551705705083,fr,robinhood
gifler,0.0005551705705083,fr,robinhood
confin,0.0005551705705083,fr,robinhood
brul,0.0005551705705083,fr,robinhood
chne,0.0005551705705083,fr,robinhood
velours,0.0005551705705083,fr,robinhood
paie,0.0005534385498974,fr,robinhood
repose,0.0005534385498974,fr,robinhood
considre,0.0005534385498974,fr,robinhood
rapprocher,0.0005534385498974,fr,robinhood
particuliremer,0.0005525372135375,fr,robinhood
sagesse,0.0005525372135375,fr,robinhood
rclamer,0.0005525372135375,fr,robinhood
dvoiler,0.0005525372135375,fr,robinhood
arroger,0.0005525372135375,fr,robinhood
urger,0.0005525372135375,fr,robinhood
stopper,0.0005525372135375,fr,robinhood
ternellement,0.0005525372135375,fr,robinhood
gnie,0.0005489615212334,fr,robinhood
bonsoir,0.0005489615212334,fr,robinhood
dranger,0.0005489615212334,fr,robinhood
fortun,0.0005482654486543,fr,robinhood
dlibrmer,0.0005482654486543,fr,robinhood
baliverne,0.0005482654486543,fr,robinhood
aimiez,0.0005482654486543,fr,robinhood
envergure,0.0005482654486543,fr,robinhood
pench,0.0005482654486543,fr,robinhood
brutalement,0.0005482654486543,fr,robinhood
couver,0.0005482654486543,fr,robinhood
ecarter,0.0005482654486543,fr,robinhood
meurent,0.0005476672956715,fr,robinhood
pargner,0.0005476672956715,fr,robinhood
simuler,0.0005476672956715,fr,robinhood
passionn,0.0005476672956715,fr,robinhood
dcor,0.0005476672956715,fr,robinhood
planche,0.0005476672956715,fr,robinhood
consacrer,0.0005476672956715,fr,robinhood
barbe,0.0005476672956715,fr,robinhood
loup,0.0005445250092215,fr,robinhood
superbe,0.0005445250092215,fr,robinhood
assister,0.0005445250092215,fr,robinhood
fatigue,0.0005445250092215,fr,robinhood
cass,0.0005445250092215,fr,robinhood
piqu,0.0005445250092215,fr,robinhood
translation,0.0005434197519414,fr,robinhood
mnestrel,0.0005434197519414,fr,robinhood
rclament,0.0005434197519414,fr,robinhood
renatra,0.0005434197519414,fr,robinhood
ppit,0.0005434197519414,fr,robinhood
âme,0.0005434197519414,fr,robinhood
échanger,0.0005434197519414,fr,robinhood
dcevon,0.0005434197519414,fr,robinhood
abbaye,0.0005434197519414,fr,robinhood
piège,0.0005434197519414,fr,robinhood
enchainer,0.0005434197519414,fr,robinhood
entraîner,0.0005434197519414,fr,robinhood
combattron,0.0005434197519414,fr,robinhood
cybelia,0.0005434197519414,fr,robinhood
réfléchi,0.0005434197519414,fr,robinhood
rprimerer,0.0005434197519414,fr,robinhood
percussionniste,0.0005434197519414,fr,robinhood
déteste,0.0005434197519414,fr,robinhood
soussign,0.0005434197519414,fr,robinhood
français,0.0005434197519414,fr,robinhood
rengainer,0.0005434197519414,fr,robinhood
odieuse,0.0005434197519414,fr,robinhood
gouvernance,0.0005434197519414,fr,robinhood
saba,0.0005434197519414,fr,robinhood
effect,0.0005434197519414,fr,robinhood
ricorod,0.0005434197519414,fr,robinhood
mrisse,0.0005434197519414,fr,robinhood
mortis,0.0005434197519414,fr,robinhood
réel,0.0005434197519414,fr,robinhood
prouverai,0.0005434197519414,fr,robinhood
utiliseron,0.0005434197519414,fr,robinhood
dépasser,0.0005434197519414,fr,robinhood
procès,0.0005434197519414,fr,robinhood
rcupreron,0.0005434197519414,fr,robinhood
maure,0.0005434197519414,fr,robinhood
cotir,0.0005434197519414,fr,robinhood
boujour,0.0005434197519414,fr,robinhood
envoler,0.0005428610386876,fr,robinhood
achete,0.0005428610386876,fr,robinhood
ambition,0.0005428610386876,fr,robinhood
jsus,0.0005428610386876,fr,robinhood
pouls,0.0005428610386876,fr,robinhood
dbrouill,0.0005428610386876,fr,robinhood
ultimatum,0.000541549532225,fr,robinhood
mijote,0.000541549532225,fr,robinhood
fondement,0.000541549532225,fr,robinhood
exquis,0.000541549532225,fr,robinhood
fracasser,0.000541549532225,fr,robinhood
prviendrer,0.000541549532225,fr,robinhood
astucieux,0.000541549532225,fr,robinhood
extorsion,0.000541549532225,fr,robinhood
prfrerier,0.000541549532225,fr,robinhood
capuche,0.000541549532225,fr,robinhood
serrur,0.000541549532225,fr,robinhood
nai,0.000541549532225,fr,robinhood
dvaliser,0.000541549532225,fr,robinhood
dmasquer,0.000541549532225,fr,robinhood
hler,0.000541549532225,fr,robinhood
enfuie,0.000541549532225,fr,robinhood
infernal,0.000541549532225,fr,robinhood
avi,0.0005401282870908,fr,robinhood
voisin,0.0005401282870908,fr,robinhood
essayai,0.0005401282870908,fr,robinhood
couple,0.0005401282870908,fr,robinhood
bat,0.0005381167996551,fr,robinhood
puisqu,0.0005381167996551,fr,robinhood
surpasser,0.0005381167996551,fr,robinhood
bra,0.0005381167996551,fr,robinhood
lancer,0.0005357706474516,fr,robinhood
sentence,0.0005350127284204,fr,robinhood
progniture,0.0005350127284204,fr,robinhood
buf,0.0005350127284204,fr,robinhood
vagabond,0.0005350127284204,fr,robinhood
habitue,0.0005350127284204,fr,robinhood
ayon,0.0005350127284204,fr,robinhood
megan,0.0005350127284204,fr,robinhood
blaireau,0.0005350127284204,fr,robinhood
oriental,0.0005350127284204,fr,robinhood
opposition,0.0005350127284204,fr,robinhood
externe,0.0005350127284204,fr,robinhood
empereur,0.0005350127284204,fr,robinhood
laine,0.0005350127284204,fr,robinhood
abattoir,0.0005350127284204,fr,robinhood
encourageant,0.0005350127284204,fr,robinhood
brouille,0.0005350127284204,fr,robinhood
culpabiliser,0.0005334329984337,fr,robinhood
finie,0.0005334329984337,fr,robinhood
foie,0.0005334329984337,fr,robinhood
disposition,0.0005334329984337,fr,robinhood
trafic,0.0005334329984337,fr,robinhood
couvre,0.0005334329984337,fr,robinhood
sorton,0.0005334329984337,fr,robinhood
manir,0.0005334329984337,fr,robinhood
concentrer,0.0005314514016121,fr,robinhood
tonne,0.0005314514016121,fr,robinhood
assied,0.0005314514016121,fr,robinhood
sache,0.0005314514016121,fr,robinhood
transformer,0.0005314514016121,fr,robinhood
lou,0.0005288081145146,fr,robinhood
yeux,0.0005288081145146,fr,robinhood
torche,0.0005288081145146,fr,robinhood
croiss,0.0005288081145146,fr,robinhood
renfermer,0.0005286457310761,fr,robinhood
cod,0.0005286457310761,fr,robinhood
jaillir,0.0005286457310761,fr,robinhood
allur,0.0005286457310761,fr,robinhood
arnaqu,0.0005286457310761,fr,robinhood
rvrend,0.0005286457310761,fr,robinhood
hla,0.0005286457310761,fr,robinhood
idiotie,0.0005286457310761,fr,robinhood
diraient,0.0005286457310761,fr,robinhood
puanteur,0.0005286457310761,fr,robinhood
angler,0.0005286457310761,fr,robinhood
rside,0.0005286457310761,fr,robinhood
runie,0.0005286457310761,fr,robinhood
vieillard,0.0005286457310761,fr,robinhood
composant,0.0005286457310761,fr,robinhood
ressentai,0.0005286457310761,fr,robinhood
soudaine,0.0005286457310761,fr,robinhood
gagnez,0.0005286457310761,fr,robinhood
marre,0.0005271698789254,fr,robinhood
systme,0.0005271698789254,fr,robinhood
retrouv,0.0005271698789254,fr,robinhood
virer,0.0005271698789254,fr,robinhood
haute,0.0005271698789254,fr,robinhood
blmer,0.0005242406840565,fr,robinhood
isol,0.0005242406840565,fr,robinhood
panier,0.0005242406840565,fr,robinhood
opposer,0.0005242406840565,fr,robinhood
recherch,0.0005242406840565,fr,robinhood
destine,0.0005242406840565,fr,robinhood
cherch,0.0005229254261643,fr,robinhood
malheureusement,0.0005229254261643,fr,robinhood
inquitent,0.0005224399409824,fr,robinhood
ponctuel,0.0005224399409824,fr,robinhood
escalade,0.0005224399409824,fr,robinhood
rconciliation,0.0005224399409824,fr,robinhood
administrer,0.0005224399409824,fr,robinhood
coudre,0.0005224399409824,fr,robinhood
recroître,0.0005224399409824,fr,robinhood
croque,0.0005224399409824,fr,robinhood
impardonnable,0.0005224399409824,fr,robinhood
chirurgie,0.000519729297105,fr,robinhood
compt,0.000519729297105,fr,robinhood
estimer,0.000519729297105,fr,robinhood
dirig,0.000519729297105,fr,robinhood
appuie,0.000519729297105,fr,robinhood
comdie,0.000519729297105,fr,robinhood
atroce,0.000519729297105,fr,robinhood
douceur,0.000519729297105,fr,robinhood
radin,0.0005163873960427,fr,robinhood
occidental,0.0005163873960427,fr,robinhood
indestructible,0.0005163873960427,fr,robinhood
dfendue,0.0005163873960427,fr,robinhood
fass,0.0005163873960427,fr,robinhood
prlever,0.0005163873960427,fr,robinhood
ensoleill,0.0005163873960427,fr,robinhood
feriez,0.0005163873960427,fr,robinhood
vad,0.0005163873960427,fr,robinhood
dodo,0.0005163873960427,fr,robinhood
discour,0.0005163873960427,fr,robinhood
dtach,0.0005163873960427,fr,robinhood
compreniez,0.0005160717674502,fr,robinhood
héros,0.0005160717674502,fr,robinhood
dguerpissez,0.0005160717674502,fr,robinhood
sacrer,0.0005160717674502,fr,robinhood
engraisse,0.0005160717674502,fr,robinhood
damne,0.0005160717674502,fr,robinhood
braillard,0.0005160717674502,fr,robinhood
valhalla,0.0005160717674502,fr,robinhood
tôt,0.0005160717674502,fr,robinhood
régler,0.0005160717674502,fr,robinhood
sérieux,0.0005160717674502,fr,robinhood
ficeler,0.0005160717674502,fr,robinhood
titu,0.0005160717674502,fr,robinhood
galway,0.0005160717674502,fr,robinhood
abrgeon,0.0005160717674502,fr,robinhood
galvaniser,0.0005160717674502,fr,robinhood
ingalabl,0.0005160717674502,fr,robinhood
require,0.0005160717674502,fr,robinhood
conscrit,0.0005160717674502,fr,robinhood
fête,0.0005160717674502,fr,robinhood
volire,0.0005160717674502,fr,robinhood
dcrocher,0.0005152725949789,fr,robinhood
dclarer,0.0005152725949789,fr,robinhood
assiette,0.0005152725949789,fr,robinhood
chouer,0.0005152725949789,fr,robinhood
assur,0.0005152725949789,fr,robinhood
renforcer,0.0005152725949789,fr,robinhood
diriez,0.0005152725949789,fr,robinhood
vnement,0.0005145452010466,fr,robinhood
test,0.0005145452010466,fr,robinhood
bire,0.0005145452010466,fr,robinhood
rejoin,0.0005108692678147,fr,robinhood
sanguin,0.0005108692678147,fr,robinhood
serpent,0.0005108692678147,fr,robinhood
coude,0.0005108692678147,fr,robinhood
duremer,0.0005104807098491,fr,robinhood
retourns,0.0005104807098491,fr,robinhood
ramnerai,0.0005104807098491,fr,robinhood
malhonnte,0.0005104807098491,fr,robinhood
froce,0.0005104807098491,fr,robinhood
respectueux,0.0005104807098491,fr,robinhood
fute,0.0005104807098491,fr,robinhood
hospitalit,0.0005104807098491,fr,robinhood
donnai,0.0005104807098491,fr,robinhood
escapade,0.0005104807098491,fr,robinhood
flchette,0.0005104807098491,fr,robinhood
voie,0.0005104082040777,fr,robinhood
contraire,0.0005104082040777,fr,robinhood
brutal,0.0005065180522548,fr,robinhood
dbrouille,0.0005065180522548,fr,robinhood
bloquer,0.0005065180522548,fr,robinhood
enleve,0.0005065180522548,fr,robinhood
habille,0.0005065180522548,fr,robinhood
difficult,0.0005065180522548,fr,robinhood
dgoter,0.0005065180522548,fr,robinhood
registre,0.0005065180522548,fr,robinhood
partage,0.0005065180522548,fr,robinhood
presser,0.0005065180522548,fr,robinhood
illgale,0.0005047130174874,fr,robinhood
expulsion,0.0005047130174874,fr,robinhood
infidle,0.0005047130174874,fr,robinhood
tempe,0.0005047130174874,fr,robinhood
pourriture,0.0005047130174874,fr,robinhood
grossire,0.0005047130174874,fr,robinhood
inefficace,0.0005047130174874,fr,robinhood
fouetter,0.0005047130174874,fr,robinhood
trbuch,0.0005047130174874,fr,robinhood
reconstruction,0.0005047130174874,fr,robinhood
ment,0.0005047130174874,fr,robinhood
plaquer,0.0005047130174874,fr,robinhood
prise,0.0005022374944122,fr,robinhood
compliqu,0.0005022374944122,fr,robinhood
entour,0.0005022177292721,fr,robinhood
trouverai,0.0005022177292721,fr,robinhood
connu,0.0005022177292721,fr,robinhood
russisse,0.0004990779275718,fr,robinhood
geler,0.0004990779275718,fr,robinhood
oubliez,0.0004990779275718,fr,robinhood
partenariat,0.0004990779275718,fr,robinhood
libremer,0.0004990779275718,fr,robinhood
enrichir,0.0004990779275718,fr,robinhood
bander,0.0004990779275718,fr,robinhood
dangereu,0.0004990779275718,fr,robinhood
interprt,0.0004990779275718,fr,robinhood
grotesque,0.0004990779275718,fr,robinhood
bourreau,0.0004990779275718,fr,robinhood
stupfiant,0.0004990779275718,fr,robinhood
admirable,0.0004990779275718,fr,robinhood
sincrement,0.0004990779275718,fr,robinhood
peau,0.0004982026466846,fr,robinhood
exact,0.0004982026466846,fr,robinhood
rupture,0.0004979671221198,fr,robinhood
pos,0.0004979671221198,fr,robinhood
clore,0.0004979671221198,fr,robinhood
ressort,0.0004979671221198,fr,robinhood
apptit,0.0004979671221198,fr,robinhood
renoncer,0.0004979671221198,fr,robinhood
satan,0.0004979671221198,fr,robinhood
contact,0.0004942007368567,fr,robinhood
prsume,0.0004937650943987,fr,robinhood
ruiner,0.0004937650943987,fr,robinhood
engagement,0.0004937650943987,fr,robinhood
dcevoir,0.0004937650943987,fr,robinhood
oublie,0.0004937650943987,fr,robinhood
explosion,0.0004937650943987,fr,robinhood
doner,0.0004937268371206,fr,robinhood
opulence,0.0004937268371206,fr,robinhood
apprécier,0.0004937268371206,fr,robinhood
ralentirai,0.0004937268371206,fr,robinhood
vacuerer,0.0004937268371206,fr,robinhood
posai,0.0004937268371206,fr,robinhood
vanglist,0.0004937268371206,fr,robinhood
espionns,0.0004937268371206,fr,robinhood
déranger,0.0004937268371206,fr,robinhood
empchon,0.0004937268371206,fr,robinhood
vérité,0.0004937268371206,fr,robinhood
éviter,0.0004937268371206,fr,robinhood
honnête,0.0004937268371206,fr,robinhood
entonner,0.0004937268371206,fr,robinhood
dorlote,0.0004937268371206,fr,robinhood
prsiderer,0.0004937268371206,fr,robinhood
embrocher,0.0004937268371206,fr,robinhood
nostra,0.0004937268371206,fr,robinhood
grâce,0.0004937268371206,fr,robinhood
fadaise,0.0004937268371206,fr,robinhood
fenêtre,0.0004937268371206,fr,robinhood
couard,0.0004937268371206,fr,robinhood
brimer,0.0004937268371206,fr,robinhood
brutali,0.0004937268371206,fr,robinhood
préparer,0.0004937268371206,fr,robinhood
réaliser,0.0004937268371206,fr,robinhood
gueux,0.0004937268371206,fr,robinhood
bientôt,0.0004937268371206,fr,robinhood
obissante,0.0004937268371206,fr,robinhood
cuve,0.0004935694796718,fr,robinhood
sacrmer,0.0004935694796718,fr,robinhood
bronze,0.0004935694796718,fr,robinhood
enchant,0.0004935694796718,fr,robinhood
valet,0.0004935694796718,fr,robinhood
morsure,0.0004935694796718,fr,robinhood
naf,0.0004935694796718,fr,robinhood
choisie,0.0004935694796718,fr,robinhood
brother,0.0004935694796718,fr,robinhood
vex,0.0004935694796718,fr,robinhood
poivre,0.0004935694796718,fr,robinhood
quantit,0.0004896105482329,fr,robinhood
passion,0.0004896105482329,fr,robinhood
faison,0.0004896105482329,fr,robinhood
dplac,0.0004896105482329,fr,robinhood
dcouverte,0.0004896105482329,fr,robinhood
goutte,0.0004896105482329,fr,robinhood
inclure,0.0004896105482329,fr,robinhood
soulager,0.0004896105482329,fr,robinhood
toast,0.0004896105482329,fr,robinhood
influenc,0.0004881821064178,fr,robinhood
terrifiant,0.0004881821064178,fr,robinhood
suer,0.0004881821064178,fr,robinhood
dall,0.0004881821064178,fr,robinhood
participant,0.0004881821064178,fr,robinhood
glacial,0.0004881821064178,fr,robinhood
baraque,0.0004881821064178,fr,robinhood
dduis,0.0004881821064178,fr,robinhood
empirer,0.0004855024225487,fr,robinhood
contrairement,0.0004855024225487,fr,robinhood
influence,0.0004855024225487,fr,robinhood
habill,0.0004855024225487,fr,robinhood
longueur,0.0004855024225487,fr,robinhood
bougie,0.0004855024225487,fr,robinhood
fichu,0.0004855024225487,fr,robinhood
divulguer,0.0004829105996825,fr,robinhood
accouch,0.0004829105996825,fr,robinhood
truqu,0.0004829105996825,fr,robinhood
proccupation,0.0004829105996825,fr,robinhood
inauguration,0.0004829105996825,fr,robinhood
dterrer,0.0004829105996825,fr,robinhood
romain,0.0004829105996825,fr,robinhood
barbare,0.0004829105996825,fr,robinhood
collaborer,0.0004829105996825,fr,robinhood
intresss,0.0004829105996825,fr,robinhood
manier,0.0004829105996825,fr,robinhood
indulgent,0.0004829105996825,fr,robinhood
avertissemer,0.0004829105996825,fr,robinhood
drang,0.0004814396914474,fr,robinhood
manipuler,0.0004814396914474,fr,robinhood
mademoisell,0.0004814396914474,fr,robinhood
gteal,0.0004777500803232,fr,robinhood
loyale,0.0004777500803232,fr,robinhood
interroge,0.0004777500803232,fr,robinhood
brusque,0.0004777500803232,fr,robinhood
remplacement,0.0004777500803232,fr,robinhood
inflig,0.0004777500803232,fr,robinhood
simplifier,0.0004777500803232,fr,robinhood
chargez,0.0004777500803232,fr,robinhood
neil,0.0004777500803232,fr,robinhood
tricheur,0.0004777500803232,fr,robinhood
survenir,0.0004777500803232,fr,robinhood
dance,0.0004777500803232,fr,robinhood
surmonter,0.0004774213626677,fr,robinhood
nerf,0.0004774213626677,fr,robinhood
entre,0.0004774213626677,fr,robinhood
imboire,0.0004748344677181,fr,robinhood
parrainage,0.0004748344677181,fr,robinhood
tueriez,0.0004748344677181,fr,robinhood
ingalit,0.0004748344677181,fr,robinhood
fanfaronner,0.0004748344677181,fr,robinhood
prévoir,0.0004748344677181,fr,robinhood
norwich,0.0004748344677181,fr,robinhood
valhaller,0.0004748344677181,fr,robinhood
dsapprobation,0.0004748344677181,fr,robinhood
blasphmatoire,0.0004748344677181,fr,robinhood
messir,0.0004748344677181,fr,robinhood
chuchotemer,0.0004748344677181,fr,robinhood
eclipse,0.0004748344677181,fr,robinhood
incurv,0.0004748344677181,fr,robinhood
enclume,0.0004748344677181,fr,robinhood
viron,0.0004748344677181,fr,robinhood
redistribu,0.0004748344677181,fr,robinhood
dbote,0.0004748344677181,fr,robinhood
lpouser,0.0004748344677181,fr,robinhood
désoler,0.0004748344677181,fr,robinhood
expliqu,0.000473446476131,fr,robinhood
fasciner,0.000473446476131,fr,robinhood
progr,0.000473446476131,fr,robinhood
essayon,0.000473446476131,fr,robinhood
sauve,0.000472695971044,fr,robinhood
arabe,0.000472695971044,fr,robinhood
maggie,0.000472695971044,fr,robinhood
caverne,0.000472695971044,fr,robinhood
collaboration,0.000472695971044,fr,robinhood
bye,0.000472695971044,fr,robinhood
allemagne,0.000472695971044,fr,robinhood
fumier,0.000472695971044,fr,robinhood
analyse,0.0004695141025647,fr,robinhood
sable,0.0004695141025647,fr,robinhood
gch,0.0004695141025647,fr,robinhood
profondment,0.0004695141025647,fr,robinhood
exciter,0.0004695141025647,fr,robinhood
transformation,0.000467743972,fr,robinhood
vitez,0.000467743972,fr,robinhood
caresser,0.000467743972,fr,robinhood
attarder,0.000467743972,fr,robinhood
maximal,0.000467743972,fr,robinhood
entreprendre,0.000467743972,fr,robinhood
politesse,0.000467743972,fr,robinhood
hautement,0.000467743972,fr,robinhood
ivrogne,0.000467743972,fr,robinhood
dgag,0.0004656233421979,fr,robinhood
apprcierer,0.0004656233421979,fr,robinhood
mrit,0.0004656233421979,fr,robinhood
chaude,0.0004656233421979,fr,robinhood
rage,0.0004656233421979,fr,robinhood
matire,0.0004656233421979,fr,robinhood
hauteur,0.0004656233421979,fr,robinhood
organise,0.0004628900388167,fr,robinhood
drouler,0.0004628900388167,fr,robinhood
rattrape,0.0004628900388167,fr,robinhood
tiquett,0.0004628900388167,fr,robinhood
amlior,0.0004628900388167,fr,robinhood
cerf,0.0004628900388167,fr,robinhood
mcher,0.0004628900388167,fr,robinhood
dguiser,0.0004628900388167,fr,robinhood
dormai,0.0004628900388167,fr,robinhood
masqu,0.0004628900388167,fr,robinhood
christ,0.0004628900388167,fr,robinhood
consentement,0.0004628900388167,fr,robinhood
apte,0.0004628900388167,fr,robinhood
concevoir,0.0004628900388167,fr,robinhood
prsum,0.0004628900388167,fr,robinhood
encouragement,0.0004628900388167,fr,robinhood
romance,0.0004628900388167,fr,robinhood
charit,0.0004617733235258,fr,robinhood
ramasser,0.0004617733235258,fr,robinhood
tension,0.0004617733235258,fr,robinhood
dclar,0.0004617733235258,fr,robinhood
scientifique,0.0004617733235258,fr,robinhood
tordre,0.0004617733235258,fr,robinhood
jack,0.0004617733235258,fr,robinhood
rir,0.0004617733235258,fr,robinhood
redevenir,0.0004617733235258,fr,robinhood
commencon,0.0004584691529551,fr,robinhood
taurer,0.0004584691529551,fr,robinhood
tunisien,0.0004584691529551,fr,robinhood
journée,0.0004584691529551,fr,robinhood
affter,0.0004584691529551,fr,robinhood
préférer,0.0004584691529551,fr,robinhood
récupérer,0.0004584691529551,fr,robinhood
nazareth,0.0004584691529551,fr,robinhood
corinthien,0.0004584691529551,fr,robinhood
pressant,0.0004584691529551,fr,robinhood
bene,0.0004584691529551,fr,robinhood
apporton,0.0004584691529551,fr,robinhood
orme,0.0004584691529551,fr,robinhood
saliver,0.0004584691529551,fr,robinhood
excuts,0.0004584691529551,fr,robinhood
injurier,0.0004584691529551,fr,robinhood
hivernal,0.0004584691529551,fr,robinhood
brouill,0.000458130362745,fr,robinhood
audacieux,0.000458130362745,fr,robinhood
plair,0.000458130362745,fr,robinhood
cherchon,0.000458130362745,fr,robinhood
primitif,0.000458130362745,fr,robinhood
attribu,0.000458130362745,fr,robinhood
trafiqu,0.000458130362745,fr,robinhood
agitation,0.000458130362745,fr,robinhood
distraire,0.000457963202138,fr,robinhood
imagin,0.000457963202138,fr,robinhood
ralise,0.000457963202138,fr,robinhood
quitt,0.000454192159607,fr,robinhood
volontaire,0.000454192159607,fr,robinhood
balader,0.000454192159607,fr,robinhood
pidmie,0.0004534613527057,fr,robinhood
parfaite,0.0004534613527057,fr,robinhood
trahie,0.0004534613527057,fr,robinhood
remporter,0.0004534613527057,fr,robinhood
enlverer,0.0004534613527057,fr,robinhood
secrtement,0.0004534613527057,fr,robinhood
bnfiqu,0.0004534613527057,fr,robinhood
provenir,0.0004504594024328,fr,robinhood
reprsente,0.0004504594024328,fr,robinhood
voyant,0.0004504594024328,fr,robinhood
continu,0.0004504594024328,fr,robinhood
normalement,0.0004504594024328,fr,robinhood
couvr,0.0004488796190126,fr,robinhood
malader,0.0004488796190126,fr,robinhood
alimenter,0.0004488796190126,fr,robinhood
orage,0.0004488796190126,fr,robinhood
natre,0.0004488796190126,fr,robinhood
dbarras,0.0004488796190126,fr,robinhood
ignorance,0.0004488796190126,fr,robinhood
enqut,0.0004488796190126,fr,robinhood
interfrer,0.0004488796190126,fr,robinhood
assign,0.0004488796190126,fr,robinhood
brls,0.0004488796190126,fr,robinhood
teint,0.0004488796190126,fr,robinhood
confrontation,0.0004488796190126,fr,robinhood
infecter,0.0004488796190126,fr,robinhood
tolrance,0.0004488796190126,fr,robinhood
civilisation,0.0004488796190126,fr,robinhood
grade,0.0004488796190126,fr,robinhood
russisser,0.0004488796190126,fr,robinhood
affaiblir,0.0004488796190126,fr,robinhood
dlicat,0.0004467641610409,fr,robinhood
moral,0.0004467641610409,fr,robinhood
dsormai,0.0004467641610409,fr,robinhood
tudier,0.0004467641610409,fr,robinhood
interne,0.0004467641610409,fr,robinhood
joi,0.0004443819585894,fr,robinhood
retenue,0.0004443819585894,fr,robinhood
drangement,0.0004443819585894,fr,robinhood
effraye,0.0004443819585894,fr,robinhood
flatteur,0.0004443819585894,fr,robinhood
dtendu,0.0004443819585894,fr,robinhood
rpand,0.0004443819585894,fr,robinhood
pondre,0.0004443819585894,fr,robinhood
prennent,0.0004443819585894,fr,robinhood
misrable,0.0004443819585894,fr,robinhood
indication,0.0004443819585894,fr,robinhood
sanctifier,0.0004440339222998,fr,robinhood
hora,0.0004440339222998,fr,robinhood
mère,0.0004440339222998,fr,robinhood
carterer,0.0004440339222998,fr,robinhood
colère,0.0004440339222998,fr,robinhood
rquilibrer,0.0004440339222998,fr,robinhood
ensorcele,0.0004440339222998,fr,robinhood
clbrerer,0.0004440339222998,fr,robinhood
blouissante,0.0004440339222998,fr,robinhood
supervi,0.0004440339222998,fr,robinhood
ergo,0.0004440339222998,fr,robinhood
reliqu,0.0004440339222998,fr,robinhood
requiem,0.0004440339222998,fr,robinhood
interfrerer,0.0004440339222998,fr,robinhood
opprimer,0.0004440339222998,fr,robinhood
collet,0.0004440339222998,fr,robinhood
sin,0.0004440339222998,fr,robinhood
courb,0.0004440339222998,fr,robinhood
prcheur,0.0004440339222998,fr,robinhood
dtesterai,0.0004440339222998,fr,robinhood
sceptre,0.0004440339222998,fr,robinhood
ledit,0.0004440339222998,fr,robinhood
dguiserer,0.0004440339222998,fr,robinhood
buckingham,0.0004440339222998,fr,robinhood
engeance,0.0004440339222998,fr,robinhood
crner,0.0004440339222998,fr,robinhood
maitr,0.0004440339222998,fr,robinhood
dsirerer,0.0004440339222998,fr,robinhood
solder,0.0004440339222998,fr,robinhood
moucheron,0.0004440339222998,fr,robinhood
comparer,0.0004431056888298,fr,robinhood
chmage,0.0004399653415181,fr,robinhood
abm,0.0004399653415181,fr,robinhood
fouet,0.0004399653415181,fr,robinhood
crdibilit,0.0004399653415181,fr,robinhood
suspension,0.0004399653415181,fr,robinhood
quitabl,0.0004399653415181,fr,robinhood
charbon,0.0004399653415181,fr,robinhood
gravement,0.0004399653415181,fr,robinhood
envoyez,0.0004399653415181,fr,robinhood
rabaisser,0.0004399653415181,fr,robinhood
prenai,0.0004399653415181,fr,robinhood
attaqus,0.0004399653415181,fr,robinhood
paresseux,0.0004399653415181,fr,robinhood
trembl,0.0004399653415181,fr,robinhood
rgne,0.0004399653415181,fr,robinhood
oeuvre,0.000439483261266,fr,robinhood
cuir,0.000439483261266,fr,robinhood
dper,0.000439483261266,fr,robinhood
fonds,0.000439483261266,fr,robinhood
surface,0.000439483261266,fr,robinhood
contacter,0.0004358961750222,fr,robinhood
roul,0.0004358961750222,fr,robinhood
marrer,0.0004358961750222,fr,robinhood
srieuse,0.0004358961750222,fr,robinhood
arrang,0.0004358961750222,fr,robinhood
apparaître,0.0004358961750222,fr,robinhood
rapporter,0.0004358961750222,fr,robinhood
dissimuler,0.0004356268987787,fr,robinhood
miser,0.0004356268987787,fr,robinhood
disperser,0.0004356268987787,fr,robinhood
user,0.0004356268987787,fr,robinhood
cavale,0.0004356268987787,fr,robinhood
boom,0.0004356268987787,fr,robinhood
courbe,0.0004356268987787,fr,robinhood
poteau,0.0004356268987787,fr,robinhood
auprs,0.0004356268987787,fr,robinhood
utiliss,0.0004356268987787,fr,robinhood
malchance,0.0004356268987787,fr,robinhood
evidemment,0.0004356268987787,fr,robinhood
dirai,0.0004323437471585,fr,robinhood
pleuvoir,0.0004323437471585,fr,robinhood
sant,0.0004323437471585,fr,robinhood
familial,0.0004323437471585,fr,robinhood
cherchai,0.0004323437471585,fr,robinhood
portail,0.0004313639110548,fr,robinhood
discrtement,0.0004313639110548,fr,robinhood
dresser,0.0004313639110548,fr,robinhood
rcuprerer,0.0004313639110548,fr,robinhood
issu,0.0004313639110548,fr,robinhood
constant,0.0004313639110548,fr,robinhood
montrerai,0.0004313639110548,fr,robinhood
rebondir,0.0004313639110548,fr,robinhood
inappropri,0.0004313639110548,fr,robinhood
dment,0.0004313639110548,fr,robinhood
accidentel,0.0004313639110548,fr,robinhood
courtoisie,0.0004313639110548,fr,robinhood
ail,0.0004313639110548,fr,robinhood
dbrouillerer,0.0004313639110548,fr,robinhood
dchue,0.0004311211684639,fr,robinhood
procdez,0.0004311211684639,fr,robinhood
truqus,0.0004311211684639,fr,robinhood
chargeon,0.0004311211684639,fr,robinhood
perfide,0.0004311211684639,fr,robinhood
acquiesce,0.0004311211684639,fr,robinhood
incarne,0.0004311211684639,fr,robinhood
autriche,0.0004311211684639,fr,robinhood
pinailler,0.0004311211684639,fr,robinhood
robby,0.0004311211684639,fr,robinhood
dtruisier,0.0004311211684639,fr,robinhood
perptrer,0.0004311211684639,fr,robinhood
sourc,0.0004311211684639,fr,robinhood
troubadour,0.0004311211684639,fr,robinhood
gaiet,0.0004311211684639,fr,robinhood
butte,0.0004311211684639,fr,robinhood
fougue,0.0004311211684639,fr,robinhood
contest,0.0004311211684639,fr,robinhood
attendai,0.000428825314341,fr,robinhood
enferm,0.000428825314341,fr,robinhood
ralentir,0.000428825314341,fr,robinhood
rcupre,0.000428825314341,fr,robinhood
habituel,0.000428825314341,fr,robinhood
uniquement,0.000428825314341,fr,robinhood
activit,0.000428825314341,fr,robinhood
misre,0.000427173798496,fr,robinhood
souponne,0.000427173798496,fr,robinhood
confront,0.000427173798496,fr,robinhood
ligue,0.000427173798496,fr,robinhood
dtacher,0.000427173798496,fr,robinhood
aigu,0.000427173798496,fr,robinhood
verrez,0.000427173798496,fr,robinhood
sortai,0.000427173798496,fr,robinhood
redemander,0.000427173798496,fr,robinhood
pet,0.000427173798496,fr,robinhood
basique,0.000427173798496,fr,robinhood
susceptible,0.000427173798496,fr,robinhood
toutou,0.000427173798496,fr,robinhood
culte,0.000427173798496,fr,robinhood
suspect,0.0004253402320995,fr,robinhood
crire,0.0004253402320995,fr,robinhood
comportement,0.0004253402320995,fr,robinhood
kilomètre,0.0004253402320995,fr,robinhood
panique,0.0004253402320995,fr,robinhood
ennuyer,0.0004253402320995,fr,robinhood
parade,0.0004230541113408,fr,robinhood
engin,0.0004230541113408,fr,robinhood
considration,0.0004230541113408,fr,robinhood
dormant,0.0004230541113408,fr,robinhood
itinraire,0.0004230541113408,fr,robinhood
pli,0.0004230541113408,fr,robinhood
convenable,0.0004230541113408,fr,robinhood
robert,0.0004230541113408,fr,robinhood
formalit,0.0004230541113408,fr,robinhood
donnon,0.0004230541113408,fr,robinhood
chauffage,0.0004230541113408,fr,robinhood
brown,0.0004230541113408,fr,robinhood
local,0.0004218878741181,fr,robinhood
ador,0.0004218878741181,fr,robinhood
appuyer,0.0004218878741181,fr,robinhood
effort,0.0004218878741181,fr,robinhood
ngociabl,0.0004194401617586,fr,robinhood
protagoniste,0.0004194401617586,fr,robinhood
reconstruir,0.0004194401617586,fr,robinhood
crucifixion,0.0004194401617586,fr,robinhood
offrai,0.0004194401617586,fr,robinhood
comptente,0.0004194401617586,fr,robinhood
flner,0.0004194401617586,fr,robinhood
rquisitionne,0.0004194401617586,fr,robinhood
papotage,0.0004194401617586,fr,robinhood
offrirai,0.0004194401617586,fr,robinhood
reposon,0.0004194401617586,fr,robinhood
dtendrer,0.0004194401617586,fr,robinhood
bnficierer,0.0004194401617586,fr,robinhood
dcoration,0.000419002521315,fr,robinhood
palais,0.000419002521315,fr,robinhood
influencer,0.000419002521315,fr,robinhood
irlandais,0.000419002521315,fr,robinhood
chell,0.000419002521315,fr,robinhood
revenu,0.000419002521315,fr,robinhood
entraner,0.0004184676315599,fr,robinhood
pute,0.0004184676315599,fr,robinhood
rparer,0.0004184676315599,fr,robinhood
conseiller,0.000415078912423,fr,robinhood
vert,0.000415078912423,fr,robinhood
apprend,0.000415078912423,fr,robinhood
encher,0.000415078912423,fr,robinhood
surprend,0.000415016813729,fr,robinhood
cratif,0.000415016813729,fr,robinhood
intrusion,0.000415016813729,fr,robinhood
raliste,0.000415016813729,fr,robinhood
pargn,0.000415016813729,fr,robinhood
rigolo,0.000415016813729,fr,robinhood
recommandation,0.000415016813729,fr,robinhood
indpendant,0.000415016813729,fr,robinhood
vingtaine,0.000415016813729,fr,robinhood
dpender,0.000415016813729,fr,robinhood
dvoil,0.000415016813729,fr,robinhood
impatier,0.000415016813729,fr,robinhood
boucl,0.000415016813729,fr,robinhood
subir,0.000411721140925,fr,robinhood
frappe,0.000411721140925,fr,robinhood
chasse,0.000411721140925,fr,robinhood
justement,0.000411721140925,fr,robinhood
commandement,0.0004110948802075,fr,robinhood
muet,0.0004110948802075,fr,robinhood
achterer,0.0004110948802075,fr,robinhood
critiquer,0.0004110948802075,fr,robinhood
infiltrer,0.0004110948802075,fr,robinhood
juif,0.0004110948802075,fr,robinhood
tranquillement,0.0004110948802075,fr,robinhood
intrus,0.0004110948802075,fr,robinhood
plant,0.0004110948802075,fr,robinhood
mac,0.0004110948802075,fr,robinhood
fortement,0.0004110948802075,fr,robinhood
lan,0.0004110948802075,fr,robinhood
rtablir,0.0004110948802075,fr,robinhood
dcrte,0.0004087762381343,fr,robinhood
indispo,0.0004087762381343,fr,robinhood
aptre,0.0004087762381343,fr,robinhood
dfiance,0.0004087762381343,fr,robinhood
gratifiant,0.0004087762381343,fr,robinhood
loqu,0.0004087762381343,fr,robinhood
joyeusement,0.0004087762381343,fr,robinhood
blessera,0.0004087762381343,fr,robinhood
fraich,0.0004087762381343,fr,robinhood
apprcierier,0.0004087762381343,fr,robinhood
cieux,0.0004087762381343,fr,robinhood
confesseur,0.0004087762381343,fr,robinhood
obtiendra,0.0004087762381343,fr,robinhood
rendriez,0.0004087762381343,fr,robinhood
exauce,0.0004087762381343,fr,robinhood
enjou,0.0004087762381343,fr,robinhood
raclure,0.0004087762381343,fr,robinhood
tancher,0.0004087762381343,fr,robinhood
transmettre,0.0004083937569161,fr,robinhood
extrieur,0.0004083937569161,fr,robinhood
maman,0.0004083937569161,fr,robinhood
traner,0.0004083937569161,fr,robinhood
cauchemar,0.0004083937569161,fr,robinhood
oblige,0.0004083937569161,fr,robinhood
travailleur,0.0004072347119921,fr,robinhood
oue,0.0004072347119921,fr,robinhood
infliger,0.0004072347119921,fr,robinhood
voquer,0.0004072347119921,fr,robinhood
gratignure,0.0004072347119921,fr,robinhood
pave,0.0004072347119921,fr,robinhood
crdibl,0.0004072347119921,fr,robinhood
pieu,0.0004072347119921,fr,robinhood
blague,0.0004050962153181,fr,robinhood
art,0.0004050962153181,fr,robinhood
fesse,0.0004050962153181,fr,robinhood
chat,0.0004050962153181,fr,robinhood
plaindre,0.0004050962153181,fr,robinhood
prvener,0.0004034343937626,fr,robinhood
saboter,0.0004034343937626,fr,robinhood
carotte,0.0004034343937626,fr,robinhood
dprimer,0.0004034343937626,fr,robinhood
confesser,0.0004034343937626,fr,robinhood
dvorer,0.0004034343937626,fr,robinhood
redescendre,0.0004034343937626,fr,robinhood
aimable,0.0004034343937626,fr,robinhood
coopration,0.0004034343937626,fr,robinhood
clé,0.0004034343937626,fr,robinhood
renverse,0.0004034343937626,fr,robinhood
hostile,0.0004034343937626,fr,robinhood
cogner,0.0004034343937626,fr,robinhood
videmmer,0.0004034343937626,fr,robinhood
sonn,0.0004018279855887,fr,robinhood
malgr,0.0004018279855887,fr,robinhood
temp,0.0004018279855887,fr,robinhood
bavard,0.0003996920979302,fr,robinhood
hum,0.0003996920979302,fr,robinhood
paille,0.0003996920979302,fr,robinhood
dornaver,0.0003996920979302,fr,robinhood
ternel,0.0003996920979302,fr,robinhood
conduit,0.0003996920979302,fr,robinhood
pcher,0.0003996920979302,fr,robinhood
concurrence,0.0003996920979302,fr,robinhood
octobre,0.0003996920979302,fr,robinhood
nanmoin,0.0003996920979302,fr,robinhood
survivant,0.0003996920979302,fr,robinhood
indiqu,0.0003996920979302,fr,robinhood
ftid,0.0003989663793452,fr,robinhood
pustule,0.0003989663793452,fr,robinhood
chaleureusement,0.0003989663793452,fr,robinhood
incompter,0.0003989663793452,fr,robinhood
canaille,0.0003989663793452,fr,robinhood
ortie,0.0003989663793452,fr,robinhood
niez,0.0003989663793452,fr,robinhood
pac,0.0003989663793452,fr,robinhood
relchez,0.0003989663793452,fr,robinhood
entendu,0.0003989663793452,fr,robinhood
serrs,0.0003989663793452,fr,robinhood
assirer,0.0003989663793452,fr,robinhood
cessera,0.0003989663793452,fr,robinhood
tourn,0.0003985885512091,fr,robinhood
inconnu,0.0003985885512091,fr,robinhood
impliquer,0.0003985885512091,fr,robinhood
devenu,0.0003960060793603,fr,robinhood
stimuler,0.0003960060793603,fr,robinhood
bni,0.0003960060793603,fr,robinhood
solaire,0.0003960060793603,fr,robinhood
reprsentant,0.0003960060793603,fr,robinhood
rclame,0.0003960060793603,fr,robinhood
paiement,0.0003960060793603,fr,robinhood
tricher,0.0003960060793603,fr,robinhood
maladroit,0.0003960060793603,fr,robinhood
vent,0.000395377409194,fr,robinhood
avion,0.000395377409194,fr,robinhood
achet,0.000395377409194,fr,robinhood
appellerai,0.0003923746704856,fr,robinhood
superviser,0.0003923746704856,fr,robinhood
confu,0.0003923746704856,fr,robinhood
souhaite,0.0003923746704856,fr,robinhood
douteux,0.0003923746704856,fr,robinhood
avril,0.0003923746704856,fr,robinhood
rest,0.0003921940696232,fr,robinhood
dsobissance,0.0003898838687317,fr,robinhood
respectai,0.0003898838687317,fr,robinhood
dispenser,0.0003898838687317,fr,robinhood
fourreau,0.0003898838687317,fr,robinhood
intervenu,0.0003898838687317,fr,robinhood
rengat,0.0003898838687317,fr,robinhood
cachon,0.0003898838687317,fr,robinhood
attaquon,0.0003898838687317,fr,robinhood
assoiffer,0.0003898838687317,fr,robinhood
trsorier,0.0003898838687317,fr,robinhood
fortifi,0.0003898838687317,fr,robinhood
appte,0.0003898838687317,fr,robinhood
salomon,0.0003898838687317,fr,robinhood
distancer,0.0003898838687317,fr,robinhood
mielleux,0.0003898838687317,fr,robinhood
harpe,0.0003898838687317,fr,robinhood
retournon,0.0003887962767762,fr,robinhood
surgir,0.0003887962767762,fr,robinhood
manipul,0.0003887962767762,fr,robinhood
dcoll,0.0003887962767762,fr,robinhood
agneau,0.0003887962767762,fr,robinhood
promouvoir,0.0003887962767762,fr,robinhood
imaginai,0.0003887962767762,fr,robinhood
matinal,0.0003887962767762,fr,robinhood
motiver,0.0003887962767762,fr,robinhood
secours,0.0003859089007849,fr,robinhood
poign,0.0003852693725356,fr,robinhood
cap,0.0003852693725356,fr,robinhood
abuser,0.0003852693725356,fr,robinhood
rcolter,0.0003852693725356,fr,robinhood
honntet,0.0003852693725356,fr,robinhood
intressante,0.0003852693725356,fr,robinhood
pyjama,0.0003852693725356,fr,robinhood
surveill,0.0003852693725356,fr,robinhood
adjoint,0.0003852693725356,fr,robinhood
dure,0.0003828061530583,fr,robinhood
gnial,0.0003828061530583,fr,robinhood
rpondre,0.0003828061530583,fr,robinhood
mouton,0.0003817924969953,fr,robinhood
infiltr,0.0003817924969953,fr,robinhood
hypothse,0.0003817924969953,fr,robinhood
rguliremer,0.0003817924969953,fr,robinhood
mdaille,0.0003817924969953,fr,robinhood
enferms,0.0003817924969953,fr,robinhood
brill,0.0003817924969953,fr,robinhood
compenser,0.0003817924969953,fr,robinhood
cachs,0.0003814282536431,fr,robinhood
rpugne,0.0003814282536431,fr,robinhood
encombr,0.0003814282536431,fr,robinhood
obscnit,0.0003814282536431,fr,robinhood
lux,0.0003814282536431,fr,robinhood
corce,0.0003814282536431,fr,robinhood
extermination,0.0003814282536431,fr,robinhood
capitulation,0.0003814282536431,fr,robinhood
domine,0.0003814282536431,fr,robinhood
lacrer,0.0003814282536431,fr,robinhood
niveau,0.0003797293700521,fr,robinhood
djeuner,0.0003797293700521,fr,robinhood
relaxer,0.0003783642506816,fr,robinhood
baie,0.0003783642506816,fr,robinhood
tandis,0.0003783642506816,fr,robinhood
revendre,0.0003783642506816,fr,robinhood
inacceptable,0.0003783642506816,fr,robinhood
diviser,0.0003783642506816,fr,robinhood
nice,0.0003783642506816,fr,robinhood
crm,0.0003783642506816,fr,robinhood
arnaque,0.0003783642506816,fr,robinhood
obligatoire,0.0003783642506816,fr,robinhood
rsistance,0.0003783642506816,fr,robinhood
empreindre,0.0003783642506816,fr,robinhood
trophe,0.0003783642506816,fr,robinhood
grippe,0.0003783642506816,fr,robinhood
percer,0.0003783642506816,fr,robinhood
laisss,0.0003783642506816,fr,robinhood
environ,0.0003783642506816,fr,robinhood
russit,0.0003783642506816,fr,robinhood
contrari,0.0003749832920338,fr,robinhood
blesss,0.0003749832920338,fr,robinhood
embrasse,0.0003749832920338,fr,robinhood
rveillerer,0.0003749832920338,fr,robinhood
vulgaire,0.0003749832920338,fr,robinhood
mystrieux,0.0003749832920338,fr,robinhood
trsorerie,0.0003735185539687,fr,robinhood
courageusement,0.0003735185539687,fr,robinhood
gaillard,0.0003735185539687,fr,robinhood
brlera,0.0003735185539687,fr,robinhood
pargns,0.0003735185539687,fr,robinhood
concider,0.0003735185539687,fr,robinhood
embaumement,0.0003735185539687,fr,robinhood
nomine,0.0003735185539687,fr,robinhood
refoule,0.0003735185539687,fr,robinhood
empocher,0.0003735185539687,fr,robinhood
bnficiair,0.0003735185539687,fr,robinhood
billonner,0.0003735185539687,fr,robinhood
danois,0.0003735185539687,fr,robinhood
ossement,0.0003735185539687,fr,robinhood
tremps,0.0003735185539687,fr,robinhood
louable,0.0003735185539687,fr,robinhood
noix,0.0003716483342523,fr,robinhood
gentillesse,0.0003716483342523,fr,robinhood
prenez,0.0003716483342523,fr,robinhood
drame,0.0003716483342523,fr,robinhood
transforme,0.0003716483342523,fr,robinhood
dlai,0.0003683581423583,fr,robinhood
observ,0.0003683581423583,fr,robinhood
dsespre,0.0003683581423583,fr,robinhood
cacahute,0.0003683581423583,fr,robinhood
prvenue,0.0003683581423583,fr,robinhood
explosif,0.0003683581423583,fr,robinhood
verrouill,0.0003683581423583,fr,robinhood
cimetire,0.0003683581423583,fr,robinhood
matris,0.0003683581423583,fr,robinhood
dclencher,0.0003683581423583,fr,robinhood
gras,0.0003683581423583,fr,robinhood
conte,0.0003683581423583,fr,robinhood
rituel,0.0003683581423583,fr,robinhood
entiremer,0.0003683581423583,fr,robinhood
dout,0.0003683581423583,fr,robinhood
oignon,0.0003683581423583,fr,robinhood
marchandage,0.0003660885332155,fr,robinhood
usurp,0.0003660885332155,fr,robinhood
nerie,0.0003660885332155,fr,robinhood
mixture,0.0003660885332155,fr,robinhood
fuyon,0.0003660885332155,fr,robinhood
apparue,0.0003660885332155,fr,robinhood
firemer,0.0003660885332155,fr,robinhood
hberg,0.0003660885332155,fr,robinhood
nuisance,0.0003660885332155,fr,robinhood
cambridge,0.0003660885332155,fr,robinhood
dsapprouve,0.0003660885332155,fr,robinhood
billy,0.0003651115304477,fr,robinhood
fondation,0.0003651115304477,fr,robinhood
plaider,0.0003651115304477,fr,robinhood
acide,0.0003651115304477,fr,robinhood
bazar,0.0003651115304477,fr,robinhood
clibatair,0.0003651115304477,fr,robinhood
brosse,0.0003651115304477,fr,robinhood
nommer,0.0003651115304477,fr,robinhood
pntrer,0.0003651115304477,fr,robinhood
excite,0.0003651115304477,fr,robinhood
retarder,0.0003651115304477,fr,robinhood
splendide,0.0003651115304477,fr,robinhood
attendez,0.0003651115304477,fr,robinhood
foncer,0.0003651115304477,fr,robinhood
insensible,0.0003651115304477,fr,robinhood
promenade,0.0003651115304477,fr,robinhood
funraille,0.0003651115304477,fr,robinhood
cess,0.0003651115304477,fr,robinhood
remarquable,0.0003619073591251,fr,robinhood
licence,0.0003619073591251,fr,robinhood
dfendu,0.0003619073591251,fr,robinhood
assistance,0.0003619073591251,fr,robinhood
catastrophe,0.0003619073591251,fr,robinhood
consister,0.0003619073591251,fr,robinhood
terrifi,0.0003619073591251,fr,robinhood
remarque,0.0003619073591251,fr,robinhood
ramene,0.0003619073591251,fr,robinhood
dtention,0.0003619073591251,fr,robinhood
drangerer,0.0003619073591251,fr,robinhood
brlure,0.0003619073591251,fr,robinhood
poisseux,0.0003590833233135,fr,robinhood
donneriez,0.0003590833233135,fr,robinhood
sheriff,0.0003590833233135,fr,robinhood
bienveillant,0.0003590833233135,fr,robinhood
tourtereal,0.0003590833233135,fr,robinhood
philosophique,0.0003590833233135,fr,robinhood
drobe,0.0003590833233135,fr,robinhood
usurpation,0.0003590833233135,fr,robinhood
proclamer,0.0003590833233135,fr,robinhood
alentour,0.0003590833233135,fr,robinhood
coutera,0.0003590833233135,fr,robinhood
tez,0.0003590833233135,fr,robinhood
soucie,0.0003587445331034,fr,robinhood
alternative,0.0003587445331034,fr,robinhood
visag,0.0003587445331034,fr,robinhood
chiant,0.0003587445331034,fr,robinhood
chevill,0.0003587445331034,fr,robinhood
sel,0.0003587445331034,fr,robinhood
rentrs,0.0003587445331034,fr,robinhood
barbecue,0.0003587445331034,fr,robinhood
rgion,0.0003587445331034,fr,robinhood
venai,0.0003587445331034,fr,robinhood
repr,0.0003587445331034,fr,robinhood
tonn,0.0003587445331034,fr,robinhood
stock,0.0003556219989558,fr,robinhood
dirige,0.0003556219989558,fr,robinhood
ter,0.0003556219989558,fr,robinhood
soulag,0.0003556219989558,fr,robinhood
dbarquer,0.0003556219989558,fr,robinhood
moitir,0.0003556219989558,fr,robinhood
trad,0.0003556219989558,fr,robinhood
reprocher,0.0003556219989558,fr,robinhood
massage,0.0003556219989558,fr,robinhood
soupon,0.0003556219989558,fr,robinhood
ncessaire,0.0003556219989558,fr,robinhood
reprise,0.0003556219989558,fr,robinhood
prcis,0.0003525387430097,fr,robinhood
terroriste,0.0003525387430097,fr,robinhood
passon,0.0003525387430097,fr,robinhood
interrog,0.0003525387430097,fr,robinhood
guider,0.0003525387430097,fr,robinhood
typique,0.0003525387430097,fr,robinhood
lgume,0.0003525387430097,fr,robinhood
adorerai,0.0003525387430097,fr,robinhood
permanence,0.0003525387430097,fr,robinhood
sauce,0.0003525387430097,fr,robinhood
planque,0.0003525387430097,fr,robinhood
follemer,0.0003524569631965,fr,robinhood
nordique,0.0003524569631965,fr,robinhood
rubis,0.0003524569631965,fr,robinhood
braver,0.0003524569631965,fr,robinhood
dbouch,0.0003524569631965,fr,robinhood
ellie,0.0003524569631965,fr,robinhood
clairire,0.0003524569631965,fr,robinhood
clmer,0.0003524569631965,fr,robinhood
moineau,0.0003524569631965,fr,robinhood
commission,0.000349493789371,fr,robinhood
colline,0.000349493789371,fr,robinhood
jumeau,0.000349493789371,fr,robinhood
chelle,0.000349493789371,fr,robinhood
naturellement,0.000349493789371,fr,robinhood
embarquer,0.000349493789371,fr,robinhood
gentleman,0.000349493789371,fr,robinhood
rsist,0.000349493789371,fr,robinhood
circuler,0.000349493789371,fr,robinhood
spcialemer,0.000349493789371,fr,robinhood
refroidir,0.00034648619807,fr,robinhood
ressayer,0.00034648619807,fr,robinhood
argument,0.00034648619807,fr,robinhood
espagnol,0.00034648619807,fr,robinhood
gang,0.00034648619807,fr,robinhood
inconscier,0.00034648619807,fr,robinhood
oreiller,0.00034648619807,fr,robinhood
plaqu,0.00034648619807,fr,robinhood
metton,0.00034648619807,fr,robinhood
italien,0.00034648619807,fr,robinhood
dessert,0.00034648619807,fr,robinhood
lente,0.0003461705694775,fr,robinhood
assombrir,0.0003461705694775,fr,robinhood
dplacerer,0.0003461705694775,fr,robinhood
secour,0.0003461705694775,fr,robinhood
brutaliser,0.0003461705694775,fr,robinhood
vieillit,0.0003461705694775,fr,robinhood
dissou,0.0003461705694775,fr,robinhood
london,0.0003461705694775,fr,robinhood
mgre,0.0003461705694775,fr,robinhood
dpouill,0.0003461705694775,fr,robinhood
dshonorer,0.0003461705694775,fr,robinhood
aiderez,0.0003461705694775,fr,robinhood
hsite,0.0003435150633193,fr,robinhood
paniquer,0.0003435150633193,fr,robinhood
draguer,0.0003435150633193,fr,robinhood
invisible,0.0003435150633193,fr,robinhood
prsentation,0.0003435150633193,fr,robinhood
reois,0.0003435150633193,fr,robinhood
relire,0.0003435150633193,fr,robinhood
plier,0.0003435150633193,fr,robinhood
atout,0.0003435150633193,fr,robinhood
symbole,0.0003405795118764,fr,robinhood
fillette,0.0003405795118764,fr,robinhood
intact,0.0003405795118764,fr,robinhood
retien,0.0003405795118764,fr,robinhood
loigne,0.0003405795118764,fr,robinhood
connect,0.0003405795118764,fr,robinhood
voeu,0.0003405795118764,fr,robinhood
cruche,0.0003401909539109,fr,robinhood
dboucher,0.0003401909539109,fr,robinhood
mlodramatiqu,0.0003401909539109,fr,robinhood
alimente,0.0003401909539109,fr,robinhood
bienveiller,0.0003401909539109,fr,robinhood
conformer,0.0003401909539109,fr,robinhood
estrade,0.0003401909539109,fr,robinhood
satanique,0.0003401909539109,fr,robinhood
tapisserie,0.0003401909539109,fr,robinhood
donnant,0.0003401909539109,fr,robinhood
malfrat,0.0003401909539109,fr,robinhood
emmens,0.0003401909539109,fr,robinhood
filleul,0.0003401909539109,fr,robinhood
convenance,0.0003401909539109,fr,robinhood
absurde,0.0003376787015032,fr,robinhood
audience,0.0003376787015032,fr,robinhood
aval,0.0003376787015032,fr,robinhood
prochaine,0.0003376787015032,fr,robinhood
sommet,0.0003376787015032,fr,robinhood
confortable,0.0003376787015032,fr,robinhood
ivre,0.0003376787015032,fr,robinhood
commerce,0.0003376787015032,fr,robinhood
fiance,0.0003376787015032,fr,robinhood
beurre,0.0003348118195147,fr,robinhood
adresser,0.0003348118195147,fr,robinhood
avertissement,0.0003348118195147,fr,robinhood
trait,0.0003348118195147,fr,robinhood
lutter,0.0003348118195147,fr,robinhood
circuit,0.0003348118195147,fr,robinhood
pareille,0.0003348118195147,fr,robinhood
attendrai,0.0003344895627722,fr,robinhood
rapparat,0.0003344895627722,fr,robinhood
resplendir,0.0003344895627722,fr,robinhood
bouillant,0.0003344895627722,fr,robinhood
perois,0.0003344895627722,fr,robinhood
ferez,0.0003344895627722,fr,robinhood
clment,0.0003344895627722,fr,robinhood
orge,0.0003344895627722,fr,robinhood
temprature,0.0003319780814132,fr,robinhood
arm,0.0003319780814132,fr,robinhood
marqu,0.0003319780814132,fr,robinhood
soyon,0.0003319780814132,fr,robinhood
comporter,0.0003319780814132,fr,robinhood
emmene,0.0003319780814132,fr,robinhood
expr,0.0003319780814132,fr,robinhood
banal,0.0003319780814132,fr,robinhood
suggestion,0.0003319780814132,fr,robinhood
permet,0.0003319780814132,fr,robinhood
flou,0.0003319780814132,fr,robinhood
runis,0.0003319780814132,fr,robinhood
rcent,0.0003319780814132,fr,robinhood
affirmer,0.0003319780814132,fr,robinhood
badge,0.0003319780814132,fr,robinhood
intervention,0.0003291767295991,fr,robinhood
solitaire,0.0003291767295991,fr,robinhood
reprsent,0.0003291767295991,fr,robinhood
balade,0.0003291767295991,fr,robinhood
abrutir,0.0003291767295991,fr,robinhood
runir,0.0003291767295991,fr,robinhood
crain,0.0003291767295991,fr,robinhood
arrange,0.0003291767295991,fr,robinhood
coul,0.0003291767295991,fr,robinhood
tyrannie,0.0003290416521952,fr,robinhood
encas,0.0003290416521952,fr,robinhood
tcher,0.0003290416521952,fr,robinhood
dchu,0.0003290416521952,fr,robinhood
transperc,0.0003290416521952,fr,robinhood
persist,0.0003290416521952,fr,robinhood
souiller,0.0003290416521952,fr,robinhood
cardinal,0.0003290416521952,fr,robinhood
bombard,0.0003290416521952,fr,robinhood
seal,0.0003290416521952,fr,robinhood
atrocit,0.0003290416521952,fr,robinhood
crasseux,0.0003290416521952,fr,robinhood
rpande,0.0003290416521952,fr,robinhood
malentendu,0.0003264070321553,fr,robinhood
conomie,0.0003264070321553,fr,robinhood
balanc,0.0003264070321553,fr,robinhood
vienne,0.0003264070321553,fr,robinhood
admire,0.0003264070321553,fr,robinhood
srieusement,0.0003264070321553,fr,robinhood
sincremer,0.0003264070321553,fr,robinhood
accueil,0.0003264070321553,fr,robinhood
renseigner,0.0003264070321553,fr,robinhood
avanc,0.0003264070321553,fr,robinhood
mette,0.0003264070321553,fr,robinhood
lost,0.0003238256391479,fr,robinhood
pisod,0.0003238256391479,fr,robinhood
frir,0.0003238256391479,fr,robinhood
enflamme,0.0003238256391479,fr,robinhood
vil,0.0003238256391479,fr,robinhood
prosprit,0.0003238256391479,fr,robinhood
richer,0.0003238256391479,fr,robinhood
texture,0.0003238256391479,fr,robinhood
bouillon,0.0003238256391479,fr,robinhood
coutiez,0.0003238256391479,fr,robinhood
sieur,0.0003238256391479,fr,robinhood
murmur,0.0003238256391479,fr,robinhood
blasphme,0.0003238256391479,fr,robinhood
perdrai,0.0003238256391479,fr,robinhood
garer,0.0003236682816991,fr,robinhood
phase,0.0003236682816991,fr,robinhood
effac,0.0003236682816991,fr,robinhood
malheur,0.0003236682816991,fr,robinhood
envahir,0.0003236682816991,fr,robinhood
vierge,0.0003236682816991,fr,robinhood
chant,0.0003236682816991,fr,robinhood
urgent,0.0003209597942982,fr,robinhood
dpenser,0.0003209597942982,fr,robinhood
figure,0.0003209597942982,fr,robinhood
inhabituel,0.0003209597942982,fr,robinhood
apparat,0.0003209597942982,fr,robinhood
personnage,0.0003209597942982,fr,robinhood
entirement,0.0003209597942982,fr,robinhood
cracher,0.0003209597942982,fr,robinhood
valider,0.0003188225849863,fr,robinhood
terrifie,0.0003188225849863,fr,robinhood
pitin,0.0003188225849863,fr,robinhood
duc,0.0003188225849863,fr,robinhood
inflammable,0.0003188225849863,fr,robinhood
ppite,0.0003188225849863,fr,robinhood
honors,0.0003188225849863,fr,robinhood
refu,0.0003188225849863,fr,robinhood
remerciez,0.0003188225849863,fr,robinhood
rompez,0.0003188225849863,fr,robinhood
coffret,0.0003188225849863,fr,robinhood
sentirai,0.0003188225849863,fr,robinhood
emmnerai,0.0003188225849863,fr,robinhood
milice,0.0003188225849863,fr,robinhood
knight,0.0003188225849863,fr,robinhood
comptence,0.0003182809084451,fr,robinhood
craquer,0.0003182809084451,fr,robinhood
convenir,0.0003182809084451,fr,robinhood
noter,0.0003182809084451,fr,robinhood
pointer,0.0003182809084451,fr,robinhood
mentionner,0.0003182809084451,fr,robinhood
tudi,0.0003182809084451,fr,robinhood
saviez,0.0003182809084451,fr,robinhood
campagne,0.0003156309840873,fr,robinhood
gost,0.0003156309840873,fr,robinhood
tout,0.0003156309840873,fr,robinhood
champion,0.0003156309840873,fr,robinhood
visiblement,0.0003156309840873,fr,robinhood
jeton,0.0003156309840873,fr,robinhood
accu,0.0003156309840873,fr,robinhood
piquer,0.0003156309840873,fr,robinhood
arrir,0.0003156309840873,fr,robinhood
bizarrement,0.0003156309840873,fr,robinhood
rythme,0.0003156309840873,fr,robinhood
informer,0.0003156309840873,fr,robinhood
poivrot,0.0003140157803588,fr,robinhood
couronner,0.0003140157803588,fr,robinhood
consume,0.0003140157803588,fr,robinhood
soudoy,0.0003140157803588,fr,robinhood
tranerer,0.0003140157803588,fr,robinhood
perfor,0.0003140157803588,fr,robinhood
acceptent,0.0003140157803588,fr,robinhood
minime,0.0003140157803588,fr,robinhood
malveillant,0.0003140157803588,fr,robinhood
candidat,0.0003130094017098,fr,robinhood
disputer,0.0003130094017098,fr,robinhood
pluie,0.0003130094017098,fr,robinhood
guide,0.0003104155614652,fr,robinhood
affect,0.0003104155614652,fr,robinhood
citoyen,0.0003104155614652,fr,robinhood
dsespr,0.0003104155614652,fr,robinhood
pari,0.0003104155614652,fr,robinhood
reprend,0.0003104155614652,fr,robinhood
aperu,0.0003104155614652,fr,robinhood
spciale,0.0003104155614652,fr,robinhood
dbarrer,0.0003104155614652,fr,robinhood
volant,0.0003104155614652,fr,robinhood
attitude,0.0003104155614652,fr,robinhood
rveil,0.0003104155614652,fr,robinhood
partags,0.0003093904084926,fr,robinhood
reconnatra,0.0003093904084926,fr,robinhood
aplomb,0.0003093904084926,fr,robinhood
vulnrabilit,0.0003093904084926,fr,robinhood
sachent,0.0003093904084926,fr,robinhood
impur,0.0003093904084926,fr,robinhood
supplice,0.0003093904084926,fr,robinhood
briss,0.0003093904084926,fr,robinhood
invoqu,0.0003093904084926,fr,robinhood
couronn,0.0003093904084926,fr,robinhood
reparler,0.0003078488823505,fr,robinhood
minuit,0.0003078488823505,fr,robinhood
demandai,0.0003078488823505,fr,robinhood
chantillon,0.0003078488823505,fr,robinhood
estomac,0.0003078488823505,fr,robinhood
frontire,0.0003078488823505,fr,robinhood
correctement,0.0003078488823505,fr,robinhood
panneau,0.0003078488823505,fr,robinhood
relev,0.0003078488823505,fr,robinhood
gnration,0.0003078488823505,fr,robinhood
envisager,0.0003053088014253,fr,robinhood
avre,0.0003053088014253,fr,robinhood
violence,0.0003053088014253,fr,robinhood
mardi,0.0003053088014253,fr,robinhood
fabrique,0.0003053088014253,fr,robinhood
excessivement,0.0003049332697454,fr,robinhood
larve,0.0003049332697454,fr,robinhood
cupide,0.0003049332697454,fr,robinhood
laissera,0.0003049332697454,fr,robinhood
ligot,0.0003049332697454,fr,robinhood
indiquer,0.0003027947730713,fr,robinhood
matriel,0.0003027947730713,fr,robinhood
beal,0.0003027947730713,fr,robinhood
tribunal,0.0003027947730713,fr,robinhood
large,0.0003027947730713,fr,robinhood
envoie,0.0003027947730713,fr,robinhood
saigner,0.0003027947730713,fr,robinhood
exprimer,0.0003027947730713,fr,robinhood
expression,0.0003027947730713,fr,robinhood
lendemain,0.0003027947730713,fr,robinhood
dcevrer,0.0003006325545137,fr,robinhood
souterraine,0.0003006325545137,fr,robinhood
ravin,0.0003006325545137,fr,robinhood
remord,0.0003006325545137,fr,robinhood
clotre,0.0003006325545137,fr,robinhood
trompette,0.0003006325545137,fr,robinhood
dfendrer,0.0003006325545137,fr,robinhood
prestige,0.0003006325545137,fr,robinhood
gardien,0.0003003062682885,fr,robinhood
convier,0.0003003062682885,fr,robinhood
tapis,0.0003003062682885,fr,robinhood
arrivs,0.0003003062682885,fr,robinhood
compliment,0.0003003062682885,fr,robinhood
mlange,0.0002978427740273,fr,robinhood
cancer,0.0002978427740273,fr,robinhood
venger,0.0002978427740273,fr,robinhood
reprsenter,0.0002978427740273,fr,robinhood
bouton,0.0002978427740273,fr,robinhood
tendance,0.0002978427740273,fr,robinhood
taier,0.0002978427740273,fr,robinhood
pouce,0.0002978427740273,fr,robinhood
civil,0.0002978427740273,fr,robinhood
modl,0.0002978427740273,fr,robinhood
dose,0.0002978427740273,fr,robinhood
redeviendra,0.0002964776546567,fr,robinhood
terne,0.0002964776546567,fr,robinhood
bombardement,0.0002964776546567,fr,robinhood
entaille,0.0002964776546567,fr,robinhood
rcipient,0.0002964776546567,fr,robinhood
regarderai,0.0002964776546567,fr,robinhood
piller,0.0002964776546567,fr,robinhood
rousseur,0.0002964776546567,fr,robinhood
intolrabl,0.0002964776546567,fr,robinhood
typiquement,0.0002964776546567,fr,robinhood
docile,0.0002964776546567,fr,robinhood
soeurette,0.0002964776546567,fr,robinhood
effroyable,0.0002964776546567,fr,robinhood
plaque,0.0002954037925532,fr,robinhood
tenue,0.0002954037925532,fr,robinhood
charmer,0.0002954037925532,fr,robinhood
mle,0.0002954037925532,fr,robinhood
chemise,0.0002954037925532,fr,robinhood
transform,0.0002954037925532,fr,robinhood
lutte,0.0002954037925532,fr,robinhood
trouvera,0.0002954037925532,fr,robinhood
moquer,0.0002954037925532,fr,robinhood
puissant,0.000292988840844,fr,robinhood
central,0.000292988840844,fr,robinhood
probable,0.000292988840844,fr,robinhood
appele,0.000292988840844,fr,robinhood
empreinte,0.000292988840844,fr,robinhood
estime,0.000292988840844,fr,robinhood
bouteille,0.000292988840844,fr,robinhood
pinceau,0.0002924590058508,fr,robinhood
empar,0.0002924590058508,fr,robinhood
bride,0.0002924590058508,fr,robinhood
banquet,0.0002924590058508,fr,robinhood
passez,0.0002924590058508,fr,robinhood
lzard,0.0002924590058508,fr,robinhood
capitaine,0.0002905974500148,fr,robinhood
fantme,0.0002905974500148,fr,robinhood
bloc,0.0002905974500148,fr,robinhood
tuyau,0.0002905974500148,fr,robinhood
grill,0.0002905974500148,fr,robinhood
suffisamment,0.0002905974500148,fr,robinhood
habituer,0.0002905974500148,fr,robinhood
persuasion,0.0002885679549824,fr,robinhood
aids,0.0002885679549824,fr,robinhood
carrosse,0.0002885679549824,fr,robinhood
redonn,0.0002885679549824,fr,robinhood
stratagme,0.0002885679549824,fr,robinhood
rcemmer,0.0002882291647723,fr,robinhood
gare,0.0002882291647723,fr,robinhood
queue,0.0002882291647723,fr,robinhood
deuxime,0.0002882291647723,fr,robinhood
entranement,0.0002882291647723,fr,robinhood
fantastique,0.000285883542894,fr,robinhood
sport,0.000285883542894,fr,robinhood
lance,0.000285883542894,fr,robinhood
belle,0.000285883542894,fr,robinhood
tableau,0.000285883542894,fr,robinhood
lger,0.000285883542894,fr,robinhood
angle,0.000285883542894,fr,robinhood
origine,0.000285883542894,fr,robinhood
roulement,0.0002847966479514,fr,robinhood
bataillon,0.0002847966479514,fr,robinhood
referai,0.0002847966479514,fr,robinhood
dfinisser,0.0002847966479514,fr,robinhood
vanit,0.0002847966479514,fr,robinhood
raid,0.0002847966479514,fr,robinhood
intervien,0.0002847966479514,fr,robinhood
rong,0.0002847966479514,fr,robinhood
lanterne,0.0002847966479514,fr,robinhood
pig,0.000283560154733,fr,robinhood
inviter,0.000283560154733,fr,robinhood
rayon,0.000283560154733,fr,robinhood
complet,0.0002812585827454,fr,robinhood
adulte,0.0002812585827454,fr,robinhood
circonstance,0.0002812585827454,fr,robinhood
opinion,0.0002812585827454,fr,robinhood
fout,0.0002812585827454,fr,robinhood
min,0.0002812585827454,fr,robinhood
nol,0.0002812585827454,fr,robinhood
gcher,0.0002812585827454,fr,robinhood
attendra,0.0002811379342291,fr,robinhood
vinc,0.0002811379342291,fr,robinhood
enfui,0.0002811379342291,fr,robinhood
inutiler,0.0002811379342291,fr,robinhood
entrailles,0.0002811379342291,fr,robinhood
sauriez,0.0002811379342291,fr,robinhood
cossai,0.0002811379342291,fr,robinhood
ventr,0.0002811379342291,fr,robinhood
cras,0.0002811379342291,fr,robinhood
empche,0.0002789784210399,fr,robinhood
rcupr,0.0002789784210399,fr,robinhood
chaise,0.0002789784210399,fr,robinhood
chou,0.0002789784210399,fr,robinhood
interroger,0.0002789784210399,fr,robinhood
net,0.0002789784210399,fr,robinhood
amliorer,0.0002789784210399,fr,robinhood
chas,0.0002775852852541,fr,robinhood
surplus,0.0002775852852541,fr,robinhood
dployer,0.0002775852852541,fr,robinhood
perturbation,0.0002775852852541,fr,robinhood
infme,0.0002775852852541,fr,robinhood
sil,0.0002775852852541,fr,robinhood
heureusement,0.0002767192749487,fr,robinhood
collgue,0.0002767192749487,fr,robinhood
professeur,0.0002767192749487,fr,robinhood
observer,0.0002767192749487,fr,robinhood
organiser,0.0002767192749487,fr,robinhood
rponder,0.0002744807606167,fr,robinhood
charg,0.0002744807606167,fr,robinhood
mise,0.0002744807606167,fr,robinhood
emploi,0.0002744807606167,fr,robinhood
chane,0.0002744807606167,fr,robinhood
rare,0.0002744807606167,fr,robinhood
juteux,0.0002741327243271,fr,robinhood
fassent,0.0002741327243271,fr,robinhood
superstitieux,0.0002741327243271,fr,robinhood
responsabilits,0.0002741327243271,fr,robinhood
venin,0.0002741327243271,fr,robinhood
pluriel,0.0002741327243271,fr,robinhood
discrditer,0.0002741327243271,fr,robinhood
dgonfl,0.0002741327243271,fr,robinhood
tripl,0.0002741327243271,fr,robinhood
prospre,0.0002741327243271,fr,robinhood
dbarrasse,0.0002741327243271,fr,robinhood
tisser,0.0002741327243271,fr,robinhood
expansion,0.0002741327243271,fr,robinhood
vcu,0.0002722625046107,fr,robinhood
impliqu,0.0002722625046107,fr,robinhood
total,0.0002722625046107,fr,robinhood
naturel,0.0002722625046107,fr,robinhood
fainant,0.0002707747661125,fr,robinhood
falais,0.0002707747661125,fr,robinhood
immunit,0.0002707747661125,fr,robinhood
arsenal,0.0002707747661125,fr,robinhood
arrangerai,0.0002707747661125,fr,robinhood
tanire,0.0002707747661125,fr,robinhood
mritez,0.0002707747661125,fr,robinhood
trouvon,0.0002707747661125,fr,robinhood
considrent,0.0002707747661125,fr,robinhood
prophte,0.0002707747661125,fr,robinhood
pauler,0.0002707747661125,fr,robinhood
purifier,0.0002707747661125,fr,robinhood
prvenus,0.0002707747661125,fr,robinhood
repli,0.0002707747661125,fr,robinhood
instinct,0.0002700641435454,fr,robinhood
tage,0.0002700641435454,fr,robinhood
marrant,0.0002700641435454,fr,robinhood
enceint,0.0002700641435454,fr,robinhood
juge,0.0002678853237258,fr,robinhood
option,0.0002678853237258,fr,robinhood
principal,0.0002678853237258,fr,robinhood
rpondu,0.0002678853237258,fr,robinhood
pause,0.0002678853237258,fr,robinhood
clairement,0.0002678853237258,fr,robinhood
chri,0.0002678853237258,fr,robinhood
abominable,0.0002675063642102,fr,robinhood
vanne,0.0002675063642102,fr,robinhood
malheureuse,0.0002675063642102,fr,robinhood
complicit,0.0002675063642102,fr,robinhood
intimid,0.0002675063642102,fr,robinhood
conseill,0.0002675063642102,fr,robinhood
bennett,0.0002675063642102,fr,robinhood
revenez,0.0002675063642102,fr,robinhood
cerne,0.0002675063642102,fr,robinhood
prouve,0.0002675063642102,fr,robinhood
allie,0.0002675063642102,fr,robinhood
croise,0.0002675063642102,fr,robinhood
suc,0.0002675063642102,fr,robinhood
relv,0.0002675063642102,fr,robinhood
marais,0.0002675063642102,fr,robinhood
baril,0.0002675063642102,fr,robinhood
passage,0.000265725700806,fr,robinhood
trompe,0.000265725700806,fr,robinhood
intelligent,0.000265725700806,fr,robinhood
pleurnichard,0.000264322865538,fr,robinhood
conforme,0.000264322865538,fr,robinhood
hritier,0.000264322865538,fr,robinhood
rduits,0.000264322865538,fr,robinhood
confrrie,0.000264322865538,fr,robinhood
significatif,0.000264322865538,fr,robinhood
dbloquer,0.000264322865538,fr,robinhood
dfinitive,0.000264322865538,fr,robinhood
tablier,0.000264322865538,fr,robinhood
allongez,0.000264322865538,fr,robinhood
identit,0.0002635849394627,fr,robinhood
musique,0.0002635849394627,fr,robinhood
bord,0.0002614627130821,fr,robinhood
runion,0.0002614627130821,fr,robinhood
ralit,0.0002614627130821,fr,robinhood
putain,0.0002614627130821,fr,robinhood
lutt,0.0002612199704912,fr,robinhood
broche,0.0002612199704912,fr,robinhood
lincoln,0.0002612199704912,fr,robinhood
concret,0.0002612199704912,fr,robinhood
entrave,0.0002612199704912,fr,robinhood
mose,0.0002612199704912,fr,robinhood
souviendra,0.0002612199704912,fr,robinhood
crypte,0.0002612199704912,fr,robinhood
reflter,0.0002612199704912,fr,robinhood
limite,0.0002593587034617,fr,robinhood
bleu,0.0002593587034617,fr,robinhood
adresse,0.0002593587034617,fr,robinhood
dterr,0.0002581936980213,fr,robinhood
ngliger,0.0002581936980213,fr,robinhood
terrasse,0.0002581936980213,fr,robinhood
rachet,0.0002581936980213,fr,robinhood
palier,0.0002581936980213,fr,robinhood
prolong,0.0002581936980213,fr,robinhood
scne,0.0002572726005233,fr,robinhood
sympa,0.0002572726005233,fr,robinhood
foutu,0.0002572726005233,fr,robinhood
devienne,0.0002552403549245,fr,robinhood
mariag,0.0002552403549245,fr,robinhood
librerer,0.0002552403549245,fr,robinhood
chaine,0.0002552403549245,fr,robinhood
infinimer,0.0002552403549245,fr,robinhood
pingle,0.0002552403549245,fr,robinhood
rdig,0.0002552403549245,fr,robinhood
cultiv,0.0002552403549245,fr,robinhood
pntre,0.0002552403549245,fr,robinhood
lamentable,0.0002552403549245,fr,robinhood
advenir,0.0002552403549245,fr,robinhood
chapperer,0.0002552403549245,fr,robinhood
protgez,0.0002552403549245,fr,robinhood
branler,0.0002552403549245,fr,robinhood
commenc,0.0002552041020388,fr,robinhood
balle,0.0002531529133681,fr,robinhood
adquat,0.0002523565087437,fr,robinhood
esclavage,0.0002523565087437,fr,robinhood
bavardage,0.0002523565087437,fr,robinhood
priori,0.0002523565087437,fr,robinhood
pue,0.0002523565087437,fr,robinhood
rsurrection,0.0002523565087437,fr,robinhood
conqute,0.0002523565087437,fr,robinhood
soudoyer,0.0002523565087437,fr,robinhood
rouille,0.0002523565087437,fr,robinhood
diffrent,0.0002511187472061,fr,robinhood
antique,0.0002495389637859,fr,robinhood
clip,0.0002495389637859,fr,robinhood
reproduction,0.0002495389637859,fr,robinhood
marchant,0.0002495389637859,fr,robinhood
percevoir,0.0002495389637859,fr,robinhood
trangle,0.0002495389637859,fr,robinhood
caprice,0.0002495389637859,fr,robinhood
mritai,0.0002495389637859,fr,robinhood
assigner,0.0002495389637859,fr,robinhood
immoral,0.0002495389637859,fr,robinhood
jet,0.0002491013233423,fr,robinhood
image,0.0002491013233423,fr,robinhood
rdiger,0.0002467847398359,fr,robinhood
vessie,0.0002467847398359,fr,robinhood
roc,0.0002467847398359,fr,robinhood
incarn,0.0002467847398359,fr,robinhood
lgitime,0.0002440910532089,fr,robinhood
clause,0.0002440910532089,fr,robinhood
bloque,0.0002440910532089,fr,robinhood
interfrence,0.0002440910532089,fr,robinhood
arrogance,0.0002440910532089,fr,robinhood
moqu,0.0002440910532089,fr,robinhood
cultiver,0.0002440910532089,fr,robinhood
rvlerer,0.0002440910532089,fr,robinhood
flte,0.0002440910532089,fr,robinhood
trinquer,0.0002440910532089,fr,robinhood
scalpel,0.0002440910532089,fr,robinhood
triomphe,0.0002414552998412,fr,robinhood
cloque,0.0002414552998412,fr,robinhood
rallumer,0.0002414552998412,fr,robinhood
encourag,0.0002414552998412,fr,robinhood
sou,0.0002414552998412,fr,robinhood
flicite,0.0002414552998412,fr,robinhood
hurl,0.0002414552998412,fr,robinhood
crabe,0.0002414552998412,fr,robinhood
runisser,0.0002414552998412,fr,robinhood
rpercussion,0.0002414552998412,fr,robinhood
sense,0.0002414552998412,fr,robinhood
raliserer,0.0002388750401616,fr,robinhood
propage,0.0002388750401616,fr,robinhood
gober,0.0002388750401616,fr,robinhood
incomptent,0.0002388750401616,fr,robinhood
exhiber,0.0002388750401616,fr,robinhood
veinard,0.0002388750401616,fr,robinhood
franais,0.0002388750401616,fr,robinhood
hant,0.0002388750401616,fr,robinhood
fiasco,0.0002388750401616,fr,robinhood
intouchable,0.000236347985522,fr,robinhood
aucun,0.000236347985522,fr,robinhood
tend,0.000236347985522,fr,robinhood
rgner,0.000236347985522,fr,robinhood
assemble,0.000236347985522,fr,robinhood
ignorant,0.000236347985522,fr,robinhood
tuerai,0.000236347985522,fr,robinhood
convoquer,0.000236347985522,fr,robinhood
regrouper,0.000233871986,fr,robinhood
confronter,0.000233871986,fr,robinhood
gouvernemental,0.000233871986,fr,robinhood
rduite,0.000233871986,fr,robinhood
penche,0.000233871986,fr,robinhood
mijoter,0.000233871986,fr,robinhood
suivai,0.000233871986,fr,robinhood
criminelle,0.000233871986,fr,robinhood
hameon,0.000233871986,fr,robinhood
dlivrer,0.0002314450194083,fr,robinhood
crotte,0.0002314450194083,fr,robinhood
odieux,0.0002314450194083,fr,robinhood
brche,0.0002314450194083,fr,robinhood
manoeuvre,0.0002314450194083,fr,robinhood
bruyant,0.0002290651813725,fr,robinhood
fourre,0.0002290651813725,fr,robinhood
infini,0.0002290651813725,fr,robinhood
prcipit,0.0002290651813725,fr,robinhood
colonie,0.0002290651813725,fr,robinhood
prtentieux,0.0002290651813725,fr,robinhood
sarcastique,0.0002290651813725,fr,robinhood
confidence,0.0002290651813725,fr,robinhood
crache,0.0002290651813725,fr,robinhood
prisonnir,0.0002290651813725,fr,robinhood
appui,0.0002267306763528,fr,robinhood
dco,0.0002267306763528,fr,robinhood
vrifierer,0.0002267306763528,fr,robinhood
totalit,0.0002267306763528,fr,robinhood
berceau,0.0002267306763528,fr,robinhood
consacr,0.0002244398095063,fr,robinhood
enjeu,0.0002244398095063,fr,robinhood
ressemblance,0.0002244398095063,fr,robinhood
affront,0.0002221909792947,fr,robinhood
savourer,0.0002221909792947,fr,robinhood
dnonc,0.000219982670759,fr,robinhood
regagner,0.000219982670759,fr,robinhood
branle,0.000219982670759,fr,robinhood
cabane,0.000219982670759,fr,robinhood
gnrosit,0.000219982670759,fr,robinhood
guid,0.000219982670759,fr,robinhood
manipulateur,0.000219982670759,fr,robinhood
rassemblement,0.000219982670759,fr,robinhood
loisir,0.0002178134493893,fr,robinhood
flatt,0.0002178134493893,fr,robinhood
battement,0.0002178134493893,fr,robinhood
sret,0.0002178134493893,fr,robinhood
semble,0.0002178134493893,fr,robinhood
invasion,0.0002178134493893,fr,robinhood
lchez,0.0002178134493893,fr,robinhood
sophistiqu,0.0002178134493893,fr,robinhood
sorti,0.0002156819555274,fr,robinhood
attraction,0.0002156819555274,fr,robinhood
enquteur,0.0002156819555274,fr,robinhood
rsout,0.0002156819555274,fr,robinhood
mouiller,0.0002156819555274,fr,robinhood
regrettera,0.0002156819555274,fr,robinhood
rapproche,0.0002156819555274,fr,robinhood
rattrap,0.000213586899248,fr,robinhood
attirant,0.000213586899248,fr,robinhood
imprvu,0.000213586899248,fr,robinhood
aboutir,0.000213586899248,fr,robinhood
balayer,0.000213586899248,fr,robinhood
inclus,0.000213586899248,fr,robinhood
enfonce,0.0002115270556704,fr,robinhood
enferme,0.0002115270556704,fr,robinhood
tonnant,0.0002115270556704,fr,robinhood
touff,0.0002095012606575,fr,robinhood
interprter,0.0002095012606575,fr,robinhood
troupeau,0.0002095012606575,fr,robinhood
dtourne,0.0002095012606575,fr,robinhood
commencemer,0.0002095012606575,fr,robinhood
rvolution,0.0002095012606575,fr,robinhood
nigme,0.0002095012606575,fr,robinhood
constater,0.0002095012606575,fr,robinhood
abandon,0.0002075084068645,fr,robinhood
dtruirer,0.0002075084068645,fr,robinhood
songer,0.0002075084068645,fr,robinhood
saucisse,0.0002075084068645,fr,robinhood
priver,0.0002075084068645,fr,robinhood
aussitt,0.0002075084068645,fr,robinhood
patronne,0.0002075084068645,fr,robinhood
amer,0.0002075084068645,fr,robinhood
rsoudrer,0.0002075084068645,fr,robinhood
baser,0.0002055474401037,fr,robinhood
massacrer,0.0002055474401037,fr,robinhood
katie,0.0002055474401037,fr,robinhood
allong,0.0002055474401037,fr,robinhood
cuillre,0.0002055474401037,fr,robinhood
vertu,0.0002055474401037,fr,robinhood
dragon,0.0002055474401037,fr,robinhood
rassembl,0.0002055474401037,fr,robinhood
asile,0.000203617355996,fr,robinhood
envole,0.000203617355996,fr,robinhood
fauch,0.000203617355996,fr,robinhood
musicien,0.000203617355996,fr,robinhood
utilisation,0.000203617355996,fr,robinhood
incontrlabl,0.000203617355996,fr,robinhood
paisible,0.000203617355996,fr,robinhood
lover,0.000203617355996,fr,robinhood
strictement,0.000203617355996,fr,robinhood
objection,0.0002017171968813,fr,robinhood
munition,0.0002017171968813,fr,robinhood
suivie,0.0002017171968813,fr,robinhood
fouiner,0.0002017171968813,fr,robinhood
har,0.0002017171968813,fr,robinhood
demoiselle,0.0002017171968813,fr,robinhood
miette,0.0002017171968813,fr,robinhood
progresser,0.0002017171968813,fr,robinhood
tuera,0.0001998460489651,fr,robinhood
ouvre,0.0001998460489651,fr,robinhood
massif,0.0001998460489651,fr,robinhood
meurtrire,0.0001998460489651,fr,robinhood
jug,0.0001998460489651,fr,robinhood
optimiste,0.0001998460489651,fr,robinhood
menaer,0.0001998460489651,fr,robinhood
tincelle,0.0001980030396801,fr,robinhood
kidnapper,0.0001980030396801,fr,robinhood
hot,0.0001980030396801,fr,robinhood
hanter,0.0001980030396801,fr,robinhood
guise,0.0001980030396801,fr,robinhood
principalement,0.0001980030396801,fr,robinhood
reflet,0.0001980030396801,fr,robinhood
drapeau,0.0001980030396801,fr,robinhood
remercie,0.0001980030396801,fr,robinhood
repousse,0.0001980030396801,fr,robinhood
thme,0.0001980030396801,fr,robinhood
expo,0.0001980030396801,fr,robinhood
primtr,0.0001961873352428,fr,robinhood
patrouille,0.0001961873352428,fr,robinhood
office,0.0001961873352428,fr,robinhood
sournois,0.0001961873352428,fr,robinhood
exemplaire,0.0001961873352428,fr,robinhood
solde,0.0001961873352428,fr,robinhood
famill,0.0001961873352428,fr,robinhood
contrarier,0.0001943981383881,fr,robinhood
traque,0.0001943981383881,fr,robinhood
vrification,0.0001943981383881,fr,robinhood
recouvrir,0.0001943981383881,fr,robinhood
pelle,0.0001943981383881,fr,robinhood
proie,0.0001943981383881,fr,robinhood
enterre,0.0001926346862678,fr,robinhood
agi,0.0001926346862678,fr,robinhood
loge,0.0001926346862678,fr,robinhood
impoli,0.0001926346862678,fr,robinhood
assassinat,0.0001926346862678,fr,robinhood
dsespoir,0.0001926346862678,fr,robinhood
active,0.0001926346862678,fr,robinhood
guri,0.0001926346862678,fr,robinhood
limin,0.0001926346862678,fr,robinhood
aspirer,0.0001926346862678,fr,robinhood
glisse,0.0001908962484976,fr,robinhood
persuad,0.0001908962484976,fr,robinhood
pique,0.0001908962484976,fr,robinhood
tremp,0.0001908962484976,fr,robinhood
planifi,0.0001908962484976,fr,robinhood
projeter,0.0001908962484976,fr,robinhood
farce,0.0001908962484976,fr,robinhood
enlvement,0.0001908962484976,fr,robinhood
deal,0.0001891821253408,fr,robinhood
hai,0.0001891821253408,fr,robinhood
you,0.0001891821253408,fr,robinhood
gurison,0.0001891821253408,fr,robinhood
plate,0.0001891821253408,fr,robinhood
pacifique,0.0001891821253408,fr,robinhood
recours,0.0001891821253408,fr,robinhood
big,0.0001874916460169,fr,robinhood
fix,0.0001874916460169,fr,robinhood
errer,0.0001874916460169,fr,robinhood
agresser,0.0001874916460169,fr,robinhood
comprenn,0.0001874916460169,fr,robinhood
lasser,0.0001874916460169,fr,robinhood
cerise,0.0001874916460169,fr,robinhood
perdant,0.0001874916460169,fr,robinhood
frquenter,0.0001874916460169,fr,robinhood
annonc,0.0001874916460169,fr,robinhood
publier,0.0001874916460169,fr,robinhood
exploit,0.0001874916460169,fr,robinhood
procurer,0.0001874916460169,fr,robinhood
tim,0.0001858241671261,fr,robinhood
estim,0.0001858241671261,fr,robinhood
bonus,0.0001858241671261,fr,robinhood
ego,0.0001858241671261,fr,robinhood
prparation,0.0001858241671261,fr,robinhood
parte,0.0001858241671261,fr,robinhood
cooprer,0.0001858241671261,fr,robinhood
initiative,0.0001858241671261,fr,robinhood
flotter,0.0001858241671261,fr,robinhood
souffre,0.0001858241671261,fr,robinhood
investissement,0.0001858241671261,fr,robinhood
masculin,0.0001841790711791,fr,robinhood
magicien,0.0001841790711791,fr,robinhood
motivation,0.0001841790711791,fr,robinhood
planifier,0.0001841790711791,fr,robinhood
manifestement,0.0001825557652238,fr,robinhood
ficher,0.0001825557652238,fr,robinhood
porteur,0.0001825557652238,fr,robinhood
occups,0.0001825557652238,fr,robinhood
employer,0.0001809536795625,fr,robinhood
rude,0.0001809536795625,fr,robinhood
souhait,0.0001809536795625,fr,robinhood
fliciter,0.0001809536795625,fr,robinhood
sacre,0.0001809536795625,fr,robinhood
extrme,0.0001793722665517,fr,robinhood
performance,0.0001793722665517,fr,robinhood
prcismer,0.0001793722665517,fr,robinhood
sortant,0.0001793722665517,fr,robinhood
clou,0.0001793722665517,fr,robinhood
exploiter,0.0001793722665517,fr,robinhood
refuge,0.0001778109994779,fr,robinhood
revoil,0.0001778109994779,fr,robinhood
tombs,0.0001778109994779,fr,robinhood
portrait,0.0001778109994779,fr,robinhood
sec,0.0001778109994779,fr,robinhood
adam,0.0001778109994779,fr,robinhood
traverse,0.0001778109994779,fr,robinhood
dcouvrirer,0.0001778109994779,fr,robinhood
hommage,0.0001778109994779,fr,robinhood
choqu,0.0001762693715048,fr,robinhood
respir,0.0001762693715048,fr,robinhood
rflchis,0.0001762693715048,fr,robinhood
prvue,0.0001762693715048,fr,robinhood
cendre,0.0001762693715048,fr,robinhood
dchir,0.000173243099035,fr,robinhood
spcialit,0.0001717575316596,fr,robinhood
spcialiste,0.0001717575316596,fr,robinhood
redire,0.0001717575316596,fr,robinhood
quotidien,0.0001717575316596,fr,robinhood
ajout,0.0001717575316596,fr,robinhood
ruine,0.0001717575316596,fr,robinhood
quipement,0.0001717575316596,fr,robinhood
rsidence,0.0001717575316596,fr,robinhood
puiser,0.0001702897559382,fr,robinhood
tache,0.0001702897559382,fr,robinhood
crase,0.0001688393507516,fr,robinhood
conclusion,0.0001688393507516,fr,robinhood
princesse,0.0001688393507516,fr,robinhood
approuver,0.0001688393507516,fr,robinhood
vulnrabl,0.0001688393507516,fr,robinhood
grille,0.0001688393507516,fr,robinhood
grimper,0.0001688393507516,fr,robinhood
record,0.0001674059097573,fr,robinhood
poignet,0.0001674059097573,fr,robinhood
entretenir,0.0001674059097573,fr,robinhood
intime,0.0001674059097573,fr,robinhood
srieus,0.0001674059097573,fr,robinhood
faciliter,0.0001674059097573,fr,robinhood
remplac,0.0001674059097573,fr,robinhood
perturber,0.0001674059097573,fr,robinhood
enseigner,0.0001674059097573,fr,robinhood
affection,0.0001659890407066,fr,robinhood
balance,0.0001659890407066,fr,robinhood
concentr,0.0001659890407066,fr,robinhood
condolance,0.0001659890407066,fr,robinhood
fonce,0.0001659890407066,fr,robinhood
peinture,0.0001659890407066,fr,robinhood
droguer,0.0001659890407066,fr,robinhood
confidentiel,0.0001659890407066,fr,robinhood
quilibre,0.0001659890407066,fr,robinhood
entourer,0.0001645883647995,fr,robinhood
littralement,0.0001645883647995,fr,robinhood
rgime,0.0001645883647995,fr,robinhood
corriger,0.0001632035160776,fr,robinhood
accepte,0.0001632035160776,fr,robinhood
usage,0.0001618341408495,fr,robinhood
embte,0.0001618341408495,fr,robinhood
dort,0.0001618341408495,fr,robinhood
viol,0.0001618341408495,fr,robinhood
russite,0.0001618341408495,fr,robinhood
humanit,0.0001618341408495,fr,robinhood
disparition,0.0001604798971491,fr,robinhood
marquer,0.0001604798971491,fr,robinhood
hsiter,0.0001604798971491,fr,robinhood
effectivement,0.0001604798971491,fr,robinhood
imposer,0.0001591404542225,fr,robinhood
rembourser,0.0001591404542225,fr,robinhood
cave,0.0001591404542225,fr,robinhood
craser,0.0001591404542225,fr,robinhood
tarder,0.0001591404542225,fr,robinhood
relve,0.0001591404542225,fr,robinhood
contrl,0.0001591404542225,fr,robinhood
lch,0.0001591404542225,fr,robinhood
sensation,0.0001578154920436,fr,robinhood
serre,0.0001578154920436,fr,robinhood
rellement,0.0001578154920436,fr,robinhood
obsd,0.0001578154920436,fr,robinhood
man,0.0001578154920436,fr,robinhood
paratre,0.0001578154920436,fr,robinhood
fum,0.0001578154920436,fr,robinhood
dpas,0.0001578154920436,fr,robinhood
pathtiqu,0.0001578154920436,fr,robinhood
enterrement,0.0001565047008549,fr,robinhood
emprunt,0.0001565047008549,fr,robinhood
dclaration,0.0001565047008549,fr,robinhood
garantir,0.0001565047008549,fr,robinhood
mler,0.0001565047008549,fr,robinhood
lier,0.0001565047008549,fr,robinhood
impatient,0.0001565047008549,fr,robinhood
promotion,0.0001565047008549,fr,robinhood
rejet,0.0001565047008549,fr,robinhood
plateau,0.0001565047008549,fr,robinhood
normment,0.0001552077807326,fr,robinhood
bagarre,0.0001552077807326,fr,robinhood
sonner,0.0001539244411752,fr,robinhood
parfum,0.0001526544007126,fr,robinhood
craqu,0.0001526544007126,fr,robinhood
bouffe,0.0001526544007126,fr,robinhood
signaler,0.0001526544007126,fr,robinhood
humour,0.0001526544007126,fr,robinhood
accept,0.0001526544007126,fr,robinhood
tudiant,0.0001526544007126,fr,robinhood
assumer,0.0001526544007126,fr,robinhood
faite,0.0001513973865356,fr,robinhood
menac,0.0001513973865356,fr,robinhood
vire,0.0001513973865356,fr,robinhood
dtest,0.0001513973865356,fr,robinhood
discret,0.0001513973865356,fr,robinhood
planter,0.0001513973865356,fr,robinhood
raisonnable,0.0001513973865356,fr,robinhood
aventure,0.0001501531341442,fr,robinhood
objectif,0.0001501531341442,fr,robinhood
chouette,0.0001501531341442,fr,robinhood
violer,0.0001501531341442,fr,robinhood
serrer,0.0001501531341442,fr,robinhood
rserv,0.0001501531341442,fr,robinhood
essentiel,0.0001489213870136,fr,robinhood
foule,0.0001489213870136,fr,robinhood
chair,0.0001489213870136,fr,robinhood
enfoir,0.0001489213870136,fr,robinhood
loign,0.0001489213870136,fr,robinhood
norme,0.0001489213870136,fr,robinhood
justifier,0.0001489213870136,fr,robinhood
furieux,0.0001477018962766,fr,robinhood
choc,0.0001477018962766,fr,robinhood
gaff,0.0001477018962766,fr,robinhood
aill,0.000146494420422,fr,robinhood
taper,0.000146494420422,fr,robinhood
mer,0.0001452987250074,fr,robinhood
canon,0.0001452987250074,fr,robinhood
profil,0.0001441145823861,fr,robinhood
nerver,0.0001441145823861,fr,robinhood
procdure,0.000142941771447,fr,robinhood
rompre,0.000142941771447,fr,robinhood
barre,0.000142941771447,fr,robinhood
opportunit,0.0001417800773665,fr,robinhood
copie,0.0001417800773665,fr,robinhood
poitrine,0.0001417800773665,fr,robinhood
prs,0.0001417800773665,fr,robinhood
espace,0.0001406292913727,fr,robinhood
danse,0.0001406292913727,fr,robinhood
ressortir,0.0001394892105199,fr,robinhood
nergie,0.0001394892105199,fr,robinhood
match,0.0001394892105199,fr,robinhood
srie,0.0001394892105199,fr,robinhood
premier,0.0001394892105199,fr,robinhood
rater,0.0001383596374743,fr,robinhood
style,0.0001383596374743,fr,robinhood
cart,0.0001383596374743,fr,robinhood
bombe,0.0001383596374743,fr,robinhood
rpte,0.0001361312523053,fr,robinhood
srieu,0.0001350320717727,fr,robinhood
couloir,0.0001350320717727,fr,robinhood
magasin,0.0001350320717727,fr,robinhood
confirmer,0.0001339426618629,fr,robinhood
piste,0.0001339426618629,fr,robinhood
norm,0.0001339426618629,fr,robinhood
agent,0.000132862850403,fr,robinhood
profond,0.000132862850403,fr,robinhood
socit,0.0001317924697313,fr,robinhood
machine,0.000130731356541,fr,robinhood
lien,0.0001296793517308,fr,robinhood
cul,0.0001276020510194,fr,robinhood
base,0.000125559373603,fr,robinhood
chrie,0.0001225578078781,fr,robinhood
