mot,poids_tfidf,langue,serie
turk,0.1640537404303871,en,scrubs
kelso,0.1348405860928306,en,scrubs
elliot,0.12025569536544,en,scrubs
carla,0.0980512187296613,en,scrubs
talk,0.0742112910579491,en,scrubs
little,0.0731956917668335,en,scrubs
love,0.0676824384722058,en,scrubs
baby,0.066562728058049,en,scrubs
work,0.0634024128882185,en,scrubs
patient,0.0625741268310545,en,scrubs
doctor,0.0584985636168367,en,scrubs
great,0.047588081069418,en,scrubs
help,0.0469351958108437,en,scrubs
perry,0.042119785292877,en,scrubs
sure,0.0410592284836747,en,scrubs
big,0.0397071371525454,en,scrubs
like,0.039463286740493,en,scrubs
hell,0.0393182011274764,en,scrubs
new,0.0388829442884269,en,scrubs
actually,0.0382300590298526,en,scrubs
life,0.0380124306103278,en,scrubs
friend,0.0373595453517534,en,scrubs
stop,0.0366341172866709,en,scrubs
bad,0.0365615744801626,en,scrubs
kid,0.0361865674365668,en,scrubs
happen,0.036126317641113,en,scrubs
start,0.0354734323825387,en,scrubs
hospital,0.0349584207823647,en,scrubs
night,0.0327168057352249,en,scrubs
hear,0.0323540917026836,en,scrubs
girl,0.0315561208310927,en,scrubs
care,0.0311934067985514,en,scrubs
old,0.0309032355725184,en,scrubs
fine,0.0308589537354957,en,scrubs
intern,0.0301552111563837,en,scrubs
dude,0.0297748085452161,en,scrubs
laverne,0.0287686147087039,en,scrubs
win,0.0285818657642541,en,scrubs
sex,0.028568213546733,en,scrubs
newbie,0.0280308425674695,en,scrubs
nice,0.0276388092796467,en,scrubs
believe,0.0274211808601219,en,scrubs
head,0.0272760952471054,en,scrubs
second,0.0270584668275806,en,scrubs
face,0.0257401699405083,en,scrubs
todd,0.0255433067323516,en,scrubs
watch,0.0251723538583659,en,scrubs
long,0.0248821826323329,en,scrubs
home,0.0246645542128081,en,scrubs
place,0.0246645542128081,en,scrubs
hard,0.0240116689542338,en,scrubs
die,0.023794040534709,en,scrubs
boy,0.0236489549216925,en,scrubs
nurse,0.0235764139614041,en,scrubs
wrong,0.0232136980826429,en,scrubs
break,0.0231807780430145,en,scrubs
play,0.0229235268566099,en,scrubs
janitor,0.0227962888637543,en,scrubs
end,0.0227784412435933,en,scrubs
surgery,0.0227149480895518,en,scrubs
turn,0.0227058984370851,en,scrubs
guess,0.0226333556305768,en,scrubs
hate,0.0225226486979447,en,scrubs
today,0.0222706415980355,en,scrubs
change,0.0215452135329529,en,scrubs
ass,0.0214969113419105,en,scrubs
morning,0.0214001279199364,en,scrubs
check,0.0211824995004116,en,scrubs
damn,0.0207133184765357,en,scrubs
problem,0.0206746998548538,en,scrubs
hand,0.0206746998548538,en,scrubs
room,0.0206021570483456,en,scrubs
stuff,0.0204020096971642,en,scrubs
remember,0.0202394430158043,en,scrubs
miss,0.020166900209296,en,scrubs
away,0.0200943574027878,en,scrubs
dorian,0.0196564296788526,en,scrubs
mom,0.019555574476528,en,scrubs
cool,0.0195422325170781,en,scrubs
crazy,0.0194601995651438,en,scrubs
eat,0.0194414721442134,en,scrubs
stay,0.0194414721442134,en,scrubs
son,0.0193051274553812,en,scrubs
deal,0.0191588764898101,en,scrubs
tonight,0.0190179223022997,en,scrubs
reid,0.0189267025625063,en,scrubs
pretty,0.018866374558668,en,scrubs
course,0.0187932490758824,en,scrubs
heart,0.0186469981103114,en,scrubs
sleep,0.0186435012726226,en,scrubs
run,0.0185709584661143,en,scrubs
lose,0.0185709584661143,en,scrubs
job,0.0185709584661143,en,scrubs
probably,0.0184984156596061,en,scrubs
barbie,0.0184786881648885,en,scrubs
word,0.0182807872400813,en,scrubs
hope,0.018208244433573,en,scrubs
real,0.0179906160140482,en,scrubs
wear,0.0179075210517712,en,scrubs
kill,0.0178455304010317,en,scrubs
date,0.0171751003737823,en,scrubs
frigorifix,0.0171358921200184,en,scrubs
bring,0.0167573883034078,en,scrubs
surgeon,0.0167303574855788,en,scrubs
happy,0.0165397598838831,en,scrubs
meet,0.0165397598838831,en,scrubs
week,0.0164672170773748,en,scrubs
funny,0.0164532336267453,en,scrubs
chief,0.0162376386733905,en,scrubs
cause,0.0161770458513418,en,scrubs
wife,0.0161770458513418,en,scrubs
buddy,0.0161325796902242,en,scrubs
scrub,0.0160877268277498,en,scrubs
relationship,0.0160868808679989,en,scrubs
weird,0.015907241818809,en,scrubs
lady,0.0157951042816755,en,scrubs
pick,0.0155967033992757,en,scrubs
reason,0.0154516177862592,en,scrubs
live,0.0154516177862592,en,scrubs
answer,0.0153065321732426,en,scrubs
forget,0.0152832259021768,en,scrubs
dammit,0.0151204749284769,en,scrubs
point,0.0150163609472096,en,scrubs
question,0.0149438181407013,en,scrubs
mind,0.0148712753341931,en,scrubs
totally,0.0148076131293719,en,scrubs
moment,0.014771347522678,en,scrubs
month,0.0146536469146683,en,scrubs
walk,0.0146536469146683,en,scrubs
use,0.0146536469146683,en,scrubs
hot,0.0146380981211574,en,scrubs
person,0.0145811041081601,en,scrubs
brother,0.0145811041081601,en,scrubs
close,0.0145085613016518,en,scrubs
bambi,0.0144955619011586,en,scrubs
marry,0.0144212923745824,en,scrubs
awesome,0.01440295463258,en,scrubs
high,0.0143740110424358,en,scrubs
spend,0.0142594691431793,en,scrubs
ahead,0.0141528724110137,en,scrubs
tvsubtitle,0.0141255281036724,en,scrubs
dad,0.014079159533873,en,scrubs
laugh,0.0140044616969419,en,scrubs
sound,0.0139282188495857,en,scrubs
hour,0.0139282188495857,en,scrubs
hit,0.0138556760430775,en,scrubs
medicine,0.0137767392137721,en,scrubs
later,0.0137475907636805,en,scrubs
world,0.0137105904300609,en,scrubs
resident,0.0136860772503395,en,scrubs
stupid,0.0136013397981095,en,scrubs
finally,0.0135631693938881,en,scrubs
fun,0.0134894565167474,en,scrubs
sean,0.0134859522109243,en,scrubs
idea,0.0134204192040279,en,scrubs
understand,0.0132753335910114,en,scrubs
suppose,0.0132027907845031,en,scrubs
eye,0.0132027907845031,en,scrubs
game,0.0131625869013962,en,scrubs
couple,0.0130894614186107,en,scrubs
school,0.0130776917224553,en,scrubs
lie,0.0130577051714866,en,scrubs
easy,0.0129851623649784,en,scrubs
test,0.0129580685092352,en,scrubs
figure,0.0128700849702541,en,scrubs
suck,0.0127860078108961,en,scrubs
hurt,0.012723834004683,en,scrubs
open,0.0126224483324371,en,scrubs
decide,0.012577583039112,en,scrubs
matter,0.0124773627194205,en,scrubs
drive,0.012332277106404,en,scrubs
dead,0.012332277106404,en,scrubs
family,0.0122597342998958,en,scrubs
wedding,0.0122529749978623,en,scrubs
net,0.0121822973466426,en,scrubs
number,0.0121388301423988,en,scrubs
hang,0.0120657046596132,en,scrubs
frick,0.0120210137897,en,scrubs
amazing,0.0119843408177898,en,scrubs
ready,0.0119695630738627,en,scrubs
fact,0.0119194536940422,en,scrubs
sit,0.0118244774608462,en,scrubs
exactly,0.0118244774608462,en,scrubs
kiss,0.0117557975573838,en,scrubs
hair,0.01164663458823,en,scrubs
bed,0.0115538262801145,en,scrubs
wish,0.0115538262801145,en,scrubs
realize,0.0115529567374852,en,scrubs
crap,0.0115385924147111,en,scrubs
bit,0.0115343062348132,en,scrubs
chance,0.0114617634283049,en,scrubs
stand,0.0113892206217966,en,scrubs
pos,0.011355329961929,en,scrubs
tomorrow,0.0113344498317579,en,scrubs
car,0.0112943701239387,en,scrubs
throw,0.0111881988661868,en,scrubs
buy,0.0111715922022719,en,scrubs
cry,0.0111122359117039,en,scrubs
speak,0.0110990493957636,en,scrubs
worry,0.0108956969350447,en,scrubs
pain,0.0108725973923553,en,scrubs
trust,0.0108225714522591,en,scrubs
sign,0.0108088781697306,en,scrubs
write,0.0107110046058996,en,scrubs
mad,0.0106809943298339,en,scrubs
dog,0.0106361024757885,en,scrubs
phone,0.0106361024757885,en,scrubs
treat,0.0105612003456773,en,scrubs
med,0.0105545837492863,en,scrubs
denise,0.0105203792294342,en,scrubs
case,0.0105187069436975,en,scrubs
black,0.0105033462727064,en,scrubs
wonder,0.0104461641371893,en,scrubs
coffee,0.0104343802362413,en,scrubs
pay,0.0103106930727604,en,scrubs
different,0.0103010785241728,en,scrubs
late,0.0102285357176645,en,scrubs
learn,0.0101559929111562,en,scrubs
drink,0.0100913166244038,en,scrubs
pant,0.0100586541275958,en,scrubs
com,0.0100466790434583,en,scrubs
plan,0.0100181911416182,en,scrubs
important,0.0100109072981397,en,scrubs
medical,0.0099815761612459,en,scrubs
joke,0.0099619833047878,en,scrubs
cut,0.0098719401760472,en,scrubs
line,0.0098658216851232,en,scrubs
fall,0.0098658216851232,en,scrubs
money,0.0097932788786149,en,scrubs
door,0.0097932788786149,en,scrubs
child,0.0097256892104761,en,scrubs
pull,0.0097256892104761,en,scrubs
stick,0.0096563869054312,en,scrubs
story,0.0096525637276906,en,scrubs
draw,0.0095853535920269,en,scrubs
uhm,0.0094827383404436,en,scrubs
anymore,0.0094352482740091,en,scrubs
beautiful,0.0093624383922123,en,scrubs
young,0.0093600617965484,en,scrubs
sweet,0.0093600617965484,en,scrubs
house,0.0093580220395654,en,scrubs
catch,0.0093580220395654,en,scrubs
surgical,0.0093420494565714,en,scrubs
doug,0.0092715921450104,en,scrubs
bobbo,0.0092638570598127,en,scrubs
pregnant,0.0092204329502962,en,scrubs
move,0.0092129364265489,en,scrubs
mother,0.0092129364265489,en,scrubs
sad,0.009203552035057,en,scrubs
pass,0.0091395231923977,en,scrubs
free,0.0090675598654063,en,scrubs
true,0.0089953080070241,en,scrubs
picture,0.0089944343826208,en,scrubs
beer,0.0089524372139384,en,scrubs
butt,0.0089293868792062,en,scrubs
able,0.0089227652005158,en,scrubs
save,0.0089227652005158,en,scrubs
giant,0.0088753176484549,en,scrubs
chart,0.0087710815880022,en,scrubs
mistake,0.0087051367809911,en,scrubs
afraid,0.0086325939744828,en,scrubs
superman,0.0085691988006915,en,scrubs
girlfriend,0.008465611124573,en,scrubs
drop,0.008414965554958,en,scrubs
dinner,0.0083964725263491,en,scrubs
body,0.0082631795547654,en,scrubs
father,0.008255842239758,en,scrubs
sick,0.0082299521928245,en,scrubs
ted,0.0082256300638509,en,scrubs
molly,0.008212750295506,en,scrubs
sport,0.0081968177571906,en,scrubs
news,0.0081900540719799,en,scrubs
ago,0.008124794328925,en,scrubs
smell,0.0081169285891943,en,scrubs
blood,0.0081169285891943,en,scrubs
perfect,0.0081169285891943,en,scrubs
order,0.0081084164854766,en,scrubs
dance,0.0081082000752024,en,scrubs
promise,0.0080992522599297,en,scrubs
page,0.008001735916883,en,scrubs
attending,0.0079632698532117,en,scrubs
bink,0.0079572764087904,en,scrubs
cover,0.0078872778540545,en,scrubs
idiot,0.0078647236616746,en,scrubs
scooter,0.007855282418006,en,scrubs
ball,0.0078394541020924,en,scrubs
clear,0.0078346231028919,en,scrubs
shut,0.0078244266580522,en,scrubs
touch,0.0078244266580522,en,scrubs
sacred,0.0077931037845126,en,scrubs
handle,0.0077898215315634,en,scrubs
mess,0.0077898215315634,en,scrubs
fight,0.0077620802963837,en,scrubs
husband,0.0077513011752667,en,scrubs
fix,0.0077149194014522,en,scrubs
beep,0.0077133466329616,en,scrubs
realise,0.007694822412326,en,scrubs
foot,0.0076895374898754,en,scrubs
izzy,0.0076729875253404,en,scrubs
clean,0.0076169946833672,en,scrubs
act,0.0076050502096956,en,scrubs
enjoy,0.0075651151412298,en,scrubs
shift,0.007547851874563,en,scrubs
truth,0.0075444518768589,en,scrubs
cancer,0.0075420726078589,en,scrubs
voice,0.0075350092825937,en,scrubs
brain,0.007518713468351,en,scrubs
set,0.007518713468351,en,scrubs
annoying,0.0075139460179625,en,scrubs
beat,0.0075048117270908,en,scrubs
quick,0.0074902130111186,en,scrubs
team,0.0074749107072443,en,scrubs
fire,0.0074719090703506,en,scrubs
turkleton,0.0074503878782688,en,scrubs
mickhead,0.0074503878782688,en,scrubs
bear,0.007430506660486,en,scrubs
death,0.007385673761339,en,scrubs
welcome,0.0073712877140696,en,scrubs
yesterday,0.0073562015938811,en,scrubs
feeling,0.0073562015938811,en,scrubs
party,0.0073562015938811,en,scrubs
gandhi,0.0073221529000725,en,scrubs
parent,0.0073066756679697,en,scrubs
weekend,0.0072581250747341,en,scrubs
italiansub,0.0072432855667628,en,scrubs
rest,0.0072394227957679,en,scrubs
admit,0.007230564463095,en,scrubs
half,0.0072238619597882,en,scrubs
grab,0.0071544532582203,en,scrubs
early,0.0071501490826475,en,scrubs
gay,0.0071316325972083,en,scrubs
unfortunately,0.0071302597279155,en,scrubs
horrible,0.0071180092297409,en,scrubs
decision,0.0071157023605627,en,scrubs
step,0.0071091950378094,en,scrubs
ride,0.0070973899644541,en,scrubs
steal,0.0070931718301968,en,scrubs
ohh,0.0070440714601112,en,scrubs
extra,0.0070408002304515,en,scrubs
bother,0.0070408002304515,en,scrubs
glad,0.0070200463474113,en,scrubs
finish,0.0070200463474113,en,scrubs
sweetie,0.0069856530239489,en,scrubs
jerk,0.0069834982251607,en,scrubs
pretend,0.0069818279521909,en,scrubs
disease,0.0069268790002549,en,scrubs
town,0.0069103711942519,en,scrubs
soon,0.0068737953818402,en,scrubs
teach,0.0068708775187801,en,scrubs
name,0.0068552975740847,en,scrubs
special,0.0068190238117763,en,scrubs
ring,0.0068160938401179,en,scrubs
tiny,0.0068152712428769,en,scrubs
white,0.0068059880595379,en,scrubs
show,0.0068006698990547,en,scrubs
round,0.006795373370222,en,scrubs
tough,0.006795373370222,en,scrubs
college,0.0067907444375689,en,scrubs
honey,0.0067738972338469,en,scrubs
movie,0.0067341341874757,en,scrubs
trouble,0.0066544189334836,en,scrubs
super,0.006644889461805,en,scrubs
dream,0.0066341589426626,en,scrubs
kick,0.0066131509278325,en,scrubs
sister,0.0066131509278325,en,scrubs
freak,0.0066016895642772,en,scrubs
short,0.0065604460655219,en,scrubs
rule,0.0065288525857433,en,scrubs
student,0.0065272664880757,en,scrubs
boyfriend,0.0065212358918647,en,scrubs
class,0.0064966249659226,en,scrubs
notice,0.0064867331883813,en,scrubs
proud,0.006441583189562,en,scrubs
neena,0.0063328296965285,en,scrubs
beardface,0.0063328296965285,en,scrubs
cute,0.0063304564109238,en,scrubs
read,0.0063112241662185,en,scrubs
rowdy,0.0063009166607017,en,scrubs
strong,0.0062416255948082,en,scrubs
jackass,0.0062293954202982,en,scrubs
blow,0.0062156660367704,en,scrubs
bet,0.006166138553202,en,scrubs
lucky,0.0061419746691173,en,scrubs
office,0.0061181688026778,en,scrubs
scream,0.0061099210989034,en,scrubs
fast,0.0060935957466937,en,scrubs
kinda,0.0060697526123069,en,scrubs
present,0.0060694150711994,en,scrubs
bitch,0.0060611473431107,en,scrubs
hide,0.0060444559255371,en,scrubs
lunch,0.0060325803254995,en,scrubs
addict,0.0060306623712994,en,scrubs
shirt,0.0059898191919149,en,scrubs
honestly,0.0059729572248222,en,scrubs
song,0.0059725824571389,en,scrubs
teorouge,0.0059603103026151,en,scrubs
personal,0.0059444053283888,en,scrubs
scared,0.0059444053283888,en,scrubs
knock,0.0059444053283888,en,scrubs
kidney,0.0059341540604879,en,scrubs
forever,0.0058893235875258,en,scrubs
mouth,0.0058893235875258,en,scrubs
buck,0.0058771632111867,en,scrubs
outta,0.0058762981177023,en,scrubs
self,0.0058605627753506,en,scrubs
send,0.0058500386228427,en,scrubs
yell,0.0058486797635721,en,scrubs
screw,0.0058309771908407,en,scrubs
cold,0.005823317294115,en,scrubs
single,0.005795795195179,en,scrubs
cake,0.0057929805564454,en,scrubs
daddy,0.0057834328904203,en,scrubs
wake,0.0057769131400572,en,scrubs
busy,0.0057769131400572,en,scrubs
follow,0.0057769131400572,en,scrubs
eventually,0.0057502264242383,en,scrubs
board,0.0057232172318842,en,scrubs
low,0.0056758915398336,en,scrubs
roll,0.0056585910550947,en,scrubs
floor,0.0056306621744861,en,scrubs
angry,0.0056249826742444,en,scrubs
whoa,0.0056160818879076,en,scrubs
fat,0.0056133692828324,en,scrubs
light,0.0056021786626929,en,scrubs
count,0.0055857961011359,en,scrubs
human,0.0055728799953645,en,scrubs
apartment,0.0055708688359529,en,scrubs
rock,0.0055685356850765,en,scrubs
bathroom,0.0055260725000816,en,scrubs
favour,0.0055106748344655,en,scrubs
muffin,0.0055011426714125,en,scrubs
boob,0.0054612677133179,en,scrubs
pop,0.0054574423583093,en,scrubs
push,0.0054547529084115,en,scrubs
definitely,0.0054547529084115,en,scrubs
lloyd,0.0054524889073276,en,scrubs
list,0.0054362986961776,en,scrubs
fair,0.0054242698621547,en,scrubs
spot,0.0054138541382688,en,scrubs
bar,0.0054138541382688,en,scrubs
urine,0.0053914447059372,en,scrubs
far,0.0053681676816111,en,scrubs
procedure,0.0053654518798164,en,scrubs
hug,0.0053621710792748,en,scrubs
respect,0.0053607945476196,en,scrubs
drug,0.005336513364865,en,scrubs
agree,0.0053073271541301,en,scrubs
food,0.0052956248751029,en,scrubs
deep,0.0052956248751029,en,scrubs
sweat,0.0052392031025342,en,scrubs
fault,0.0052336142769894,en,scrubs
ice,0.0052288571338047,en,scrubs
upset,0.0052171901181206,en,scrubs
machine,0.0052171901181206,en,scrubs
bob,0.005190027475873,en,scrubs
group,0.0051818318180573,en,scrubs
relax,0.0051755619314785,en,scrubs
share,0.0051599013998487,en,scrubs
band,0.005153105122165,en,scrubs
invite,0.005145588509263,en,scrubs
honest,0.0051404667340306,en,scrubs
normal,0.0051342821019455,en,scrubs
one,0.0051270495957353,en,scrubs
sense,0.0051187837949874,en,scrubs
remind,0.0050994507266038,en,scrubs
arm,0.0050933448475606,en,scrubs
grow,0.0050933448475606,en,scrubs
goodbye,0.0050926322927071,en,scrubs
water,0.005086188522708,en,scrubs
ruin,0.0050676250470015,en,scrubs
shot,0.0050527445291304,en,scrubs
explain,0.0050527445291304,en,scrubs
chest,0.0050319012497086,en,scrubs
married,0.0050319012497086,en,scrubs
hook,0.0050314481212085,en,scrubs
cup,0.0050298587156398,en,scrubs
birthday,0.0049915632752545,en,scrubs
lately,0.0049911818095408,en,scrubs
dear,0.0049911818095408,en,scrubs
music,0.0049896615847399,en,scrubs
lab,0.0049813349514262,en,scrubs
daughter,0.0049784394625256,en,scrubs
appletini,0.0049714058262274,en,scrubs
crash,0.0049512671732079,en,scrubs
seriously,0.0049435405873383,en,scrubs
imagine,0.0049435405873383,en,scrubs
small,0.0049329108425616,en,scrubs
key,0.0048994073466308,en,scrubs
gooch,0.0048967854823325,en,scrubs
residency,0.0048890187545479,en,scrubs
apologize,0.0048717196094241,en,scrubs
leg,0.0048711171119798,en,scrubs
dress,0.0048711171119798,en,scrubs
finger,0.0048711171119798,en,scrubs
worth,0.0048686384572271,en,scrubs
simple,0.0048650498912859,en,scrubs
perr,0.0048427521208747,en,scrubs
penis,0.0048396564241374,en,scrubs
smile,0.0048335731976706,en,scrubs
fake,0.0048327315933649,en,scrubs
fill,0.0048322655077134,en,scrubs
instead,0.0048298293293159,en,scrubs
tid,0.0048034814384214,en,scrubs
practice,0.0047918553535319,en,scrubs
dump,0.0047884221569808,en,scrubs
choose,0.004755524262711,en,scrubs
cat,0.0047500360200002,en,scrubs
careful,0.0047188341970047,en,scrubs
izzie,0.0046851676036639,en,scrubs
box,0.0046812572105974,en,scrubs
gift,0.0046778077356937,en,scrubs
babe,0.0046518859682867,en,scrubs
allow,0.0046439320668935,en,scrubs
tired,0.0046439112598638,en,scrubs
shoot,0.0046427396165285,en,scrubs
carol,0.0046297095237977,en,scrubs
heh,0.0046274767211436,en,scrubs
candy,0.0046259238468378,en,scrubs
cart,0.00461637991942,en,scrubs
italian,0.0045904370623488,en,scrubs
secret,0.0045690299367823,en,scrubs
drunk,0.0045583094610485,en,scrubs
ridiculous,0.0045522625858553,en,scrubs
toilet,0.0045469931184884,en,scrubs
mentor,0.0045327782461169,en,scrubs
chocolate,0.0045117478897583,en,scrubs
poo,0.0045087339554718,en,scrubs
private,0.0044964855055824,en,scrubs
lead,0.0044964855055824,en,scrubs
entire,0.0044964855055824,en,scrubs
chuckle,0.0044935807665956,en,scrubs
fly,0.0044905610876063,en,scrubs
note,0.0044905610876063,en,scrubs
ohhh,0.0044334173702025,en,scrubs
expect,0.0044251111970038,en,scrubs
choice,0.0044227726284417,en,scrubs
pill,0.0044195955260717,en,scrubs
comfortable,0.0044180746943219,en,scrubs
fantastic,0.0044158853626625,en,scrubs
sweetheart,0.0044084240840189,en,scrubs
result,0.0043732328931305,en,scrubs
scare,0.0043732328931305,en,scrubs
sake,0.0043732328931305,en,scrubs
excited,0.0043713707836466,en,scrubs
chick,0.0043646863907254,en,scrubs
straight,0.0043525683904955,en,scrubs
nickname,0.0043508503991077,en,scrubs
paper,0.004349059751301,en,scrubs
burn,0.004349059751301,en,scrubs
lip,0.0043292993751593,en,scrubs
coat,0.0043292993751593,en,scrubs
therapy,0.0043237583943517,en,scrubs
shower,0.0043236593950679,en,scrubs
study,0.0043225348337529,en,scrubs
calm,0.0043037364678073,en,scrubs
usually,0.0043037364678073,en,scrubs
pen,0.0042940485861108,en,scrubs
sigh,0.0042743817048104,en,scrubs
future,0.0042622274729823,en,scrubs
uncomfortable,0.0042590527667909,en,scrubs
breath,0.0042537425372112,en,scrubs
insurance,0.0042427133876561,en,scrubs
force,0.004235388796477,en,scrubs
middle,0.0042016339970197,en,scrubs
control,0.0042016339970197,en,scrubs
blue,0.0041989307286613,en,scrubs
smart,0.0041681525187754,en,scrubs
booty,0.0041615499732483,en,scrubs
darn,0.0041520219806984,en,scrubs
mop,0.0041442543964497,en,scrubs
shave,0.0041250581609615,en,scrubs
coma,0.0041250581609615,en,scrubs
revision,0.0041231822682741,en,scrubs
situation,0.0041100050632329,en,scrubs
murray,0.0041022383955133,en,scrubs
siefaz,0.0040977133330478,en,scrubs
pie,0.0040817261544837,en,scrubs
cheer,0.0040579848787973,en,scrubs
pee,0.0040566653109129,en,scrubs
steak,0.0040566458780937,en,scrubs
exam,0.0040521914259242,en,scrubs
tear,0.004044715026004,en,scrubs
nose,0.0040217202169997,en,scrubs
advice,0.0040081686640254,en,scrubs
sing,0.0040039718551902,en,scrubs
begin,0.0039804953655976,en,scrubs
surprise,0.0039804953655976,en,scrubs
corman,0.0039786382043952,en,scrubs
nervous,0.0039761365753396,en,scrubs
biopsy,0.0039752149411174,en,scrubs
attention,0.0039698128958928,en,scrubs
accident,0.0039698128958928,en,scrubs
shoulder,0.0039612554043975,en,scrubs
switch,0.0039612554043975,en,scrubs
conversation,0.0039577826534835,en,scrubs
peon,0.0039511409751848,en,scrubs
transplant,0.0039488698879451,en,scrubs
business,0.0039487760704188,en,scrubs
pager,0.0039419246143075,en,scrubs
liver,0.0039396305529819,en,scrubs
gentleman,0.0039381685300575,en,scrubs
shop,0.0039295771215936,en,scrubs
radiology,0.0039068937100127,en,scrubs
luckily,0.0039046093325325,en,scrubs
huge,0.0038981731130781,en,scrubs
sugar,0.0038963694376434,en,scrubs
ignore,0.0038820302963095,en,scrubs
breast,0.0038768543815496,en,scrubs
crush,0.0038648288416237,en,scrubs
naked,0.0038648288416237,en,scrubs
horse,0.003864436084068,en,scrubs
table,0.0038638634634527,en,scrubs
abdominal,0.0038579725728854,en,scrubs
fella,0.0038544763599937,en,scrubs
golf,0.0038486127561402,en,scrubs
stethoscope,0.0038479954573427,en,scrubs
possible,0.0038447687449377,en,scrubs
baxter,0.0038362780178019,en,scrubs
gum,0.0038359835812401,en,scrubs
absolutely,0.0038330696113162,en,scrubs
piece,0.0038330696113162,en,scrubs
bag,0.0038330696113162,en,scrubs
power,0.0038330696113162,en,scrubs
tooth,0.0038247756187139,en,scrubs
dollar,0.0038247756187139,en,scrubs
air,0.0038200086356705,en,scrubs
owe,0.0038200086356705,en,scrubs
hat,0.0038097834501402,en,scrubs
gallbladder,0.0038073519443572,en,scrubs
issue,0.0038055602437342,en,scrubs
lucy,0.0038025701424261,en,scrubs
apologise,0.0038025701424261,en,scrubs
assume,0.0038025251048478,en,scrubs
interesting,0.0038025251048478,en,scrubs
emotional,0.0037911600759369,en,scrubs
awkward,0.0037901742863063,en,scrubs
bro,0.00378751250391,en,scrubs
goin,0.0037770381158891,en,scrubs
bolger,0.0037741639873311,en,scrubs
afternoon,0.0037594458204104,en,scrubs
luck,0.0037593567341755,en,scrubs
sexy,0.0037536302960239,en,scrubs
christopher,0.0037454054390992,en,scrubs
shoe,0.0037422461885549,en,scrubs
continue,0.0037422461885549,en,scrubs
scary,0.0037333460884935,en,scrubs
roof,0.0037333460884935,en,scrubs
red,0.0037294490388595,en,scrubs
club,0.0037294490388595,en,scrubs
alive,0.0037293996220622,en,scrubs
consider,0.0037293996220622,en,scrubs
bobbly,0.0037251939391344,en,scrubs
babymoon,0.0037251939391344,en,scrubs
clock,0.0037235800801336,en,scrubs
blame,0.0037235800801336,en,scrubs
psyche,0.0037191428178173,en,scrubs
consult,0.0037145088070972,en,scrubs
camera,0.0037123571233843,en,scrubs
jack,0.0037115412313981,en,scrubs
attend,0.0036963545240595,en,scrubs
piss,0.0036938024942979,en,scrubs
book,0.0036856438570348,en,scrubs
tracy,0.003673783222977,en,scrubs
interested,0.0036702043754481,en,scrubs
pregnancy,0.0036673429574177,en,scrubs
swear,0.0036562741392767,en,scrubs
fellowship,0.0036528885409089,en,scrubs
pickle,0.0036478227204147,en,scrubs
chop,0.0036355363751597,en,scrubs
teacher,0.003629062537367,en,scrubs
balloon,0.0035994140311191,en,scrubs
slow,0.0035953022453369,en,scrubs
cafeteria,0.0035788414130125,en,scrubs
katie,0.0035769908100059,en,scrubs
staff,0.0035753337305369,en,scrubs
outside,0.0035666431970332,en,scrubs
card,0.0035576755765766,en,scrubs
annoy,0.0035561743249512,en,scrubs
jump,0.003548694982227,en,scrubs
mole,0.0035451808326881,en,scrubs
monkey,0.0035281316703438,en,scrubs
dawg,0.0035213966432046,en,scrubs
positive,0.0035180965158489,en,scrubs
tape,0.0035180965158489,en,scrubs
grunt,0.0035071849885624,en,scrubs
fear,0.0034923381304284,en,scrubs
apparently,0.0034923381304284,en,scrubs
episode,0.0034921864344779,en,scrubs
rub,0.003488914476215,en,scrubs
wall,0.0034645052256127,en,scrubs
transcript,0.0034604803730176,en,scrubs
completely,0.0034454979851145,en,scrubs
sell,0.0034368976909201,en,scrubs
chicken,0.0034367068269285,en,scrubs
stress,0.0034367068269285,en,scrubs
jiggly,0.003431058170301,en,scrubs
lame,0.0034301280128343,en,scrubs
trip,0.0034250042193607,en,scrubs
ear,0.0034250042193607,en,scrubs
appendectomy,0.0034243221784935,en,scrubs
accept,0.0034180330638235,en,scrubs
inside,0.0034180330638235,en,scrubs
scan,0.0034161392091898,en,scrubs
sandwich,0.0034120440683432,en,scrubs
dolphin,0.0034105894841451,en,scrubs
diagnosis,0.003404198179263,en,scrubs
window,0.003397686685111,en,scrubs
mommy,0.0033925894969093,en,scrubs
eagle,0.0033909451774216,en,scrubs
road,0.003390792348472,en,scrubs
season,0.0033813815735595,en,scrubs
type,0.0033758288999604,en,scrubs
taste,0.0033758288999604,en,scrubs
hip,0.0033573672141236,en,scrubs
connect,0.0033542987474723,en,scrubs
trang,0.003352674545221,en,scrubs
bone,0.0033524288772471,en,scrubs
especially,0.0033524288772471,en,scrubs
congratulation,0.0033524288772471,en,scrubs
space,0.0033524288772471,en,scrubs
cell,0.0033437279972187,en,scrubs
fatty,0.0033373520622203,en,scrubs
diabete,0.0033373520622203,en,scrubs
sync,0.0033282441181706,en,scrubs
bastard,0.0033274545396939,en,scrubs
lesbian,0.0033024759961026,en,scrubs
skin,0.0032991055158704,en,scrubs
double,0.0032956937248922,en,scrubs
appreciate,0.0032956937248922,en,scrubs
disgusting,0.003283019841068,en,scrubs
lung,0.0032766960581767,en,scrubs
member,0.0032744654149856,en,scrubs
dirty,0.0032744654149856,en,scrubs
judge,0.0032744654149856,en,scrubs
trick,0.0032727818096114,en,scrubs
bust,0.0032726479217199,en,scrubs
carry,0.0032694229306138,en,scrubs
oooh,0.0032590948245009,en,scrubs
diabetes,0.0032590948245009,en,scrubs
divorce,0.0032563123188143,en,scrubs
glass,0.003246678387995,en,scrubs
system,0.003246678387995,en,scrubs
basketball,0.0032394726280071,en,scrubs
torture,0.0032372538403665,en,scrubs
paige,0.0032350783778672,en,scrubs
focus,0.0032223821317804,en,scrubs
barely,0.0032222532397067,en,scrubs
raise,0.003220791594781,en,scrubs
button,0.0032111244821984,en,scrubs
wax,0.0032095689055375,en,scrubs
ahh,0.0032095689055375,en,scrubs
needle,0.0032092062808601,en,scrubs
tongue,0.0032036815376179,en,scrubs
favor,0.003196501952724,en,scrubs
stare,0.0031852404737386,en,scrubs
subtitle,0.0031801132772553,en,scrubs
pal,0.0031777481586684,en,scrubs
infection,0.0031749067681531,en,scrubs
spleen,0.0031728127834801,en,scrubs
pack,0.0031711742394369,en,scrubs
jumpsuit,0.0031696630725176,en,scrubs
terrific,0.003169661231882,en,scrubs
whistle,0.003169661231882,en,scrubs
toe,0.0031568539471941,en,scrubs
tight,0.0031456587476904,en,scrubs
prove,0.003144395759778,en,scrubs
join,0.003144395759778,en,scrubs
brown,0.0031433416671611,en,scrubs
dumb,0.0031310770940391,en,scrubs
bahama,0.0031264409949794,en,scrubs
offer,0.0031193406798551,en,scrubs
player,0.0031170955501147,en,scrubs
crack,0.0031147059797957,en,scrubs
groan,0.0031146977101491,en,scrubs
booby,0.0031140164855238,en,scrubs
speech,0.0031090155256339,en,scrubs
whore,0.0031018266742088,en,scrubs
dogg,0.0030980449751808,en,scrubs
record,0.0030959408399092,en,scrubs
meeting,0.0030956700908789,en,scrubs
romantic,0.0030919553205721,en,scrubs
cream,0.003091863073299,en,scrubs
nanny,0.0030906959831102,en,scrubs
supersimo,0.0030879523532709,en,scrubs
nail,0.0030840685078859,en,scrubs
stat,0.003077911297504,en,scrubs
favorite,0.0030764499541829,en,scrubs
gimme,0.0030623328475835,en,scrubs
schedule,0.0030593452332205,en,scrubs
insensitive,0.0030582883710701,en,scrubs
marriage,0.0030517116791495,en,scrubs
stud,0.0030481494213867,en,scrubs
dig,0.0030465077307992,en,scrubs
form,0.0030444481949873,en,scrubs
boss,0.0030444481949873,en,scrubs
shake,0.0030405750282009,en,scrubs
sue,0.0030381133827961,en,scrubs
soul,0.0030348417239035,en,scrubs
vomit,0.0030343899221441,en,scrubs
whisper,0.0030329280607495,en,scrubs
pound,0.0030271993275909,en,scrubs
involve,0.0030222279627685,en,scrubs
doubt,0.0030201659423209,en,scrubs
thought,0.0030201659423209,en,scrubs
treatment,0.0030168290431435,en,scrubs
tip,0.0030162901627497,en,scrubs
racist,0.0030135361875246,en,scrubs
borrow,0.0030105541073421,en,scrubs
egg,0.0029933026581239,en,scrubs
pizza,0.0029922869956672,en,scrubs
instance,0.002989121808041,en,scrubs
mopnt,0.0029801551513075,en,scrubs
acula,0.0029801551513075,en,scrubs
jdsclone,0.0029801551513075,en,scrubs
franklyn,0.0029801551513075,en,scrubs
couch,0.0029764622930687,en,scrubs
visit,0.0029722026641944,en,scrubs
difference,0.0029683369901126,en,scrubs
tube,0.0029651669588573,en,scrubs
history,0.0029626115659393,en,scrubs
bang,0.0029576146546564,en,scrubs
snap,0.0029576146546564,en,scrubs
jealous,0.0029576146546564,en,scrubs
sensitive,0.0029521584029511,en,scrubs
introduce,0.0029389493893459,en,scrubs
quit,0.0029389493893459,en,scrubs
bypass,0.0029354630329223,en,scrubs
whatta,0.0029282297522899,en,scrubs
radford,0.0029282297522899,en,scrubs
emotionally,0.0029265826965008,en,scrubs
blonde,0.002915518681774,en,scrubs
neck,0.0029154885954203,en,scrubs
apple,0.0029138371788022,en,scrubs
imitating,0.0029104816011347,en,scrubs
engage,0.0029100755958326,en,scrubs
gasp,0.00290652443779,en,scrubs
bald,0.00290652443779,en,scrubs
tushie,0.002900128969011,en,scrubs
maddox,0.002900128969011,en,scrubs
robyn,0.002900128969011,en,scrubs
gloria,0.0028971962989913,en,scrubs
parking,0.0028964902782227,en,scrubs
lonely,0.0028964902782227,en,scrubs
cheese,0.002886266466006,en,scrubs
bedpan,0.0028817212906316,en,scrubs
favourite,0.0028815626442687,en,scrubs
stomach,0.0028731113788091,en,scrubs
train,0.0028691576452048,en,scrubs
evaluation,0.0028655218933372,en,scrubs
testicle,0.0028605874819031,en,scrubs
skip,0.0028573375876051,en,scrubs
vagina,0.0028564663338203,en,scrubs
physical,0.0028499520028188,en,scrubs
spanish,0.002842106067777,en,scrubs
brian,0.0028383914654927,en,scrubs
occasionally,0.0028267687823847,en,scrubs
vulnerable,0.0028183347257149,en,scrubs
grade,0.0028178179779662,en,scrubs
remove,0.0028178179779662,en,scrubs
battle,0.0028162701135691,en,scrubs
closet,0.0028162701135691,en,scrubs
deserve,0.0028161145803633,en,scrubs
career,0.0028042755970563,en,scrubs
crappy,0.0028009753127484,en,scrubs
condition,0.0027952489562269,en,scrubs
warm,0.0027952489562269,en,scrubs
dark,0.0027936534966468,en,scrubs
rash,0.0027890066660947,en,scrubs
mood,0.0027886081029617,en,scrubs
message,0.0027787683458503,en,scrubs
clown,0.0027715829930733,en,scrubs
past,0.0027713788141139,en,scrubs
monster,0.0027707516001019,en,scrubs
dynamite,0.0027683431506385,en,scrubs
park,0.0027620418272403,en,scrubs
fan,0.0027507039851155,en,scrubs
nerd,0.0027466304646029,en,scrubs
gym,0.0027441024102674,en,scrubs
beg,0.0027400033754886,en,scrubs
code,0.0027400033754886,en,scrubs
post,0.0027400033754886,en,scrubs
anyhoo,0.0027373740120415,en,scrubs
scalpel,0.0027345539764266,en,scrubs
script,0.0027340772158282,en,scrubs
mum,0.0027340772158282,en,scrubs
negative,0.0027261084971507,en,scrubs
cookie,0.0027211507696558,en,scrubs
bra,0.0027196669476701,en,scrubs
stacy,0.0027161215303044,en,scrubs
bite,0.0027153847003347,en,scrubs
lollipop,0.0027064922276547,en,scrubs
gang,0.0027033475610162,en,scrubs
german,0.0027014609506161,en,scrubs
loud,0.0026999345354189,en,scrubs
pudding,0.0026975145466879,en,scrubs
age,0.0026964766840027,en,scrubs
frank,0.0026922599871872,en,scrubs
pediatric,0.002691602082775,en,scrubs
opportunity,0.0026853184431503,en,scrubs
forgive,0.0026853184431503,en,scrubs
gather,0.0026823077673588,en,scrubs
wash,0.0026823077673588,en,scrubs
fever,0.0026812878046249,en,scrubs
protect,0.0026749823977749,en,scrubs
quickly,0.0026721124426836,en,scrubs
bunch,0.0026638921706139,en,scrubs
bike,0.0026590566327126,en,scrubs
cent,0.0026537585870228,en,scrubs
fart,0.0026412490477424,en,scrubs
sexual,0.0026372560087233,en,scrubs
lecture,0.0026358371000653,en,scrubs
dizzle,0.0026354067770609,en,scrubs
sportscenter,0.0026340939834565,en,scrubs
lookit,0.0026340939834565,en,scrubs
lolly,0.0026340939834565,en,scrubs
outfit,0.0026239668135966,en,scrubs
pink,0.0026239668135966,en,scrubs
exact,0.0026181183373759,en,scrubs
discharge,0.0026163460765252,en,scrubs
partner,0.0026144285669023,en,scrubs
melody,0.0026103107656027,en,scrubs
pooe,0.0026076357573941,en,scrubs
brinner,0.0026076357573941,en,scrubs
bajingo,0.0026076357573941,en,scrubs
dudemeister,0.0026076357573941,en,scrubs
orange,0.002600414024419,en,scrubs
nope,0.0025975796250956,en,scrubs
diagnose,0.0025915748163194,en,scrubs
nickel,0.0025901589977811,en,scrubs
bam,0.0025901589977811,en,scrubs
artery,0.0025901589977811,en,scrubs
bath,0.0025886343141326,en,scrubs
classic,0.0025886343141326,en,scrubs
star,0.0025877809657392,en,scrubs
tumor,0.0025871906162399,en,scrubs
fluid,0.0025845695876997,en,scrubs
endoscopy,0.0025778924168987,en,scrubs
ohhhh,0.0025778924168987,en,scrubs
holy,0.0025775661778289,en,scrubs
truly,0.0025775661778289,en,scrubs
weight,0.002576290722712,en,scrubs
casey,0.0025719817152569,en,scrubs
street,0.0025593918974937,en,scrubs
admittedly,0.0025575186785346,en,scrubs
stitch,0.002556178412808,en,scrubs
cousin,0.0025557267160788,en,scrubs
convince,0.0025522455223267,en,scrubs
funeral,0.002552244790422,en,scrubs
worried,0.0025466724237803,en,scrubs
beard,0.0025432088830662,en,scrubs
sub,0.002537858187989,en,scrubs
awful,0.0025363021393329,en,scrubs
lawyer,0.0025352034588144,en,scrubs
swamp,0.0025351726193419,en,scrubs
soda,0.0025344587500628,en,scrubs
mark,0.0025318716749703,en,scrubs
lock,0.0025263722645652,en,scrubs
seat,0.0025263722645652,en,scrubs
pathetic,0.0025254831577553,en,scrubs
stone,0.0025146635318989,en,scrubs
score,0.0025146635318989,en,scrubs
medication,0.0025129961307824,en,scrubs
gun,0.0025116697608645,en,scrubs
fry,0.0025109936375924,en,scrubs
handsome,0.0025048616752313,en,scrubs
icu,0.0025048521974843,en,scrubs
gal,0.0024917581681193,en,scrubs
manage,0.0024916369024147,en,scrubs
wing,0.0024906674757131,en,scrubs
mmh,0.0024885218291286,en,scrubs
build,0.0024862664147081,en,scrubs
locker,0.0024848675110312,en,scrubs
rush,0.0024757919326581,en,scrubs
slip,0.0024757919326581,en,scrubs
penny,0.0024750348965769,en,scrubs
shrink,0.0024750348965769,en,scrubs
pressure,0.0024749047489229,en,scrubs
opinion,0.0024749047489229,en,scrubs
hole,0.0024749047489229,en,scrubs
cadaver,0.0024733096383061,en,scrubs
tie,0.0024717702936691,en,scrubs
victory,0.0024708181794831,en,scrubs
courage,0.0024708181794831,en,scrubs
blah,0.0024681664917328,en,scrubs
naughty,0.0024681664917328,en,scrubs
nipple,0.002466051342892,en,scrubs
lindsay,0.0024649776502432,en,scrubs
nap,0.002464254049359,en,scrubs
basically,0.002464236349373,en,scrubs
suffer,0.0024559783507264,en,scrubs
male,0.0024559783507264,en,scrubs
odd,0.0024559783507264,en,scrubs
paint,0.0024544859412899,en,scrubs
tail,0.0024544859412899,en,scrubs
yay,0.0024510226890694,en,scrubs
rent,0.0024505949995724,en,scrubs
language,0.0024505949995724,en,scrubs
pillow,0.0024500914377387,en,scrubs
emery,0.0024483927411662,en,scrubs
endocrinology,0.0024483927411662,en,scrubs
sample,0.0024442243788062,en,scrubs
fit,0.0024355585559899,en,scrubs
memory,0.0024355585559899,en,scrubs
constantly,0.0024326120381043,en,scrubs
bummed,0.0024316763294284,en,scrubs
silly,0.0024308414141689,en,scrubs
dominican,0.0024254013342789,en,scrubs
intubate,0.0024233284032567,en,scrubs
pulmonary,0.0024233284032567,en,scrubs
common,0.0024168673301084,en,scrubs
wonderful,0.0024168673301084,en,scrubs
nursing,0.0024135656470365,en,scrubs
quiet,0.0024131409319226,en,scrubs
mention,0.0024131409319226,en,scrubs
drama,0.0024131076851513,en,scrubs
accidentally,0.0024124762855511,en,scrubs
professional,0.0024112715857109,en,scrubs
mall,0.0024111896796366,en,scrubs
confident,0.0024093353368946,en,scrubs
obsess,0.0024093353368946,en,scrubs
dancer,0.0024066938158053,en,scrubs
nut,0.0024047823903436,en,scrubs
beacuse,0.0024017407192107,en,scrubs
protégé,0.0024017407192107,en,scrubs
suit,0.002397563975519,en,scrubs
bleed,0.002397563975519,en,scrubs
support,0.0023968681635579,en,scrubs
service,0.0023968681635579,en,scrubs
guilty,0.0023959276767659,en,scrubs
rough,0.0023959276767659,en,scrubs
pair,0.0023959276767659,en,scrubs
baseball,0.0023923809024655,en,scrubs
celebrate,0.002391882126901,en,scrubs
healthy,0.002391882126901,en,scrubs
hammock,0.0023900028713006,en,scrubs
boone,0.0023900028713006,en,scrubs
esteem,0.0023899528168234,en,scrubs
camp,0.0023853449350069,en,scrubs
mini,0.0023850849579415,en,scrubs
friendship,0.0023839818086389,en,scrubs
store,0.0023784249067903,en,scrubs
avoid,0.0023784249067903,en,scrubs
computer,0.0023767532426385,en,scrubs
rat,0.0023726697432469,en,scrubs
abortion,0.0023681806991979,en,scrubs
latina,0.0023673361077273,en,scrubs
vasectomy,0.0023673361077273,en,scrubs
anger,0.002364436421614,en,scrubs
experience,0.0023594473511152,en,scrubs
charge,0.0023588120685022,en,scrubs
tree,0.0023577462729561,en,scrubs
hire,0.0023577462729561,en,scrubs
cutie,0.0023555578813243,en,scrubs
angie,0.0023539719929304,en,scrubs
punch,0.0023536312297024,en,scrubs
king,0.0023536312297024,en,scrubs
wink,0.0023465000844302,en,scrubs
attitude,0.0023450915036299,en,scrubs
paediatric,0.0023425838018319,en,scrubs
poor,0.0023406286052987,en,scrubs
corner,0.0023406286052987,en,scrubs
waste,0.0023406286052987,en,scrubs
feed,0.0023400154491371,en,scrubs
prepare,0.0023389038678468,en,scrubs
area,0.0023389038678468,en,scrubs
peace,0.0023389038678468,en,scrubs
jill,0.0023378620509853,en,scrubs
recently,0.0023347634674577,en,scrubs
leukemia,0.002320878896229,en,scrubs
whiny,0.002320878896229,en,scrubs
wet,0.0023188973049742,en,scrubs
style,0.0023188973049742,en,scrubs
asleep,0.0023160634208737,en,scrubs
compliment,0.0023112806376184,en,scrubs
bird,0.0023094034328699,en,scrubs
uhh,0.0023084223290857,en,scrubs
princess,0.00230818995971,en,scrubs
breathe,0.0023017015227002,en,scrubs
hilarious,0.0023009985132504,en,scrubs
truck,0.0023001540444709,en,scrubs
lovely,0.0022975281345505,en,scrubs
dry,0.0022975281345505,en,scrubs
singe,0.0022924417786824,en,scrubs
banana,0.002292089348386,en,scrubs
peep,0.0022913640000233,en,scrubs
adult,0.0022882194672749,en,scrubs
security,0.0022833361462405,en,scrubs
lay,0.0022833361462405,en,scrubs
noise,0.0022815884478778,en,scrubs
sexist,0.0022798120064082,en,scrubs
bottle,0.0022791547305242,en,scrubs
poop,0.0022749178770543,en,scrubs
cuddle,0.0022749178770543,en,scrubs
slap,0.0022746960455621,en,scrubs
salad,0.0022731527251245,en,scrubs
size,0.0022724715321264,en,scrubs
colon,0.0022715513949242,en,scrubs
ceremony,0.0022687819885288,en,scrubs
kristen,0.0022635267396133,en,scrubs
replace,0.002263197178709,en,scrubs
assist,0.0022614983892373,en,scrubs
fresh,0.0022609404055852,en,scrubs
slice,0.0022558739448791,en,scrubs
ooooh,0.0022556558647863,en,scrubs
fish,0.002254254382373,en,scrubs
wave,0.002254254382373,en,scrubs
sun,0.002254254382373,en,scrubs
perfectly,0.002254254382373,en,scrubs
cath,0.0022531236183133,en,scrubs
insane,0.0022449769935929,en,scrubs
keynote,0.0022396696462158,en,scrubs
bunny,0.0022378586193879,en,scrubs
cellulitis,0.0022351163634806,en,scrubs
coxy,0.0022351163634806,en,scrubs
itasa,0.0022351163634806,en,scrubs
anosmia,0.0022351163634806,en,scrubs
danni,0.0022351163634806,en,scrubs
halford,0.0022351163634806,en,scrubs
zwah,0.0022351163634806,en,scrubs
ronni,0.0022351163634806,en,scrubs
surprised,0.0022249781386102,en,scrubs
add,0.0022249781386102,en,scrubs
diabetic,0.0022249013748135,en,scrubs
jake,0.0022242097244146,en,scrubs
physician,0.0022234627570595,en,scrubs
champ,0.0022234627570595,en,scrubs
sunny,0.0022213498425595,en,scrubs
fantasy,0.0022182566493702,en,scrubs
country,0.0022072249413658,en,scrubs
cabbage,0.0022045557559345,en,scrubs
troy,0.0022045557559345,en,scrubs
grandma,0.0022032722342686,en,scrubs
incompetent,0.0022012251138498,en,scrubs
secondly,0.0022012251138498,en,scrubs
snoop,0.002200457068565,en,scrubs
color,0.0022002110262259,en,scrubs
female,0.0022002110262259,en,scrubs
orderly,0.0021998438291534,en,scrubs
bounce,0.0021981520289891,en,scrubs
sip,0.0021973170695075,en,scrubs
chair,0.0021913118345505,en,scrubs
god,0.0021913118345505,en,scrubs
term,0.0021896203081826,en,scrubs
obviously,0.0021896203081826,en,scrubs
pre,0.002184347780512,en,scrubs
shortness,0.0021842627522293,en,scrubs
urinal,0.0021842627522293,en,scrubs
cheat,0.0021823431953627,en,scrubs
milk,0.0021799170436637,en,scrubs
prostitute,0.0021798933283425,en,scrubs
gomer,0.0021756296824898,en,scrubs
mile,0.0021655416553075,en,scrubs
spread,0.0021655416553075,en,scrubs
chip,0.0021618296975339,en,scrubs
turf,0.0021591058401489,en,scrubs
correct,0.0021563349090893,en,scrubs
click,0.0021560804652101,en,scrubs
art,0.0021482547545202,en,scrubs
green,0.0021482547545202,en,scrubs
option,0.0021482547545202,en,scrubs
certain,0.0021482547545202,en,scrubs
cash,0.0021482547545202,en,scrubs
gross,0.0021471898667587,en,scrubs
pool,0.0021444460448078,en,scrubs
hall,0.0021390779183746,en,scrubs
soup,0.0021380470333009,en,scrubs
return,0.0021376734370802,en,scrubs
alright,0.0021350870057436,en,scrubs
isabella,0.0021312655654455,en,scrubs
action,0.0021311137364911,en,scrubs
howie,0.0021306024969546,en,scrubs
colleague,0.0021295263833954,en,scrubs
vacation,0.0021263781866089,en,scrubs
clinic,0.0021196450662319,en,scrubs
brace,0.0021196450662319,en,scrubs
slut,0.0021179944429014,en,scrubs
goodnight,0.0021169682916647,en,scrubs
jamie,0.0021148302078946,en,scrubs
fail,0.0021141161596246,en,scrubs
risk,0.0021141161596246,en,scrubs
crotch,0.0021128379859228,en,scrubs
goof,0.0021128379859228,en,scrubs
refer,0.0021122025851768,en,scrubs
screen,0.0021122025851768,en,scrubs
rectal,0.0021072751867652,en,scrubs
robot,0.0021007314845613,en,scrubs
sketch,0.0021007314845613,en,scrubs
ugly,0.0020955529432491,en,scrubs
interview,0.0020955529432491,en,scrubs
major,0.0020932362122035,en,scrubs
pneumonia,0.0020822554453472,en,scrubs
whine,0.0020816688026914,en,scrubs
diaper,0.0020816688026914,en,scrubs
weak,0.0020786824014749,en,scrubs
beach,0.0020780637000764,en,scrubs
hopefully,0.0020780637000764,en,scrubs
spirit,0.0020780637000764,en,scrubs
juice,0.0020745040224418,en,scrubs
clothe,0.0020715313704302,en,scrubs
forward,0.0020715313704302,en,scrubs
buzz,0.0020678844494725,en,scrubs
attack,0.0020639605599395,en,scrubs
report,0.0020639605599395,en,scrubs
usual,0.0020619673507767,en,scrubs
honor,0.0020619673507767,en,scrubs
uncle,0.002061242048866,en,scrubs
fool,0.0020598528102867,en,scrubs
thrombolytic,0.0020586349021806,en,scrubs
buckland,0.0020586349021806,en,scrubs
ramification,0.0020566563205082,en,scrubs
doo,0.0020566563205082,en,scrubs
position,0.0020550025316164,en,scrubs
upstairs,0.0020550025316164,en,scrubs
cotton,0.0020519408650026,en,scrubs
allright,0.0020509584586879,en,scrubs
harrison,0.0020509584586879,en,scrubs
partum,0.0020497608266029,en,scrubs
foley,0.0020461300067574,en,scrubs
syndrome,0.0020425189075578,en,scrubs
incision,0.0020414834971477,en,scrubs
roommate,0.0020408630772418,en,scrubs
candle,0.0020408630772418,en,scrubs
attractive,0.0020408630772418,en,scrubs
scoff,0.0020308658117934,en,scrubs
mermaid,0.002029869170741,en,scrubs
homeless,0.0020283326554564,en,scrubs
complain,0.0020280786203358,en,scrubs
aunt,0.0020275670000502,en,scrubs
jar,0.0020275670000502,en,scrubs
cheek,0.0020275670000502,en,scrubs
reach,0.002022357513002,en,scrubs
impossible,0.002022357513002,en,scrubs
moth,0.0020208427762733,en,scrubs
robert,0.0020208427762733,en,scrubs
vein,0.0020208396812643,en,scrubs
sitcom,0.0020194403360472,en,scrubs
dialysis,0.0020194403360472,en,scrubs
stage,0.0020127271271187,en,scrubs
soft,0.0020127271271187,en,scrubs
latte,0.002012591845746,en,scrubs
twice,0.0020108601084998,en,scrubs
lap,0.0020103969046259,en,scrubs
growl,0.0020090241250164,en,scrubs
bee,0.0020080847995881,en,scrubs
fellow,0.0020077557397337,en,scrubs
ton,0.0020006769721349,en,scrubs
part,0.0019966063973049,en,scrubs
block,0.0019948079863402,en,scrubs
ultrasound,0.0019943208457268,en,scrubs
betty,0.0019943208457268,en,scrubs
organ,0.0019934367833859,en,scrubs
hammer,0.0019934276336368,en,scrubs
incidentally,0.0019918224555565,en,scrubs
conference,0.0019903590398669,en,scrubs
war,0.0019902476827988,en,scrubs
french,0.0019843081953791,en,scrubs
seeing,0.0019814855976615,en,scrubs
animal,0.0019806277021987,en,scrubs
thinking,0.0019806277021987,en,scrubs
toy,0.0019794886567456,en,scrubs
sneak,0.0019794886567456,en,scrubs
cost,0.0019788913267417,en,scrubs
bus,0.0019753569634965,en,scrubs
birth,0.0019753569634965,en,scrubs
perform,0.0019753569634965,en,scrubs
lonnie,0.0019714831660242,en,scrubs
syncope,0.0019714831660242,en,scrubs
ticket,0.0019647885607968,en,scrubs
appendix,0.0019638206045015,en,scrubs
land,0.0019631078625086,en,scrubs
complete,0.0019631078625086,en,scrubs
drip,0.0019559618387244,en,scrubs
crapper,0.0019534468550063,en,scrubs
neurotic,0.0019534468550063,en,scrubs
random,0.0019520658514458,en,scrubs
file,0.001949086556539,en,scrubs
video,0.0019478327418227,en,scrubs
repeat,0.0019478327418227,en,scrubs
supply,0.0019478327418227,en,scrubs
righty,0.0019461835088628,en,scrubs
sally,0.0019461835088628,en,scrubs
planet,0.0019435753444885,en,scrubs
affect,0.0019435753444885,en,scrubs
puppy,0.0019426955937341,en,scrubs
sew,0.0019426192483358,en,scrubs
possibly,0.001933519335096,en,scrubs
emergency,0.001933519335096,en,scrubs
wind,0.001933519335096,en,scrubs
elliott,0.001933419312674,en,scrubs
boe,0.001933419312674,en,scrubs
waxer,0.001933419312674,en,scrubs
wrap,0.001932218042034,en,scrubs
bowel,0.0019302733951247,en,scrubs
captain,0.0019279087077892,en,scrubs
magic,0.0019279087077892,en,scrubs
tall,0.0019279087077892,en,scrubs
doll,0.0019261886500477,en,scrubs
exercise,0.001925523768516,en,scrubs
paperwork,0.001925523768516,en,scrubs
boring,0.0019204620119192,en,scrubs
vascular,0.0019181390089009,en,scrubs
smoke,0.0019180846022502,en,scrubs
willing,0.0019180846022502,en,scrubs
interrupt,0.0019123878093569,en,scrubs
jam,0.0019114365469471,en,scrubs
bat,0.0019114365469471,en,scrubs
pump,0.0019097371097651,en,scrubs
ketchup,0.0019065313185996,en,scrubs
folk,0.0018970099627145,en,scrubs
prescription,0.0018965245329444,en,scrubs
painful,0.0018955800379684,en,scrubs
swim,0.0018955800379684,en,scrubs
slide,0.0018941123683164,en,scrubs
bored,0.001893756251955,en,scrubs
normally,0.0018894718781271,en,scrubs
underwear,0.0018885190579445,en,scrubs
dentist,0.0018868048553869,en,scrubs
rant,0.0018858039680938,en,scrubs
anal,0.0018852682937992,en,scrubs
ekg,0.0018828393171615,en,scrubs
evil,0.0018817725549889,en,scrubs
smooth,0.0018798949540659,en,scrubs
hop,0.0018798949540659,en,scrubs
cow,0.0018778218164072,en,scrubs
symptom,0.0018722980975817,en,scrubs
guard,0.0018711230942774,en,scrubs
research,0.0018666730442467,en,scrubs
silence,0.001863335585471,en,scrubs
depressed,0.0018631920251737,en,scrubs
mantoot,0.0018625969695672,en,scrubs
phisical,0.0018625969695672,en,scrubs
eiliot,0.0018625969695672,en,scrubs
lavernagain,0.0018625969695672,en,scrubs
ncola,0.0018625969695672,en,scrubs
hedrick,0.0018625969695672,en,scrubs
gerson,0.0018625969695672,en,scrubs
hivy,0.0018625969695672,en,scrubs
subititle,0.0018625969695672,en,scrubs
barboo,0.0018625969695672,en,scrubs
girly,0.0018607134065126,en,scrubs
develop,0.0018590720686411,en,scrubs
sock,0.0018562761724326,en,scrubs
warn,0.0018561785616921,en,scrubs
hockey,0.0018493865578174,en,scrubs
winner,0.0018490245100947,en,scrubs
downstairs,0.0018481772620297,en,scrubs
ugh,0.0018468576445119,en,scrubs
pancake,0.0018468576445119,en,scrubs
sponge,0.0018456678477338,en,scrubs
overly,0.0018456678477338,en,scrubs
stent,0.0018438657884195,en,scrubs
level,0.0018428219285174,en,scrubs
gauze,0.0018371297966121,en,scrubs
guest,0.0018368778855205,en,scrubs
colitis,0.0018362945558747,en,scrubs
coolio,0.0018362945558747,en,scrubs
clever,0.0018338321604915,en,scrubs
goodness,0.0018338321604915,en,scrubs
bless,0.0018338321604915,en,scrubs
zone,0.0018338321604915,en,scrubs
haircut,0.0018336714787088,en,scrubs
pig,0.0018331682841047,en,scrubs
football,0.0018310948560399,en,scrubs
whale,0.0018310869764019,en,scrubs
meat,0.0018292405132979,en,scrubs
clearly,0.0018266689169924,en,scrubs
responsible,0.0018266689169924,en,scrubs
spit,0.0018187972473953,en,scrubs
swing,0.0018187972473953,en,scrubs
restaurant,0.0018183057375669,en,scrubs
jimmy,0.001817207587003,en,scrubs
skinny,0.001814823954882,en,scrubs
purple,0.001814823954882,en,scrubs
foxy,0.0018108213916907,en,scrubs
diet,0.0018093572141633,en,scrubs
doin,0.0018093572141633,en,scrubs
embarrassing,0.0018093572141633,en,scrubs
gown,0.0018071704010869,en,scrubs
sea,0.0018039165412537,en,scrubs
sabotage,0.0018009739670774,en,scrubs
lick,0.0018009739670774,en,scrubs
rain,0.0017999563569459,en,scrubs
carnival,0.0017994506817953,en,scrubs
grandpa,0.0017991138352868,en,scrubs
phrase,0.0017991138352868,en,scrubs
pleasure,0.0017976511226684,en,scrubs
policy,0.0017890087012552,en,scrubs
project,0.0017855133466708,en,scrubs
costume,0.0017836013325031,en,scrubs
heather,0.0017794379917278,en,scrubs
fruit,0.0017789890892278,en,scrubs
failure,0.0017746053194962,en,scrubs
cure,0.0017746053194962,en,scrubs
loser,0.0017745687927938,en,scrubs
gastric,0.001773366948081,en,scrubs
berry,0.0017701830532167,en,scrubs
graduation,0.0017701830532167,en,scrubs
rein,0.0017694172788643,en,scrubs
fertility,0.0017694172788643,en,scrubs
percent,0.0017691723913485,en,scrubs
golden,0.0017682815366049,en,scrubs
neat,0.0017682815366049,en,scrubs
slack,0.0017682815366049,en,scrubs
elevator,0.0017640658351719,en,scrubs
legal,0.0017602644723292,en,scrubs
respond,0.0017602644723292,en,scrubs
exciting,0.0017601688209807,en,scrubs
baptism,0.0017581021695057,en,scrubs
race,0.0017570136296283,en,scrubs
deliver,0.0017570136296283,en,scrubs
woodbury,0.0017569378513739,en,scrubs
airport,0.00175657328459,en,scrubs
confidence,0.00175657328459,en,scrubs
flirt,0.0017535924942812,en,scrubs
mama,0.0017506095704677,en,scrubs
serve,0.0017505577121177,en,scrubs
incredibly,0.0017493112090644,en,scrubs
wheel,0.0017460932172389,en,scrubs
wine,0.0017460932172389,en,scrubs
ray,0.0017458745562901,en,scrubs
lawsuit,0.0017442307176835,en,scrubs
load,0.0017429523779349,en,scrubs
loose,0.0017429523779349,en,scrubs
breakfast,0.0017429523779349,en,scrubs
choke,0.0017421405524669,en,scrubs
margo,0.00174196528039,en,scrubs
sneeze,0.0017407421243943,en,scrubs
ego,0.0017382189595406,en,scrubs
everytime,0.0017381839064004,en,scrubs
hungry,0.0017365954168345,en,scrubs
include,0.0017365954168345,en,scrubs
church,0.0017320525746524,en,scrubs
flat,0.0017317197500637,en,scrubs
excellent,0.0017290139335011,en,scrubs
emotion,0.0017278573850256,en,scrubs
base,0.0017227489925572,en,scrubs
apart,0.0017227489925572,en,scrubs
hassle,0.0017220206785855,en,scrubs
honk,0.0017220206785855,en,scrubs
dork,0.0017220206785855,en,scrubs
puppet,0.0017190670112895,en,scrubs
doom,0.0017190670112895,en,scrubs
bell,0.0017181401589029,en,scrubs
gut,0.0017181401589029,en,scrubs
riddle,0.0017172875179733,en,scrubs
cupcake,0.0017172875179733,en,scrubs
nod,0.0017172875179733,en,scrubs
leukaemia,0.0017155290851505,en,scrubs
tini,0.0017155290851505,en,scrubs
chase,0.0017151961697543,en,scrubs
rid,0.0017151961697543,en,scrubs
popsicle,0.0017138802670902,en,scrubs
punish,0.0017137207141911,en,scrubs
state,0.0017090165319117,en,scrubs
anniversary,0.001708837368932,en,scrubs
skank,0.0017072062396671,en,scrubs
fantasize,0.0017072062396671,en,scrubs
stable,0.0017060220341716,en,scrubs
cough,0.0017060220341716,en,scrubs
director,0.0017060220341716,en,scrubs
effect,0.0017043536490948,en,scrubs
edit,0.0017036933979081,en,scrubs
rich,0.0017014970148844,en,scrubs
vanilla,0.0017002950495161,en,scrubs
operate,0.0016997275653355,en,scrubs
officially,0.0016997275653355,en,scrubs
renal,0.0016977809339952,en,scrubs
throat,0.0016906907867797,en,scrubs
rate,0.0016906907867797,en,scrubs
guarantee,0.0016900655169465,en,scrubs
triathlon,0.001689842713735,en,scrubs
gettin,0.0016884130941351,en,scrubs
search,0.0016879144499802,en,scrubs
shine,0.0016858750535214,en,scrubs
derek,0.0016857440263655,en,scrubs
wheelchair,0.0016836033485577,en,scrubs
cereal,0.0016836033485577,en,scrubs
nick,0.0016786836070618,en,scrubs
leslie,0.0016780569207446,en,scrubs
mix,0.0016771493737361,en,scrubs
shape,0.0016771493737361,en,scrubs
safety,0.0016771493737361,en,scrubs
genius,0.0016771493737361,en,scrubs
pissy,0.001673634948588,en,scrubs
ward,0.0016734039996568,en,scrubs
connecticut,0.0016699014649895,en,scrubs
vital,0.0016642649756282,en,scrubs
proudly,0.0016642209139824,en,scrubs
monitor,0.0016641220590853,en,scrubs
stuck,0.0016641220590853,en,scrubs
desperate,0.0016637272698469,en,scrubs
prefer,0.0016637272698469,en,scrubs
blind,0.0016637272698469,en,scrubs
quarter,0.0016629459211799,en,scrubs
hotel,0.0016629459211799,en,scrubs
law,0.0016610912682765,en,scrubs
angel,0.0016585808284756,en,scrubs
murphy,0.0016534168169508,en,scrubs
stink,0.0016521272530053,en,scrubs
role,0.0016504489444423,en,scrubs
suddenly,0.0016504223910693,en,scrubs
flower,0.0016504223910693,en,scrubs
journey,0.0016500232643846,en,scrubs
gesture,0.0016500232643846,en,scrubs
apology,0.0016495738806213,en,scrubs
mri,0.0016494964583124,en,scrubs
nude,0.0016494964583124,en,scrubs
sorority,0.001648873092204,en,scrubs
tox,0.001648873092204,en,scrubs
quad,0.001648873092204,en,scrubs
strange,0.0016478468624461,en,scrubs
beet,0.0016438672723486,en,scrubs
earth,0.0016372327074928,en,scrubs
distance,0.0016369175226558,en,scrubs
leader,0.0016363239608599,en,scrubs
separate,0.0016363239608599,en,scrubs
nightmare,0.0016363239608599,en,scrubs
belly,0.0016359541841971,en,scrubs
pantie,0.0016352308746686,en,scrubs
tennis,0.0016339022657699,en,scrubs
pat,0.0016339022657699,en,scrubs
toast,0.0016318166220189,en,scrubs
jackman,0.0016317222618674,en,scrubs
syke,0.0016317222618674,en,scrubs
blueberry,0.0016311514924172,en,scrubs
receive,0.0016241562414806,en,scrubs
match,0.0016241562414806,en,scrubs
wise,0.0016235248871284,en,scrubs
island,0.0016235248871284,en,scrubs
twin,0.0016235248871284,en,scrubs
thumb,0.0016220536000402,en,scrubs
depression,0.0016190757354266,en,scrubs
flap,0.0016174334117811,en,scrubs
clipboard,0.0016155522688378,en,scrubs
tiger,0.0016153559923123,en,scrubs
gram,0.0016132188080458,en,scrubs
garbage,0.0016112430322732,en,scrubs
duck,0.0016112430322732,en,scrubs
chole,0.0016111827605616,en,scrubs
whipple,0.0016111827605616,en,scrubs
clicky,0.0016111827605616,en,scrubs
ralphie,0.0016111827605616,en,scrubs
scut,0.0016111827605616,en,scrubs
rosanna,0.0016111827605616,en,scrubs
slowdown,0.0016111827605616,en,scrubs
weepie,0.0016111827605616,en,scrubs
knife,0.001610181701695,en,scrubs
unicorn,0.0016085611626039,en,scrubs
porsche,0.0016067623127739,en,scrubs
tomato,0.0016044625438702,en,scrubs
petty,0.0016044625438702,en,scrubs
scoop,0.0016043082196263,en,scrubs
asian,0.0016043082196263,en,scrubs
missy,0.0016011616543212,en,scrubs
interest,0.0015983353023683,en,scrubs
loss,0.0015972851178439,en,scrubs
pride,0.0015971447875466,en,scrubs
bowl,0.0015971447875466,en,scrubs
champagne,0.0015947421069095,en,scrubs
badly,0.0015926202368693,en,scrubs
unfair,0.0015900566386276,en,scrubs
whoo,0.0015892189939636,en,scrubs
thong,0.0015892152677239,en,scrubs
clamp,0.0015892152677239,en,scrubs
janice,0.0015885547288941,en,scrubs
ranking,0.0015885547288941,en,scrubs
phew,0.0015885547288941,en,scrubs
announcement,0.0015874533840765,en,scrubs
stain,0.0015874533840765,en,scrubs
embarrass,0.001584720984044,en,scrubs
volunteer,0.001584720984044,en,scrubs
hector,0.0015846284894421,en,scrubs
behaviour,0.0015846284894421,en,scrubs
lurch,0.0015844687177293,en,scrubs
rex,0.0015844687177293,en,scrubs
rascal,0.0015844687177293,en,scrubs
hernia,0.0015844687177293,en,scrubs
hap,0.0015844687177293,en,scrubs
epidural,0.0015844687177293,en,scrubs
horn,0.0015813236348692,en,scrubs
palooza,0.0015804563900739,en,scrubs
shizzle,0.0015804563900739,en,scrubs
sweety,0.0015804563900739,en,scrubs
dare,0.0015797986251209,en,scrubs
turtle,0.00157851895537,en,scrubs
hairy,0.00157851895537,en,scrubs
cord,0.0015758522211927,en,scrubs
poke,0.0015737658816204,en,scrubs
explode,0.0015716708335805,en,scrubs
joy,0.0015716708335805,en,scrubs
pitch,0.0015716708335805,en,scrubs
colonel,0.0015695031226302,en,scrubs
rag,0.0015695031226302,en,scrubs
tickle,0.0015695031226302,en,scrubs
sack,0.0015680585201528,en,scrubs
tool,0.0015670951865903,en,scrubs
doggie,0.0015632204974897,en,scrubs
boo,0.001561843733013,en,scrubs
mock,0.001561843733013,en,scrubs
zoo,0.001561843733013,en,scrubs
budget,0.001561843733013,en,scrubs
fork,0.001561843733013,en,scrubs
adorable,0.001561843733013,en,scrubs
cowboy,0.001561843733013,en,scrubs
rally,0.0015597460801516,en,scrubs
tag,0.0015585477750573,en,scrubs
simply,0.0015585477750573,en,scrubs
miserable,0.0015549432969461,en,scrubs
request,0.0015545077628169,en,scrubs
solve,0.0015545077628169,en,scrubs
mortality,0.0015520056724246,en,scrubs
acute,0.0015520056724246,en,scrubs
std,0.0015516960795708,en,scrubs
lightbulb,0.0015516960795708,en,scrubs
safe,0.0015479704199546,en,scrubs
melt,0.0015468968103605,en,scrubs
yellow,0.001545977660286,en,scrubs
actual,0.0015459315366495,en,scrubs
dong,0.0015424922403812,en,scrubs
panic,0.0015420342539429,en,scrubs
driver,0.0015420342539429,en,scrubs
text,0.0015419746156126,en,scrubs
commitment,0.0015419746156126,en,scrubs
malpractice,0.0015380583330142,en,scrubs
radiologist,0.001534597505068,en,scrubs
tyra,0.001534597505068,en,scrubs
bran,0.001534597505068,en,scrubs
verdikt,0.001534597505068,en,scrubs
witness,0.0015344676818001,en,scrubs
contact,0.0015344676818001,en,scrubs
donate,0.001534393432496,en,scrubs
smother,0.0015340929582514,en,scrubs
embarrassed,0.0015337070476848,en,scrubs
temperature,0.0015337070476848,en,scrubs
drown,0.0015334360296473,en,scrubs
unbelievable,0.0015334360296473,en,scrubs
pour,0.0015334360296473,en,scrubs
differently,0.0015333290600657,en,scrubs
talkin,0.0015311664237917,en,scrubs
jean,0.0015311664237917,en,scrubs
natal,0.0015302454632289,en,scrubs
ehm,0.0015302454632289,en,scrubs
laparoscopic,0.0015302454632289,en,scrubs
total,0.0015296726166102,en,scrubs
shadow,0.0015291492375577,en,scrubs
hoot,0.0015224018780557,en,scrubs
destroy,0.0015222240974936,en,scrubs
obvious,0.0015222240974936,en,scrubs
certainly,0.0015222240974936,en,scrubs
cheque,0.0015209109181004,en,scrubs
dial,0.0015208088742475,en,scrubs
daycare,0.0015143675966161,en,scrubs
godfather,0.0015143675966161,en,scrubs
antibiotic,0.0015133422657717,en,scrubs
left,0.0015100829711604,en,scrubs
pirate,0.0015094438843095,en,scrubs
neighbor,0.0015084145215717,en,scrubs
suspend,0.0015076655928248,en,scrubs
theme,0.0015076655928248,en,scrubs
credit,0.001505277053671,en,scrubs
temporal,0.0015029113184906,en,scrubs
homemade,0.0014978471988757,en,scrubs
insecure,0.0014978471988757,en,scrubs
energy,0.0014966513290619,en,scrubs
trial,0.0014966513290619,en,scrubs
chat,0.0014961434978336,en,scrubs
argument,0.0014961434978336,en,scrubs
large,0.0014932393062055,en,scrubs
drag,0.0014932393062055,en,scrubs
sar,0.0014931130974772,en,scrubs
heparin,0.0014931130974772,en,scrubs
poope,0.0014918858958118,en,scrubs
septic,0.001491606151773,en,scrubs
scone,0.001491606151773,en,scrubs
yep,0.0014915021026296,en,scrubs
bragin,0.0014900775756537,en,scrubs
maccaroni,0.0014900775756537,en,scrubs
gengie,0.0014900775756537,en,scrubs
gonorrhoea,0.0014900775756537,en,scrubs
smelliot,0.0014900775756537,en,scrubs
kershnar,0.0014900775756537,en,scrubs
nectarini,0.0014900775756537,en,scrubs
drunkenly,0.0014900775756537,en,scrubs
sensie,0.0014900775756537,en,scrubs
stonewater,0.0014900775756537,en,scrubs
fiving,0.0014900775756537,en,scrubs
bartow,0.0014900775756537,en,scrubs
coxie,0.0014900775756537,en,scrubs
wingmom,0.0014900775756537,en,scrubs
dido,0.0014900775756537,en,scrubs
bober,0.0014900775756537,en,scrubs
ventricule,0.0014900775756537,en,scrubs
buppy,0.0014900775756537,en,scrubs
lasix,0.0014900775756537,en,scrubs
rotinaj,0.0014900775756537,en,scrubs
bankfarter,0.0014900775756537,en,scrubs
geek,0.0014898580764509,en,scrubs
prom,0.0014898580764509,en,scrubs
pepper,0.0014898580764509,en,scrubs
city,0.0014861013320972,en,scrubs
fourth,0.0014846164925592,en,scrubs
ability,0.0014839933728466,en,scrubs
belong,0.0014813057829696,en,scrubs
indian,0.0014808998950396,en,scrubs
mountain,0.0014792196080758,en,scrubs
film,0.0014792196080758,en,scrubs
inch,0.0014726915647739,en,scrubs
scratch,0.0014726915647739,en,scrubs
gold,0.0014719617875541,en,scrubs
diarrhea,0.0014697038372896,en,scrubs
salsa,0.0014697038372896,en,scrubs
allergic,0.001468848156179,en,scrubs
imitate,0.001465593432691,en,scrubs
curly,0.001465593432691,en,scrubs
dissection,0.0014644305800145,en,scrubs
hepatitis,0.0014644305800145,en,scrubs
speaker,0.0014632913482504,en,scrubs
sauce,0.0014632913482504,en,scrubs
gas,0.001460874556367,en,scrubs
summer,0.001460874556367,en,scrubs
section,0.00146004645128,en,scrubs
discuss,0.0014577442977101,en,scrubs
urinary,0.0014552408005673,en,scrubs
central,0.0014550377979163,en,scrubs
spoon,0.0014502834663692,en,scrubs
mail,0.0014491635315255,en,scrubs
likely,0.0014491635315255,en,scrubs
skill,0.0014491635315255,en,scrubs
split,0.0014491635315255,en,scrubs
competent,0.0014485981494956,en,scrubs
mystery,0.0014482451391113,en,scrubs
bond,0.0014482451391113,en,scrubs
ghost,0.0014482451391113,en,scrubs
cancel,0.0014482451391113,en,scrubs
teddy,0.0014477050463435,en,scrubs
hurry,0.001446112892619,en,scrubs
permanent,0.0014456012021368,en,scrubs
spell,0.0014456012021368,en,scrubs
tub,0.0014437703563365,en,scrubs
laughter,0.0014397656124476,en,scrubs
ace,0.0014397656124476,en,scrubs
competitive,0.0014387111957444,en,scrubs
wrestle,0.0014387111957444,en,scrubs
ringtone,0.001438383863305,en,scrubs
catheter,0.001438383863305,en,scrubs
ahhh,0.001438383863305,en,scrubs
lesson,0.0014375566060595,en,scrubs
billy,0.0014374525679707,en,scrubs
incredible,0.0014365556894045,en,scrubs
moonlight,0.0014350172321545,en,scrubs
jock,0.0014350172321545,en,scrubs
cardiac,0.0014350172321545,en,scrubs
event,0.0014345788226024,en,scrubs
peanut,0.0014314599111725,en,scrubs
alike,0.0014314599111725,en,scrubs
bail,0.0014313495287036,en,scrubs
swallow,0.0014313495287036,en,scrubs
stool,0.0014302937409515,en,scrubs
yawn,0.0014282331669101,en,scrubs
barne,0.0014282331669101,en,scrubs
circle,0.0014260519455831,en,scrubs
bright,0.0014260519455831,en,scrubs
final,0.0014260519455831,en,scrubs
boat,0.0014249760014094,en,scrubs
health,0.0014249760014094,en,scrubs
cross,0.0014231404721125,en,scrubs
suggest,0.0014231404721125,en,scrubs
purse,0.0014216850284763,en,scrubs
fate,0.0014216850284763,en,scrubs
aortic,0.0014204016646364,en,scrubs
sass,0.0014204016646364,en,scrubs
steroid,0.0014197444982568,en,scrubs
jenny,0.0014197444982568,en,scrubs
quality,0.0014196842555969,en,scrubs
unconscious,0.0014192969000352,en,scrubs
heavy,0.0014146477637736,en,scrubs
helmet,0.0014133843911923,en,scrubs
donor,0.0014133843911923,en,scrubs
thigh,0.0014133843911923,en,scrubs
lash,0.0014133347287945,en,scrubs
attic,0.0014133347287945,en,scrubs
handshake,0.0014133347287945,en,scrubs
biscuit,0.0014133347287945,en,scrubs
stubborn,0.0014123029046267,en,scrubs
contest,0.0014123029046267,en,scrubs
company,0.0014117962654923,en,scrubs
gin,0.0014107093446893,en,scrubs
gary,0.0014107093446893,en,scrubs
shove,0.0014099212155494,en,scrubs
delicious,0.0014099212155494,en,scrubs
epiphany,0.0014085586572818,en,scrubs
russell,0.0014085586572818,en,scrubs
ischemic,0.0014082022614458,en,scrubs
elmo,0.0014082022614458,en,scrubs
kielbasa,0.0014082022614458,en,scrubs
skittle,0.0014082022614458,en,scrubs
studly,0.0014082022614458,en,scrubs
tubby,0.0014082022614458,en,scrubs
bobo,0.0014082022614458,en,scrubs
clap,0.0014047866886379,en,scrubs
truce,0.0014047866886379,en,scrubs
enter,0.0014033423207081,en,scrubs
seal,0.0014021377985281,en,scrubs
towel,0.0013982832212153,en,scrubs
comment,0.0013982832212153,en,scrubs
drill,0.0013982832212153,en,scrubs
lean,0.0013982832212153,en,scrubs
mexican,0.0013970684848022,en,scrubs
oil,0.0013966996450321,en,scrubs
laundry,0.0013953993435458,en,scrubs
cook,0.0013921339212691,en,scrubs
rainbow,0.0013901310777591,en,scrubs
zoom,0.0013901310777591,en,scrubs
jazz,0.0013901310777591,en,scrubs
gurney,0.0013895293311019,en,scrubs
marco,0.0013895293311019,en,scrubs
pancreatic,0.0013881456629284,en,scrubs
aaah,0.0013881456629284,en,scrubs
meathead,0.0013881456629284,en,scrubs
saltine,0.0013881456629284,en,scrubs
scotch,0.0013878065537333,en,scrubs
payback,0.0013877792017942,en,scrubs
tone,0.001386768382571,en,scrubs
tattoo,0.001386768382571,en,scrubs
sentence,0.0013853758000509,en,scrubs
impressive,0.0013853758000509,en,scrubs
van,0.0013836581805105,en,scrubs
seminar,0.0013836568939504,en,scrubs
nancy,0.0013836568939504,en,scrubs
press,0.0013810209136201,en,scrubs
strike,0.0013810209136201,en,scrubs
freeze,0.001379714858791,en,scrubs
heat,0.001379714858791,en,scrubs
regret,0.001379714858791,en,scrubs
speed,0.001379714858791,en,scrubs
bout,0.0013757929328663,en,scrubs
maid,0.0013757929328663,en,scrubs
inappropriate,0.0013757929328663,en,scrubs
hottie,0.0013757656961561,en,scrubs
painkiller,0.0013757656961561,en,scrubs
cab,0.0013753741203686,en,scrubs
sunshine,0.0013752536090316,en,scrubs
bedroom,0.0013741613659106,en,scrubs
brand,0.0013741613659106,en,scrubs
brinkley,0.0013724232681204,en,scrubs
vijay,0.0013724232681204,en,scrubs
sickie,0.0013724232681204,en,scrubs
ripa,0.0013724232681204,en,scrubs
townshend,0.0013724232681204,en,scrubs
uggo,0.0013724232681204,en,scrubs
twosie,0.0013724232681204,en,scrubs
spect,0.0013724232681204,en,scrubs
kuru,0.0013724232681204,en,scrubs
butter,0.0013720512051337,en,scrubs
scar,0.0013720512051337,en,scrubs
senior,0.0013720512051337,en,scrubs
subject,0.0013686544464407,en,scrubs
fray,0.0013674127985044,en,scrubs
scuse,0.0013674127985044,en,scrubs
nerdy,0.0013674127985044,en,scrubs
bruce,0.0013649507262325,en,scrubs
packet,0.0013649507262325,en,scrubs
glove,0.0013640979355465,en,scrubs
non,0.0013640979355465,en,scrubs
describe,0.0013630542485753,en,scrubs
string,0.0013630542485753,en,scrubs
recommend,0.0013630542485753,en,scrubs
technically,0.0013630542485753,en,scrubs
ultimately,0.0013629056902522,en,scrubs
ending,0.0013629056902522,en,scrubs
bummer,0.0013616792717052,en,scrubs
krishna,0.0013597685515561,en,scrubs
drew,0.0013597685515561,en,scrubs
trach,0.0013597685515561,en,scrubs
slammin,0.0013597685515561,en,scrubs
metabolic,0.001358116043768,en,scrubs
beeper,0.001358116043768,en,scrubs
killer,0.0013576923501673,en,scrubs
ski,0.001357491570453,en,scrubs
doc,0.001357491570453,en,scrubs
anesthesia,0.0013532461138273,en,scrubs
employee,0.0013529374059403,en,scrubs
toss,0.0013529374059403,en,scrubs
equal,0.0013529374059403,en,scrubs
clip,0.0013522152926979,en,scrubs
severe,0.0013522152926979,en,scrubs
queen,0.0013520524135572,en,scrubs
helpful,0.0013520524135572,en,scrubs
faint,0.001350730475308,en,scrubs
sterile,0.0013495880113465,en,scrubs
differ,0.0013495880113465,en,scrubs
tire,0.001349227788661,en,scrubs
track,0.0013482383420013,en,scrubs
texte,0.0013478611764843,en,scrubs
enemy,0.0013468268374951,en,scrubs
letter,0.0013468268374951,en,scrubs
hamster,0.0013458010413875,en,scrubs
uterus,0.0013458010413875,en,scrubs
hormonal,0.0013458010413875,en,scrubs
pediatrician,0.0013458010413875,en,scrubs
romance,0.0013387231997254,en,scrubs
honeymoon,0.0013387231997254,en,scrubs
drift,0.0013387231997254,en,scrubs
pocket,0.0013360562213418,en,scrubs
aware,0.0013360562213418,en,scrubs
rip,0.0013360562213418,en,scrubs
dairy,0.0013359211719916,en,scrubs
smoothie,0.0013359211719916,en,scrubs
fiancee,0.0013359211719916,en,scrubs
squeak,0.0013359211719916,en,scrubs
theatre,0.0013359211719916,en,scrubs
waffle,0.0013345784937959,en,scrubs
scarf,0.001334301378601,en,scrubs
journal,0.001332157033987,en,scrubs
spring,0.0013309539896221,en,scrubs
react,0.0013309539896221,en,scrubs
relate,0.0013303567369439,en,scrubs
american,0.0013303567369439,en,scrubs
hussy,0.0013300252110607,en,scrubs
eel,0.0013300252110607,en,scrubs
bow,0.0013292127746601,en,scrubs
root,0.0013269060265779,en,scrubs
stretch,0.0013269060265779,en,scrubs
imaginary,0.001320990398441,en,scrubs
extremely,0.0013201266157355,en,scrubs
reaction,0.0013201266157355,en,scrubs
maggie,0.001319906297492,en,scrubs
cracker,0.0013197851447436,en,scrubs
dysfunction,0.0013190984737632,en,scrubs
grandmother,0.0013179185500326,en,scrubs
haunt,0.0013179185500326,en,scrubs
hypertension,0.0013170469917282,en,scrubs
cardiomyopathy,0.0013170469917282,en,scrubs
lupus,0.0013170469917282,en,scrubs
herbert,0.0013170469917282,en,scrubs
interracial,0.0013170469917282,en,scrubs
wolverine,0.0013170469917282,en,scrubs
tumour,0.0013170469917282,en,scrubs
gayle,0.0013170469917282,en,scrubs
ahhhh,0.0013170469917282,en,scrubs
filthy,0.0013151943707109,en,scrubs
pencil,0.0013151943707109,en,scrubs
difficult,0.0013147931478652,en,scrubs
familiar,0.0013147931478652,en,scrubs
bump,0.0013094059172176,en,scrubs
aside,0.0013090591686879,en,scrubs
awake,0.0013090591686879,en,scrubs
stranger,0.0013090591686879,en,scrubs
sausage,0.0013079192688585,en,scrubs
pete,0.0013076021467004,en,scrubs
bubble,0.0013067579880068,en,scrubs
precious,0.0013067579880068,en,scrubs
haired,0.0013055565932957,en,scrubs
uncool,0.0013051553828013,en,scrubs
stapler,0.0013051553828013,en,scrubs
donna,0.0013051553828013,en,scrubs
hallway,0.0013050643398009,en,scrubs
drain,0.0013050643398009,en,scrubs
ease,0.0013050643398009,en,scrubs
station,0.0013042975295301,en,scrubs
therapist,0.0013036642196554,en,scrubs
dibs,0.0013027497179475,en,scrubs
worker,0.0012987898125478,en,scrubs
photo,0.0012985551612151,en,scrubs
whack,0.0012957279618639,en,scrubs
turkey,0.001295602358593,en,scrubs
outstanding,0.0012950794988905,en,scrubs
motion,0.0012943171570663,en,scrubs
lift,0.0012938904828696,en,scrubs
puke,0.0012922847938498,en,scrubs
glow,0.0012922847938498,en,scrubs
schmitty,0.0012889462084493,en,scrubs
greaser,0.0012889462084493,en,scrubs
dealio,0.0012889462084493,en,scrubs
biliary,0.0012889462084493,en,scrubs
dookie,0.0012889462084493,en,scrubs
purpura,0.0012889462084493,en,scrubs
tisdale,0.0012889462084493,en,scrubs
flip,0.0012882762805412,en,scrubs
unit,0.0012882762805412,en,scrubs
shame,0.001288145361356,en,scrubs
grand,0.001288145361356,en,scrubs
friendly,0.001288145361356,en,scrubs
example,0.001288145361356,en,scrubs
sweetness,0.0012868489300831,en,scrubs
wuss,0.0012868489300831,en,scrubs
honour,0.0012868489300831,en,scrubs
judgmental,0.0012868489300831,en,scrubs
accountable,0.0012868489300831,en,scrubs
moustache,0.0012859908576284,en,scrubs
sunscreen,0.0012859908576284,en,scrubs
airway,0.0012859908576284,en,scrubs
marrow,0.0012859908576284,en,scrubs
insulin,0.0012859908576284,en,scrubs
publish,0.0012837803516763,en,scrubs
bum,0.0012837803516763,en,scrubs
corn,0.0012837803516763,en,scrubs
drinking,0.001283682512344,en,scrubs
float,0.001283682512344,en,scrubs
selfish,0.001283682512344,en,scrubs
grape,0.0012824630406266,en,scrubs
prank,0.0012824630406266,en,scrubs
chapter,0.0012810522034461,en,scrubs
psyched,0.0012788312542234,en,scrubs
wassup,0.0012788312542234,en,scrubs
cardiology,0.0012788312542234,en,scrubs
pff,0.0012788312542234,en,scrubs
subscene,0.0012788312542234,en,scrubs
tupac,0.0012788312542234,en,scrubs
goblin,0.0012787593392673,en,scrubs
gong,0.0012787593392673,en,scrubs
dopamine,0.0012787593392673,en,scrubs
hypodermic,0.0012787593392673,en,scrubs
brave,0.0012778633580394,en,scrubs
recognize,0.0012778280942751,en,scrubs
culture,0.0012740475476241,en,scrubs
dramatic,0.0012740475476241,en,scrubs
rap,0.001272130934978,en,scrubs
rarely,0.001272130934978,en,scrubs
sweater,0.001272130934978,en,scrubs
jumbo,0.0012713722141791,en,scrubs
regroup,0.0012713722141791,en,scrubs
damage,0.0012676017294072,en,scrubs
snuggle,0.0012675233808087,en,scrubs
roomie,0.0012675233808087,en,scrubs
debbie,0.0012675233808087,en,scrubs
needy,0.0012643080197741,en,scrubs
screech,0.0012643080197741,en,scrubs
lad,0.0012643080197741,en,scrubs
ginger,0.0012643080197741,en,scrubs
heel,0.0012633914287687,en,scrubs
lower,0.0012633914287687,en,scrubs
currently,0.0012633914287687,en,scrubs
ground,0.0012631861322826,en,scrubs
lover,0.0012627415788776,en,scrubs
casual,0.0012606491416123,en,scrubs
african,0.0012606491416123,en,scrubs
fishing,0.0012606491416123,en,scrubs
risky,0.0012590127052963,en,scrubs
starter,0.0012590127052963,en,scrubs
eyebrow,0.0012578699035912,en,scrubs
whoop,0.0012578699035912,en,scrubs
sharp,0.0012573317659494,en,scrubs
argue,0.0012573317659494,en,scrubs
nauseous,0.0012562975367062,en,scrubs
kev,0.001255226211441,en,scrubs
milo,0.001255226211441,en,scrubs
rib,0.0012528543751852,en,scrubs
basic,0.0012524308376156,en,scrubs
insult,0.0012524308376156,en,scrubs
patch,0.0012524308376156,en,scrubs
grateful,0.0012524308376156,en,scrubs
nowadays,0.0012511179699832,en,scrubs
sarcastic,0.0012511179699832,en,scrubs
hypnosis,0.0012497040210464,en,scrubs
blondie,0.0012497040210464,en,scrubs
laser,0.0012493302160646,en,scrubs
award,0.0012493302160646,en,scrubs
remain,0.0012474153961849,en,scrubs
bandage,0.0012458790840596,en,scrubs
roller,0.0012458790840596,en,scrubs
melanoma,0.0012442609145643,en,scrubs
noooo,0.0012442609145643,en,scrubs
gassy,0.0012442609145643,en,scrubs
jammie,0.0012442609145643,en,scrubs
pile,0.0012424337555156,en,scrubs
license,0.0012422237236473,en,scrubs
whatnot,0.0012416045379397,en,scrubs
donkey,0.0012416045379397,en,scrubs
travel,0.0012374523744614,en,scrubs
rapport,0.0012329004542614,en,scrubs
tot,0.0012329004542614,en,scrubs
demean,0.0012329004542614,en,scrubs
suction,0.0012324888251216,en,scrubs
slight,0.0012321270246795,en,scrubs
balance,0.0012321181746865,en,scrubs
devil,0.0012321181746865,en,scrubs
surround,0.0012272429706449,en,scrubs
synchro,0.0012271629330816,en,scrubs
burden,0.0012269656381478,en,scrubs
hideous,0.0012255113445347,en,scrubs
briana,0.0012241963705831,en,scrubs
aaronson,0.0012241963705831,en,scrubs
yapper,0.0012241963705831,en,scrubs
rochelle,0.0012241963705831,en,scrubs
implant,0.0012224761492027,en,scrubs
vibe,0.0012224761492027,en,scrubs
greeting,0.0012224761492027,en,scrubs
frankly,0.0012221121894031,en,scrubs
engine,0.0012219317201428,en,scrubs
cloud,0.0012219317201428,en,scrubs
wallet,0.0012219317201428,en,scrubs
junior,0.0012219317201428,en,scrubs
terrible,0.0012177792779949,en,scrubs
center,0.0012173954636391,en,scrubs
immediately,0.0012173954636391,en,scrubs
ankle,0.0012165402000301,en,scrubs
ethnic,0.0012158381647142,en,scrubs
sup,0.0012158381647142,en,scrubs
kite,0.0012158381647142,en,scrubs
respiratory,0.0012158381647142,en,scrubs
touchy,0.0012132895344289,en,scrubs
chemo,0.0012132895344289,en,scrubs
flick,0.0012130750588358,en,scrubs
tacoma,0.0012127006671394,en,scrubs
pisode,0.0012127006671394,en,scrubs
stammering,0.0012127006671394,en,scrubs
tattle,0.0012127006671394,en,scrubs
urologist,0.0012127006671394,en,scrubs
gunk,0.0012127006671394,en,scrubs
sanchez,0.0012127006671394,en,scrubs
muscle,0.0012122038250446,en,scrubs
nasty,0.0012122038250446,en,scrubs
internet,0.0012122038250446,en,scrubs
tour,0.0012122038250446,en,scrubs
lesion,0.0012116642016283,en,scrubs
labour,0.0012116642016283,en,scrubs
preschool,0.0012116642016283,en,scrubs
public,0.0012080663769283,en,scrubs
discover,0.0012076362762712,en,scrubs
subtle,0.0012062381427755,en,scrubs
snake,0.0012062381427755,en,scrubs
wreck,0.0012062381427755,en,scrubs
improve,0.0012062381427755,en,scrubs
dignity,0.0012055948398183,en,scrubs
dive,0.0012055948398183,en,scrubs
straw,0.0012055948398183,en,scrubs
confused,0.0012023911951718,en,scrubs
ambulance,0.0012018659315616,en,scrubs
tackle,0.0012008712407409,en,scrubs
mild,0.0012008712407409,en,scrubs
tasty,0.0011998046770397,en,scrubs
paycheck,0.0011998046770397,en,scrubs
presentation,0.0011998046770397,en,scrubs
leverage,0.0011998046770397,en,scrubs
hellhole,0.0011997161869631,en,scrubs
raceman,0.0011997161869631,en,scrubs
dementia,0.0011997161869631,en,scrubs
turner,0.0011996337878635,en,scrubs
pastry,0.0011996337878635,en,scrubs
ballet,0.0011996337878635,en,scrubs
saw,0.0011996337878635,en,scrubs
thingy,0.0011996337878635,en,scrubs
hero,0.0011979638383829,en,scrubs
earn,0.0011979638383829,en,scrubs
settle,0.0011979638383829,en,scrubs
holiday,0.0011960565801821,en,scrubs
daily,0.0011960565801821,en,scrubs
cage,0.0011960565801821,en,scrubs
invisible,0.0011950255346842,en,scrubs
initial,0.0011950255346842,en,scrubs
wipe,0.0011926724675034,en,scrubs
model,0.0011926724675034,en,scrubs
bug,0.0011926724675034,en,scrubs
prostate,0.0011914160466705,en,scrubs
squirrel,0.0011888913585969,en,scrubs
pluck,0.0011888913585969,en,scrubs
dangerous,0.0011888810656777,en,scrubs
mint,0.0011887292242731,en,scrubs
regular,0.0011883766213192,en,scrubs
uncommon,0.0011862919944852,en,scrubs
steel,0.0011859927261519,en,scrubs
necessarily,0.0011859927261519,en,scrubs
shopping,0.0011859927261519,en,scrubs
witch,0.0011845943943623,en,scrubs
nephew,0.0011845943943623,en,scrubs
psst,0.0011840903495989,en,scrubs
wiener,0.0011836680538636,en,scrubs
grit,0.0011836680538636,en,scrubs
lymphoma,0.0011836680538636,en,scrubs
tush,0.0011836680538636,en,scrubs
defense,0.0011830458618625,en,scrubs
fancy,0.0011830458618625,en,scrubs
row,0.0011830458618625,en,scrubs
character,0.0011830458618625,en,scrubs
impress,0.001182218210807,en,scrubs
bury,0.001178873136478,en,scrubs
afford,0.001178873136478,en,scrubs
gain,0.0011735096482195,en,scrubs
associate,0.0011735096482195,en,scrubs
natural,0.0011735096482195,en,scrubs
storm,0.0011735096482195,en,scrubs
compare,0.0011735096482195,en,scrubs
puncture,0.0011732500422151,en,scrubs
tyler,0.0011732500422151,en,scrubs
wiggle,0.0011732500422151,en,scrubs
thanksgiving,0.0011732500422151,en,scrubs
bore,0.0011725457518149,en,scrubs
deeply,0.0011725457518149,en,scrubs
sink,0.0011725457518149,en,scrubs
basement,0.0011725457518149,en,scrubs
bachelorette,0.0011720681130038,en,scrubs
dermatologist,0.0011720681130038,en,scrubs
caboodle,0.0011712919009159,en,scrubs
friedman,0.0011712919009159,en,scrubs
whizz,0.0011712919009159,en,scrubs
uhhh,0.0011712919009159,en,scrubs
twisty,0.0011712919009159,en,scrubs
ummm,0.0011712919009159,en,scrubs
morbidity,0.0011712919009159,en,scrubs
falsetto,0.0011712919009159,en,scrubs
keith,0.0011712919009159,en,scrubs
cappella,0.0011712919009159,en,scrubs
complicated,0.0011694519339234,en,scrubs
orgasm,0.0011689310254926,en,scrubs
speaking,0.0011662074727096,en,scrubs
stunning,0.0011655715490015,en,scrubs
dumpster,0.0011655715490015,en,scrubs
pet,0.0011629714920716,en,scrubs
false,0.0011629714920716,en,scrubs
immature,0.0011604947495962,en,scrubs
abusive,0.0011604947495962,en,scrubs
appear,0.0011601116010576,en,scrubs
ship,0.0011601116010576,en,scrubs
pelvic,0.0011567880524403,en,scrubs
embolism,0.0011567880524403,en,scrubs
jot,0.0011567880524403,en,scrubs
personnel,0.0011564826681618,en,scrubs
lemon,0.0011564826681618,en,scrubs
tension,0.0011564826681618,en,scrubs
brake,0.0011564826681618,en,scrubs
shade,0.0011564826681618,en,scrubs
slightly,0.0011564809617094,en,scrubs
thick,0.0011564809617094,en,scrubs
confuse,0.0011547017164349,en,scrubs
bulb,0.001154216736564,en,scrubs
hatred,0.001154216736564,en,scrubs
maiden,0.001154216736564,en,scrubs
bottom,0.0011542111645428,en,scrubs
gotcha,0.001154094979855,en,scrubs
bare,0.001154094979855,en,scrubs
jaw,0.001154094979855,en,scrubs
adjective,0.0011535437497607,en,scrubs
daydream,0.0011535437497607,en,scrubs
mack,0.0011535437497607,en,scrubs
impression,0.0011534934576725,en,scrubs
warning,0.0011534934576725,en,scrubs
bowling,0.0011480137857236,en,scrubs
contagious,0.0011480137857236,en,scrubs
acceptance,0.0011480137857236,en,scrubs
buster,0.0011480137857236,en,scrubs
clinical,0.0011480137857236,en,scrubs
mature,0.001146044674193,en,scrubs
bank,0.0011454267726019,en,scrubs
steam,0.0011441821707444,en,scrubs
ceiling,0.0011441821707444,en,scrubs
tissue,0.0011441821707444,en,scrubs
literally,0.0011441097336374,en,scrubs
mirror,0.0011441097336374,en,scrubs
guilt,0.0011441097336374,en,scrubs
wound,0.0011416680731202,en,scrubs
offence,0.0011399060032041,en,scrubs
relieve,0.001137348022781,en,scrubs
typical,0.001137348022781,en,scrubs
image,0.0011362357660632,en,scrubs
alarm,0.0011362357660632,en,scrubs
cologne,0.0011357955986054,en,scrubs
feminine,0.0011357955986054,en,scrubs
cheery,0.0011357756974621,en,scrubs
solace,0.0011357756974621,en,scrubs
ammonia,0.0011357756974621,en,scrubs
numb,0.0011357547418769,en,scrubs
heal,0.0011348184615886,en,scrubs
strip,0.0011348184615886,en,scrubs
building,0.0011325622283703,en,scrubs
survive,0.0011325622283703,en,scrubs
supportive,0.0011320829132321,en,scrubs
terminal,0.0011320829132321,en,scrubs
intermittent,0.0011317633698066,en,scrubs
squeaking,0.0011317633698066,en,scrubs
spence,0.0011317633698066,en,scrubs
davey,0.0011317633698066,en,scrubs
department,0.0011271271911865,en,scrubs
liar,0.0011271271911865,en,scrubs
official,0.0011271271911865,en,scrubs
copy,0.0011271271911865,en,scrubs
fasciitis,0.0011265618091566,en,scrubs
steadman,0.0011265618091566,en,scrubs
sommer,0.0011265618091566,en,scrubs
mnemonic,0.0011265618091566,en,scrubs
mahoney,0.0011265618091566,en,scrubs
onesie,0.0011265618091566,en,scrubs
marshmallow,0.0011259928138227,en,scrubs
yogurt,0.0011259928138227,en,scrubs
ninja,0.0011259928138227,en,scrubs
fudge,0.0011259928138227,en,scrubs
pronounce,0.0011256087294234,en,scrubs
trauma,0.0011247185016355,en,scrubs
classy,0.0011238293509103,en,scrubs
brownie,0.0011238293509103,en,scrubs
convention,0.0011212911756536,en,scrubs
website,0.0011212911756536,en,scrubs
carrot,0.0011212911756536,en,scrubs
stripper,0.0011212911756536,en,scrubs
vampire,0.0011212911756536,en,scrubs
firm,0.0011186265769722,en,scrubs
evening,0.0011180995824907,en,scrubs
wiff,0.0011175581817403,en,scrubs
turtlehead,0.0011175581817403,en,scrubs
mrow,0.0011175581817403,en,scrubs
vietnamian,0.0011175581817403,en,scrubs
clavulanic,0.0011175581817403,en,scrubs
sideboob,0.0011175581817403,en,scrubs
zeltzer,0.0011175581817403,en,scrubs
hoffner,0.0011175581817403,en,scrubs
doinke,0.0011175581817403,en,scrubs
doink,0.0011175581817403,en,scrubs
frontsie,0.0011175581817403,en,scrubs
hairmet,0.0011175581817403,en,scrubs
srabounette,0.0011175581817403,en,scrubs
slugathor,0.0011175581817403,en,scrubs
encephalopathic,0.0011175581817403,en,scrubs
chiefy,0.0011175581817403,en,scrubs
thrombocytopenic,0.0011175581817403,en,scrubs
thrombotic,0.0011175581817403,en,scrubs
cookiepant,0.0011175581817403,en,scrubs
beardfac,0.0011175581817403,en,scrubs
haematopathologist,0.0011175581817403,en,scrubs
pooer,0.0011175581817403,en,scrubs
waterpark,0.0011175581817403,en,scrubs
burski,0.0011175581817403,en,scrubs
cox,0.0011175581817403,en,scrubs
poisonwood,0.0011175581817403,en,scrubs
disimpact,0.0011175581817403,en,scrubs
moppin,0.0011175581817403,en,scrubs
moyer,0.0011175581817403,en,scrubs
leventhal,0.0011175581817403,en,scrubs
swick,0.0011175581817403,en,scrubs
threemor,0.0011175581817403,en,scrubs
cakehole,0.0011175581817403,en,scrubs
coxsmith,0.0011175581817403,en,scrubs
mophead,0.0011175581817403,en,scrubs
shoosh,0.0011175581817403,en,scrubs
billbury,0.0011175581817403,en,scrubs
coxian,0.0011175581817403,en,scrubs
tinsy,0.0011175581817403,en,scrubs
arthax,0.0011175581817403,en,scrubs
traxdater,0.0011175581817403,en,scrubs
guronzan,0.0011175581817403,en,scrubs
heeeey,0.0011175581817403,en,scrubs
everithing,0.0011175581817403,en,scrubs
headwound,0.0011175581817403,en,scrubs
slowly,0.0011165061098024,en,scrubs
effort,0.0011165061098024,en,scrubs
basket,0.0011156026664378,en,scrubs
makeup,0.0011156026664378,en,scrubs
shiny,0.0011156026664378,en,scrubs
anti,0.0011151618500276,en,scrubs
cutter,0.0011124506874067,en,scrubs
cocky,0.0011121048622073,en,scrubs
specialty,0.0011106749212797,en,scrubs
childhood,0.0011094147060568,en,scrubs
claim,0.0011091515132313,en,scrubs
milady,0.0011083543425506,en,scrubs
permission,0.0011074815769675,en,scrubs
pardon,0.0011074815769675,en,scrubs
spin,0.0011074815769675,en,scrubs
fist,0.0011057327445928,en,scrubs
massage,0.0011057327445928,en,scrubs
zip,0.0011057327445928,en,scrubs
potassium,0.0011022778779672,en,scrubs
nay,0.0011022778779672,en,scrubs
equipment,0.0011002992962949,en,scrubs
cast,0.0011002992962949,en,scrubs
lifetime,0.0011002992962949,en,scrubs
behave,0.0011002992962949,en,scrubs
trap,0.0011002815940462,en,scrubs
depend,0.0011002815940462,en,scrubs
complication,0.0011002285342825,en,scrubs
sweaty,0.0011002285342825,en,scrubs
admission,0.0011002285342825,en,scrubs
psychiatrist,0.0011002285342825,en,scrubs
perk,0.0011002285342825,en,scrubs
manly,0.001099260344618,en,scrubs
frickin,0.001099260344618,en,scrubs
caf,0.001099260344618,en,scrubs
thief,0.0010963851985002,en,scrubs
remote,0.0010963851985002,en,scrubs
tempt,0.0010963851985002,en,scrubs
brick,0.0010959953089257,en,scrubs
pinch,0.0010959953089257,en,scrubs
coin,0.0010959953089257,en,scrubs
heartbeat,0.0010959953089257,en,scrubs
nothin,0.0010959953089257,en,scrubs
plenty,0.0010914884716618,en,scrubs
cop,0.0010914884716618,en,scrubs
kitchen,0.0010914884716618,en,scrubs
abuse,0.0010912783484372,en,scrubs
moon,0.0010912783484372,en,scrubs
flu,0.0010899466641712,en,scrubs
congrat,0.0010893434173641,en,scrubs
crib,0.0010893434173641,en,scrubs
snore,0.0010893434173641,en,scrubs
kelly,0.0010893434173641,en,scrubs
jehovah,0.0010878148412449,en,scrubs
cracking,0.0010878148412449,en,scrubs
videogame,0.0010878148412449,en,scrubs
molehill,0.0010878148412449,en,scrubs
singsongy,0.0010878148412449,en,scrubs
nooo,0.0010878148412449,en,scrubs
urinalysis,0.0010878148412449,en,scrubs
diuretic,0.0010878148412449,en,scrubs
singsong,0.0010878148412449,en,scrubs
doctoring,0.0010878148412449,en,scrubs
dose,0.0010871599989725,en,scrubs
rev,0.0010864486121217,en,scrubs
threesome,0.0010864039706972,en,scrubs
mumble,0.0010864039706972,en,scrubs
shalom,0.0010863649415003,en,scrubs
toto,0.0010863649415003,en,scrubs
darling,0.0010823499247522,en,scrubs
grant,0.0010809148487669,en,scrubs
tap,0.0010809148487669,en,scrubs
overreact,0.0010798242093357,en,scrubs
thunder,0.0010798242093357,en,scrubs
ill,0.001078040232605,en,scrubs
playing,0.001078040232605,en,scrubs
complaint,0.001078040232605,en,scrubs
passion,0.001078040232605,en,scrubs
deaf,0.0010769039948749,en,scrubs
leather,0.0010769039948749,en,scrubs
cheesy,0.001073865070776,en,scrubs
unbelievably,0.001073865070776,en,scrubs
lotion,0.001073865070776,en,scrubs
acre,0.001073865070776,en,scrubs
sandy,0.001073865070776,en,scrubs
rupture,0.001073865070776,en,scrubs
sayin,0.001073865070776,en,scrubs
knowledge,0.0010735121465277,en,scrubs
boot,0.0010735121465277,en,scrubs
solid,0.0010735121465277,en,scrubs
plane,0.0010722230224039,en,scrubs
toot,0.0010711748751826,en,scrubs
abdomen,0.0010711748751826,en,scrubs
leonard,0.0010711748751826,en,scrubs
hoof,0.0010711748751826,en,scrubs
doughnut,0.0010698563018458,en,scrubs
upper,0.0010690235166504,en,scrubs
carefully,0.0010690235166504,en,scrubs
smack,0.0010690235166504,en,scrubs
tricky,0.0010690235166504,en,scrubs
accent,0.0010675435028718,en,scrubs
wolf,0.0010675435028718,en,scrubs
con,0.0010675435028718,en,scrubs
talking,0.0010675435028718,en,scrubs
problemo,0.0010656327827227,en,scrubs
jonese,0.0010656327827227,en,scrubs
talent,0.0010647631916977,en,scrubs
compromise,0.0010647631916977,en,scrubs
simultaneously,0.0010616283426253,en,scrubs
physically,0.0010601075482336,en,scrubs
whip,0.0010601075482336,en,scrubs
flag,0.0010601075482336,en,scrubs
cruise,0.001058302256051,en,scrubs
account,0.0010570580798123,en,scrubs
tin,0.0010567923187528,en,scrubs
sour,0.0010567923187528,en,scrubs
smiley,0.0010564189929614,en,scrubs
stephanie,0.0010564189929614,en,scrubs
trash,0.0010561012925884,en,scrubs
comfort,0.0010561012925884,en,scrubs
sky,0.0010550760684873,en,scrubs
bullet,0.0010550760684873,en,scrubs
hooch,0.0010536375933826,en,scrubs
luce,0.0010536375933826,en,scrubs
mutton,0.0010536375933826,en,scrubs
necrotize,0.0010536375933826,en,scrubs
walrus,0.0010536375933826,en,scrubs
lioness,0.0010536375933826,en,scrubs
lumbar,0.0010536375933826,en,scrubs
hippocratic,0.0010536375933826,en,scrubs
idealize,0.0010536375933826,en,scrubs
nappy,0.0010536375933826,en,scrubs
counter,0.0010512901008209,en,scrubs
chill,0.0010512901008209,en,scrubs
shout,0.0010512901008209,en,scrubs
drum,0.0010503657422806,en,scrubs
annual,0.0010503657422806,en,scrubs
misery,0.0010503657422806,en,scrubs
http,0.0010503657422806,en,scrubs
musical,0.0010503657422806,en,scrubs
seizure,0.0010503657422806,en,scrubs
spank,0.0010496795643806,en,scrubs
bacteria,0.0010496795643806,en,scrubs
spray,0.0010491772544136,en,scrubs
curse,0.0010491772544136,en,scrubs
exit,0.0010475247337741,en,scrubs
community,0.0010475247337741,en,scrubs
wire,0.0010466181061017,en,scrubs
connection,0.0010466181061017,en,scrubs
regain,0.0010463354150868,en,scrubs
screenplay,0.0010460218428675,en,scrubs
lefty,0.0010460218428675,en,scrubs
syphili,0.0010460218428675,en,scrubs
rudy,0.0010460218428675,en,scrubs
murderer,0.0010425690208826,en,scrubs
attorney,0.0010425690208826,en,scrubs
ulcer,0.0010421469983264,en,scrubs
catherine,0.0010421469983264,en,scrubs
benign,0.0010421469983264,en,scrubs
sniffle,0.0010421469983264,en,scrubs
suture,0.0010421469983264,en,scrubs
obstruction,0.0010421469983264,en,scrubs
karma,0.0010421469983264,en,scrubs
freckle,0.0010421469983264,en,scrubs
labor,0.0010408344013457,en,scrubs
popcorn,0.0010408344013457,en,scrubs
irish,0.0010408344013457,en,scrubs
tease,0.0010408344013457,en,scrubs
create,0.001040270932468,en,scrubs
importantly,0.0010401656097676,en,scrubs
blink,0.0010401656097676,en,scrubs
harmless,0.0010401656097676,en,scrubs
observe,0.0010401656097676,en,scrubs
decent,0.0010390318500382,en,scrubs
trade,0.0010382353265985,en,scrubs
nausea,0.0010380054951746,en,scrubs
navy,0.0010380054951746,en,scrubs
spinal,0.0010380054951746,en,scrubs
jolly,0.0010380054951746,en,scrubs
workout,0.0010380054951746,en,scrubs
whispering,0.0010360635991124,en,scrubs
hump,0.0010360635991124,en,scrubs
magazine,0.0010339422247362,en,scrubs
occasion,0.0010339422247362,en,scrubs
stall,0.0010339422247362,en,scrubs
psych,0.0010314402067737,en,scrubs
notch,0.0010314402067737,en,scrubs
rare,0.001030621024433,en,scrubs
easily,0.001030621024433,en,scrubs
miracle,0.001030621024433,en,scrubs
subtitile,0.0010293174510903,en,scrubs
smush,0.0010293174510903,en,scrubs
hurdler,0.0010293174510903,en,scrubs
jacky,0.0010293174510903,en,scrubs
bugle,0.0010293174510903,en,scrubs
glassman,0.0010293174510903,en,scrubs
izzle,0.0010293174510903,en,scrubs
cootchie,0.0010293174510903,en,scrubs
cofee,0.0010293174510903,en,scrubs
chicklet,0.0010293174510903,en,scrubs
snaggletooth,0.0010293174510903,en,scrubs
ronk,0.0010293174510903,en,scrubs
arteritis,0.0010293174510903,en,scrubs
honka,0.0010293174510903,en,scrubs
ttp,0.0010293174510903,en,scrubs
peptic,0.0010293174510903,en,scrubs
busdriver,0.0010293174510903,en,scrubs
foofy,0.0010293174510903,en,scrubs
slappy,0.0010293174510903,en,scrubs
helloooo,0.0010293174510903,en,scrubs
tug,0.0010283281602541,en,scrubs
muster,0.0010283281602541,en,scrubs
dane,0.0010274170452178,en,scrubs
puerto,0.0010274170452178,en,scrubs
spiral,0.0010265937869382,en,scrubs
kissing,0.0010265937869382,en,scrubs
sammy,0.0010265937869382,en,scrubs
echo,0.0010259704325013,en,scrubs
boxer,0.0010259704325013,en,scrubs
locate,0.0010254076955578,en,scrubs
device,0.0010254076955578,en,scrubs
appropriate,0.0010254076955578,en,scrubs
shaq,0.0010230650033787,en,scrubs
happend,0.0010230650033787,en,scrubs
doh,0.0010230650033787,en,scrubs
bla,0.0010230650033787,en,scrubs
appendicitis,0.0010230650033787,en,scrubs
handsy,0.0010230650033787,en,scrubs
vena,0.0010230650033787,en,scrubs
chew,0.0010224713651232,en,scrubs
flesh,0.0010222906864315,en,scrubs
appointment,0.0010222906864315,en,scrubs
talented,0.0010221792676892,en,scrubs
laptop,0.0010221792676892,en,scrubs
threaten,0.0010216900516143,en,scrubs
approach,0.0010216900516143,en,scrubs
brush,0.0010169634805521,en,scrubs
twist,0.0010169634805521,en,scrubs
ouch,0.0010160498071289,en,scrubs
rum,0.0010154329058967,en,scrubs
nursery,0.0010154329058967,en,scrubs
overwhelmed,0.0010154329058967,en,scrubs
trainer,0.0010154329058967,en,scrubs
chap,0.0010149345853705,en,scrubs
jacket,0.0010140393101679,en,scrubs
degree,0.0010140393101679,en,scrubs
aggressive,0.0010137835000251,en,scrubs
sight,0.0010135250094003,en,scrubs
production,0.001013047856481,en,scrubs
femoral,0.0010097201680236,en,scrubs
brent,0.0010097201680236,en,scrubs
pooper,0.0010097201680236,en,scrubs
peripheral,0.0010097201680236,en,scrubs
harp,0.0010097201680236,en,scrubs
regress,0.0010097201680236,en,scrubs
rican,0.0010097201680236,en,scrubs
possum,0.0010097201680236,en,scrubs
ocean,0.0010086076882703,en,scrubs
midnight,0.0010086076882703,en,scrubs
teaching,0.001006295922873,en,scrubs
sticky,0.001006295922873,en,scrubs
incoming,0.001006295922873,en,scrubs
harassment,0.001006295922873,en,scrubs
meal,0.0010058654127595,en,scrubs
wood,0.0010058654127595,en,scrubs
arrive,0.0010054300542499,en,scrubs
top,0.0010051984523129,en,scrubs
breathing,0.0010051984523129,en,scrubs
phase,0.0010051984523129,en,scrubs
charlie,0.0010051984523129,en,scrubs
pulse,0.0010051984523129,en,scrubs
expectation,0.0010051984523129,en,scrubs
yelling,0.0010045120625082,en,scrubs
suspension,0.0010045120625082,en,scrubs
faculty,0.0010045120625082,en,scrubs
coaster,0.0010045120625082,en,scrubs
picnic,0.001004042399794,en,scrubs
soap,0.001004042399794,en,scrubs
shatter,0.001004042399794,en,scrubs
synch,0.0010019408789937,en,scrubs
quickie,0.0010019408789937,en,scrubs
adio,0.0010019408789937,en,scrubs
plastic,0.0010003384860674,en,scrubs
attach,0.0010003384860674,en,scrubs
crawl,0.0009977675527079,en,scrubs
diamond,0.0009967138168184,en,scrubs
pause,0.0009967032672477,en,scrubs
lamp,0.0009967032672477,en,scrubs
regardless,0.0009967032672477,en,scrubs
lounge,0.0009967032672477,en,scrubs
disdain,0.0009954087316514,en,scrubs
slag,0.0009954087316514,en,scrubs
nametag,0.0009954087316514,en,scrubs
myer,0.0009954087316514,en,scrubs
bucket,0.0009951594701335,en,scrubs
flake,0.0009938211487797,en,scrubs
bonnie,0.0009928467055588,en,scrubs
tammy,0.0009928467055588,en,scrubs
giddy,0.0009928467055588,en,scrubs
reno,0.0009928467055588,en,scrubs
disaster,0.0009921540976895,en,scrubs
uniform,0.0009921540976895,en,scrubs
disturb,0.0009921540976895,en,scrubs
slutty,0.0009893238553224,en,scrubs
insignificant,0.0009893238553224,en,scrubs
kicker,0.0009893238553224,en,scrubs
gibberish,0.0009893238553224,en,scrubs
intercourse,0.0009893238553224,en,scrubs
drawer,0.0009883272717932,en,scrubs
dancing,0.0009883272717932,en,scrubs
irrelevant,0.0009872665966931,en,scrubs
chin,0.0009863957780331,en,scrubs
tuesday,0.0009833506820465,en,scrubs
prescribe,0.0009833506820465,en,scrubs
back,0.0009817943765159,en,scrubs
sacrifice,0.0009817943765159,en,scrubs
strength,0.0009817943765159,en,scrubs
potential,0.0009817943765159,en,scrubs
bomb,0.0009817943765159,en,scrubs
pray,0.0009817943765159,en,scrubs
region,0.0009779809193622,en,scrubs
gossip,0.0009779809193622,en,scrubs
hum,0.0009779809193622,en,scrubs
maker,0.0009777481647416,en,scrubs
theater,0.0009777481647416,en,scrubs
lion,0.0009777481647416,en,scrubs
anatomy,0.0009770622884606,en,scrubs
classical,0.0009770622884606,en,scrubs
bling,0.0009767234275031,en,scrubs
invasive,0.0009767234275031,en,scrubs
shortcoming,0.0009767234275031,en,scrubs
cocoon,0.0009767234275031,en,scrubs
hardly,0.0009739163709113,en,scrubs
particular,0.0009739163709113,en,scrubs
concern,0.0009737276914454,en,scrubs
mental,0.0009718395605913,en,scrubs
banjo,0.0009701605337115,en,scrubs
darryl,0.0009701605337115,en,scrubs
argon,0.0009701605337115,en,scrubs
janitorial,0.0009701605337115,en,scrubs
larkin,0.0009701605337115,en,scrubs
cervix,0.0009701605337115,en,scrubs
breastfeed,0.0009701605337115,en,scrubs
teenage,0.0009692135953874,en,scrubs
vow,0.0009692135953874,en,scrubs
counselor,0.0009688414792633,en,scrubs
martini,0.0009688414792633,en,scrubs
sheet,0.0009680928515394,en,scrubs
percival,0.000966709656337,en,scrubs
hetero,0.000966709656337,en,scrubs
acetaminophen,0.000966709656337,en,scrubs
schwe,0.000966709656337,en,scrubs
nipper,0.000966709656337,en,scrubs
thatta,0.000966709656337,en,scrubs
splotchy,0.000966709656337,en,scrubs
embarassing,0.000966709656337,en,scrubs
unfortunatly,0.000966709656337,en,scrubs
smitten,0.000966709656337,en,scrubs
puh,0.000966709656337,en,scrubs
areola,0.000966709656337,en,scrubs
plate,0.000966109021017,en,scrubs
field,0.000966109021017,en,scrubs
spare,0.000966109021017,en,scrubs
living,0.000966109021017,en,scrubs
benjamin,0.0009651366975623,en,scrubs
edgy,0.0009651366975623,en,scrubs
cheeseburger,0.0009651366975623,en,scrubs
hick,0.0009651366975623,en,scrubs
iron,0.0009637341347578,en,scrubs
creepy,0.0009637341347578,en,scrubs
frequent,0.0009630359873093,en,scrubs
abort,0.0009630359873093,en,scrubs
horny,0.0009630359873093,en,scrubs
lester,0.0009612864581339,en,scrubs
mouthful,0.0009612864581339,en,scrubs
rob,0.0009602310059596,en,scrubs
spill,0.0009602310059596,en,scrubs
practically,0.0009602310059596,en,scrubs
commit,0.0009583710707063,en,scrubs
bill,0.0009583710707063,en,scrubs
prison,0.0009583710707063,en,scrubs
fifth,0.0009557182734735,en,scrubs
colour,0.0009535291606343,en,scrubs
foreplay,0.0009535291606343,en,scrubs
tack,0.0009535291606343,en,scrubs
parenting,0.0009535291606343,en,scrubs
choir,0.0009531754901936,en,scrubs
lump,0.0009531754901936,en,scrubs
disorder,0.0009524720304459,en,scrubs
burger,0.0009524720304459,en,scrubs
nuts,0.000952445862535,en,scrubs
squeeze,0.000952445862535,en,scrubs
jungle,0.0009509833794185,en,scrubs
buckle,0.0009509833794185,en,scrubs
communicate,0.0009477900189842,en,scrubs
pro,0.0009477900189842,en,scrubs
cervical,0.0009469344430909,en,scrubs
chet,0.0009469344430909,en,scrubs
picker,0.0009469344430909,en,scrubs
gunner,0.0009469344430909,en,scrubs
ibuprofen,0.0009469344430909,en,scrubs
clavicle,0.0009469344430909,en,scrubs
calligraphy,0.0009469344430909,en,scrubs
bulldog,0.0009464797478851,en,scrubs
distract,0.0009447359390635,en,scrubs
channel,0.0009447359390635,en,scrubs
torch,0.0009442595289722,en,scrubs
inner,0.0009442595289722,en,scrubs
slave,0.0009442595289722,en,scrubs
automatically,0.000943502823539,en,scrubs
concerned,0.0009430985091824,en,scrubs
freaky,0.0009422562607949,en,scrubs
comin,0.0009422562607949,en,scrubs
virus,0.0009422562607949,en,scrubs
mobile,0.0009422562607949,en,scrubs
kisser,0.0009422231525297,en,scrubs
gardener,0.0009422231525297,en,scrubs
babble,0.0009422231525297,en,scrubs
brunch,0.0009422231525297,en,scrubs
trunk,0.0009399474770329,en,scrubs
metal,0.0009399474770329,en,scrubs
slam,0.0009399474770329,en,scrubs
leak,0.0009399474770329,en,scrubs
retire,0.0009399474770329,en,scrubs
rack,0.0009361490487908,en,scrubs
halloween,0.0009340109650207,en,scrubs
pharmacy,0.0009340109650207,en,scrubs
lookin,0.0009336584375828,en,scrubs
dole,0.0009322538448581,en,scrubs
hypocrisy,0.0009322538448581,en,scrubs
vomiting,0.0009322538448581,en,scrubs
review,0.0009321888141435,en,scrubs
cone,0.0009312034034548,en,scrubs
insecurity,0.0009312034034548,en,scrubs
george,0.0009312034034548,en,scrubs
bead,0.0009312034034548,en,scrubs
devour,0.0009312034034548,en,scrubs
unexpected,0.0009281380862163,en,scrubs
bean,0.0009281380862163,en,scrubs
court,0.000928089280846,en,scrubs
sanford,0.0009254304419522,en,scrubs
lyle,0.0009254304419522,en,scrubs
tiki,0.0009254304419522,en,scrubs
pap,0.0009254304419522,en,scrubs
relentlessly,0.0009254304419522,en,scrubs
fornicate,0.0009254304419522,en,scrubs
bustin,0.0009254304419522,en,scrubs
lemme,0.0009254304419522,en,scrubs
cosy,0.0009254304419522,en,scrubs
pony,0.0009251861345295,en,scrubs
cue,0.0009251861345295,en,scrubs
autopsy,0.0009251861345295,en,scrubs
dynamic,0.0009246932789087,en,scrubs
fianc,0.0009246932789087,en,scrubs
amy,0.0009246932789087,en,scrubs
semester,0.0009246932789087,en,scrubs
psychotic,0.0009246932789087,en,scrubs
reverse,0.0009245122550473,en,scrubs
fund,0.0009245122550473,en,scrubs
massive,0.0009245122550473,en,scrubs
average,0.0009245122550473,en,scrubs
seek,0.0009220432950296,en,scrubs
milligram,0.0009204557749508,en,scrubs
raw,0.0009202242286109,en,scrubs
fighting,0.0009202242286109,en,scrubs
suite,0.0009202242286109,en,scrubs
barb,0.000918564898306,en,scrubs
five,0.000918564898306,en,scrubs
philip,0.000918564898306,en,scrubs
pancreatitis,0.0009181472779373,en,scrubs
hella,0.0009181472779373,en,scrubs
fraidy,0.0009181472779373,en,scrubs
tonka,0.0009181472779373,en,scrubs
wolfman,0.0009181472779373,en,scrubs
waster,0.0009181472779373,en,scrubs
irv,0.0009181472779373,en,scrubs
sooo,0.0009181472779373,en,scrubs
rickle,0.0009181472779373,en,scrubs
acapulco,0.0009181472779373,en,scrubs
springy,0.0009181472779373,en,scrubs
unintelligible,0.0009181472779373,en,scrubs
alway,0.0009181472779373,en,scrubs
tootie,0.0009181472779373,en,scrubs
giblet,0.0009181472779373,en,scrubs
boondoggle,0.0009181472779373,en,scrubs
emotionless,0.0009181472779373,en,scrubs
resection,0.0009181472779373,en,scrubs
josephine,0.0009181472779373,en,scrubs
doughy,0.0009181472779373,en,scrubs
fiancé,0.0009181472779373,en,scrubs
battery,0.0009169160802457,en,scrubs
fabulous,0.0009168357393544,en,scrubs
strawberry,0.0009168357393544,en,scrubs
ding,0.0009168357393544,en,scrubs
spider,0.0009168357393544,en,scrubs
advisor,0.0009155434882009,en,scrubs
occasional,0.0009155434882009,en,scrubs
cartoon,0.0009155434882009,en,scrubs
embrace,0.0009124051500226,en,scrubs
photography,0.0009099671508217,en,scrubs
swan,0.0009099671508217,en,scrubs
function,0.0009093986236976,en,scrubs
timing,0.0009093986236976,en,scrubs
climb,0.0009093986236976,en,scrubs
trail,0.0009093986236976,en,scrubs
arrogant,0.0009086037935015,en,scrubs
surf,0.0009065556492233,en,scrubs
frustrating,0.0009065556492233,en,scrubs
bravo,0.0009065556492233,en,scrubs
exist,0.0009060497826962,en,scrubs
caw,0.0009054106958453,en,scrubs
ramon,0.0009054106958453,en,scrubs
crackin,0.0009054106958453,en,scrubs
ama,0.0009054106958453,en,scrubs
manure,0.0009054106958453,en,scrubs
munch,0.0009054106958453,en,scrubs
misdiagnose,0.0009054106958453,en,scrubs
beaker,0.0009054106958453,en,scrubs
anorexic,0.0009054106958453,en,scrubs
pear,0.0009053738434348,en,scrubs
freshly,0.0009053738434348,en,scrubs
sizzle,0.0009053738434348,en,scrubs
scorn,0.0009053738434348,en,scrubs
corpse,0.0009046786070816,en,scrubs
rank,0.0009046786070816,en,scrubs
potato,0.0009046786070816,en,scrubs
rabbit,0.0009046786070816,en,scrubs
repair,0.0009046786070816,en,scrubs
boom,0.0009019582706268,en,scrubs
bind,0.0009019582706268,en,scrubs
anytime,0.0009019582706268,en,scrubs
blond,0.0009004869835387,en,scrubs
operation,0.0008999781784729,en,scrubs
cooper,0.0008997253408976,en,scrubs
valve,0.0008997253408976,en,scrubs
pork,0.0008977241284386,en,scrubs
tommy,0.0008977241284386,en,scrubs
rhyme,0.0008977241284386,en,scrubs
prop,0.0008977241284386,en,scrubs
hoop,0.0008977241284386,en,scrubs
collapse,0.0008970424351365,en,scrubs
adjust,0.0008970424351365,en,scrubs
deck,0.0008970424351365,en,scrubs
famous,0.0008945934554397,en,scrubs
demand,0.0008927566733354,en,scrubs
refuse,0.0008927566733354,en,scrubs
gel,0.0008926457293188,en,scrubs
josh,0.0008926457293188,en,scrubs
dandy,0.0008926457293188,en,scrubs
potty,0.0008926457293188,en,scrubs
seagull,0.0008926457293188,en,scrubs
bracelet,0.0008924821331503,en,scrubs
staple,0.0008897189958639,en,scrubs
latch,0.0008897189958639,en,scrubs
competition,0.0008894945446139,en,scrubs
inspire,0.0008894945446139,en,scrubs
pose,0.0008894945446139,en,scrubs
shrimp,0.0008890435812378,en,scrubs
garage,0.0008873026597481,en,scrubs
sudden,0.0008873026597481,en,scrubs
siamese,0.0008866834740405,en,scrubs
rhonda,0.0008866834740405,en,scrubs
gravel,0.0008866834740405,en,scrubs
chunky,0.0008866834740405,en,scrubs
goner,0.0008866834740405,en,scrubs
ticker,0.0008866834740405,en,scrubs
minty,0.0008866834740405,en,scrubs
gopher,0.0008866834740405,en,scrubs
faith,0.0008855999359322,en,scrubs
nature,0.0008855999359322,en,scrubs
approval,0.0008845861956742,en,scrubs
maintenance,0.0008845861956742,en,scrubs
forehead,0.0008845861956742,en,scrubs
proposal,0.0008845861956742,en,scrubs
internal,0.0008820329175859,en,scrubs
weigh,0.0008820329175859,en,scrubs
update,0.0008820329175859,en,scrubs
crank,0.0008805089325139,en,scrubs
toothbrush,0.0008805089325139,en,scrubs
butch,0.0008803491608011,en,scrubs
hen,0.0008803491608011,en,scrubs
coerce,0.0008803491608011,en,scrubs
recognise,0.0008803491608011,en,scrubs
transfusion,0.0008803491608011,en,scrubs
fritz,0.0008803491608011,en,scrubs
apply,0.0008785068148141,en,scrubs
akbar,0.0008784689256869,en,scrubs
sashay,0.0008784689256869,en,scrubs
shari,0.0008784689256869,en,scrubs
ovulation,0.0008784689256869,en,scrubs
coffe,0.0008784689256869,en,scrubs
moonlighting,0.0008784689256869,en,scrubs
kellerman,0.0008784689256869,en,scrubs
gallstone,0.0008784689256869,en,scrubs
whit,0.0008784689256869,en,scrubs
amen,0.0008784689256869,en,scrubs
garfunkel,0.0008784689256869,en,scrubs
funsie,0.0008784689256869,en,scrubs
embarasse,0.0008784689256869,en,scrubs
abg,0.0008784689256869,en,scrubs
clarissa,0.0008784689256869,en,scrubs
tambourine,0.0008784689256869,en,scrubs
sweetcheek,0.0008784689256869,en,scrubs
biddy,0.0008784689256869,en,scrubs
metastatic,0.0008784689256869,en,scrubs
poopie,0.0008784689256869,en,scrubs
miata,0.0008784689256869,en,scrubs
labradoodle,0.0008784689256869,en,scrubs
cummerbund,0.0008784689256869,en,scrubs
cycle,0.0008767962471406,en,scrubs
pole,0.0008767962471406,en,scrubs
magical,0.0008767962471406,en,scrubs
focused,0.0008767962471406,en,scrubs
lazy,0.0008767962471406,en,scrubs
nicely,0.0008746556045322,en,scrubs
harsh,0.0008746556045322,en,scrubs
modern,0.0008746556045322,en,scrubs
occur,0.000872937278145,en,scrubs
someplace,0.000872937278145,en,scrubs
river,0.000872937278145,en,scrubs
consciousness,0.0008721153588417,en,scrubs
rusty,0.0008721153588417,en,scrubs
drunken,0.0008721153588417,en,scrubs
giggle,0.0008721153588417,en,scrubs
streak,0.0008721153588417,en,scrubs
athlete,0.0008721153588417,en,scrubs
responsibility,0.0008714761889674,en,scrubs
irritate,0.0008703710621971,en,scrubs
woo,0.0008703710621971,en,scrubs
waist,0.0008703710621971,en,scrubs
porn,0.0008691094797703,en,scrubs
woof,0.0008690919532002,en,scrubs
hairless,0.0008690919532002,en,scrubs
tater,0.0008690919532002,en,scrubs
pesticide,0.0008690919532002,en,scrubs
innocuous,0.0008690919532002,en,scrubs
imperfection,0.0008690919532002,en,scrubs
peeve,0.0008690919532002,en,scrubs
mazel,0.0008690919532002,en,scrubs
anemic,0.0008690919532002,en,scrubs
shirtless,0.0008690919532002,en,scrubs
raccoon,0.0008684558319387,en,scrubs
simmon,0.0008684558319387,en,scrubs
carpool,0.0008684558319387,en,scrubs
jingle,0.0008684558319387,en,scrubs
shh,0.000867360721282,en,scrubs
alley,0.000867360721282,en,scrubs
downtown,0.000867360721282,en,scrubs
response,0.0008658598750318,en,scrubs
hobby,0.0008615231958999,en,scrubs
recorder,0.0008610103392927,en,scrubs
sneaky,0.0008610103392927,en,scrubs
rotation,0.0008610103392927,en,scrubs
touching,0.0008610103392927,en,scrubs
dangle,0.0008610103392927,en,scrubs
kevin,0.0008610103392927,en,scrubs
windshield,0.0008610103392927,en,scrubs
professor,0.0008601464461262,en,scrubs
shed,0.0008601464461262,en,scrubs
appearance,0.0008601464461262,en,scrubs
rescue,0.0008588508536941,en,scrubs
transfer,0.0008588508536941,en,scrubs
scene,0.0008575980848771,en,scrubs
desk,0.0008575980848771,en,scrubs
kudo,0.0008569401335451,en,scrubs
pineapple,0.0008569401335451,en,scrubs
ridiculously,0.0008569401335451,en,scrubs
genital,0.0008569401335451,en,scrubs
cougar,0.0008569401335451,en,scrubs
randall,0.0008569401335451,en,scrubs
mutter,0.0008569401335451,en,scrubs
oath,0.0008557333044419,en,scrubs
strap,0.0008540348022974,en,scrubs
prep,0.0008540348022974,en,scrubs
vest,0.0008540348022974,en,scrubs
sympathy,0.0008540348022974,en,scrubs
minor,0.0008530110170858,en,scrubs
dish,0.0008530110170858,en,scrubs
upside,0.0008530110170858,en,scrubs
nee,0.0008525062261782,en,scrubs
defibrillator,0.0008525062261782,en,scrubs
lymph,0.0008525062261782,en,scrubs
heartburn,0.0008525062261782,en,scrubs
best,0.0008525062261782,en,scrubs
smurf,0.0008525062261782,en,scrubs
feely,0.0008525062261782,en,scrubs
perm,0.0008525062261782,en,scrubs
expert,0.0008519089053596,en,scrubs
traffic,0.0008519089053596,en,scrubs
alice,0.000851846698954,en,scrubs
beginning,0.0008507485074422,en,scrubs
price,0.0008507485074422,en,scrubs
personally,0.0008507485074422,en,scrubs
understandable,0.0008477362943554,en,scrubs
denial,0.0008477362943554,en,scrubs
gently,0.0008477362943554,en,scrubs
jerry,0.0008477362943554,en,scrubs
punk,0.0008466418048408,en,scrubs
fascinating,0.0008459527293296,en,scrubs
wand,0.0008457788211421,en,scrubs
moaning,0.0008457788211421,en,scrubs
incident,0.0008450327584732,en,scrubs
require,0.0008450327584732,en,scrubs
ventriloquist,0.0008449213568675,en,scrubs
unmentionable,0.0008449213568675,en,scrubs
nicu,0.0008449213568675,en,scrubs
loneliest,0.0008449213568675,en,scrubs
extubate,0.0008449213568675,en,scrubs
ukulele,0.0008449213568675,en,scrubs
stunningly,0.0008449213568675,en,scrubs
lando,0.0008449213568675,en,scrubs
cava,0.0008449213568675,en,scrubs
tillman,0.0008449213568675,en,scrubs
marge,0.0008449213568675,en,scrubs
germaphobe,0.0008449213568675,en,scrubs
doogie,0.0008449213568675,en,scrubs
statistic,0.0008428720131827,en,scrubs
utter,0.0008428720131827,en,scrubs
amigo,0.0008428720131827,en,scrubs
protein,0.0008398632739277,en,scrubs
piano,0.0008398632739277,en,scrubs
grass,0.0008398632739277,en,scrubs
mentally,0.0008398632739277,en,scrubs
feather,0.0008398632739277,en,scrubs
fatal,0.0008398632739277,en,scrubs
grind,0.0008393418035309,en,scrubs
urge,0.0008393418035309,en,scrubs
plug,0.0008389699327291,en,scrubs
invent,0.0008389699327291,en,scrubs
pipe,0.0008389699327291,en,scrubs
blast,0.0008389699327291,en,scrubs
bread,0.0008389699327291,en,scrubs
knee,0.0008382211772996,en,scrubs
rhino,0.000836817474294,en,scrubs
exploratory,0.000836817474294,en,scrubs
chug,0.000836817474294,en,scrubs
webcam,0.000836817474294,en,scrubs
stinkin,0.000836817474294,en,scrubs
treadmill,0.000836817474294,en,scrubs
shorty,0.000836817474294,en,scrubs
arrhythmia,0.000836817474294,en,scrubs
chariot,0.000836817474294,en,scrubs
treatable,0.000836817474294,en,scrubs
camel,0.0008349507324947,en,scrubs
inhibitor,0.0008349507324947,en,scrubs
discomfort,0.0008349507324947,en,scrubs
hotshot,0.0008349507324947,en,scrubs
stereotype,0.0008349507324947,en,scrubs
robin,0.0008340786466555,en,scrubs
chalk,0.0008340786466555,en,scrubs
reception,0.0008321324878141,en,scrubs
pad,0.0008321324878141,en,scrubs
rubber,0.0008321324878141,en,scrubs
perspective,0.0008321324878141,en,scrubs
forest,0.0008321324878141,en,scrubs
examine,0.0008321324878141,en,scrubs
thoughtful,0.0008321104569912,en,scrubs
metaphor,0.0008321104569912,en,scrubs
poison,0.0008314729605899,en,scrubs
challenge,0.0008314729605899,en,scrubs
murder,0.0008305456341382,en,scrubs
operating,0.0008254594176936,en,scrubs
skate,0.0008254594176936,en,scrubs
bride,0.0008250116321923,en,scrubs
facial,0.0008244742281955,en,scrubs
mount,0.0008244742281955,en,scrubs
hormone,0.0008244742281955,en,scrubs
wool,0.000824436546102,en,scrubs
untouchable,0.000824436546102,en,scrubs
conditioner,0.000824436546102,en,scrubs
douche,0.000824436546102,en,scrubs
pretzel,0.000824436546102,en,scrubs
address,0.000823923431223,en,scrubs
dui,0.0008219336361743,en,scrubs
useless,0.0008184587613279,en,scrubs
specifically,0.0008184587613279,en,scrubs
rude,0.0008184587613279,en,scrubs
threat,0.0008181619804299,en,scrubs
master,0.0008181619804299,en,scrubs
cranky,0.0008170075630231,en,scrubs
heck,0.0008169511328849,en,scrubs
wha,0.0008169511328849,en,scrubs
inject,0.0008169511328849,en,scrubs
campus,0.0008169511328849,en,scrubs
satisfy,0.0008169511328849,en,scrubs
fremont,0.0008158611309337,en,scrubs
bidet,0.0008158611309337,en,scrubs
bullseye,0.0008158611309337,en,scrubs
bartend,0.0008158611309337,en,scrubs
analgesic,0.0008158611309337,en,scrubs
gruff,0.0008158611309337,en,scrubs
schneider,0.0008158611309337,en,scrubs
mannish,0.0008158611309337,en,scrubs
whassup,0.0008158611309337,en,scrubs
crick,0.0008158611309337,en,scrubs
okie,0.0008158611309337,en,scrubs
stringent,0.0008158611309337,en,scrubs
potpourri,0.0008158611309337,en,scrubs
fem,0.0008158611309337,en,scrubs
rerun,0.0008142185737172,en,scrubs
grandkid,0.0008142185737172,en,scrubs
mustache,0.0008142185737172,en,scrubs
bumper,0.0008142185737172,en,scrubs
pow,0.0008142185737172,en,scrubs
scoot,0.0008142185737172,en,scrubs
granny,0.0008142185737172,en,scrubs
finale,0.0008142185737172,en,scrubs
butler,0.0008142185737172,en,scrubs
shocker,0.0008142185737172,en,scrubs
stair,0.0008117624435642,en,scrubs
someday,0.0008117624435642,en,scrubs
local,0.0008115969757594,en,scrubs
harm,0.0008115969757594,en,scrubs
quietly,0.0008110268000201,en,scrubs
scenario,0.0008110268000201,en,scrubs
behalf,0.0008110268000201,en,scrubs
pit,0.0008110268000201,en,scrubs
disappear,0.0008108416485476,en,scrubs
sadly,0.0008095378677133,en,scrubs
suitcase,0.0008095378677133,en,scrubs
siren,0.0008095378677133,en,scrubs
independent,0.0008095378677133,en,scrubs
pep,0.0008087167058905,en,scrubs
hybrid,0.0008087167058905,en,scrubs
malignant,0.0008077761344189,en,scrubs
inoperable,0.0008077761344189,en,scrubs
aorta,0.0008077761344189,en,scrubs
backbone,0.0008077761344189,en,scrubs
goofy,0.0008077761344189,en,scrubs
collage,0.0008077761344189,en,scrubs
trish,0.0008077761344189,en,scrubs
arnold,0.0008077761344189,en,scrubs
beeping,0.0008077761344189,en,scrubs
mortify,0.0008077761344189,en,scrubs
belt,0.0008051341098957,en,scrubs
attract,0.0008051341098957,en,scrubs
powerful,0.0008050908508475,en,scrubs
crowd,0.0008050908508475,en,scrubs
cuckoo,0.0008042805813019,en,scrubs
criticism,0.0008042805813019,en,scrubs
sucker,0.0008041587618503,en,scrubs
junk,0.0008041587618503,en,scrubs
forth,0.0008041587618503,en,scrubs
forgot,0.0008041587618503,en,scrubs
radar,0.0008041587618503,en,scrubs
mouse,0.0008041587618503,en,scrubs
sleeve,0.0008022312719351,en,scrubs
razor,0.0008022312719351,en,scrubs
vegas,0.0008022312719351,en,scrubs
sincere,0.0008005808271606,en,scrubs
sleepy,0.0008005808271606,en,scrubs
crunch,0.0008005808271606,en,scrubs
market,0.0007986425589219,en,scrubs
suspect,0.0007986425589219,en,scrubs
program,0.0007986425589219,en,scrubs
resist,0.0007985723937733,en,scrubs
tend,0.0007985723937733,en,scrubs
stab,0.0007985723937733,en,scrubs
meantime,0.0007985723937733,en,scrubs
stole,0.0007973710534547,en,scrubs
smoking,0.0007973710534547,en,scrubs
grace,0.0007973710534547,en,scrubs
discount,0.0007950283193138,en,scrubs
terrified,0.0007950283193138,en,scrubs
ironic,0.0007950283193138,en,scrubs
lance,0.0007946076338619,en,scrubs
eater,0.0007946076338619,en,scrubs
dresser,0.0007946076338619,en,scrubs
painfully,0.0007946076338619,en,scrubs
fyi,0.0007946076338619,en,scrubs
jennifer,0.0007946076338619,en,scrubs
latex,0.000794277364447,en,scrubs
tidbit,0.000794277364447,en,scrubs
umbilical,0.000794277364447,en,scrubs
gall,0.000794277364447,en,scrubs
frustrated,0.0007925942390646,en,scrubs
daisy,0.0007925942390646,en,scrubs
leadership,0.0007925942390646,en,scrubs
germ,0.0007925942390646,en,scrubs
edge,0.0007922510808795,en,scrubs
habit,0.0007920759694413,en,scrubs
president,0.0007920759694413,en,scrubs
recent,0.0007920759694413,en,scrubs
forbid,0.0007906618174346,en,scrubs
triple,0.0007906618174346,en,scrubs
rage,0.0007906618174346,en,scrubs
buttery,0.0007902281950369,en,scrubs
benzo,0.0007902281950369,en,scrubs
flapjack,0.0007902281950369,en,scrubs
betsy,0.0007902281950369,en,scrubs
custodian,0.0007902281950369,en,scrubs
cleanser,0.0007902281950369,en,scrubs
keister,0.0007902281950369,en,scrubs
brah,0.0007902281950369,en,scrubs
infarction,0.0007902281950369,en,scrubs
devin,0.0007902281950369,en,scrubs
fizzle,0.0007902281950369,en,scrubs
assface,0.0007902281950369,en,scrubs
tylenol,0.0007902281950369,en,scrubs
physique,0.0007902281950369,en,scrubs
blair,0.0007902281950369,en,scrubs
crushed,0.0007902281950369,en,scrubs
ritual,0.0007879261105963,en,scrubs
prince,0.0007879261105963,en,scrubs
claw,0.0007879261105963,en,scrubs
bacon,0.0007879261105963,en,scrubs
endless,0.0007879261105963,en,scrubs
bridge,0.0007856435503305,en,scrubs
brilliant,0.0007856435503305,en,scrubs
crow,0.0007851859604414,en,scrubs
unprofessional,0.0007851859604414,en,scrubs
shoulda,0.0007851859604414,en,scrubs
conditioning,0.0007847515613151,en,scrubs
condom,0.0007847515613151,en,scrubs
heroin,0.0007847515613151,en,scrubs
combination,0.0007840292600764,en,scrubs
laughing,0.0007813787420025,en,scrubs
whitney,0.0007813787420025,en,scrubs
dew,0.0007813787420025,en,scrubs
eavesdropping,0.0007813787420025,en,scrubs
tanner,0.0007813787420025,en,scrubs
silverware,0.0007813787420025,en,scrubs
gizmo,0.0007813787420025,en,scrubs
fondle,0.0007813787420025,en,scrubs
golly,0.0007813787420025,en,scrubs
silently,0.0007813787420025,en,scrubs
lease,0.0007809218665065,en,scrubs
bent,0.0007809218665065,en,scrubs
singing,0.0007809218665065,en,scrubs
opposite,0.0007792738875286,en,scrubs
package,0.0007792738875286,en,scrubs
jeez,0.000777471648473,en,scrubs
reassure,0.0007770476993343,en,scrubs
drape,0.0007760028362123,en,scrubs
neil,0.0007760028362123,en,scrubs
ale,0.0007760028362123,en,scrubs
reconsider,0.000774012921215,en,scrubs
police,0.0007734077340384,en,scrubs
explanation,0.0007729657683247,en,scrubs
reality,0.0007729657683247,en,scrubs
skull,0.0007709873078063,en,scrubs
bull,0.0007709873078063,en,scrubs
era,0.000769477824376,en,scrubs
flyer,0.000769477824376,en,scrubs
partial,0.000769477824376,en,scrubs
fuck,0.0007690291665071,en,scrubs
herpe,0.0007690291665071,en,scrubs
hiya,0.0007690291665071,en,scrubs
penicillin,0.0007690291665071,en,scrubs
dome,0.0007690291665071,en,scrubs
valium,0.0007690291665071,en,scrubs
nightly,0.0007690291665071,en,scrubs
tov,0.0007690291665071,en,scrubs
brachial,0.000767298752534,en,scrubs
tort,0.000767298752534,en,scrubs
honky,0.000767298752534,en,scrubs
leakage,0.000767298752534,en,scrubs
hos,0.000767298752534,en,scrubs
bobble,0.000767298752534,en,scrubs
poopy,0.000767298752534,en,scrubs
tighty,0.000767298752534,en,scrubs
dempsey,0.000767298752534,en,scrubs
pitcher,0.0007670464791257,en,scrubs
sneaker,0.0007670464791257,en,scrubs
virginity,0.0007670464791257,en,scrubs
dosage,0.0007670464791257,en,scrubs
science,0.0007667180148236,en,scrubs
multiple,0.0007645746187788,en,scrubs
got,0.0007645746187788,en,scrubs
sexually,0.0007620373553466,en,scrubs
rice,0.0007620373553466,en,scrubs
dozen,0.0007605294826259,en,scrubs
promotion,0.000760470794799,en,scrubs
intimate,0.000760470794799,en,scrubs
linen,0.0007583059590181,en,scrubs
fling,0.0007583059590181,en,scrubs
farm,0.0007582320151873,en,scrubs
hanson,0.000757183798308,en,scrubs
rumour,0.000757183798308,en,scrubs
skanky,0.000757183798308,en,scrubs
botox,0.000757183798308,en,scrubs
indistinctly,0.000757183798308,en,scrubs
nasal,0.000757183798308,en,scrubs
prosthetic,0.000757183798308,en,scrubs
crave,0.0007547219421547,en,scrubs
microwave,0.0007547219421547,en,scrubs
expensive,0.0007543990595696,en,scrubs
vote,0.0007543990595696,en,scrubs
ink,0.0007538327964124,en,scrubs
violate,0.0007538327964124,en,scrubs
soak,0.0007538327964124,en,scrubs
crisis,0.0007519579816263,en,scrubs
chinese,0.0007519579816263,en,scrubs
sand,0.0007519579816263,en,scrubs
valentine,0.0007497711174147,en,scrubs
slick,0.0007497711174147,en,scrubs
skilled,0.0007497711174147,en,scrubs
paw,0.0007497711174147,en,scrubs
broken,0.0007483256645309,en,scrubs
rep,0.0007475274504357,en,scrubs
sane,0.0007475274504357,en,scrubs
moan,0.0007475274504357,en,scrubs
spine,0.0007475274504357,en,scrubs
elaborate,0.0007475274504357,en,scrubs
eighth,0.0007475274504357,en,scrubs
tray,0.0007475274504357,en,scrubs
bark,0.0007472804520102,en,scrubs
starsky,0.0007465565487386,en,scrubs
protg,0.0007465565487386,en,scrubs
hamstring,0.0007465565487386,en,scrubs
sugary,0.0007465565487386,en,scrubs
staring,0.0007465565487386,en,scrubs
plunder,0.0007465565487386,en,scrubs
firefly,0.0007465565487386,en,scrubs
narrate,0.0007465565487386,en,scrubs
zinger,0.0007465565487386,en,scrubs
switching,0.0007465565487386,en,scrubs
haha,0.0007465565487386,en,scrubs
yucky,0.0007465565487386,en,scrubs
kimmy,0.0007465565487386,en,scrubs
glaucoma,0.0007465565487386,en,scrubs
hulk,0.0007458030758865,en,scrubs
snip,0.0007458030758865,en,scrubs
filling,0.0007458030758865,en,scrubs
urinate,0.0007458030758865,en,scrubs
oprah,0.0007458030758865,en,scrubs
oncologist,0.0007458030758865,en,scrubs
glide,0.0007458030758865,en,scrubs
sinus,0.0007458030758865,en,scrubs
wednesday,0.0007458030758865,en,scrubs
groin,0.0007458030758865,en,scrubs
forbidden,0.0007458030758865,en,scrubs
hobo,0.0007458030758865,en,scrubs
scroll,0.0007458030758865,en,scrubs
disagree,0.0007457510513148,en,scrubs
establish,0.0007457510513148,en,scrubs
invitation,0.0007457510513148,en,scrubs
reveal,0.0007457510513148,en,scrubs
rayray,0.0007450387878268,en,scrubs
boobtown,0.0007450387878268,en,scrubs
wheter,0.0007450387878268,en,scrubs
immonna,0.0007450387878268,en,scrubs
johndorian,0.0007450387878268,en,scrubs
brrrlllppp,0.0007450387878268,en,scrubs
pascade,0.0007450387878268,en,scrubs
turkleberry,0.0007450387878268,en,scrubs
gilfriend,0.0007450387878268,en,scrubs
banga,0.0007450387878268,en,scrubs
prowdy,0.0007450387878268,en,scrubs
splatte,0.0007450387878268,en,scrubs
shinski,0.0007450387878268,en,scrubs
mizzle,0.0007450387878268,en,scrubs
orthodontry,0.0007450387878268,en,scrubs
boing,0.0007450387878268,en,scrubs
scuffing,0.0007450387878268,en,scrubs
disopyramide,0.0007450387878268,en,scrubs
emotionaly,0.0007450387878268,en,scrubs
bagingo,0.0007450387878268,en,scrubs
wheew,0.0007450387878268,en,scrubs
rolos,0.0007450387878268,en,scrubs
smokachino,0.0007450387878268,en,scrubs
shtoope,0.0007450387878268,en,scrubs
optimus,0.0007450387878268,en,scrubs
lizzle,0.0007450387878268,en,scrubs
duodenojejunostomy,0.0007450387878268,en,scrubs
hotbutt,0.0007450387878268,en,scrubs
yessir,0.0007450387878268,en,scrubs
winnerback,0.0007450387878268,en,scrubs
pizzle,0.0007450387878268,en,scrubs
heah,0.0007450387878268,en,scrubs
smurferation,0.0007450387878268,en,scrubs
transcutaneous,0.0007450387878268,en,scrubs
caining,0.0007450387878268,en,scrubs
happie,0.0007450387878268,en,scrubs
dain,0.0007450387878268,en,scrubs
updoc,0.0007450387878268,en,scrubs
boberman,0.0007450387878268,en,scrubs
aaaand,0.0007450387878268,en,scrubs
leeve,0.0007450387878268,en,scrubs
oooog,0.0007450387878268,en,scrubs
fuquan,0.0007450387878268,en,scrubs
heeee,0.0007450387878268,en,scrubs
anjadi,0.0007450387878268,en,scrubs
morado,0.0007450387878268,en,scrubs
soooo,0.0007450387878268,en,scrubs
glornack,0.0007450387878268,en,scrubs
splitsie,0.0007450387878268,en,scrubs
jomoker,0.0007450387878268,en,scrubs
crasy,0.0007450387878268,en,scrubs
inotrope,0.0007450387878268,en,scrubs
deadsie,0.0007450387878268,en,scrubs
thyrotoxicosis,0.0007450387878268,en,scrubs
fouf,0.0007450387878268,en,scrubs
shadaisy,0.0007450387878268,en,scrubs
yaba,0.0007450387878268,en,scrubs
topper,0.0007450387878268,en,scrubs
thyroidectomy,0.0007450387878268,en,scrubs
michead,0.0007450387878268,en,scrubs
puki,0.0007450387878268,en,scrubs
crazier,0.0007450387878268,en,scrubs
aaaanywheeeere,0.0007450387878268,en,scrubs
arboreal,0.0007450387878268,en,scrubs
aetiology,0.0007450387878268,en,scrubs
sebmov,0.0007450387878268,en,scrubs
murse,0.0007450387878268,en,scrubs
sthweat,0.0007450387878268,en,scrubs
simota,0.0007450387878268,en,scrubs
meningococcus,0.0007450387878268,en,scrubs
hypoglycaemic,0.0007450387878268,en,scrubs
transvenous,0.0007450387878268,en,scrubs
solumedrol,0.0007450387878268,en,scrubs
bonefishe,0.0007450387878268,en,scrubs
clarabelle,0.0007450387878268,en,scrubs
claudication,0.0007450387878268,en,scrubs
gallin,0.0007450387878268,en,scrubs
doctory,0.0007450387878268,en,scrubs
tenen,0.0007450387878268,en,scrubs
maroney,0.0007450387878268,en,scrubs
jambo,0.0007450387878268,en,scrubs
skeech,0.0007450387878268,en,scrubs
seldinger,0.0007450387878268,en,scrubs
bengay,0.0007450387878268,en,scrubs
dolenz,0.0007450387878268,en,scrubs
scattergorie,0.0007450387878268,en,scrubs
suffin,0.0007450387878268,en,scrubs
chubster,0.0007450387878268,en,scrubs
betablocker,0.0007450387878268,en,scrubs
baclofen,0.0007450387878268,en,scrubs
sonia,0.0007450387878268,en,scrubs
johann,0.0007450387878268,en,scrubs
plomox,0.0007450387878268,en,scrubs
turla,0.0007450387878268,en,scrubs
heartia,0.0007450387878268,en,scrubs
cholecystis,0.0007450387878268,en,scrubs
envolve,0.0007450387878268,en,scrubs
daaaamn,0.0007450387878268,en,scrubs
nanu,0.0007450387878268,en,scrubs
pigwhore,0.0007450387878268,en,scrubs
fuggly,0.0007450387878268,en,scrubs
scorehair,0.0007450387878268,en,scrubs
shalhoub,0.0007450387878268,en,scrubs
prealbumine,0.0007450387878268,en,scrubs
grillface,0.0007450387878268,en,scrubs
moppy,0.0007450387878268,en,scrubs
hotneck,0.0007450387878268,en,scrubs
anithing,0.0007450387878268,en,scrubs
daaamn,0.0007450387878268,en,scrubs
vasque,0.0007450387878268,en,scrubs
peptalk,0.0007450387878268,en,scrubs
audiologist,0.0007450387878268,en,scrubs
epiode,0.0007450387878268,en,scrubs
coclear,0.0007450387878268,en,scrubs
hengelberger,0.0007450387878268,en,scrubs
heater,0.0007414324965532,en,scrubs
smoker,0.0007414324965532,en,scrubs
depressing,0.0007414324965532,en,scrubs
rating,0.0007414324965532,en,scrubs
boil,0.0007408115792357,en,scrubs
backwards,0.0007408115792357,en,scrubs
unnecessary,0.0007404499475198,en,scrubs
pissed,0.0007404499475198,en,scrubs
rumor,0.0007396098040379,en,scrubs
increase,0.0007396098040379,en,scrubs
badge,0.0007396098040379,en,scrubs
accomplish,0.0007396098040379,en,scrubs
specific,0.0007363457823869,en,scrubs
abandon,0.0007363457823869,en,scrubs
bureaucratic,0.0007348519186448,en,scrubs
barber,0.0007348519186448,en,scrubs
fig,0.0007348519186448,en,scrubs
optional,0.0007348519186448,en,scrubs
peppermint,0.0007348519186448,en,scrubs
hypnotize,0.0007348519186448,en,scrubs
laker,0.0007348519186448,en,scrubs
gray,0.0007344240780895,en,scrubs
nonsense,0.0007344240780895,en,scrubs
english,0.0007335328641966,en,scrubs
cap,0.0007335328641966,en,scrubs
express,0.0007335328641966,en,scrubs
bedtime,0.0007334856895216,en,scrubs
itch,0.0007334856895216,en,scrubs
allergy,0.0007334856895216,en,scrubs
disregard,0.0007332812763844,en,scrubs
pajama,0.0007332812763844,en,scrubs
biggie,0.0007332812763844,en,scrubs
roughly,0.0007332812763844,en,scrubs
exceptional,0.0007332812763844,en,scrubs
wild,0.0007304372781835,en,scrubs
commercial,0.0007281159268373,en,scrubs
hood,0.0007281159268373,en,scrubs
vodka,0.0007281159268373,en,scrubs
display,0.0007281159268373,en,scrubs
swish,0.0007276204002836,en,scrubs
whipping,0.0007276204002836,en,scrubs
dilly,0.0007276204002836,en,scrubs
britche,0.0007276204002836,en,scrubs
jellyfish,0.0007276204002836,en,scrubs
tabasco,0.0007276204002836,en,scrubs
christening,0.0007276204002836,en,scrubs
underprivileged,0.0007276204002836,en,scrubs
lillian,0.0007276204002836,en,scrubs
familial,0.0007276204002836,en,scrubs
systolic,0.0007276204002836,en,scrubs
concentrate,0.0007275188989581,en,scrubs
successful,0.0007275188989581,en,scrubs
blank,0.0007275188989581,en,scrubs
mask,0.0007275188989581,en,scrubs
pointless,0.0007266311094475,en,scrubs
sheep,0.0007266311094475,en,scrubs
glue,0.0007266311094475,en,scrubs
bleeding,0.0007266311094475,en,scrubs
motorcycle,0.0007266311094475,en,scrubs
lottery,0.0007266311094475,en,scrubs
working,0.0007266311094475,en,scrubs
sprinkle,0.0007253092184976,en,scrubs
dove,0.0007253092184976,en,scrubs
despise,0.0007253092184976,en,scrubs
oddly,0.0007253092184976,en,scrubs
valet,0.0007253092184976,en,scrubs
bun,0.0007253092184976,en,scrubs
kyle,0.0007253092184976,en,scrubs
fred,0.0007242990747478,en,scrubs
bitchy,0.0007242990747478,en,scrubs
severity,0.0007242990747478,en,scrubs
disneyland,0.0007242990747478,en,scrubs
dorothy,0.0007242990747478,en,scrubs
condescend,0.0007242990747478,en,scrubs
sam,0.0007242990747478,en,scrubs
dictionary,0.0007242990747478,en,scrubs
pierce,0.0007218851781682,en,scrubs
injury,0.0007215666165015,en,scrubs
advantage,0.0007215666165015,en,scrubs
impressed,0.0007215666165015,en,scrubs
chuck,0.0007198828062238,en,scrubs
vet,0.0007198828062238,en,scrubs
recommendation,0.0007198828062238,en,scrubs
brag,0.0007198828062238,en,scrubs
fountain,0.0007198828062238,en,scrubs
british,0.0007198828062238,en,scrubs
plant,0.0007187783030297,en,scrubs
mend,0.0007175086160772,en,scrubs
ethical,0.0007175086160772,en,scrubs
beverage,0.0007175086160772,en,scrubs
sum,0.0007157299555862,en,scrubs
indicate,0.0007157299555862,en,scrubs
bud,0.0007157299555862,en,scrubs
miscarriage,0.000714116583455,en,scrubs
underway,0.000714116583455,en,scrubs
generic,0.000714116583455,en,scrubs
goggle,0.000714116583455,en,scrubs
burp,0.000714116583455,en,scrubs
minion,0.000714116583455,en,scrubs
hudson,0.000714116583455,en,scrubs
shhh,0.000714116583455,en,scrubs
humour,0.000714116583455,en,scrubs
font,0.000714116583455,en,scrubs
sandal,0.000714116583455,en,scrubs
rehab,0.0007132375345638,en,scrubs
eyeball,0.0007132375345638,en,scrubs
intermission,0.0007102008323182,en,scrubs
loaner,0.0007102008323182,en,scrubs
shrew,0.0007102008323182,en,scrubs
fiver,0.0007102008323182,en,scrubs
shannon,0.0007102008323182,en,scrubs
seymour,0.0007102008323182,en,scrubs
palpitation,0.0007102008323182,en,scrubs
circumcise,0.0007102008323182,en,scrubs
ventricle,0.0007102008323182,en,scrubs
custodial,0.0007102008323182,en,scrubs
newsflash,0.0007102008323182,en,scrubs
topical,0.0007102008323182,en,scrubs
practitioner,0.0007102008323182,en,scrubs
cardiovascular,0.0007102008323182,en,scrubs
doody,0.0007102008323182,en,scrubs
photoshop,0.0007102008323182,en,scrubs
underpaid,0.0007102008323182,en,scrubs
broom,0.0007098722491284,en,scrubs
frost,0.0007098722491284,en,scrubs
pod,0.0007098722491284,en,scrubs
limp,0.0007098722491284,en,scrubs
coincidence,0.0007098421277984,en,scrubs
yard,0.0007098421277984,en,scrubs
grill,0.0007096484500176,en,scrubs
conflict,0.0007096484500176,en,scrubs
hint,0.0007096484500176,en,scrubs
stir,0.0007096484500176,en,scrubs
overwhelming,0.0007066921955961,en,scrubs
boost,0.0007066921955961,en,scrubs
dizzy,0.0007066921955961,en,scrubs
summary,0.0007042793286409,en,scrubs
queer,0.0007042793286409,en,scrubs
infectious,0.0007042793286409,en,scrubs
disappoint,0.0007040675283922,en,scrubs
flow,0.0007040675283922,en,scrubs
county,0.000703638916619,en,scrubs
prayer,0.000703638916619,en,scrubs
conscious,0.000703638916619,en,scrubs
paralyze,0.0007023933443189,en,scrubs
badass,0.0007023933443189,en,scrubs
redhead,0.0007023933443189,en,scrubs
tee,0.0007023933443189,en,scrubs
evaluate,0.0007023933443189,en,scrubs
spotlight,0.0007023933443189,en,scrubs
topic,0.0007002438281871,en,scrubs
sloppy,0.0007002438281871,en,scrubs
exotic,0.0007002438281871,en,scrubs
notify,0.0007002438281871,en,scrubs
worthless,0.0007002438281871,en,scrubs
japanese,0.0007002438281871,en,scrubs
flash,0.000698349822516,en,scrubs
cheap,0.000698349822516,en,scrubs
bend,0.0006976996717729,en,scrubs
privilege,0.0006976996717729,en,scrubs
escape,0.0006960669606345,en,scrubs
amuse,0.0006950655388795,en,scrubs
parasite,0.0006950655388795,en,scrubs
tramp,0.0006950655388795,en,scrubs
sweetest,0.0006950655388795,en,scrubs
gladly,0.0006950655388795,en,scrubs
medically,0.0006947646655509,en,scrubs
snicker,0.0006947646655509,en,scrubs
inconvenient,0.0006947646655509,en,scrubs
meadow,0.0006947646655509,en,scrubs
saliva,0.0006947646655509,en,scrubs
minivan,0.0006947646655509,en,scrubs
loo,0.0006947646655509,en,scrubs
muse,0.0006947646655509,en,scrubs
cardio,0.0006947646655509,en,scrubs
mull,0.0006940728314642,en,scrubs
busybody,0.0006940728314642,en,scrubs
tastic,0.0006940728314642,en,scrubs
steadily,0.0006940728314642,en,scrubs
faze,0.0006940728314642,en,scrubs
peeper,0.0006940728314642,en,scrubs
jose,0.0006940728314642,en,scrubs
simms,0.0006940728314642,en,scrubs
duper,0.0006940728314642,en,scrubs
noticeable,0.0006940728314642,en,scrubs
ostrich,0.0006940728314642,en,scrubs
ligament,0.0006940728314642,en,scrubs
counsellor,0.0006940728314642,en,scrubs
nuh,0.0006940728314642,en,scrubs
oncology,0.0006940728314642,en,scrubs
hypochondriac,0.0006940728314642,en,scrubs
yank,0.0006938896008971,en,scrubs
bartender,0.0006938896008971,en,scrubs
acknowledge,0.0006938896008971,en,scrubs
trophy,0.0006938896008971,en,scrubs
training,0.0006926879000254,en,scrubs
superior,0.0006918290902552,en,scrubs
lake,0.0006918290902552,en,scrubs
morphine,0.000687882848078,en,scrubs
smear,0.000687882848078,en,scrubs
treasure,0.0006876268045158,en,scrubs
warrior,0.0006876268045158,en,scrubs
grown,0.0006876268045158,en,scrubs
horror,0.0006876268045158,en,scrubs
vegetable,0.0006876268045158,en,scrubs
seventh,0.0006876268045158,en,scrubs
clue,0.0006870806829553,en,scrubs
struggle,0.0006870806829553,en,scrubs
sluggy,0.0006862116340602,en,scrubs
rezzie,0.0006862116340602,en,scrubs
dokie,0.0006862116340602,en,scrubs
nagger,0.0006862116340602,en,scrubs
arrhythmic,0.0006862116340602,en,scrubs
macrolide,0.0006862116340602,en,scrubs
mcnair,0.0006862116340602,en,scrubs
imipenem,0.0006862116340602,en,scrubs
yurt,0.0006862116340602,en,scrubs
num,0.0006862116340602,en,scrubs
mentiroso,0.0006862116340602,en,scrubs
brookstone,0.0006862116340602,en,scrubs
busey,0.0006862116340602,en,scrubs
bloop,0.0006862116340602,en,scrubs
empathise,0.0006862116340602,en,scrubs
itor,0.0006862116340602,en,scrubs
waah,0.0006862116340602,en,scrubs
ohoh,0.0006862116340602,en,scrubs
gilchrist,0.0006862116340602,en,scrubs
uuuh,0.0006862116340602,en,scrubs
rewrap,0.0006862116340602,en,scrubs
bobb,0.0006862116340602,en,scrubs
urology,0.0006862116340602,en,scrubs
takotsubo,0.0006862116340602,en,scrubs
pacman,0.0006862116340602,en,scrubs
legionella,0.0006862116340602,en,scrubs
hypercalcemia,0.0006862116340602,en,scrubs
wowser,0.0006862116340602,en,scrubs
ptt,0.0006862116340602,en,scrubs
paracentesis,0.0006862116340602,en,scrubs
daydreaming,0.0006862116340602,en,scrubs
biphasic,0.0006862116340602,en,scrubs
worri,0.0006862116340602,en,scrubs
gustave,0.0006862116340602,en,scrubs
tania,0.0006862116340602,en,scrubs
desease,0.0006862116340602,en,scrubs
kcl,0.0006862116340602,en,scrubs
helpe,0.0006862116340602,en,scrubs
sie,0.0006862116340602,en,scrubs
intravascular,0.0006862116340602,en,scrubs
teachable,0.0006862116340602,en,scrubs
deeky,0.0006862116340602,en,scrubs
cropper,0.0006862116340602,en,scrubs
cantwell,0.0006862116340602,en,scrubs
tamyra,0.0006862116340602,en,scrubs
konichiwa,0.0006862116340602,en,scrubs
haaa,0.0006862116340602,en,scrubs
naaah,0.0006862116340602,en,scrubs
everithe,0.0006862116340602,en,scrubs
blitt,0.0006862116340602,en,scrubs
zollinger,0.0006862116340602,en,scrubs
guh,0.0006862116340602,en,scrubs
vagal,0.0006862116340602,en,scrubs
lazlo,0.0006862116340602,en,scrubs
gilder,0.0006862116340602,en,scrubs
fundoplication,0.0006862116340602,en,scrubs
undefined,0.0006862116340602,en,scrubs
enid,0.0006862116340602,en,scrubs
unpleasantly,0.0006862116340602,en,scrubs
thirdly,0.0006862116340602,en,scrubs
abaco,0.0006862116340602,en,scrubs
collegue,0.0006862116340602,en,scrubs
finagle,0.0006862116340602,en,scrubs
hever,0.0006862116340602,en,scrubs
rosaria,0.0006862116340602,en,scrubs
nickelback,0.0006862116340602,en,scrubs
innie,0.0006862116340602,en,scrubs
aknowledge,0.0006862116340602,en,scrubs
margi,0.0006862116340602,en,scrubs
rebounder,0.0006862116340602,en,scrubs
gorgeous,0.0006860256025668,en,scrubs
village,0.0006860256025668,en,scrubs
liberty,0.0006860256025668,en,scrubs
coach,0.0006860256025668,en,scrubs
antidepressant,0.000685552106836,en,scrubs
accessible,0.000685552106836,en,scrubs
alzheimer,0.000685552106836,en,scrubs
britney,0.000685552106836,en,scrubs
obsessed,0.000685552106836,en,scrubs
norm,0.000685552106836,en,scrubs
raft,0.000685552106836,en,scrubs
stock,0.0006815271242876,en,scrubs
bully,0.0006814528451261,en,scrubs
limb,0.0006814528451261,en,scrubs
secretly,0.0006814528451261,en,scrubs
bikini,0.0006808396358526,en,scrubs
thanksgive,0.0006808396358526,en,scrubs
tournament,0.0006808396358526,en,scrubs
stomp,0.0006808396358526,en,scrubs
communication,0.0006802876924139,en,scrubs
tower,0.0006802876924139,en,scrubs
manner,0.0006802876924139,en,scrubs
television,0.0006802876924139,en,scrubs
fiscal,0.000679058021884,en,scrubs
hemp,0.000679058021884,en,scrubs
geezer,0.000679058021884,en,scrubs
growling,0.000679058021884,en,scrubs
scram,0.000679058021884,en,scrubs
beget,0.000679058021884,en,scrubs
lettin,0.000679058021884,en,scrubs
celebratory,0.000679058021884,en,scrubs
hutch,0.000679058021884,en,scrubs
frazzle,0.000679058021884,en,scrubs
gladys,0.000679058021884,en,scrubs
pinata,0.000679058021884,en,scrubs
pretentious,0.0006766230569136,en,scrubs
salute,0.0006766230569136,en,scrubs
centre,0.0006766230569136,en,scrubs
que,0.0006766230569136,en,scrubs
dysfunctional,0.0006766230569136,en,scrubs
dunno,0.0006766230569136,en,scrubs
hurl,0.0006766230569136,en,scrubs
reminisce,0.0006766230569136,en,scrubs
hiss,0.0006766230569136,en,scrubs
paralysis,0.0006766230569136,en,scrubs
instinct,0.0006760262067786,en,scrubs
owner,0.0006760262067786,en,scrubs
sale,0.0006760262067786,en,scrubs
tradition,0.000675365237654,en,scrubs
danny,0.000675365237654,en,scrubs
closure,0.000675365237654,en,scrubs
solo,0.000675365237654,en,scrubs
branch,0.0006746138943305,en,scrubs
fridge,0.0006746138943305,en,scrubs
vegetarian,0.0006739305882421,en,scrubs
deer,0.0006739305882421,en,scrubs
renew,0.0006739305882421,en,scrubs
thin,0.0006705769418397,en,scrubs
site,0.0006705769418397,en,scrubs
adopt,0.0006693615998627,en,scrubs
acid,0.0006693615998627,en,scrubs
pity,0.0006690027914314,en,scrubs
cave,0.0006690027914314,en,scrubs
accord,0.0006687455994437,en,scrubs
needless,0.0006679605859958,en,scrubs
mascot,0.0006679605859958,en,scrubs
deficiency,0.0006679605859958,en,scrubs
gorilla,0.0006679605859958,en,scrubs
murmur,0.0006679605859958,en,scrubs
tummy,0.0006679605859958,en,scrubs
secondary,0.0006671506893005,en,scrubs
duct,0.0006671506893005,en,scrubs
confide,0.0006671506893005,en,scrubs
accidental,0.0006671506893005,en,scrubs
hog,0.0006671506893005,en,scrubs
gracious,0.0006671506893005,en,scrubs
behold,0.0006671506893005,en,scrubs
wide,0.0006651783684719,en,scrubs
lifeguard,0.0006650126055303,en,scrubs
countertop,0.0006650126055303,en,scrubs
sidebar,0.0006650126055303,en,scrubs
glenn,0.0006650126055303,en,scrubs
cameraman,0.0006650126055303,en,scrubs
millie,0.0006650126055303,en,scrubs
roland,0.0006650126055303,en,scrubs
impediment,0.0006650126055303,en,scrubs
buzzkill,0.0006650126055303,en,scrubs
platelet,0.0006650126055303,en,scrubs
lapdog,0.0006650126055303,en,scrubs
hittin,0.0006650126055303,en,scrubs
orchard,0.0006650126055303,en,scrubs
gargle,0.0006650126055303,en,scrubs
ocd,0.0006650126055303,en,scrubs
tortoise,0.0006650126055303,en,scrubs
clasp,0.0006650126055303,en,scrubs
cancerous,0.0006650126055303,en,scrubs
creamy,0.0006650126055303,en,scrubs
mouthwash,0.0006650126055303,en,scrubs
terminally,0.0006650126055303,en,scrubs
mate,0.0006634530132889,en,scrubs
jet,0.0006634530132889,en,scrubs
sixth,0.0006634396467557,en,scrubs
resort,0.0006634396467557,en,scrubs
absence,0.0006634396467557,en,scrubs
information,0.0006634158942662,en,scrubs
steve,0.0006604951992205,en,scrubs
relatively,0.0006604951992205,en,scrubs
dorm,0.0006604951992205,en,scrubs
crucial,0.0006604951992205,en,scrubs
overdose,0.0006604951992205,en,scrubs
motivate,0.0006604951992205,en,scrubs
value,0.0006598295522485,en,scrubs
main,0.0006598295522485,en,scrubs
assure,0.0006598295522485,en,scrubs
drinker,0.0006595492368816,en,scrubs
bakery,0.0006595492368816,en,scrubs
peachy,0.0006595492368816,en,scrubs
skiing,0.0006595492368816,en,scrubs
neighbour,0.0006595492368816,en,scrubs
bridesmaid,0.0006595492368816,en,scrubs
headway,0.0006595492368816,en,scrubs
bossy,0.0006595492368816,en,scrubs
flaw,0.0006575971853554,en,scrubs
boundary,0.0006575971853554,en,scrubs
rig,0.0006575971853554,en,scrubs
counsel,0.0006575971853554,en,scrubs
square,0.0006545295843439,en,scrubs
direct,0.0006545295843439,en,scrubs
correction,0.0006539596344292,en,scrubs
glorious,0.0006539596344292,en,scrubs
mistress,0.0006539596344292,en,scrubs
paddle,0.0006539596344292,en,scrubs
mattress,0.0006539596344292,en,scrubs
damned,0.0006539596344292,en,scrubs
notion,0.0006539596344292,en,scrubs
preppe,0.0006539596344292,en,scrubs
productive,0.0006539596344292,en,scrubs
status,0.0006525321699004,en,scrubs
define,0.0006525321699004,en,scrubs
circuit,0.0006518321098277,en,scrubs
oversized,0.0006518189649001,en,scrubs
homophobic,0.0006518189649001,en,scrubs
hundredth,0.0006518189649001,en,scrubs
val,0.0006518189649001,en,scrubs
signify,0.0006518189649001,en,scrubs
clerical,0.0006518189649001,en,scrubs
whitman,0.0006518189649001,en,scrubs
loving,0.0006518189649001,en,scrubs
irritable,0.0006518189649001,en,scrubs
riff,0.0006518189649001,en,scrubs
ble,0.0006518189649001,en,scrubs
scratchy,0.0006518189649001,en,scrubs
zipper,0.0006513748589737,en,scrubs
inability,0.0006513748589737,en,scrubs
morgue,0.0006513748589737,en,scrubs
sharing,0.0006513748589737,en,scrubs
farewell,0.0006513748589737,en,scrubs
nicole,0.0006513748589737,en,scrubs
cellphone,0.0006513748589737,en,scrubs
caring,0.0006513748589737,en,scrubs
borderline,0.0006513748589737,en,scrubs
heritage,0.0006513748589737,en,scrubs
victim,0.0006492775806075,en,scrubs
flight,0.0006492775806075,en,scrubs
equally,0.0006475397494452,en,scrubs
quiz,0.0006475397494452,en,scrubs
bachelor,0.0006475397494452,en,scrubs
modest,0.0006475397494452,en,scrubs
effective,0.0006471585785331,en,scrubs
series,0.0006471585785331,en,scrubs
nest,0.0006461423969249,en,scrubs
celebration,0.0006461423969249,en,scrubs
honesty,0.0006461423969249,en,scrubs
litterally,0.0006444731042246,en,scrubs
depressor,0.0006444731042246,en,scrubs
ulcerative,0.0006444731042246,en,scrubs
tinglie,0.0006444731042246,en,scrubs
nurple,0.0006444731042246,en,scrubs
pericarditis,0.0006444731042246,en,scrubs
jinkie,0.0006444731042246,en,scrubs
tracheotomy,0.0006444731042246,en,scrubs
oohh,0.0006444731042246,en,scrubs
dorsey,0.0006444731042246,en,scrubs
oesophageal,0.0006444731042246,en,scrubs
proofer,0.0006444731042246,en,scrubs
suckhole,0.0006444731042246,en,scrubs
patchy,0.0006444731042246,en,scrubs
pressor,0.0006444731042246,en,scrubs
jimmie,0.0006444731042246,en,scrubs
neuropathy,0.0006444731042246,en,scrubs
mcconaughey,0.0006444731042246,en,scrubs
buttmunch,0.0006444731042246,en,scrubs
lft,0.0006444731042246,en,scrubs
wildest,0.0006444731042246,en,scrubs
donk,0.0006444731042246,en,scrubs
ghandi,0.0006444731042246,en,scrubs
acidotic,0.0006444731042246,en,scrubs
wilk,0.0006444731042246,en,scrubs
arpeggio,0.0006444731042246,en,scrubs
bader,0.0006444731042246,en,scrubs
longie,0.0006444731042246,en,scrubs
neville,0.0006444731042246,en,scrubs
tinis,0.0006444731042246,en,scrubs
eighteenth,0.0006444731042246,en,scrubs
wizz,0.0006444731042246,en,scrubs
posthaste,0.0006444731042246,en,scrubs
sharona,0.0006444731042246,en,scrubs
diarrhoea,0.0006444731042246,en,scrubs
reminiscing,0.0006444731042246,en,scrubs
misdiagnosis,0.0006444731042246,en,scrubs
eared,0.0006444731042246,en,scrubs
owie,0.0006444731042246,en,scrubs
lathe,0.0006444731042246,en,scrubs
medi,0.0006444731042246,en,scrubs
decompensate,0.0006444731042246,en,scrubs
fletch,0.0006444731042246,en,scrubs
dilantin,0.0006444731042246,en,scrubs
varix,0.0006444731042246,en,scrubs
excessive,0.0006434244650415,en,scrubs
sidekick,0.0006434244650415,en,scrubs
frustrate,0.0006434244650415,en,scrubs
yearbook,0.0006434244650415,en,scrubs
makin,0.0006434244650415,en,scrubs
ford,0.0006434244650415,en,scrubs
tingle,0.0006434244650415,en,scrubs
financially,0.0006434244650415,en,scrubs
tank,0.000641841256172,en,scrubs
highlight,0.0006412315203133,en,scrubs
heaven,0.0006412315203133,en,scrubs
bush,0.0006412315203133,en,scrubs
oop,0.0006412315203133,en,scrubs
pond,0.0006412315203133,en,scrubs
sensor,0.0006412315203133,en,scrubs
shocking,0.0006412315203133,en,scrubs
dragon,0.0006412315203133,en,scrubs
moron,0.000640526101723,en,scrubs
waitress,0.000640526101723,en,scrubs
dip,0.000640526101723,en,scrubs
rose,0.000640526101723,en,scrubs
gimp,0.0006393796696336,en,scrubs
definitively,0.0006393796696336,en,scrubs
shingle,0.0006393796696336,en,scrubs
mitigate,0.0006393796696336,en,scrubs
polaroid,0.0006393796696336,en,scrubs
centerpiece,0.0006393796696336,en,scrubs
fuzz,0.0006393796696336,en,scrubs
pianist,0.0006393796696336,en,scrubs
mucus,0.0006393796696336,en,scrubs
attagirl,0.0006393796696336,en,scrubs
skipper,0.0006393796696336,en,scrubs
happenin,0.0006393796696336,en,scrubs
pacemaker,0.0006393796696336,en,scrubs
forgetful,0.0006393796696336,en,scrubs
shy,0.0006365790365883,en,scrubs
administrative,0.0006356861070895,en,scrubs
listening,0.0006356861070895,en,scrubs
partly,0.0006356861070895,en,scrubs
lingerie,0.0006356861070895,en,scrubs
infected,0.0006356861070895,en,scrubs
memo,0.0006350311294555,en,scrubs
backpack,0.0006350311294555,en,scrubs
sailor,0.0006350311294555,en,scrubs
cleaner,0.0006350311294555,en,scrubs
induce,0.0006350311294555,en,scrubs
sized,0.0006350311294555,en,scrubs
mainly,0.0006350311294555,en,scrubs
dye,0.0006350311294555,en,scrubs
walker,0.0006350311294555,en,scrubs
exhausted,0.0006349813536306,en,scrubs
instant,0.0006349813536306,en,scrubs
stroke,0.0006349813536306,en,scrubs
sore,0.0006349813536306,en,scrubs
seed,0.0006349813536306,en,scrubs
cherry,0.0006349813536306,en,scrubs
rise,0.0006338008647036,en,scrubs
danger,0.0006338008647036,en,scrubs
officer,0.0006338008647036,en,scrubs
prevent,0.0006313707894388,en,scrubs
cleaning,0.0006295063526481,en,scrubs
chamber,0.0006295063526481,en,scrubs
fairly,0.0006295063526481,en,scrubs
poster,0.0006295063526481,en,scrubs
gig,0.0006295063526481,en,scrubs
weekly,0.0006289349517956,en,scrubs
mixed,0.0006289349517956,en,scrubs
greet,0.0006289349517956,en,scrubs
curl,0.0006289349517956,en,scrubs
direction,0.0006287323394549,en,scrubs
disco,0.0006281487683531,en,scrubs
itchy,0.0006281487683531,en,scrubs
immigrant,0.0006281487683531,en,scrubs
childish,0.0006281487683531,en,scrubs
nonetheless,0.0006281487683531,en,scrubs
prone,0.0006281487683531,en,scrubs
toothpaste,0.0006281487683531,en,scrubs
foam,0.0006281487683531,en,scrubs
gravy,0.0006281487683531,en,scrubs
kinky,0.0006281487683531,en,scrubs
holly,0.0006281487683531,en,scrubs
bobby,0.0006281487683531,en,scrubs
rightly,0.0006276131057205,en,scrubs
sledgehammer,0.0006276131057205,en,scrubs
emerald,0.0006276131057205,en,scrubs
systematically,0.0006276131057205,en,scrubs
jiggle,0.0006276131057205,en,scrubs
birthing,0.0006276131057205,en,scrubs
shunt,0.0006276131057205,en,scrubs
quinn,0.0006276131057205,en,scrubs
magnifying,0.0006276131057205,en,scrubs
hangout,0.0006276131057205,en,scrubs
accustomed,0.0006276131057205,en,scrubs
joint,0.0006262154188078,en,scrubs
lend,0.0006240993658605,en,scrubs
sober,0.0006240993658605,en,scrubs
sting,0.0006240993658605,en,scrubs
priest,0.0006240993658605,en,scrubs
surprising,0.0006240993658605,en,scrubs
compete,0.0006240993658605,en,scrubs
purpose,0.0006237076980924,en,scrubs
strangle,0.0006229395420298,en,scrubs
somethin,0.0006229395420298,en,scrubs
comic,0.0006229395420298,en,scrubs
betrayal,0.0006229395420298,en,scrubs
earring,0.0006229395420298,en,scrubs
psychology,0.0006229395420298,en,scrubs
mat,0.0006229395420298,en,scrubs
illegal,0.0006211118618236,en,scrubs
pin,0.0006211118618236,en,scrubs
dirt,0.0006211118618236,en,scrubs
hedge,0.0006208022689698,en,scrubs
shaving,0.0006208022689698,en,scrubs
web,0.0006187587241442,en,scrubs
glory,0.0006187587241442,en,scrubs
relation,0.0006187587241442,en,scrubs
error,0.0006187587241442,en,scrubs
necessary,0.0006187261872307,en,scrubs
arrest,0.0006187261872307,en,scrubs
harass,0.0006170416229332,en,scrubs
breeze,0.0006170416229332,en,scrubs
sob,0.0006170416229332,en,scrubs
mode,0.0006170416229332,en,scrubs
refill,0.0006170416229332,en,scrubs
dice,0.0006170416229332,en,scrubs
shellfish,0.0006164502271307,en,scrubs
awry,0.0006164502271307,en,scrubs
scab,0.0006164502271307,en,scrubs
changer,0.0006164502271307,en,scrubs
programme,0.0006164502271307,en,scrubs
huff,0.0006164502271307,en,scrubs
lookie,0.0006164502271307,en,scrubs
monologue,0.0006164502271307,en,scrubs
shockingly,0.0006164502271307,en,scrubs
flatline,0.0006164502271307,en,scrubs
mis,0.0006164502271307,en,scrubs
judy,0.0006164502271307,en,scrubs
poking,0.0006164502271307,en,scrubs
pure,0.0006160590873432,en,scrubs
alert,0.0006160590873432,en,scrubs
particularly,0.0006160590873432,en,scrubs
almighty,0.0006136371833005,en,scrubs
superficial,0.0006136371833005,en,scrubs
chore,0.0006136371833005,en,scrubs
puddle,0.0006136371833005,en,scrubs
thankfully,0.0006136371833005,en,scrubs
bedside,0.0006136371833005,en,scrubs
aneurysm,0.0006136371833005,en,scrubs
fluffy,0.0006136371833005,en,scrubs
squirt,0.0006136371833005,en,scrubs
tonic,0.0006136371833005,en,scrubs
gigantic,0.0006136371833005,en,scrubs
mope,0.0006136371833005,en,scrubs
restraining,0.0006136371833005,en,scrubs
unborn,0.0006136371833005,en,scrubs
invest,0.0006134828190739,en,scrubs
kimono,0.0006120981852915,en,scrubs
beatbox,0.0006120981852915,en,scrubs
cliquey,0.0006120981852915,en,scrubs
layla,0.0006120981852915,en,scrubs
overmedicate,0.0006120981852915,en,scrubs
witte,0.0006120981852915,en,scrubs
chewie,0.0006120981852915,en,scrubs
halfsie,0.0006120981852915,en,scrubs
ziplock,0.0006120981852915,en,scrubs
wingtip,0.0006120981852915,en,scrubs
halitosis,0.0006120981852915,en,scrubs
androgynous,0.0006120981852915,en,scrubs
smartypant,0.0006120981852915,en,scrubs
rajesh,0.0006120981852915,en,scrubs
syndrom,0.0006120981852915,en,scrubs
atch,0.0006120981852915,en,scrubs
crazytown,0.0006120981852915,en,scrubs
rockstar,0.0006120981852915,en,scrubs
scattered,0.0006120981852915,en,scrubs
embargo,0.0006120981852915,en,scrubs
bradycardic,0.0006120981852915,en,scrubs
voiceover,0.0006120981852915,en,scrubs
taye,0.0006120981852915,en,scrubs
reattachment,0.0006120981852915,en,scrubs
cantonese,0.0006120981852915,en,scrubs
harmonize,0.0006120981852915,en,scrubs
baritone,0.0006120981852915,en,scrubs
nastie,0.0006120981852915,en,scrubs
meeee,0.0006120981852915,en,scrubs
haa,0.0006120981852915,en,scrubs
litigate,0.0006120981852915,en,scrubs
porphyria,0.0006120981852915,en,scrubs
headbutt,0.0006120981852915,en,scrubs
responsabilitie,0.0006120981852915,en,scrubs
bronchoscopy,0.0006120981852915,en,scrubs
expressionless,0.0006120981852915,en,scrubs
chomper,0.0006120981852915,en,scrubs
bunkhouse,0.0006120981852915,en,scrubs
jeffer,0.0006120981852915,en,scrubs
uuh,0.0006120981852915,en,scrubs
compassion,0.0006112380746013,en,scrubs
lighten,0.0006112380746013,en,scrubs
singer,0.0006112380746013,en,scrubs
mere,0.0006112380746013,en,scrubs
vessel,0.0006112380746013,en,scrubs
niece,0.0006112380746013,en,scrubs
olive,0.0006112380746013,en,scrubs
arrow,0.0006112380746013,en,scrubs
consequence,0.0006110560947015,en,scrubs
limit,0.0006110560947015,en,scrubs
league,0.0006110560947015,en,scrubs
oxygen,0.000608270100015,en,scrubs
resolve,0.000608270100015,en,scrubs
tense,0.000608270100015,en,scrubs
kit,0.000608270100015,en,scrubs
listener,0.0006066447672144,en,scrubs
clam,0.0006066447672144,en,scrubs
chant,0.0006066447672144,en,scrubs
claire,0.0006066447672144,en,scrubs
vend,0.0006066447672144,en,scrubs
placement,0.0006066447672144,en,scrubs
knit,0.0006066447672144,en,scrubs
arrange,0.0006061019125223,en,scrubs
manager,0.0006061019125223,en,scrubs
clench,0.0006058321008141,en,scrubs
stumped,0.0006058321008141,en,scrubs
momma,0.0006058321008141,en,scrubs
sassy,0.0006058321008141,en,scrubs
prenatal,0.0006058321008141,en,scrubs
workup,0.0006058321008141,en,scrubs
anterior,0.0006058321008141,en,scrubs
uncalled,0.0006058321008141,en,scrubs
territorial,0.0006058321008141,en,scrubs
bloated,0.0006058321008141,en,scrubs
paintball,0.0006058321008141,en,scrubs
nightstand,0.0006058321008141,en,scrubs
layer,0.0006055259245395,en,scrubs
fame,0.0006055259245395,en,scrubs
landing,0.0006055259245395,en,scrubs
inhale,0.0006055259245395,en,scrubs
ban,0.0006055259245395,en,scrubs
release,0.0006040331884641,en,scrubs
mug,0.0006031190713877,en,scrubs
routine,0.0006031190713877,en,scrubs
headache,0.0006031190713877,en,scrubs
reduce,0.0006031190713877,en,scrubs
misunderstanding,0.0006031190713877,en,scrubs
erase,0.0006031190713877,en,scrubs
pot,0.0006011955975859,en,scrubs
grave,0.0006011955975859,en,scrubs
nerve,0.0006011955975859,en,scrubs
healing,0.0005999023385198,en,scrubs
steven,0.0005999023385198,en,scrubs
wagon,0.0005999023385198,en,scrubs
pea,0.0005999023385198,en,scrubs
splash,0.0005999023385198,en,scrubs
desperately,0.0005999023385198,en,scrubs
dunk,0.0005998168939317,en,scrubs
cynical,0.0005998168939317,en,scrubs
seriessub,0.0005998168939317,en,scrubs
detail,0.0005992170408894,en,scrubs
loyal,0.000598028290091,en,scrubs
rely,0.000598028290091,en,scrubs
thirsty,0.000598028290091,en,scrubs
imply,0.000598028290091,en,scrubs
candidate,0.000598028290091,en,scrubs
blanket,0.000598028290091,en,scrubs
material,0.0005963362337517,en,scrubs
cider,0.0005957080233352,en,scrubs
malaria,0.0005957080233352,en,scrubs
rabie,0.0005957080233352,en,scrubs
extremity,0.0005957080233352,en,scrubs
newsletter,0.0005957080233352,en,scrubs
sasquatch,0.0005957080233352,en,scrubs
ernie,0.0005957080233352,en,scrubs
simpson,0.0005957080233352,en,scrubs
yarn,0.0005957080233352,en,scrubs
hose,0.0005943646121365,en,scrubs
resent,0.0005943646121365,en,scrubs
humble,0.0005943646121365,en,scrubs
concussion,0.0005943646121365,en,scrubs
pawn,0.0005943646121365,en,scrubs
sleeper,0.0005931459972426,en,scrubs
smokin,0.0005931459972426,en,scrubs
quarantine,0.0005931459972426,en,scrubs
gutter,0.0005931459972426,en,scrubs
democracy,0.0005931459972426,en,scrubs
slipper,0.0005931459972426,en,scrubs
dawn,0.0005929963630759,en,scrubs
label,0.0005929963630759,en,scrubs
exchange,0.0005915229309312,en,scrubs
dental,0.0005889101629968,en,scrubs
demon,0.0005889101629968,en,scrubs
reflection,0.0005889101629968,en,scrubs
arrival,0.0005889101629968,en,scrubs
retirement,0.0005889101629968,en,scrubs
core,0.0005880219450573,en,scrubs
tunnel,0.0005880219450573,en,scrubs
highly,0.0005867548241097,en,scrubs
statement,0.0005867548241097,en,scrubs
fully,0.0005867548241097,en,scrubs
duty,0.0005867548241097,en,scrubs
ironically,0.0005866250211075,en,scrubs
jewish,0.0005866250211075,en,scrubs
psychologist,0.0005866250211075,en,scrubs
neutral,0.0005866250211075,en,scrubs
flop,0.0005866250211075,en,scrubs
wean,0.0005860340565019,en,scrubs
kay,0.0005860340565019,en,scrubs
theodore,0.0005860340565019,en,scrubs
ovary,0.0005860340565019,en,scrubs
trivial,0.0005860340565019,en,scrubs
commentary,0.0005860340565019,en,scrubs
bask,0.0005860340565019,en,scrubs
ceremonial,0.0005860340565019,en,scrubs
croak,0.0005860340565019,en,scrubs
cuddly,0.0005860340565019,en,scrubs
pasty,0.0005860340565019,en,scrubs
flirty,0.0005860340565019,en,scrubs
persist,0.0005860340565019,en,scrubs
mwah,0.0005860340565019,en,scrubs
outlook,0.0005860340565019,en,scrubs
fess,0.0005860340565019,en,scrubs
bareback,0.0005856459504579,en,scrubs
nookie,0.0005856459504579,en,scrubs
hypotension,0.0005856459504579,en,scrubs
mitral,0.0005856459504579,en,scrubs
hypotensive,0.0005856459504579,en,scrubs
plath,0.0005856459504579,en,scrubs
cantankerous,0.0005856459504579,en,scrubs
narcolepsy,0.0005856459504579,en,scrubs
moran,0.0005856459504579,en,scrubs
agey,0.0005856459504579,en,scrubs
beyonc,0.0005856459504579,en,scrubs
mesenteric,0.0005856459504579,en,scrubs
bessie,0.0005856459504579,en,scrubs
collaborative,0.0005856459504579,en,scrubs
ectopic,0.0005856459504579,en,scrubs
reviewer,0.0005856459504579,en,scrubs
grammys,0.0005856459504579,en,scrubs
rumple,0.0005856459504579,en,scrubs
alberto,0.0005856459504579,en,scrubs
fonz,0.0005856459504579,en,scrubs
brillant,0.0005856459504579,en,scrubs
sugarplum,0.0005856459504579,en,scrubs
peritoneum,0.0005856459504579,en,scrubs
nougat,0.0005856459504579,en,scrubs
butchie,0.0005856459504579,en,scrubs
bathhouse,0.0005856459504579,en,scrubs
loosey,0.0005856459504579,en,scrubs
dislocated,0.0005856459504579,en,scrubs
queso,0.0005856459504579,en,scrubs
exhibitionist,0.0005856459504579,en,scrubs
screensaver,0.0005856459504579,en,scrubs
echinacea,0.0005856459504579,en,scrubs
wolfie,0.0005856459504579,en,scrubs
snorkeling,0.0005856459504579,en,scrubs
episcopalian,0.0005856459504579,en,scrubs
billionth,0.0005856459504579,en,scrubs
regurgitation,0.0005856459504579,en,scrubs
erythema,0.0005856459504579,en,scrubs
ladle,0.0005856459504579,en,scrubs
lowrider,0.0005856459504579,en,scrubs
sulu,0.0005856459504579,en,scrubs
ischemia,0.0005856459504579,en,scrubs
patootie,0.0005856459504579,en,scrubs
tonigh,0.0005856459504579,en,scrubs
ulysse,0.0005856459504579,en,scrubs
importance,0.0005835365234892,en,scrubs
lightning,0.0005835365234892,en,scrubs
stream,0.0005835365234892,en,scrubs
barbecue,0.0005835365234892,en,scrubs
novel,0.0005835365234892,en,scrubs
surprisingly,0.0005835365234892,en,scrubs
permanently,0.0005835365234892,en,scrubs
rental,0.0005835365234892,en,scrubs
steady,0.0005831037363548,en,scrubs
weakness,0.0005831037363548,en,scrubs
complex,0.0005831037363548,en,scrubs
constant,0.0005831037363548,en,scrubs
beef,0.0005831037363548,en,scrubs
maintain,0.0005831037363548,en,scrubs
underestimate,0.0005831037363548,en,scrubs
insist,0.0005820310724129,en,scrubs
cater,0.0005802473747981,en,scrubs
downside,0.0005802473747981,en,scrubs
grumpy,0.0005802473747981,en,scrubs
cherish,0.0005802473747981,en,scrubs
olympic,0.0005802473747981,en,scrubs
maniac,0.0005802473747981,en,scrubs
peer,0.0005802473747981,en,scrubs
wrestling,0.0005802473747981,en,scrubs
congratulate,0.0005782413340809,en,scrubs
vent,0.0005782413340809,en,scrubs
remotely,0.0005782413340809,en,scrubs
chain,0.0005773508582174,en,scrubs
possibility,0.0005773508582174,en,scrubs
christine,0.0005767718748803,en,scrubs
resuscitate,0.0005767718748803,en,scrubs
funniest,0.0005767718748803,en,scrubs
innuendo,0.0005767718748803,en,scrubs
bozo,0.0005767718748803,en,scrubs
jug,0.0005767718748803,en,scrubs
punching,0.0005767718748803,en,scrubs
horseback,0.0005767718748803,en,scrubs
sissy,0.0005767718748803,en,scrubs
lice,0.0005767718748803,en,scrubs
bosom,0.0005767718748803,en,scrubs
livin,0.0005767718748803,en,scrubs
shrug,0.0005767718748803,en,scrubs
anguish,0.0005767718748803,en,scrubs
woozy,0.0005767718748803,en,scrubs
realization,0.0005767718748803,en,scrubs
woulda,0.0005767718748803,en,scrubs
puffy,0.0005767718748803,en,scrubs
brainiac,0.0005767718748803,en,scrubs
lactose,0.0005767718748803,en,scrubs
infant,0.0005740068928618,en,scrubs
defect,0.0005740068928618,en,scrubs
wrench,0.0005740068928618,en,scrubs
torment,0.0005740068928618,en,scrubs
intentionally,0.0005740068928618,en,scrubs
ryan,0.0005740068928618,en,scrubs
beta,0.0005740068928618,en,scrubs
burst,0.0005734309640841,en,scrubs
bruise,0.0005734309640841,en,scrubs
grandfather,0.0005734309640841,en,scrubs
loan,0.0005734309640841,en,scrubs
psychic,0.0005730223370965,en,scrubs
disappointment,0.0005730223370965,en,scrubs
salary,0.0005730223370965,en,scrubs
knight,0.0005730223370965,en,scrubs
delivery,0.0005727133863009,en,scrubs
creature,0.0005686740113905,en,scrubs
wander,0.0005686740113905,en,scrubs
patience,0.0005686740113905,en,scrubs
tune,0.0005686740113905,en,scrubs
graduate,0.0005686740113905,en,scrubs
curious,0.0005681178830316,en,scrubs
bladder,0.0005678977993027,en,scrubs
donut,0.0005678977993027,en,scrubs
cube,0.0005678977993027,en,scrubs
careless,0.0005678977993027,en,scrubs
cradle,0.0005678977993027,en,scrubs
esteemed,0.000567887848731,en,scrubs
strut,0.000567887848731,en,scrubs
godforsaken,0.000567887848731,en,scrubs
clark,0.000567887848731,en,scrubs
maxe,0.000567887848731,en,scrubs
possessive,0.000567887848731,en,scrubs
ultimatum,0.000567887848731,en,scrubs
pansy,0.000567887848731,en,scrubs
tri,0.000567887848731,en,scrubs
licence,0.000567887848731,en,scrubs
wallow,0.000567887848731,en,scrubs
jerky,0.000567887848731,en,scrubs
naive,0.0005678773709384,en,scrubs
exhibit,0.0005678773709384,en,scrubs
collar,0.0005678773709384,en,scrubs
reflect,0.0005678773709384,en,scrubs
activate,0.0005678773709384,en,scrubs
fiance,0.0005678773709384,en,scrubs
fortunately,0.0005678773709384,en,scrubs
debate,0.0005678773709384,en,scrubs
dodge,0.0005678773709384,en,scrubs
recall,0.0005639684862197,en,scrubs
terrify,0.0005639684862197,en,scrubs
salt,0.0005639684862197,en,scrubs
view,0.0005635635955932,en,scrubs
completly,0.0005632809045783,en,scrubs
aaargh,0.0005632809045783,en,scrubs
monotony,0.0005632809045783,en,scrubs
insolent,0.0005632809045783,en,scrubs
retractor,0.0005632809045783,en,scrubs
confortable,0.0005632809045783,en,scrubs
giddyup,0.0005632809045783,en,scrubs
gravitate,0.0005632809045783,en,scrubs
ough,0.0005632809045783,en,scrubs
lactation,0.0005632809045783,en,scrubs
holla,0.0005632809045783,en,scrubs
indiscriminately,0.0005632809045783,en,scrubs
hogwash,0.0005632809045783,en,scrubs
lieve,0.0005632809045783,en,scrubs
persevere,0.0005632809045783,en,scrubs
underpass,0.0005632809045783,en,scrubs
hobble,0.0005632809045783,en,scrubs
fugly,0.0005632809045783,en,scrubs
caddyshack,0.0005632809045783,en,scrubs
earphone,0.0005632809045783,en,scrubs
budgetary,0.0005632809045783,en,scrubs
topher,0.0005632809045783,en,scrubs
bendel,0.0005632809045783,en,scrubs
laparotomy,0.0005632809045783,en,scrubs
sussex,0.0005632809045783,en,scrubs
bonny,0.0005632809045783,en,scrubs
synchronisation,0.0005632809045783,en,scrubs
bordello,0.0005632809045783,en,scrubs
suppository,0.0005632809045783,en,scrubs
som,0.0005632809045783,en,scrubs
guerrero,0.0005632809045783,en,scrubs
swanne,0.0005632809045783,en,scrubs
bellboy,0.0005632809045783,en,scrubs
doodie,0.0005632809045783,en,scrubs
preemie,0.0005632809045783,en,scrubs
talia,0.0005632809045783,en,scrubs
jojo,0.0005632809045783,en,scrubs
unisex,0.0005632809045783,en,scrubs
worm,0.0005628043647117,en,scrubs
practical,0.0005628043647117,en,scrubs
extraordinary,0.0005628043647117,en,scrubs
concert,0.0005628043647117,en,scrubs
womb,0.0005619146754551,en,scrubs
freely,0.0005619146754551,en,scrubs
wedge,0.0005619146754551,en,scrubs
wizard,0.0005619146754551,en,scrubs
hippie,0.0005619146754551,en,scrubs
bicycle,0.0005619146754551,en,scrubs
drool,0.0005619146754551,en,scrubs
nachos,0.0005593523069148,en,scrubs
chum,0.0005593523069148,en,scrubs
nostalgic,0.0005593523069148,en,scrubs
aww,0.0005593523069148,en,scrubs
mover,0.0005593523069148,en,scrubs
saver,0.0005593523069148,en,scrubs
complimentary,0.0005593523069148,en,scrubs
disperse,0.0005593523069148,en,scrubs
knucklehead,0.0005593523069148,en,scrubs
lingo,0.0005593523069148,en,scrubs
clinically,0.0005593523069148,en,scrubs
glaze,0.0005593523069148,en,scrubs
refrain,0.0005593523069148,en,scrubs
doable,0.0005593523069148,en,scrubs
node,0.0005593523069148,en,scrubs
kobe,0.0005593523069148,en,scrubs
citizen,0.0005593132884861,en,scrubs
rope,0.0005593132884861,en,scrubs
dust,0.0005593132884861,en,scrubs
alpha,0.0005578013332189,en,scrubs
neglect,0.0005578013332189,en,scrubs
overcome,0.0005578013332189,en,scrubs
generally,0.0005578013332189,en,scrubs
decency,0.0005560524311036,en,scrubs
hawk,0.0005560524311036,en,scrubs
definite,0.0005560524311036,en,scrubs
veteran,0.0005560524311036,en,scrubs
videotape,0.0005560524311036,en,scrubs
charade,0.0005560524311036,en,scrubs
unnatural,0.0005560524311036,en,scrubs
jason,0.0005560524311036,en,scrubs
generation,0.0005547073530284,en,scrubs
signature,0.0005547073530284,en,scrubs
artist,0.0005547073530284,en,scrubs
process,0.0005545757566156,en,scrubs
crime,0.0005545757566156,en,scrubs
original,0.0005545757566156,en,scrubs
innocent,0.0005545757566156,en,scrubs
genetic,0.0005528663722964,en,scrubs
substance,0.0005528663722964,en,scrubs
scrabble,0.0005511389389836,en,scrubs
abnormality,0.0005511389389836,en,scrubs
sideways,0.0005511389389836,en,scrubs
busboy,0.0005511389389836,en,scrubs
cardiologist,0.0005511389389836,en,scrubs
glen,0.0005511389389836,en,scrubs
bitty,0.0005511389389836,en,scrubs
lowly,0.0005511389389836,en,scrubs
honking,0.0005511389389836,en,scrubs
narcissist,0.0005511389389836,en,scrubs
elective,0.0005511389389836,en,scrubs
vera,0.0005511389389836,en,scrubs
snowball,0.0005511389389836,en,scrubs
dave,0.0005511389389836,en,scrubs
mush,0.0005511389389836,en,scrubs
uncontrollable,0.0005511389389836,en,scrubs
spasm,0.0005511389389836,en,scrubs
birdie,0.0005511389389836,en,scrubs
squawk,0.0005511389389836,en,scrubs
volleyball,0.0005511389389836,en,scrubs
jackpot,0.0005503062784624,en,scrubs
frat,0.0005503062784624,en,scrubs
sushi,0.0005503062784624,en,scrubs
humiliating,0.0005503062784624,en,scrubs
professionally,0.0005503062784624,en,scrubs
trim,0.0005503062784624,en,scrubs
disgust,0.0005503062784624,en,scrubs
ant,0.0005503062784624,en,scrubs
frightening,0.0005503062784624,en,scrubs
smash,0.0005501496481474,en,scrubs
ashamed,0.0005501496481474,en,scrubs
reference,0.0005501496481474,en,scrubs
period,0.0005501496481474,en,scrubs
spy,0.0005501496481474,en,scrubs
proof,0.0005501407970231,en,scrubs
tom,0.0005479976544628,en,scrubs
tent,0.0005479976544628,en,scrubs
sniff,0.0005479976544628,en,scrubs
actor,0.0005479976544628,en,scrubs
revenge,0.0005456391742186,en,scrubs
charity,0.0005456391742186,en,scrubs
weather,0.0005456391742186,en,scrubs
robe,0.000544671708682,en,scrubs
grandchild,0.000544671708682,en,scrubs
dryer,0.000544671708682,en,scrubs
accounting,0.000544671708682,en,scrubs
yoga,0.000544671708682,en,scrubs
predictable,0.000544671708682,en,scrubs
exhale,0.000544671708682,en,scrubs
astro,0.0005439074206224,en,scrubs
afro,0.0005439074206224,en,scrubs
ponch,0.0005439074206224,en,scrubs
arturo,0.0005439074206224,en,scrubs
organophosphate,0.0005439074206224,en,scrubs
trapeze,0.0005439074206224,en,scrubs
belmont,0.0005439074206224,en,scrubs
scald,0.0005439074206224,en,scrubs
lavage,0.0005439074206224,en,scrubs
ron,0.0005439074206224,en,scrubs
pregger,0.0005439074206224,en,scrubs
starfish,0.0005439074206224,en,scrubs
slaw,0.0005439074206224,en,scrubs
dnr,0.0005439074206224,en,scrubs
femininity,0.0005439074206224,en,scrubs
nubile,0.0005439074206224,en,scrubs
flo,0.0005439074206224,en,scrubs
steakhouse,0.0005439074206224,en,scrubs
oughtta,0.0005439074206224,en,scrubs
hypertrophic,0.0005439074206224,en,scrubs
rollerblade,0.0005439074206224,en,scrubs
alfre,0.0005439074206224,en,scrubs
sclerosis,0.0005439074206224,en,scrubs
tugboat,0.0005439074206224,en,scrubs
interviewer,0.0005439074206224,en,scrubs
rog,0.0005439074206224,en,scrubs
luau,0.0005439074206224,en,scrubs
chachi,0.0005439074206224,en,scrubs
numbnut,0.0005439074206224,en,scrubs
obstetric,0.0005439074206224,en,scrubs
asexual,0.0005439074206224,en,scrubs
diminished,0.0005439074206224,en,scrubs
macke,0.0005439074206224,en,scrubs
approachable,0.0005439074206224,en,scrubs
hummus,0.0005439074206224,en,scrubs
shakira,0.0005439074206224,en,scrubs
complementary,0.0005439074206224,en,scrubs
brighten,0.0005432243060608,en,scrubs
anecdote,0.0005432243060608,en,scrubs
nana,0.0005432243060608,en,scrubs
overslept,0.0005432243060608,en,scrubs
holme,0.0005432243060608,en,scrubs
slimy,0.0005432243060608,en,scrubs
perky,0.0005432243060608,en,scrubs
incapacitate,0.0005432243060608,en,scrubs
snooze,0.0005432243060608,en,scrubs
raisin,0.0005432243060608,en,scrubs
wretched,0.0005432243060608,en,scrubs
defence,0.0005432243060608,en,scrubs
recycling,0.0005432243060608,en,scrubs
fetus,0.0005432243060608,en,scrubs
shush,0.0005432243060608,en,scrubs
gee,0.0005431934248564,en,scrubs
exhaust,0.0005431934248564,en,scrubs
length,0.0005431934248564,en,scrubs
bench,0.0005431934248564,en,scrubs
grocery,0.0005431934248564,en,scrubs
curtain,0.0005431934248564,en,scrubs
entertain,0.0005431934248564,en,scrubs
shock,0.0005413854138268,en,scrubs
frame,0.0005411749623761,en,scrubs
sarcasm,0.0005391444705937,en,scrubs
chili,0.0005391444705937,en,scrubs
finding,0.0005391444705937,en,scrubs
marble,0.0005391444705937,en,scrubs
stabilize,0.0005391444705937,en,scrubs
altar,0.0005391444705937,en,scrubs
fade,0.0005384519974374,en,scrubs
painting,0.0005384519974374,en,scrubs
breakdown,0.0005384519974374,en,scrubs
charm,0.0005367560732638,en,scrubs
pitt,0.0005355874375913,en,scrubs
mocha,0.0005355874375913,en,scrubs
kosher,0.0005355874375913,en,scrubs
newlywed,0.0005355874375913,en,scrubs
gregory,0.0005355874375913,en,scrubs
hmm,0.0005355874375913,en,scrubs
splendid,0.0005355874375913,en,scrubs
relentless,0.0005355874375913,en,scrubs
soulless,0.0005355874375913,en,scrubs
significant,0.0005337717514359,en,scrubs
swell,0.0005337717514359,en,scrubs
correctly,0.0005337717514359,en,scrubs
pan,0.0005337717514359,en,scrubs
swap,0.0005337717514359,en,scrubs
crystal,0.0005337717514359,en,scrubs
amusing,0.0005337205514404,en,scrubs
blindfold,0.0005337205514404,en,scrubs
glimpse,0.0005337205514404,en,scrubs
napkin,0.0005337205514404,en,scrubs
pumpkin,0.0005337205514404,en,scrubs
defy,0.0005337205514404,en,scrubs
slippery,0.0005337205514404,en,scrubs
rookie,0.0005337205514404,en,scrubs
cult,0.0005337205514404,en,scrubs
unload,0.0005337205514404,en,scrubs
comedy,0.0005337205514404,en,scrubs
grandparent,0.0005337205514404,en,scrubs
silent,0.0005323815958488,en,scrubs
peek,0.0005291511280255,en,scrubs
engagement,0.0005291511280255,en,scrubs
humanity,0.0005291511280255,en,scrubs
furniture,0.0005291511280255,en,scrubs
march,0.0005291511280255,en,scrubs
fracture,0.0005283961593764,en,scrubs
wrinkle,0.0005283961593764,en,scrubs
user,0.0005283961593764,en,scrubs
lace,0.0005283961593764,en,scrubs
overall,0.0005283961593764,en,scrubs
spa,0.0005283961593764,en,scrubs
assemble,0.0005283961593764,en,scrubs
settlement,0.0005283961593764,en,scrubs
saddle,0.0005283961593764,en,scrubs
conceive,0.0005283961593764,en,scrubs
kitty,0.0005283961593764,en,scrubs
syllable,0.0005282094964807,en,scrubs
tha,0.0005282094964807,en,scrubs
neighbourhood,0.0005282094964807,en,scrubs
moist,0.0005282094964807,en,scrubs
compassionate,0.0005282094964807,en,scrubs
inadequate,0.0005282094964807,en,scrubs
distinctly,0.0005282094964807,en,scrubs
erection,0.0005282094964807,en,scrubs
romantically,0.0005282094964807,en,scrubs
milkshake,0.0005282094964807,en,scrubs
yike,0.0005282094964807,en,scrubs
euphemism,0.0005282094964807,en,scrubs
tivo,0.0005282094964807,en,scrubs
inevitably,0.0005282094964807,en,scrubs
gullible,0.0005282094964807,en,scrubs
rockin,0.0005282094964807,en,scrubs
ferret,0.0005282094964807,en,scrubs
angle,0.0005280506462942,en,scrubs
contract,0.0005280506462942,en,scrubs
malik,0.0005268187966913,en,scrubs
angina,0.0005268187966913,en,scrubs
bylaw,0.0005268187966913,en,scrubs
anesthesiologist,0.0005268187966913,en,scrubs
int,0.0005268187966913,en,scrubs
tangent,0.0005268187966913,en,scrubs
foreskin,0.0005268187966913,en,scrubs
entendre,0.0005268187966913,en,scrubs
anorexia,0.0005268187966913,en,scrubs
pringle,0.0005268187966913,en,scrubs
tapas,0.0005268187966913,en,scrubs
fibrosis,0.0005268187966913,en,scrubs
abbreviate,0.0005268187966913,en,scrubs
scintillate,0.0005268187966913,en,scrubs
bunion,0.0005268187966913,en,scrubs
lastly,0.0005268187966913,en,scrubs
patronise,0.0005268187966913,en,scrubs
crystallize,0.0005268187966913,en,scrubs
impotence,0.0005268187966913,en,scrubs
boudoir,0.0005268187966913,en,scrubs
boomer,0.0005268187966913,en,scrubs
congestive,0.0005268187966913,en,scrubs
waterworks,0.0005268187966913,en,scrubs
touchin,0.0005268187966913,en,scrubs
ook,0.0005268187966913,en,scrubs
buena,0.0005268187966913,en,scrubs
vitality,0.0005268187966913,en,scrubs
toughie,0.0005268187966913,en,scrubs
scurvy,0.0005268187966913,en,scrubs
draggin,0.0005268187966913,en,scrubs
doobie,0.0005268187966913,en,scrubs
transfuse,0.0005268187966913,en,scrubs
inuit,0.0005268187966913,en,scrubs
bobblehead,0.0005268187966913,en,scrubs
lipped,0.0005268187966913,en,scrubs
gait,0.0005268187966913,en,scrubs
groomsman,0.0005268187966913,en,scrubs
everest,0.0005268187966913,en,scrubs
buh,0.0005268187966913,en,scrubs
wheelie,0.0005268187966913,en,scrubs
knievel,0.0005268187966913,en,scrubs
khaki,0.0005268187966913,en,scrubs
klaus,0.0005268187966913,en,scrubs
fresca,0.0005268187966913,en,scrubs
prideful,0.0005268187966913,en,scrubs
jefferson,0.0005268187966913,en,scrubs
cable,0.0005245886272068,en,scrubs
replacement,0.0005245886272068,en,scrubs
snack,0.0005245886272068,en,scrubs
calendar,0.0005245886272068,en,scrubs
bolt,0.0005245886272068,en,scrubs
meter,0.0005245886272068,en,scrubs
lack,0.000523762366887,en,scrubs
alcohol,0.000523762366887,en,scrubs
accuse,0.000523762366887,en,scrubs
tribe,0.0005231677075434,en,scrubs
juicy,0.0005231677075434,en,scrubs
ranger,0.0005231677075434,en,scrubs
wig,0.0005231677075434,en,scrubs
reply,0.0005231677075434,en,scrubs
cautious,0.0005231677075434,en,scrubs
weep,0.0005231677075434,en,scrubs
waitin,0.0005210734991632,en,scrubs
remission,0.0005210734991632,en,scrubs
barry,0.0005210734991632,en,scrubs
narcissistic,0.0005210734991632,en,scrubs
tinkle,0.0005210734991632,en,scrubs
windy,0.0005210734991632,en,scrubs
morgan,0.0005210734991632,en,scrubs
scavenger,0.0005210734991632,en,scrubs
mildly,0.0005210734991632,en,scrubs
chime,0.0005210734991632,en,scrubs
ricky,0.0005210734991632,en,scrubs
funk,0.0005210734991632,en,scrubs
neurological,0.0005210734991632,en,scrubs
fluff,0.0005210734991632,en,scrubs
pamphlet,0.0005210734991632,en,scrubs
predict,0.0005200828048838,en,scrubs
absolute,0.0005200828048838,en,scrubs
expression,0.0005200828048838,en,scrubs
qualified,0.0005200828048838,en,scrubs
reservation,0.0005200828048838,en,scrubs
recovery,0.0005200828048838,en,scrubs
protocol,0.0005200828048838,en,scrubs
assistant,0.0005195159250191,en,scrubs
version,0.0005195159250191,en,scrubs
involved,0.0005180317995562,en,scrubs
kitten,0.0005180317995562,en,scrubs
fetch,0.0005180317995562,en,scrubs
hypocrite,0.0005180317995562,en,scrubs
restore,0.0005156322701201,en,scrubs
unable,0.0005156322701201,en,scrubs
dot,0.0005156322701201,en,scrubs
solution,0.0005153105122165,en,scrubs
whiz,0.000514164080127,en,scrubs
following,0.000514164080127,en,scrubs
literal,0.000514164080127,en,scrubs
roadblock,0.000514164080127,en,scrubs
emphasis,0.000514164080127,en,scrubs
flashback,0.000514164080127,en,scrubs
replica,0.000514164080127,en,scrubs
handed,0.000514164080127,en,scrubs
wayne,0.000514164080127,en,scrubs
jockey,0.000514164080127,en,scrubs
melon,0.000514164080127,en,scrubs
convertible,0.000514164080127,en,scrubs
bronze,0.000514164080127,en,scrubs
harvey,0.000514164080127,en,scrubs
diver,0.000514164080127,en,scrubs
thorn,0.000514164080127,en,scrubs
brow,0.000514164080127,en,scrubs
landlord,0.0005129852162506,en,scrubs
nazi,0.0005129852162506,en,scrubs
essentially,0.0005129852162506,en,scrubs
felony,0.0005129852162506,en,scrubs
briefcase,0.0005129852162506,en,scrubs
dvd,0.0005129852162506,en,scrubs
flavour,0.0005115325016893,en,scrubs
twa,0.0005115325016893,en,scrubs
dictation,0.0005115325016893,en,scrubs
myocardial,0.0005115325016893,en,scrubs
franck,0.0005115325016893,en,scrubs
hepburn,0.0005115325016893,en,scrubs
newton,0.0005115325016893,en,scrubs
winkle,0.0005115325016893,en,scrubs
methink,0.0005115325016893,en,scrubs
incontinence,0.0005115325016893,en,scrubs
ionely,0.0005115325016893,en,scrubs
immersion,0.0005115325016893,en,scrubs
sabe,0.0005115325016893,en,scrubs
frodo,0.0005115325016893,en,scrubs
undie,0.0005115325016893,en,scrubs
expertly,0.0005115325016893,en,scrubs
atta,0.0005115325016893,en,scrubs
bab,0.0005115325016893,en,scrubs
bourne,0.0005115325016893,en,scrubs
tipsy,0.0005115325016893,en,scrubs
hmph,0.0005115325016893,en,scrubs
bunkmate,0.0005115325016893,en,scrubs
chillax,0.0005115325016893,en,scrubs
circumcision,0.0005115325016893,en,scrubs
colonoscopy,0.0005115325016893,en,scrubs
whooping,0.0005115325016893,en,scrubs
hari,0.0005115325016893,en,scrubs
fable,0.0005115325016893,en,scrubs
coli,0.0005115325016893,en,scrubs
ducky,0.0005115325016893,en,scrubs
tapioca,0.0005115325016893,en,scrubs
colic,0.0005115325016893,en,scrubs
bejesus,0.0005115325016893,en,scrubs
fer,0.0005115325016893,en,scrubs
nightstick,0.0005115325016893,en,scrubs
dally,0.0005115325016893,en,scrubs
staffer,0.0005115325016893,en,scrubs
internationally,0.0005115325016893,en,scrubs
tricycle,0.0005115325016893,en,scrubs
prepubescent,0.0005115325016893,en,scrubs
refresher,0.0005115325016893,en,scrubs
pippin,0.0005115325016893,en,scrubs
haloperidol,0.0005115325016893,en,scrubs
porcupine,0.0005115325016893,en,scrubs
vapid,0.0005115325016893,en,scrubs
poppycock,0.0005115325016893,en,scrubs
goosebump,0.0005115325016893,en,scrubs
photoshoppe,0.0005115325016893,en,scrubs
bake,0.0005112356825616,en,scrubs
declare,0.0005112356825616,en,scrubs
secretary,0.0005112356825616,en,scrubs
technique,0.0005112356825616,en,scrubs
blackmail,0.0005112356825616,en,scrubs
signal,0.0005111453432157,en,scrubs
medium,0.0005111453432157,en,scrubs
reel,0.0005080249035644,en,scrubs
keen,0.0005080249035644,en,scrubs
braid,0.0005074672926852,en,scrubs
hype,0.0005074672926852,en,scrubs
talker,0.0005074672926852,en,scrubs
cappuccino,0.0005074672926852,en,scrubs
titanium,0.0005074672926852,en,scrubs
fetal,0.0005074672926852,en,scrubs
graft,0.0005074672926852,en,scrubs
deodorant,0.0005074672926852,en,scrubs
workin,0.0005074672926852,en,scrubs
stinky,0.0005074672926852,en,scrubs
colored,0.0005074672926852,en,scrubs
mojo,0.0005074672926852,en,scrubs
stride,0.0005074672926852,en,scrubs
maine,0.0005074672926852,en,scrubs
prognosis,0.0005074672926852,en,scrubs
ignite,0.0005074672926852,en,scrubs
highness,0.0005074672926852,en,scrubs
mission,0.0005070196550839,en,scrubs
army,0.0005070196550839,en,scrubs
aim,0.0005068917500125,en,scrubs
assign,0.0005068917500125,en,scrubs
lost,0.0005068917500125,en,scrubs
poker,0.0005068917500125,en,scrubs
ultimate,0.0005068917500125,en,scrubs
disappointed,0.0005068917500125,en,scrubs
grip,0.0005068917500125,en,scrubs
applause,0.0005031479614365,en,scrubs
steer,0.0005031479614365,en,scrubs
chopper,0.0005031479614365,en,scrubs
defensive,0.0005031479614365,en,scrubs
capable,0.0005029327063797,en,scrubs
alien,0.0005025992261564,en,scrubs
cardboard,0.0005009704394968,en,scrubs
catchy,0.0005009704394968,en,scrubs
oatmeal,0.0005009704394968,en,scrubs
syringe,0.0005009704394968,en,scrubs
swam,0.0005009704394968,en,scrubs
stoop,0.0005009704394968,en,scrubs
manhood,0.0005009704394968,en,scrubs
hangin,0.0005009704394968,en,scrubs
kiddo,0.0005009704394968,en,scrubs
irregular,0.0005009704394968,en,scrubs
fatigue,0.0005009704394968,en,scrubs
supermodel,0.0005009704394968,en,scrubs
brainstorm,0.0005009704394968,en,scrubs
banner,0.0005009704394968,en,scrubs
delirious,0.0005009704394968,en,scrubs
government,0.0004988837763539,en,scrubs
attempt,0.0004988837763539,en,scrubs
advise,0.0004983569084092,en,scrubs
foreign,0.0004983569084092,en,scrubs
messenger,0.0004983516336238,en,scrubs
psychological,0.0004983516336238,en,scrubs
disturbing,0.0004983516336238,en,scrubs
evolve,0.0004983516336238,en,scrubs
rapid,0.0004983516336238,en,scrubs
inspiration,0.0004983516336238,en,scrubs
roadie,0.0004977043658257,en,scrubs
consequently,0.0004977043658257,en,scrubs
madder,0.0004977043658257,en,scrubs
inflection,0.0004977043658257,en,scrubs
duckling,0.0004977043658257,en,scrubs
shaped,0.0004977043658257,en,scrubs
joanna,0.0004977043658257,en,scrubs
luge,0.0004977043658257,en,scrubs
uppity,0.0004977043658257,en,scrubs
irene,0.0004977043658257,en,scrubs
inflatable,0.0004977043658257,en,scrubs
jaundice,0.0004977043658257,en,scrubs
lipo,0.0004977043658257,en,scrubs
styx,0.0004977043658257,en,scrubs
exuberant,0.0004977043658257,en,scrubs
whitaker,0.0004977043658257,en,scrubs
beemer,0.0004977043658257,en,scrubs
stirrup,0.0004977043658257,en,scrubs
gayer,0.0004977043658257,en,scrubs
kilimanjaro,0.0004977043658257,en,scrubs
kissy,0.0004977043658257,en,scrubs
crier,0.0004977043658257,en,scrubs
propel,0.0004977043658257,en,scrubs
connelly,0.0004977043658257,en,scrubs
lightheaded,0.0004977043658257,en,scrubs
bloodwork,0.0004977043658257,en,scrubs
spoonful,0.0004977043658257,en,scrubs
horrifying,0.0004977043658257,en,scrubs
spiffy,0.0004977043658257,en,scrubs
vac,0.0004977043658257,en,scrubs
endocrine,0.0004977043658257,en,scrubs
pedro,0.0004977043658257,en,scrubs
bobcat,0.0004977043658257,en,scrubs
tracksuit,0.0004977043658257,en,scrubs
crinkle,0.0004977043658257,en,scrubs
ack,0.0004977043658257,en,scrubs
disturbingly,0.0004977043658257,en,scrubs
dre,0.0004977043658257,en,scrubs
nub,0.0004977043658257,en,scrubs
wicker,0.0004977043658257,en,scrubs
wiz,0.0004977043658257,en,scrubs
allie,0.0004977043658257,en,scrubs
spitballe,0.0004977043658257,en,scrubs
goodbyes,0.0004977043658257,en,scrubs
nelly,0.0004977043658257,en,scrubs
suicide,0.0004948721641864,en,scrubs
circumstance,0.0004948721641864,en,scrubs
hunt,0.0004948721641864,en,scrubs
shoo,0.0004946619276612,en,scrubs
prolong,0.0004946619276612,en,scrubs
ahem,0.0004946619276612,en,scrubs
intestine,0.0004946619276612,en,scrubs
swelling,0.0004946619276612,en,scrubs
controversial,0.0004946619276612,en,scrubs
tattooed,0.0004946619276612,en,scrubs
disability,0.0004946619276612,en,scrubs
bargaining,0.0004946619276612,en,scrubs
handiwork,0.0004946619276612,en,scrubs
reward,0.0004941636358966,en,scrubs
grief,0.0004941636358966,en,scrubs
shell,0.0004941636358966,en,scrubs
pilot,0.0004941636358966,en,scrubs
hiding,0.0004941636358966,en,scrubs
tale,0.0004941636358966,en,scrubs
cramp,0.0004936332983465,en,scrubs
fitting,0.0004936332983465,en,scrubs
affection,0.0004936332983465,en,scrubs
variety,0.0004936332983465,en,scrubs
represent,0.0004908971882579,en,scrubs
general,0.0004908971882579,en,scrubs
reject,0.0004900182875477,en,scrubs
frightened,0.0004889904596811,en,scrubs
integrity,0.0004889904596811,en,scrubs
chunk,0.0004889904596811,en,scrubs
pharmaceutical,0.0004889904596811,en,scrubs
driveway,0.0004889904596811,en,scrubs
stiff,0.0004889904596811,en,scrubs
latin,0.0004889904596811,en,scrubs
email,0.0004889904596811,en,scrubs
alternate,0.0004889904596811,en,scrubs
prejudice,0.0004885311442303,en,scrubs
macho,0.0004885311442303,en,scrubs
winning,0.0004885311442303,en,scrubs
swimmer,0.0004885311442303,en,scrubs
dissect,0.0004885311442303,en,scrubs
coupon,0.0004885311442303,en,scrubs
calf,0.0004885311442303,en,scrubs
exclusively,0.0004885311442303,en,scrubs
callous,0.0004885311442303,en,scrubs
twilight,0.0004885311442303,en,scrubs
poof,0.0004885311442303,en,scrubs
available,0.0004869581854556,en,scrubs
tea,0.0004869581854556,en,scrubs
financial,0.0004859197802956,en,scrubs
appeal,0.0004859197802956,en,scrubs
newspaper,0.0004859197802956,en,scrubs
cirrhosis,0.0004850802668557,en,scrubs
ccs,0.0004850802668557,en,scrubs
gah,0.0004850802668557,en,scrubs
soulmate,0.0004850802668557,en,scrubs
benson,0.0004850802668557,en,scrubs
reuben,0.0004850802668557,en,scrubs
racially,0.0004850802668557,en,scrubs
heebie,0.0004850802668557,en,scrubs
hoagie,0.0004850802668557,en,scrubs
mediterranean,0.0004850802668557,en,scrubs
pathologist,0.0004850802668557,en,scrubs
antihistamine,0.0004850802668557,en,scrubs
java,0.0004850802668557,en,scrubs
nutritional,0.0004850802668557,en,scrubs
testicular,0.0004850802668557,en,scrubs
invariably,0.0004850802668557,en,scrubs
curiously,0.0004850802668557,en,scrubs
obese,0.0004850802668557,en,scrubs
smacking,0.0004850802668557,en,scrubs
drivel,0.0004850802668557,en,scrubs
prozac,0.0004850802668557,en,scrubs
dexterity,0.0004850802668557,en,scrubs
grandeur,0.0004850802668557,en,scrubs
thesaurus,0.0004850802668557,en,scrubs
teflon,0.0004850802668557,en,scrubs
barbershop,0.0004850802668557,en,scrubs
utensil,0.0004850802668557,en,scrubs
lovemake,0.0004850802668557,en,scrubs
thinner,0.0004850802668557,en,scrubs
polyp,0.0004850802668557,en,scrubs
oof,0.0004850802668557,en,scrubs
daiquiri,0.0004850802668557,en,scrubs
birdseed,0.0004850802668557,en,scrubs
brie,0.0004850802668557,en,scrubs
thumper,0.0004850802668557,en,scrubs
overbearing,0.0004850802668557,en,scrubs
panicky,0.0004850802668557,en,scrubs
daunt,0.0004850802668557,en,scrubs
steed,0.0004850802668557,en,scrubs
scrunchie,0.0004850802668557,en,scrubs
lettering,0.0004850802668557,en,scrubs
blubber,0.0004850802668557,en,scrubs
originally,0.0004844207396316,en,scrubs
papa,0.0004844207396316,en,scrubs
elephant,0.0004844207396316,en,scrubs
hesitate,0.0004844207396316,en,scrubs
select,0.0004844207396316,en,scrubs
butterfly,0.0004844207396316,en,scrubs
improvement,0.0004844207396316,en,scrubs
righteous,0.0004844207396316,en,scrubs
rhythm,0.0004844207396316,en,scrubs
presume,0.0004844207396316,en,scrubs
theory,0.0004830545105085,en,scrubs
glitter,0.0004825683487811,en,scrubs
flier,0.0004825683487811,en,scrubs
internship,0.0004825683487811,en,scrubs
pointer,0.0004825683487811,en,scrubs
jeremy,0.0004825683487811,en,scrubs
maternity,0.0004825683487811,en,scrubs
flunk,0.0004825683487811,en,scrubs
viral,0.0004825683487811,en,scrubs
broadway,0.0004825683487811,en,scrubs
respectful,0.0004825683487811,en,scrubs
classmate,0.0004825683487811,en,scrubs
punishment,0.0004818670673789,en,scrubs
thrill,0.0004818670673789,en,scrubs
quote,0.0004818670673789,en,scrubs
ladder,0.0004799218708158,en,scrubs
jealousy,0.0004799218708158,en,scrubs
enormous,0.0004799218708158,en,scrubs
photographer,0.0004799218708158,en,scrubs
fugitive,0.0004799218708158,en,scrubs
ditch,0.0004778591367367,en,scrubs
unfortunate,0.0004778591367367,en,scrubs
splatter,0.0004767645803171,en,scrubs
childbirth,0.0004767645803171,en,scrubs
jinx,0.0004767645803171,en,scrubs
blee,0.0004767645803171,en,scrubs
compulsive,0.0004767645803171,en,scrubs
addicted,0.0004767645803171,en,scrubs
prominent,0.0004767645803171,en,scrubs
specialist,0.0004754916897092,en,scrubs
loosen,0.0004754916897092,en,scrubs
skeleton,0.0004754916897092,en,scrubs
freezer,0.0004754916897092,en,scrubs
dash,0.0004754916897092,en,scrubs
beam,0.0004754916897092,en,scrubs
passionate,0.0004754916897092,en,scrubs
assignment,0.0004738950094921,en,scrubs
product,0.0004738950094921,en,scrubs
tempo,0.0004734672215454,en,scrubs
crippling,0.0004734672215454,en,scrubs
espn,0.0004734672215454,en,scrubs
writhe,0.0004734672215454,en,scrubs
lyme,0.0004734672215454,en,scrubs
ruptured,0.0004734672215454,en,scrubs
unconditionally,0.0004734672215454,en,scrubs
carcinoma,0.0004734672215454,en,scrubs
bop,0.0004734672215454,en,scrubs
leavin,0.0004734672215454,en,scrubs
miscarry,0.0004734672215454,en,scrubs
gilmore,0.0004734672215454,en,scrubs
beeswax,0.0004734672215454,en,scrubs
flan,0.0004734672215454,en,scrubs
remembrance,0.0004734672215454,en,scrubs
systemic,0.0004734672215454,en,scrubs
unscrew,0.0004734672215454,en,scrubs
naught,0.0004734672215454,en,scrubs
beaucoup,0.0004734672215454,en,scrubs
monstrosity,0.0004734672215454,en,scrubs
empathize,0.0004734672215454,en,scrubs
wheelbarrow,0.0004734672215454,en,scrubs
flail,0.0004734672215454,en,scrubs
buffoon,0.0004734672215454,en,scrubs
hazelnut,0.0004734672215454,en,scrubs
gallagher,0.0004734672215454,en,scrubs
fanfare,0.0004734672215454,en,scrubs
wreath,0.0004734672215454,en,scrubs
wrinkly,0.0004734672215454,en,scrubs
catfish,0.0004734672215454,en,scrubs
peggy,0.0004734672215454,en,scrubs
internment,0.0004734672215454,en,scrubs
danke,0.0004734672215454,en,scrubs
turnip,0.0004734672215454,en,scrubs
barista,0.0004734672215454,en,scrubs
janine,0.0004734672215454,en,scrubs
jeebie,0.0004734672215454,en,scrubs
airbrush,0.0004734672215454,en,scrubs
petrify,0.0004734672215454,en,scrubs
coldplay,0.0004734672215454,en,scrubs
girdle,0.0004734672215454,en,scrubs
applesauce,0.0004734672215454,en,scrubs
category,0.0004711281303974,en,scrubs
backyard,0.0004711281303974,en,scrubs
guitar,0.0004711281303974,en,scrubs
slim,0.0004711281303974,en,scrubs
passage,0.0004711281303974,en,scrubs
snort,0.0004711115762648,en,scrubs
disrespectful,0.0004711115762648,en,scrubs
healer,0.0004711115762648,en,scrubs
homecoming,0.0004711115762648,en,scrubs
retrace,0.0004711115762648,en,scrubs
clueless,0.0004711115762648,en,scrubs
selling,0.0004711115762648,en,scrubs
cuban,0.0004711115762648,en,scrubs
dispense,0.0004711115762648,en,scrubs
ape,0.0004711115762648,en,scrubs
bathing,0.0004711115762648,en,scrubs
cocoa,0.0004711115762648,en,scrubs
mass,0.0004699737385164,en,scrubs
consent,0.0004668292187914,en,scrubs
perfume,0.0004668292187914,en,scrubs
airplane,0.0004668292187914,en,scrubs
rape,0.0004668292187914,en,scrubs
curve,0.0004668292187914,en,scrubs
butcher,0.0004668292187914,en,scrubs
timer,0.0004668292187914,en,scrubs
impulse,0.0004668292187914,en,scrubs
unusual,0.0004660944070717,en,scrubs
math,0.0004660944070717,en,scrubs
paranoid,0.0004660944070717,en,scrubs
hack,0.0004660944070717,en,scrubs
validate,0.0004656017017274,en,scrubs
chronic,0.0004656017017274,en,scrubs
ledge,0.0004656017017274,en,scrubs
token,0.0004656017017274,en,scrubs
patrick,0.0004656017017274,en,scrubs
decoration,0.0004656017017274,en,scrubs
pantsuit,0.0004627152209761,en,scrubs
decoder,0.0004627152209761,en,scrubs
inflammatory,0.0004627152209761,en,scrubs
wod,0.0004627152209761,en,scrubs
skedaddle,0.0004627152209761,en,scrubs
unsupervised,0.0004627152209761,en,scrubs
tarantula,0.0004627152209761,en,scrubs
mono,0.0004627152209761,en,scrubs
kiwi,0.0004627152209761,en,scrubs
fortitude,0.0004627152209761,en,scrubs
undiscovered,0.0004627152209761,en,scrubs
tach,0.0004627152209761,en,scrubs
lidocaine,0.0004627152209761,en,scrubs
jus,0.0004627152209761,en,scrubs
mousse,0.0004627152209761,en,scrubs
mockingbird,0.0004627152209761,en,scrubs
mascara,0.0004627152209761,en,scrubs
lien,0.0004627152209761,en,scrubs
solidarity,0.0004627152209761,en,scrubs
blowfish,0.0004627152209761,en,scrubs
shebang,0.0004627152209761,en,scrubs
grammy,0.0004627152209761,en,scrubs
slosh,0.0004627152209761,en,scrubs
bane,0.0004627152209761,en,scrubs
wanting,0.0004627152209761,en,scrubs
boner,0.0004627152209761,en,scrubs
youngster,0.0004627152209761,en,scrubs
onward,0.0004627152209761,en,scrubs
gesundheit,0.0004627152209761,en,scrubs
anemia,0.0004627152209761,en,scrubs
droopy,0.0004627152209761,en,scrubs
fro,0.0004627152209761,en,scrubs
condescending,0.0004627152209761,en,scrubs
anchovy,0.0004627152209761,en,scrubs
guzzle,0.0004627152209761,en,scrubs
whisker,0.0004627152209761,en,scrubs
oriental,0.0004627152209761,en,scrubs
ticklish,0.0004627152209761,en,scrubs
unacceptable,0.0004625930672647,en,scrubs
disrespect,0.0004625930672647,en,scrubs
demonstrate,0.0004625930672647,en,scrubs
inevitable,0.0004625930672647,en,scrubs
host,0.0004622561275236,en,scrubs
mickey,0.0004602278874754,en,scrubs
sketchy,0.0004602278874754,en,scrubs
dehydrate,0.0004602278874754,en,scrubs
interaction,0.0004602278874754,en,scrubs
cane,0.0004602278874754,en,scrubs
fairness,0.0004602278874754,en,scrubs
stump,0.0004602278874754,en,scrubs
performance,0.0004584580401228,en,scrubs
overnight,0.0004584580401228,en,scrubs
desire,0.0004584580401228,en,scrubs
facility,0.0004584580401228,en,scrubs
elbow,0.0004584178696772,en,scrubs
comb,0.0004584178696772,en,scrubs
soil,0.0004584178696772,en,scrubs
illness,0.0004584178696772,en,scrubs
immune,0.0004584178696772,en,scrubs
crane,0.0004549835754108,en,scrubs
dough,0.0004549835754108,en,scrubs
orientation,0.0004549835754108,en,scrubs
coconut,0.0004549835754108,en,scrubs
ingest,0.0004549835754108,en,scrubs
uncanny,0.0004549835754108,en,scrubs
anyways,0.0004549835754108,en,scrubs
signing,0.0004549835754108,en,scrubs
superstar,0.0004549835754108,en,scrubs
hill,0.0004546993118488,en,scrubs
identity,0.0004546993118488,en,scrubs
missing,0.0004543018967507,en,scrubs
troop,0.0004543018967507,en,scrubs
reminder,0.0004543018967507,en,scrubs
seize,0.0004543018967507,en,scrubs
skirt,0.0004543018967507,en,scrubs
merry,0.0004543018967507,en,scrubs
necklace,0.0004543018967507,en,scrubs
fricke,0.0004527053479226,en,scrubs
victorious,0.0004527053479226,en,scrubs
karmic,0.0004527053479226,en,scrubs
pester,0.0004527053479226,en,scrubs
jiff,0.0004527053479226,en,scrubs
morrow,0.0004527053479226,en,scrubs
limber,0.0004527053479226,en,scrubs
groovy,0.0004527053479226,en,scrubs
thudding,0.0004527053479226,en,scrubs
eggplant,0.0004527053479226,en,scrubs
vite,0.0004527053479226,en,scrubs
collectible,0.0004527053479226,en,scrubs
fajita,0.0004527053479226,en,scrubs
snafu,0.0004527053479226,en,scrubs
egomaniac,0.0004527053479226,en,scrubs
darcy,0.0004527053479226,en,scrubs
confidant,0.0004527053479226,en,scrubs
lassie,0.0004527053479226,en,scrubs
wasp,0.0004527053479226,en,scrubs
fluorescent,0.0004527053479226,en,scrubs
ahoy,0.0004527053479226,en,scrubs
octopus,0.0004527053479226,en,scrubs
segue,0.0004527053479226,en,scrubs
census,0.0004527053479226,en,scrubs
kangaroo,0.0004527053479226,en,scrubs
rapper,0.0004527053479226,en,scrubs
coincidentally,0.0004527053479226,en,scrubs
haitian,0.0004527053479226,en,scrubs
telemarketer,0.0004527053479226,en,scrubs
ailment,0.0004527053479226,en,scrubs
panther,0.0004527053479226,en,scrubs
hairdo,0.0004527053479226,en,scrubs
futon,0.0004527053479226,en,scrubs
dee,0.0004527053479226,en,scrubs
tick,0.0004509791353134,en,scrubs
flush,0.0004509791353134,en,scrubs
gate,0.0004509791353134,en,scrubs
stumble,0.0004502434917693,en,scrubs
mighty,0.0004502434917693,en,scrubs
strain,0.0004502434917693,en,scrubs
gag,0.0004502434917693,en,scrubs
sergeant,0.0004502434917693,en,scrubs
brink,0.0004498626704488,en,scrubs
geez,0.0004498626704488,en,scrubs
shakespeare,0.0004498626704488,en,scrubs
dependent,0.0004498626704488,en,scrubs
slay,0.0004498626704488,en,scrubs
sorta,0.0004498626704488,en,scrubs
pasta,0.0004498626704488,en,scrubs
frown,0.0004498626704488,en,scrubs
fortune,0.0004472967277198,en,scrubs
bloody,0.0004472967277198,en,scrubs
current,0.0004472967277198,en,scrubs
trigger,0.0004472967277198,en,scrubs
combine,0.0004462410665751,en,scrubs
ounce,0.0004462410665751,en,scrubs
identical,0.0004462410665751,en,scrubs
setup,0.0004462410665751,en,scrubs
hollow,0.0004462410665751,en,scrubs
helpless,0.0004462410665751,en,scrubs
parade,0.0004462410665751,en,scrubs
scent,0.0004462410665751,en,scrubs
obligation,0.0004462410665751,en,scrubs
craving,0.0004448594979319,en,scrubs
unlucky,0.0004448594979319,en,scrubs
loathe,0.0004448594979319,en,scrubs
fury,0.0004448594979319,en,scrubs
outbreak,0.0004448594979319,en,scrubs
departure,0.0004448594979319,en,scrubs
tacky,0.0004448594979319,en,scrubs
sperm,0.0004448594979319,en,scrubs
cheating,0.0004448594979319,en,scrubs
spouse,0.0004448594979319,en,scrubs
creep,0.000443651329874,en,scrubs
behavior,0.000443651329874,en,scrubs
priority,0.000443651329874,en,scrubs
garden,0.000443651329874,en,scrubs
procedural,0.0004433417370202,en,scrubs
lawfully,0.0004433417370202,en,scrubs
copi,0.0004433417370202,en,scrubs
ail,0.0004433417370202,en,scrubs
kayak,0.0004433417370202,en,scrubs
scold,0.0004433417370202,en,scrubs
dan,0.0004433417370202,en,scrubs
weatherman,0.0004433417370202,en,scrubs
tourniquet,0.0004433417370202,en,scrubs
unnecessarily,0.0004433417370202,en,scrubs
climber,0.0004433417370202,en,scrubs
aryan,0.0004433417370202,en,scrubs
pec,0.0004433417370202,en,scrubs
hem,0.0004433417370202,en,scrubs
gloating,0.0004433417370202,en,scrubs
vivian,0.0004433417370202,en,scrubs
yak,0.0004433417370202,en,scrubs
rafter,0.0004433417370202,en,scrubs
tortilla,0.0004433417370202,en,scrubs
pucker,0.0004433417370202,en,scrubs
soprano,0.0004433417370202,en,scrubs
irreplaceable,0.0004433417370202,en,scrubs
nook,0.0004433417370202,en,scrubs
alia,0.0004433417370202,en,scrubs
eileen,0.0004433417370202,en,scrubs
incessant,0.0004433417370202,en,scrubs
menthol,0.0004433417370202,en,scrubs
differential,0.0004433417370202,en,scrubs
alcoholism,0.0004433417370202,en,scrubs
indentation,0.0004433417370202,en,scrubs
risotto,0.0004433417370202,en,scrubs
blaster,0.0004433417370202,en,scrubs
agility,0.0004433417370202,en,scrubs
grouchy,0.0004433417370202,en,scrubs
baggy,0.0004433417370202,en,scrubs
chink,0.0004433417370202,en,scrubs
breed,0.0004422930978371,en,scrubs
waiting,0.0004422930978371,en,scrubs
worthy,0.0004422930978371,en,scrubs
booth,0.0004422930978371,en,scrubs
definition,0.0004422930978371,en,scrubs
occupy,0.0004422930978371,en,scrubs
mud,0.0004422930978371,en,scrubs
shred,0.0004422930978371,en,scrubs
ideal,0.0004422930978371,en,scrubs
download,0.0004422930978371,en,scrubs
useful,0.0004400422052451,en,scrubs
casket,0.0004399687658306,en,scrubs
cape,0.0004399687658306,en,scrubs
marathon,0.0004399687658306,en,scrubs
mike,0.0004399687658306,en,scrubs
uptight,0.0004399687658306,en,scrubs
cub,0.0004399687658306,en,scrubs
opener,0.0004399687658306,en,scrubs
filth,0.0004399687658306,en,scrubs
attribute,0.0004399687658306,en,scrubs
tan,0.0004399687658306,en,scrubs
helicopter,0.0004383981235703,en,scrubs
spark,0.0004383981235703,en,scrubs
excitement,0.0004383981235703,en,scrubs
virgin,0.0004383981235703,en,scrubs
hundred,0.0004364686390725,en,scrubs
pattern,0.0004364686390725,en,scrubs
route,0.0004364686390725,en,scrubs
terrorism,0.0004351855310985,en,scrubs
keyboard,0.0004351855310985,en,scrubs
shortcut,0.0004351855310985,en,scrubs
intensive,0.0004351855310985,en,scrubs
housekeeper,0.0004351855310985,en,scrubs
hut,0.0004351855310985,en,scrubs
ham,0.0004351855310985,en,scrubs
mustard,0.0004351855310985,en,scrubs
virtually,0.0004351855310985,en,scrubs
cal,0.0004351855310985,en,scrubs
passive,0.0004351855310985,en,scrubs
rider,0.0004351855310985,en,scrubs
feature,0.0004345547398851,en,scrubs
gene,0.0004345547398851,en,scrubs
infect,0.0004345547398851,en,scrubs
everyday,0.0004345547398851,en,scrubs
rut,0.0004345459766001,en,scrubs
pancrea,0.0004345459766001,en,scrubs
masseuse,0.0004345459766001,en,scrubs
impervious,0.0004345459766001,en,scrubs
comme,0.0004345459766001,en,scrubs
alrighty,0.0004345459766001,en,scrubs
serenade,0.0004345459766001,en,scrubs
miscommunication,0.0004345459766001,en,scrubs
clockwise,0.0004345459766001,en,scrubs
opposable,0.0004345459766001,en,scrubs
arterial,0.0004345459766001,en,scrubs
mallet,0.0004345459766001,en,scrubs
squid,0.0004345459766001,en,scrubs
hungarian,0.0004345459766001,en,scrubs
yelp,0.0004345459766001,en,scrubs
morrison,0.0004345459766001,en,scrubs
scrumptious,0.0004345459766001,en,scrubs
equate,0.0004345459766001,en,scrubs
shaman,0.0004345459766001,en,scrubs
gremlin,0.0004345459766001,en,scrubs
autism,0.0004345459766001,en,scrubs
typewriter,0.0004345459766001,en,scrubs
berate,0.0004345459766001,en,scrubs
jorge,0.0004345459766001,en,scrubs
winston,0.0004345459766001,en,scrubs
cheetah,0.0004345459766001,en,scrubs
umm,0.0004345459766001,en,scrubs
query,0.0004345459766001,en,scrubs
gloomy,0.0004345459766001,en,scrubs
gazelle,0.0004345459766001,en,scrubs
fertile,0.0004345459766001,en,scrubs
nauseate,0.0004345459766001,en,scrubs
lil,0.0004345459766001,en,scrubs
orthopedic,0.0004345459766001,en,scrubs
apparatus,0.0004345459766001,en,scrubs
republican,0.0004345459766001,en,scrubs
homely,0.0004345459766001,en,scrubs
maitre,0.0004345459766001,en,scrubs
proper,0.0004329299375159,en,scrubs
shotgun,0.0004307615979499,en,scrubs
fairy,0.0004307615979499,en,scrubs
offend,0.0004307615979499,en,scrubs
fee,0.0004307615979499,en,scrubs
dime,0.0004307615979499,en,scrubs
anonymous,0.0004307615979499,en,scrubs
commence,0.0004305051696463,en,scrubs
funky,0.0004305051696463,en,scrubs
poem,0.0004305051696463,en,scrubs
dislike,0.0004305051696463,en,scrubs
persistent,0.0004305051696463,en,scrubs
interact,0.0004305051696463,en,scrubs
tribute,0.0004305051696463,en,scrubs
soy,0.0004305051696463,en,scrubs
vip,0.0004305051696463,en,scrubs
ramp,0.0004305051696463,en,scrubs
intimacy,0.0004305051696463,en,scrubs
gender,0.0004305051696463,en,scrubs
par,0.0004305051696463,en,scrubs
near,0.000429425426847,en,scrubs
capture,0.000429425426847,en,scrubs
visitor,0.000429425426847,en,scrubs
social,0.000429425426847,en,scrubs
religion,0.0004270174011487,en,scrubs
wisdom,0.0004270174011487,en,scrubs
leap,0.0004270174011487,en,scrubs
unhappy,0.0004270174011487,en,scrubs
gunshot,0.0004270174011487,en,scrubs
foul,0.0004270174011487,en,scrubs
springtime,0.0004262531130891,en,scrubs
enema,0.0004262531130891,en,scrubs
bartende,0.0004262531130891,en,scrubs
liam,0.0004262531130891,en,scrubs
egotistical,0.0004262531130891,en,scrubs
pervy,0.0004262531130891,en,scrubs
ling,0.0004262531130891,en,scrubs
hoover,0.0004262531130891,en,scrubs
genitalia,0.0004262531130891,en,scrubs
retake,0.0004262531130891,en,scrubs
heath,0.0004262531130891,en,scrubs
pimple,0.0004262531130891,en,scrubs
turbo,0.0004262531130891,en,scrubs
fistful,0.0004262531130891,en,scrubs
chronicle,0.0004262531130891,en,scrubs
flagpole,0.0004262531130891,en,scrubs
lovin,0.0004262531130891,en,scrubs
incubator,0.0004262531130891,en,scrubs
watt,0.0004262531130891,en,scrubs
lifeless,0.0004262531130891,en,scrubs
wiper,0.0004262531130891,en,scrubs
sweeten,0.0004262531130891,en,scrubs
improv,0.0004262531130891,en,scrubs
tonsil,0.0004262531130891,en,scrubs
scurry,0.0004262531130891,en,scrubs
ann,0.0004262531130891,en,scrubs
inherently,0.0004262531130891,en,scrubs
putt,0.0004262531130891,en,scrubs
druggie,0.0004262531130891,en,scrubs
pitchfork,0.0004262531130891,en,scrubs
clank,0.0004262531130891,en,scrubs
flolo,0.0004262531130891,en,scrubs
bulimic,0.0004262531130891,en,scrubs
majestic,0.0004262531130891,en,scrubs
piata,0.0004262531130891,en,scrubs
unresponsive,0.0004262531130891,en,scrubs
guacamole,0.0004262531130891,en,scrubs
gramp,0.0004262531130891,en,scrubs
squishy,0.0004262531130891,en,scrubs
gynecologist,0.0004262531130891,en,scrubs
achille,0.0004262531130891,en,scrubs
intention,0.0004259544526798,en,scrubs
ribbon,0.000425923349477,en,scrubs
pact,0.000425923349477,en,scrubs
pupil,0.000425923349477,en,scrubs
spending,0.000425923349477,en,scrubs
squeal,0.000425923349477,en,scrubs
dart,0.000425923349477,en,scrubs
stupidity,0.000425923349477,en,scrubs
supermarket,0.000425923349477,en,scrubs
info,0.0004233209024204,en,scrubs
shield,0.0004233209024204,en,scrubs
shark,0.0004233209024204,en,scrubs
pace,0.0004233209024204,en,scrubs
formal,0.0004233209024204,en,scrubs
blend,0.0004233209024204,en,scrubs
stake,0.0004225163792366,en,scrubs
modify,0.0004214360065913,en,scrubs
rumble,0.0004214360065913,en,scrubs
roam,0.0004214360065913,en,scrubs
narcotic,0.0004214360065913,en,scrubs
mailbox,0.0004214360065913,en,scrubs
tighten,0.0004214360065913,en,scrubs
margarita,0.0004214360065913,en,scrubs
feast,0.0004214360065913,en,scrubs
destructive,0.0004214360065913,en,scrubs
comfy,0.0004214360065913,en,scrubs
elevate,0.0004214360065913,en,scrubs
spontaneous,0.0004214360065913,en,scrubs
smug,0.0004214360065913,en,scrubs
carter,0.0004214360065913,en,scrubs
factor,0.0004196709017654,en,scrubs
secure,0.0004191105886498,en,scrubs
nominee,0.000418408737147,en,scrubs
straddle,0.000418408737147,en,scrubs
toasty,0.000418408737147,en,scrubs
prude,0.000418408737147,en,scrubs
heterosexual,0.000418408737147,en,scrubs
pigtail,0.000418408737147,en,scrubs
trustee,0.000418408737147,en,scrubs
nostril,0.000418408737147,en,scrubs
shoelace,0.000418408737147,en,scrubs
cola,0.000418408737147,en,scrubs
inward,0.000418408737147,en,scrubs
uni,0.000418408737147,en,scrubs
orchestra,0.000418408737147,en,scrubs
beak,0.000418408737147,en,scrubs
affirm,0.000418408737147,en,scrubs
spoiler,0.000418408737147,en,scrubs
fibre,0.000418408737147,en,scrubs
rodney,0.000418408737147,en,scrubs
dribble,0.000418408737147,en,scrubs
argh,0.000418408737147,en,scrubs
locket,0.000418408737147,en,scrubs
antagonize,0.000418408737147,en,scrubs
repression,0.000418408737147,en,scrubs
michigan,0.000418408737147,en,scrubs
recourse,0.000418408737147,en,scrubs
pta,0.000418408737147,en,scrubs
chafe,0.000418408737147,en,scrubs
benedict,0.000418408737147,en,scrubs
jamaican,0.000418408737147,en,scrubs
olden,0.000418408737147,en,scrubs
validation,0.000418408737147,en,scrubs
ballgame,0.000418408737147,en,scrubs
contend,0.000418408737147,en,scrubs
chrome,0.000418408737147,en,scrubs
jackal,0.000418408737147,en,scrubs
sensual,0.000418408737147,en,scrubs
bearded,0.000418408737147,en,scrubs
vertebrae,0.000418408737147,en,scrubs
maverick,0.000418408737147,en,scrubs
soundproof,0.000418408737147,en,scrubs
golfer,0.000418408737147,en,scrubs
clump,0.000418408737147,en,scrubs
understaffed,0.000418408737147,en,scrubs
procreate,0.000418408737147,en,scrubs
inseparable,0.000418408737147,en,scrubs
instill,0.000418408737147,en,scrubs
trading,0.0004170393233277,en,scrubs
obsessive,0.0004170393233277,en,scrubs
experimental,0.0004170393233277,en,scrubs
operative,0.0004170393233277,en,scrubs
heartless,0.0004170393233277,en,scrubs
senator,0.0004170393233277,en,scrubs
google,0.0004170393233277,en,scrubs
korean,0.0004170393233277,en,scrubs
cocaine,0.0004170393233277,en,scrubs
hangover,0.0004170393233277,en,scrubs
ringing,0.0004170393233277,en,scrubs
plus,0.0004170393233277,en,scrubs
nurture,0.0004170393233277,en,scrubs
festival,0.0004170393233277,en,scrubs
grad,0.0004170393233277,en,scrubs
verbal,0.0004170393233277,en,scrubs
cutting,0.0004170393233277,en,scrubs
ping,0.0004170393233277,en,scrubs
romeo,0.0004170393233277,en,scrubs
preach,0.0004170393233277,en,scrubs
noble,0.000416066243907,en,scrubs
peaceful,0.000416066243907,en,scrubs
powder,0.000416066243907,en,scrubs
deny,0.0004157364802949,en,scrubs
cam,0.0004127297088468,en,scrubs
copper,0.0004127297088468,en,scrubs
resolution,0.0004127297088468,en,scrubs
riding,0.0004127297088468,en,scrubs
unavailable,0.0004127297088468,en,scrubs
rejection,0.0004127297088468,en,scrubs
sentiment,0.0004127297088468,en,scrubs
jame,0.0004127297088468,en,scrubs
ish,0.0004127297088468,en,scrubs
showtime,0.0004127297088468,en,scrubs
concentration,0.0004127297088468,en,scrubs
soothe,0.0004127297088468,en,scrubs
payroll,0.0004127297088468,en,scrubs
privately,0.0004127297088468,en,scrubs
political,0.0004125058160961,en,scrubs
spike,0.0004125058160961,en,scrubs
lure,0.0004125058160961,en,scrubs
distraction,0.0004125058160961,en,scrubs
soldier,0.0004123934701553,en,scrubs
clint,0.0004109668180871,en,scrubs
moderately,0.0004109668180871,en,scrubs
snowflake,0.0004109668180871,en,scrubs
impostor,0.0004109668180871,en,scrubs
exempt,0.0004109668180871,en,scrubs
omission,0.0004109668180871,en,scrubs
grub,0.0004109668180871,en,scrubs
mugger,0.0004109668180871,en,scrubs
snarky,0.0004109668180871,en,scrubs
acorn,0.0004109668180871,en,scrubs
cobbler,0.0004109668180871,en,scrubs
warlord,0.0004109668180871,en,scrubs
godmother,0.0004109668180871,en,scrubs
overpay,0.0004109668180871,en,scrubs
geeky,0.0004109668180871,en,scrubs
cojone,0.0004109668180871,en,scrubs
buff,0.0004109668180871,en,scrubs
upbringing,0.0004109668180871,en,scrubs
sparky,0.0004109668180871,en,scrubs
racquetball,0.0004109668180871,en,scrubs
impersonal,0.0004109668180871,en,scrubs
bot,0.0004109668180871,en,scrubs
mitten,0.0004109668180871,en,scrubs
joyous,0.0004109668180871,en,scrubs
wrangle,0.0004109668180871,en,scrubs
renewal,0.0004109668180871,en,scrubs
clang,0.0004109668180871,en,scrubs
ferris,0.0004109668180871,en,scrubs
tolerant,0.0004109668180871,en,scrubs
largely,0.0004109668180871,en,scrubs
amputate,0.0004109668180871,en,scrubs
erectile,0.0004109668180871,en,scrubs
trivium,0.0004109668180871,en,scrubs
jim,0.0004109668180871,en,scrubs
roulette,0.0004109668180871,en,scrubs
path,0.0004090809902149,en,scrubs
collect,0.0004090809902149,en,scrubs
audience,0.0004089885460492,en,scrubs
management,0.0004089885460492,en,scrubs
meth,0.0004085037815115,en,scrubs
wee,0.0004085037815115,en,scrubs
clumsy,0.0004085037815115,en,scrubs
freeway,0.0004085037815115,en,scrubs
motivation,0.0004085037815115,en,scrubs
flattering,0.0004085037815115,en,scrubs
christian,0.0004085037815115,en,scrubs
goody,0.0004085037815115,en,scrubs
perfection,0.0004085037815115,en,scrubs
saturday,0.0004085037815115,en,scrubs
clarify,0.0004085037815115,en,scrubs
jail,0.0004057984878797,en,scrubs
radio,0.0004057984878797,en,scrubs
source,0.0004057984878797,en,scrubs
property,0.0004057984878797,en,scrubs
puzzle,0.00040551340001,en,scrubs
impact,0.00040551340001,en,scrubs
mid,0.00040551340001,en,scrubs
tuck,0.00040551340001,en,scrubs
gentle,0.00040551340001,en,scrubs
divide,0.00040551340001,en,scrubs
delight,0.0004043583529452,en,scrubs
perception,0.0004043583529452,en,scrubs
pistol,0.0004043583529452,en,scrubs
dissolve,0.0004043583529452,en,scrubs
babysitter,0.0004043583529452,en,scrubs
bash,0.0004043583529452,en,scrubs
delicately,0.0004038880672094,en,scrubs
shorthand,0.0004038880672094,en,scrubs
epi,0.0004038880672094,en,scrubs
hyperventilate,0.0004038880672094,en,scrubs
hillside,0.0004038880672094,en,scrubs
messin,0.0004038880672094,en,scrubs
lovey,0.0004038880672094,en,scrubs
senor,0.0004038880672094,en,scrubs
crouch,0.0004038880672094,en,scrubs
mindless,0.0004038880672094,en,scrubs
hallelujah,0.0004038880672094,en,scrubs
mesh,0.0004038880672094,en,scrubs
furthermore,0.0004038880672094,en,scrubs
furnish,0.0004038880672094,en,scrubs
laxative,0.0004038880672094,en,scrubs
sculpt,0.0004038880672094,en,scrubs
leaky,0.0004038880672094,en,scrubs
rewire,0.0004038880672094,en,scrubs
comforting,0.0004038880672094,en,scrubs
racism,0.0004038880672094,en,scrubs
shirley,0.0004038880672094,en,scrubs
goatee,0.0004038880672094,en,scrubs
dicken,0.0004038880672094,en,scrubs
pedestal,0.0004038880672094,en,scrubs
vietnamese,0.0004038880672094,en,scrubs
jasper,0.0004038880672094,en,scrubs
snail,0.0004038880672094,en,scrubs
julian,0.0004038880672094,en,scrubs
lisa,0.0004038880672094,en,scrubs
vicodin,0.0004038880672094,en,scrubs
boggle,0.0004038880672094,en,scrubs
intestinal,0.0004038880672094,en,scrubs
eatin,0.0004038880672094,en,scrubs
midlife,0.0004038880672094,en,scrubs
icky,0.0004038880672094,en,scrubs
hydrated,0.0004038880672094,en,scrubs
spineless,0.0004038880672094,en,scrubs
gardening,0.0004038880672094,en,scrubs
cassie,0.0004038880672094,en,scrubs
provide,0.0004025454254237,en,scrubs
delicate,0.0004020793809251,en,scrubs
aye,0.0004002904135803,en,scrubs
governor,0.0004002904135803,en,scrubs
valid,0.0004002904135803,en,scrubs
pearl,0.0004002904135803,en,scrubs
notebook,0.0004002904135803,en,scrubs
profession,0.0004002904135803,en,scrubs
underwater,0.0004002904135803,en,scrubs
onion,0.0004002904135803,en,scrubs
universal,0.0004002904135803,en,scrubs
credibility,0.0004002904135803,en,scrubs
association,0.0004002904135803,en,scrubs
access,0.0003993212794609,en,scrubs
noon,0.0003986855267273,en,scrubs
article,0.0003986855267273,en,scrubs
personality,0.0003986855267273,en,scrubs
lavender,0.0003971386822235,en,scrubs
beige,0.0003971386822235,en,scrubs
quiver,0.0003971386822235,en,scrubs
mundane,0.0003971386822235,en,scrubs
hateful,0.0003971386822235,en,scrubs
turtleneck,0.0003971386822235,en,scrubs
pointing,0.0003971386822235,en,scrubs
petting,0.0003971386822235,en,scrubs
luncheon,0.0003971386822235,en,scrubs
kiddin,0.0003971386822235,en,scrubs
chock,0.0003971386822235,en,scrubs
frail,0.0003971386822235,en,scrubs
piper,0.0003971386822235,en,scrubs
bubbly,0.0003971386822235,en,scrubs
nylon,0.0003971386822235,en,scrubs
insatiable,0.0003971386822235,en,scrubs
caramel,0.0003971386822235,en,scrubs
demented,0.0003971386822235,en,scrubs
tally,0.0003971386822235,en,scrubs
thirty,0.0003971386822235,en,scrubs
poppy,0.0003971386822235,en,scrubs
scuffle,0.0003971386822235,en,scrubs
gymnast,0.0003971386822235,en,scrubs
invisibility,0.0003971386822235,en,scrubs
throb,0.0003971386822235,en,scrubs
brilliance,0.0003971386822235,en,scrubs
rsvp,0.0003971386822235,en,scrubs
maim,0.0003971386822235,en,scrubs
pleasantry,0.0003971386822235,en,scrubs
characterize,0.0003971386822235,en,scrubs
armani,0.0003971386822235,en,scrubs
aman,0.0003971386822235,en,scrubs
emt,0.0003971386822235,en,scrubs
underworld,0.0003971386822235,en,scrubs
accompany,0.0003962971195323,en,scrubs
confidentiality,0.0003962971195323,en,scrubs
folder,0.0003962971195323,en,scrubs
homeland,0.0003962971195323,en,scrubs
dressing,0.0003962971195323,en,scrubs
rebecca,0.0003962971195323,en,scrubs
intrigue,0.0003962971195323,en,scrubs
administer,0.0003962971195323,en,scrubs
naturally,0.0003953309087173,en,scrubs
decade,0.0003953309087173,en,scrubs
cigarette,0.0003953309087173,en,scrubs
tax,0.0003953309087173,en,scrubs
structure,0.0003953309087173,en,scrubs
sewer,0.0003923757806575,en,scrubs
assassin,0.0003923757806575,en,scrubs
condo,0.0003923757806575,en,scrubs
mechanism,0.0003923757806575,en,scrubs
crab,0.0003923757806575,en,scrubs
superhero,0.0003923757806575,en,scrubs
deceased,0.0003923757806575,en,scrubs
reschedule,0.0003923757806575,en,scrubs
percentage,0.0003923757806575,en,scrubs
disappointing,0.0003923757806575,en,scrubs
tender,0.0003923757806575,en,scrubs
irrational,0.0003923757806575,en,scrubs
overtime,0.0003923757806575,en,scrubs
reading,0.0003920146300382,en,scrubs
snow,0.0003920146300382,en,scrubs
checkin,0.0003906893710012,en,scrubs
pedicure,0.0003906893710012,en,scrubs
jersey,0.0003906893710012,en,scrubs
floppy,0.0003906893710012,en,scrubs
whoosh,0.0003906893710012,en,scrubs
senile,0.0003906893710012,en,scrubs
paralyzed,0.0003906893710012,en,scrubs
python,0.0003906893710012,en,scrubs
givin,0.0003906893710012,en,scrubs
knitting,0.0003906893710012,en,scrubs
trinity,0.0003906893710012,en,scrubs
chisel,0.0003906893710012,en,scrubs
overwork,0.0003906893710012,en,scrubs
walnut,0.0003906893710012,en,scrubs
outsmart,0.0003906893710012,en,scrubs
eiffel,0.0003906893710012,en,scrubs
elevated,0.0003906893710012,en,scrubs
elevation,0.0003906893710012,en,scrubs
squabble,0.0003906893710012,en,scrubs
output,0.0003906893710012,en,scrubs
layman,0.0003906893710012,en,scrubs
hag,0.0003906893710012,en,scrubs
denominator,0.0003906893710012,en,scrubs
cheryl,0.0003906893710012,en,scrubs
hookup,0.0003906893710012,en,scrubs
regimen,0.0003906893710012,en,scrubs
gwen,0.0003906893710012,en,scrubs
dating,0.0003906893710012,en,scrubs
buttercup,0.0003906893710012,en,scrubs
broccoli,0.0003906893710012,en,scrubs
meatloaf,0.0003906893710012,en,scrubs
talkie,0.0003906893710012,en,scrubs
complexion,0.0003906893710012,en,scrubs
nicotine,0.0003906893710012,en,scrubs
mailing,0.0003906893710012,en,scrubs
dis,0.0003906893710012,en,scrubs
luther,0.0003906893710012,en,scrubs
cha,0.0003906893710012,en,scrubs
palmer,0.0003906893710012,en,scrubs
propose,0.0003887358242365,en,scrubs
wrist,0.0003887358242365,en,scrubs
cock,0.0003885238496671,en,scrubs
doe,0.0003885238496671,en,scrubs
humiliation,0.0003885238496671,en,scrubs
grandson,0.0003885238496671,en,scrubs
depress,0.0003885238496671,en,scrubs
zombie,0.0003885238496671,en,scrubs
handwriting,0.0003885238496671,en,scrubs
jelly,0.0003885238496671,en,scrubs
delusional,0.0003885238496671,en,scrubs
scholarship,0.0003885238496671,en,scrubs
lamb,0.0003885238496671,en,scrubs
courtesy,0.0003854936539031,en,scrubs
warrant,0.0003854936539031,en,scrubs
bunk,0.000384738912188,en,scrubs
swinge,0.000384738912188,en,scrubs
broker,0.000384738912188,en,scrubs
poetry,0.000384738912188,en,scrubs
excite,0.000384738912188,en,scrubs
bathtub,0.000384738912188,en,scrubs
calling,0.000384738912188,en,scrubs
hopeless,0.000384738912188,en,scrubs
kindly,0.000384738912188,en,scrubs
altogether,0.000384738912188,en,scrubs
memorize,0.000384738912188,en,scrubs
spite,0.000384738912188,en,scrubs
porch,0.000384738912188,en,scrubs
flare,0.000384738912188,en,scrubs
wilson,0.0003845145832535,en,scrubs
quadruple,0.0003845145832535,en,scrubs
hardwood,0.0003845145832535,en,scrubs
tanning,0.0003845145832535,en,scrubs
meow,0.0003845145832535,en,scrubs
caress,0.0003845145832535,en,scrubs
speechless,0.0003845145832535,en,scrubs
doctorate,0.0003845145832535,en,scrubs
wantto,0.0003845145832535,en,scrubs
tingly,0.0003845145832535,en,scrubs
boulder,0.0003845145832535,en,scrubs
pebble,0.0003845145832535,en,scrubs
nemesis,0.0003845145832535,en,scrubs
whir,0.0003845145832535,en,scrubs
arthritis,0.0003845145832535,en,scrubs
yah,0.0003845145832535,en,scrubs
duo,0.0003845145832535,en,scrubs
valedictorian,0.0003845145832535,en,scrubs
showdown,0.0003845145832535,en,scrubs
stallion,0.0003845145832535,en,scrubs
botch,0.0003845145832535,en,scrubs
watermelon,0.0003845145832535,en,scrubs
jumble,0.0003845145832535,en,scrubs
parch,0.0003845145832535,en,scrubs
backing,0.0003845145832535,en,scrubs
quack,0.0003845145832535,en,scrubs
jay,0.0003845145832535,en,scrubs
lam,0.0003845145832535,en,scrubs
subsequent,0.0003845145832535,en,scrubs
respective,0.0003845145832535,en,scrubs
ointment,0.0003845145832535,en,scrubs
bailey,0.0003845145832535,en,scrubs
shoplifting,0.0003845145832535,en,scrubs
last,0.0003822873093894,en,scrubs
gear,0.0003822873093894,en,scrubs
moral,0.0003822873093894,en,scrubs
outer,0.0003810186776733,en,scrubs
dwell,0.0003810186776733,en,scrubs
sleeping,0.0003810186776733,en,scrubs
audition,0.0003810186776733,en,scrubs
vengeance,0.0003810186776733,en,scrubs
bathe,0.0003810186776733,en,scrubs
consolation,0.0003810186776733,en,scrubs
royal,0.0003810186776733,en,scrubs
vitamin,0.0003810186776733,en,scrubs
tenth,0.0003810186776733,en,scrubs
hush,0.0003810186776733,en,scrubs
freshman,0.0003810186776733,en,scrubs
lid,0.0003810186776733,en,scrubs
charming,0.0003791160075936,en,scrubs
east,0.0003791160075936,en,scrubs
tech,0.0003791160075936,en,scrubs
announce,0.0003791160075936,en,scrubs
confess,0.0003791160075936,en,scrubs
sequel,0.000378591899154,en,scrubs
jacuzzi,0.000378591899154,en,scrubs
weirdo,0.000378591899154,en,scrubs
councilman,0.000378591899154,en,scrubs
boogie,0.000378591899154,en,scrubs
symphony,0.000378591899154,en,scrubs
kickin,0.000378591899154,en,scrubs
deluxe,0.000378591899154,en,scrubs
domino,0.000378591899154,en,scrubs
concoct,0.000378591899154,en,scrubs
parrot,0.000378591899154,en,scrubs
gulp,0.000378591899154,en,scrubs
leon,0.000378591899154,en,scrubs
cleavage,0.000378591899154,en,scrubs
mound,0.000378591899154,en,scrubs
sheila,0.000378591899154,en,scrubs
fishy,0.000378591899154,en,scrubs
genie,0.000378591899154,en,scrubs
whe,0.000378591899154,en,scrubs
radial,0.000378591899154,en,scrubs
repel,0.000378591899154,en,scrubs
rewarding,0.000378591899154,en,scrubs
inflate,0.000378591899154,en,scrubs
flatten,0.000378591899154,en,scrubs
decisive,0.000378591899154,en,scrubs
kate,0.0003773609710773,en,scrubs
venture,0.0003773609710773,en,scrubs
fingernail,0.0003773609710773,en,scrubs
translation,0.0003773609710773,en,scrubs
beloved,0.0003773609710773,en,scrubs
textbook,0.0003773609710773,en,scrubs
leaf,0.0003773609710773,en,scrubs
oscar,0.0003773609710773,en,scrubs
praise,0.0003773609710773,en,scrubs
assumption,0.0003773609710773,en,scrubs
connected,0.0003773609710773,en,scrubs
strangely,0.0003773609710773,en,scrubs
encourage,0.0003759789908131,en,scrubs
intense,0.0003759789908131,en,scrubs
proceed,0.0003759789908131,en,scrubs
fence,0.0003759789908131,en,scrubs
prize,0.0003759789908131,en,scrubs
coffin,0.0003737637252178,en,scrubs
logic,0.0003737637252178,en,scrubs
alcoholic,0.0003737637252178,en,scrubs
qualify,0.0003737637252178,en,scrubs
ninth,0.0003737637252178,en,scrubs
pimp,0.0003737637252178,en,scrubs
goat,0.0003737637252178,en,scrubs
dashboard,0.0003729015379432,en,scrubs
fixer,0.0003729015379432,en,scrubs
buffer,0.0003729015379432,en,scrubs
counteract,0.0003729015379432,en,scrubs
scamme,0.0003729015379432,en,scrubs
stanley,0.0003729015379432,en,scrubs
due,0.0003729015379432,en,scrubs
audrey,0.0003729015379432,en,scrubs
elaine,0.0003729015379432,en,scrubs
ghetto,0.0003729015379432,en,scrubs
batting,0.0003729015379432,en,scrubs
showing,0.0003729015379432,en,scrubs
curry,0.0003729015379432,en,scrubs
clatter,0.0003729015379432,en,scrubs
directive,0.0003729015379432,en,scrubs
sprint,0.0003729015379432,en,scrubs
handbag,0.0003729015379432,en,scrubs
novelty,0.0003729015379432,en,scrubs
wildfire,0.0003729015379432,en,scrubs
grande,0.0003729015379432,en,scrubs
uptown,0.0003729015379432,en,scrubs
calmly,0.0003729015379432,en,scrubs
dearest,0.0003729015379432,en,scrubs
lava,0.0003729015379432,en,scrubs
tampon,0.0003729015379432,en,scrubs
afterlife,0.0003729015379432,en,scrubs
peed,0.0003729015379432,en,scrubs
dirtbag,0.0003729015379432,en,scrubs
universe,0.0003728755256574,en,scrubs
movement,0.0003728755256574,en,scrubs
guide,0.0003728755256574,en,scrubs
attp,0.0003725193939134,en,scrubs
turkie,0.0003725193939134,en,scrubs
malpractical,0.0003725193939134,en,scrubs
boundarie,0.0003725193939134,en,scrubs
overdosage,0.0003725193939134,en,scrubs
gavomite,0.0003725193939134,en,scrubs
vagisil,0.0003725193939134,en,scrubs
sacroiliitis,0.0003725193939134,en,scrubs
circumsize,0.0003725193939134,en,scrubs
anforny,0.0003725193939134,en,scrubs
believeable,0.0003725193939134,en,scrubs
unbelieveable,0.0003725193939134,en,scrubs
gost,0.0003725193939134,en,scrubs
favoroony,0.0003725193939134,en,scrubs
gummmm,0.0003725193939134,en,scrubs
biomarker,0.0003725193939134,en,scrubs
eeeuugh,0.0003725193939134,en,scrubs
uhhmmm,0.0003725193939134,en,scrubs
auuuch,0.0003725193939134,en,scrubs
videostore,0.0003725193939134,en,scrubs
somethingsen,0.0003725193939134,en,scrubs
balistic,0.0003725193939134,en,scrubs
lopressor,0.0003725193939134,en,scrubs
phycho,0.0003725193939134,en,scrubs
monoxyd,0.0003725193939134,en,scrubs
ingram,0.0003725193939134,en,scrubs
rocksco,0.0003725193939134,en,scrubs
myalgia,0.0003725193939134,en,scrubs
neuralgia,0.0003725193939134,en,scrubs
otalgia,0.0003725193939134,en,scrubs
garfunkle,0.0003725193939134,en,scrubs
unbunching,0.0003725193939134,en,scrubs
cwothe,0.0003725193939134,en,scrubs
switchie,0.0003725193939134,en,scrubs
waaagh,0.0003725193939134,en,scrubs
taaaalke,0.0003725193939134,en,scrubs
megazord,0.0003725193939134,en,scrubs
hoooaaa,0.0003725193939134,en,scrubs
ghettomobile,0.0003725193939134,en,scrubs
exculpate,0.0003725193939134,en,scrubs
prothiosis,0.0003725193939134,en,scrubs
maybaline,0.0003725193939134,en,scrubs
durrenberger,0.0003725193939134,en,scrubs
pend,0.0003725193939134,en,scrubs
llfish,0.0003725193939134,en,scrubs
cheesegrate,0.0003725193939134,en,scrubs
nerps,0.0003725193939134,en,scrubs
offa,0.0003725193939134,en,scrubs
scrubsa,0.0003725193939134,en,scrubs
toiletery,0.0003725193939134,en,scrubs
wilst,0.0003725193939134,en,scrubs
preppin,0.0003725193939134,en,scrubs
hovey,0.0003725193939134,en,scrubs
ehp,0.0003725193939134,en,scrubs
prizer,0.0003725193939134,en,scrubs
medigo,0.0003725193939134,en,scrubs
saggat,0.0003725193939134,en,scrubs
mourne,0.0003725193939134,en,scrubs
relationshiply,0.0003725193939134,en,scrubs
pmr,0.0003725193939134,en,scrubs
spinart,0.0003725193939134,en,scrubs
cns,0.0003725193939134,en,scrubs
leukoencephalopathy,0.0003725193939134,en,scrubs
pathologic,0.0003725193939134,en,scrubs
hunkie,0.0003725193939134,en,scrubs
countryship,0.0003725193939134,en,scrubs
rageous,0.0003725193939134,en,scrubs
manupulate,0.0003725193939134,en,scrubs
soffere,0.0003725193939134,en,scrubs
lombar,0.0003725193939134,en,scrubs
unna,0.0003725193939134,en,scrubs
artichokie,0.0003725193939134,en,scrubs
thaaaat,0.0003725193939134,en,scrubs
battelship,0.0003725193939134,en,scrubs
ssssomebody,0.0003725193939134,en,scrubs
ilive,0.0003725193939134,en,scrubs
psichopathic,0.0003725193939134,en,scrubs
piiiisse,0.0003725193939134,en,scrubs
bedrest,0.0003725193939134,en,scrubs
demyelinate,0.0003725193939134,en,scrubs
dayyy,0.0003725193939134,en,scrubs
hibersol,0.0003725193939134,en,scrubs
guyyyy,0.0003725193939134,en,scrubs
souli,0.0003725193939134,en,scrubs
willebrand,0.0003725193939134,en,scrubs
inborn,0.0003725193939134,en,scrubs
raq,0.0003725193939134,en,scrubs
prepatch,0.0003725193939134,en,scrubs
outbowl,0.0003725193939134,en,scrubs
mcsurgeon,0.0003725193939134,en,scrubs
thankyouverymuch,0.0003725193939134,en,scrubs
shoobity,0.0003725193939134,en,scrubs
kiiiiite,0.0003725193939134,en,scrubs
amateurism,0.0003725193939134,en,scrubs
okaaay,0.0003725193939134,en,scrubs
forthy,0.0003725193939134,en,scrubs
britishy,0.0003725193939134,en,scrubs
whupass,0.0003725193939134,en,scrubs
barbidiot,0.0003725193939134,en,scrubs
rowdie,0.0003725193939134,en,scrubs
awh,0.0003725193939134,en,scrubs
arggghhh,0.0003725193939134,en,scrubs
espinosa,0.0003725193939134,en,scrubs
vesto,0.0003725193939134,en,scrubs
rreowr,0.0003725193939134,en,scrubs
cepillar,0.0003725193939134,en,scrubs
diente,0.0003725193939134,en,scrubs
thizzle,0.0003725193939134,en,scrubs
chach,0.0003725193939134,en,scrubs
batanga,0.0003725193939134,en,scrubs
heeh,0.0003725193939134,en,scrubs
thievy,0.0003725193939134,en,scrubs
chippity,0.0003725193939134,en,scrubs
cracka,0.0003725193939134,en,scrubs
suspendee,0.0003725193939134,en,scrubs
chemio,0.0003725193939134,en,scrubs
guth,0.0003725193939134,en,scrubs
gagh,0.0003725193939134,en,scrubs
mmmmgh,0.0003725193939134,en,scrubs
bicky,0.0003725193939134,en,scrubs
schlo,0.0003725193939134,en,scrubs
halidol,0.0003725193939134,en,scrubs
sundowne,0.0003725193939134,en,scrubs
buppie,0.0003725193939134,en,scrubs
hemotin,0.0003725193939134,en,scrubs
pequito,0.0003725193939134,en,scrubs
mastitis,0.0003725193939134,en,scrubs
slydell,0.0003725193939134,en,scrubs
juris,0.0003725193939134,en,scrubs
medina,0.0003725193939134,en,scrubs
wbbarrie,0.0003725193939134,en,scrubs
backorder,0.0003725193939134,en,scrubs
eyepatch,0.0003725193939134,en,scrubs
comradery,0.0003725193939134,en,scrubs
liason,0.0003725193939134,en,scrubs
everwood,0.0003725193939134,en,scrubs
impre,0.0003725193939134,en,scrubs
libary,0.0003725193939134,en,scrubs
strawbrerry,0.0003725193939134,en,scrubs
demme,0.0003725193939134,en,scrubs
epy,0.0003725193939134,en,scrubs
spippy,0.0003725193939134,en,scrubs
donnaagh,0.0003725193939134,en,scrubs
owhn,0.0003725193939134,en,scrubs
onga,0.0003725193939134,en,scrubs
gatanga,0.0003725193939134,en,scrubs
preggy,0.0003725193939134,en,scrubs
detruser,0.0003725193939134,en,scrubs
playpenlbaby,0.0003725193939134,en,scrubs
tomatoltomahto,0.0003725193939134,en,scrubs
nux,0.0003725193939134,en,scrubs
spinkle,0.0003725193939134,en,scrubs
binglebore,0.0003725193939134,en,scrubs
pedetrician,0.0003725193939134,en,scrubs
primetime,0.0003725193939134,en,scrubs
horture,0.0003725193939134,en,scrubs
dalgado,0.0003725193939134,en,scrubs
continuely,0.0003725193939134,en,scrubs
boboh,0.0003725193939134,en,scrubs
hanga,0.0003725193939134,en,scrubs
huggie,0.0003725193939134,en,scrubs
phimosis,0.0003725193939134,en,scrubs
upsie,0.0003725193939134,en,scrubs
brrre,0.0003725193939134,en,scrubs
helloo,0.0003725193939134,en,scrubs
hemmel,0.0003725193939134,en,scrubs
pooing,0.0003725193939134,en,scrubs
heeeyyy,0.0003725193939134,en,scrubs
guttertalk,0.0003725193939134,en,scrubs
awwwh,0.0003725193939134,en,scrubs
milliunit,0.0003725193939134,en,scrubs
gesic,0.0003725193939134,en,scrubs
brary,0.0003725193939134,en,scrubs
unsupportive,0.0003725193939134,en,scrubs
erving,0.0003725193939134,en,scrubs
cardiogram,0.0003725193939134,en,scrubs
nahhh,0.0003725193939134,en,scrubs
huuuuah,0.0003725193939134,en,scrubs
exacerbation,0.0003725193939134,en,scrubs
buuut,0.0003725193939134,en,scrubs
reeeeally,0.0003725193939134,en,scrubs
wizzie,0.0003725193939134,en,scrubs
excretory,0.0003725193939134,en,scrubs
fearitude,0.0003725193939134,en,scrubs
howdoyoudo,0.0003725193939134,en,scrubs
potting,0.0003725193939134,en,scrubs
colonoscope,0.0003725193939134,en,scrubs
shovea,0.0003725193939134,en,scrubs
vizzle,0.0003725193939134,en,scrubs
brring,0.0003725193939134,en,scrubs
arounditis,0.0003725193939134,en,scrubs
opration,0.0003725193939134,en,scrubs
pantalon,0.0003725193939134,en,scrubs
roseanna,0.0003725193939134,en,scrubs
bruthah,0.0003725193939134,en,scrubs
remplissage,0.0003725193939134,en,scrubs
trous,0.0003725193939134,en,scrubs
ocardial,0.0003725193939134,en,scrubs
thonnnnnnng,0.0003725193939134,en,scrubs
annoyer,0.0003725193939134,en,scrubs
volounteer,0.0003725193939134,en,scrubs
peackock,0.0003725193939134,en,scrubs
gastroenterite,0.0003725193939134,en,scrubs
grundie,0.0003725193939134,en,scrubs
oslek,0.0003725193939134,en,scrubs
nussing,0.0003725193939134,en,scrubs
lamey,0.0003725193939134,en,scrubs
rosalba,0.0003725193939134,en,scrubs
restoril,0.0003725193939134,en,scrubs
colace,0.0003725193939134,en,scrubs
ronking,0.0003725193939134,en,scrubs
ronke,0.0003725193939134,en,scrubs
cotard,0.0003725193939134,en,scrubs
pericardiocentisis,0.0003725193939134,en,scrubs
americo,0.0003725193939134,en,scrubs
causa,0.0003725193939134,en,scrubs
misbehavin,0.0003725193939134,en,scrubs
encharge,0.0003725193939134,en,scrubs
ugle,0.0003725193939134,en,scrubs
ospital,0.0003725193939134,en,scrubs
lacing,0.0003725193939134,en,scrubs
immagine,0.0003725193939134,en,scrubs
inconsolably,0.0003725193939134,en,scrubs
jockish,0.0003725193939134,en,scrubs
echhh,0.0003725193939134,en,scrubs
roleplaying,0.0003725193939134,en,scrubs
chiller,0.0003725193939134,en,scrubs
coffeebuck,0.0003725193939134,en,scrubs
thechilden,0.0003725193939134,en,scrubs
doooong,0.0003725193939134,en,scrubs
sheyla,0.0003725193939134,en,scrubs
dougster,0.0003725193939134,en,scrubs
unzipped,0.0003725193939134,en,scrubs
glyco,0.0003725193939134,en,scrubs
germophobic,0.0003725193939134,en,scrubs
perririno,0.0003725193939134,en,scrubs
tcwis,0.0003725193939134,en,scrubs
boodgie,0.0003725193939134,en,scrubs
peepie,0.0003725193939134,en,scrubs
fracherman,0.0003725193939134,en,scrubs
mennen,0.0003725193939134,en,scrubs
schultzy,0.0003725193939134,en,scrubs
deady,0.0003725193939134,en,scrubs
illecit,0.0003725193939134,en,scrubs
tambour,0.0003725193939134,en,scrubs
itentiary,0.0003725193939134,en,scrubs
badonkadonkdonk,0.0003725193939134,en,scrubs
lorelai,0.0003725193939134,en,scrubs
speeke,0.0003725193939134,en,scrubs
undertand,0.0003725193939134,en,scrubs
personalised,0.0003725193939134,en,scrubs
curtsey,0.0003725193939134,en,scrubs
accessable,0.0003725193939134,en,scrubs
woow,0.0003725193939134,en,scrubs
dooorian,0.0003725193939134,en,scrubs
feedle,0.0003725193939134,en,scrubs
kutless,0.0003725193939134,en,scrubs
papadopolous,0.0003725193939134,en,scrubs
yano,0.0003725193939134,en,scrubs
bejeebie,0.0003725193939134,en,scrubs
obg,0.0003725193939134,en,scrubs
nephrology,0.0003725193939134,en,scrubs
callousness,0.0003725193939134,en,scrubs
interhighway,0.0003725193939134,en,scrubs
pilfre,0.0003725193939134,en,scrubs
pincho,0.0003725193939134,en,scrubs
houndstooth,0.0003725193939134,en,scrubs
puffn,0.0003725193939134,en,scrubs
townsie,0.0003725193939134,en,scrubs
oesteoporotic,0.0003725193939134,en,scrubs
perrerino,0.0003725193939134,en,scrubs
mecretary,0.0003725193939134,en,scrubs
ofjumping,0.0003725193939134,en,scrubs
berlutti,0.0003725193939134,en,scrubs
nyc,0.0003725193939134,en,scrubs
aortoenteric,0.0003725193939134,en,scrubs
gramble,0.0003725193939134,en,scrubs
kickstand,0.0003725193939134,en,scrubs
intolerence,0.0003725193939134,en,scrubs
monous,0.0003725193939134,en,scrubs
actualy,0.0003725193939134,en,scrubs
headrick,0.0003725193939134,en,scrubs
elbowy,0.0003725193939134,en,scrubs
tickling,0.0003725193939134,en,scrubs
marrick,0.0003725193939134,en,scrubs
coinkydink,0.0003725193939134,en,scrubs
infro,0.0003725193939134,en,scrubs
domy,0.0003725193939134,en,scrubs
kissass,0.0003725193939134,en,scrubs
otological,0.0003725193939134,en,scrubs
dehumidifi,0.0003725193939134,en,scrubs
psychobablry,0.0003725193939134,en,scrubs
debergljacob,0.0003725193939134,en,scrubs
taddler,0.0003725193939134,en,scrubs
auch,0.0003725193939134,en,scrubs
uhaahhh,0.0003725193939134,en,scrubs
floody,0.0003725193939134,en,scrubs
generational,0.0003725193939134,en,scrubs
paperwok,0.0003725193939134,en,scrubs
auhhh,0.0003725193939134,en,scrubs
freewheel,0.0003725193939134,en,scrubs
cyto,0.0003725193939134,en,scrubs
toppy,0.0003725193939134,en,scrubs
walch,0.0003725193939134,en,scrubs
ancef,0.0003725193939134,en,scrubs
mildewy,0.0003725193939134,en,scrubs
mclooney,0.0003725193939134,en,scrubs
reveller,0.0003725193939134,en,scrubs
catchie,0.0003725193939134,en,scrubs
tenille,0.0003725193939134,en,scrubs
quitsie,0.0003725193939134,en,scrubs
gynaecology,0.0003725193939134,en,scrubs
obig,0.0003725193939134,en,scrubs
rumplefugly,0.0003725193939134,en,scrubs
areole,0.0003725193939134,en,scrubs
toddland,0.0003725193939134,en,scrubs
cabbaggio,0.0003725193939134,en,scrubs
edral,0.0003725193939134,en,scrubs
stianity,0.0003725193939134,en,scrubs
nerdifie,0.0003725193939134,en,scrubs
headlocke,0.0003725193939134,en,scrubs
hallmarky,0.0003725193939134,en,scrubs
robodoc,0.0003725193939134,en,scrubs
dermatologic,0.0003725193939134,en,scrubs
bronzy,0.0003725193939134,en,scrubs
ivq,0.0003725193939134,en,scrubs
schnozmia,0.0003725193939134,en,scrubs
untemporary,0.0003725193939134,en,scrubs
gentamicin,0.0003725193939134,en,scrubs
slesident,0.0003725193939134,en,scrubs
rumpelsurgeon,0.0003725193939134,en,scrubs
septoplasty,0.0003725193939134,en,scrubs
doy,0.0003725193939134,en,scrubs
jowly,0.0003725193939134,en,scrubs
heartlessly,0.0003725193939134,en,scrubs
possom,0.0003725193939134,en,scrubs
quarantinis,0.0003725193939134,en,scrubs
ghandirilla,0.0003725193939134,en,scrubs
calahan,0.0003725193939134,en,scrubs
onlything,0.0003725193939134,en,scrubs
gandharoo,0.0003725193939134,en,scrubs
gelastic,0.0003725193939134,en,scrubs
tastykake,0.0003725193939134,en,scrubs
meyerson,0.0003725193939134,en,scrubs
figsack,0.0003725193939134,en,scrubs
turkeltone,0.0003725193939134,en,scrubs
unwakeable,0.0003725193939134,en,scrubs
mcskinny,0.0003725193939134,en,scrubs
liiiivin,0.0003725193939134,en,scrubs
sevens,0.0003725193939134,en,scrubs
frigerator,0.0003725193939134,en,scrubs
bizzle,0.0003725193939134,en,scrubs
fluttery,0.0003725193939134,en,scrubs
fitzstrafoler,0.0003725193939134,en,scrubs
dumpen,0.0003725193939134,en,scrubs
needleday,0.0003725193939134,en,scrubs
hooot,0.0003725193939134,en,scrubs
sunbrella,0.0003725193939134,en,scrubs
buttonless,0.0003725193939134,en,scrubs
hugsie,0.0003725193939134,en,scrubs
turkelton,0.0003725193939134,en,scrubs
melphalan,0.0003725193939134,en,scrubs
yessie,0.0003725193939134,en,scrubs
joer,0.0003725193939134,en,scrubs
bronchoscope,0.0003725193939134,en,scrubs
reintubation,0.0003725193939134,en,scrubs
kidlet,0.0003725193939134,en,scrubs
ashmay,0.0003725193939134,en,scrubs
shmit,0.0003725193939134,en,scrubs
egd,0.0003725193939134,en,scrubs
gastrinomatous,0.0003725193939134,en,scrubs
tidsdale,0.0003725193939134,en,scrubs
possibily,0.0003725193939134,en,scrubs
prony,0.0003725193939134,en,scrubs
keester,0.0003725193939134,en,scrubs
prepaire,0.0003725193939134,en,scrubs
togheter,0.0003725193939134,en,scrubs
interpreting,0.0003725193939134,en,scrubs
crappin,0.0003725193939134,en,scrubs
doooog,0.0003725193939134,en,scrubs
gabfest,0.0003725193939134,en,scrubs
saved,0.0003725193939134,en,scrubs
schmonference,0.0003725193939134,en,scrubs
blennorrhea,0.0003725193939134,en,scrubs
periampullary,0.0003725193939134,en,scrubs
stenting,0.0003725193939134,en,scrubs
pancreaticoduodenectomy,0.0003725193939134,en,scrubs
haemostatic,0.0003725193939134,en,scrubs
berson,0.0003725193939134,en,scrubs
beelze,0.0003725193939134,en,scrubs
yakety,0.0003725193939134,en,scrubs
schmact,0.0003725193939134,en,scrubs
zipped,0.0003725193939134,en,scrubs
schmippe,0.0003725193939134,en,scrubs
rápido,0.0003725193939134,en,scrubs
haemodialysis,0.0003725193939134,en,scrubs
boyyy,0.0003725193939134,en,scrubs
aaaaight,0.0003725193939134,en,scrubs
bbrr,0.0003725193939134,en,scrubs
punjadi,0.0003725193939134,en,scrubs
ralle,0.0003725193939134,en,scrubs
antidepressive,0.0003725193939134,en,scrubs
aminoglycoside,0.0003725193939134,en,scrubs
venipuncture,0.0003725193939134,en,scrubs
hypocalcaemia,0.0003725193939134,en,scrubs
gramstain,0.0003725193939134,en,scrubs
germbox,0.0003725193939134,en,scrubs
kernig,0.0003725193939134,en,scrubs
brudzinski,0.0003725193939134,en,scrubs
superfudge,0.0003725193939134,en,scrubs
pimento,0.0003725193939134,en,scrubs
plátano,0.0003725193939134,en,scrubs
haemodynamic,0.0003725193939134,en,scrubs
ménière,0.0003725193939134,en,scrubs
horsewoman,0.0003725193939134,en,scrubs
flightless,0.0003725193939134,en,scrubs
pft,0.0003725193939134,en,scrubs
mazeltov,0.0003725193939134,en,scrubs
ostriche,0.0003725193939134,en,scrubs
samuelante,0.0003725193939134,en,scrubs
uuuuh,0.0003725193939134,en,scrubs
coinkidinky,0.0003725193939134,en,scrubs
coud,0.0003725193939134,en,scrubs
braintrust,0.0003725193939134,en,scrubs
amenorrhea,0.0003725193939134,en,scrubs
hirsutism,0.0003725193939134,en,scrubs
reoccurrence,0.0003725193939134,en,scrubs
dka,0.0003725193939134,en,scrubs
syncfix,0.0003725193939134,en,scrubs
showtune,0.0003725193939134,en,scrubs
milkdud,0.0003725193939134,en,scrubs
unecessary,0.0003725193939134,en,scrubs
anaestetic,0.0003725193939134,en,scrubs
aewsome,0.0003725193939134,en,scrubs
motherfrickin,0.0003725193939134,en,scrubs
middleweight,0.0003725193939134,en,scrubs
oope,0.0003725193939134,en,scrubs
freesbie,0.0003725193939134,en,scrubs
trow,0.0003725193939134,en,scrubs
warhammer,0.0003725193939134,en,scrubs
mimov,0.0003725193939134,en,scrubs
troath,0.0003725193939134,en,scrubs
hedger,0.0003725193939134,en,scrubs
eruptive,0.0003725193939134,en,scrubs
quaterly,0.0003725193939134,en,scrubs
movieday,0.0003725193939134,en,scrubs
faptism,0.0003725193939134,en,scrubs
raptism,0.0003725193939134,en,scrubs
quisiera,0.0003725193939134,en,scrubs
beriberi,0.0003725193939134,en,scrubs
cheyne,0.0003725193939134,en,scrubs
prolongation,0.0003725193939134,en,scrubs
ejercicio,0.0003725193939134,en,scrubs
arsenio,0.0003725193939134,en,scrubs
gettingit,0.0003725193939134,en,scrubs
uglie,0.0003725193939134,en,scrubs
entubate,0.0003725193939134,en,scrubs
neighrhood,0.0003725193939134,en,scrubs
hamburgler,0.0003725193939134,en,scrubs
ticktocking,0.0003725193939134,en,scrubs
cardiogenic,0.0003725193939134,en,scrubs
trong,0.0003725193939134,en,scrubs
vanne,0.0003725193939134,en,scrubs
unbridle,0.0003725193939134,en,scrubs
ludacris,0.0003725193939134,en,scrubs
aam,0.0003725193939134,en,scrubs
vole,0.0003725193939134,en,scrubs
grandniece,0.0003725193939134,en,scrubs
yooo,0.0003725193939134,en,scrubs
ctd,0.0003725193939134,en,scrubs
omitter,0.0003725193939134,en,scrubs
handiwipe,0.0003725193939134,en,scrubs
fuffie,0.0003725193939134,en,scrubs
gastroplasty,0.0003725193939134,en,scrubs
arthrocentesis,0.0003725193939134,en,scrubs
armswing,0.0003725193939134,en,scrubs
wnl,0.0003725193939134,en,scrubs
antianginal,0.0003725193939134,en,scrubs
kelsonoviche,0.0003725193939134,en,scrubs
fingered,0.0003725193939134,en,scrubs
wagonload,0.0003725193939134,en,scrubs
pentoxifylline,0.0003725193939134,en,scrubs
crüe,0.0003725193939134,en,scrubs
headbanger,0.0003725193939134,en,scrubs
croaksville,0.0003725193939134,en,scrubs
eeeagleeee,0.0003725193939134,en,scrubs
girlsname,0.0003725193939134,en,scrubs
skitch,0.0003725193939134,en,scrubs
cheeck,0.0003725193939134,en,scrubs
owww,0.0003725193939134,en,scrubs
phisician,0.0003725193939134,en,scrubs
bucketer,0.0003725193939134,en,scrubs
naptism,0.0003725193939134,en,scrubs
mötley,0.0003725193939134,en,scrubs
hippety,0.0003725193939134,en,scrubs
shrumpdown,0.0003725193939134,en,scrubs
dysarthria,0.0003725193939134,en,scrubs
insulinoma,0.0003725193939134,en,scrubs
barré,0.0003725193939134,en,scrubs
xanthochromia,0.0003725193939134,en,scrubs
bunghole,0.0003725193939134,en,scrubs
unconfortable,0.0003725193939134,en,scrubs
whoho,0.0003725193939134,en,scrubs
lipsink,0.0003725193939134,en,scrubs
homefold,0.0003725193939134,en,scrubs
yaaawn,0.0003725193939134,en,scrubs
giveme,0.0003725193939134,en,scrubs
shello,0.0003725193939134,en,scrubs
meq,0.0003725193939134,en,scrubs
romanticise,0.0003725193939134,en,scrubs
bambersnoodle,0.0003725193939134,en,scrubs
dinkerwallow,0.0003725193939134,en,scrubs
snagtumgoper,0.0003725193939134,en,scrubs
cudagrow,0.0003725193939134,en,scrubs
pheeew,0.0003725193939134,en,scrubs
councelling,0.0003725193939134,en,scrubs
phoom,0.0003725193939134,en,scrubs
paaaawng,0.0003725193939134,en,scrubs
gangta,0.0003725193939134,en,scrubs
coxinator,0.0003725193939134,en,scrubs
smurftastic,0.0003725193939134,en,scrubs
chewbecca,0.0003725193939134,en,scrubs
overtired,0.0003725193939134,en,scrubs
whinyface,0.0003725193939134,en,scrubs
whinybritche,0.0003725193939134,en,scrubs
whinysomethe,0.0003725193939134,en,scrubs
maily,0.0003725193939134,en,scrubs
roge,0.0003725193939134,en,scrubs
lati,0.0003725193939134,en,scrubs
copydump,0.0003725193939134,en,scrubs
tennager,0.0003725193939134,en,scrubs
diagonsys,0.0003725193939134,en,scrubs
etablishment,0.0003725193939134,en,scrubs
jurk,0.0003725193939134,en,scrubs
chorey,0.0003725193939134,en,scrubs
mccrazy,0.0003725193939134,en,scrubs
meiffel,0.0003725193939134,en,scrubs
neutropenic,0.0003725193939134,en,scrubs
prerenal,0.0003725193939134,en,scrubs
migran,0.0003725193939134,en,scrubs
assium,0.0003725193939134,en,scrubs
coalmine,0.0003725193939134,en,scrubs
soundman,0.0003725193939134,en,scrubs
alternance,0.0003725193939134,en,scrubs
representin,0.0003725193939134,en,scrubs
whaa,0.0003725193939134,en,scrubs
motorhome,0.0003725193939134,en,scrubs
eeeexcept,0.0003725193939134,en,scrubs
chuen,0.0003725193939134,en,scrubs
laaadie,0.0003725193939134,en,scrubs
suggy,0.0003725193939134,en,scrubs
lifestory,0.0003725193939134,en,scrubs
sliz,0.0003725193939134,en,scrubs
midatlantic,0.0003725193939134,en,scrubs
twzie,0.0003725193939134,en,scrubs
shieldlike,0.0003725193939134,en,scrubs
gandhu,0.0003725193939134,en,scrubs
ouff,0.0003725193939134,en,scrubs
xanthoma,0.0003725193939134,en,scrubs
reduc,0.0003725193939134,en,scrubs
donated,0.0003725193939134,en,scrubs
jenifer,0.0003725193939134,en,scrubs
turky,0.0003725193939134,en,scrubs
unpersonal,0.0003725193939134,en,scrubs
trotwood,0.0003725193939134,en,scrubs
landisman,0.0003725193939134,en,scrubs
flexure,0.0003725193939134,en,scrubs
uraemia,0.0003725193939134,en,scrubs
uraemic,0.0003725193939134,en,scrubs
whozit,0.0003725193939134,en,scrubs
haemodynamically,0.0003725193939134,en,scrubs
pssst,0.0003725193939134,en,scrubs
whasssup,0.0003725193939134,en,scrubs
bulbe,0.0003725193939134,en,scrubs
discountin,0.0003725193939134,en,scrubs
handrail,0.0003725193939134,en,scrubs
dressedp,0.0003725193939134,en,scrubs
ghaa,0.0003725193939134,en,scrubs
yeam,0.0003725193939134,en,scrubs
deam,0.0003725193939134,en,scrubs
rememberthat,0.0003725193939134,en,scrubs
waterslide,0.0003725193939134,en,scrubs
wam,0.0003725193939134,en,scrubs
lamarcus,0.0003725193939134,en,scrubs
shaming,0.0003725193939134,en,scrubs
enervation,0.0003725193939134,en,scrubs
flatts,0.0003725193939134,en,scrubs
indianame,0.0003725193939134,en,scrubs
hitching,0.0003725193939134,en,scrubs
bootsat,0.0003725193939134,en,scrubs
exactame,0.0003725193939134,en,scrubs
youtime,0.0003725193939134,en,scrubs
whaaat,0.0003725193939134,en,scrubs
blyast,0.0003725193939134,en,scrubs
tovs,0.0003725193939134,en,scrubs
duah,0.0003725193939134,en,scrubs
duoh,0.0003725193939134,en,scrubs
attila,0.0003725193939134,en,scrubs
chiquito,0.0003725193939134,en,scrubs
chinless,0.0003725193939134,en,scrubs
blaxican,0.0003725193939134,en,scrubs
ulcere,0.0003725193939134,en,scrubs
highscool,0.0003725193939134,en,scrubs
tryglicerine,0.0003725193939134,en,scrubs
interesse,0.0003725193939134,en,scrubs
though,0.0003725193939134,en,scrubs
improuve,0.0003725193939134,en,scrubs
carckle,0.0003725193939134,en,scrubs
benigne,0.0003725193939134,en,scrubs
gurken,0.0003725193939134,en,scrubs
marchamer,0.0003725193939134,en,scrubs
alucinate,0.0003725193939134,en,scrubs
cathie,0.0003725193939134,en,scrubs
niv,0.0003725193939134,en,scrubs
batne,0.0003725193939134,en,scrubs
tobo,0.0003725193939134,en,scrubs
gametime,0.0003725193939134,en,scrubs
admiss,0.0003725193939134,en,scrubs
ghgh,0.0003725193939134,en,scrubs
drifr,0.0003725193939134,en,scrubs
lavend,0.0003725193939134,en,scrubs
unfractionated,0.0003725193939134,en,scrubs
rocktor,0.0003725193939134,en,scrubs
schmeare,0.0003725193939134,en,scrubs
alrady,0.0003725193939134,en,scrubs
dudemaister,0.0003725193939134,en,scrubs
didine,0.0003725193939134,en,scrubs
lymphnode,0.0003725193939134,en,scrubs
abdonimal,0.0003725193939134,en,scrubs
herschlossning,0.0003725193939134,en,scrubs
wherwere,0.0003725193939134,en,scrubs
dvice,0.0003725193939134,en,scrubs
coxatopia,0.0003725193939134,en,scrubs
reacare,0.0003725193939134,en,scrubs
fraggle,0.0003725193939134,en,scrubs
acowledge,0.0003725193939134,en,scrubs
caribbesian,0.0003725193939134,en,scrubs
vasopressor,0.0003725193939134,en,scrubs
resaon,0.0003725193939134,en,scrubs
zanitor,0.0003725193939134,en,scrubs
whooooaaaa,0.0003725193939134,en,scrubs
gittin,0.0003725193939134,en,scrubs
homeskillet,0.0003725193939134,en,scrubs
broseph,0.0003725193939134,en,scrubs
brosephine,0.0003725193939134,en,scrubs
brachiali,0.0003725193939134,en,scrubs
promisyou,0.0003725193939134,en,scrubs
postpregnancy,0.0003725193939134,en,scrubs
ridicolous,0.0003725193939134,en,scrubs
crystalize,0.0003725193939134,en,scrubs
gilted,0.0003725193939134,en,scrubs
suade,0.0003725193939134,en,scrubs
tipe,0.0003725193939134,en,scrubs
manushia,0.0003725193939134,en,scrubs
kindative,0.0003725193939134,en,scrubs
cristallyzing,0.0003725193939134,en,scrubs
joojoobee,0.0003725193939134,en,scrubs
reae,0.0003725193939134,en,scrubs
scopin,0.0003725193939134,en,scrubs
weuietly,0.0003725193939134,en,scrubs
synephrine,0.0003725193939134,en,scrubs
agghhh,0.0003725193939134,en,scrubs
massimo,0.0003725193939134,en,scrubs
peeber,0.0003725193939134,en,scrubs
diagnosys,0.0003725193939134,en,scrubs
mcbeal,0.0003725193939134,en,scrubs
hojo,0.0003725193939134,en,scrubs
scratchyowel,0.0003725193939134,en,scrubs
lobbyis,0.0003725193939134,en,scrubs
deshaun,0.0003725193939134,en,scrubs
ghostride,0.0003725193939134,en,scrubs
redonkulous,0.0003725193939134,en,scrubs
shtoop,0.0003725193939134,en,scrubs
boobin,0.0003725193939134,en,scrubs
rognize,0.0003725193939134,en,scrubs
cosmesis,0.0003725193939134,en,scrubs
timago,0.0003725193939134,en,scrubs
hocum,0.0003725193939134,en,scrubs
bangsy,0.0003725193939134,en,scrubs
tastin,0.0003725193939134,en,scrubs
chugski,0.0003725193939134,en,scrubs
keiker,0.0003725193939134,en,scrubs
smocker,0.0003725193939134,en,scrubs
jocker,0.0003725193939134,en,scrubs
thisifficult,0.0003725193939134,en,scrubs
appreesh,0.0003725193939134,en,scrubs
concessionary,0.0003725193939134,en,scrubs
beack,0.0003725193939134,en,scrubs
unbrought,0.0003725193939134,en,scrubs
hied,0.0003725193939134,en,scrubs
betrade,0.0003725193939134,en,scrubs
fug,0.0003725193939134,en,scrubs
homelette,0.0003725193939134,en,scrubs
funsize,0.0003725193939134,en,scrubs
cought,0.0003725193939134,en,scrubs
botton,0.0003725193939134,en,scrubs
freedy,0.0003725193939134,en,scrubs
bobbotron,0.0003725193939134,en,scrubs
interratial,0.0003725193939134,en,scrubs
answeare,0.0003725193939134,en,scrubs
venostasis,0.0003725193939134,en,scrubs
tiof,0.0003725193939134,en,scrubs
diase,0.0003725193939134,en,scrubs
payckeck,0.0003725193939134,en,scrubs
chiefo,0.0003725193939134,en,scrubs
gemologist,0.0003725193939134,en,scrubs
ruggist,0.0003725193939134,en,scrubs
machin,0.0003725193939134,en,scrubs
pewwy,0.0003725193939134,en,scrubs
thaty,0.0003725193939134,en,scrubs
belzer,0.0003725193939134,en,scrubs
disimpactation,0.0003725193939134,en,scrubs
unmfortable,0.0003725193939134,en,scrubs
preceremony,0.0003725193939134,en,scrubs
educor,0.0003725193939134,en,scrubs
tohange,0.0003725193939134,en,scrubs
ulysses,0.0003725193939134,en,scrubs
kickpie,0.0003725193939134,en,scrubs
hiperfeet,0.0003725193939134,en,scrubs
diven,0.0003725193939134,en,scrubs
hyperlipoproteinemia,0.0003725193939134,en,scrubs
haberdasher,0.0003725193939134,en,scrubs
carrotine,0.0003725193939134,en,scrubs
lalow,0.0003725193939134,en,scrubs
clichéd,0.0003725193939134,en,scrubs
balce,0.0003725193939134,en,scrubs
tohink,0.0003725193939134,en,scrubs
snoozeville,0.0003725193939134,en,scrubs
charice,0.0003725193939134,en,scrubs
mulatto,0.0003725193939134,en,scrubs
kuddo,0.0003725193939134,en,scrubs
sidestroke,0.0003725193939134,en,scrubs
turkiot,0.0003725193939134,en,scrubs
brownnosing,0.0003725193939134,en,scrubs
hhhot,0.0003725193939134,en,scrubs
ilioinguinal,0.0003725193939134,en,scrubs
innervate,0.0003725193939134,en,scrubs
tookto,0.0003725193939134,en,scrubs
nnoo,0.0003725193939134,en,scrubs
meeeeaaaan,0.0003725193939134,en,scrubs
hohhht,0.0003725193939134,en,scrubs
toghether,0.0003725193939134,en,scrubs
sleeepe,0.0003725193939134,en,scrubs
sexterity,0.0003725193939134,en,scrubs
bluncle,0.0003725193939134,en,scrubs
pleeeeeeease,0.0003725193939134,en,scrubs
uropathy,0.0003725193939134,en,scrubs
anther,0.0003725193939134,en,scrubs
legittimate,0.0003725193939134,en,scrubs
navas,0.0003725193939134,en,scrubs
epiduraaal,0.0003725193939134,en,scrubs
hasselhoffe,0.0003725193939134,en,scrubs
jakie,0.0003725193939134,en,scrubs
scratchiee,0.0003725193939134,en,scrubs
sugarfree,0.0003725193939134,en,scrubs
fruitjuice,0.0003725193939134,en,scrubs
boohhhh,0.0003725193939134,en,scrubs
slaughterer,0.0003725193939134,en,scrubs
proem,0.0003725193939134,en,scrubs
jagerbomb,0.0003725193939134,en,scrubs
perft,0.0003725193939134,en,scrubs
definely,0.0003725193939134,en,scrubs
ashklashf,0.0003725193939134,en,scrubs
askingnane,0.0003725193939134,en,scrubs
simmo,0.0003725193939134,en,scrubs
scru,0.0003725193939134,en,scrubs
iliohypogastric,0.0003725193939134,en,scrubs
hyperprolactenemia,0.0003725193939134,en,scrubs
siggy,0.0003725193939134,en,scrubs
eleguantly,0.0003725193939134,en,scrubs
actioneer,0.0003725193939134,en,scrubs
handfree,0.0003725193939134,en,scrubs
teraver,0.0003725193939134,en,scrubs
knowate,0.0003725193939134,en,scrubs
hurter,0.0003725193939134,en,scrubs
hipst,0.0003725193939134,en,scrubs
hyperpigmentation,0.0003725193939134,en,scrubs
tdive,0.0003725193939134,en,scrubs
owlcat,0.0003725193939134,en,scrubs
goway,0.0003725193939134,en,scrubs
crustache,0.0003725193939134,en,scrubs
mydaughtertoforeverassociatemewithpain,0.0003725193939134,en,scrubs
firesaber,0.0003725193939134,en,scrubs
sialorrhea,0.0003725193939134,en,scrubs
offily,0.0003725193939134,en,scrubs
friin,0.0003725193939134,en,scrubs
salaaad,0.0003725193939134,en,scrubs
dearheart,0.0003725193939134,en,scrubs
dha,0.0003725193939134,en,scrubs
munna,0.0003725193939134,en,scrubs
headscarf,0.0003725193939134,en,scrubs
prrrr,0.0003725193939134,en,scrubs
buzzy,0.0003725193939134,en,scrubs
weez,0.0003725193939134,en,scrubs
undercharge,0.0003725193939134,en,scrubs
poocanoo,0.0003725193939134,en,scrubs
heee,0.0003725193939134,en,scrubs
hemorrage,0.0003725193939134,en,scrubs
alchool,0.0003725193939134,en,scrubs
offician,0.0003725193939134,en,scrubs
mustee,0.0003725193939134,en,scrubs
concequence,0.0003725193939134,en,scrubs
malnutrishe,0.0003725193939134,en,scrubs
malnutred,0.0003725193939134,en,scrubs
cercise,0.0003725193939134,en,scrubs
cheadle,0.0003725193939134,en,scrubs
dikembe,0.0003725193939134,en,scrubs
mutombo,0.0003725193939134,en,scrubs
sodude,0.0003725193939134,en,scrubs
zzt,0.0003725193939134,en,scrubs
upsettingly,0.0003725193939134,en,scrubs
ruptureleen,0.0003725193939134,en,scrubs
intolly,0.0003725193939134,en,scrubs
sizzie,0.0003725193939134,en,scrubs
interatrial,0.0003725193939134,en,scrubs
jizelbck,0.0003725193939134,en,scrubs
agrizzle,0.0003725193939134,en,scrubs
carseat,0.0003725193939134,en,scrubs
helloooooo,0.0003725193939134,en,scrubs
lemke,0.0003725193939134,en,scrubs
definitiveneverbeensosureof,0.0003725193939134,en,scrubs
anithinginmylifeunequivocal,0.0003725193939134,en,scrubs
everibody,0.0003725193939134,en,scrubs
atcha,0.0003725193939134,en,scrubs
pummle,0.0003725193939134,en,scrubs
virge,0.0003725193939134,en,scrubs
lenght,0.0003725193939134,en,scrubs
hiii,0.0003725193939134,en,scrubs
heeeelp,0.0003725193939134,en,scrubs
tubbo,0.0003725193939134,en,scrubs
flopsy,0.0003725193939134,en,scrubs
cheenos,0.0003725193939134,en,scrubs
manight,0.0003725193939134,en,scrubs
substantional,0.0003725193939134,en,scrubs
lensner,0.0003725193939134,en,scrubs
excacerpate,0.0003725193939134,en,scrubs
ullysse,0.0003725193939134,en,scrubs
sublente,0.0003725193939134,en,scrubs
pifuf,0.0003725193939134,en,scrubs
mafuf,0.0003725193939134,en,scrubs
baget,0.0003725193939134,en,scrubs
studen,0.0003725193939134,en,scrubs
pernal,0.0003725193939134,en,scrubs
crapfest,0.0003725193939134,en,scrubs
twclown,0.0003725193939134,en,scrubs
askan,0.0003725193939134,en,scrubs
eskboy,0.0003725193939134,en,scrubs
facetime,0.0003725193939134,en,scrubs
anmake,0.0003725193939134,en,scrubs
wsper,0.0003725193939134,en,scrubs
hartly,0.0003725193939134,en,scrubs
vomitte,0.0003725193939134,en,scrubs
finde,0.0003725193939134,en,scrubs
buzzkiller,0.0003725193939134,en,scrubs
viador,0.0003725193939134,en,scrubs
subcuticular,0.0003725193939134,en,scrubs
littered,0.0003725193939134,en,scrubs
eudicot,0.0003725193939134,en,scrubs
lappy,0.0003725193939134,en,scrubs
ilyevic,0.0003725193939134,en,scrubs
serpity,0.0003725193939134,en,scrubs
sneek,0.0003725193939134,en,scrubs
toosie,0.0003725193939134,en,scrubs
hipocrite,0.0003725193939134,en,scrubs
hedgign,0.0003725193939134,en,scrubs
haaaa,0.0003725193939134,en,scrubs
enfatic,0.0003725193939134,en,scrubs
crapulon,0.0003725193939134,en,scrubs
mindgame,0.0003725193939134,en,scrubs
hypocondriac,0.0003725193939134,en,scrubs
sease,0.0003725193939134,en,scrubs
airband,0.0003725193939134,en,scrubs
ethero,0.0003725193939134,en,scrubs
ricey,0.0003725193939134,en,scrubs
kabbalah,0.0003725193939134,en,scrubs
salaaaad,0.0003725193939134,en,scrubs
airstrike,0.0003725193939134,en,scrubs
smoothing,0.0003725193939134,en,scrubs
sunscreene,0.0003725193939134,en,scrubs
mustiness,0.0003725193939134,en,scrubs
hugue,0.0003725193939134,en,scrubs
terapist,0.0003725193939134,en,scrubs
supermedical,0.0003725193939134,en,scrubs
comfortablea,0.0003725193939134,en,scrubs
homenut,0.0003725193939134,en,scrubs
pastre,0.0003725193939134,en,scrubs
crum,0.0003725193939134,en,scrubs
superbuff,0.0003725193939134,en,scrubs
eonugh,0.0003725193939134,en,scrubs
demostration,0.0003725193939134,en,scrubs
looseene,0.0003725193939134,en,scrubs
becaime,0.0003725193939134,en,scrubs
stantic,0.0003725193939134,en,scrubs
identitiy,0.0003725193939134,en,scrubs
izzieee,0.0003725193939134,en,scrubs
muchisimo,0.0003725193939134,en,scrubs
liston,0.0003725193939134,en,scrubs
forhelpe,0.0003725193939134,en,scrubs
ladania,0.0003725193939134,en,scrubs
enterovirus,0.0003725193939134,en,scrubs
bicyclist,0.0003725193939134,en,scrubs
subcentral,0.0003725193939134,en,scrubs
anestethyze,0.0003725193939134,en,scrubs
periostium,0.0003725193939134,en,scrubs
spleenectomy,0.0003725193939134,en,scrubs
sextastic,0.0003725193939134,en,scrubs
octopi,0.0003725193939134,en,scrubs
blaquaman,0.0003725193939134,en,scrubs
nowelle,0.0003725193939134,en,scrubs
dott,0.0003725193939134,en,scrubs
instatement,0.0003725193939134,en,scrubs
thoracentesis,0.0003725193939134,en,scrubs
radiculopathy,0.0003725193939134,en,scrubs
squeek,0.0003725193939134,en,scrubs
capgra,0.0003725193939134,en,scrubs
japonese,0.0003725193939134,en,scrubs
mucomyst,0.0003725193939134,en,scrubs
chirstma,0.0003725193939134,en,scrubs
partecipation,0.0003725193939134,en,scrubs
cheeno,0.0003725193939134,en,scrubs
nowher,0.0003725193939134,en,scrubs
indipendent,0.0003725193939134,en,scrubs
parrothead,0.0003725193939134,en,scrubs
beardmouth,0.0003725193939134,en,scrubs
soundproofer,0.0003725193939134,en,scrubs
dogmatically,0.0003725193939134,en,scrubs
yyyyes,0.0003725193939134,en,scrubs
splashpool,0.0003725193939134,en,scrubs
smudgie,0.0003725193939134,en,scrubs
mlle,0.0003725193939134,en,scrubs
kyak,0.0003725193939134,en,scrubs
housecall,0.0003725193939134,en,scrubs
lawsuite,0.0003725193939134,en,scrubs
missie,0.0003725193939134,en,scrubs
insuline,0.0003725193939134,en,scrubs
subprime,0.0003725193939134,en,scrubs
frankeinstein,0.0003725193939134,en,scrubs
dummygram,0.0003725193939134,en,scrubs
roonie,0.0003725193939134,en,scrubs
whaaaat,0.0003725193939134,en,scrubs
buffin,0.0003725193939134,en,scrubs
suckos,0.0003725193939134,en,scrubs
zeebee,0.0003725193939134,en,scrubs
jua,0.0003725193939134,en,scrubs
thermoregulation,0.0003725193939134,en,scrubs
nita,0.0003725193939134,en,scrubs
blerd,0.0003725193939134,en,scrubs
drunkgirl,0.0003725193939134,en,scrubs
uhhhh,0.0003725193939134,en,scrubs
lavern,0.0003725193939134,en,scrubs
chigago,0.0003725193939134,en,scrubs
chicano,0.0003725193939134,en,scrubs
releate,0.0003725193939134,en,scrubs
bachata,0.0003725193939134,en,scrubs
orville,0.0003725193939134,en,scrubs
waspiness,0.0003725193939134,en,scrubs
laughie,0.0003725193939134,en,scrubs
scrumpdelicious,0.0003725193939134,en,scrubs
apri,0.0003725193939134,en,scrubs
gotchee,0.0003725193939134,en,scrubs
küster,0.0003725193939134,en,scrubs
gesagt,0.0003725193939134,en,scrubs
mopingstein,0.0003725193939134,en,scrubs
neutropenia,0.0003725193939134,en,scrubs
sunnyhoneybunny,0.0003725193939134,en,scrubs
zeltzere,0.0003725193939134,en,scrubs
odder,0.0003725193939134,en,scrubs
twenti,0.0003725193939134,en,scrubs
sprinkling,0.0003725193939134,en,scrubs
suds,0.0003725193939134,en,scrubs
maaaad,0.0003725193939134,en,scrubs
bitcheeee,0.0003725193939134,en,scrubs
femor,0.0003725193939134,en,scrubs
paiiiid,0.0003725193939134,en,scrubs
oheb,0.0003725193939134,en,scrubs
bmp,0.0003725193939134,en,scrubs
pillowed,0.0003725193939134,en,scrubs
nyahhh,0.0003725193939134,en,scrubs
pooter,0.0003725193939134,en,scrubs
riiiight,0.0003725193939134,en,scrubs
witcomb,0.0003725193939134,en,scrubs
discontinuation,0.0003725193939134,en,scrubs
spacy,0.0003725193939134,en,scrubs
volcan,0.0003725193939134,en,scrubs
wantna,0.0003725193939134,en,scrubs
heritee,0.0003725193939134,en,scrubs
opinione,0.0003725193939134,en,scrubs
schwong,0.0003725193939134,en,scrubs
janotor,0.0003725193939134,en,scrubs
truuth,0.0003725193939134,en,scrubs
uuth,0.0003725193939134,en,scrubs
thetoddtime,0.0003725193939134,en,scrubs
cliquish,0.0003725193939134,en,scrubs
daredevilin,0.0003725193939134,en,scrubs
clindamycin,0.0003725193939134,en,scrubs
penist,0.0003725193939134,en,scrubs
outweight,0.0003725193939134,en,scrubs
jum,0.0003725193939134,en,scrubs
fal,0.0003725193939134,en,scrubs
spala,0.0003725193939134,en,scrubs
sugarcoating,0.0003725193939134,en,scrubs
apologizer,0.0003725193939134,en,scrubs
radin,0.0003725193939134,en,scrubs
tomoow,0.0003725193939134,en,scrubs
qut,0.0003725193939134,en,scrubs
barging,0.0003725193939134,en,scrubs
disrespecting,0.0003725193939134,en,scrubs
firebreathing,0.0003725193939134,en,scrubs
transcirpt,0.0003725193939134,en,scrubs
nursita,0.0003725193939134,en,scrubs
beez,0.0003725193939134,en,scrubs
statisfie,0.0003725193939134,en,scrubs
blondesteak,0.0003725193939134,en,scrubs
intimated,0.0003725193939134,en,scrubs
doose,0.0003725193939134,en,scrubs
wouldja,0.0003725193939134,en,scrubs
barbacious,0.0003725193939134,en,scrubs
oldld,0.0003725193939134,en,scrubs
lugnut,0.0003725193939134,en,scrubs
carditis,0.0003725193939134,en,scrubs
bellisimo,0.0003725193939134,en,scrubs
coxish,0.0003725193939134,en,scrubs
attachement,0.0003725193939134,en,scrubs
dizz,0.0003725193939134,en,scrubs
frustate,0.0003725193939134,en,scrubs
stuggle,0.0003725193939134,en,scrubs
captainless,0.0003725193939134,en,scrubs
ctor,0.0003725193939134,en,scrubs
cende,0.0003725193939134,en,scrubs
noob,0.0003725193939134,en,scrubs
ijo,0.0003725193939134,en,scrubs
irrrrrv,0.0003725193939134,en,scrubs
didja,0.0003725193939134,en,scrubs
matarme,0.0003725193939134,en,scrubs
criar,0.0003725193939134,en,scrubs
corriendo,0.0003725193939134,en,scrubs
despejate,0.0003725193939134,en,scrubs
colman,0.0003725193939134,en,scrubs
slosky,0.0003725193939134,en,scrubs
gallder,0.0003725193939134,en,scrubs
cheezle,0.0003725193939134,en,scrubs
tconvince,0.0003725193939134,en,scrubs
bouillion,0.0003725193939134,en,scrubs
wojo,0.0003725193939134,en,scrubs
chickl,0.0003725193939134,en,scrubs
shick,0.0003725193939134,en,scrubs
rosell,0.0003725193939134,en,scrubs
intouchable,0.0003725193939134,en,scrubs
atittude,0.0003725193939134,en,scrubs
romanticly,0.0003725193939134,en,scrubs
wizzard,0.0003725193939134,en,scrubs
chiper,0.0003725193939134,en,scrubs
duodenoscopy,0.0003725193939134,en,scrubs
dism,0.0003725193939134,en,scrubs
squiglee,0.0003725193939134,en,scrubs
volontaire,0.0003725193939134,en,scrubs
gentlekemia,0.0003725193939134,en,scrubs
whory,0.0003725193939134,en,scrubs
antinuclear,0.0003725193939134,en,scrubs
mocho,0.0003725193939134,en,scrubs
stinkwater,0.0003725193939134,en,scrubs
toolbelt,0.0003725193939134,en,scrubs
endocrynology,0.0003725193939134,en,scrubs
interferre,0.0003725193939134,en,scrubs
akita,0.0003725193939134,en,scrubs
curk,0.0003725193939134,en,scrubs
gutted,0.0003725193939134,en,scrubs
gtalk,0.0003725193939134,en,scrubs
shecertainly,0.0003725193939134,en,scrubs
spieseverywhere,0.0003725193939134,en,scrubs
ihaveto,0.0003725193939134,en,scrubs
thatihate,0.0003725193939134,en,scrubs
sotro,0.0003725193939134,en,scrubs
baldous,0.0003725193939134,en,scrubs
oncombination,0.0003725193939134,en,scrubs
convinction,0.0003725193939134,en,scrubs
whokille,0.0003725193939134,en,scrubs
mymom,0.0003725193939134,en,scrubs
upliving,0.0003725193939134,en,scrubs
brothy,0.0003725193939134,en,scrubs
hesitance,0.0003725193939134,en,scrubs
jorderoo,0.0003725193939134,en,scrubs
farted,0.0003725193939134,en,scrubs
preconceived,0.0003725193939134,en,scrubs
airfive,0.0003725193939134,en,scrubs
doesit,0.0003725193939134,en,scrubs
perioperate,0.0003725193939134,en,scrubs
bulse,0.0003725193939134,en,scrubs
recomandation,0.0003725193939134,en,scrubs
cazy,0.0003725193939134,en,scrubs
babygap,0.0003725193939134,en,scrubs
fricky,0.0003725193939134,en,scrubs
kayaker,0.0003725193939134,en,scrubs
correctomundo,0.0003725193939134,en,scrubs
alleluia,0.0003725193939134,en,scrubs
aohhhh,0.0003725193939134,en,scrubs
myclass,0.0003725193939134,en,scrubs
reallymug,0.0003725193939134,en,scrubs
bittorrent,0.0003725193939134,en,scrubs
beenthemost,0.0003725193939134,en,scrubs
hereeveryday,0.0003725193939134,en,scrubs
wiseacre,0.0003725193939134,en,scrubs
crunchberry,0.0003725193939134,en,scrubs
tribeswoman,0.0003725193939134,en,scrubs
semanalmente,0.0003725193939134,en,scrubs
sportstown,0.0003725193939134,en,scrubs
salkys,0.0003725193939134,en,scrubs
mountanious,0.0003725193939134,en,scrubs
stockout,0.0003725193939134,en,scrubs
sintom,0.0003725193939134,en,scrubs
napsack,0.0003725193939134,en,scrubs
stainde,0.0003725193939134,en,scrubs
wrongo,0.0003725193939134,en,scrubs
fusdge,0.0003725193939134,en,scrubs
porphiria,0.0003725193939134,en,scrubs
infume,0.0003725193939134,en,scrubs
frickety,0.0003725193939134,en,scrubs
sponse,0.0003725193939134,en,scrubs
nobba,0.0003725193939134,en,scrubs
volountarily,0.0003725193939134,en,scrubs
foget,0.0003725193939134,en,scrubs
yord,0.0003725193939134,en,scrubs
hoebag,0.0003725193939134,en,scrubs
relationary,0.0003725193939134,en,scrubs
seabizzle,0.0003725193939134,en,scrubs
silar,0.0003725193939134,en,scrubs
manageble,0.0003725193939134,en,scrubs
manberry,0.0003725193939134,en,scrubs
gandhis,0.0003725193939134,en,scrubs
slagy,0.0003725193939134,en,scrubs
toadie,0.0003725193939134,en,scrubs
hutmate,0.0003725193939134,en,scrubs
percible,0.0003725193939134,en,scrubs
sequard,0.0003725193939134,en,scrubs
blackface,0.0003725193939134,en,scrubs
meaningle,0.0003725193939134,en,scrubs
toddtime,0.0003725193939134,en,scrubs
aaw,0.0003725193939134,en,scrubs
funzie,0.0003725193939134,en,scrubs
apuesto,0.0003725193939134,en,scrubs
junto,0.0003725193939134,en,scrubs
psixro,0.0003725193939134,en,scrubs
diagnoaveva,0.0003725193939134,en,scrubs
psyed,0.0003725193939134,en,scrubs
mezzi,0.0003725193939134,en,scrubs
twilighter,0.0003725193939134,en,scrubs
loosing,0.0003725193939134,en,scrubs
ooog,0.0003725193939134,en,scrubs
commitophobe,0.0003725193939134,en,scrubs
intrern,0.0003725193939134,en,scrubs
motorpathic,0.0003725193939134,en,scrubs
schmiorrhea,0.0003725193939134,en,scrubs
scrubsseason,0.0003725193939134,en,scrubs
spanishita,0.0003725193939134,en,scrubs
baloon,0.0003725193939134,en,scrubs
acually,0.0003725193939134,en,scrubs
bry,0.0003725193939134,en,scrubs
finkel,0.0003725193939134,en,scrubs
preagnant,0.0003725193939134,en,scrubs
algia,0.0003725193939134,en,scrubs
dallie,0.0003725193939134,en,scrubs
dictum,0.0003725193939134,en,scrubs
thomrobotic,0.0003725193939134,en,scrubs
halvsie,0.0003725193939134,en,scrubs
toooo,0.0003725193939134,en,scrubs
stomash,0.0003725193939134,en,scrubs
whipperwheel,0.0003725193939134,en,scrubs
elaborating,0.0003725193939134,en,scrubs
transfix,0.0003725193939134,en,scrubs
dinkus,0.0003725193939134,en,scrubs
dryspell,0.0003725193939134,en,scrubs
pelase,0.0003725193939134,en,scrubs
persistance,0.0003725193939134,en,scrubs
margaritas,0.0003725193939134,en,scrubs
grandaughter,0.0003725193939134,en,scrubs
spontanoeus,0.0003725193939134,en,scrubs
istinct,0.0003725193939134,en,scrubs
stottlemeyer,0.0003725193939134,en,scrubs
moresie,0.0003725193939134,en,scrubs
finski,0.0003725193939134,en,scrubs
errance,0.0003725193939134,en,scrubs
perce,0.0003725193939134,en,scrubs
intensively,0.0003725193939134,en,scrubs
dharmagirl,0.0003725193939134,en,scrubs
ehhh,0.0003725193939134,en,scrubs
llllearn,0.0003725193939134,en,scrubs
baaaaad,0.0003725193939134,en,scrubs
snoggy,0.0003725193939134,en,scrubs
goale,0.0003725193939134,en,scrubs
jibberish,0.0003725193939134,en,scrubs
groope,0.0003725193939134,en,scrubs
cinical,0.0003725193939134,en,scrubs
throgh,0.0003725193939134,en,scrubs
lowfer,0.0003725193939134,en,scrubs
peachtini,0.0003725193939134,en,scrubs
slicin,0.0003725193939134,en,scrubs
formula,0.0003702249737599,en,scrubs
bible,0.0003702249737599,en,scrubs
institution,0.0003702249737599,en,scrubs
column,0.0003702249737599,en,scrubs
confirmation,0.0003702249737599,en,scrubs
popular,0.0003698049020189,en,scrubs
produce,0.0003698049020189,en,scrubs
sweep,0.0003698049020189,en,scrubs
dabble,0.0003674259593224,en,scrubs
greece,0.0003674259593224,en,scrubs
hawaiian,0.0003674259593224,en,scrubs
preoccupied,0.0003674259593224,en,scrubs
unimportant,0.0003674259593224,en,scrubs
friday,0.0003674259593224,en,scrubs
pam,0.0003674259593224,en,scrubs
liable,0.0003674259593224,en,scrubs
saline,0.0003674259593224,en,scrubs
onset,0.0003674259593224,en,scrubs
quarrel,0.0003674259593224,en,scrubs
hubby,0.0003674259593224,en,scrubs
rejoice,0.0003674259593224,en,scrubs
joe,0.0003674259593224,en,scrubs
wimp,0.0003674259593224,en,scrubs
annoyed,0.0003674259593224,en,scrubs
minority,0.0003674259593224,en,scrubs
crippled,0.0003674259593224,en,scrubs
shaker,0.0003674259593224,en,scrubs
ominous,0.0003674259593224,en,scrubs
vengeful,0.0003674259593224,en,scrubs
middleman,0.0003674259593224,en,scrubs
invalid,0.0003674259593224,en,scrubs
violent,0.0003667664320983,en,scrubs
command,0.0003667664320983,en,scrubs
vehicle,0.0003667664320983,en,scrubs
discussion,0.0003667664320983,en,scrubs
fuzzy,0.0003667428447608,en,scrubs
unpredictable,0.0003667428447608,en,scrubs
compel,0.0003667428447608,en,scrubs
aspirin,0.0003667428447608,en,scrubs
suffocate,0.0003667428447608,en,scrubs
legacy,0.0003667428447608,en,scrubs
sustain,0.0003667428447608,en,scrubs
eternity,0.0003667428447608,en,scrubs
backup,0.000363759449479,en,scrubs
opening,0.000363759449479,en,scrubs
silver,0.000363759449479,en,scrubs
register,0.000363759449479,en,scrubs
inform,0.000363759449479,en,scrubs
yup,0.0003633155547237,en,scrubs
offensive,0.0003633155547237,en,scrubs
mill,0.0003633155547237,en,scrubs
rehearsal,0.0003633155547237,en,scrubs
technical,0.0003633155547237,en,scrubs
rational,0.0003633155547237,en,scrubs
provoke,0.0003633155547237,en,scrubs
mechanic,0.0003633155547237,en,scrubs
knot,0.0003633155547237,en,scrubs
internally,0.0003621495373739,en,scrubs
johnny,0.0003621495373739,en,scrubs
hoo,0.0003621495373739,en,scrubs
brazilian,0.0003621495373739,en,scrubs
donny,0.0003621495373739,en,scrubs
tract,0.0003621495373739,en,scrubs
recap,0.0003621495373739,en,scrubs
ferry,0.0003621495373739,en,scrubs
ponder,0.0003621495373739,en,scrubs
lotto,0.0003621495373739,en,scrubs
whimper,0.0003621495373739,en,scrubs
attaboy,0.0003621495373739,en,scrubs
dramatically,0.0003621495373739,en,scrubs
practise,0.0003621495373739,en,scrubs
wed,0.0003621495373739,en,scrubs
muddy,0.0003621495373739,en,scrubs
clink,0.0003621495373739,en,scrubs
fluent,0.0003621495373739,en,scrubs
gosh,0.0003621495373739,en,scrubs
participation,0.0003621495373739,en,scrubs
metabolism,0.0003621495373739,en,scrubs
disgusted,0.0003621495373739,en,scrubs
brief,0.0003607833082507,en,scrubs
relief,0.0003607833082507,en,scrubs
goal,0.0003607833082507,en,scrubs
kidnap,0.0003607833082507,en,scrubs
convert,0.0003599414031119,en,scrubs
meaningless,0.0003599414031119,en,scrubs
closing,0.0003599414031119,en,scrubs
hitch,0.0003599414031119,en,scrubs
protest,0.0003599414031119,en,scrubs
dummy,0.0003599414031119,en,scrubs
blunt,0.0003599414031119,en,scrubs
halfway,0.0003578373821759,en,scrubs
online,0.0003578373821759,en,scrubs
potion,0.0003570582917275,en,scrubs
comic_strip,0.0003570582917275,en,scrubs
unsuccessful,0.0003570582917275,en,scrubs
putty,0.0003570582917275,en,scrubs
geography,0.0003570582917275,en,scrubs
buddha,0.0003570582917275,en,scrubs
pathology,0.0003570582917275,en,scrubs
erupt,0.0003570582917275,en,scrubs
skating,0.0003570582917275,en,scrubs
overdo,0.0003570582917275,en,scrubs
ballpark,0.0003570582917275,en,scrubs
buzzer,0.0003570582917275,en,scrubs
imitation,0.0003570582917275,en,scrubs
incense,0.0003570582917275,en,scrubs
reaper,0.0003570582917275,en,scrubs
toddler,0.0003570582917275,en,scrubs
worse,0.0003570582917275,en,scrubs
divulge,0.0003570582917275,en,scrubs
maturity,0.0003570582917275,en,scrubs
rabbi,0.0003570582917275,en,scrubs
mega,0.0003570582917275,en,scrubs
excruciating,0.0003570582917275,en,scrubs
rinse,0.0003570582917275,en,scrubs
creak,0.0003570582917275,en,scrubs
zebra,0.0003570582917275,en,scrubs
stuffy,0.0003570582917275,en,scrubs
armpit,0.0003570582917275,en,scrubs
bony,0.0003570582917275,en,scrubs
jade,0.0003570582917275,en,scrubs
sword,0.0003566187672819,en,scrubs
gratitude,0.0003566187672819,en,scrubs
keeper,0.0003566187672819,en,scrubs
tremendous,0.0003566187672819,en,scrubs
sheriff,0.0003566187672819,en,scrubs
den,0.0003566187672819,en,scrubs
grudge,0.0003566187672819,en,scrubs
salesman,0.0003566187672819,en,scrubs
nuclear,0.0003566187672819,en,scrubs
potentially,0.0003566187672819,en,scrubs
biological,0.0003566187672819,en,scrubs
supposedly,0.0003566187672819,en,scrubs
starve,0.0003549210638992,en,scrubs
offense,0.0003549210638992,en,scrubs
century,0.0003549210638992,en,scrubs
discovery,0.000353346097798,en,scrubs
remarkable,0.000353346097798,en,scrubs
adrenaline,0.000353346097798,en,scrubs
donation,0.000353346097798,en,scrubs
container,0.000353346097798,en,scrubs
harbor,0.000353346097798,en,scrubs
wicked,0.000353346097798,en,scrubs
flourish,0.0003521396643204,en,scrubs
unhealthy,0.0003521396643204,en,scrubs
feisty,0.0003521396643204,en,scrubs
spew,0.0003521396643204,en,scrubs
ponytail,0.0003521396643204,en,scrubs
adjourn,0.0003521396643204,en,scrubs
controller,0.0003521396643204,en,scrubs
sham,0.0003521396643204,en,scrubs
backside,0.0003521396643204,en,scrubs
intro,0.0003521396643204,en,scrubs
damp,0.0003521396643204,en,scrubs
conception,0.0003521396643204,en,scrubs
blackberry,0.0003521396643204,en,scrubs
twig,0.0003521396643204,en,scrubs
headset,0.0003521396643204,en,scrubs
seattle,0.0003521396643204,en,scrubs
fluke,0.0003521396643204,en,scrubs
toenail,0.0003521396643204,en,scrubs
performer,0.0003521396643204,en,scrubs
feelin,0.0003521396643204,en,scrubs
pilgrim,0.0003521396643204,en,scrubs
export,0.0003521396643204,en,scrubs
topless,0.0003521396643204,en,scrubs
speciman,0.0003521396643204,en,scrubs
reduction,0.0003521396643204,en,scrubs
millennium,0.0003521396643204,en,scrubs
coronary,0.0003521396643204,en,scrubs
background,0.0003520337641961,en,scrubs
directly,0.0003520337641961,en,scrubs
roast,0.0003501219140935,en,scrubs
password,0.0003501219140935,en,scrubs
hon,0.0003501219140935,en,scrubs
writer,0.0003501219140935,en,scrubs
addiction,0.0003501219140935,en,scrubs
shallow,0.0003501219140935,en,scrubs
religious,0.0003501219140935,en,scrubs
betray,0.000349174911258,en,scrubs
activity,0.000349174911258,en,scrubs
impregnate,0.0003473823327754,en,scrubs
reiterate,0.0003473823327754,en,scrubs
upfront,0.0003473823327754,en,scrubs
overlap,0.0003473823327754,en,scrubs
puttin,0.0003473823327754,en,scrubs
squish,0.0003473823327754,en,scrubs
whomever,0.0003473823327754,en,scrubs
dishwasher,0.0003473823327754,en,scrubs
vendor,0.0003473823327754,en,scrubs
sitting,0.0003473823327754,en,scrubs
downer,0.0003473823327754,en,scrubs
reconstruction,0.0003473823327754,en,scrubs
fisherman,0.0003473823327754,en,scrubs
hurtful,0.0003473823327754,en,scrubs
badger,0.0003473823327754,en,scrubs
fusion,0.0003473823327754,en,scrubs
efficiency,0.0003473823327754,en,scrubs
singular,0.0003473823327754,en,scrubs
penguin,0.0003473823327754,en,scrubs
savor,0.0003473823327754,en,scrubs
grope,0.0003473823327754,en,scrubs
peel,0.0003469448004485,en,scrubs
acceptable,0.0003469448004485,en,scrubs
cope,0.0003469448004485,en,scrubs
scrape,0.0003469448004485,en,scrubs
decline,0.0003469448004485,en,scrubs
tony,0.0003469448004485,en,scrubs
rail,0.0003438134022579,en,scrubs
rebuild,0.0003438134022579,en,scrubs
mister,0.0003438134022579,en,scrubs
worship,0.0003438134022579,en,scrubs
affair,0.0003435403414776,en,scrubs
footballe,0.0003431058170301,en,scrubs
lazybone,0.0003431058170301,en,scrubs
embarrase,0.0003431058170301,en,scrubs
toate,0.0003431058170301,en,scrubs
choc,0.0003431058170301,en,scrubs
linin,0.0003431058170301,en,scrubs
lata,0.0003431058170301,en,scrubs
purulent,0.0003431058170301,en,scrubs
nielsen,0.0003431058170301,en,scrubs
banditos,0.0003431058170301,en,scrubs
hizzouse,0.0003431058170301,en,scrubs
fragility,0.0003431058170301,en,scrubs
pfect,0.0003431058170301,en,scrubs
suose,0.0003431058170301,en,scrubs
chiropractic,0.0003431058170301,en,scrubs
shadowing,0.0003431058170301,en,scrubs
dextrose,0.0003431058170301,en,scrubs
faecal,0.0003431058170301,en,scrubs
prophylaxis,0.0003431058170301,en,scrubs
glucosidase,0.0003431058170301,en,scrubs
jagermeister,0.0003431058170301,en,scrubs
embarrassingly,0.0003431058170301,en,scrubs
pincher,0.0003431058170301,en,scrubs
fibrous,0.0003431058170301,en,scrubs
jaundiced,0.0003431058170301,en,scrubs
hider,0.0003431058170301,en,scrubs
simba,0.0003431058170301,en,scrubs
marg,0.0003431058170301,en,scrubs
ioud,0.0003431058170301,en,scrubs
kemo,0.0003431058170301,en,scrubs
hypokalemia,0.0003431058170301,en,scrubs
keyshawn,0.0003431058170301,en,scrubs
coupledom,0.0003431058170301,en,scrubs
farr,0.0003431058170301,en,scrubs
brylcreem,0.0003431058170301,en,scrubs
triethanolamine,0.0003431058170301,en,scrubs
decayed,0.0003431058170301,en,scrubs
flopper,0.0003431058170301,en,scrubs
spooner,0.0003431058170301,en,scrubs
buisiness,0.0003431058170301,en,scrubs
underwhelmed,0.0003431058170301,en,scrubs
entrée,0.0003431058170301,en,scrubs
baez,0.0003431058170301,en,scrubs
fla,0.0003431058170301,en,scrubs
bernice,0.0003431058170301,en,scrubs
boomtown,0.0003431058170301,en,scrubs
eate,0.0003431058170301,en,scrubs
technicly,0.0003431058170301,en,scrubs
flatt,0.0003431058170301,en,scrubs
manwhore,0.0003431058170301,en,scrubs
plié,0.0003431058170301,en,scrubs
mopping,0.0003431058170301,en,scrubs
whatevah,0.0003431058170301,en,scrubs
sweatheart,0.0003431058170301,en,scrubs
barbarino,0.0003431058170301,en,scrubs
polypectomy,0.0003431058170301,en,scrubs
heeey,0.0003431058170301,en,scrubs
apneic,0.0003431058170301,en,scrubs
hemodynamic,0.0003431058170301,en,scrubs
marybeth,0.0003431058170301,en,scrubs
youuuu,0.0003431058170301,en,scrubs
throughway,0.0003431058170301,en,scrubs
lithotripsy,0.0003431058170301,en,scrubs
ouais,0.0003431058170301,en,scrubs
antagonise,0.0003431058170301,en,scrubs
thgs,0.0003431058170301,en,scrubs
naggin,0.0003431058170301,en,scrubs
crustie,0.0003431058170301,en,scrubs
tonto,0.0003431058170301,en,scrubs
stapling,0.0003431058170301,en,scrubs
ologist,0.0003431058170301,en,scrubs
preposterously,0.0003431058170301,en,scrubs
hyponatremia,0.0003431058170301,en,scrubs
cardioversion,0.0003431058170301,en,scrubs
doctorly,0.0003431058170301,en,scrubs
sprewell,0.0003431058170301,en,scrubs
jgermeister,0.0003431058170301,en,scrubs
placing,0.0003431058170301,en,scrubs
awards,0.0003431058170301,en,scrubs
gupta,0.0003431058170301,en,scrubs
fabuloso,0.0003431058170301,en,scrubs
constipated,0.0003431058170301,en,scrubs
naaaa,0.0003431058170301,en,scrubs
appendiceal,0.0003431058170301,en,scrubs
extrication,0.0003431058170301,en,scrubs
colectomy,0.0003431058170301,en,scrubs
debulke,0.0003431058170301,en,scrubs
rootin,0.0003431058170301,en,scrubs
barby,0.0003431058170301,en,scrubs
marjory,0.0003431058170301,en,scrubs
scissorhand,0.0003431058170301,en,scrubs
satiate,0.0003431058170301,en,scrubs
summarise,0.0003431058170301,en,scrubs
contritely,0.0003431058170301,en,scrubs
waouh,0.0003431058170301,en,scrubs
latrell,0.0003431058170301,en,scrubs
unexpecte,0.0003431058170301,en,scrubs
suprisingly,0.0003431058170301,en,scrubs
ohohh,0.0003431058170301,en,scrubs
foursie,0.0003431058170301,en,scrubs
dishtowel,0.0003431058170301,en,scrubs
perinephric,0.0003431058170301,en,scrubs
placid,0.0003431058170301,en,scrubs
afebrile,0.0003431058170301,en,scrubs
cvp,0.0003431058170301,en,scrubs
leukocytosis,0.0003431058170301,en,scrubs
aaahh,0.0003431058170301,en,scrubs
distantly,0.0003431058170301,en,scrubs
realsie,0.0003431058170301,en,scrubs
chauncy,0.0003431058170301,en,scrubs
valsalva,0.0003431058170301,en,scrubs
squarepant,0.0003431058170301,en,scrubs
espero,0.0003431058170301,en,scrubs
popstar,0.0003431058170301,en,scrubs
defecation,0.0003431058170301,en,scrubs
oberman,0.0003431058170301,en,scrubs
dimethicone,0.0003431058170301,en,scrubs
fryin,0.0003431058170301,en,scrubs
tallyho,0.0003431058170301,en,scrubs
interferon,0.0003431058170301,en,scrubs
synthetically,0.0003431058170301,en,scrubs
preoperative,0.0003431058170301,en,scrubs
acth,0.0003431058170301,en,scrubs
exercice,0.0003431058170301,en,scrubs
somehe,0.0003431058170301,en,scrubs
prospector,0.0003431058170301,en,scrubs
kersh,0.0003431058170301,en,scrubs
robote,0.0003431058170301,en,scrubs
cuuute,0.0003431058170301,en,scrubs
wooo,0.0003431058170301,en,scrubs
moring,0.0003431058170301,en,scrubs
thiamine,0.0003431058170301,en,scrubs
gluconate,0.0003431058170301,en,scrubs
seabird,0.0003431058170301,en,scrubs
pickett,0.0003431058170301,en,scrubs
micky,0.0003431058170301,en,scrubs
tainment,0.0003431058170301,en,scrubs
sephardic,0.0003431058170301,en,scrubs
insufficiency,0.0003431058170301,en,scrubs
chiasm,0.0003431058170301,en,scrubs
hematemesis,0.0003431058170301,en,scrubs
ovale,0.0003431058170301,en,scrubs
dilator,0.0003431058170301,en,scrubs
snorer,0.0003431058170301,en,scrubs
stutterer,0.0003431058170301,en,scrubs
supersensitive,0.0003431058170301,en,scrubs
sluggo,0.0003431058170301,en,scrubs
gabbe,0.0003431058170301,en,scrubs
autobahn,0.0003431058170301,en,scrubs
pidge,0.0003431058170301,en,scrubs
ashy,0.0003431058170301,en,scrubs
metaphore,0.0003431058170301,en,scrubs
capisc,0.0003431058170301,en,scrubs
weightlifter,0.0003431058170301,en,scrubs
aaaaand,0.0003431058170301,en,scrubs
xcuse,0.0003431058170301,en,scrubs
headachy,0.0003431058170301,en,scrubs
frontdoor,0.0003431058170301,en,scrubs
roker,0.0003431058170301,en,scrubs
cnn,0.0003431058170301,en,scrubs
digression,0.0003431058170301,en,scrubs
antecubital,0.0003431058170301,en,scrubs
journeyman,0.0003431058170301,en,scrubs
hootenanny,0.0003431058170301,en,scrubs
shavin,0.0003431058170301,en,scrubs
pylorus,0.0003431058170301,en,scrubs
ceftazidime,0.0003431058170301,en,scrubs
feldman,0.0003431058170301,en,scrubs
bloaty,0.0003431058170301,en,scrubs
supercut,0.0003431058170301,en,scrubs
designing,0.0003431058170301,en,scrubs
weew,0.0003431058170301,en,scrubs
occurence,0.0003431058170301,en,scrubs
toc,0.0003431058170301,en,scrubs
tonsillitis,0.0003431058170301,en,scrubs
golfball,0.0003431058170301,en,scrubs
metanephrine,0.0003431058170301,en,scrubs
rizzle,0.0003431058170301,en,scrubs
tarla,0.0003431058170301,en,scrubs
smallish,0.0003431058170301,en,scrubs
fabry,0.0003431058170301,en,scrubs
strugglin,0.0003431058170301,en,scrubs
monroeville,0.0003431058170301,en,scrubs
loggin,0.0003431058170301,en,scrubs
fedora,0.0003431058170301,en,scrubs
jama,0.0003431058170301,en,scrubs
colecovision,0.0003431058170301,en,scrubs
glossary,0.0003431058170301,en,scrubs
liqueur,0.0003431058170301,en,scrubs
sarcoidosis,0.0003431058170301,en,scrubs
hypercoagulable,0.0003431058170301,en,scrubs
rheumatology,0.0003431058170301,en,scrubs
encephalopathy,0.0003431058170301,en,scrubs
alkie,0.0003431058170301,en,scrubs
andlor,0.0003431058170301,en,scrubs
anyour,0.0003431058170301,en,scrubs
rup,0.0003431058170301,en,scrubs
myomectomy,0.0003431058170301,en,scrubs
embarassment,0.0003431058170301,en,scrubs
deadness,0.0003431058170301,en,scrubs
fyl,0.0003431058170301,en,scrubs
fizzling,0.0003431058170301,en,scrubs
implantable,0.0003431058170301,en,scrubs
fiancã,0.0003431058170301,en,scrubs
contralateral,0.0003431058170301,en,scrubs
enzime,0.0003431058170301,en,scrubs
apreciate,0.0003431058170301,en,scrubs
hormon,0.0003431058170301,en,scrubs
meconium,0.0003431058170301,en,scrubs
idealise,0.0003431058170301,en,scrubs
catheterization,0.0003431058170301,en,scrubs
cooing,0.0003431058170301,en,scrubs
breading,0.0003431058170301,en,scrubs
vaginally,0.0003431058170301,en,scrubs
atchoo,0.0003431058170301,en,scrubs
undistinguished,0.0003431058170301,en,scrubs
cham,0.0003431058170301,en,scrubs
appropriateness,0.0003431058170301,en,scrubs
jabar,0.0003431058170301,en,scrubs
mislabelle,0.0003431058170301,en,scrubs
doanythe,0.0003431058170301,en,scrubs
makesmy,0.0003431058170301,en,scrubs
adenoma,0.0003431058170301,en,scrubs
orthostatic,0.0003431058170301,en,scrubs
brrrr,0.0003431058170301,en,scrubs
pinchy,0.0003431058170301,en,scrubs
changing,0.0003431058170301,en,scrubs
ranny,0.0003431058170301,en,scrubs
jayme,0.0003431058170301,en,scrubs
bartle,0.0003431058170301,en,scrubs
dehisce,0.0003431058170301,en,scrubs
mmmh,0.0003431058170301,en,scrubs
rafting,0.0003431058170301,en,scrubs
coagulopathy,0.0003431058170301,en,scrubs
polycystic,0.0003431058170301,en,scrubs
burnside,0.0003431058170301,en,scrubs
mitigation,0.0003431058170301,en,scrubs
repeating,0.0003431058170301,en,scrubs
bango,0.0003431058170301,en,scrubs
breastfe,0.0003431058170301,en,scrubs
zac,0.0003431058170301,en,scrubs
rouler,0.0003431058170301,en,scrubs
anounce,0.0003431058170301,en,scrubs
describing,0.0003431058170301,en,scrubs
yeow,0.0003431058170301,en,scrubs
fathering,0.0003431058170301,en,scrubs
interreste,0.0003431058170301,en,scrubs
hellp,0.0003431058170301,en,scrubs
boog,0.0003431058170301,en,scrubs
hermione,0.0003431058170301,en,scrubs
unjustifiable,0.0003431058170301,en,scrubs
belli,0.0003431058170301,en,scrubs
arod,0.0003431058170301,en,scrubs
russel,0.0003431058170301,en,scrubs
rhododendron,0.0003431058170301,en,scrubs
apartheid,0.0003431058170301,en,scrubs
tively,0.0003431058170301,en,scrubs
stater,0.0003431058170301,en,scrubs
chappy,0.0003431058170301,en,scrubs
bratz,0.0003431058170301,en,scrubs
pinup,0.0003431058170301,en,scrubs
riskin,0.0003431058170301,en,scrubs
ific,0.0003431058170301,en,scrubs
titbit,0.0003431058170301,en,scrubs
haematology,0.0003431058170301,en,scrubs
pippy,0.0003431058170301,en,scrubs
anf,0.0003431058170301,en,scrubs
humm,0.0003431058170301,en,scrubs
chizzle,0.0003431058170301,en,scrubs
tearin,0.0003431058170301,en,scrubs
morissette,0.0003431058170301,en,scrubs
vajayjay,0.0003431058170301,en,scrubs
hoosier,0.0003431058170301,en,scrubs
cuter,0.0003431058170301,en,scrubs
uggh,0.0003431058170301,en,scrubs
ching,0.0003431058170301,en,scrubs
kangol,0.0003431058170301,en,scrubs
roh,0.0003431058170301,en,scrubs
marbury,0.0003431058170301,en,scrubs
machismo,0.0003431058170301,en,scrubs
crappuccino,0.0003431058170301,en,scrubs
pachelbel,0.0003431058170301,en,scrubs
bowflex,0.0003431058170301,en,scrubs
toehold,0.0003431058170301,en,scrubs
nyah,0.0003431058170301,en,scrubs
speachless,0.0003431058170301,en,scrubs
deject,0.0003431058170301,en,scrubs
basinger,0.0003431058170301,en,scrubs
doughter,0.0003431058170301,en,scrubs
piña,0.0003431058170301,en,scrubs
lupita,0.0003431058170301,en,scrubs
sharise,0.0003431058170301,en,scrubs
boxed,0.0003431058170301,en,scrubs
swash,0.0003431058170301,en,scrubs
hammertime,0.0003431058170301,en,scrubs
wecando,0.0003431058170301,en,scrubs
thaaank,0.0003431058170301,en,scrubs
pannus,0.0003431058170301,en,scrubs
reductase,0.0003431058170301,en,scrubs
sauvignon,0.0003431058170301,en,scrubs
magi,0.0003431058170301,en,scrubs
jermaine,0.0003431058170301,en,scrubs
fluro,0.0003431058170301,en,scrubs
maraud,0.0003431058170301,en,scrubs
drun,0.0003431058170301,en,scrubs
pamplemousse,0.0003431058170301,en,scrubs
pirouette,0.0003431058170301,en,scrubs
happeni,0.0003431058170301,en,scrubs
wayan,0.0003431058170301,en,scrubs
forgetter,0.0003431058170301,en,scrubs
snacking,0.0003431058170301,en,scrubs
tammany,0.0003431058170301,en,scrubs
delicatessen,0.0003431058170301,en,scrubs
enought,0.0003431058170301,en,scrubs
mattel,0.0003431058170301,en,scrubs
vaso,0.0003431058170301,en,scrubs
rine,0.0003431058170301,en,scrubs
blurting,0.0003431058170301,en,scrubs
interweb,0.0003431058170301,en,scrubs
bisphosphonate,0.0003431058170301,en,scrubs
zipping,0.0003431058170301,en,scrubs
bantam,0.0003431058170301,en,scrubs
kabuki,0.0003431058170301,en,scrubs
gumbel,0.0003431058170301,en,scrubs
maller,0.0003431058170301,en,scrubs
around,0.0003431058170301,en,scrubs
definately,0.0003431058170301,en,scrubs
ono,0.0003431058170301,en,scrubs
botoxe,0.0003431058170301,en,scrubs
fri,0.0003431058170301,en,scrubs
glidey,0.0003431058170301,en,scrubs
deferential,0.0003431058170301,en,scrubs
hellspawn,0.0003431058170301,en,scrubs
predominately,0.0003431058170301,en,scrubs
workg,0.0003431058170301,en,scrubs
erosive,0.0003431058170301,en,scrubs
streed,0.0003431058170301,en,scrubs
desional,0.0003431058170301,en,scrubs
prostatitis,0.0003431058170301,en,scrubs
kayexalate,0.0003431058170301,en,scrubs
pertussis,0.0003431058170301,en,scrubs
betterjob,0.0003431058170301,en,scrubs
lld,0.0003431058170301,en,scrubs
supppose,0.0003431058170301,en,scrubs
underdose,0.0003431058170301,en,scrubs
bidwell,0.0003431058170301,en,scrubs
kwan,0.0003431058170301,en,scrubs
nizzle,0.0003431058170301,en,scrubs
hehhh,0.0003431058170301,en,scrubs
blass,0.0003431058170301,en,scrubs
elongation,0.0003431058170301,en,scrubs
lameass,0.0003431058170301,en,scrubs
ouzo,0.0003431058170301,en,scrubs
crafty,0.000342776053418,en,scrubs
friction,0.000342776053418,en,scrubs
stub,0.000342776053418,en,scrubs
lauren,0.000342776053418,en,scrubs
idiotic,0.000342776053418,en,scrubs
lettuce,0.000342776053418,en,scrubs
australian,0.000342776053418,en,scrubs
skateboard,0.000342776053418,en,scrubs
individually,0.000342776053418,en,scrubs
glorify,0.000342776053418,en,scrubs
predicament,0.000342776053418,en,scrubs
clipping,0.000342776053418,en,scrubs
amp,0.000342776053418,en,scrubs
climbing,0.000342776053418,en,scrubs
rhetorical,0.000342776053418,en,scrubs
spoiled,0.000342776053418,en,scrubs
faulty,0.000342776053418,en,scrubs
dumbass,0.000342776053418,en,scrubs
hazmat,0.000342776053418,en,scrubs
walkie,0.000342776053418,en,scrubs
randy,0.000342776053418,en,scrubs
coop,0.000342776053418,en,scrubs
gill,0.000342776053418,en,scrubs
smelly,0.000342776053418,en,scrubs
claustrophobic,0.000342776053418,en,scrubs
nighter,0.000342776053418,en,scrubs
roosevelt,0.000342776053418,en,scrubs
discourage,0.000342776053418,en,scrubs
riley,0.000342776053418,en,scrubs
pine,0.000340726422563,en,scrubs
depth,0.000340726422563,en,scrubs
pale,0.000340726422563,en,scrubs
electrical,0.000340726422563,en,scrubs
convict,0.000340726422563,en,scrubs
foster,0.000340726422563,en,scrubs
certificate,0.000340726422563,en,scrubs
devastate,0.000340726422563,en,scrubs
thread,0.000340726422563,en,scrubs
exclusive,0.000340726422563,en,scrubs
medicate,0.0003383115284568,en,scrubs
sprain,0.0003383115284568,en,scrubs
camper,0.0003383115284568,en,scrubs
outline,0.0003383115284568,en,scrubs
continuous,0.0003383115284568,en,scrubs
redo,0.0003383115284568,en,scrubs
addictive,0.0003383115284568,en,scrubs
nutty,0.0003383115284568,en,scrubs
inspirational,0.0003383115284568,en,scrubs
takin,0.0003383115284568,en,scrubs
precedent,0.0003383115284568,en,scrubs
moody,0.0003383115284568,en,scrubs
insinuate,0.0003383115284568,en,scrubs
mercede,0.0003383115284568,en,scrubs
dazzle,0.0003383115284568,en,scrubs
insanely,0.0003383115284568,en,scrubs
kink,0.0003383115284568,en,scrubs
mammal,0.0003383115284568,en,scrubs
acoustic,0.0003383115284568,en,scrubs
trucker,0.0003383115284568,en,scrubs
swimsuit,0.0003383115284568,en,scrubs
peddle,0.0003383115284568,en,scrubs
craze,0.0003383115284568,en,scrubs
stressed,0.0003383115284568,en,scrubs
bloodstream,0.0003383115284568,en,scrubs
wendy,0.0003383115284568,en,scrubs
peck,0.0003383115284568,en,scrubs
doggy,0.0003383115284568,en,scrubs
tantrum,0.0003383115284568,en,scrubs
characteristic,0.0003383115284568,en,scrubs
alligator,0.0003383115284568,en,scrubs
maple,0.0003383115284568,en,scrubs
expose,0.0003380131033893,en,scrubs
freedom,0.0003380131033893,en,scrubs
vision,0.0003380131033893,en,scrubs
museum,0.000337682618827,en,scrubs
lousy,0.000337682618827,en,scrubs
electronic,0.000337682618827,en,scrubs
confusion,0.000337682618827,en,scrubs
fond,0.000337682618827,en,scrubs
spook,0.0003346807999313,en,scrubs
instrument,0.0003346807999313,en,scrubs
volume,0.0003346807999313,en,scrubs
entertainment,0.0003346807999313,en,scrubs
lawn,0.0003346807999313,en,scrubs
skeptical,0.0003339802929979,en,scrubs
girlie,0.0003339802929979,en,scrubs
magnitude,0.0003339802929979,en,scrubs
truthful,0.0003339802929979,en,scrubs
rodent,0.0003339802929979,en,scrubs
significantly,0.0003339802929979,en,scrubs
coil,0.0003339802929979,en,scrubs
pornography,0.0003339802929979,en,scrubs
softball,0.0003339802929979,en,scrubs
racial,0.0003339802929979,en,scrubs
retract,0.0003339802929979,en,scrubs
reverend,0.0003339802929979,en,scrubs
hostility,0.0003339802929979,en,scrubs
chinatown,0.0003339802929979,en,scrubs
arcade,0.0003339802929979,en,scrubs
prod,0.0003339802929979,en,scrubs
dominate,0.0003339802929979,en,scrubs
unorthodox,0.0003339802929979,en,scrubs
pilate,0.0003339802929979,en,scrubs
benefit,0.0003325891842359,en,scrubs
fashioned,0.0003317198233778,en,scrubs
standard,0.0003299147761242,en,scrubs
diploma,0.0003297746184408,en,scrubs
potent,0.0003297746184408,en,scrubs
owl,0.0003297746184408,en,scrubs
panda,0.0003297746184408,en,scrubs
minimize,0.0003297746184408,en,scrubs
subscription,0.0003297746184408,en,scrubs
constructive,0.0003297746184408,en,scrubs
catastrophe,0.0003297746184408,en,scrubs
contestant,0.0003297746184408,en,scrubs
kenny,0.0003297746184408,en,scrubs
makeover,0.0003297746184408,en,scrubs
incompetence,0.0003297746184408,en,scrubs
recite,0.0003297746184408,en,scrubs
collide,0.0003297746184408,en,scrubs
ronnie,0.0003297746184408,en,scrubs
freud,0.0003297746184408,en,scrubs
pave,0.0003297746184408,en,scrubs
boxing,0.0003297746184408,en,scrubs
sac,0.0003297746184408,en,scrubs
puberty,0.0003297746184408,en,scrubs
snuck,0.0003287985926777,en,scrubs
closely,0.0003287985926777,en,scrubs
motor,0.0003287985926777,en,scrubs
weed,0.0003287985926777,en,scrubs
twisted,0.0003287985926777,en,scrubs
taxi,0.0003287985926777,en,scrubs
tolerate,0.0003259160549138,en,scrubs
terrorist,0.0003259160549138,en,scrubs
passenger,0.0003259160549138,en,scrubs
mayor,0.0003259160549138,en,scrubs
sickness,0.0003259160549138,en,scrubs
barrel,0.0003259160549138,en,scrubs
bleak,0.0003256874294868,en,scrubs
caterer,0.0003256874294868,en,scrubs
franchise,0.0003256874294868,en,scrubs
oliver,0.0003256874294868,en,scrubs
fre,0.0003256874294868,en,scrubs
smite,0.0003256874294868,en,scrubs
hello,0.0003256874294868,en,scrubs
tremble,0.0003256874294868,en,scrubs
supporter,0.0003256874294868,en,scrubs
squeaky,0.0003256874294868,en,scrubs
contempt,0.0003256874294868,en,scrubs
petal,0.0003256874294868,en,scrubs
teammate,0.0003256874294868,en,scrubs
howl,0.0003256874294868,en,scrubs
stale,0.0003256874294868,en,scrubs
crowbar,0.0003256874294868,en,scrubs
intensity,0.0003256874294868,en,scrubs
infest,0.0003256874294868,en,scrubs
swollen,0.0003256874294868,en,scrubs
shrapnel,0.0003256874294868,en,scrubs
budge,0.0003256874294868,en,scrubs
undo,0.0003230711984624,en,scrubs
mutual,0.0003230711984624,en,scrubs
electric,0.0003230711984624,en,scrubs
dismiss,0.0003230711984624,en,scrubs
dessert,0.0003230711984624,en,scrubs
liquor,0.0003230711984624,en,scrubs
possess,0.0003230711984624,en,scrubs
telephone,0.0003230711984624,en,scrubs
international,0.0003230711984624,en,scrubs
eager,0.0003230711984624,en,scrubs
fraud,0.0003230711984624,en,scrubs
upskirt,0.0003222365521123,en,scrubs
rosebush,0.0003222365521123,en,scrubs
shrinker,0.0003222365521123,en,scrubs
emory,0.0003222365521123,en,scrubs
defame,0.0003222365521123,en,scrubs
reat,0.0003222365521123,en,scrubs
symmetrically,0.0003222365521123,en,scrubs
gaby,0.0003222365521123,en,scrubs
eensy,0.0003222365521123,en,scrubs
ingl,0.0003222365521123,en,scrubs
whitest,0.0003222365521123,en,scrubs
mouseketeer,0.0003222365521123,en,scrubs
affix,0.0003222365521123,en,scrubs
ercp,0.0003222365521123,en,scrubs
ahah,0.0003222365521123,en,scrubs
deprecation,0.0003222365521123,en,scrubs
modality,0.0003222365521123,en,scrubs
timesaver,0.0003222365521123,en,scrubs
uhuh,0.0003222365521123,en,scrubs
chewer,0.0003222365521123,en,scrubs
trapezium,0.0003222365521123,en,scrubs
aloe,0.0003222365521123,en,scrubs
consistant,0.0003222365521123,en,scrubs
everyte,0.0003222365521123,en,scrubs
furiously,0.0003222365521123,en,scrubs
guillaume,0.0003222365521123,en,scrubs
stagione,0.0003222365521123,en,scrubs
episodio,0.0003222365521123,en,scrubs
pontificating,0.0003222365521123,en,scrubs
hematological,0.0003222365521123,en,scrubs
ridiculousness,0.0003222365521123,en,scrubs
freewill,0.0003222365521123,en,scrubs
peppercorn,0.0003222365521123,en,scrubs
salope,0.0003222365521123,en,scrubs
bur,0.0003222365521123,en,scrubs
forhe,0.0003222365521123,en,scrubs
meltzer,0.0003222365521123,en,scrubs
donger,0.0003222365521123,en,scrubs
ruh,0.0003222365521123,en,scrubs
rosalita,0.0003222365521123,en,scrubs
pantalone,0.0003222365521123,en,scrubs
osteomyelitis,0.0003222365521123,en,scrubs
hamate,0.0003222365521123,en,scrubs
somedy,0.0003222365521123,en,scrubs
handwrite,0.0003222365521123,en,scrubs
overthrew,0.0003222365521123,en,scrubs
kickbox,0.0003222365521123,en,scrubs
jeckle,0.0003222365521123,en,scrubs
kewpie,0.0003222365521123,en,scrubs
tootin,0.0003222365521123,en,scrubs
bedhead,0.0003222365521123,en,scrubs
sifter,0.0003222365521123,en,scrubs
touché,0.0003222365521123,en,scrubs
theirjob,0.0003222365521123,en,scrubs
spraying,0.0003222365521123,en,scrubs
ookay,0.0003222365521123,en,scrubs
tushy,0.0003222365521123,en,scrubs
uhmm,0.0003222365521123,en,scrubs
foromfr,0.0003222365521123,en,scrubs
defecate,0.0003222365521123,en,scrubs
ducat,0.0003222365521123,en,scrubs
noted,0.0003222365521123,en,scrubs
passionless,0.0003222365521123,en,scrubs
fluttering,0.0003222365521123,en,scrubs
nfc,0.0003222365521123,en,scrubs
afore,0.0003222365521123,en,scrubs
welp,0.0003222365521123,en,scrubs
lunate,0.0003222365521123,en,scrubs
sus,0.0003222365521123,en,scrubs
proctology,0.0003222365521123,en,scrubs
weirdy,0.0003222365521123,en,scrubs
guzzler,0.0003222365521123,en,scrubs
estan,0.0003222365521123,en,scrubs
congratu,0.0003222365521123,en,scrubs
vente,0.0003222365521123,en,scrubs
oblongata,0.0003222365521123,en,scrubs
somthe,0.0003222365521123,en,scrubs
visualise,0.0003222365521123,en,scrubs
posey,0.0003222365521123,en,scrubs
backstab,0.0003222365521123,en,scrubs
ginsburg,0.0003222365521123,en,scrubs
gastro,0.0003222365521123,en,scrubs
pmse,0.0003222365521123,en,scrubs
gobstopper,0.0003222365521123,en,scrubs
cinnabon,0.0003222365521123,en,scrubs
letch,0.0003222365521123,en,scrubs
recliner,0.0003222365521123,en,scrubs
thet,0.0003222365521123,en,scrubs
tutus,0.0003222365521123,en,scrubs
hobnob,0.0003222365521123,en,scrubs
myeloma,0.0003222365521123,en,scrubs
bungling,0.0003222365521123,en,scrubs
questioner,0.0003222365521123,en,scrubs
proportionately,0.0003222365521123,en,scrubs
barman,0.0003222365521123,en,scrubs
adductor,0.0003222365521123,en,scrubs
ooop,0.0003222365521123,en,scrubs
terbutaline,0.0003222365521123,en,scrubs
ahm,0.0003222365521123,en,scrubs
crockett,0.0003222365521123,en,scrubs
purty,0.0003222365521123,en,scrubs
backdraft,0.0003222365521123,en,scrubs
manis,0.0003222365521123,en,scrubs
fluffernutter,0.0003222365521123,en,scrubs
likeo,0.0003222365521123,en,scrubs
malted,0.0003222365521123,en,scrubs
cellie,0.0003222365521123,en,scrubs
hatchling,0.0003222365521123,en,scrubs
bahamian,0.0003222365521123,en,scrubs
kojak,0.0003222365521123,en,scrubs
invitee,0.0003222365521123,en,scrubs
strenght,0.0003222365521123,en,scrubs
clete,0.0003222365521123,en,scrubs
cheerier,0.0003222365521123,en,scrubs
dop,0.0003222365521123,en,scrubs
funnier,0.0003222365521123,en,scrubs
aboutme,0.0003222365521123,en,scrubs
godness,0.0003222365521123,en,scrubs
biomechanical,0.0003222365521123,en,scrubs
smurfette,0.0003222365521123,en,scrubs
playfully,0.0003222365521123,en,scrubs
epithelium,0.0003222365521123,en,scrubs
separator,0.0003222365521123,en,scrubs
wolff,0.0003222365521123,en,scrubs
symmetric,0.0003222365521123,en,scrubs
flatly,0.0003222365521123,en,scrubs
hoy,0.0003222365521123,en,scrubs
fant,0.0003222365521123,en,scrubs
yessss,0.0003222365521123,en,scrubs
histology,0.0003222365521123,en,scrubs
evader,0.0003222365521123,en,scrubs
curtsy,0.0003222365521123,en,scrubs
touched,0.0003222365521123,en,scrubs
unmolested,0.0003222365521123,en,scrubs
viggo,0.0003222365521123,en,scrubs
unequal,0.0003222365521123,en,scrubs
thirtieth,0.0003222365521123,en,scrubs
iterate,0.0003222365521123,en,scrubs
axon,0.0003222365521123,en,scrubs
motherf,0.0003222365521123,en,scrubs
ooow,0.0003222365521123,en,scrubs
mammy,0.0003222365521123,en,scrubs
waz,0.0003222365521123,en,scrubs
cutsie,0.0003222365521123,en,scrubs
mariska,0.0003222365521123,en,scrubs
bjork,0.0003222365521123,en,scrubs
kidder,0.0003222365521123,en,scrubs
résumé,0.0003222365521123,en,scrubs
caulk,0.0003222365521123,en,scrubs
travelocity,0.0003222365521123,en,scrubs
alphabetized,0.0003222365521123,en,scrubs
woooo,0.0003222365521123,en,scrubs
butts,0.0003222365521123,en,scrubs
cuando,0.0003222365521123,en,scrubs
nippin,0.0003222365521123,en,scrubs
multifocal,0.0003222365521123,en,scrubs
gaucher,0.0003222365521123,en,scrubs
malnourishment,0.0003222365521123,en,scrubs
playgirl,0.0003222365521123,en,scrubs
gusher,0.0003222365521123,en,scrubs
benihana,0.0003222365521123,en,scrubs
drycleaner,0.0003222365521123,en,scrubs
mondo,0.0003222365521123,en,scrubs
tasker,0.0003222365521123,en,scrubs
patti,0.0003222365521123,en,scrubs
phenyl,0.0003222365521123,en,scrubs
rollick,0.0003222365521123,en,scrubs
thinga,0.0003222365521123,en,scrubs
heartie,0.0003222365521123,en,scrubs
jerome,0.0003222365521123,en,scrubs
fot,0.0003222365521123,en,scrubs
yohave,0.0003222365521123,en,scrubs
tiptop,0.0003222365521123,en,scrubs
infarct,0.0003222365521123,en,scrubs
ipanema,0.0003222365521123,en,scrubs
pheochromocytoma,0.0003222365521123,en,scrubs
hellcat,0.0003222365521123,en,scrubs
duddy,0.0003222365521123,en,scrubs
annika,0.0003222365521123,en,scrubs
malaise,0.0003222365521123,en,scrubs
seinfeld,0.0003222365521123,en,scrubs
plumage,0.0003222365521123,en,scrubs
imperfecta,0.0003222365521123,en,scrubs
dodged,0.0003222365521123,en,scrubs
remodeled,0.0003222365521123,en,scrubs
hangman,0.0003222365521123,en,scrubs
guadalupe,0.0003222365521123,en,scrubs
posy,0.0003222365521123,en,scrubs
backwash,0.0003222365521123,en,scrubs
bettie,0.0003222365521123,en,scrubs
awesomer,0.0003222365521123,en,scrubs
pisiform,0.0003222365521123,en,scrubs
realisation,0.0003222365521123,en,scrubs
alfalfa,0.0003222365521123,en,scrubs
soze,0.0003222365521123,en,scrubs
natch,0.0003222365521123,en,scrubs
streetwise,0.0003222365521123,en,scrubs
hydrocephalus,0.0003222365521123,en,scrubs
cliché,0.0003222365521123,en,scrubs
weh,0.0003222365521123,en,scrubs
italic,0.0003222365521123,en,scrubs
reggaeton,0.0003222365521123,en,scrubs
oedema,0.0003222365521123,en,scrubs
underwent,0.0003222365521123,en,scrubs
probl,0.0003222365521123,en,scrubs
amyloidosis,0.0003222365521123,en,scrubs
immunology,0.0003222365521123,en,scrubs
aragorn,0.0003222365521123,en,scrubs
flypaper,0.0003222365521123,en,scrubs
humper,0.0003222365521123,en,scrubs
kindergartener,0.0003222365521123,en,scrubs
ambu,0.0003222365521123,en,scrubs
jackasse,0.0003222365521123,en,scrubs
yee,0.0003222365521123,en,scrubs
kibosh,0.0003222365521123,en,scrubs
homeslice,0.0003222365521123,en,scrubs
neoplastic,0.0003222365521123,en,scrubs
seismologist,0.0003222365521123,en,scrubs
fantasise,0.0003222365521123,en,scrubs
ridic,0.0003222365521123,en,scrubs
atelectasis,0.0003222365521123,en,scrubs
shortz,0.0003222365521123,en,scrubs
dickenson,0.0003222365521123,en,scrubs
roughage,0.0003222365521123,en,scrubs
copd,0.0003222365521123,en,scrubs
dermatitis,0.0003222365521123,en,scrubs
tchotchke,0.0003222365521123,en,scrubs
moma,0.0003222365521123,en,scrubs
blitzed,0.0003222365521123,en,scrubs
helpline,0.0003222365521123,en,scrubs
bookkeepe,0.0003222365521123,en,scrubs
psoriasis,0.0003222365521123,en,scrubs
leisurely,0.0003222365521123,en,scrubs
chimichangas,0.0003222365521123,en,scrubs
apologizing,0.0003222365521123,en,scrubs
ruck,0.0003222365521123,en,scrubs
seany,0.0003222365521123,en,scrubs
buttinsky,0.0003222365521123,en,scrubs
phrenic,0.0003222365521123,en,scrubs
bewildered,0.0003222365521123,en,scrubs
intramuscular,0.0003222365521123,en,scrubs
cholecystectomy,0.0003222365521123,en,scrubs
yer,0.0003222365521123,en,scrubs
laziness,0.0003222365521123,en,scrubs
foodie,0.0003222365521123,en,scrubs
toady,0.0003222365521123,en,scrubs
untied,0.0003222365521123,en,scrubs
haymaker,0.0003222365521123,en,scrubs
patien,0.0003222365521123,en,scrubs
nds,0.0003222365521123,en,scrubs
slummin,0.0003222365521123,en,scrubs
abbott,0.0003222365521123,en,scrubs
balding,0.0003222365521123,en,scrubs
compensating,0.0003222365521123,en,scrubs
solved,0.0003222365521123,en,scrubs
amble,0.0003222365521123,en,scrubs
commissar,0.0003222365521123,en,scrubs
cushing,0.0003222365521123,en,scrubs
capoeira,0.0003222365521123,en,scrubs
agression,0.0003222365521123,en,scrubs
despue,0.0003222365521123,en,scrubs
valvular,0.0003222365521123,en,scrubs
bal,0.0003222365521123,en,scrubs
brantley,0.0003222365521123,en,scrubs
hiccup,0.0003217122325207,en,scrubs
megan,0.0003217122325207,en,scrubs
seemingly,0.0003217122325207,en,scrubs
clot,0.0003217122325207,en,scrubs
doodle,0.0003217122325207,en,scrubs
means,0.0003217122325207,en,scrubs
frenzy,0.0003217122325207,en,scrubs
heated,0.0003217122325207,en,scrubs
spaghetti,0.0003217122325207,en,scrubs
manufacturer,0.0003217122325207,en,scrubs
circulation,0.0003217122325207,en,scrubs
screaming,0.0003217122325207,en,scrubs
imaging,0.0003217122325207,en,scrubs
erotic,0.0003217122325207,en,scrubs
administrator,0.0003217122325207,en,scrubs
screening,0.0003217122325207,en,scrubs
hola,0.0003217122325207,en,scrubs
volt,0.0003217122325207,en,scrubs
bonus,0.0003202630508615,en,scrubs
hunch,0.0003202630508615,en,scrubs
awfully,0.0003202630508615,en,scrubs
nation,0.0003202630508615,en,scrubs
celebrity,0.0003202630508615,en,scrubs
entitle,0.0003202630508615,en,scrubs
shelf,0.0003202630508615,en,scrubs
blade,0.0003202630508615,en,scrubs
dock,0.0003202630508615,en,scrubs
confirm,0.0003194570235687,en,scrubs
lair,0.0003178430535447,en,scrubs
deem,0.0003178430535447,en,scrubs
wager,0.0003178430535447,en,scrubs
holler,0.0003178430535447,en,scrubs
selfless,0.0003178430535447,en,scrubs
bong,0.0003178430535447,en,scrubs
frontal,0.0003178430535447,en,scrubs
movin,0.0003178430535447,en,scrubs
vicinity,0.0003178430535447,en,scrubs
patty,0.0003178430535447,en,scrubs
adequate,0.0003178430535447,en,scrubs
hyper,0.0003178430535447,en,scrubs
bugger,0.0003178430535447,en,scrubs
muffle,0.0003178430535447,en,scrubs
reside,0.0003178430535447,en,scrubs
consist,0.0003178430535447,en,scrubs
memorable,0.0003178430535447,en,scrubs
swirl,0.0003178430535447,en,scrubs
deposition,0.0003178430535447,en,scrubs
broad,0.0003174906768153,en,scrubs
union,0.0003174906768153,en,scrubs
minimum,0.0003174906768153,en,scrubs
humiliate,0.0003174906768153,en,scrubs
pleasant,0.0003174906768153,en,scrubs
bye,0.0003174906768153,en,scrubs
messy,0.0003174906768153,en,scrubs
principle,0.0003174906768153,en,scrubs
reserve,0.0003174906768153,en,scrubs
roger,0.0003174906768153,en,scrubs
jewelry,0.0003174906768153,en,scrubs
translate,0.000314753176324,en,scrubs
forgiveness,0.000314753176324,en,scrubs
electricity,0.000314753176324,en,scrubs
flee,0.000314753176324,en,scrubs
haul,0.000314753176324,en,scrubs
masse,0.0003140743841765,en,scrubs
apron,0.0003140743841765,en,scrubs
bodily,0.0003140743841765,en,scrubs
taunt,0.0003140743841765,en,scrubs
madman,0.0003140743841765,en,scrubs
batman,0.0003140743841765,en,scrubs
scour,0.0003140743841765,en,scrubs
dropping,0.0003140743841765,en,scrubs
quo,0.0003140743841765,en,scrubs
electrocute,0.0003140743841765,en,scrubs
alex,0.0003140743841765,en,scrubs
cricket,0.0003140743841765,en,scrubs
initially,0.0003140743841765,en,scrubs
horrify,0.0003140743841765,en,scrubs
injustice,0.0003140743841765,en,scrubs
matrix,0.0003140743841765,en,scrubs
dimension,0.0003140743841765,en,scrubs
fetish,0.0003140743841765,en,scrubs
ipod,0.0003140743841765,en,scrubs
empathy,0.0003140743841765,en,scrubs
arrogance,0.0003140743841765,en,scrubs
hearted,0.0003140743841765,en,scrubs
elderly,0.0003140743841765,en,scrubs
lifelong,0.0003140743841765,en,scrubs
clich,0.0003140743841765,en,scrubs
republic,0.0003140743841765,en,scrubs
merchant,0.0003140743841765,en,scrubs
stamp,0.0003120496829302,en,scrubs
promote,0.0003120496829302,en,scrubs
belief,0.0003120496829302,en,scrubs
espresso,0.0003104011344849,en,scrubs
misplace,0.0003104011344849,en,scrubs
flinch,0.0003104011344849,en,scrubs
carb,0.0003104011344849,en,scrubs
wingman,0.0003104011344849,en,scrubs
getting,0.0003104011344849,en,scrubs
carrie,0.0003104011344849,en,scrubs
pun,0.0003104011344849,en,scrubs
grin,0.0003104011344849,en,scrubs
liberal,0.0003104011344849,en,scrubs
mellow,0.0003104011344849,en,scrubs
dilate,0.0003104011344849,en,scrubs
veil,0.0003104011344849,en,scrubs
merci,0.0003104011344849,en,scrubs
matthew,0.0003104011344849,en,scrubs
exclude,0.0003104011344849,en,scrubs
tiffany,0.0003104011344849,en,scrubs
england,0.0003104011344849,en,scrubs
admirer,0.0003104011344849,en,scrubs
sparkle,0.0003104011344849,en,scrubs
oral,0.0003104011344849,en,scrubs
foundation,0.0003093793620721,en,scrubs
happiness,0.0003093793620721,en,scrubs
frozen,0.0003093793620721,en,scrubs
fuel,0.0003093793620721,en,scrubs
surely,0.0003093793620721,en,scrubs
sunday,0.0003068185916502,en,scrubs
nag,0.0003068185916502,en,scrubs
cushion,0.0003068185916502,en,scrubs
karaoke,0.0003068185916502,en,scrubs
blouse,0.0003068185916502,en,scrubs
cranberry,0.0003068185916502,en,scrubs
replay,0.0003068185916502,en,scrubs
bulletin,0.0003068185916502,en,scrubs
greasy,0.0003068185916502,en,scrubs
roster,0.0003068185916502,en,scrubs
pedal,0.0003068185916502,en,scrubs
partially,0.0003068185916502,en,scrubs
arson,0.0003068185916502,en,scrubs
flawless,0.0003068185916502,en,scrubs
soften,0.0003068185916502,en,scrubs
darlin,0.0003068185916502,en,scrubs
ruth,0.0003068185916502,en,scrubs
unaware,0.0003068185916502,en,scrubs
tilt,0.0003068185916502,en,scrubs
cram,0.0003068185916502,en,scrubs
hitter,0.0003068185916502,en,scrubs
pleased,0.0003067414095369,en,scrubs
coast,0.0003067414095369,en,scrubs
spoil,0.0003067414095369,en,scrubs
angio,0.0003060490926457,en,scrubs
muffled,0.0003060490926457,en,scrubs
earthworm,0.0003060490926457,en,scrubs
grampa,0.0003060490926457,en,scrubs
guesstimate,0.0003060490926457,en,scrubs
irate,0.0003060490926457,en,scrubs
pourin,0.0003060490926457,en,scrubs
motionless,0.0003060490926457,en,scrubs
trapezoid,0.0003060490926457,en,scrubs
wittle,0.0003060490926457,en,scrubs
tailbone,0.0003060490926457,en,scrubs
boobie,0.0003060490926457,en,scrubs
scaphoid,0.0003060490926457,en,scrubs
stuckin,0.0003060490926457,en,scrubs
breathable,0.0003060490926457,en,scrubs
neato,0.0003060490926457,en,scrubs
aaaah,0.0003060490926457,en,scrubs
wmds,0.0003060490926457,en,scrubs
mauve,0.0003060490926457,en,scrubs
avast,0.0003060490926457,en,scrubs
mesothelioma,0.0003060490926457,en,scrubs
pleura,0.0003060490926457,en,scrubs
buddie,0.0003060490926457,en,scrubs
bigoted,0.0003060490926457,en,scrubs
excitation,0.0003060490926457,en,scrubs
colorblind,0.0003060490926457,en,scrubs
moly,0.0003060490926457,en,scrubs
pepe,0.0003060490926457,en,scrubs
huffing,0.0003060490926457,en,scrubs
reonna,0.0003060490926457,en,scrubs
wien,0.0003060490926457,en,scrubs
slather,0.0003060490926457,en,scrubs
criss,0.0003060490926457,en,scrubs
mandel,0.0003060490926457,en,scrubs
untamed,0.0003060490926457,en,scrubs
arrr,0.0003060490926457,en,scrubs
occlude,0.0003060490926457,en,scrubs
noelle,0.0003060490926457,en,scrubs
iroc,0.0003060490926457,en,scrubs
sketching,0.0003060490926457,en,scrubs
banding,0.0003060490926457,en,scrubs
kenya,0.0003060490926457,en,scrubs
lacerated,0.0003060490926457,en,scrubs
labwork,0.0003060490926457,en,scrubs
mongo,0.0003060490926457,en,scrubs
redeye,0.0003060490926457,en,scrubs
swamped,0.0003060490926457,en,scrubs
sightsee,0.0003060490926457,en,scrubs
semitic,0.0003060490926457,en,scrubs
whirly,0.0003060490926457,en,scrubs
unassuming,0.0003060490926457,en,scrubs
laxity,0.0003060490926457,en,scrubs
wetness,0.0003060490926457,en,scrubs
inordinate,0.0003060490926457,en,scrubs
smore,0.0003060490926457,en,scrubs
inopportune,0.0003060490926457,en,scrubs
unwrapped,0.0003060490926457,en,scrubs
chimichanga,0.0003060490926457,en,scrubs
randal,0.0003060490926457,en,scrubs
hating,0.0003060490926457,en,scrubs
perplex,0.0003060490926457,en,scrubs
spreadin,0.0003060490926457,en,scrubs
negligee,0.0003060490926457,en,scrubs
hardening,0.0003060490926457,en,scrubs
comically,0.0003060490926457,en,scrubs
naloxone,0.0003060490926457,en,scrubs
gyno,0.0003060490926457,en,scrubs
lurky,0.0003060490926457,en,scrubs
interstitial,0.0003060490926457,en,scrubs
grocer,0.0003060490926457,en,scrubs
froggy,0.0003060490926457,en,scrubs
peop,0.0003060490926457,en,scrubs
famished,0.0003060490926457,en,scrubs
mentee,0.0003060490926457,en,scrubs
noticing,0.0003060490926457,en,scrubs
stenosis,0.0003060490926457,en,scrubs
plasmapheresis,0.0003060490926457,en,scrubs
milkmaid,0.0003060490926457,en,scrubs
zuckerman,0.0003060490926457,en,scrubs
perfusion,0.0003060490926457,en,scrubs
deena,0.0003060490926457,en,scrubs
whop,0.0003060490926457,en,scrubs
impaction,0.0003060490926457,en,scrubs
erasure,0.0003060490926457,en,scrubs
delouse,0.0003060490926457,en,scrubs
alf,0.0003060490926457,en,scrubs
enclosed,0.0003060490926457,en,scrubs
inflexible,0.0003060490926457,en,scrubs
cruising,0.0003060490926457,en,scrubs
flailing,0.0003060490926457,en,scrubs
priscilla,0.0003060490926457,en,scrubs
rapunzel,0.0003060490926457,en,scrubs
conch,0.0003060490926457,en,scrubs
daugther,0.0003060490926457,en,scrubs
huddled,0.0003060490926457,en,scrubs
carwash,0.0003060490926457,en,scrubs
septal,0.0003060490926457,en,scrubs
sheepdog,0.0003060490926457,en,scrubs
slurps,0.0003060490926457,en,scrubs
scupper,0.0003060490926457,en,scrubs
insulated,0.0003060490926457,en,scrubs
bub,0.0003060490926457,en,scrubs
swashbuckling,0.0003060490926457,en,scrubs
cathouse,0.0003060490926457,en,scrubs
iliac,0.0003060490926457,en,scrubs
bandana,0.0003060490926457,en,scrubs
neckerchief,0.0003060490926457,en,scrubs
boorish,0.0003060490926457,en,scrubs
buncha,0.0003060490926457,en,scrubs
stupendous,0.0003060490926457,en,scrubs
poofter,0.0003060490926457,en,scrubs
doula,0.0003060490926457,en,scrubs
gusta,0.0003060490926457,en,scrubs
moisten,0.0003060490926457,en,scrubs
trill,0.0003060490926457,en,scrubs
tta,0.0003060490926457,en,scrubs
diggs,0.0003060490926457,en,scrubs
kickboxer,0.0003060490926457,en,scrubs
tamp,0.0003060490926457,en,scrubs
candyman,0.0003060490926457,en,scrubs
barstool,0.0003060490926457,en,scrubs
subsist,0.0003060490926457,en,scrubs
lor,0.0003060490926457,en,scrubs
diapere,0.0003060490926457,en,scrubs
wah,0.0003060490926457,en,scrubs
celebs,0.0003060490926457,en,scrubs
ozark,0.0003060490926457,en,scrubs
contrite,0.0003060490926457,en,scrubs
deadwood,0.0003060490926457,en,scrubs
oww,0.0003060490926457,en,scrubs
synopsis,0.0003060490926457,en,scrubs
careen,0.0003060490926457,en,scrubs
osteogenesis,0.0003060490926457,en,scrubs
reliability,0.0003060490926457,en,scrubs
razz,0.0003060490926457,en,scrubs
aight,0.0003060490926457,en,scrubs
stepkid,0.0003060490926457,en,scrubs
raring,0.0003060490926457,en,scrubs
rainmaker,0.0003060490926457,en,scrubs
baitin,0.0003060490926457,en,scrubs
servin,0.0003060490926457,en,scrubs
dyslexia,0.0003060490926457,en,scrubs
klutzy,0.0003060490926457,en,scrubs
detestable,0.0003060490926457,en,scrubs
ville,0.0003060490926457,en,scrubs
wil,0.0003060490926457,en,scrubs
spiller,0.0003060490926457,en,scrubs
diagonally,0.0003060490926457,en,scrubs
contin,0.0003060490926457,en,scrubs
garantee,0.0003060490926457,en,scrubs
madge,0.0003060490926457,en,scrubs
washboard,0.0003060490926457,en,scrubs
flirtatious,0.0003060490926457,en,scrubs
bullsh,0.0003060490926457,en,scrubs
jarring,0.0003060490926457,en,scrubs
boffe,0.0003060490926457,en,scrubs
medecine,0.0003060490926457,en,scrubs
yoo,0.0003060490926457,en,scrubs
cuddling,0.0003060490926457,en,scrubs
precept,0.0003060490926457,en,scrubs
foraman,0.0003060490926457,en,scrubs
jokey,0.0003060490926457,en,scrubs
fiberglass,0.0003060490926457,en,scrubs
lipase,0.0003060490926457,en,scrubs
moved,0.0003060490926457,en,scrubs
walkup,0.0003060490926457,en,scrubs
mork,0.0003060490926457,en,scrubs
sexte,0.0003060490926457,en,scrubs
dilated,0.0003060490926457,en,scrubs
seedless,0.0003060490926457,en,scrubs
denying,0.0003060490926457,en,scrubs
emetic,0.0003060490926457,en,scrubs
imperialism,0.0003060490926457,en,scrubs
motorized,0.0003060490926457,en,scrubs
legionnaire,0.0003060490926457,en,scrubs
grazer,0.0003060490926457,en,scrubs
eunice,0.0003060490926457,en,scrubs
auspex,0.0003060490926457,en,scrubs
orthopaedic,0.0003060490926457,en,scrubs
breaststroke,0.0003060490926457,en,scrubs
yapping,0.0003060490926457,en,scrubs
unibrow,0.0003060490926457,en,scrubs
singlet,0.0003060490926457,en,scrubs
said,0.0003060490926457,en,scrubs
manliness,0.0003060490926457,en,scrubs
ocho,0.0003060490926457,en,scrubs
oer,0.0003060490926457,en,scrubs
serology,0.0003060490926457,en,scrubs
yipe,0.0003060490926457,en,scrubs
puffin,0.0003060490926457,en,scrubs
loincloth,0.0003060490926457,en,scrubs
speechifying,0.0003060490926457,en,scrubs
frightful,0.0003060490926457,en,scrubs
guac,0.0003060490926457,en,scrubs
whitie,0.0003060490926457,en,scrubs
aleck,0.0003060490926457,en,scrubs
hammered,0.0003060490926457,en,scrubs
cornrow,0.0003060490926457,en,scrubs
guttenberg,0.0003060490926457,en,scrubs
brotha,0.0003060490926457,en,scrubs
superbowl,0.0003060490926457,en,scrubs
akward,0.0003060490926457,en,scrubs
saxophone,0.0003060490926457,en,scrubs
infinitesimal,0.0003060490926457,en,scrubs
streetcar,0.0003060490926457,en,scrubs
butterball,0.0003060490926457,en,scrubs
diggity,0.0003060490926457,en,scrubs
rousing,0.0003060490926457,en,scrubs
masai,0.0003060490926457,en,scrubs
introspective,0.0003060490926457,en,scrubs
affective,0.0003060490926457,en,scrubs
else,0.0003060490926457,en,scrubs
vmonos,0.0003060490926457,en,scrubs
angiogram,0.0003060490926457,en,scrubs
embroil,0.0003060490926457,en,scrubs
beast,0.0003041350500075,en,scrubs
alternative,0.0003041350500075,en,scrubs
reasonable,0.0003041350500075,en,scrubs
cling,0.0003033223836072,en,scrubs
buying,0.0003033223836072,en,scrubs
attendance,0.0003033223836072,en,scrubs
mar,0.0003033223836072,en,scrubs
ringer,0.0003033223836072,en,scrubs
chapel,0.0003033223836072,en,scrubs
matching,0.0003033223836072,en,scrubs
flexible,0.0003033223836072,en,scrubs
drone,0.0003033223836072,en,scrubs
petition,0.0003033223836072,en,scrubs
unite,0.0003033223836072,en,scrubs
hearing,0.0003015595356938,en,scrubs
bait,0.0003015595356938,en,scrubs
unknown,0.0003015595356938,en,scrubs
confront,0.0003015595356938,en,scrubs
squad,0.0003015595356938,en,scrubs
extreme,0.0003015595356938,en,scrubs
method,0.0003015595356938,en,scrubs
workplace,0.0002999084469658,en,scrubs
spur,0.0002999084469658,en,scrubs
reckon,0.0002999084469658,en,scrubs
zero,0.0002999084469658,en,scrubs
incriminate,0.0002999084469658,en,scrubs
deli,0.0002999084469658,en,scrubs
plunge,0.0002999084469658,en,scrubs
tile,0.0002999084469658,en,scrubs
sincerely,0.0002999084469658,en,scrubs
thoroughly,0.0002999084469658,en,scrubs
loneliness,0.0002999084469658,en,scrubs
regularly,0.0002999084469658,en,scrubs
salmon,0.0002999084469658,en,scrubs
slope,0.0002999084469658,en,scrubs
knuckle,0.0002999084469658,en,scrubs
bounty,0.0002999084469658,en,scrubs
feedback,0.0002999084469658,en,scrubs
willingly,0.0002999084469658,en,scrubs
fashion,0.0002990141450455,en,scrubs
storage,0.0002990141450455,en,scrubs
winter,0.0002990141450455,en,scrubs
application,0.0002990141450455,en,scrubs
fold,0.0002990141450455,en,scrubs
weapon,0.0002972202664194,en,scrubs
groove,0.0002965729986213,en,scrubs
install,0.0002965729986213,en,scrubs
learning,0.0002965729986213,en,scrubs
ballistic,0.0002965729986213,en,scrubs
suffice,0.0002965729986213,en,scrubs
accomplishment,0.0002965729986213,en,scrubs
crying,0.0002965729986213,en,scrubs
enthusiasm,0.0002965729986213,en,scrubs
apocalypse,0.0002965729986213,en,scrubs
sedate,0.0002965729986213,en,scrubs
sling,0.0002965729986213,en,scrubs
karen,0.0002965729986213,en,scrubs
salon,0.0002965729986213,en,scrubs
brochure,0.0002965729986213,en,scrubs
spawn,0.0002965729986213,en,scrubs
shaky,0.0002965729986213,en,scrubs
creek,0.0002965729986213,en,scrubs
lane,0.0002964981815379,en,scrubs
safely,0.0002964981815379,en,scrubs
technology,0.0002964981815379,en,scrubs
saint,0.0002964981815379,en,scrubs
organize,0.0002964981815379,en,scrubs
active,0.0002940109725286,en,scrubs
impersonate,0.0002933125105537,en,scrubs
vaguely,0.0002933125105537,en,scrubs
hay,0.0002933125105537,en,scrubs
gracia,0.0002933125105537,en,scrubs
blog,0.0002933125105537,en,scrubs
considerable,0.0002933125105537,en,scrubs
bonding,0.0002933125105537,en,scrubs
egyptian,0.0002933125105537,en,scrubs
chilly,0.0002933125105537,en,scrubs
graphic,0.0002933125105537,en,scrubs
warmth,0.0002933125105537,en,scrubs
nip,0.0002933125105537,en,scrubs
ignorance,0.0002933125105537,en,scrubs
manipulation,0.0002933125105537,en,scrubs
peacefully,0.0002933125105537,en,scrubs
judging,0.0002933125105537,en,scrubs
diagnostic,0.0002933125105537,en,scrubs
kneel,0.0002933125105537,en,scrubs
unclear,0.0002933125105537,en,scrubs
diane,0.0002933125105537,en,scrubs
severely,0.0002933125105537,en,scrubs
turnabout,0.0002928229752289,en,scrubs
hedgehog,0.0002928229752289,en,scrubs
hoppin,0.0002928229752289,en,scrubs
kiwis,0.0002928229752289,en,scrubs
portly,0.0002928229752289,en,scrubs
miney,0.0002928229752289,en,scrubs
cutesy,0.0002928229752289,en,scrubs
fistula,0.0002928229752289,en,scrubs
accomodate,0.0002928229752289,en,scrubs
intravenously,0.0002928229752289,en,scrubs
hematology,0.0002928229752289,en,scrubs
intently,0.0002928229752289,en,scrubs
libbing,0.0002928229752289,en,scrubs
jurist,0.0002928229752289,en,scrubs
orjust,0.0002928229752289,en,scrubs
duckie,0.0002928229752289,en,scrubs
gaye,0.0002928229752289,en,scrubs
antianxiety,0.0002928229752289,en,scrubs
ricket,0.0002928229752289,en,scrubs
bestiality,0.0002928229752289,en,scrubs
hardened,0.0002928229752289,en,scrubs
gunderson,0.0002928229752289,en,scrubs
ile,0.0002928229752289,en,scrubs
frowny,0.0002928229752289,en,scrubs
yahtzee,0.0002928229752289,en,scrubs
jest,0.0002928229752289,en,scrubs
mettle,0.0002928229752289,en,scrubs
linchpin,0.0002928229752289,en,scrubs
ioneliness,0.0002928229752289,en,scrubs
sadomasochism,0.0002928229752289,en,scrubs
nickle,0.0002928229752289,en,scrubs
suppertime,0.0002928229752289,en,scrubs
loogie,0.0002928229752289,en,scrubs
frizz,0.0002928229752289,en,scrubs
dorito,0.0002928229752289,en,scrubs
laddy,0.0002928229752289,en,scrubs
gisele,0.0002928229752289,en,scrubs
intercostal,0.0002928229752289,en,scrubs
redcoat,0.0002928229752289,en,scrubs
mentoring,0.0002928229752289,en,scrubs
interpretive,0.0002928229752289,en,scrubs
lov,0.0002928229752289,en,scrubs
whooo,0.0002928229752289,en,scrubs
lento,0.0002928229752289,en,scrubs
gristle,0.0002928229752289,en,scrubs
snookum,0.0002928229752289,en,scrubs
serpico,0.0002928229752289,en,scrubs
fooling,0.0002928229752289,en,scrubs
marinade,0.0002928229752289,en,scrubs
riptide,0.0002928229752289,en,scrubs
schindler,0.0002928229752289,en,scrubs
diyou,0.0002928229752289,en,scrubs
recurrent,0.0002928229752289,en,scrubs
bronchial,0.0002928229752289,en,scrubs
icecream,0.0002928229752289,en,scrubs
dreidel,0.0002928229752289,en,scrubs
sundial,0.0002928229752289,en,scrubs
frizzy,0.0002928229752289,en,scrubs
dragging,0.0002928229752289,en,scrubs
backstory,0.0002928229752289,en,scrubs
errol,0.0002928229752289,en,scrubs
swahili,0.0002928229752289,en,scrubs
shifting,0.0002928229752289,en,scrubs
ellison,0.0002928229752289,en,scrubs
groundskeeper,0.0002928229752289,en,scrubs
chiclet,0.0002928229752289,en,scrubs
sundress,0.0002928229752289,en,scrubs
birdy,0.0002928229752289,en,scrubs
crisper,0.0002928229752289,en,scrubs
corndog,0.0002928229752289,en,scrubs
looser,0.0002928229752289,en,scrubs
evocative,0.0002928229752289,en,scrubs
nhl,0.0002928229752289,en,scrubs
rin,0.0002928229752289,en,scrubs
grog,0.0002928229752289,en,scrubs
sulky,0.0002928229752289,en,scrubs
flirtin,0.0002928229752289,en,scrubs
forgettin,0.0002928229752289,en,scrubs
cinemax,0.0002928229752289,en,scrubs
happ,0.0002928229752289,en,scrubs
discotheque,0.0002928229752289,en,scrubs
hyah,0.0002928229752289,en,scrubs
razzle,0.0002928229752289,en,scrubs
herbie,0.0002928229752289,en,scrubs
peni,0.0002928229752289,en,scrubs
backflip,0.0002928229752289,en,scrubs
montrose,0.0002928229752289,en,scrubs
easement,0.0002928229752289,en,scrubs
lisp,0.0002928229752289,en,scrubs
manipulated,0.0002928229752289,en,scrubs
shea,0.0002928229752289,en,scrubs
capella,0.0002928229752289,en,scrubs
gidget,0.0002928229752289,en,scrubs
slushee,0.0002928229752289,en,scrubs
adenocarcinoma,0.0002928229752289,en,scrubs
prednisone,0.0002928229752289,en,scrubs
skinless,0.0002928229752289,en,scrubs
resurgence,0.0002928229752289,en,scrubs
choreograph,0.0002928229752289,en,scrubs
orthopedist,0.0002928229752289,en,scrubs
leaflet,0.0002928229752289,en,scrubs
nelson,0.0002928229752289,en,scrubs
mump,0.0002928229752289,en,scrubs
nigel,0.0002928229752289,en,scrubs
didt,0.0002928229752289,en,scrubs
constipation,0.0002928229752289,en,scrubs
raspy,0.0002928229752289,en,scrubs
prolapsed,0.0002928229752289,en,scrubs
parley,0.0002928229752289,en,scrubs
weakening,0.0002928229752289,en,scrubs
pickaxe,0.0002928229752289,en,scrubs
corticosteroid,0.0002928229752289,en,scrubs
signpost,0.0002928229752289,en,scrubs
hausfrau,0.0002928229752289,en,scrubs
torsion,0.0002928229752289,en,scrubs
eisenhower,0.0002928229752289,en,scrubs
oversimplify,0.0002928229752289,en,scrubs
curved,0.0002928229752289,en,scrubs
percocet,0.0002928229752289,en,scrubs
astroturf,0.0002928229752289,en,scrubs
poppa,0.0002928229752289,en,scrubs
yor,0.0002928229752289,en,scrubs
binky,0.0002928229752289,en,scrubs
beause,0.0002928229752289,en,scrubs
unfunny,0.0002928229752289,en,scrubs
blabber,0.0002928229752289,en,scrubs
sista,0.0002928229752289,en,scrubs
onslaught,0.0002928229752289,en,scrubs
tickled,0.0002928229752289,en,scrubs
crouton,0.0002928229752289,en,scrubs
blahniks,0.0002928229752289,en,scrubs
supercool,0.0002928229752289,en,scrubs
tactless,0.0002928229752289,en,scrubs
alarmist,0.0002928229752289,en,scrubs
masher,0.0002928229752289,en,scrubs
pneumo,0.0002928229752289,en,scrubs
grrrr,0.0002928229752289,en,scrubs
jailbreak,0.0002928229752289,en,scrubs
chive,0.0002928229752289,en,scrubs
hatin,0.0002928229752289,en,scrubs
phobe,0.0002928229752289,en,scrubs
reba,0.0002928229752289,en,scrubs
woolworth,0.0002928229752289,en,scrubs
prioritise,0.0002928229752289,en,scrubs
bobbsey,0.0002928229752289,en,scrubs
bloomin,0.0002928229752289,en,scrubs
rapscallion,0.0002928229752289,en,scrubs
kwon,0.0002928229752289,en,scrubs
southpaw,0.0002928229752289,en,scrubs
worrier,0.0002928229752289,en,scrubs
crappi,0.0002928229752289,en,scrubs
unsee,0.0002928229752289,en,scrubs
frazzled,0.0002928229752289,en,scrubs
choco,0.0002928229752289,en,scrubs
hypoxic,0.0002928229752289,en,scrubs
disciplinarian,0.0002928229752289,en,scrubs
phy,0.0002928229752289,en,scrubs
pacer,0.0002928229752289,en,scrubs
bumble,0.0002928229752289,en,scrubs
glaring,0.0002928229752289,en,scrubs
shimmering,0.0002928229752289,en,scrubs
gazpacho,0.0002928229752289,en,scrubs
komodo,0.0002928229752289,en,scrubs
unreturned,0.0002928229752289,en,scrubs
grunting,0.0002928229752289,en,scrubs
fiberglas,0.0002928229752289,en,scrubs
retentive,0.0002928229752289,en,scrubs
itis,0.0002928229752289,en,scrubs
delish,0.0002928229752289,en,scrubs
mah,0.0002928229752289,en,scrubs
buss,0.0002928229752289,en,scrubs
medulla,0.0002928229752289,en,scrubs
fainter,0.0002928229752289,en,scrubs
motorhead,0.0002928229752289,en,scrubs
behemoth,0.0002928229752289,en,scrubs
wanto,0.0002928229752289,en,scrubs
tenderly,0.0002928229752289,en,scrubs
macaulay,0.0002928229752289,en,scrubs
clumpy,0.0002928229752289,en,scrubs
undressing,0.0002928229752289,en,scrubs
carefull,0.0002928229752289,en,scrubs
mariage,0.0002928229752289,en,scrubs
undeniably,0.0002928229752289,en,scrubs
enthusiastically,0.0002928229752289,en,scrubs
stocky,0.0002928229752289,en,scrubs
meteoric,0.0002928229752289,en,scrubs
seaworld,0.0002928229752289,en,scrubs
bumpin,0.0002928229752289,en,scrubs
chocolaty,0.0002928229752289,en,scrubs
eake,0.0002928229752289,en,scrubs
hemochromatosis,0.0002928229752289,en,scrubs
sherbet,0.0002928229752289,en,scrubs
dryness,0.0002928229752289,en,scrubs
carne,0.0002928229752289,en,scrubs
gainer,0.0002928229752289,en,scrubs
probie,0.0002928229752289,en,scrubs
frogg,0.0002928229752289,en,scrubs
yuk,0.0002928229752289,en,scrubs
straighter,0.0002928229752289,en,scrubs
whaddya,0.0002928229752289,en,scrubs
casework,0.0002928229752289,en,scrubs
begrudgingly,0.0002928229752289,en,scrubs
smugness,0.0002928229752289,en,scrubs
transylvania,0.0002928229752289,en,scrubs
bassist,0.0002928229752289,en,scrubs
cymbal,0.0002928229752289,en,scrubs
genious,0.0002928229752289,en,scrubs
endo,0.0002928229752289,en,scrubs
kimball,0.0002928229752289,en,scrubs
capitate,0.0002928229752289,en,scrubs
underarm,0.0002928229752289,en,scrubs
incise,0.0002928229752289,en,scrubs
hmmm,0.0002928229752289,en,scrubs
lojacke,0.0002928229752289,en,scrubs
teepee,0.0002928229752289,en,scrubs
degrading,0.0002928229752289,en,scrubs
economical,0.0002928229752289,en,scrubs
cliched,0.0002928229752289,en,scrubs
browbeat,0.0002928229752289,en,scrubs
chemical,0.0002915518681774,en,scrubs
profit,0.0002915518681774,en,scrubs
detective,0.0002915518681774,en,scrubs
humor,0.0002915518681774,en,scrubs
photograph,0.0002915518681774,en,scrubs
title,0.0002915518681774,en,scrubs
civil,0.0002915518681774,en,scrubs
temporary,0.0002915518681774,en,scrubs
warming,0.000290123687399,en,scrubs
crumb,0.000290123687399,en,scrubs
dispute,0.000290123687399,en,scrubs
gloat,0.000290123687399,en,scrubs
oyster,0.000290123687399,en,scrubs
reek,0.000290123687399,en,scrubs
beacon,0.000290123687399,en,scrubs
desperation,0.000290123687399,en,scrubs
parlor,0.000290123687399,en,scrubs
epic,0.000290123687399,en,scrubs
cerebral,0.000290123687399,en,scrubs
startle,0.000290123687399,en,scrubs
adoption,0.000290123687399,en,scrubs
redeem,0.000290123687399,en,scrubs
coal,0.000290123687399,en,scrubs
wrath,0.0002870034464309,en,scrubs
linger,0.0002870034464309,en,scrubs
carl,0.0002870034464309,en,scrubs
firework,0.0002870034464309,en,scrubs
agony,0.0002870034464309,en,scrubs
blush,0.0002870034464309,en,scrubs
pyramid,0.0002870034464309,en,scrubs
guinea,0.0002870034464309,en,scrubs
impulsive,0.0002870034464309,en,scrubs
microphone,0.0002870034464309,en,scrubs
magician,0.0002870034464309,en,scrubs
accommodate,0.0002870034464309,en,scrubs
cheater,0.0002870034464309,en,scrubs
noodle,0.0002870034464309,en,scrubs
persuasive,0.0002870034464309,en,scrubs
tad,0.0002870034464309,en,scrubs
unreasonable,0.0002870034464309,en,scrubs
parachute,0.0002870034464309,en,scrubs
reinforce,0.0002870034464309,en,scrubs
remark,0.0002870034464309,en,scrubs
overwhelm,0.0002870034464309,en,scrubs
athletic,0.0002870034464309,en,scrubs
breakup,0.0002870034464309,en,scrubs
prime,0.000286715482042,en,scrubs
entrance,0.000286715482042,en,scrubs
session,0.000286715482042,en,scrubs
society,0.0002843370056952,en,scrubs
conscience,0.0002843370056952,en,scrubs
rebound,0.0002839488996513,en,scrubs
rite,0.0002839488996513,en,scrubs
awareness,0.0002839488996513,en,scrubs
distinguish,0.0002839488996513,en,scrubs
hopeful,0.0002839488996513,en,scrubs
insert,0.0002839488996513,en,scrubs
dangerously,0.0002839488996513,en,scrubs
psychiatric,0.0002839488996513,en,scrubs
legendary,0.0002839488996513,en,scrubs
sheer,0.0002839488996513,en,scrubs
wail,0.0002839488996513,en,scrubs
stereo,0.0002839488996513,en,scrubs
outsider,0.0002839488996513,en,scrubs
felon,0.0002839488996513,en,scrubs
gaze,0.0002839488996513,en,scrubs
expense,0.0002819842431098,en,scrubs
prepared,0.0002819842431098,en,scrubs
relative,0.0002819842431098,en,scrubs
individual,0.0002819842431098,en,scrubs
coward,0.0002819842431098,en,scrubs
jeeper,0.0002816404522891,en,scrubs
glenda,0.0002816404522891,en,scrubs
criminy,0.0002816404522891,en,scrubs
stefani,0.0002816404522891,en,scrubs
landowner,0.0002816404522891,en,scrubs
mammogram,0.0002816404522891,en,scrubs
lipid,0.0002816404522891,en,scrubs
fowl,0.0002816404522891,en,scrubs
dex,0.0002816404522891,en,scrubs
shamu,0.0002816404522891,en,scrubs
podiatrist,0.0002816404522891,en,scrubs
honker,0.0002816404522891,en,scrubs
fitzpatrick,0.0002816404522891,en,scrubs
barley,0.0002816404522891,en,scrubs
varnish,0.0002816404522891,en,scrubs
sec,0.0002816404522891,en,scrubs
mucous,0.0002816404522891,en,scrubs
cuppa,0.0002816404522891,en,scrubs
personnally,0.0002816404522891,en,scrubs
tuberculosis,0.0002816404522891,en,scrubs
marv,0.0002816404522891,en,scrubs
googly,0.0002816404522891,en,scrubs
shuteye,0.0002816404522891,en,scrubs
unnerving,0.0002816404522891,en,scrubs
tribeca,0.0002816404522891,en,scrubs
nfl,0.0002816404522891,en,scrubs
dunst,0.0002816404522891,en,scrubs
chantal,0.0002816404522891,en,scrubs
yogi,0.0002816404522891,en,scrubs
gurgling,0.0002816404522891,en,scrubs
gratuitous,0.0002816404522891,en,scrubs
quivering,0.0002816404522891,en,scrubs
sputum,0.0002816404522891,en,scrubs
ole,0.0002816404522891,en,scrubs
greeter,0.0002816404522891,en,scrubs
fibula,0.0002816404522891,en,scrubs
curling,0.0002816404522891,en,scrubs
sodomize,0.0002816404522891,en,scrubs
biking,0.0002816404522891,en,scrubs
overplay,0.0002816404522891,en,scrubs
bullfrog,0.0002816404522891,en,scrubs
juggler,0.0002816404522891,en,scrubs
plexus,0.0002816404522891,en,scrubs
sequitur,0.0002816404522891,en,scrubs
derogatory,0.0002816404522891,en,scrubs
scrapbooke,0.0002816404522891,en,scrubs
duckle,0.0002816404522891,en,scrubs
transitive,0.0002816404522891,en,scrubs
flannery,0.0002816404522891,en,scrubs
ladie,0.0002816404522891,en,scrubs
breathalyzer,0.0002816404522891,en,scrubs
preventable,0.0002816404522891,en,scrubs
bonk,0.0002816404522891,en,scrubs
alluring,0.0002816404522891,en,scrubs
requiem,0.0002816404522891,en,scrubs
horsie,0.0002816404522891,en,scrubs
webster,0.0002816404522891,en,scrubs
stoked,0.0002816404522891,en,scrubs
racquet,0.0002816404522891,en,scrubs
shyness,0.0002816404522891,en,scrubs
bedsore,0.0002816404522891,en,scrubs
dreamboat,0.0002816404522891,en,scrubs
febrile,0.0002816404522891,en,scrubs
together,0.0002816404522891,en,scrubs
drafting,0.0002816404522891,en,scrubs
divider,0.0002816404522891,en,scrubs
neonatal,0.0002816404522891,en,scrubs
placemat,0.0002816404522891,en,scrubs
jerkoff,0.0002816404522891,en,scrubs
sterility,0.0002816404522891,en,scrubs
batcave,0.0002816404522891,en,scrubs
weeny,0.0002816404522891,en,scrubs
oxen,0.0002816404522891,en,scrubs
kept,0.0002816404522891,en,scrubs
kaiser,0.0002816404522891,en,scrubs
uncomfortably,0.0002816404522891,en,scrubs
swimmin,0.0002816404522891,en,scrubs
donde,0.0002816404522891,en,scrubs
teethe,0.0002816404522891,en,scrubs
bellhop,0.0002816404522891,en,scrubs
wetsuit,0.0002816404522891,en,scrubs
indisposed,0.0002816404522891,en,scrubs
seamlessly,0.0002816404522891,en,scrubs
debater,0.0002816404522891,en,scrubs
tepid,0.0002816404522891,en,scrubs
hoochie,0.0002816404522891,en,scrubs
aahh,0.0002816404522891,en,scrubs
indisputable,0.0002816404522891,en,scrubs
meningitis,0.0002816404522891,en,scrubs
heartstring,0.0002816404522891,en,scrubs
baum,0.0002816404522891,en,scrubs
peritoneal,0.0002816404522891,en,scrubs
hippity,0.0002816404522891,en,scrubs
rhythmically,0.0002816404522891,en,scrubs
stricture,0.0002816404522891,en,scrubs
zigzag,0.0002816404522891,en,scrubs
showerhead,0.0002816404522891,en,scrubs
tranquilliser,0.0002816404522891,en,scrubs
mosey,0.0002816404522891,en,scrubs
haematoma,0.0002816404522891,en,scrubs
idiocy,0.0002816404522891,en,scrubs
uninsured,0.0002816404522891,en,scrubs
pizzeria,0.0002816404522891,en,scrubs
aaagh,0.0002816404522891,en,scrubs
wre,0.0002816404522891,en,scrubs
tahitian,0.0002816404522891,en,scrubs
speculum,0.0002816404522891,en,scrubs
fatigued,0.0002816404522891,en,scrubs
wnba,0.0002816404522891,en,scrubs
nra,0.0002816404522891,en,scrubs
barium,0.0002816404522891,en,scrubs
seabiscuit,0.0002816404522891,en,scrubs
goldman,0.0002816404522891,en,scrubs
entomb,0.0002816404522891,en,scrubs
sexcapade,0.0002816404522891,en,scrubs
henderson,0.0002816404522891,en,scrubs
proctologist,0.0002816404522891,en,scrubs
yello,0.0002816404522891,en,scrubs
mochaccino,0.0002816404522891,en,scrubs
shhhh,0.0002816404522891,en,scrubs
egocentric,0.0002816404522891,en,scrubs
tuchus,0.0002816404522891,en,scrubs
augh,0.0002816404522891,en,scrubs
conor,0.0002816404522891,en,scrubs
blotchy,0.0002816404522891,en,scrubs
squeezy,0.0002816404522891,en,scrubs
sportsmanship,0.0002816404522891,en,scrubs
wildflower,0.0002816404522891,en,scrubs
prepping,0.0002816404522891,en,scrubs
medusa,0.0002816404522891,en,scrubs
shuffleboard,0.0002816404522891,en,scrubs
tobey,0.0002816404522891,en,scrubs
steamroller,0.0002816404522891,en,scrubs
accidently,0.0002816404522891,en,scrubs
unproven,0.0002816404522891,en,scrubs
touristy,0.0002816404522891,en,scrubs
strappy,0.0002816404522891,en,scrubs
lent,0.0002816404522891,en,scrubs
lymphatic,0.0002816404522891,en,scrubs
pms,0.0002816404522891,en,scrubs
hacer,0.0002816404522891,en,scrubs
babcock,0.0002816404522891,en,scrubs
rollercoaster,0.0002816404522891,en,scrubs
smarter,0.0002816404522891,en,scrubs
togeth,0.0002816404522891,en,scrubs
heya,0.0002816404522891,en,scrubs
soothing,0.0002816404522891,en,scrubs
ahi,0.0002816404522891,en,scrubs
angioplasty,0.0002816404522891,en,scrubs
duvet,0.0002816404522891,en,scrubs
criticise,0.0002816404522891,en,scrubs
chilli,0.0002816404522891,en,scrubs
heartwarme,0.0002816404522891,en,scrubs
endocarditis,0.0002816404522891,en,scrubs
fentanyl,0.0002816404522891,en,scrubs
gwyneth,0.0002816404522891,en,scrubs
guysare,0.0002816404522891,en,scrubs
tamponade,0.0002816404522891,en,scrubs
suppressive,0.0002816404522891,en,scrubs
amir,0.0002816404522891,en,scrubs
uninterested,0.0002816404522891,en,scrubs
malignancy,0.0002816404522891,en,scrubs
coag,0.0002816404522891,en,scrubs
enraged,0.0002816404522891,en,scrubs
frankincense,0.0002816404522891,en,scrubs
perforation,0.0002816404522891,en,scrubs
preexisting,0.0002816404522891,en,scrubs
raff,0.0002816404522891,en,scrubs
nodule,0.0002816404522891,en,scrubs
daffy,0.0002816404522891,en,scrubs
abscess,0.0002816404522891,en,scrubs
upsy,0.0002816404522891,en,scrubs
jeter,0.0002816404522891,en,scrubs
palp,0.0002816404522891,en,scrubs
curlie,0.0002816404522891,en,scrubs
hepatic,0.0002816404522891,en,scrubs
atm,0.0002809573377275,en,scrubs
numerous,0.0002809573377275,en,scrubs
boarding,0.0002809573377275,en,scrubs
resemblance,0.0002809573377275,en,scrubs
squash,0.0002809573377275,en,scrubs
reunite,0.0002809573377275,en,scrubs
patent,0.0002809573377275,en,scrubs
solar,0.0002809573377275,en,scrubs
sunrise,0.0002809573377275,en,scrubs
sticker,0.0002809573377275,en,scrubs
tryin,0.0002809573377275,en,scrubs
bender,0.0002809573377275,en,scrubs
leash,0.0002809573377275,en,scrubs
optimistic,0.0002809573377275,en,scrubs
magically,0.0002809573377275,en,scrubs
walking,0.0002809573377275,en,scrubs
fried,0.0002809573377275,en,scrubs
item,0.000279656644243,en,scrubs
scale,0.000279656644243,en,scrubs
suspicious,0.000279656644243,en,scrubs
globe,0.0002780262155518,en,scrubs
tenant,0.0002780262155518,en,scrubs
rember,0.0002780262155518,en,scrubs
escalate,0.0002780262155518,en,scrubs
ache,0.0002780262155518,en,scrubs
priceless,0.0002780262155518,en,scrubs
tweak,0.0002780262155518,en,scrubs
broke,0.0002780262155518,en,scrubs
halt,0.0002780262155518,en,scrubs
slug,0.0002780262155518,en,scrubs
shampoo,0.0002780262155518,en,scrubs
delusion,0.0002780262155518,en,scrubs
crew,0.0002773536765142,en,scrubs
agreement,0.0002773536765142,en,scrubs
mercy,0.0002773536765142,en,scrubs
estate,0.0002773536765142,en,scrubs
elegant,0.0002751531392312,en,scrubs
sorrow,0.0002751531392312,en,scrubs
independence,0.0002751531392312,en,scrubs
backseat,0.0002751531392312,en,scrubs
hover,0.0002751531392312,en,scrubs
credential,0.0002751531392312,en,scrubs
obnoxious,0.0002751531392312,en,scrubs
salvage,0.0002751531392312,en,scrubs
ripe,0.0002751531392312,en,scrubs
telling,0.0002751531392312,en,scrubs
fireman,0.0002751531392312,en,scrubs
freaking,0.0002751531392312,en,scrubs
promising,0.0002751531392312,en,scrubs
dressed,0.0002751531392312,en,scrubs
surface,0.0002750748240737,en,scrubs
customer,0.0002728195871093,en,scrubs
ing,0.000272335854341,en,scrubs
stun,0.000272335854341,en,scrubs
utterly,0.000272335854341,en,scrubs
preparation,0.000272335854341,en,scrubs
environmental,0.000272335854341,en,scrubs
literature,0.000272335854341,en,scrubs
waltz,0.000272335854341,en,scrubs
margin,0.000272335854341,en,scrubs
frustration,0.000272335854341,en,scrubs
circulatory,0.0002719537103112,en,scrubs
guten,0.0002719537103112,en,scrubs
bolivian,0.0002719537103112,en,scrubs
pressured,0.0002719537103112,en,scrubs
gherkin,0.0002719537103112,en,scrubs
outfox,0.0002719537103112,en,scrubs
dalla,0.0002719537103112,en,scrubs
overuse,0.0002719537103112,en,scrubs
braindead,0.0002719537103112,en,scrubs
slo,0.0002719537103112,en,scrubs
bogart,0.0002719537103112,en,scrubs
kylie,0.0002719537103112,en,scrubs
blitzkrieg,0.0002719537103112,en,scrubs
runneth,0.0002719537103112,en,scrubs
calamari,0.0002719537103112,en,scrubs
charo,0.0002719537103112,en,scrubs
reciprocal,0.0002719537103112,en,scrubs
booker,0.0002719537103112,en,scrubs
caseworker,0.0002719537103112,en,scrubs
bronchitis,0.0002719537103112,en,scrubs
floodgate,0.0002719537103112,en,scrubs
steely,0.0002719537103112,en,scrubs
jambalaya,0.0002719537103112,en,scrubs
mueller,0.0002719537103112,en,scrubs
endearment,0.0002719537103112,en,scrubs
tachycardia,0.0002719537103112,en,scrubs
watertight,0.0002719537103112,en,scrubs
trampy,0.0002719537103112,en,scrubs
dermatology,0.0002719537103112,en,scrubs
tachycardic,0.0002719537103112,en,scrubs
narcoleptic,0.0002719537103112,en,scrubs
hypertensive,0.0002719537103112,en,scrubs
geisha,0.0002719537103112,en,scrubs
greener,0.0002719537103112,en,scrubs
frankness,0.0002719537103112,en,scrubs
watching,0.0002719537103112,en,scrubs
paralysed,0.0002719537103112,en,scrubs
regulatory,0.0002719537103112,en,scrubs
verbalize,0.0002719537103112,en,scrubs
dragonfly,0.0002719537103112,en,scrubs
tuned,0.0002719537103112,en,scrubs
mongoose,0.0002719537103112,en,scrubs
cambodian,0.0002719537103112,en,scrubs
paintbrush,0.0002719537103112,en,scrubs
addison,0.0002719537103112,en,scrubs
sarcastically,0.0002719537103112,en,scrubs
seated,0.0002719537103112,en,scrubs
gagging,0.0002719537103112,en,scrubs
cankle,0.0002719537103112,en,scrubs
lymphocyte,0.0002719537103112,en,scrubs
gan,0.0002719537103112,en,scrubs
pally,0.0002719537103112,en,scrubs
deplorable,0.0002719537103112,en,scrubs
grover,0.0002719537103112,en,scrubs
piccata,0.0002719537103112,en,scrubs
ugg,0.0002719537103112,en,scrubs
tastefully,0.0002719537103112,en,scrubs
unemotional,0.0002719537103112,en,scrubs
baboon,0.0002719537103112,en,scrubs
meditative,0.0002719537103112,en,scrubs
zion,0.0002719537103112,en,scrubs
ard,0.0002719537103112,en,scrubs
menstruate,0.0002719537103112,en,scrubs
benzodiazepine,0.0002719537103112,en,scrubs
deco,0.0002719537103112,en,scrubs
seven,0.0002719537103112,en,scrubs
gentile,0.0002719537103112,en,scrubs
schnapps,0.0002719537103112,en,scrubs
chesty,0.0002719537103112,en,scrubs
whatevs,0.0002719537103112,en,scrubs
oesophagus,0.0002719537103112,en,scrubs
atrial,0.0002719537103112,en,scrubs
raincheck,0.0002719537103112,en,scrubs
alani,0.0002719537103112,en,scrubs
swizzle,0.0002719537103112,en,scrubs
retroactively,0.0002719537103112,en,scrubs
mane,0.0002719537103112,en,scrubs
caltech,0.0002719537103112,en,scrubs
lakeside,0.0002719537103112,en,scrubs
respite,0.0002719537103112,en,scrubs
cruisin,0.0002719537103112,en,scrubs
closeness,0.0002719537103112,en,scrubs
phobic,0.0002719537103112,en,scrubs
aquaman,0.0002719537103112,en,scrubs
crux,0.0002719537103112,en,scrubs
plymouth,0.0002719537103112,en,scrubs
maximise,0.0002719537103112,en,scrubs
quarantined,0.0002719537103112,en,scrubs
suckle,0.0002719537103112,en,scrubs
lbs,0.0002719537103112,en,scrubs
preferential,0.0002719537103112,en,scrubs
disgustingly,0.0002719537103112,en,scrubs
operable,0.0002719537103112,en,scrubs
downy,0.0002719537103112,en,scrubs
loretta,0.0002719537103112,en,scrubs
jaime,0.0002719537103112,en,scrubs
loch,0.0002719537103112,en,scrubs
pessimistic,0.0002719537103112,en,scrubs
cannibalistic,0.0002719537103112,en,scrubs
disadvantaged,0.0002719537103112,en,scrubs
tubbs,0.0002719537103112,en,scrubs
pushin,0.0002719537103112,en,scrubs
outwit,0.0002719537103112,en,scrubs
businesslike,0.0002719537103112,en,scrubs
lanyard,0.0002719537103112,en,scrubs
tyrannical,0.0002719537103112,en,scrubs
dimaggio,0.0002719537103112,en,scrubs
distillery,0.0002719537103112,en,scrubs
roughhouse,0.0002719537103112,en,scrubs
hodgkin,0.0002719537103112,en,scrubs
pernicious,0.0002719537103112,en,scrubs
drowsy,0.0002719537103112,en,scrubs
wer,0.0002719537103112,en,scrubs
vertically,0.0002719537103112,en,scrubs
timeshare,0.0002719537103112,en,scrubs
appartment,0.0002719537103112,en,scrubs
sergent,0.0002719537103112,en,scrubs
luman,0.0002719537103112,en,scrubs
yen,0.0002719537103112,en,scrubs
paperboy,0.0002719537103112,en,scrubs
washy,0.0002719537103112,en,scrubs
phelp,0.0002719537103112,en,scrubs
carlton,0.0002719537103112,en,scrubs
harpy,0.0002719537103112,en,scrubs
lowdown,0.0002719537103112,en,scrubs
bunnie,0.0002719537103112,en,scrubs
momento,0.0002719537103112,en,scrubs
dachshund,0.0002719537103112,en,scrubs
cree,0.0002719537103112,en,scrubs
passable,0.0002719537103112,en,scrubs
studying,0.0002719537103112,en,scrubs
psa,0.0002719537103112,en,scrubs
valhalla,0.0002719537103112,en,scrubs
collegiate,0.0002719537103112,en,scrubs
snapper,0.0002719537103112,en,scrubs
uniqueness,0.0002719537103112,en,scrubs
spongy,0.0002719537103112,en,scrubs
steinberg,0.0002719537103112,en,scrubs
dressy,0.0002719537103112,en,scrubs
nosey,0.0002719537103112,en,scrubs
napping,0.0002719537103112,en,scrubs
iou,0.0002719537103112,en,scrubs
trannie,0.0002719537103112,en,scrubs
edith,0.0002719537103112,en,scrubs
prosciutto,0.0002719537103112,en,scrubs
bluster,0.0002719537103112,en,scrubs
busywork,0.0002719537103112,en,scrubs
alot,0.0002719537103112,en,scrubs
knickknack,0.0002719537103112,en,scrubs
samoan,0.0002719537103112,en,scrubs
boink,0.0002719537103112,en,scrubs
clichd,0.0002719537103112,en,scrubs
kavanaugh,0.0002719537103112,en,scrubs
cotter,0.0002719537103112,en,scrubs
wringer,0.0002719537103112,en,scrubs
regale,0.0002719537103112,en,scrubs
gonzo,0.0002719537103112,en,scrubs
obsessing,0.0002719537103112,en,scrubs
soapy,0.0002719537103112,en,scrubs
chirping,0.0002719537103112,en,scrubs
blowhole,0.0002719537103112,en,scrubs
fido,0.0002719537103112,en,scrubs
unending,0.0002719537103112,en,scrubs
stork,0.0002719537103112,en,scrubs
plexigla,0.0002719537103112,en,scrubs
punt,0.0002719537103112,en,scrubs
nutritionist,0.0002719537103112,en,scrubs
tippy,0.0002719537103112,en,scrubs
incoherently,0.0002719537103112,en,scrubs
pipsqueak,0.0002719537103112,en,scrubs
ringwald,0.0002719537103112,en,scrubs
lasere,0.0002719537103112,en,scrubs
cosmonaut,0.0002719537103112,en,scrubs
overbear,0.0002719537103112,en,scrubs
anime,0.0002719537103112,en,scrubs
annually,0.0002719537103112,en,scrubs
chiquita,0.0002719537103112,en,scrubs
keychain,0.0002719537103112,en,scrubs
yvonne,0.0002719537103112,en,scrubs
throught,0.0002719537103112,en,scrubs
nonalcoholic,0.0002719537103112,en,scrubs
kibble,0.0002719537103112,en,scrubs
dependence,0.0002719537103112,en,scrubs
barrymore,0.0002719537103112,en,scrubs
desert,0.000270587481188,en,scrubs
element,0.000270587481188,en,scrubs
recover,0.000270587481188,en,scrubs
aid,0.000270587481188,en,scrubs
approve,0.000270587481188,en,scrubs
dim,0.0002695722352968,en,scrubs
brad,0.0002695722352968,en,scrubs
locked,0.0002695722352968,en,scrubs
dent,0.0002695722352968,en,scrubs
grader,0.0002695722352968,en,scrubs
descend,0.0002695722352968,en,scrubs
gauge,0.0002695722352968,en,scrubs
penetrate,0.0002695722352968,en,scrubs
relay,0.0002695722352968,en,scrubs
endanger,0.0002695722352968,en,scrubs
assess,0.0002695722352968,en,scrubs
actress,0.0002695722352968,en,scrubs
operator,0.0002695722352968,en,scrubs
phil,0.0002695722352968,en,scrubs
sensation,0.0002695722352968,en,scrubs
camping,0.0002695722352968,en,scrubs
range,0.0002683780366319,en,scrubs
advance,0.0002683780366319,en,scrubs
design,0.0002683780366319,en,scrubs
narrow,0.0002683780366319,en,scrubs
gallon,0.0002668602757202,en,scrubs
sibling,0.0002668602757202,en,scrubs
reopen,0.0002668602757202,en,scrubs
substitute,0.0002668602757202,en,scrubs
cooler,0.0002668602757202,en,scrubs
kicking,0.0002668602757202,en,scrubs
silk,0.0002668602757202,en,scrubs
sadness,0.0002668602757202,en,scrubs
fare,0.0002668602757202,en,scrubs
preferably,0.0002668602757202,en,scrubs
sedative,0.0002668602757202,en,scrubs
baggage,0.0002668602757202,en,scrubs
reflex,0.0002668602757202,en,scrubs
embarrassment,0.0002668602757202,en,scrubs
shipping,0.0002668602757202,en,scrubs
cannon,0.0002668602757202,en,scrubs
successfully,0.0002668602757202,en,scrubs
aisle,0.0002668602757202,en,scrubs
lobster,0.0002668602757202,en,scrubs
author,0.0002641980796882,en,scrubs
efficient,0.0002641980796882,en,scrubs
empty,0.0002641980796882,en,scrubs
election,0.0002641980796882,en,scrubs
compensate,0.0002641980796882,en,scrubs
pende,0.0002641980796882,en,scrubs
doorbell,0.0002641980796882,en,scrubs
jewel,0.0002641980796882,en,scrubs
herd,0.0002641980796882,en,scrubs
trace,0.0002640253231471,en,scrubs
shrek,0.0002634093983456,en,scrubs
lemming,0.0002634093983456,en,scrubs
robocop,0.0002634093983456,en,scrubs
tought,0.0002634093983456,en,scrubs
woode,0.0002634093983456,en,scrubs
teal,0.0002634093983456,en,scrubs
morty,0.0002634093983456,en,scrubs
loudspeaker,0.0002634093983456,en,scrubs
miguel,0.0002634093983456,en,scrubs
trove,0.0002634093983456,en,scrubs
retaliatory,0.0002634093983456,en,scrubs
cas,0.0002634093983456,en,scrubs
booyah,0.0002634093983456,en,scrubs
tomfoolery,0.0002634093983456,en,scrubs
carney,0.0002634093983456,en,scrubs
tendon,0.0002634093983456,en,scrubs
orally,0.0002634093983456,en,scrubs
breathtaking,0.0002634093983456,en,scrubs
cycling,0.0002634093983456,en,scrubs
opossum,0.0002634093983456,en,scrubs
sweatin,0.0002634093983456,en,scrubs
menorah,0.0002634093983456,en,scrubs
hauser,0.0002634093983456,en,scrubs
ulna,0.0002634093983456,en,scrubs
carnie,0.0002634093983456,en,scrubs
realign,0.0002634093983456,en,scrubs
cordially,0.0002634093983456,en,scrubs
paulson,0.0002634093983456,en,scrubs
metallica,0.0002634093983456,en,scrubs
siding,0.0002634093983456,en,scrubs
wikipedia,0.0002634093983456,en,scrubs
liquore,0.0002634093983456,en,scrubs
guilte,0.0002634093983456,en,scrubs
nantucket,0.0002634093983456,en,scrubs
universally,0.0002634093983456,en,scrubs
spritz,0.0002634093983456,en,scrubs
roaring,0.0002634093983456,en,scrubs
diaphoretic,0.0002634093983456,en,scrubs
simile,0.0002634093983456,en,scrubs
whee,0.0002634093983456,en,scrubs
rry,0.0002634093983456,en,scrubs
nepotism,0.0002634093983456,en,scrubs
beamer,0.0002634093983456,en,scrubs
measle,0.0002634093983456,en,scrubs
bushel,0.0002634093983456,en,scrubs
deathtrap,0.0002634093983456,en,scrubs
fainting,0.0002634093983456,en,scrubs
bizarro,0.0002634093983456,en,scrubs
tearing,0.0002634093983456,en,scrubs
scathing,0.0002634093983456,en,scrubs
catty,0.0002634093983456,en,scrubs
konnichiwa,0.0002634093983456,en,scrubs
dismount,0.0002634093983456,en,scrubs
chickenpox,0.0002634093983456,en,scrubs
gab,0.0002634093983456,en,scrubs
dvr,0.0002634093983456,en,scrubs
overactive,0.0002634093983456,en,scrubs
milano,0.0002634093983456,en,scrubs
sorted,0.0002634093983456,en,scrubs
gluten,0.0002634093983456,en,scrubs
distend,0.0002634093983456,en,scrubs
frugal,0.0002634093983456,en,scrubs
cordless,0.0002634093983456,en,scrubs
bellybutton,0.0002634093983456,en,scrubs
palatable,0.0002634093983456,en,scrubs
bullock,0.0002634093983456,en,scrubs
pettiness,0.0002634093983456,en,scrubs
hearin,0.0002634093983456,en,scrubs
pundit,0.0002634093983456,en,scrubs
ballerina,0.0002634093983456,en,scrubs
foetus,0.0002634093983456,en,scrubs
grander,0.0002634093983456,en,scrubs
nudie,0.0002634093983456,en,scrubs
testimonial,0.0002634093983456,en,scrubs
shangri,0.0002634093983456,en,scrubs
warble,0.0002634093983456,en,scrubs
brewski,0.0002634093983456,en,scrubs
bolus,0.0002634093983456,en,scrubs
sizzling,0.0002634093983456,en,scrubs
francine,0.0002634093983456,en,scrubs
avian,0.0002634093983456,en,scrubs
lile,0.0002634093983456,en,scrubs
baller,0.0002634093983456,en,scrubs
hissy,0.0002634093983456,en,scrubs
sunbathing,0.0002634093983456,en,scrubs
douchey,0.0002634093983456,en,scrubs
bras,0.0002634093983456,en,scrubs
tase,0.0002634093983456,en,scrubs
cackle,0.0002634093983456,en,scrubs
franklin,0.0002634093983456,en,scrubs
motherland,0.0002634093983456,en,scrubs
workbench,0.0002634093983456,en,scrubs
unintended,0.0002634093983456,en,scrubs
succubus,0.0002634093983456,en,scrubs
ladybug,0.0002634093983456,en,scrubs
hermaphrodite,0.0002634093983456,en,scrubs
clotting,0.0002634093983456,en,scrubs
sop,0.0002634093983456,en,scrubs
frilly,0.0002634093983456,en,scrubs
alienated,0.0002634093983456,en,scrubs
fizzy,0.0002634093983456,en,scrubs
hypnotism,0.0002634093983456,en,scrubs
mummify,0.0002634093983456,en,scrubs
munchausen,0.0002634093983456,en,scrubs
yeti,0.0002634093983456,en,scrubs
rpm,0.0002634093983456,en,scrubs
opie,0.0002634093983456,en,scrubs
ism,0.0002634093983456,en,scrubs
indelible,0.0002634093983456,en,scrubs
unsuccessfully,0.0002634093983456,en,scrubs
albatross,0.0002634093983456,en,scrubs
bromance,0.0002634093983456,en,scrubs
succinct,0.0002634093983456,en,scrubs
carsick,0.0002634093983456,en,scrubs
loverboy,0.0002634093983456,en,scrubs
glade,0.0002634093983456,en,scrubs
trolley,0.0002634093983456,en,scrubs
esteban,0.0002634093983456,en,scrubs
rodrigo,0.0002634093983456,en,scrubs
starvin,0.0002634093983456,en,scrubs
scoliosis,0.0002634093983456,en,scrubs
taketh,0.0002634093983456,en,scrubs
gynecological,0.0002634093983456,en,scrubs
bedsheet,0.0002634093983456,en,scrubs
spiderman,0.0002634093983456,en,scrubs
angrier,0.0002634093983456,en,scrubs
andale,0.0002634093983456,en,scrubs
sexiest,0.0002634093983456,en,scrubs
personnal,0.0002634093983456,en,scrubs
inferiority,0.0002634093983456,en,scrubs
unappreciated,0.0002634093983456,en,scrubs
mountie,0.0002634093983456,en,scrubs
heaving,0.0002634093983456,en,scrubs
soo,0.0002634093983456,en,scrubs
neediness,0.0002634093983456,en,scrubs
arigato,0.0002634093983456,en,scrubs
gloriously,0.0002634093983456,en,scrubs
scorpio,0.0002634093983456,en,scrubs
lutheran,0.0002634093983456,en,scrubs
boinke,0.0002634093983456,en,scrubs
wat,0.0002634093983456,en,scrubs
unflappable,0.0002634093983456,en,scrubs
clara,0.0002634093983456,en,scrubs
segregate,0.0002634093983456,en,scrubs
doily,0.0002634093983456,en,scrubs
chucklehead,0.0002634093983456,en,scrubs
softener,0.0002634093983456,en,scrubs
randolph,0.0002634093983456,en,scrubs
spinster,0.0002634093983456,en,scrubs
networking,0.0002634093983456,en,scrubs
streetwalker,0.0002634093983456,en,scrubs
surveyor,0.0002634093983456,en,scrubs
appalachian,0.0002634093983456,en,scrubs
lasso,0.0002634093983456,en,scrubs
morethan,0.0002634093983456,en,scrubs
curveball,0.0002634093983456,en,scrubs
gerber,0.0002634093983456,en,scrubs
hankie,0.0002634093983456,en,scrubs
veg,0.0002634093983456,en,scrubs
jensen,0.0002634093983456,en,scrubs
sippy,0.0002634093983456,en,scrubs
boozer,0.0002634093983456,en,scrubs
intubated,0.0002634093983456,en,scrubs
riffraff,0.0002634093983456,en,scrubs
skeeve,0.0002634093983456,en,scrubs
schwartz,0.0002634093983456,en,scrubs
blockade,0.0002634093983456,en,scrubs
oktoberf,0.0002634093983456,en,scrubs
punchline,0.0002634093983456,en,scrubs
side,0.0002618811834435,en,scrubs
success,0.0002618811834435,en,scrubs
unlocked,0.0002615838537717,en,scrubs
lone,0.0002615838537717,en,scrubs
accountant,0.0002615838537717,en,scrubs
enhance,0.0002615838537717,en,scrubs
mold,0.0002615838537717,en,scrubs
strand,0.0002615838537717,en,scrubs
spicy,0.0002615838537717,en,scrubs
caffeine,0.0002615838537717,en,scrubs
european,0.0002615838537717,en,scrubs
pint,0.0002615838537717,en,scrubs
sociopath,0.0002615838537717,en,scrubs
thrilled,0.0002615838537717,en,scrubs
hysterical,0.0002615838537717,en,scrubs
stem,0.0002615838537717,en,scrubs
publicity,0.0002615838537717,en,scrubs
horizon,0.0002615838537717,en,scrubs
comparison,0.0002615838537717,en,scrubs
downstair,0.0002615838537717,en,scrubs
playground,0.0002615838537717,en,scrubs
suicidal,0.0002590158997781,en,scrubs
acquaintance,0.0002590158997781,en,scrubs
saying,0.0002590158997781,en,scrubs
slit,0.0002590158997781,en,scrubs
shaft,0.0002590158997781,en,scrubs
hustle,0.0002590158997781,en,scrubs
thou,0.0002590158997781,en,scrubs
temple,0.0002590158997781,en,scrubs
slot,0.0002590158997781,en,scrubs
stew,0.0002590158997781,en,scrubs
mandatory,0.0002590158997781,en,scrubs
swipe,0.0002590158997781,en,scrubs
obstacle,0.0002590158997781,en,scrubs
sniper,0.0002590158997781,en,scrubs
carbon,0.0002590158997781,en,scrubs
barge,0.0002564926081253,en,scrubs
rebel,0.0002564926081253,en,scrubs
hike,0.0002564926081253,en,scrubs
martin,0.0002564926081253,en,scrubs
puff,0.0002564926081253,en,scrubs
stove,0.0002564926081253,en,scrubs
heroic,0.0002564926081253,en,scrubs
smuggle,0.0002564926081253,en,scrubs
conclude,0.0002564926081253,en,scrubs
objection,0.0002564926081253,en,scrubs
tactic,0.0002564926081253,en,scrubs
catholic,0.0002564926081253,en,scrubs
uninvite,0.0002557662508446,en,scrubs
necrosis,0.0002557662508446,en,scrubs
adler,0.0002557662508446,en,scrubs
malnourished,0.0002557662508446,en,scrubs
hysterectomy,0.0002557662508446,en,scrubs
prominence,0.0002557662508446,en,scrubs
showgirl,0.0002557662508446,en,scrubs
addendum,0.0002557662508446,en,scrubs
splenic,0.0002557662508446,en,scrubs
playa,0.0002557662508446,en,scrubs
spontaneity,0.0002557662508446,en,scrubs
buckaroo,0.0002557662508446,en,scrubs
daybreak,0.0002557662508446,en,scrubs
augustine,0.0002557662508446,en,scrubs
prankster,0.0002557662508446,en,scrubs
similarly,0.0002557662508446,en,scrubs
procreation,0.0002557662508446,en,scrubs
laurent,0.0002557662508446,en,scrubs
bongo,0.0002557662508446,en,scrubs
kennel,0.0002557662508446,en,scrubs
cursor,0.0002557662508446,en,scrubs
commemorative,0.0002557662508446,en,scrubs
crony,0.0002557662508446,en,scrubs
jockstrap,0.0002557662508446,en,scrubs
anvil,0.0002557662508446,en,scrubs
irishman,0.0002557662508446,en,scrubs
trapper,0.0002557662508446,en,scrubs
philanthropic,0.0002557662508446,en,scrubs
trivia,0.0002557662508446,en,scrubs
accentuate,0.0002557662508446,en,scrubs
nutcracker,0.0002557662508446,en,scrubs
accumulation,0.0002557662508446,en,scrubs
pyjama,0.0002557662508446,en,scrubs
urination,0.0002557662508446,en,scrubs
skivvy,0.0002557662508446,en,scrubs
snuggly,0.0002557662508446,en,scrubs
understate,0.0002557662508446,en,scrubs
telepathically,0.0002557662508446,en,scrubs
dat,0.0002557662508446,en,scrubs
noche,0.0002557662508446,en,scrubs
centerfold,0.0002557662508446,en,scrubs
inadequacy,0.0002557662508446,en,scrubs
pinkie,0.0002557662508446,en,scrubs
delightfully,0.0002557662508446,en,scrubs
saute,0.0002557662508446,en,scrubs
definitly,0.0002557662508446,en,scrubs
swig,0.0002557662508446,en,scrubs
internist,0.0002557662508446,en,scrubs
settin,0.0002557662508446,en,scrubs
credo,0.0002557662508446,en,scrubs
acidic,0.0002557662508446,en,scrubs
crochet,0.0002557662508446,en,scrubs
fonzie,0.0002557662508446,en,scrubs
hallucinating,0.0002557662508446,en,scrubs
malcontent,0.0002557662508446,en,scrubs
unlearn,0.0002557662508446,en,scrubs
devastated,0.0002557662508446,en,scrubs
aviator,0.0002557662508446,en,scrubs
sucka,0.0002557662508446,en,scrubs
amnio,0.0002557662508446,en,scrubs
huevos,0.0002557662508446,en,scrubs
lat,0.0002557662508446,en,scrubs
cotillion,0.0002557662508446,en,scrubs
woolly,0.0002557662508446,en,scrubs
trippin,0.0002557662508446,en,scrubs
dreaming,0.0002557662508446,en,scrubs
scrapper,0.0002557662508446,en,scrubs
trolling,0.0002557662508446,en,scrubs
vocalize,0.0002557662508446,en,scrubs
nigerian,0.0002557662508446,en,scrubs
breadwinner,0.0002557662508446,en,scrubs
moneymaker,0.0002557662508446,en,scrubs
colourful,0.0002557662508446,en,scrubs
handmaiden,0.0002557662508446,en,scrubs
choker,0.0002557662508446,en,scrubs
saga,0.0002557662508446,en,scrubs
dupont,0.0002557662508446,en,scrubs
mcfly,0.0002557662508446,en,scrubs
sycophant,0.0002557662508446,en,scrubs
unsatisfying,0.0002557662508446,en,scrubs
anticoagulant,0.0002557662508446,en,scrubs
indonesian,0.0002557662508446,en,scrubs
gaggle,0.0002557662508446,en,scrubs
vestigial,0.0002557662508446,en,scrubs
liege,0.0002557662508446,en,scrubs
lol,0.0002557662508446,en,scrubs
seltzer,0.0002557662508446,en,scrubs
excitable,0.0002557662508446,en,scrubs
procrastinate,0.0002557662508446,en,scrubs
housekeep,0.0002557662508446,en,scrubs
magnolia,0.0002557662508446,en,scrubs
psychobabble,0.0002557662508446,en,scrubs
dsl,0.0002557662508446,en,scrubs
tress,0.0002557662508446,en,scrubs
oversleep,0.0002557662508446,en,scrubs
registered,0.0002557662508446,en,scrubs
demerol,0.0002557662508446,en,scrubs
inept,0.0002557662508446,en,scrubs
bullcrap,0.0002557662508446,en,scrubs
docile,0.0002557662508446,en,scrubs
donnelly,0.0002557662508446,en,scrubs
burt,0.0002557662508446,en,scrubs
denzel,0.0002557662508446,en,scrubs
quorum,0.0002557662508446,en,scrubs
tassel,0.0002557662508446,en,scrubs
roundhouse,0.0002557662508446,en,scrubs
honeycomb,0.0002557662508446,en,scrubs
ingrate,0.0002557662508446,en,scrubs
kirsten,0.0002557662508446,en,scrubs
tootsie,0.0002557662508446,en,scrubs
sorceress,0.0002557662508446,en,scrubs
demeaning,0.0002557662508446,en,scrubs
patented,0.0002557662508446,en,scrubs
dotted,0.0002557662508446,en,scrubs
trepidation,0.0002557662508446,en,scrubs
rumbling,0.0002557662508446,en,scrubs
prego,0.0002557662508446,en,scrubs
shakin,0.0002557662508446,en,scrubs
encase,0.0002557662508446,en,scrubs
retrospective,0.0002557662508446,en,scrubs
pairing,0.0002557662508446,en,scrubs
thisis,0.0002557662508446,en,scrubs
uncharacteristically,0.0002557662508446,en,scrubs
carpoole,0.0002557662508446,en,scrubs
theology,0.0002557662508446,en,scrubs
underlying,0.0002557662508446,en,scrubs
mosque,0.0002557662508446,en,scrubs
mountaintop,0.0002557662508446,en,scrubs
ich,0.0002557662508446,en,scrubs
screamin,0.0002557662508446,en,scrubs
nike,0.0002557662508446,en,scrubs
bawl,0.0002557662508446,en,scrubs
frumpy,0.0002557662508446,en,scrubs
prattle,0.0002557662508446,en,scrubs
clarice,0.0002557662508446,en,scrubs
bridezilla,0.0002557662508446,en,scrubs
storybook,0.0002557662508446,en,scrubs
leathery,0.0002557662508446,en,scrubs
tnk,0.0002557662508446,en,scrubs
myrtle,0.0002557662508446,en,scrubs
benji,0.0002557662508446,en,scrubs
smut,0.0002557662508446,en,scrubs
manicurist,0.0002557662508446,en,scrubs
gilligan,0.0002557662508446,en,scrubs
quelle,0.0002557662508446,en,scrubs
grooming,0.0002557662508446,en,scrubs
mercilessly,0.0002557662508446,en,scrubs
riviera,0.0002557662508446,en,scrubs
competive,0.0002557662508446,en,scrubs
buttload,0.0002557662508446,en,scrubs
aagh,0.0002557662508446,en,scrubs
neighborhood,0.0002555726716078,en,scrubs
identify,0.0002555726716078,en,scrubs
peach,0.0002540124517822,en,scrubs
shocked,0.0002540124517822,en,scrubs
sentimental,0.0002540124517822,en,scrubs
import,0.0002540124517822,en,scrubs
scissor,0.0002540124517822,en,scrubs
vintage,0.0002540124517822,en,scrubs
expertise,0.0002540124517822,en,scrubs
indication,0.0002540124517822,en,scrubs
transition,0.0002540124517822,en,scrubs
appreciation,0.0002540124517822,en,scrubs
grasp,0.0002540124517822,en,scrubs
adapt,0.0002515739807182,en,scrubs
drawing,0.0002515739807182,en,scrubs
homicide,0.0002515739807182,en,scrubs
premise,0.0002515739807182,en,scrubs
lipstick,0.0002515739807182,en,scrubs
household,0.0002515739807182,en,scrubs
driving,0.0002515739807182,en,scrubs
pledge,0.0002515739807182,en,scrubs
bidding,0.0002515739807182,en,scrubs
revolution,0.0002515739807182,en,scrubs
crop,0.0002515739807182,en,scrubs
verge,0.0002515739807182,en,scrubs
shack,0.0002515739807182,en,scrubs
fuss,0.0002515739807182,en,scrubs
tuna,0.0002515739807182,en,scrubs
whiskey,0.0002515739807182,en,scrubs
eastern,0.0002515739807182,en,scrubs
entirely,0.0002514663531898,en,scrubs
cemetery,0.0002491758168119,en,scrubs
delightful,0.0002491758168119,en,scrubs
mushroom,0.0002491758168119,en,scrubs
ambition,0.0002491758168119,en,scrubs
tide,0.0002491758168119,en,scrubs
autograph,0.0002491758168119,en,scrubs
vacuum,0.0002491758168119,en,scrubs
logical,0.0002491758168119,en,scrubs
minister,0.0002491758168119,en,scrubs
peak,0.0002491758168119,en,scrubs
extension,0.0002491758168119,en,scrubs
flavor,0.0002491758168119,en,scrubs
wasteful,0.0002488521829128,en,scrubs
lopsided,0.0002488521829128,en,scrubs
grievous,0.0002488521829128,en,scrubs
conceivably,0.0002488521829128,en,scrubs
dateless,0.0002488521829128,en,scrubs
spastic,0.0002488521829128,en,scrubs
spartacus,0.0002488521829128,en,scrubs
liken,0.0002488521829128,en,scrubs
moxie,0.0002488521829128,en,scrubs
messing,0.0002488521829128,en,scrubs
abysmal,0.0002488521829128,en,scrubs
stead,0.0002488521829128,en,scrubs
nether,0.0002488521829128,en,scrubs
palpable,0.0002488521829128,en,scrubs
sigmund,0.0002488521829128,en,scrubs
selfishness,0.0002488521829128,en,scrubs
hurtin,0.0002488521829128,en,scrubs
innovator,0.0002488521829128,en,scrubs
denim,0.0002488521829128,en,scrubs
wuv,0.0002488521829128,en,scrubs
chafing,0.0002488521829128,en,scrubs
underappreciated,0.0002488521829128,en,scrubs
burb,0.0002488521829128,en,scrubs
entirety,0.0002488521829128,en,scrubs
hypnosi,0.0002488521829128,en,scrubs
financier,0.0002488521829128,en,scrubs
cyclical,0.0002488521829128,en,scrubs
rockefeller,0.0002488521829128,en,scrubs
absentee,0.0002488521829128,en,scrubs
fibrillation,0.0002488521829128,en,scrubs
downing,0.0002488521829128,en,scrubs
hazel,0.0002488521829128,en,scrubs
stigma,0.0002488521829128,en,scrubs
briggs,0.0002488521829128,en,scrubs
smooch,0.0002488521829128,en,scrubs
cheste,0.0002488521829128,en,scrubs
icebreaker,0.0002488521829128,en,scrubs
catchphrase,0.0002488521829128,en,scrubs
stampede,0.0002488521829128,en,scrubs
tainted,0.0002488521829128,en,scrubs
unspecified,0.0002488521829128,en,scrubs
likey,0.0002488521829128,en,scrubs
ugli,0.0002488521829128,en,scrubs
trig,0.0002488521829128,en,scrubs
fallback,0.0002488521829128,en,scrubs
cosmopolitan,0.0002488521829128,en,scrubs
periodically,0.0002488521829128,en,scrubs
bod,0.0002488521829128,en,scrubs
jewellery,0.0002488521829128,en,scrubs
wonderin,0.0002488521829128,en,scrubs
nba,0.0002488521829128,en,scrubs
aloof,0.0002488521829128,en,scrubs
lass,0.0002488521829128,en,scrubs
addle,0.0002488521829128,en,scrubs
mami,0.0002488521829128,en,scrubs
sharpie,0.0002488521829128,en,scrubs
elongate,0.0002488521829128,en,scrubs
conservation,0.0002488521829128,en,scrubs
antiseptic,0.0002488521829128,en,scrubs
ibiza,0.0002488521829128,en,scrubs
cathartic,0.0002488521829128,en,scrubs
whiter,0.0002488521829128,en,scrubs
che,0.0002488521829128,en,scrubs
whopping,0.0002488521829128,en,scrubs
dilute,0.0002488521829128,en,scrubs
sentimentality,0.0002488521829128,en,scrubs
covered,0.0002488521829128,en,scrubs
baguette,0.0002488521829128,en,scrubs
dodgeball,0.0002488521829128,en,scrubs
unmanageable,0.0002488521829128,en,scrubs
zulu,0.0002488521829128,en,scrubs
tutu,0.0002488521829128,en,scrubs
disseminate,0.0002488521829128,en,scrubs
norse,0.0002488521829128,en,scrubs
gumbo,0.0002488521829128,en,scrubs
darlene,0.0002488521829128,en,scrubs
slinky,0.0002488521829128,en,scrubs
glucose,0.0002488521829128,en,scrubs
dolle,0.0002488521829128,en,scrubs
fishnet,0.0002488521829128,en,scrubs
linus,0.0002488521829128,en,scrubs
gastrointestinal,0.0002488521829128,en,scrubs
hoarse,0.0002488521829128,en,scrubs
predominantly,0.0002488521829128,en,scrubs
insubordinate,0.0002488521829128,en,scrubs
cordial,0.0002488521829128,en,scrubs
une,0.0002488521829128,en,scrubs
odour,0.0002488521829128,en,scrubs
filipino,0.0002488521829128,en,scrubs
clancy,0.0002488521829128,en,scrubs
lena,0.0002488521829128,en,scrubs
evenin,0.0002488521829128,en,scrubs
tos,0.0002488521829128,en,scrubs
constraint,0.0002488521829128,en,scrubs
edict,0.0002488521829128,en,scrubs
oddest,0.0002488521829128,en,scrubs
fungal,0.0002488521829128,en,scrubs
woah,0.0002488521829128,en,scrubs
pasa,0.0002488521829128,en,scrubs
landslide,0.0002488521829128,en,scrubs
knocker,0.0002488521829128,en,scrubs
adonis,0.0002488521829128,en,scrubs
resize,0.0002488521829128,en,scrubs
conversational,0.0002488521829128,en,scrubs
cranny,0.0002488521829128,en,scrubs
confound,0.0002488521829128,en,scrubs
headed,0.0002488521829128,en,scrubs
hooligan,0.0002488521829128,en,scrubs
splendor,0.0002488521829128,en,scrubs
bagger,0.0002488521829128,en,scrubs
synchronized,0.0002488521829128,en,scrubs
uncooked,0.0002488521829128,en,scrubs
geta,0.0002488521829128,en,scrubs
apparel,0.0002488521829128,en,scrubs
suspenseful,0.0002488521829128,en,scrubs
natured,0.0002488521829128,en,scrubs
gettysburg,0.0002488521829128,en,scrubs
dyslexic,0.0002488521829128,en,scrubs
capisce,0.0002488521829128,en,scrubs
coding,0.0002488521829128,en,scrubs
premarital,0.0002488521829128,en,scrubs
sgt,0.0002488521829128,en,scrubs
bogie,0.0002488521829128,en,scrubs
beanie,0.0002488521829128,en,scrubs
turnin,0.0002488521829128,en,scrubs
fishbowl,0.0002488521829128,en,scrubs
hellish,0.0002488521829128,en,scrubs
antigen,0.0002488521829128,en,scrubs
connotation,0.0002488521829128,en,scrubs
otto,0.0002488521829128,en,scrubs
supergirl,0.0002488521829128,en,scrubs
toffee,0.0002488521829128,en,scrubs
excruciatingly,0.0002488521829128,en,scrubs
lacerate,0.0002488521829128,en,scrubs
cookout,0.0002488521829128,en,scrubs
brassiere,0.0002488521829128,en,scrubs
switcheroo,0.0002488521829128,en,scrubs
flit,0.0002488521829128,en,scrubs
chalkboard,0.0002488521829128,en,scrubs
maury,0.0002488521829128,en,scrubs
diddy,0.0002488521829128,en,scrubs
tion,0.0002488521829128,en,scrubs
affirmation,0.0002488521829128,en,scrubs
spoke,0.0002488521829128,en,scrubs
burgundy,0.0002488521829128,en,scrubs
cosign,0.0002488521829128,en,scrubs
pacing,0.0002488521829128,en,scrubs
marrying,0.0002488521829128,en,scrubs
higgin,0.0002488521829128,en,scrubs
phylli,0.0002488521829128,en,scrubs
transsexual,0.0002488521829128,en,scrubs
perforate,0.0002488521829128,en,scrubs
tis,0.0002488521829128,en,scrubs
vigorously,0.0002488521829128,en,scrubs
earshot,0.0002488521829128,en,scrubs
junkie,0.0002468166491732,en,scrubs
peg,0.0002468166491732,en,scrubs
diner,0.0002468166491732,en,scrubs
crowded,0.0002468166491732,en,scrubs
marine,0.0002468166491732,en,scrubs
forge,0.0002468166491732,en,scrubs
supervisor,0.0002444952298405,en,scrubs
hollywood,0.0002444952298405,en,scrubs
interference,0.0002444952298405,en,scrubs
obsession,0.0002444952298405,en,scrubs
thorough,0.0002444952298405,en,scrubs
preliminary,0.0002444952298405,en,scrubs
paramedic,0.0002444952298405,en,scrubs
asinine,0.0002425401334278,en,scrubs
madden,0.0002425401334278,en,scrubs
autonomic,0.0002425401334278,en,scrubs
indignation,0.0002425401334278,en,scrubs
expenditure,0.0002425401334278,en,scrubs
tattletale,0.0002425401334278,en,scrubs
cinematic,0.0002425401334278,en,scrubs
grigio,0.0002425401334278,en,scrubs
cuteness,0.0002425401334278,en,scrubs
clicking,0.0002425401334278,en,scrubs
geneticist,0.0002425401334278,en,scrubs
watery,0.0002425401334278,en,scrubs
purposefully,0.0002425401334278,en,scrubs
freeman,0.0002425401334278,en,scrubs
moonshine,0.0002425401334278,en,scrubs
domineering,0.0002425401334278,en,scrubs
venereal,0.0002425401334278,en,scrubs
faire,0.0002425401334278,en,scrubs
altering,0.0002425401334278,en,scrubs
fleming,0.0002425401334278,en,scrubs
reliever,0.0002425401334278,en,scrubs
chronologically,0.0002425401334278,en,scrubs
fixing,0.0002425401334278,en,scrubs
timeout,0.0002425401334278,en,scrubs
coffeehouse,0.0002425401334278,en,scrubs
fesse,0.0002425401334278,en,scrubs
expressly,0.0002425401334278,en,scrubs
gambit,0.0002425401334278,en,scrubs
nonchalant,0.0002425401334278,en,scrubs
kooky,0.0002425401334278,en,scrubs
cleft,0.0002425401334278,en,scrubs
mathematically,0.0002425401334278,en,scrubs
arkansa,0.0002425401334278,en,scrubs
slapping,0.0002425401334278,en,scrubs
taster,0.0002425401334278,en,scrubs
rebuilt,0.0002425401334278,en,scrubs
ninety,0.0002425401334278,en,scrubs
overextend,0.0002425401334278,en,scrubs
para,0.0002425401334278,en,scrubs
calming,0.0002425401334278,en,scrubs
choosy,0.0002425401334278,en,scrubs
stabilise,0.0002425401334278,en,scrubs
candlelit,0.0002425401334278,en,scrubs
testis,0.0002425401334278,en,scrubs
hablo,0.0002425401334278,en,scrubs
ner,0.0002425401334278,en,scrubs
hibernate,0.0002425401334278,en,scrubs
dictatorship,0.0002425401334278,en,scrubs
colloquial,0.0002425401334278,en,scrubs
baloney,0.0002425401334278,en,scrubs
spackle,0.0002425401334278,en,scrubs
antler,0.0002425401334278,en,scrubs
twelfth,0.0002425401334278,en,scrubs
sceptical,0.0002425401334278,en,scrubs
rougher,0.0002425401334278,en,scrubs
naple,0.0002425401334278,en,scrubs
delirium,0.0002425401334278,en,scrubs
riser,0.0002425401334278,en,scrubs
cooker,0.0002425401334278,en,scrubs
greenwich,0.0002425401334278,en,scrubs
tantamount,0.0002425401334278,en,scrubs
unfreeze,0.0002425401334278,en,scrubs
detached,0.0002425401334278,en,scrubs
brainy,0.0002425401334278,en,scrubs
mouthed,0.0002425401334278,en,scrubs
wisher,0.0002425401334278,en,scrubs
raggedy,0.0002425401334278,en,scrubs
saboteur,0.0002425401334278,en,scrubs
leprosy,0.0002425401334278,en,scrubs
communism,0.0002425401334278,en,scrubs
marginally,0.0002425401334278,en,scrubs
hibernation,0.0002425401334278,en,scrubs
neurology,0.0002425401334278,en,scrubs
catapult,0.0002425401334278,en,scrubs
detest,0.0002425401334278,en,scrubs
smidge,0.0002425401334278,en,scrubs
folding,0.0002425401334278,en,scrubs
kfc,0.0002425401334278,en,scrubs
beaut,0.0002425401334278,en,scrubs
diddle,0.0002425401334278,en,scrubs
chaz,0.0002425401334278,en,scrubs
dainty,0.0002425401334278,en,scrubs
redress,0.0002425401334278,en,scrubs
artsy,0.0002425401334278,en,scrubs
nam,0.0002425401334278,en,scrubs
begrudge,0.0002425401334278,en,scrubs
rhinestone,0.0002425401334278,en,scrubs
otter,0.0002425401334278,en,scrubs
cashew,0.0002425401334278,en,scrubs
softie,0.0002425401334278,en,scrubs
huntin,0.0002425401334278,en,scrubs
blurred,0.0002425401334278,en,scrubs
spunky,0.0002425401334278,en,scrubs
hewitt,0.0002425401334278,en,scrubs
atrocious,0.0002425401334278,en,scrubs
stds,0.0002425401334278,en,scrubs
fatherless,0.0002425401334278,en,scrubs
headlock,0.0002425401334278,en,scrubs
hopelessness,0.0002425401334278,en,scrubs
gangsta,0.0002425401334278,en,scrubs
uplift,0.0002425401334278,en,scrubs
vegetative,0.0002425401334278,en,scrubs
systematic,0.0002425401334278,en,scrubs
demoralize,0.0002425401334278,en,scrubs
jumpin,0.0002425401334278,en,scrubs
seamless,0.0002425401334278,en,scrubs
bilateral,0.0002425401334278,en,scrubs
suckere,0.0002425401334278,en,scrubs
underachiever,0.0002425401334278,en,scrubs
agne,0.0002425401334278,en,scrubs
damnedest,0.0002425401334278,en,scrubs
sash,0.0002425401334278,en,scrubs
losing,0.0002425401334278,en,scrubs
spinner,0.0002425401334278,en,scrubs
ambrose,0.0002425401334278,en,scrubs
mouthing,0.0002425401334278,en,scrubs
mccoy,0.0002425401334278,en,scrubs
toupee,0.0002425401334278,en,scrubs
crip,0.0002425401334278,en,scrubs
rotator,0.0002425401334278,en,scrubs
retraction,0.0002425401334278,en,scrubs
nominal,0.0002425401334278,en,scrubs
structurally,0.0002425401334278,en,scrubs
incubate,0.0002425401334278,en,scrubs
winger,0.0002425401334278,en,scrubs
avoir,0.0002425401334278,en,scrubs
oka,0.0002425401334278,en,scrubs
quasi,0.0002425401334278,en,scrubs
twofer,0.0002425401334278,en,scrubs
simpleton,0.0002425401334278,en,scrubs
marjorie,0.0002425401334278,en,scrubs
leotard,0.0002425401334278,en,scrubs
gutless,0.0002425401334278,en,scrubs
bravado,0.0002425401334278,en,scrubs
reminiscent,0.0002425401334278,en,scrubs
aforementioned,0.0002425401334278,en,scrubs
vicious,0.0002422103698158,en,scrubs
coke,0.0002422103698158,en,scrubs
conviction,0.0002422103698158,en,scrubs
unpleasant,0.0002422103698158,en,scrubs
cheerleader,0.0002422103698158,en,scrubs
deceive,0.0002422103698158,en,scrubs
principal,0.0002422103698158,en,scrubs
fuse,0.0002422103698158,en,scrubs
destination,0.0002422103698158,en,scrubs
nearly,0.0002415272552542,en,scrubs
liability,0.0002399609354079,en,scrubs
accusation,0.0002399609354079,en,scrubs
scramble,0.0002399609354079,en,scrubs
snatch,0.0002399609354079,en,scrubs
instal,0.0002399609354079,en,scrubs
philosophy,0.0002399609354079,en,scrubs
envy,0.0002399609354079,en,scrubs
genuine,0.0002399609354079,en,scrubs
armor,0.0002399609354079,en,scrubs
consistent,0.0002399609354079,en,scrubs
absorb,0.0002377458448546,en,scrubs
innocence,0.0002377458448546,en,scrubs
santa,0.0002377458448546,en,scrubs
teen,0.0002377458448546,en,scrubs
objective,0.0002377458448546,en,scrubs
frog,0.0002377458448546,en,scrubs
gap,0.0002377458448546,en,scrubs
foolish,0.0002377458448546,en,scrubs
setting,0.0002377458448546,en,scrubs
dope,0.0002377458448546,en,scrubs
growth,0.0002377458448546,en,scrubs
disconnect,0.0002377458448546,en,scrubs
farmer,0.0002377458448546,en,scrubs
swoon,0.0002367336107727,en,scrubs
sayonara,0.0002367336107727,en,scrubs
expectancy,0.0002367336107727,en,scrubs
banged,0.0002367336107727,en,scrubs
edema,0.0002367336107727,en,scrubs
migrant,0.0002367336107727,en,scrubs
orbital,0.0002367336107727,en,scrubs
prevention,0.0002367336107727,en,scrubs
repugnant,0.0002367336107727,en,scrubs
daiquiris,0.0002367336107727,en,scrubs
nothingness,0.0002367336107727,en,scrubs
figurehead,0.0002367336107727,en,scrubs
tycoon,0.0002367336107727,en,scrubs
childless,0.0002367336107727,en,scrubs
fraternize,0.0002367336107727,en,scrubs
mouthpiece,0.0002367336107727,en,scrubs
militant,0.0002367336107727,en,scrubs
cornflake,0.0002367336107727,en,scrubs
dollhouse,0.0002367336107727,en,scrubs
halle,0.0002367336107727,en,scrubs
whoopee,0.0002367336107727,en,scrubs
eardrum,0.0002367336107727,en,scrubs
hairspray,0.0002367336107727,en,scrubs
horrified,0.0002367336107727,en,scrubs
slamming,0.0002367336107727,en,scrubs
madhouse,0.0002367336107727,en,scrubs
fritter,0.0002367336107727,en,scrubs
stimulating,0.0002367336107727,en,scrubs
manuel,0.0002367336107727,en,scrubs
mabel,0.0002367336107727,en,scrubs
ganja,0.0002367336107727,en,scrubs
suzy,0.0002367336107727,en,scrubs
scowl,0.0002367336107727,en,scrubs
manolo,0.0002367336107727,en,scrubs
ferment,0.0002367336107727,en,scrubs
inconsequential,0.0002367336107727,en,scrubs
fledged,0.0002367336107727,en,scrubs
iodine,0.0002367336107727,en,scrubs
pjs,0.0002367336107727,en,scrubs
prairie,0.0002367336107727,en,scrubs
abrasive,0.0002367336107727,en,scrubs
cramping,0.0002367336107727,en,scrubs
subtract,0.0002367336107727,en,scrubs
sweatpant,0.0002367336107727,en,scrubs
fumigate,0.0002367336107727,en,scrubs
baron,0.0002367336107727,en,scrubs
talky,0.0002367336107727,en,scrubs
hurrah,0.0002367336107727,en,scrubs
brandon,0.0002367336107727,en,scrubs
arousal,0.0002367336107727,en,scrubs
acclimate,0.0002367336107727,en,scrubs
denture,0.0002367336107727,en,scrubs
sylvia,0.0002367336107727,en,scrubs
complaining,0.0002367336107727,en,scrubs
shoebox,0.0002367336107727,en,scrubs
stuttering,0.0002367336107727,en,scrubs
seuss,0.0002367336107727,en,scrubs
raising,0.0002367336107727,en,scrubs
dartmouth,0.0002367336107727,en,scrubs
screamer,0.0002367336107727,en,scrubs
scooby,0.0002367336107727,en,scrubs
chewy,0.0002367336107727,en,scrubs
coattail,0.0002367336107727,en,scrubs
sucking,0.0002367336107727,en,scrubs
celine,0.0002367336107727,en,scrubs
roundabout,0.0002367336107727,en,scrubs
meringue,0.0002367336107727,en,scrubs
bowler,0.0002367336107727,en,scrubs
mcdonald,0.0002367336107727,en,scrubs
belgium,0.0002367336107727,en,scrubs
unbalanced,0.0002367336107727,en,scrubs
sorcerer,0.0002367336107727,en,scrubs
snowy,0.0002367336107727,en,scrubs
paralyse,0.0002367336107727,en,scrubs
rodriguez,0.0002367336107727,en,scrubs
omg,0.0002367336107727,en,scrubs
cole,0.0002367336107727,en,scrubs
credence,0.0002367336107727,en,scrubs
corduroy,0.0002367336107727,en,scrubs
facet,0.0002367336107727,en,scrubs
strauss,0.0002367336107727,en,scrubs
proctor,0.0002367336107727,en,scrubs
tusk,0.0002367336107727,en,scrubs
lacy,0.0002367336107727,en,scrubs
excise,0.0002367336107727,en,scrubs
reprehensible,0.0002367336107727,en,scrubs
wrangler,0.0002367336107727,en,scrubs
alphabetize,0.0002367336107727,en,scrubs
motherfucke,0.0002367336107727,en,scrubs
letterman,0.0002367336107727,en,scrubs
interpersonal,0.0002367336107727,en,scrubs
hostel,0.0002367336107727,en,scrubs
fam,0.0002367336107727,en,scrubs
overgrown,0.0002367336107727,en,scrubs
sebastian,0.0002367336107727,en,scrubs
starlight,0.0002367336107727,en,scrubs
receiving,0.0002367336107727,en,scrubs
tenor,0.0002367336107727,en,scrubs
evidence,0.0002357746272956,en,scrubs
eve,0.0002355640651987,en,scrubs
scam,0.0002355640651987,en,scrubs
bid,0.0002355640651987,en,scrubs
straighten,0.0002355640651987,en,scrubs
rival,0.0002355640651987,en,scrubs
footstep,0.0002334146093957,en,scrubs
standing,0.0002334146093957,en,scrubs
introduction,0.0002334146093957,en,scrubs
terror,0.0002334146093957,en,scrubs
oven,0.0002334146093957,en,scrubs
handcuff,0.0002334146093957,en,scrubs
mortician,0.000231357610488,en,scrubs
goa,0.000231357610488,en,scrubs
fatherhood,0.000231357610488,en,scrubs
vaginal,0.000231357610488,en,scrubs
refocus,0.000231357610488,en,scrubs
hemoglobin,0.000231357610488,en,scrubs
sobbing,0.000231357610488,en,scrubs
finite,0.000231357610488,en,scrubs
dumple,0.000231357610488,en,scrubs
booger,0.000231357610488,en,scrubs
sonnet,0.000231357610488,en,scrubs
celibate,0.000231357610488,en,scrubs
vaccination,0.000231357610488,en,scrubs
rehash,0.000231357610488,en,scrubs
decorum,0.000231357610488,en,scrubs
mph,0.000231357610488,en,scrubs
subsequently,0.000231357610488,en,scrubs
pornographic,0.000231357610488,en,scrubs
salut,0.000231357610488,en,scrubs
toothless,0.000231357610488,en,scrubs
memorie,0.000231357610488,en,scrubs
lather,0.000231357610488,en,scrubs
exacerbate,0.000231357610488,en,scrubs
caddie,0.000231357610488,en,scrubs
boardroom,0.000231357610488,en,scrubs
dinero,0.000231357610488,en,scrubs
zachary,0.000231357610488,en,scrubs
doting,0.000231357610488,en,scrubs
bungalow,0.000231357610488,en,scrubs
thousandth,0.000231357610488,en,scrubs
traveller,0.000231357610488,en,scrubs
visceral,0.000231357610488,en,scrubs
diseased,0.000231357610488,en,scrubs
gavel,0.000231357610488,en,scrubs
weiss,0.000231357610488,en,scrubs
climax,0.000231357610488,en,scrubs
verbally,0.000231357610488,en,scrubs
moping,0.000231357610488,en,scrubs
millionth,0.000231357610488,en,scrubs
musk,0.000231357610488,en,scrubs
armour,0.000231357610488,en,scrubs
peruse,0.000231357610488,en,scrubs
cartridge,0.000231357610488,en,scrubs
respirator,0.000231357610488,en,scrubs
quesadilla,0.000231357610488,en,scrubs
ravish,0.000231357610488,en,scrubs
ditty,0.000231357610488,en,scrubs
shrill,0.000231357610488,en,scrubs
reye,0.000231357610488,en,scrubs
shaved,0.000231357610488,en,scrubs
phat,0.000231357610488,en,scrubs
actin,0.000231357610488,en,scrubs
barking,0.000231357610488,en,scrubs
innermost,0.000231357610488,en,scrubs
evoke,0.000231357610488,en,scrubs
clinch,0.000231357610488,en,scrubs
bickering,0.000231357610488,en,scrubs
iceland,0.000231357610488,en,scrubs
clique,0.000231357610488,en,scrubs
shortstop,0.000231357610488,en,scrubs
boon,0.000231357610488,en,scrubs
mural,0.000231357610488,en,scrubs
groundbreaking,0.000231357610488,en,scrubs
answering,0.000231357610488,en,scrubs
coloring,0.000231357610488,en,scrubs
seaweed,0.000231357610488,en,scrubs
malice,0.000231357610488,en,scrubs
broth,0.000231357610488,en,scrubs
provocative,0.000231357610488,en,scrubs
throwing,0.000231357610488,en,scrubs
glisten,0.000231357610488,en,scrubs
glos,0.000231357610488,en,scrubs
wayward,0.000231357610488,en,scrubs
musket,0.000231357610488,en,scrubs
bringin,0.000231357610488,en,scrubs
humankind,0.000231357610488,en,scrubs
iove,0.000231357610488,en,scrubs
quirky,0.000231357610488,en,scrubs
manhandle,0.000231357610488,en,scrubs
tasere,0.000231357610488,en,scrubs
culpable,0.000231357610488,en,scrubs
unfulfilled,0.000231357610488,en,scrubs
blinker,0.000231357610488,en,scrubs
yearning,0.000231357610488,en,scrubs
telegram,0.000231357610488,en,scrubs
unchanged,0.000231357610488,en,scrubs
impersonator,0.000231357610488,en,scrubs
probate,0.000231357610488,en,scrubs
entitlement,0.000231357610488,en,scrubs
unpacked,0.000231357610488,en,scrubs
putz,0.000231357610488,en,scrubs
cookin,0.000231357610488,en,scrubs
rectum,0.000231357610488,en,scrubs
volvo,0.000231357610488,en,scrubs
tinfoil,0.000231357610488,en,scrubs
chatting,0.000231357610488,en,scrubs
cheapen,0.000231357610488,en,scrubs
sunblock,0.000231357610488,en,scrubs
dit,0.000231357610488,en,scrubs
porterhouse,0.000231357610488,en,scrubs
geriatric,0.000231357610488,en,scrubs
invalidate,0.000231357610488,en,scrubs
tandem,0.000231357610488,en,scrubs
deform,0.000231357610488,en,scrubs
eighty,0.000231357610488,en,scrubs
sombrero,0.000231357610488,en,scrubs
hickory,0.000231357610488,en,scrubs
twit,0.000231357610488,en,scrubs
electro,0.000231357610488,en,scrubs
classier,0.000231357610488,en,scrubs
chowder,0.000231357610488,en,scrubs
slouch,0.000231357610488,en,scrubs
serbian,0.000231357610488,en,scrubs
erratically,0.000231357610488,en,scrubs
butterscotch,0.000231357610488,en,scrubs
parkinson,0.000231357610488,en,scrubs
fleshy,0.000231357610488,en,scrubs
ethnicity,0.000231357610488,en,scrubs
effectiveness,0.000231357610488,en,scrubs
husky,0.000231357610488,en,scrubs
congo,0.000231357610488,en,scrubs
resuscitation,0.000231357610488,en,scrubs
veritable,0.000231357610488,en,scrubs
avery,0.000231357610488,en,scrubs
oily,0.000231357610488,en,scrubs
emasculate,0.000231357610488,en,scrubs
burly,0.000231357610488,en,scrubs
whirlpool,0.000231357610488,en,scrubs
costco,0.000231357610488,en,scrubs
mullet,0.000231357610488,en,scrubs
bloat,0.000231357610488,en,scrubs
tong,0.000231357610488,en,scrubs
homestead,0.000231357610488,en,scrubs
palsy,0.000231357610488,en,scrubs
callus,0.000231357610488,en,scrubs
chillin,0.000231357610488,en,scrubs
balm,0.000231357610488,en,scrubs
mantra,0.000231357610488,en,scrubs
oreo,0.000231357610488,en,scrubs
absurd,0.0002312965336323,en,scrubs
cease,0.0002312965336323,en,scrubs
filter,0.0002312965336323,en,scrubs
luxury,0.0002312965336323,en,scrubs
intervention,0.0002312965336323,en,scrubs
penalty,0.0002312965336323,en,scrubs
reliable,0.0002312965336323,en,scrubs
businessman,0.0002292089348386,en,scrubs
traditional,0.0002292089348386,en,scrubs
guidance,0.0002292089348386,en,scrubs
initiate,0.0002292089348386,en,scrubs
estimate,0.0002292089348386,en,scrubs
reunion,0.0002292089348386,en,scrubs
fragile,0.0002292089348386,en,scrubs
population,0.0002292089348386,en,scrubs
cabin,0.0002292089348386,en,scrubs
hooker,0.0002292089348386,en,scrubs
widow,0.0002292089348386,en,scrubs
shooter,0.0002292089348386,en,scrubs
primary,0.0002271509483753,en,scrubs
intact,0.0002271509483753,en,scrubs
greek,0.0002271509483753,en,scrubs
income,0.0002271509483753,en,scrubs
somewhat,0.0002271509483753,en,scrubs
fad,0.0002263526739613,en,scrubs
hairstyle,0.0002263526739613,en,scrubs
regurgitate,0.0002263526739613,en,scrubs
steamer,0.0002263526739613,en,scrubs
ter,0.0002263526739613,en,scrubs
tipping,0.0002263526739613,en,scrubs
subtly,0.0002263526739613,en,scrubs
neigh,0.0002263526739613,en,scrubs
homoerotic,0.0002263526739613,en,scrubs
cirque,0.0002263526739613,en,scrubs
twinkie,0.0002263526739613,en,scrubs
hotdog,0.0002263526739613,en,scrubs
repertoire,0.0002263526739613,en,scrubs
streamer,0.0002263526739613,en,scrubs
snorkel,0.0002263526739613,en,scrubs
telltale,0.0002263526739613,en,scrubs
postpartum,0.0002263526739613,en,scrubs
willis,0.0002263526739613,en,scrubs
ingenuity,0.0002263526739613,en,scrubs
wedgie,0.0002263526739613,en,scrubs
ogre,0.0002263526739613,en,scrubs
biting,0.0002263526739613,en,scrubs
muss,0.0002263526739613,en,scrubs
spunk,0.0002263526739613,en,scrubs
hopper,0.0002263526739613,en,scrubs
unreachable,0.0002263526739613,en,scrubs
tiara,0.0002263526739613,en,scrubs
mocking,0.0002263526739613,en,scrubs
talon,0.0002263526739613,en,scrubs
prehistoric,0.0002263526739613,en,scrubs
teardrop,0.0002263526739613,en,scrubs
ammonium,0.0002263526739613,en,scrubs
sawdust,0.0002263526739613,en,scrubs
saviour,0.0002263526739613,en,scrubs
julie,0.0002263526739613,en,scrubs
placenta,0.0002263526739613,en,scrubs
percentile,0.0002263526739613,en,scrubs
negro,0.0002263526739613,en,scrubs
hara,0.0002263526739613,en,scrubs
erode,0.0002263526739613,en,scrubs
chino,0.0002263526739613,en,scrubs
wafer,0.0002263526739613,en,scrubs
icicle,0.0002263526739613,en,scrubs
inclination,0.0002263526739613,en,scrubs
tenet,0.0002263526739613,en,scrubs
graciously,0.0002263526739613,en,scrubs
amputation,0.0002263526739613,en,scrubs
sill,0.0002263526739613,en,scrubs
amino,0.0002263526739613,en,scrubs
iris,0.0002263526739613,en,scrubs
septum,0.0002263526739613,en,scrubs
slayer,0.0002263526739613,en,scrubs
defining,0.0002263526739613,en,scrubs
brewery,0.0002263526739613,en,scrubs
congenital,0.0002263526739613,en,scrubs
grossly,0.0002263526739613,en,scrubs
pecan,0.0002263526739613,en,scrubs
unprovoked,0.0002263526739613,en,scrubs
audacity,0.0002263526739613,en,scrubs
finalist,0.0002263526739613,en,scrubs
nighty,0.0002263526739613,en,scrubs
sabrina,0.0002263526739613,en,scrubs
forgo,0.0002263526739613,en,scrubs
complacent,0.0002263526739613,en,scrubs
monique,0.0002263526739613,en,scrubs
sepsis,0.0002263526739613,en,scrubs
gust,0.0002263526739613,en,scrubs
docket,0.0002263526739613,en,scrubs
brewing,0.0002263526739613,en,scrubs
grubby,0.0002263526739613,en,scrubs
gratification,0.0002263526739613,en,scrubs
mesmerize,0.0002263526739613,en,scrubs
ashame,0.0002263526739613,en,scrubs
authorise,0.0002263526739613,en,scrubs
midwestern,0.0002263526739613,en,scrubs
worn,0.0002263526739613,en,scrubs
selfishly,0.0002263526739613,en,scrubs
gangrene,0.0002263526739613,en,scrubs
albino,0.0002263526739613,en,scrubs
skinned,0.0002263526739613,en,scrubs
morph,0.0002263526739613,en,scrubs
mediate,0.0002263526739613,en,scrubs
ryder,0.0002263526739613,en,scrubs
comforter,0.0002263526739613,en,scrubs
firstly,0.0002263526739613,en,scrubs
constrict,0.0002263526739613,en,scrubs
trampoline,0.0002263526739613,en,scrubs
bushy,0.0002263526739613,en,scrubs
wile,0.0002263526739613,en,scrubs
pest,0.0002263526739613,en,scrubs
pus,0.0002263526739613,en,scrubs
gon,0.0002263526739613,en,scrubs
slant,0.0002263526739613,en,scrubs
orifice,0.0002263526739613,en,scrubs
lifer,0.0002263526739613,en,scrubs
untreated,0.0002263526739613,en,scrubs
damper,0.0002263526739613,en,scrubs
pinball,0.0002263526739613,en,scrubs
disinfect,0.0002263526739613,en,scrubs
plunger,0.0002263526739613,en,scrubs
dovey,0.0002263526739613,en,scrubs
cinch,0.0002263526739613,en,scrubs
badd,0.0002263526739613,en,scrubs
outlying,0.0002263526739613,en,scrubs
afghan,0.0002263526739613,en,scrubs
carnivore,0.0002263526739613,en,scrubs
raid,0.0002251217458846,en,scrubs
educate,0.0002251217458846,en,scrubs
grieve,0.0002251217458846,en,scrubs
acquire,0.0002251217458846,en,scrubs
rug,0.0002251217458846,en,scrubs
intimidate,0.0002251217458846,en,scrubs
ally,0.0002251217458846,en,scrubs
exploit,0.0002251217458846,en,scrubs
encounter,0.0002231205332875,en,scrubs
album,0.0002231205332875,en,scrubs
cabinet,0.0002231205332875,en,scrubs
distress,0.0002231205332875,en,scrubs
heavily,0.0002231205332875,en,scrubs
cigar,0.0002231205332875,en,scrubs
chef,0.0002231205332875,en,scrubs
irony,0.0002231205332875,en,scrubs
stuffing,0.0002216708685101,en,scrubs
whup,0.0002216708685101,en,scrubs
measly,0.0002216708685101,en,scrubs
manipulator,0.0002216708685101,en,scrubs
hobbit,0.0002216708685101,en,scrubs
abolish,0.0002216708685101,en,scrubs
melting,0.0002216708685101,en,scrubs
baton,0.0002216708685101,en,scrubs
bohemian,0.0002216708685101,en,scrubs
licensed,0.0002216708685101,en,scrubs
complement,0.0002216708685101,en,scrubs
swiftly,0.0002216708685101,en,scrubs
blitz,0.0002216708685101,en,scrubs
accountability,0.0002216708685101,en,scrubs
curt,0.0002216708685101,en,scrubs
desist,0.0002216708685101,en,scrubs
tranny,0.0002216708685101,en,scrubs
drawback,0.0002216708685101,en,scrubs
trite,0.0002216708685101,en,scrubs
atypical,0.0002216708685101,en,scrubs
fraid,0.0002216708685101,en,scrubs
magnate,0.0002216708685101,en,scrubs
joystick,0.0002216708685101,en,scrubs
sweeping,0.0002216708685101,en,scrubs
reposition,0.0002216708685101,en,scrubs
raincoat,0.0002216708685101,en,scrubs
dialect,0.0002216708685101,en,scrubs
plainly,0.0002216708685101,en,scrubs
surly,0.0002216708685101,en,scrubs
quartet,0.0002216708685101,en,scrubs
raman,0.0002216708685101,en,scrubs
swinger,0.0002216708685101,en,scrubs
eruption,0.0002216708685101,en,scrubs
charred,0.0002216708685101,en,scrubs
seein,0.0002216708685101,en,scrubs
din,0.0002216708685101,en,scrubs
merciless,0.0002216708685101,en,scrubs
canoodle,0.0002216708685101,en,scrubs
ballsy,0.0002216708685101,en,scrubs
corset,0.0002216708685101,en,scrubs
etcetera,0.0002216708685101,en,scrubs
unrequited,0.0002216708685101,en,scrubs
chipmunk,0.0002216708685101,en,scrubs
floozy,0.0002216708685101,en,scrubs
innate,0.0002216708685101,en,scrubs
clammy,0.0002216708685101,en,scrubs
tester,0.0002216708685101,en,scrubs
relaxing,0.0002216708685101,en,scrubs
interpreter,0.0002216708685101,en,scrubs
slammer,0.0002216708685101,en,scrubs
kane,0.0002216708685101,en,scrubs
losin,0.0002216708685101,en,scrubs
cowgirl,0.0002216708685101,en,scrubs
northbound,0.0002216708685101,en,scrubs
strep,0.0002216708685101,en,scrubs
pelican,0.0002216708685101,en,scrubs
hunky,0.0002216708685101,en,scrubs
handmade,0.0002216708685101,en,scrubs
amnesia,0.0002216708685101,en,scrubs
underline,0.0002216708685101,en,scrubs
annoyance,0.0002216708685101,en,scrubs
beckon,0.0002216708685101,en,scrubs
paraphernalia,0.0002216708685101,en,scrubs
sideburn,0.0002216708685101,en,scrubs
toed,0.0002216708685101,en,scrubs
musketeer,0.0002216708685101,en,scrubs
developed,0.0002216708685101,en,scrubs
snippy,0.0002216708685101,en,scrubs
peacock,0.0002216708685101,en,scrubs
collarbone,0.0002216708685101,en,scrubs
headgear,0.0002216708685101,en,scrubs
perseverance,0.0002216708685101,en,scrubs
polio,0.0002216708685101,en,scrubs
duh,0.0002216708685101,en,scrubs
yahoo,0.0002216708685101,en,scrubs
laborer,0.0002216708685101,en,scrubs
ethically,0.0002216708685101,en,scrubs
workday,0.0002216708685101,en,scrubs
sentry,0.0002216708685101,en,scrubs
brotherly,0.0002216708685101,en,scrubs
chummy,0.0002216708685101,en,scrubs
instigate,0.0002216708685101,en,scrubs
neatly,0.0002216708685101,en,scrubs
decimal,0.0002216708685101,en,scrubs
louie,0.0002216708685101,en,scrubs
breakout,0.0002216708685101,en,scrubs
decease,0.0002216708685101,en,scrubs
multitude,0.0002216708685101,en,scrubs
foliage,0.0002216708685101,en,scrubs
linebacker,0.0002216708685101,en,scrubs
craigslist,0.0002216708685101,en,scrubs
nothing,0.0002216708685101,en,scrubs
timid,0.0002216708685101,en,scrubs
penniless,0.0002216708685101,en,scrubs
dignify,0.0002216708685101,en,scrubs
boar,0.0002216708685101,en,scrubs
pakistani,0.0002216708685101,en,scrubs
soleil,0.0002216708685101,en,scrubs
hospice,0.0002216708685101,en,scrubs
marcy,0.0002216708685101,en,scrubs
violation,0.0002211465489185,en,scrubs
handful,0.0002211465489185,en,scrubs
receipt,0.0002211465489185,en,scrubs
sole,0.0002211465489185,en,scrubs
serial,0.0002211465489185,en,scrubs
legally,0.0002211465489185,en,scrubs
flood,0.0002211465489185,en,scrubs
goose,0.0002211465489185,en,scrubs
intent,0.0002211465489185,en,scrubs
freakin,0.0002211465489185,en,scrubs
castle,0.0002211465489185,en,scrubs
bay,0.0002191990617851,en,scrubs
testing,0.0002191990617851,en,scrubs
purchase,0.0002191990617851,en,scrubs
retreat,0.0002191990617851,en,scrubs
mob,0.0002191990617851,en,scrubs
bold,0.0002191990617851,en,scrubs
prior,0.0002191990617851,en,scrubs
stack,0.0002172773699425,en,scrubs
visual,0.0002172773699425,en,scrubs
buyer,0.0002172773699425,en,scrubs
ensure,0.0002172773699425,en,scrubs
recording,0.0002172773699425,en,scrubs
legitimate,0.0002172773699425,en,scrubs
snare,0.0002172729883,en,scrubs
barkeep,0.0002172729883,en,scrubs
intensely,0.0002172729883,en,scrubs
eloquent,0.0002172729883,en,scrubs
thee,0.0002172729883,en,scrubs
hardship,0.0002172729883,en,scrubs
vulgar,0.0002172729883,en,scrubs
handlebar,0.0002172729883,en,scrubs
critically,0.0002172729883,en,scrubs
prickly,0.0002172729883,en,scrubs
hairdresser,0.0002172729883,en,scrubs
carlson,0.0002172729883,en,scrubs
showcase,0.0002172729883,en,scrubs
adieu,0.0002172729883,en,scrubs
shrivel,0.0002172729883,en,scrubs
seclude,0.0002172729883,en,scrubs
emanating,0.0002172729883,en,scrubs
bearable,0.0002172729883,en,scrubs
nervously,0.0002172729883,en,scrubs
regrettable,0.0002172729883,en,scrubs
kel,0.0002172729883,en,scrubs
tranq,0.0002172729883,en,scrubs
hanukkah,0.0002172729883,en,scrubs
paraphrase,0.0002172729883,en,scrubs
telemetry,0.0002172729883,en,scrubs
headin,0.0002172729883,en,scrubs
wobble,0.0002172729883,en,scrubs
rollin,0.0002172729883,en,scrubs
obligated,0.0002172729883,en,scrubs
environmentally,0.0002172729883,en,scrubs
homeboy,0.0002172729883,en,scrubs
powdered,0.0002172729883,en,scrubs
chastity,0.0002172729883,en,scrubs
mischief,0.0002172729883,en,scrubs
hawkin,0.0002172729883,en,scrubs
indifference,0.0002172729883,en,scrubs
kent,0.0002172729883,en,scrubs
ecstatic,0.0002172729883,en,scrubs
potter,0.0002172729883,en,scrubs
plop,0.0002172729883,en,scrubs
handout,0.0002172729883,en,scrubs
homer,0.0002172729883,en,scrubs
ame,0.0002172729883,en,scrubs
eleventh,0.0002172729883,en,scrubs
dexter,0.0002172729883,en,scrubs
pooch,0.0002172729883,en,scrubs
pummel,0.0002172729883,en,scrubs
getter,0.0002172729883,en,scrubs
nozzle,0.0002172729883,en,scrubs
bouncy,0.0002172729883,en,scrubs
ere,0.0002172729883,en,scrubs
negatively,0.0002172729883,en,scrubs
herald,0.0002172729883,en,scrubs
wane,0.0002172729883,en,scrubs
terrence,0.0002172729883,en,scrubs
depp,0.0002172729883,en,scrubs
toxicity,0.0002172729883,en,scrubs
cursed,0.0002172729883,en,scrubs
bleeder,0.0002172729883,en,scrubs
bonker,0.0002172729883,en,scrubs
subcommittee,0.0002172729883,en,scrubs
theatric,0.0002172729883,en,scrubs
conscientious,0.0002172729883,en,scrubs
graduating,0.0002172729883,en,scrubs
diff,0.0002172729883,en,scrubs
lapel,0.0002172729883,en,scrubs
lullaby,0.0002172729883,en,scrubs
proverb,0.0002172729883,en,scrubs
jiffy,0.0002172729883,en,scrubs
nilly,0.0002172729883,en,scrubs
yammer,0.0002172729883,en,scrubs
willpower,0.0002172729883,en,scrubs
eww,0.0002172729883,en,scrubs
sundance,0.0002172729883,en,scrubs
billie,0.0002172729883,en,scrubs
unwritten,0.0002172729883,en,scrubs
flammable,0.0002172729883,en,scrubs
reconstructive,0.0002172729883,en,scrubs
neurosis,0.0002172729883,en,scrubs
famish,0.0002172729883,en,scrubs
schoolyard,0.0002172729883,en,scrubs
iffy,0.0002172729883,en,scrubs
foosball,0.0002172729883,en,scrubs
depressive,0.0002172729883,en,scrubs
esophagus,0.0002172729883,en,scrubs
retrograde,0.0002172729883,en,scrubs
bonnet,0.0002172729883,en,scrubs
spokesperson,0.0002172729883,en,scrubs
humid,0.0002172729883,en,scrubs
primate,0.0002172729883,en,scrubs
sparkling,0.0002172729883,en,scrubs
manatee,0.0002172729883,en,scrubs
vino,0.0002172729883,en,scrubs
worst,0.0002172729883,en,scrubs
molar,0.0002172729883,en,scrubs
chasin,0.0002172729883,en,scrubs
flaky,0.0002172729883,en,scrubs
mopey,0.0002172729883,en,scrubs
dion,0.0002172729883,en,scrubs
summarize,0.0002172729883,en,scrubs
toxic,0.0002153807989749,en,scrubs
circus,0.0002153807989749,en,scrubs
exposure,0.0002153807989749,en,scrubs
motel,0.0002135087005743,en,scrubs
vice,0.0002135087005743,en,scrubs
survivor,0.0002135087005743,en,scrubs
manual,0.0002135087005743,en,scrubs
rocket,0.0002135087005743,en,scrubs
nearby,0.0002135087005743,en,scrubs
bitter,0.0002135087005743,en,scrubs
davy,0.0002131265565445,en,scrubs
braver,0.0002131265565445,en,scrubs
wheelhouse,0.0002131265565445,en,scrubs
cutthroat,0.0002131265565445,en,scrubs
stationery,0.0002131265565445,en,scrubs
thermo,0.0002131265565445,en,scrubs
hemorrhoid,0.0002131265565445,en,scrubs
menopause,0.0002131265565445,en,scrubs
emulate,0.0002131265565445,en,scrubs
doubly,0.0002131265565445,en,scrubs
unchecked,0.0002131265565445,en,scrubs
exclamation,0.0002131265565445,en,scrubs
twitchy,0.0002131265565445,en,scrubs
shelve,0.0002131265565445,en,scrubs
felicia,0.0002131265565445,en,scrubs
poly,0.0002131265565445,en,scrubs
francis,0.0002131265565445,en,scrubs
masturbate,0.0002131265565445,en,scrubs
enroll,0.0002131265565445,en,scrubs
peterson,0.0002131265565445,en,scrubs
shootin,0.0002131265565445,en,scrubs
irritation,0.0002131265565445,en,scrubs
incorrectly,0.0002131265565445,en,scrubs
endorphin,0.0002131265565445,en,scrubs
undivided,0.0002131265565445,en,scrubs
dinge,0.0002131265565445,en,scrubs
recheck,0.0002131265565445,en,scrubs
popper,0.0002131265565445,en,scrubs
heroine,0.0002131265565445,en,scrubs
deformity,0.0002131265565445,en,scrubs
ensemble,0.0002131265565445,en,scrubs
amniotic,0.0002131265565445,en,scrubs
dyin,0.0002131265565445,en,scrubs
reattach,0.0002131265565445,en,scrubs
christen,0.0002131265565445,en,scrubs
racetrack,0.0002131265565445,en,scrubs
methamphetamine,0.0002131265565445,en,scrubs
contraption,0.0002131265565445,en,scrubs
unwrap,0.0002131265565445,en,scrubs
skittish,0.0002131265565445,en,scrubs
watchin,0.0002131265565445,en,scrubs
dixie,0.0002131265565445,en,scrubs
falafel,0.0002131265565445,en,scrubs
caddy,0.0002131265565445,en,scrubs
implore,0.0002131265565445,en,scrubs
bode,0.0002131265565445,en,scrubs
disinfectant,0.0002131265565445,en,scrubs
inadvertently,0.0002131265565445,en,scrubs
clover,0.0002131265565445,en,scrubs
muppet,0.0002131265565445,en,scrubs
speakerphone,0.0002131265565445,en,scrubs
swanky,0.0002131265565445,en,scrubs
mirage,0.0002131265565445,en,scrubs
recuperate,0.0002131265565445,en,scrubs
monumental,0.0002131265565445,en,scrubs
tryst,0.0002131265565445,en,scrubs
unzip,0.0002131265565445,en,scrubs
valiant,0.0002131265565445,en,scrubs
distressed,0.0002131265565445,en,scrubs
asparagus,0.0002131265565445,en,scrubs
doormat,0.0002131265565445,en,scrubs
splice,0.0002131265565445,en,scrubs
cheeto,0.0002131265565445,en,scrubs
fetched,0.0002131265565445,en,scrubs
broomstick,0.0002131265565445,en,scrubs
debilitate,0.0002131265565445,en,scrubs
enjoyment,0.0002131265565445,en,scrubs
futility,0.0002131265565445,en,scrubs
spiritually,0.0002131265565445,en,scrubs
satin,0.0002131265565445,en,scrubs
stepmom,0.0002131265565445,en,scrubs
atropine,0.0002131265565445,en,scrubs
interactive,0.0002131265565445,en,scrubs
construe,0.0002131265565445,en,scrubs
spokesman,0.0002131265565445,en,scrubs
setter,0.0002131265565445,en,scrubs
mooch,0.0002131265565445,en,scrubs
endow,0.0002131265565445,en,scrubs
polly,0.0002131265565445,en,scrubs
monogamous,0.0002131265565445,en,scrubs
smoky,0.0002131265565445,en,scrubs
organise,0.0002131265565445,en,scrubs
helium,0.0002131265565445,en,scrubs
matinee,0.0002131265565445,en,scrubs
rover,0.0002131265565445,en,scrubs
archie,0.0002131265565445,en,scrubs
bottomless,0.0002131265565445,en,scrubs
standup,0.0002131265565445,en,scrubs
degenerative,0.0002131265565445,en,scrubs
referee,0.0002131265565445,en,scrubs
lighthouse,0.0002131265565445,en,scrubs
karl,0.0002131265565445,en,scrubs
fallujah,0.0002131265565445,en,scrubs
blockbuster,0.0002131265565445,en,scrubs
biased,0.0002131265565445,en,scrubs
motivator,0.0002131265565445,en,scrubs
polished,0.0002131265565445,en,scrubs
cheering,0.0002131265565445,en,scrubs
abundantly,0.0002131265565445,en,scrubs
serena,0.0002131265565445,en,scrubs
auditorium,0.0002131265565445,en,scrubs
packaging,0.0002131265565445,en,scrubs
opiate,0.0002131265565445,en,scrubs
sag,0.0002131265565445,en,scrubs
abuser,0.0002131265565445,en,scrubs
filler,0.0002131265565445,en,scrubs
blockage,0.0002131265565445,en,scrubs
cynic,0.0002131265565445,en,scrubs
industry,0.0002116604512102,en,scrubs
russian,0.0002116604512102,en,scrubs
committee,0.0002116604512102,en,scrubs
intelligence,0.0002098354508827,en,scrubs
investment,0.0002098354508827,en,scrubs
custom,0.0002098354508827,en,scrubs
network,0.0002098354508827,en,scrubs
tab,0.0002098354508827,en,scrubs
cuff,0.0002098354508827,en,scrubs
jagged,0.0002092043685735,en,scrubs
outskirt,0.0002092043685735,en,scrubs
blown,0.0002092043685735,en,scrubs
unpopular,0.0002092043685735,en,scrubs
perch,0.0002092043685735,en,scrubs
hardworke,0.0002092043685735,en,scrubs
freezing,0.0002092043685735,en,scrubs
blazer,0.0002092043685735,en,scrubs
misty,0.0002092043685735,en,scrubs
bah,0.0002092043685735,en,scrubs
unavoidable,0.0002092043685735,en,scrubs
enlarge,0.0002092043685735,en,scrubs
brady,0.0002092043685735,en,scrubs
cavalier,0.0002092043685735,en,scrubs
handprint,0.0002092043685735,en,scrubs
suede,0.0002092043685735,en,scrubs
defrost,0.0002092043685735,en,scrubs
sleepin,0.0002092043685735,en,scrubs
goldilock,0.0002092043685735,en,scrubs
monopoly,0.0002092043685735,en,scrubs
silicon,0.0002092043685735,en,scrubs
klutz,0.0002092043685735,en,scrubs
flirting,0.0002092043685735,en,scrubs
chemically,0.0002092043685735,en,scrubs
homage,0.0002092043685735,en,scrubs
scot,0.0002092043685735,en,scrubs
amish,0.0002092043685735,en,scrubs
naomi,0.0002092043685735,en,scrubs
antsy,0.0002092043685735,en,scrubs
congregation,0.0002092043685735,en,scrubs
kegger,0.0002092043685735,en,scrubs
archaic,0.0002092043685735,en,scrubs
aspen,0.0002092043685735,en,scrubs
sanctimonious,0.0002092043685735,en,scrubs
skater,0.0002092043685735,en,scrubs
jittery,0.0002092043685735,en,scrubs
marie,0.0002092043685735,en,scrubs
loafer,0.0002092043685735,en,scrubs
foreclose,0.0002092043685735,en,scrubs
infuriate,0.0002092043685735,en,scrubs
afar,0.0002092043685735,en,scrubs
overstate,0.0002092043685735,en,scrubs
skippy,0.0002092043685735,en,scrubs
depressant,0.0002092043685735,en,scrubs
satanic,0.0002092043685735,en,scrubs
asphalt,0.0002092043685735,en,scrubs
decor,0.0002092043685735,en,scrubs
sect,0.0002092043685735,en,scrubs
roofie,0.0002092043685735,en,scrubs
enthusiast,0.0002092043685735,en,scrubs
bile,0.0002092043685735,en,scrubs
blot,0.0002092043685735,en,scrubs
rendition,0.0002092043685735,en,scrubs
shoddy,0.0002092043685735,en,scrubs
traceable,0.0002092043685735,en,scrubs
bloodhound,0.0002092043685735,en,scrubs
cindy,0.0002092043685735,en,scrubs
mayo,0.0002092043685735,en,scrubs
titty,0.0002092043685735,en,scrubs
bicep,0.0002092043685735,en,scrubs
anthem,0.0002092043685735,en,scrubs
unaffected,0.0002092043685735,en,scrubs
chanel,0.0002092043685735,en,scrubs
appropriately,0.0002092043685735,en,scrubs
pissing,0.0002092043685735,en,scrubs
jackhammer,0.0002092043685735,en,scrubs
bootie,0.0002092043685735,en,scrubs
parenthood,0.0002092043685735,en,scrubs
jag,0.0002092043685735,en,scrubs
yum,0.0002092043685735,en,scrubs
quilt,0.0002092043685735,en,scrubs
parasitic,0.0002092043685735,en,scrubs
preferable,0.0002092043685735,en,scrubs
repetitive,0.0002092043685735,en,scrubs
moi,0.0002092043685735,en,scrubs
shattered,0.0002092043685735,en,scrubs
lacrosse,0.0002092043685735,en,scrubs
hooter,0.0002092043685735,en,scrubs
cashmere,0.0002092043685735,en,scrubs
methodology,0.0002092043685735,en,scrubs
iooking,0.0002092043685735,en,scrubs
gobble,0.0002092043685735,en,scrubs
dioxide,0.0002092043685735,en,scrubs
tether,0.0002092043685735,en,scrubs
nuance,0.0002092043685735,en,scrubs
nuptial,0.0002092043685735,en,scrubs
quarry,0.0002092043685735,en,scrubs
inflame,0.0002092043685735,en,scrubs
eskimo,0.0002092043685735,en,scrubs
battleship,0.0002092043685735,en,scrubs
doozy,0.0002092043685735,en,scrubs
existence,0.0002080331219535,en,scrubs
bargain,0.0002080331219535,en,scrubs
adventure,0.0002080331219535,en,scrubs
bribe,0.0002080331219535,en,scrubs
conduct,0.0002080331219535,en,scrubs
bluff,0.0002080331219535,en,scrubs
manipulate,0.0002080331219535,en,scrubs
vanish,0.0002080331219535,en,scrubs
plain,0.0002080331219535,en,scrubs
conclusion,0.0002080331219535,en,scrubs
fighter,0.0002080331219535,en,scrubs
booze,0.000206252908048,en,scrubs
highway,0.000206252908048,en,scrubs
happily,0.000206252908048,en,scrubs
conspiracy,0.000206252908048,en,scrubs
rot,0.000206252908048,en,scrubs
legend,0.000206252908048,en,scrubs
expand,0.000206252908048,en,scrubs
dull,0.000206252908048,en,scrubs
stutter,0.0002054834090435,en,scrubs
momentary,0.0002054834090435,en,scrubs
mishap,0.0002054834090435,en,scrubs
stylist,0.0002054834090435,en,scrubs
foolproof,0.0002054834090435,en,scrubs
lorraine,0.0002054834090435,en,scrubs
covering,0.0002054834090435,en,scrubs
forklift,0.0002054834090435,en,scrubs
receptor,0.0002054834090435,en,scrubs
usage,0.0002054834090435,en,scrubs
loin,0.0002054834090435,en,scrubs
sig,0.0002054834090435,en,scrubs
psychiatry,0.0002054834090435,en,scrubs
mime,0.0002054834090435,en,scrubs
awkwardness,0.0002054834090435,en,scrubs
croissant,0.0002054834090435,en,scrubs
devastation,0.0002054834090435,en,scrubs
lube,0.0002054834090435,en,scrubs
bethany,0.0002054834090435,en,scrubs
barrack,0.0002054834090435,en,scrubs
coherent,0.0002054834090435,en,scrubs
epilepsy,0.0002054834090435,en,scrubs
scuff,0.0002054834090435,en,scrubs
munchie,0.0002054834090435,en,scrubs
stabbing,0.0002054834090435,en,scrubs
forceful,0.0002054834090435,en,scrubs
hydrate,0.0002054834090435,en,scrubs
trent,0.0002054834090435,en,scrubs
intellectually,0.0002054834090435,en,scrubs
crybaby,0.0002054834090435,en,scrubs
mnh,0.0002054834090435,en,scrubs
localize,0.0002054834090435,en,scrubs
neo,0.0002054834090435,en,scrubs
chemotherapy,0.0002054834090435,en,scrubs
charmer,0.0002054834090435,en,scrubs
startling,0.0002054834090435,en,scrubs
oasis,0.0002054834090435,en,scrubs
insubordination,0.0002054834090435,en,scrubs
playoff,0.0002054834090435,en,scrubs
crunchy,0.0002054834090435,en,scrubs
gnaw,0.0002054834090435,en,scrubs
prance,0.0002054834090435,en,scrubs
kiddie,0.0002054834090435,en,scrubs
maryland,0.0002054834090435,en,scrubs
noggin,0.0002054834090435,en,scrubs
slacker,0.0002054834090435,en,scrubs
joyride,0.0002054834090435,en,scrubs
ethan,0.0002054834090435,en,scrubs
endear,0.0002054834090435,en,scrubs
moe,0.0002054834090435,en,scrubs
veto,0.0002054834090435,en,scrubs
stroller,0.0002054834090435,en,scrubs
hearty,0.0002054834090435,en,scrubs
inkling,0.0002054834090435,en,scrubs
subtlety,0.0002054834090435,en,scrubs
accomplished,0.0002054834090435,en,scrubs
deviant,0.0002054834090435,en,scrubs
adversity,0.0002054834090435,en,scrubs
shudder,0.0002054834090435,en,scrubs
bitchin,0.0002054834090435,en,scrubs
tofu,0.0002054834090435,en,scrubs
contender,0.0002054834090435,en,scrubs
alphabetically,0.0002054834090435,en,scrubs
rhode,0.0002054834090435,en,scrubs
disqualify,0.0002054834090435,en,scrubs
bangin,0.0002054834090435,en,scrubs
joyful,0.0002054834090435,en,scrubs
grumble,0.0002054834090435,en,scrubs
remover,0.0002054834090435,en,scrubs
tinker,0.0002054834090435,en,scrubs
fondness,0.0002054834090435,en,scrubs
ricochet,0.0002054834090435,en,scrubs
nosed,0.0002054834090435,en,scrubs
toodle,0.0002054834090435,en,scrubs
deb,0.0002054834090435,en,scrubs
lax,0.0002054834090435,en,scrubs
gorge,0.0002054834090435,en,scrubs
philippine,0.0002054834090435,en,scrubs
sic,0.0002054834090435,en,scrubs
stag,0.0002054834090435,en,scrubs
haste,0.0002054834090435,en,scrubs
remiss,0.0002054834090435,en,scrubs
anthrax,0.0002054834090435,en,scrubs
limited,0.0002044942730246,en,scrubs
construction,0.0002044942730246,en,scrubs
strict,0.0002044942730246,en,scrubs
polite,0.0002044942730246,en,scrubs
politic,0.0002044942730246,en,scrubs
transport,0.0002044942730246,en,scrubs
menu,0.000202756700005,en,scrubs
achieve,0.000202756700005,en,scrubs
advanced,0.000202756700005,en,scrubs
fussy,0.0002019440336047,en,scrubs
shredder,0.0002019440336047,en,scrubs
molten,0.0002019440336047,en,scrubs
arse,0.0002019440336047,en,scrubs
uninvited,0.0002019440336047,en,scrubs
legwork,0.0002019440336047,en,scrubs
miserably,0.0002019440336047,en,scrubs
wheeze,0.0002019440336047,en,scrubs
diabolical,0.0002019440336047,en,scrubs
chandelier,0.0002019440336047,en,scrubs
horde,0.0002019440336047,en,scrubs
heave,0.0002019440336047,en,scrubs
sucky,0.0002019440336047,en,scrubs
eyelash,0.0002019440336047,en,scrubs
lull,0.0002019440336047,en,scrubs
preemptive,0.0002019440336047,en,scrubs
gnome,0.0002019440336047,en,scrubs
outreach,0.0002019440336047,en,scrubs
granola,0.0002019440336047,en,scrubs
culprit,0.0002019440336047,en,scrubs
thrilling,0.0002019440336047,en,scrubs
perv,0.0002019440336047,en,scrubs
electrolyte,0.0002019440336047,en,scrubs
contingent,0.0002019440336047,en,scrubs
deja,0.0002019440336047,en,scrubs
mucho,0.0002019440336047,en,scrubs
fruitcake,0.0002019440336047,en,scrubs
cheeky,0.0002019440336047,en,scrubs
instability,0.0002019440336047,en,scrubs
propane,0.0002019440336047,en,scrubs
numbered,0.0002019440336047,en,scrubs
blindside,0.0002019440336047,en,scrubs
sible,0.0002019440336047,en,scrubs
frivolous,0.0002019440336047,en,scrubs
claudia,0.0002019440336047,en,scrubs
deejay,0.0002019440336047,en,scrubs
rad,0.0002019440336047,en,scrubs
idolize,0.0002019440336047,en,scrubs
catalyst,0.0002019440336047,en,scrubs
outraged,0.0002019440336047,en,scrubs
sanctity,0.0002019440336047,en,scrubs
escalator,0.0002019440336047,en,scrubs
mater,0.0002019440336047,en,scrubs
becky,0.0002019440336047,en,scrubs
perpetual,0.0002019440336047,en,scrubs
clarence,0.0002019440336047,en,scrubs
vcr,0.0002019440336047,en,scrubs
windpipe,0.0002019440336047,en,scrubs
asteroid,0.0002019440336047,en,scrubs
purr,0.0002019440336047,en,scrubs
pellet,0.0002019440336047,en,scrubs
retriever,0.0002019440336047,en,scrubs
hearsay,0.0002019440336047,en,scrubs
cynicism,0.0002019440336047,en,scrubs
reevaluate,0.0002019440336047,en,scrubs
unspoken,0.0002019440336047,en,scrubs
masquerade,0.0002019440336047,en,scrubs
excellence,0.0002019440336047,en,scrubs
charismatic,0.0002019440336047,en,scrubs
drivin,0.0002019440336047,en,scrubs
wearin,0.0002019440336047,en,scrubs
inaccurate,0.0002019440336047,en,scrubs
bigfoot,0.0002019440336047,en,scrubs
deuce,0.0002019440336047,en,scrubs
snug,0.0002019440336047,en,scrubs
breakin,0.0002019440336047,en,scrubs
scrapbook,0.0002019440336047,en,scrubs
arthur,0.0002019440336047,en,scrubs
ordinary,0.0002010396904625,en,scrubs
explosion,0.0002010396904625,en,scrubs
planning,0.0002010396904625,en,scrubs
stalk,0.0002010396904625,en,scrubs
loop,0.0001993427633636,en,scrubs
surveillance,0.0001993427633636,en,scrubs
immediate,0.0001993427633636,en,scrubs
foreclosure,0.0001985693411117,en,scrubs
stealing,0.0001985693411117,en,scrubs
simultaneous,0.0001985693411117,en,scrubs
thingie,0.0001985693411117,en,scrubs
hectic,0.0001985693411117,en,scrubs
outdated,0.0001985693411117,en,scrubs
slugger,0.0001985693411117,en,scrubs
medallion,0.0001985693411117,en,scrubs
pablo,0.0001985693411117,en,scrubs
upward,0.0001985693411117,en,scrubs
marvin,0.0001985693411117,en,scrubs
raffle,0.0001985693411117,en,scrubs
inherent,0.0001985693411117,en,scrubs
oops,0.0001985693411117,en,scrubs
yap,0.0001985693411117,en,scrubs
blob,0.0001985693411117,en,scrubs
adept,0.0001985693411117,en,scrubs
taboo,0.0001985693411117,en,scrubs
adolescence,0.0001985693411117,en,scrubs
persian,0.0001985693411117,en,scrubs
miller,0.0001985693411117,en,scrubs
abruptly,0.0001985693411117,en,scrubs
retaliation,0.0001985693411117,en,scrubs
warranty,0.0001985693411117,en,scrubs
overcompensate,0.0001985693411117,en,scrubs
serpent,0.0001985693411117,en,scrubs
unopened,0.0001985693411117,en,scrubs
locksmith,0.0001985693411117,en,scrubs
totem,0.0001985693411117,en,scrubs
texting,0.0001985693411117,en,scrubs
abracadabra,0.0001985693411117,en,scrubs
slump,0.0001985693411117,en,scrubs
headstone,0.0001985693411117,en,scrubs
rugby,0.0001985693411117,en,scrubs
nameless,0.0001985693411117,en,scrubs
fender,0.0001985693411117,en,scrubs
stuart,0.0001985693411117,en,scrubs
pfft,0.0001985693411117,en,scrubs
lopez,0.0001985693411117,en,scrubs
populate,0.0001985693411117,en,scrubs
sicker,0.0001985693411117,en,scrubs
hare,0.0001985693411117,en,scrubs
dab,0.0001985693411117,en,scrubs
simulator,0.0001985693411117,en,scrubs
dominance,0.0001985693411117,en,scrubs
countryside,0.0001985693411117,en,scrubs
veal,0.0001985693411117,en,scrubs
dokey,0.0001985693411117,en,scrubs
secrete,0.0001985693411117,en,scrubs
disciple,0.0001985693411117,en,scrubs
rink,0.0001985693411117,en,scrubs
prioritize,0.0001985693411117,en,scrubs
eleanor,0.0001985693411117,en,scrubs
worldly,0.0001985693411117,en,scrubs
cod,0.0001985693411117,en,scrubs
vinegar,0.0001985693411117,en,scrubs
concentrated,0.0001985693411117,en,scrubs
digestive,0.0001985693411117,en,scrubs
tweezer,0.0001985693411117,en,scrubs
surfing,0.0001985693411117,en,scrubs
hardball,0.0001985693411117,en,scrubs
meg,0.0001985693411117,en,scrubs
horsepower,0.0001985693411117,en,scrubs
sonar,0.0001985693411117,en,scrubs
startin,0.0001985693411117,en,scrubs
roomful,0.0001985693411117,en,scrubs
restoration,0.0001985693411117,en,scrubs
rue,0.0001985693411117,en,scrubs
vindictive,0.0001985693411117,en,scrubs
deposit,0.0001976654543586,en,scrubs
scientist,0.0001976654543586,en,scrubs
shortly,0.0001976654543586,en,scrubs
eliminate,0.0001960073150191,en,scrubs
delay,0.0001960073150191,en,scrubs
imagination,0.0001960073150191,en,scrubs
urgent,0.0001960073150191,en,scrubs
epinephrine,0.0001953446855006,en,scrubs
biologist,0.0001953446855006,en,scrubs
denver,0.0001953446855006,en,scrubs
gist,0.0001953446855006,en,scrubs
mite,0.0001953446855006,en,scrubs
fell,0.0001953446855006,en,scrubs
scented,0.0001953446855006,en,scrubs
passing,0.0001953446855006,en,scrubs
respiration,0.0001953446855006,en,scrubs
enzyme,0.0001953446855006,en,scrubs
colossal,0.0001953446855006,en,scrubs
publication,0.0001953446855006,en,scrubs
unholy,0.0001953446855006,en,scrubs
sod,0.0001953446855006,en,scrubs
prematurely,0.0001953446855006,en,scrubs
ther,0.0001953446855006,en,scrubs
undeniable,0.0001953446855006,en,scrubs
revolver,0.0001953446855006,en,scrubs
outcast,0.0001953446855006,en,scrubs
disfigure,0.0001953446855006,en,scrubs
platonic,0.0001953446855006,en,scrubs
wheeler,0.0001953446855006,en,scrubs
disruption,0.0001953446855006,en,scrubs
forsake,0.0001953446855006,en,scrubs
timely,0.0001953446855006,en,scrubs
yeast,0.0001953446855006,en,scrubs
pounce,0.0001953446855006,en,scrubs
trout,0.0001953446855006,en,scrubs
whining,0.0001953446855006,en,scrubs
undertake,0.0001953446855006,en,scrubs
wally,0.0001953446855006,en,scrubs
penetration,0.0001953446855006,en,scrubs
dracula,0.0001953446855006,en,scrubs
promptly,0.0001953446855006,en,scrubs
defiance,0.0001953446855006,en,scrubs
intimately,0.0001953446855006,en,scrubs
inning,0.0001953446855006,en,scrubs
alignment,0.0001953446855006,en,scrubs
progression,0.0001953446855006,en,scrubs
homie,0.0001953446855006,en,scrubs
symmetry,0.0001953446855006,en,scrubs
two,0.0001953446855006,en,scrubs
magnify,0.0001953446855006,en,scrubs
vie,0.0001953446855006,en,scrubs
profess,0.0001953446855006,en,scrubs
trumpet,0.0001953446855006,en,scrubs
restock,0.0001953446855006,en,scrubs
abrupt,0.0001953446855006,en,scrubs
veer,0.0001953446855006,en,scrubs
nifty,0.0001953446855006,en,scrubs
gangbanger,0.0001953446855006,en,scrubs
grammar,0.0001953446855006,en,scrubs
volunteering,0.0001953446855006,en,scrubs
crackle,0.0001953446855006,en,scrubs
horizontal,0.0001953446855006,en,scrubs
crocodile,0.0001953446855006,en,scrubs
fucking,0.0001953446855006,en,scrubs
entourage,0.0001953446855006,en,scrubs
flutter,0.0001953446855006,en,scrubs
sle,0.0001953446855006,en,scrubs
conundrum,0.0001953446855006,en,scrubs
comprende,0.0001953446855006,en,scrubs
pollen,0.0001953446855006,en,scrubs
baptize,0.0001953446855006,en,scrubs
thi,0.0001953446855006,en,scrubs
youthful,0.0001953446855006,en,scrubs
hugger,0.0001953446855006,en,scrubs
tijuana,0.0001953446855006,en,scrubs
nutrition,0.0001953446855006,en,scrubs
shabby,0.0001953446855006,en,scrubs
cactus,0.0001953446855006,en,scrubs
strategy,0.0001943679121182,en,scrubs
critical,0.0001943679121182,en,scrubs
tragic,0.0001927468269515,en,scrubs
territory,0.0001927468269515,en,scrubs
flatter,0.0001927468269515,en,scrubs
confession,0.0001927468269515,en,scrubs
teenager,0.0001927468269515,en,scrubs
fallen,0.0001922572916267,en,scrubs
shiv,0.0001922572916267,en,scrubs
impending,0.0001922572916267,en,scrubs
fightin,0.0001922572916267,en,scrubs
whimpering,0.0001922572916267,en,scrubs
informed,0.0001922572916267,en,scrubs
tux,0.0001922572916267,en,scrubs
dud,0.0001922572916267,en,scrubs
aspiration,0.0001922572916267,en,scrubs
robbin,0.0001922572916267,en,scrubs
rejoin,0.0001922572916267,en,scrubs
cupid,0.0001922572916267,en,scrubs
reassuring,0.0001922572916267,en,scrubs
plaid,0.0001922572916267,en,scrubs
wavelength,0.0001922572916267,en,scrubs
melinda,0.0001922572916267,en,scrubs
meredith,0.0001922572916267,en,scrubs
nightcap,0.0001922572916267,en,scrubs
dang,0.0001922572916267,en,scrubs
benefactor,0.0001922572916267,en,scrubs
partie,0.0001922572916267,en,scrubs
panicked,0.0001922572916267,en,scrubs
relaxation,0.0001922572916267,en,scrubs
weary,0.0001922572916267,en,scrubs
intricate,0.0001922572916267,en,scrubs
drilling,0.0001922572916267,en,scrubs
sawyer,0.0001922572916267,en,scrubs
reappear,0.0001922572916267,en,scrubs
clubhouse,0.0001922572916267,en,scrubs
wrapping,0.0001922572916267,en,scrubs
inspiring,0.0001922572916267,en,scrubs
irregularity,0.0001922572916267,en,scrubs
witchcraft,0.0001922572916267,en,scrubs
cadillac,0.0001922572916267,en,scrubs
truckload,0.0001922572916267,en,scrubs
seth,0.0001922572916267,en,scrubs
destroyer,0.0001922572916267,en,scrubs
unbreakable,0.0001922572916267,en,scrubs
giraffe,0.0001922572916267,en,scrubs
blip,0.0001922572916267,en,scrubs
rigid,0.0001922572916267,en,scrubs
motivational,0.0001922572916267,en,scrubs
united,0.0001922572916267,en,scrubs
hemisphere,0.0001922572916267,en,scrubs
blocker,0.0001922572916267,en,scrubs
interim,0.0001922572916267,en,scrubs
encyclopedia,0.0001922572916267,en,scrubs
handing,0.0001922572916267,en,scrubs
fiasco,0.0001922572916267,en,scrubs
bea,0.0001922572916267,en,scrubs
scarecrow,0.0001922572916267,en,scrubs
saucer,0.0001922572916267,en,scrubs
notoriously,0.0001922572916267,en,scrubs
standpoint,0.0001922572916267,en,scrubs
asbestos,0.0001922572916267,en,scrubs
remainder,0.0001922572916267,en,scrubs
sparkly,0.0001922572916267,en,scrubs
antibody,0.0001922572916267,en,scrubs
ditto,0.0001922572916267,en,scrubs
proactive,0.0001922572916267,en,scrubs
imbalance,0.0001922572916267,en,scrubs
discontinue,0.0001922572916267,en,scrubs
projector,0.0001922572916267,en,scrubs
playtime,0.0001922572916267,en,scrubs
subside,0.0001922572916267,en,scrubs
dipping,0.0001922572916267,en,scrubs
lackey,0.0001922572916267,en,scrubs
covet,0.0001922572916267,en,scrubs
subscribe,0.0001922572916267,en,scrubs
suitor,0.0001922572916267,en,scrubs
dictator,0.0001922572916267,en,scrubs
hoist,0.0001922572916267,en,scrubs
proxy,0.0001922572916267,en,scrubs
entry,0.0001911436546947,en,scrubs
million,0.0001911436546947,en,scrubs
library,0.0001895580037968,en,scrubs
escort,0.0001895580037968,en,scrubs
influence,0.0001895580037968,en,scrubs
debt,0.0001895580037968,en,scrubs
unique,0.0001895580037968,en,scrubs
task,0.0001895580037968,en,scrubs
carotid,0.000189295949577,en,scrubs
ply,0.000189295949577,en,scrubs
doghouse,0.000189295949577,en,scrubs
enjoyable,0.000189295949577,en,scrubs
coordination,0.000189295949577,en,scrubs
danish,0.000189295949577,en,scrubs
eta,0.000189295949577,en,scrubs
manic,0.000189295949577,en,scrubs
marilyn,0.000189295949577,en,scrubs
gooder,0.000189295949577,en,scrubs
mushy,0.000189295949577,en,scrubs
stimulation,0.000189295949577,en,scrubs
met,0.000189295949577,en,scrubs
radiator,0.000189295949577,en,scrubs
nomination,0.000189295949577,en,scrubs
elm,0.000189295949577,en,scrubs
righ,0.000189295949577,en,scrubs
pedophile,0.000189295949577,en,scrubs
benny,0.000189295949577,en,scrubs
hazardous,0.000189295949577,en,scrubs
unmarried,0.000189295949577,en,scrubs
bide,0.000189295949577,en,scrubs
heartfelt,0.000189295949577,en,scrubs
pulitzer,0.000189295949577,en,scrubs
tavern,0.000189295949577,en,scrubs
renowned,0.000189295949577,en,scrubs
awakening,0.000189295949577,en,scrubs
dimple,0.000189295949577,en,scrubs
ruffle,0.000189295949577,en,scrubs
clingy,0.000189295949577,en,scrubs
dakota,0.000189295949577,en,scrubs
overweight,0.000189295949577,en,scrubs
bacterial,0.000189295949577,en,scrubs
seldom,0.000189295949577,en,scrubs
affliction,0.000189295949577,en,scrubs
lucke,0.000189295949577,en,scrubs
spinach,0.000189295949577,en,scrubs
godspeed,0.000189295949577,en,scrubs
fruity,0.000189295949577,en,scrubs
ludicrous,0.000189295949577,en,scrubs
violet,0.000189295949577,en,scrubs
phenomenal,0.000189295949577,en,scrubs
repulse,0.000189295949577,en,scrubs
thermometer,0.000189295949577,en,scrubs
onstage,0.000189295949577,en,scrubs
imagery,0.000189295949577,en,scrubs
professionalism,0.000189295949577,en,scrubs
keepin,0.000189295949577,en,scrubs
workload,0.000189295949577,en,scrubs
equity,0.000189295949577,en,scrubs
padre,0.000189295949577,en,scrubs
spinning,0.000189295949577,en,scrubs
invert,0.000189295949577,en,scrubs
han,0.000189295949577,en,scrubs
askin,0.000189295949577,en,scrubs
dominant,0.000189295949577,en,scrubs
ingenious,0.000189295949577,en,scrubs
shuck,0.000189295949577,en,scrubs
figment,0.000189295949577,en,scrubs
muzzle,0.000189295949577,en,scrubs
humidity,0.000189295949577,en,scrubs
forte,0.000189295949577,en,scrubs
merger,0.000189295949577,en,scrubs
pda,0.000189295949577,en,scrubs
frisbee,0.000189295949577,en,scrubs
beetle,0.000189295949577,en,scrubs
faceless,0.000189295949577,en,scrubs
screwup,0.000189295949577,en,scrubs
brilliantly,0.000189295949577,en,scrubs
recount,0.000189295949577,en,scrubs
porcelain,0.000189295949577,en,scrubs
mumbo,0.000189295949577,en,scrubs
trashy,0.000189295949577,en,scrubs
rivet,0.000189295949577,en,scrubs
damon,0.000189295949577,en,scrubs
extend,0.0001879894954065,en,scrubs
loyalty,0.0001879894954065,en,scrubs
height,0.0001879894954065,en,scrubs
instruction,0.0001879894954065,en,scrubs
trademark,0.0001864507689716,en,scrubs
widely,0.0001864507689716,en,scrubs
schoolwork,0.0001864507689716,en,scrubs
degradation,0.0001864507689716,en,scrubs
electrician,0.0001864507689716,en,scrubs
criterion,0.0001864507689716,en,scrubs
philosophical,0.0001864507689716,en,scrubs
earful,0.0001864507689716,en,scrubs
mannequin,0.0001864507689716,en,scrubs
cellmate,0.0001864507689716,en,scrubs
rearview,0.0001864507689716,en,scrubs
moose,0.0001864507689716,en,scrubs
projectile,0.0001864507689716,en,scrubs
limbo,0.0001864507689716,en,scrubs
paula,0.0001864507689716,en,scrubs
physiology,0.0001864507689716,en,scrubs
autistic,0.0001864507689716,en,scrubs
outright,0.0001864507689716,en,scrubs
insomnia,0.0001864507689716,en,scrubs
boutique,0.0001864507689716,en,scrubs
commend,0.0001864507689716,en,scrubs
newcomer,0.0001864507689716,en,scrubs
chopstick,0.0001864507689716,en,scrubs
vandalize,0.0001864507689716,en,scrubs
wishful,0.0001864507689716,en,scrubs
sunburn,0.0001864507689716,en,scrubs
corporal,0.0001864507689716,en,scrubs
bureaucracy,0.0001864507689716,en,scrubs
tedious,0.0001864507689716,en,scrubs
bernard,0.0001864507689716,en,scrubs
granite,0.0001864507689716,en,scrubs
semen,0.0001864507689716,en,scrubs
eavesdrop,0.0001864507689716,en,scrubs
turkish,0.0001864507689716,en,scrubs
optimist,0.0001864507689716,en,scrubs
violently,0.0001864507689716,en,scrubs
adamant,0.0001864507689716,en,scrubs
mogul,0.0001864507689716,en,scrubs
repaint,0.0001864507689716,en,scrubs
embryo,0.0001864507689716,en,scrubs
giver,0.0001864507689716,en,scrubs
manageable,0.0001864507689716,en,scrubs
grievance,0.0001864507689716,en,scrubs
niner,0.0001864507689716,en,scrubs
cyanide,0.0001864507689716,en,scrubs
proverbial,0.0001864507689716,en,scrubs
tuxedo,0.0001864507689716,en,scrubs
bonfire,0.0001864507689716,en,scrubs
fanny,0.0001864507689716,en,scrubs
colonial,0.0001864507689716,en,scrubs
reindeer,0.0001864507689716,en,scrubs
grapefruit,0.0001864507689716,en,scrubs
fright,0.0001864507689716,en,scrubs
overestimate,0.0001864507689716,en,scrubs
petite,0.0001864507689716,en,scrubs
relocation,0.0001864507689716,en,scrubs
nugget,0.0001864507689716,en,scrubs
coincidental,0.0001864507689716,en,scrubs
adrift,0.0001864507689716,en,scrubs
sharon,0.0001864507689716,en,scrubs
fertilize,0.0001864507689716,en,scrubs
jitter,0.0001864507689716,en,scrubs
fisher,0.0001864507689716,en,scrubs
stimulus,0.0001864507689716,en,scrubs
suggestion,0.0001864377628287,en,scrubs
previously,0.0001864377628287,en,scrubs
sin,0.0001849024510094,en,scrubs
flame,0.0001849024510094,en,scrubs
generous,0.0001849024510094,en,scrubs
deathbed,0.0001837129796612,en,scrubs
drinkin,0.0001837129796612,en,scrubs
columbus,0.0001837129796612,en,scrubs
firecracker,0.0001837129796612,en,scrubs
bleacher,0.0001837129796612,en,scrubs
decapitate,0.0001837129796612,en,scrubs
nibble,0.0001837129796612,en,scrubs
beatle,0.0001837129796612,en,scrubs
mornin,0.0001837129796612,en,scrubs
seep,0.0001837129796612,en,scrubs
taser,0.0001837129796612,en,scrubs
derail,0.0001837129796612,en,scrubs
nagging,0.0001837129796612,en,scrubs
commonly,0.0001837129796612,en,scrubs
rift,0.0001837129796612,en,scrubs
looky,0.0001837129796612,en,scrubs
glamour,0.0001837129796612,en,scrubs
faux,0.0001837129796612,en,scrubs
hock,0.0001837129796612,en,scrubs
responsive,0.0001837129796612,en,scrubs
mileage,0.0001837129796612,en,scrubs
spanking,0.0001837129796612,en,scrubs
smudge,0.0001837129796612,en,scrubs
surfer,0.0001837129796612,en,scrubs
pseudo,0.0001837129796612,en,scrubs
bloke,0.0001837129796612,en,scrubs
veterinarian,0.0001837129796612,en,scrubs
mutilate,0.0001837129796612,en,scrubs
foresee,0.0001837129796612,en,scrubs
involuntary,0.0001837129796612,en,scrubs
photographic,0.0001837129796612,en,scrubs
stylish,0.0001837129796612,en,scrubs
banquet,0.0001837129796612,en,scrubs
mon,0.0001837129796612,en,scrubs
lawrence,0.0001837129796612,en,scrubs
quirk,0.0001837129796612,en,scrubs
autumn,0.0001837129796612,en,scrubs
circular,0.0001837129796612,en,scrubs
willingness,0.0001837129796612,en,scrubs
hater,0.0001837129796612,en,scrubs
mashed,0.0001837129796612,en,scrubs
melodramatic,0.0001837129796612,en,scrubs
cathedral,0.0001837129796612,en,scrubs
thump,0.0001837129796612,en,scrubs
masculine,0.0001837129796612,en,scrubs
shank,0.0001837129796612,en,scrubs
fle,0.0001837129796612,en,scrubs
invader,0.0001837129796612,en,scrubs
woe,0.0001837129796612,en,scrubs
flour,0.0001837129796612,en,scrubs
pox,0.0001837129796612,en,scrubs
monday,0.0001837129796612,en,scrubs
commemorate,0.0001837129796612,en,scrubs
strive,0.0001837129796612,en,scrubs
collection,0.0001833832160491,en,scrubs
copycat,0.0001810747686869,en,scrubs
jule,0.0001810747686869,en,scrubs
usher,0.0001810747686869,en,scrubs
amazon,0.0001810747686869,en,scrubs
cuisine,0.0001810747686869,en,scrubs
mojito,0.0001810747686869,en,scrubs
threatening,0.0001810747686869,en,scrubs
tre,0.0001810747686869,en,scrubs
madly,0.0001810747686869,en,scrubs
hardy,0.0001810747686869,en,scrubs
mitzvah,0.0001810747686869,en,scrubs
repressed,0.0001810747686869,en,scrubs
wade,0.0001810747686869,en,scrubs
manicure,0.0001810747686869,en,scrubs
contradict,0.0001810747686869,en,scrubs
carpenter,0.0001810747686869,en,scrubs
citation,0.0001810747686869,en,scrubs
gutte,0.0001810747686869,en,scrubs
aggressively,0.0001810747686869,en,scrubs
grail,0.0001810747686869,en,scrubs
def,0.0001810747686869,en,scrubs
incorrect,0.0001810747686869,en,scrubs
aquarium,0.0001810747686869,en,scrubs
contamination,0.0001810747686869,en,scrubs
harmful,0.0001810747686869,en,scrubs
gem,0.0001810747686869,en,scrubs
shorten,0.0001810747686869,en,scrubs
sear,0.0001810747686869,en,scrubs
intimidation,0.0001810747686869,en,scrubs
vegan,0.0001810747686869,en,scrubs
bridal,0.0001810747686869,en,scrubs
exterminator,0.0001810747686869,en,scrubs
stooge,0.0001810747686869,en,scrubs
laceration,0.0001810747686869,en,scrubs
voila,0.0001810747686869,en,scrubs
animate,0.0001810747686869,en,scrubs
nostalgia,0.0001810747686869,en,scrubs
fertilizer,0.0001810747686869,en,scrubs
mayhem,0.0001810747686869,en,scrubs
wildlife,0.0001810747686869,en,scrubs
flaunt,0.0001810747686869,en,scrubs
spar,0.0001810747686869,en,scrubs
ight,0.0001810747686869,en,scrubs
opt,0.0001810747686869,en,scrubs
media,0.0001810747686869,en,scrubs
sarge,0.0001810747686869,en,scrubs
riddance,0.0001810747686869,en,scrubs
spirited,0.0001810747686869,en,scrubs
beginner,0.0001810747686869,en,scrubs
appreciated,0.0001810747686869,en,scrubs
binder,0.0001810747686869,en,scrubs
meyer,0.0001810747686869,en,scrubs
relinquish,0.0001810747686869,en,scrubs
obstruct,0.0001810747686869,en,scrubs
sulk,0.0001810747686869,en,scrubs
intolerant,0.0001810747686869,en,scrubs
workaholic,0.0001810747686869,en,scrubs
caveman,0.0001810747686869,en,scrubs
piggyback,0.0001810747686869,en,scrubs
villager,0.0001810747686869,en,scrubs
chimp,0.0001810747686869,en,scrubs
sleazy,0.0001810747686869,en,scrubs
incarcerate,0.0001810747686869,en,scrubs
freebie,0.0001810747686869,en,scrubs
national,0.0001803916541253,en,scrubs
admire,0.0001803916541253,en,scrubs
homework,0.0001803916541253,en,scrubs
experiment,0.0001803916541253,en,scrubs
log,0.0001789186910879,en,scrubs
meaning,0.0001789186910879,en,scrubs
beauty,0.0001789186910879,en,scrubs
military,0.0001789186910879,en,scrubs
snappy,0.0001785291458637,en,scrubs
pinky,0.0001785291458637,en,scrubs
candid,0.0001785291458637,en,scrubs
odor,0.0001785291458637,en,scrubs
slum,0.0001785291458637,en,scrubs
displace,0.0001785291458637,en,scrubs
leisure,0.0001785291458637,en,scrubs
outdoor,0.0001785291458637,en,scrubs
crayon,0.0001785291458637,en,scrubs
diss,0.0001785291458637,en,scrubs
chromosome,0.0001785291458637,en,scrubs
skunk,0.0001785291458637,en,scrubs
treaty,0.0001785291458637,en,scrubs
infuse,0.0001785291458637,en,scrubs
mit,0.0001785291458637,en,scrubs
asshole,0.0001785291458637,en,scrubs
bermuda,0.0001785291458637,en,scrubs
pathway,0.0001785291458637,en,scrubs
sewing,0.0001785291458637,en,scrubs
technicality,0.0001785291458637,en,scrubs
caribbean,0.0001785291458637,en,scrubs
bloodbath,0.0001785291458637,en,scrubs
drummer,0.0001785291458637,en,scrubs
voter,0.0001785291458637,en,scrubs
breather,0.0001785291458637,en,scrubs
brainer,0.0001785291458637,en,scrubs
courtyard,0.0001785291458637,en,scrubs
gospel,0.0001785291458637,en,scrubs
conquest,0.0001785291458637,en,scrubs
infamous,0.0001785291458637,en,scrubs
communion,0.0001785291458637,en,scrubs
consultation,0.0001785291458637,en,scrubs
parting,0.0001785291458637,en,scrubs
cockpit,0.0001785291458637,en,scrubs
christmas,0.0001785291458637,en,scrubs
graceful,0.0001785291458637,en,scrubs
cedar,0.0001785291458637,en,scrubs
unwind,0.0001785291458637,en,scrubs
crock,0.0001785291458637,en,scrubs
centimeter,0.0001785291458637,en,scrubs
trimester,0.0001785291458637,en,scrubs
obituary,0.0001785291458637,en,scrubs
foe,0.0001785291458637,en,scrubs
unfold,0.0001785291458637,en,scrubs
reinvent,0.0001785291458637,en,scrubs
chirp,0.0001785291458637,en,scrubs
uncertainty,0.0001785291458637,en,scrubs
checkmate,0.0001785291458637,en,scrubs
vat,0.0001785291458637,en,scrubs
incarceration,0.0001785291458637,en,scrubs
swsub,0.0001785291458637,en,scrubs
comp,0.0001785291458637,en,scrubs
hometown,0.0001785291458637,en,scrubs
intercom,0.0001785291458637,en,scrubs
deduction,0.0001785291458637,en,scrubs
rile,0.0001785291458637,en,scrubs
fringe,0.0001785291458637,en,scrubs
weirdness,0.0001785291458637,en,scrubs
sporting,0.0001785291458637,en,scrubs
mourning,0.0001785291458637,en,scrubs
negotiable,0.0001785291458637,en,scrubs
indigenous,0.0001760698321602,en,scrubs
obsolete,0.0001760698321602,en,scrubs
foreigner,0.0001760698321602,en,scrubs
redundant,0.0001760698321602,en,scrubs
pore,0.0001760698321602,en,scrubs
relapse,0.0001760698321602,en,scrubs
downright,0.0001760698321602,en,scrubs
nosy,0.0001760698321602,en,scrubs
cliche,0.0001760698321602,en,scrubs
incline,0.0001760698321602,en,scrubs
flashy,0.0001760698321602,en,scrubs
listing,0.0001760698321602,en,scrubs
shelly,0.0001760698321602,en,scrubs
tit,0.0001760698321602,en,scrubs
claus,0.0001760698321602,en,scrubs
dreamer,0.0001760698321602,en,scrubs
ballroom,0.0001760698321602,en,scrubs
overstep,0.0001760698321602,en,scrubs
pompous,0.0001760698321602,en,scrubs
brandy,0.0001760698321602,en,scrubs
seduction,0.0001760698321602,en,scrubs
nightfall,0.0001760698321602,en,scrubs
finder,0.0001760698321602,en,scrubs
reconstruct,0.0001760698321602,en,scrubs
quota,0.0001760698321602,en,scrubs
torso,0.0001760698321602,en,scrubs
zen,0.0001760698321602,en,scrubs
cobra,0.0001760698321602,en,scrubs
compatible,0.0001760698321602,en,scrubs
wildly,0.0001760698321602,en,scrubs
dehydration,0.0001760698321602,en,scrubs
measurement,0.0001760698321602,en,scrubs
slumber,0.0001760698321602,en,scrubs
muscular,0.0001760698321602,en,scrubs
asse,0.0001760698321602,en,scrubs
calcium,0.0001760698321602,en,scrubs
festive,0.0001760698321602,en,scrubs
symbolize,0.0001760698321602,en,scrubs
unsafe,0.0001760698321602,en,scrubs
judgement,0.0001760698321602,en,scrubs
poodle,0.0001760698321602,en,scrubs
organism,0.0001760698321602,en,scrubs
falsely,0.0001760698321602,en,scrubs
pressing,0.0001760698321602,en,scrubs
concede,0.0001760698321602,en,scrubs
newfound,0.0001760698321602,en,scrubs
circulate,0.0001760698321602,en,scrubs
sonny,0.0001760698321602,en,scrubs
transformer,0.0001760698321602,en,scrubs
thompson,0.0001760698321602,en,scrubs
capsule,0.0001760698321602,en,scrubs
nicer,0.0001760698321602,en,scrubs
formidable,0.0001760698321602,en,scrubs
superstitious,0.0001760698321602,en,scrubs
map,0.000176016882098,en,scrubs
justice,0.000176016882098,en,scrubs
judgment,0.000176016882098,en,scrubs
progress,0.000174587455629,en,scrubs
beautifully,0.0001736911663877,en,scrubs
plow,0.0001736911663877,en,scrubs
naval,0.0001736911663877,en,scrubs
picky,0.0001736911663877,en,scrubs
booking,0.0001736911663877,en,scrubs
herbal,0.0001736911663877,en,scrubs
merciful,0.0001736911663877,en,scrubs
rake,0.0001736911663877,en,scrubs
adversary,0.0001736911663877,en,scrubs
commute,0.0001736911663877,en,scrubs
baffle,0.0001736911663877,en,scrubs
dizziness,0.0001736911663877,en,scrubs
arsenal,0.0001736911663877,en,scrubs
sophie,0.0001736911663877,en,scrubs
comatose,0.0001736911663877,en,scrubs
shag,0.0001736911663877,en,scrubs
dislocate,0.0001736911663877,en,scrubs
stammer,0.0001736911663877,en,scrubs
narc,0.0001736911663877,en,scrubs
indicator,0.0001736911663877,en,scrubs
popularity,0.0001736911663877,en,scrubs
loom,0.0001736911663877,en,scrubs
piggy,0.0001736911663877,en,scrubs
pitiful,0.0001736911663877,en,scrubs
hotline,0.0001736911663877,en,scrubs
hypothermia,0.0001736911663877,en,scrubs
latino,0.0001736911663877,en,scrubs
emit,0.0001736911663877,en,scrubs
timmy,0.0001736911663877,en,scrubs
chord,0.0001736911663877,en,scrubs
trouser,0.0001736911663877,en,scrubs
loophole,0.0001736911663877,en,scrubs
hatchet,0.0001736911663877,en,scrubs
sittin,0.0001736911663877,en,scrubs
sodium,0.0001736911663877,en,scrubs
warp,0.0001736911663877,en,scrubs
remarry,0.0001736911663877,en,scrubs
exhaustion,0.0001736911663877,en,scrubs
adjacent,0.0001736911663877,en,scrubs
pretense,0.0001736911663877,en,scrubs
atomic,0.0001736911663877,en,scrubs
brood,0.0001736911663877,en,scrubs
betcha,0.0001736911663877,en,scrubs
emperor,0.0001736911663877,en,scrubs
poppin,0.0001736911663877,en,scrubs
correspond,0.0001736911663877,en,scrubs
goo,0.0001736911663877,en,scrubs
termination,0.0001736911663877,en,scrubs
vacate,0.0001736911663877,en,scrubs
huddle,0.0001736911663877,en,scrubs
sander,0.0001736911663877,en,scrubs
enhancement,0.0001736911663877,en,scrubs
okey,0.0001736911663877,en,scrubs
applicant,0.0001736911663877,en,scrubs
posture,0.0001736911663877,en,scrubs
etiquette,0.0001736911663877,en,scrubs
wither,0.0001736911663877,en,scrubs
recreational,0.0001736911663877,en,scrubs
indestructible,0.0001736911663877,en,scrubs
subdue,0.0001736911663877,en,scrubs
intend,0.0001717701707388,en,scrubs
pong,0.000171388026709,en,scrubs
morale,0.000171388026709,en,scrubs
developer,0.000171388026709,en,scrubs
devious,0.000171388026709,en,scrubs
acquisition,0.000171388026709,en,scrubs
cameron,0.000171388026709,en,scrubs
inventor,0.000171388026709,en,scrubs
holster,0.000171388026709,en,scrubs
palate,0.000171388026709,en,scrubs
banging,0.000171388026709,en,scrubs
restriction,0.000171388026709,en,scrubs
mist,0.000171388026709,en,scrubs
howard,0.000171388026709,en,scrubs
susceptible,0.000171388026709,en,scrubs
wallpaper,0.000171388026709,en,scrubs
olivia,0.000171388026709,en,scrubs
shameful,0.000171388026709,en,scrubs
marvel,0.000171388026709,en,scrubs
hunk,0.000171388026709,en,scrubs
outgoing,0.000171388026709,en,scrubs
slavery,0.000171388026709,en,scrubs
creator,0.000171388026709,en,scrubs
finished,0.000171388026709,en,scrubs
disc,0.000171388026709,en,scrubs
sprinkler,0.000171388026709,en,scrubs
despicable,0.000171388026709,en,scrubs
indistinct,0.000171388026709,en,scrubs
advancement,0.000171388026709,en,scrubs
scorch,0.000171388026709,en,scrubs
abomination,0.000171388026709,en,scrubs
rephrase,0.000171388026709,en,scrubs
concur,0.000171388026709,en,scrubs
deteriorate,0.000171388026709,en,scrubs
nate,0.000171388026709,en,scrubs
rivalry,0.000171388026709,en,scrubs
meddle,0.000171388026709,en,scrubs
chitchat,0.000171388026709,en,scrubs
takeoff,0.000171388026709,en,scrubs
third,0.000171388026709,en,scrubs
gourmet,0.000171388026709,en,scrubs
thursday,0.000171388026709,en,scrubs
chimney,0.000171388026709,en,scrubs
molecular,0.000171388026709,en,scrubs
tock,0.000171388026709,en,scrubs
upstate,0.000171388026709,en,scrubs
slab,0.000171388026709,en,scrubs
surgically,0.000171388026709,en,scrubs
sturdy,0.000171388026709,en,scrubs
firmly,0.000171388026709,en,scrubs
karate,0.000171388026709,en,scrubs
repulsive,0.000171388026709,en,scrubs
lively,0.000171388026709,en,scrubs
dimensional,0.000171388026709,en,scrubs
disapprove,0.000171388026709,en,scrubs
sewage,0.000171388026709,en,scrubs
ramble,0.000171388026709,en,scrubs
occupation,0.000171388026709,en,scrubs
mediocre,0.000171388026709,en,scrubs
vandalism,0.000171388026709,en,scrubs
outrun,0.000171388026709,en,scrubs
manifestation,0.000171388026709,en,scrubs
simulate,0.000171388026709,en,scrubs
location,0.0001703817810719,en,scrubs
testament,0.0001691557642284,en,scrubs
volatile,0.0001691557642284,en,scrubs
florence,0.0001691557642284,en,scrubs
patriot,0.0001691557642284,en,scrubs
cholesterol,0.0001691557642284,en,scrubs
furnace,0.0001691557642284,en,scrubs
elementary,0.0001691557642284,en,scrubs
bouquet,0.0001691557642284,en,scrubs
congressman,0.0001691557642284,en,scrubs
progressive,0.0001691557642284,en,scrubs
afloat,0.0001691557642284,en,scrubs
kathy,0.0001691557642284,en,scrubs
peculiar,0.0001691557642284,en,scrubs
oughta,0.0001691557642284,en,scrubs
forthcoming,0.0001691557642284,en,scrubs
sleepover,0.0001691557642284,en,scrubs
gadget,0.0001691557642284,en,scrubs
beaver,0.0001691557642284,en,scrubs
behavioral,0.0001691557642284,en,scrubs
statute,0.0001691557642284,en,scrubs
plummet,0.0001691557642284,en,scrubs
stocking,0.0001691557642284,en,scrubs
ness,0.0001691557642284,en,scrubs
outrage,0.0001691557642284,en,scrubs
slur,0.0001691557642284,en,scrubs
pesky,0.0001691557642284,en,scrubs
dying,0.0001691557642284,en,scrubs
senseless,0.0001691557642284,en,scrubs
mag,0.0001691557642284,en,scrubs
forearm,0.0001691557642284,en,scrubs
untimely,0.0001691557642284,en,scrubs
meatball,0.0001691557642284,en,scrubs
wacky,0.0001691557642284,en,scrubs
wad,0.0001691557642284,en,scrubs
doze,0.0001691557642284,en,scrubs
maggot,0.0001691557642284,en,scrubs
starbuck,0.0001691557642284,en,scrubs
tenure,0.0001691557642284,en,scrubs
submarine,0.0001691557642284,en,scrubs
waterfall,0.0001691557642284,en,scrubs
sweatshirt,0.0001691557642284,en,scrubs
whiff,0.0001691557642284,en,scrubs
occupational,0.0001691557642284,en,scrubs
unprecedented,0.0001691557642284,en,scrubs
drank,0.0001691557642284,en,scrubs
speedy,0.0001691557642284,en,scrubs
link,0.0001676442354599,en,scrubs
persona,0.0001669901464989,en,scrubs
preposterous,0.0001669901464989,en,scrubs
polar,0.0001669901464989,en,scrubs
mace,0.0001669901464989,en,scrubs
momentarily,0.0001669901464989,en,scrubs
preview,0.0001669901464989,en,scrubs
sexuality,0.0001669901464989,en,scrubs
superpower,0.0001669901464989,en,scrubs
comrade,0.0001669901464989,en,scrubs
racing,0.0001669901464989,en,scrubs
payoff,0.0001669901464989,en,scrubs
index,0.0001669901464989,en,scrubs
haunted,0.0001669901464989,en,scrubs
fungus,0.0001669901464989,en,scrubs
plum,0.0001669901464989,en,scrubs
philly,0.0001669901464989,en,scrubs
merge,0.0001669901464989,en,scrubs
visionary,0.0001669901464989,en,scrubs
foil,0.0001669901464989,en,scrubs
prettiest,0.0001669901464989,en,scrubs
vocabulary,0.0001669901464989,en,scrubs
renovation,0.0001669901464989,en,scrubs
tractor,0.0001669901464989,en,scrubs
lobe,0.0001669901464989,en,scrubs
seating,0.0001669901464989,en,scrubs
imprint,0.0001669901464989,en,scrubs
coulda,0.0001669901464989,en,scrubs
washer,0.0001669901464989,en,scrubs
openly,0.0001669901464989,en,scrubs
raiser,0.0001669901464989,en,scrubs
heirloom,0.0001669901464989,en,scrubs
tornado,0.0001669901464989,en,scrubs
marital,0.0001669901464989,en,scrubs
checkup,0.0001669901464989,en,scrubs
rubble,0.0001669901464989,en,scrubs
compensation,0.0001669901464989,en,scrubs
freight,0.0001669901464989,en,scrubs
alumnus,0.0001669901464989,en,scrubs
whew,0.0001669901464989,en,scrubs
alimony,0.0001669901464989,en,scrubs
layout,0.0001669901464989,en,scrubs
going,0.0001669901464989,en,scrubs
stoke,0.0001669901464989,en,scrubs
renaissance,0.0001669901464989,en,scrubs
invoice,0.0001669901464989,en,scrubs
galaxy,0.0001669901464989,en,scrubs
hooked,0.0001669901464989,en,scrubs
mingle,0.0001669901464989,en,scrubs
salty,0.0001669901464989,en,scrubs
believable,0.0001669901464989,en,scrubs
corny,0.0001669901464989,en,scrubs
surrogate,0.0001669901464989,en,scrubs
icy,0.0001669901464989,en,scrubs
catcher,0.0001669901464989,en,scrubs
criminal,0.0001662945921179,en,scrubs
north,0.0001662945921179,en,scrubs
defend,0.0001662945921179,en,scrubs
joan,0.0001648873092204,en,scrubs
definitive,0.0001648873092204,en,scrubs
optic,0.0001648873092204,en,scrubs
runnin,0.0001648873092204,en,scrubs
furry,0.0001648873092204,en,scrubs
vulnerability,0.0001648873092204,en,scrubs
avert,0.0001648873092204,en,scrubs
seatbelt,0.0001648873092204,en,scrubs
ripple,0.0001648873092204,en,scrubs
tango,0.0001648873092204,en,scrubs
solitude,0.0001648873092204,en,scrubs
intentional,0.0001648873092204,en,scrubs
calorie,0.0001648873092204,en,scrubs
boredom,0.0001648873092204,en,scrubs
enrol,0.0001648873092204,en,scrubs
grim,0.0001648873092204,en,scrubs
louise,0.0001648873092204,en,scrubs
outgrow,0.0001648873092204,en,scrubs
spectacle,0.0001648873092204,en,scrubs
bookie,0.0001648873092204,en,scrubs
brutally,0.0001648873092204,en,scrubs
constitute,0.0001648873092204,en,scrubs
habitat,0.0001648873092204,en,scrubs
raspberry,0.0001648873092204,en,scrubs
tobacco,0.0001648873092204,en,scrubs
bravery,0.0001648873092204,en,scrubs
fascinate,0.0001648873092204,en,scrubs
dub,0.0001648873092204,en,scrubs
havoc,0.0001648873092204,en,scrubs
initiation,0.0001648873092204,en,scrubs
sift,0.0001648873092204,en,scrubs
graze,0.0001648873092204,en,scrubs
front,0.0001648873092204,en,scrubs
redecorate,0.0001648873092204,en,scrubs
ploy,0.0001648873092204,en,scrubs
cork,0.0001648873092204,en,scrubs
biker,0.0001648873092204,en,scrubs
advertising,0.0001648873092204,en,scrubs
voluntarily,0.0001648873092204,en,scrubs
lineup,0.0001648873092204,en,scrubs
stunned,0.0001648873092204,en,scrubs
south,0.0001636323960859,en,scrubs
awaken,0.0001628437147434,en,scrubs
drastic,0.0001628437147434,en,scrubs
epidemic,0.0001628437147434,en,scrubs
bearer,0.0001628437147434,en,scrubs
tabloid,0.0001628437147434,en,scrubs
baker,0.0001628437147434,en,scrubs
hardcore,0.0001628437147434,en,scrubs
recur,0.0001628437147434,en,scrubs
clockwork,0.0001628437147434,en,scrubs
lizard,0.0001628437147434,en,scrubs
machinery,0.0001628437147434,en,scrubs
muck,0.0001628437147434,en,scrubs
invaluable,0.0001628437147434,en,scrubs
teller,0.0001628437147434,en,scrubs
housekeeping,0.0001628437147434,en,scrubs
reconcile,0.0001628437147434,en,scrubs
fang,0.0001628437147434,en,scrubs
ignition,0.0001628437147434,en,scrubs
divert,0.0001628437147434,en,scrubs
vincent,0.0001628437147434,en,scrubs
voil,0.0001628437147434,en,scrubs
aka,0.0001628437147434,en,scrubs
canal,0.0001628437147434,en,scrubs
sundown,0.0001628437147434,en,scrubs
reasoning,0.0001628437147434,en,scrubs
conveniently,0.0001628437147434,en,scrubs
technician,0.0001628437147434,en,scrubs
intoxicate,0.0001628437147434,en,scrubs
detach,0.0001628437147434,en,scrubs
unh,0.0001628437147434,en,scrubs
adolescent,0.0001628437147434,en,scrubs
multiply,0.0001628437147434,en,scrubs
ruler,0.0001628437147434,en,scrubs
joker,0.0001628437147434,en,scrubs
violin,0.0001628437147434,en,scrubs
miraculous,0.0001628437147434,en,scrubs
underpant,0.0001628437147434,en,scrubs
politely,0.0001628437147434,en,scrubs
overprotective,0.0001628437147434,en,scrubs
teamwork,0.0001628437147434,en,scrubs
wilderness,0.0001628437147434,en,scrubs
authority,0.0001623193951518,en,scrubs
mac,0.0001608561162603,en,scrubs
dealing,0.0001608561162603,en,scrubs
floss,0.0001608561162603,en,scrubs
impeccable,0.0001608561162603,en,scrubs
chump,0.0001608561162603,en,scrubs
trend,0.0001608561162603,en,scrubs
socket,0.0001608561162603,en,scrubs
registry,0.0001608561162603,en,scrubs
homo,0.0001608561162603,en,scrubs
satisfying,0.0001608561162603,en,scrubs
strengthen,0.0001608561162603,en,scrubs
dripping,0.0001608561162603,en,scrubs
awe,0.0001608561162603,en,scrubs
squirm,0.0001608561162603,en,scrubs
knob,0.0001608561162603,en,scrubs
ste,0.0001608561162603,en,scrubs
despair,0.0001608561162603,en,scrubs
restart,0.0001608561162603,en,scrubs
rsum,0.0001608561162603,en,scrubs
symbolic,0.0001608561162603,en,scrubs
tumble,0.0001608561162603,en,scrubs
printer,0.0001608561162603,en,scrubs
turnout,0.0001608561162603,en,scrubs
samantha,0.0001608561162603,en,scrubs
helper,0.0001608561162603,en,scrubs
burglar,0.0001608561162603,en,scrubs
hostess,0.0001608561162603,en,scrubs
playboy,0.0001608561162603,en,scrubs
uncertain,0.0001608561162603,en,scrubs
stellar,0.0001608561162603,en,scrubs
fiery,0.0001608561162603,en,scrubs
loner,0.0001589215267723,en,scrubs
fin,0.0001589215267723,en,scrubs
mow,0.0001589215267723,en,scrubs
mastermind,0.0001589215267723,en,scrubs
loot,0.0001589215267723,en,scrubs
comprehend,0.0001589215267723,en,scrubs
disclose,0.0001589215267723,en,scrubs
dungeon,0.0001589215267723,en,scrubs
diminish,0.0001589215267723,en,scrubs
spout,0.0001589215267723,en,scrubs
splinter,0.0001589215267723,en,scrubs
missus,0.0001589215267723,en,scrubs
roy,0.0001589215267723,en,scrubs
prostitution,0.0001589215267723,en,scrubs
sensible,0.0001589215267723,en,scrubs
dire,0.0001589215267723,en,scrubs
understatement,0.0001589215267723,en,scrubs
cinnamon,0.0001589215267723,en,scrubs
smoothly,0.0001589215267723,en,scrubs
dale,0.0001589215267723,en,scrubs
distinctive,0.0001589215267723,en,scrubs
swab,0.0001589215267723,en,scrubs
facebook,0.0001589215267723,en,scrubs
pasture,0.0001589215267723,en,scrubs
distraught,0.0001589215267723,en,scrubs
schoolgirl,0.0001589215267723,en,scrubs
wisely,0.0001589215267723,en,scrubs
mash,0.0001589215267723,en,scrubs
shit,0.0001570371920882,en,scrubs
sedan,0.0001570371920882,en,scrubs
courageous,0.0001570371920882,en,scrubs
audit,0.0001570371920882,en,scrubs
forgave,0.0001570371920882,en,scrubs
conservative,0.0001570371920882,en,scrubs
sous,0.0001570371920882,en,scrubs
dwarf,0.0001570371920882,en,scrubs
tailor,0.0001570371920882,en,scrubs
dusty,0.0001570371920882,en,scrubs
clog,0.0001570371920882,en,scrubs
cosmo,0.0001570371920882,en,scrubs
juggle,0.0001570371920882,en,scrubs
incorporate,0.0001570371920882,en,scrubs
empower,0.0001570371920882,en,scrubs
combo,0.0001570371920882,en,scrubs
microscope,0.0001570371920882,en,scrubs
unplug,0.0001570371920882,en,scrubs
fog,0.0001570371920882,en,scrubs
refund,0.0001570371920882,en,scrubs
destruct,0.0001570371920882,en,scrubs
mic,0.0001570371920882,en,scrubs
cleanup,0.0001570371920882,en,scrubs
setback,0.0001570371920882,en,scrubs
glare,0.0001570371920882,en,scrubs
variation,0.0001570371920882,en,scrubs
thinkin,0.0001570371920882,en,scrubs
solely,0.0001570371920882,en,scrubs
enthusiastic,0.0001570371920882,en,scrubs
gunfire,0.0001552005672424,en,scrubs
shortage,0.0001552005672424,en,scrubs
removal,0.0001552005672424,en,scrubs
annie,0.0001552005672424,en,scrubs
tomb,0.0001552005672424,en,scrubs
charitable,0.0001552005672424,en,scrubs
bulletproof,0.0001552005672424,en,scrubs
hitler,0.0001552005672424,en,scrubs
airtight,0.0001552005672424,en,scrubs
revolve,0.0001552005672424,en,scrubs
succumb,0.0001552005672424,en,scrubs
reconnect,0.0001552005672424,en,scrubs
delighted,0.0001552005672424,en,scrubs
cloak,0.0001552005672424,en,scrubs
coyote,0.0001552005672424,en,scrubs
misguided,0.0001552005672424,en,scrubs
lunchtime,0.0001552005672424,en,scrubs
counting,0.0001552005672424,en,scrubs
menace,0.0001552005672424,en,scrubs
traveler,0.0001552005672424,en,scrubs
programming,0.0001552005672424,en,scrubs
conventional,0.0001552005672424,en,scrubs
funnel,0.0001552005672424,en,scrubs
freshen,0.0001552005672424,en,scrubs
ancestor,0.0001552005672424,en,scrubs
vanity,0.0001552005672424,en,scrubs
engaged,0.0001552005672424,en,scrubs
voodoo,0.0001552005672424,en,scrubs
caucasian,0.0001552005672424,en,scrubs
bin,0.0001552005672424,en,scrubs
wreckage,0.0001552005672424,en,scrubs
touchdown,0.0001552005672424,en,scrubs
determination,0.0001552005672424,en,scrubs
modification,0.0001552005672424,en,scrubs
savior,0.0001552005672424,en,scrubs
greatly,0.0001552005672424,en,scrubs
glitch,0.0001534092958251,en,scrubs
weaken,0.0001534092958251,en,scrubs
tart,0.0001534092958251,en,scrubs
revoke,0.0001534092958251,en,scrubs
wield,0.0001534092958251,en,scrubs
straightforward,0.0001534092958251,en,scrubs
wireless,0.0001534092958251,en,scrubs
carriage,0.0001534092958251,en,scrubs
sophomore,0.0001534092958251,en,scrubs
burial,0.0001534092958251,en,scrubs
conspire,0.0001534092958251,en,scrubs
premium,0.0001534092958251,en,scrubs
dutch,0.0001534092958251,en,scrubs
deport,0.0001534092958251,en,scrubs
unauthorized,0.0001534092958251,en,scrubs
debris,0.0001534092958251,en,scrubs
forgiving,0.0001534092958251,en,scrubs
shuffle,0.0001534092958251,en,scrubs
nightclub,0.0001534092958251,en,scrubs
cement,0.0001534092958251,en,scrubs
blossom,0.0001534092958251,en,scrubs
rave,0.0001534092958251,en,scrubs
cashier,0.0001534092958251,en,scrubs
migraine,0.0001534092958251,en,scrubs
ellen,0.0001534092958251,en,scrubs
theoretically,0.0001534092958251,en,scrubs
shutter,0.0001534092958251,en,scrubs
banker,0.0001534092958251,en,scrubs
iced,0.0001534092958251,en,scrubs
rim,0.0001534092958251,en,scrubs
idle,0.0001534092958251,en,scrubs
enforce,0.0001534092958251,en,scrubs
painter,0.0001516611918036,en,scrubs
overdue,0.0001516611918036,en,scrubs
immortal,0.0001516611918036,en,scrubs
forced,0.0001516611918036,en,scrubs
screwdriver,0.0001516611918036,en,scrubs
diving,0.0001516611918036,en,scrubs
calculation,0.0001516611918036,en,scrubs
buffalo,0.0001516611918036,en,scrubs
spooky,0.0001516611918036,en,scrubs
willie,0.0001516611918036,en,scrubs
morality,0.0001516611918036,en,scrubs
canvas,0.0001516611918036,en,scrubs
sighting,0.0001516611918036,en,scrubs
publicly,0.0001516611918036,en,scrubs
poisonous,0.0001516611918036,en,scrubs
terrifying,0.0001516611918036,en,scrubs
trooper,0.0001516611918036,en,scrubs
yacht,0.0001516611918036,en,scrubs
reed,0.0001516611918036,en,scrubs
implication,0.0001516611918036,en,scrubs
weave,0.0001516611918036,en,scrubs
crude,0.0001516611918036,en,scrubs
catalogue,0.0001516611918036,en,scrubs
entertaining,0.0001516611918036,en,scrubs
rendezvous,0.0001516611918036,en,scrubs
hypothetically,0.0001516611918036,en,scrubs
snot,0.0001516611918036,en,scrubs
enable,0.0001516611918036,en,scrubs
upcoming,0.0001516611918036,en,scrubs
inspect,0.0001516611918036,en,scrubs
amazingly,0.0001499542234829,en,scrubs
tat,0.0001499542234829,en,scrubs
civilized,0.0001499542234829,en,scrubs
bagel,0.0001499542234829,en,scrubs
packing,0.0001499542234829,en,scrubs
blurry,0.0001499542234829,en,scrubs
astronaut,0.0001499542234829,en,scrubs
taco,0.0001499542234829,en,scrubs
pinpoint,0.0001499542234829,en,scrubs
fingertip,0.0001499542234829,en,scrubs
monthly,0.0001499542234829,en,scrubs
ignorant,0.0001499542234829,en,scrubs
documentary,0.0001499542234829,en,scrubs
throne,0.0001499542234829,en,scrubs
crossword,0.0001499542234829,en,scrubs
representation,0.0001499542234829,en,scrubs
retainer,0.0001499542234829,en,scrubs
idol,0.0001499542234829,en,scrubs
phantom,0.0001499542234829,en,scrubs
maternal,0.0001499542234829,en,scrubs
racket,0.0001499542234829,en,scrubs
sufficient,0.0001499542234829,en,scrubs
undergo,0.0001499542234829,en,scrubs
willy,0.0001499542234829,en,scrubs
privileged,0.0001499542234829,en,scrubs
parker,0.0001499542234829,en,scrubs
restless,0.0001499542234829,en,scrubs
mimic,0.0001482864993106,en,scrubs
recess,0.0001482864993106,en,scrubs
effectively,0.0001482864993106,en,scrubs
billion,0.0001482864993106,en,scrubs
canyon,0.0001482864993106,en,scrubs
phenomenon,0.0001482864993106,en,scrubs
assassinate,0.0001482864993106,en,scrubs
bomber,0.0001482864993106,en,scrubs
brunette,0.0001482864993106,en,scrubs
babysitte,0.0001482864993106,en,scrubs
spectrum,0.0001482864993106,en,scrubs
goon,0.0001482864993106,en,scrubs
masterpiece,0.0001482864993106,en,scrubs
lying,0.0001482864993106,en,scrubs
spear,0.0001482864993106,en,scrubs
postcard,0.0001482864993106,en,scrubs
functional,0.0001482864993106,en,scrubs
friggin,0.0001482864993106,en,scrubs
noisy,0.0001482864993106,en,scrubs
insure,0.0001482864993106,en,scrubs
anticipation,0.0001482864993106,en,scrubs
dilemma,0.0001482864993106,en,scrubs
steep,0.0001482864993106,en,scrubs
sensitivity,0.0001482864993106,en,scrubs
collision,0.0001482864993106,en,scrubs
rolling,0.0001482864993106,en,scrubs
rewrite,0.0001482864993106,en,scrubs
maneuver,0.0001482864993106,en,scrubs
bliss,0.0001482864993106,en,scrubs
cluster,0.0001482864993106,en,scrubs
asthma,0.0001482864993106,en,scrubs
planner,0.0001482864993106,en,scrubs
upsetting,0.0001482864993106,en,scrubs
taking,0.0001466562552768,en,scrubs
martyr,0.0001466562552768,en,scrubs
gangster,0.0001466562552768,en,scrubs
unlimited,0.0001466562552768,en,scrubs
holder,0.0001466562552768,en,scrubs
malfunction,0.0001466562552768,en,scrubs
administration,0.0001466562552768,en,scrubs
troll,0.0001466562552768,en,scrubs
portfolio,0.0001466562552768,en,scrubs
swarm,0.0001466562552768,en,scrubs
parallel,0.0001466562552768,en,scrubs
medieval,0.0001466562552768,en,scrubs
founder,0.0001466562552768,en,scrubs
dearly,0.0001466562552768,en,scrubs
magnetic,0.0001466562552768,en,scrubs
coup,0.0001466562552768,en,scrubs
indoor,0.0001466562552768,en,scrubs
overheard,0.0001466562552768,en,scrubs
turning,0.0001466562552768,en,scrubs
poorly,0.0001466562552768,en,scrubs
tame,0.0001466562552768,en,scrubs
reinstate,0.0001466562552768,en,scrubs
continent,0.0001466562552768,en,scrubs
omelet,0.0001466562552768,en,scrubs
rust,0.0001466562552768,en,scrubs
nonstop,0.0001450618436995,en,scrubs
arouse,0.0001450618436995,en,scrubs
robber,0.0001450618436995,en,scrubs
dedicated,0.0001450618436995,en,scrubs
housewife,0.0001450618436995,en,scrubs
insect,0.0001450618436995,en,scrubs
overrate,0.0001450618436995,en,scrubs
advertise,0.0001450618436995,en,scrubs
embed,0.0001450618436995,en,scrubs
mute,0.0001450618436995,en,scrubs
compelling,0.0001450618436995,en,scrubs
architect,0.0001450618436995,en,scrubs
keg,0.0001450618436995,en,scrubs
easter,0.0001450618436995,en,scrubs
vous,0.0001450618436995,en,scrubs
lemonade,0.0001450618436995,en,scrubs
weasel,0.0001450618436995,en,scrubs
anchor,0.0001450618436995,en,scrubs
component,0.0001450618436995,en,scrubs
bloom,0.0001450618436995,en,scrubs
meltdown,0.0001450618436995,en,scrubs
spree,0.0001450618436995,en,scrubs
currency,0.0001450618436995,en,scrubs
courthouse,0.0001435017232154,en,scrubs
allowance,0.0001435017232154,en,scrubs
stripe,0.0001435017232154,en,scrubs
digit,0.0001435017232154,en,scrubs
sideline,0.0001435017232154,en,scrubs
elite,0.0001435017232154,en,scrubs
accelerate,0.0001435017232154,en,scrubs
educational,0.0001435017232154,en,scrubs
examination,0.0001435017232154,en,scrubs
sofa,0.0001435017232154,en,scrubs
sitter,0.0001435017232154,en,scrubs
multi,0.0001435017232154,en,scrubs
policeman,0.0001435017232154,en,scrubs
sway,0.0001435017232154,en,scrubs
wiring,0.0001435017232154,en,scrubs
lily,0.0001435017232154,en,scrubs
crust,0.0001435017232154,en,scrubs
bass,0.0001435017232154,en,scrubs
marketing,0.0001435017232154,en,scrubs
catalog,0.0001435017232154,en,scrubs
loaded,0.0001435017232154,en,scrubs
confiscate,0.0001435017232154,en,scrubs
thrive,0.0001435017232154,en,scrubs
compartment,0.0001435017232154,en,scrubs
bundle,0.0001435017232154,en,scrubs
loudly,0.0001435017232154,en,scrubs
crumble,0.0001435017232154,en,scrubs
thirst,0.0001435017232154,en,scrubs
glamorous,0.0001435017232154,en,scrubs
trustworthy,0.0001435017232154,en,scrubs
zap,0.0001435017232154,en,scrubs
jumpy,0.0001435017232154,en,scrubs
hive,0.0001435017232154,en,scrubs
gasoline,0.0001419744498256,en,scrubs
sunglass,0.0001419744498256,en,scrubs
penthouse,0.0001419744498256,en,scrubs
lord,0.0001419744498256,en,scrubs
newborn,0.0001419744498256,en,scrubs
ammo,0.0001419744498256,en,scrubs
exaggerate,0.0001419744498256,en,scrubs
confrontation,0.0001419744498256,en,scrubs
premature,0.0001419744498256,en,scrubs
cafe,0.0001419744498256,en,scrubs
receiver,0.0001419744498256,en,scrubs
minimal,0.0001419744498256,en,scrubs
sis,0.0001419744498256,en,scrubs
coworker,0.0001419744498256,en,scrubs
fundamental,0.0001419744498256,en,scrubs
obscure,0.0001419744498256,en,scrubs
roman,0.0001419744498256,en,scrubs
yummy,0.0001419744498256,en,scrubs
attendant,0.0001419744498256,en,scrubs
related,0.0001419744498256,en,scrubs
cloth,0.0001404786688637,en,scrubs
separately,0.0001404786688637,en,scrubs
retain,0.0001404786688637,en,scrubs
historical,0.0001404786688637,en,scrubs
committed,0.0001404786688637,en,scrubs
economic,0.0001404786688637,en,scrubs
exceed,0.0001404786688637,en,scrubs
axe,0.0001404786688637,en,scrubs
graveyard,0.0001404786688637,en,scrubs
seller,0.0001404786688637,en,scrubs
twitch,0.0001404786688637,en,scrubs
invention,0.0001404786688637,en,scrubs
millionaire,0.0001404786688637,en,scrubs
harmony,0.0001404786688637,en,scrubs
assassination,0.0001404786688637,en,scrubs
ranch,0.0001404786688637,en,scrubs
clone,0.0001404786688637,en,scrubs
briefly,0.0001390131077759,en,scrubs
millimeter,0.0001390131077759,en,scrubs
dine,0.0001390131077759,en,scrubs
impatient,0.0001390131077759,en,scrubs
lime,0.0001390131077759,en,scrubs
offering,0.0001390131077759,en,scrubs
less,0.0001390131077759,en,scrubs
probe,0.0001390131077759,en,scrubs
static,0.0001390131077759,en,scrubs
hijack,0.0001390131077759,en,scrubs
roar,0.0001390131077759,en,scrubs
dialogue,0.0001390131077759,en,scrubs
triangle,0.0001390131077759,en,scrubs
mitchell,0.0001390131077759,en,scrubs
follower,0.0001390131077759,en,scrubs
certify,0.0001390131077759,en,scrubs
withhold,0.0001390131077759,en,scrubs
toxin,0.0001390131077759,en,scrubs
fierce,0.0001390131077759,en,scrubs
detour,0.0001390131077759,en,scrubs
digest,0.0001390131077759,en,scrubs
avenge,0.0001390131077759,en,scrubs
taint,0.0001390131077759,en,scrubs
quest,0.0001375765696156,en,scrubs
cellar,0.0001375765696156,en,scrubs
oak,0.0001375765696156,en,scrubs
duke,0.0001375765696156,en,scrubs
marshal,0.0001375765696156,en,scrubs
proportion,0.0001375765696156,en,scrubs
alias,0.0001375765696156,en,scrubs
pry,0.0001375765696156,en,scrubs
countless,0.0001375765696156,en,scrubs
checking,0.0001375765696156,en,scrubs
irresponsible,0.0001375765696156,en,scrubs
cultural,0.0001375765696156,en,scrubs
plumbing,0.0001375765696156,en,scrubs
meaningful,0.0001375765696156,en,scrubs
ceo,0.0001375765696156,en,scrubs
intervene,0.0001375765696156,en,scrubs
extent,0.0001375765696156,en,scrubs
swoop,0.0001375765696156,en,scrubs
inmate,0.0001375765696156,en,scrubs
aggression,0.0001375765696156,en,scrubs
recycle,0.0001375765696156,en,scrubs
separation,0.0001375765696156,en,scrubs
holding,0.0001375765696156,en,scrubs
stroll,0.0001375765696156,en,scrubs
eyewitness,0.0001361679271705,en,scrubs
matt,0.0001361679271705,en,scrubs
lurk,0.0001361679271705,en,scrubs
bogus,0.0001361679271705,en,scrubs
tidy,0.0001361679271705,en,scrubs
louder,0.0001361679271705,en,scrubs
subway,0.0001361679271705,en,scrubs
salvation,0.0001361679271705,en,scrubs
waiter,0.0001361679271705,en,scrubs
brat,0.0001361679271705,en,scrubs
litter,0.0001361679271705,en,scrubs
elect,0.0001361679271705,en,scrubs
convenience,0.0001361679271705,en,scrubs
ratio,0.0001361679271705,en,scrubs
intruder,0.0001361679271705,en,scrubs
championship,0.0001361679271705,en,scrubs
captive,0.0001347861176484,en,scrubs
wardrobe,0.0001347861176484,en,scrubs
dining,0.0001347861176484,en,scrubs
feeding,0.0001347861176484,en,scrubs
untie,0.0001347861176484,en,scrubs
subconscious,0.0001347861176484,en,scrubs
render,0.0001347861176484,en,scrubs
cavity,0.0001347861176484,en,scrubs
stimulate,0.0001347861176484,en,scrubs
dictate,0.0001347861176484,en,scrubs
victor,0.0001347861176484,en,scrubs
umbrella,0.0001347861176484,en,scrubs
missile,0.0001347861176484,en,scrubs
airline,0.0001347861176484,en,scrubs
essence,0.0001347861176484,en,scrubs
devoted,0.0001347861176484,en,scrubs
indulge,0.0001347861176484,en,scrubs
profound,0.0001347861176484,en,scrubs
pigeon,0.0001334301378601,en,scrubs
garlic,0.0001334301378601,en,scrubs
deprive,0.0001334301378601,en,scrubs
dinosaur,0.0001334301378601,en,scrubs
misunderstood,0.0001334301378601,en,scrubs
improvise,0.0001334301378601,en,scrubs
distribute,0.0001334301378601,en,scrubs
temptation,0.0001334301378601,en,scrubs
generator,0.0001334301378601,en,scrubs
gathering,0.0001334301378601,en,scrubs
buffet,0.0001334301378601,en,scrubs
incapable,0.0001334301378601,en,scrubs
breaking,0.0001334301378601,en,scrubs
relive,0.0001334301378601,en,scrubs
disobey,0.0001334301378601,en,scrubs
demonstration,0.0001334301378601,en,scrubs
audio,0.0001320990398441,en,scrubs
survey,0.0001320990398441,en,scrubs
glance,0.0001320990398441,en,scrubs
manufacture,0.0001320990398441,en,scrubs
undermine,0.0001320990398441,en,scrubs
rod,0.0001320990398441,en,scrubs
nun,0.0001320990398441,en,scrubs
academic,0.0001320990398441,en,scrubs
classroom,0.0001320990398441,en,scrubs
rehearse,0.0001320990398441,en,scrubs
fed,0.0001320990398441,en,scrubs
blackout,0.0001320990398441,en,scrubs
wooden,0.0001320990398441,en,scrubs
selection,0.0001320990398441,en,scrubs
supervise,0.0001307919268858,en,scrubs
leftover,0.0001307919268858,en,scrubs
portion,0.0001307919268858,en,scrubs
adam,0.0001307919268858,en,scrubs
fulfill,0.0001307919268858,en,scrubs
spice,0.0001307919268858,en,scrubs
scatter,0.0001307919268858,en,scrubs
purely,0.0001307919268858,en,scrubs
wealth,0.0001307919268858,en,scrubs
hamburger,0.0001307919268858,en,scrubs
brew,0.0001307919268858,en,scrubs
fabric,0.0001307919268858,en,scrubs
grain,0.0001307919268858,en,scrubs
merit,0.000129507949889,en,scrubs
infiltrate,0.000129507949889,en,scrubs
harvest,0.000129507949889,en,scrubs
brass,0.000129507949889,en,scrubs
calculate,0.000129507949889,en,scrubs
taxis,0.000129507949889,en,scrubs
squat,0.000129507949889,en,scrubs
hidden,0.000129507949889,en,scrubs
fox,0.000129507949889,en,scrubs
limo,0.000129507949889,en,scrubs
radiation,0.000129507949889,en,scrubs
aged,0.000129507949889,en,scrubs
charle,0.000129507949889,en,scrubs
hotter,0.0001282463040626,en,scrubs
temp,0.0001282463040626,en,scrubs
injection,0.0001282463040626,en,scrubs
breaker,0.0001282463040626,en,scrubs
opponent,0.0001282463040626,en,scrubs
insight,0.0001282463040626,en,scrubs
chess,0.0001282463040626,en,scrubs
industrial,0.0001282463040626,en,scrubs
jeopardize,0.0001282463040626,en,scrubs
blur,0.0001282463040626,en,scrubs
stressful,0.0001282463040626,en,scrubs
paradise,0.0001282463040626,en,scrubs
avenue,0.0001282463040626,en,scrubs
sequence,0.0001282463040626,en,scrubs
collector,0.0001282463040626,en,scrubs
condemn,0.0001270062258911,en,scrubs
diary,0.0001270062258911,en,scrubs
counseling,0.0001270062258911,en,scrubs
caution,0.0001270062258911,en,scrubs
temporarily,0.0001270062258911,en,scrubs
expire,0.0001270062258911,en,scrubs
getaway,0.0001270062258911,en,scrubs
hunger,0.0001270062258911,en,scrubs
grey,0.0001270062258911,en,scrubs
plague,0.0001270062258911,en,scrubs
membership,0.0001270062258911,en,scrubs
uncover,0.0001270062258911,en,scrubs
whatsoever,0.0001270062258911,en,scrubs
edition,0.0001270062258911,en,scrubs
making,0.0001270062258911,en,scrubs
running,0.0001270062258911,en,scrubs
walter,0.0001270062258911,en,scrubs
believer,0.0001270062258911,en,scrubs
southern,0.0001257869903591,en,scrubs
clerk,0.0001257869903591,en,scrubs
barrier,0.0001257869903591,en,scrubs
determined,0.0001257869903591,en,scrubs
transmit,0.0001257869903591,en,scrubs
honorable,0.0001257869903591,en,scrubs
void,0.0001257869903591,en,scrubs
caller,0.0001257869903591,en,scrubs
rogue,0.0001257869903591,en,scrubs
flashlight,0.0001257869903591,en,scrubs
batch,0.0001245879084059,en,scrubs
palace,0.0001245879084059,en,scrubs
lodge,0.0001245879084059,en,scrubs
confine,0.0001245879084059,en,scrubs
furious,0.0001245879084059,en,scrubs
footprint,0.0001245879084059,en,scrubs
auction,0.0001245879084059,en,scrubs
psychopath,0.0001245879084059,en,scrubs
eternal,0.0001245879084059,en,scrubs
opera,0.0001245879084059,en,scrubs
withdraw,0.0001245879084059,en,scrubs
curb,0.0001245879084059,en,scrubs
supper,0.0001245879084059,en,scrubs
ambitious,0.0001245879084059,en,scrubs
discipline,0.0001245879084059,en,scrubs
disrupt,0.0001245879084059,en,scrubs
richard,0.0001245879084059,en,scrubs
extensive,0.0001245879084059,en,scrubs
grease,0.0001245879084059,en,scrubs
mourn,0.0001234083245866,en,scrubs
poisoning,0.0001234083245866,en,scrubs
adjustment,0.0001234083245866,en,scrubs
regulation,0.0001234083245866,en,scrubs
physics,0.0001234083245866,en,scrubs
scrap,0.0001234083245866,en,scrubs
satisfaction,0.0001234083245866,en,scrubs
spiritual,0.0001234083245866,en,scrubs
mechanical,0.0001234083245866,en,scrubs
discreet,0.0001234083245866,en,scrubs
fiber,0.0001234083245866,en,scrubs
amend,0.0001234083245866,en,scrubs
vain,0.0001234083245866,en,scrubs
origin,0.0001234083245866,en,scrubs
reader,0.0001234083245866,en,scrubs
delete,0.0001234083245866,en,scrubs
insanity,0.0001234083245866,en,scrubs
kindness,0.0001234083245866,en,scrubs
compound,0.0001234083245866,en,scrubs
kidnapping,0.0001234083245866,en,scrubs
fax,0.0001222476149202,en,scrubs
amazed,0.0001222476149202,en,scrubs
antique,0.0001222476149202,en,scrubs
designer,0.0001222476149202,en,scrubs
minded,0.0001222476149202,en,scrubs
invade,0.0001222476149202,en,scrubs
mary,0.0001222476149202,en,scrubs
inventory,0.0001222476149202,en,scrubs
convincing,0.0001222476149202,en,scrubs
submit,0.0001222476149202,en,scrubs
manifest,0.0001222476149202,en,scrubs
plea,0.0001222476149202,en,scrubs
resistance,0.0001222476149202,en,scrubs
instantly,0.0001211051849079,en,scrubs
medal,0.0001211051849079,en,scrubs
extract,0.0001211051849079,en,scrubs
carve,0.0001211051849079,en,scrubs
clearance,0.0001211051849079,en,scrubs
gps,0.0001211051849079,en,scrubs
riot,0.0001211051849079,en,scrubs
soccer,0.0001211051849079,en,scrubs
relaxed,0.0001211051849079,en,scrubs
paranoia,0.0001211051849079,en,scrubs
inconvenience,0.0001211051849079,en,scrubs
suffering,0.0001211051849079,en,scrubs
amount,0.0001211051849079,en,scrubs
corporation,0.0001211051849079,en,scrubs
pursuit,0.0001211051849079,en,scrubs
vague,0.0001211051849079,en,scrubs
accessory,0.0001211051849079,en,scrubs
tow,0.0001199804677039,en,scrubs
wit,0.0001199804677039,en,scrubs
context,0.0001199804677039,en,scrubs
jeopardy,0.0001199804677039,en,scrubs
visible,0.0001199804677039,en,scrubs
sever,0.0001199804677039,en,scrubs
summon,0.0001199804677039,en,scrubs
lightly,0.0001199804677039,en,scrubs
addition,0.0001199804677039,en,scrubs
marker,0.0001199804677039,en,scrubs
involvement,0.0001199804677039,en,scrubs
scanner,0.0001199804677039,en,scrubs
ethic,0.0001188729224273,en,scrubs
restraint,0.0001188729224273,en,scrubs
traumatic,0.0001188729224273,en,scrubs
conquer,0.0001188729224273,en,scrubs
ingredient,0.0001188729224273,en,scrubs
trump,0.0001188729224273,en,scrubs
mortgage,0.0001188729224273,en,scrubs
resign,0.0001188729224273,en,scrubs
semi,0.0001188729224273,en,scrubs
lockdown,0.0001188729224273,en,scrubs
precisely,0.0001188729224273,en,scrubs
greedy,0.0001188729224273,en,scrubs
cliff,0.0001188729224273,en,scrubs
difficulty,0.0001177820325993,en,scrubs
precaution,0.0001177820325993,en,scrubs
eyed,0.0001177820325993,en,scrubs
scum,0.0001177820325993,en,scrubs
lifestyle,0.0001177820325993,en,scrubs
slash,0.0001177820325993,en,scrubs
contribute,0.0001177820325993,en,scrubs
awhile,0.0001177820325993,en,scrubs
hostile,0.0001167073046978,en,scrubs
verify,0.0001167073046978,en,scrubs
reset,0.0001167073046978,en,scrubs
port,0.0001167073046978,en,scrubs
retrieve,0.0001167073046978,en,scrubs
draft,0.0001167073046978,en,scrubs
wealthy,0.0001167073046978,en,scrubs
scheme,0.0001167073046978,en,scrubs
preserve,0.0001167073046978,en,scrubs
slaughter,0.0001156482668161,en,scrubs
anticipate,0.0001156482668161,en,scrubs
analyze,0.0001156482668161,en,scrubs
authorize,0.0001156482668161,en,scrubs
generate,0.0001156482668161,en,scrubs
global,0.0001156482668161,en,scrubs
runner,0.0001156482668161,en,scrubs
hail,0.0001146044674193,en,scrubs
decorate,0.0001146044674193,en,scrubs
lunatic,0.0001146044674193,en,scrubs
studio,0.0001146044674193,en,scrubs
chatter,0.0001146044674193,en,scrubs
undercover,0.0001146044674193,en,scrubs
repay,0.0001146044674193,en,scrubs
finance,0.0001146044674193,en,scrubs
trailer,0.0001146044674193,en,scrubs
guardian,0.0001135754741876,en,scrubs
errand,0.0001135754741876,en,scrubs
shore,0.0001135754741876,en,scrubs
stunt,0.0001135754741876,en,scrubs
organization,0.0001135754741876,en,scrubs
sail,0.0001135754741876,en,scrubs
analysis,0.0001125608729423,en,scrubs
seduce,0.0001125608729423,en,scrubs
traitor,0.0001125608729423,en,scrubs
champion,0.0001125608729423,en,scrubs
isolate,0.0001115602666437,en,scrubs
engineer,0.0001115602666437,en,scrubs
specie,0.0001115602666437,en,scrubs
combat,0.0001115602666437,en,scrubs
western,0.0001115602666437,en,scrubs
polish,0.0001115602666437,en,scrubs
auto,0.0001115602666437,en,scrubs
envelope,0.0001115602666437,en,scrubs
capacity,0.0001105732744592,en,scrubs
relevant,0.0001105732744592,en,scrubs
cooking,0.0001105732744592,en,scrubs
vault,0.0001105732744592,en,scrubs
await,0.0001105732744592,en,scrubs
satellite,0.0001105732744592,en,scrubs
rear,0.0001105732744592,en,scrubs
gamble,0.0001105732744592,en,scrubs
craft,0.0001105732744592,en,scrubs
observation,0.0001105732744592,en,scrubs
fiction,0.0001105732744592,en,scrubs
temper,0.0001105732744592,en,scrubs
recipe,0.0001095995308925,en,scrubs
detector,0.0001095995308925,en,scrubs
convenient,0.0001095995308925,en,scrubs
rattle,0.0001095995308925,en,scrubs
university,0.0001095995308925,en,scrubs
terribly,0.0001095995308925,en,scrubs
anxious,0.0001095995308925,en,scrubs
illusion,0.0001086386849712,en,scrubs
native,0.0001086386849712,en,scrubs
oppose,0.0001086386849712,en,scrubs
robbery,0.0001086386849712,en,scrubs
crown,0.0001086386849712,en,scrubs
hunter,0.0001086386849712,en,scrubs
detect,0.0001086386849712,en,scrubs
resume,0.0001086386849712,en,scrubs
amateur,0.0001086386849712,en,scrubs
youth,0.0001086386849712,en,scrubs
chemistry,0.0001086386849712,en,scrubs
domestic,0.0001076903994874,en,scrubs
plot,0.0001076903994874,en,scrubs
campaign,0.0001076903994874,en,scrubs
content,0.0001076903994874,en,scrubs
theft,0.0001067543502871,en,scrubs
hunting,0.0001067543502871,en,scrubs
suspicion,0.0001067543502871,en,scrubs
permit,0.0001067543502871,en,scrubs
datum,0.0001067543502871,en,scrubs
civilian,0.0001067543502871,en,scrubs
cocktail,0.0001067543502871,en,scrubs
federal,0.0001058302256051,en,scrubs
unlikely,0.0001058302256051,en,scrubs
panel,0.0001058302256051,en,scrubs
justify,0.0001058302256051,en,scrubs
protective,0.0001058302256051,en,scrubs
lobby,0.0001058302256051,en,scrubs
agenda,0.0001049177254413,en,scrubs
satisfied,0.0001049177254413,en,scrubs
defeat,0.0001049177254413,en,scrubs
symbol,0.0001049177254413,en,scrubs
writing,0.0001040165609767,en,scrubs
killing,0.0001040165609767,en,scrubs
chaos,0.0001040165609767,en,scrubs
concept,0.0001040165609767,en,scrubs
destiny,0.0001040165609767,en,scrubs
reporter,0.0001040165609767,en,scrubs
clothing,0.0001040165609767,en,scrubs
brutal,0.000103126454024,en,scrubs
corporate,0.000103126454024,en,scrubs
palm,0.000103126454024,en,scrubs
commission,0.000103126454024,en,scrubs
liquid,0.000103126454024,en,scrubs
carpet,0.0001022471365123,en,scrubs
fingerprint,0.0001022471365123,en,scrubs
blessing,0.0001013783500025,en,scrubs
execute,0.0001013783500025,en,scrubs
asset,0.0001013783500025,en,scrubs
deadly,0.0001013783500025,en,scrubs
survival,0.0001013783500025,en,scrubs
scout,0.0001013783500025,en,scrubs
launch,0.0001013783500025,en,scrubs
border,0.0001005198452312,en,scrubs
strictly,0.0001005198452312,en,scrubs
ancient,0.0001005198452312,en,scrubs
explore,9.967138168184416e-05,en,scrubs
environment,9.967138168184416e-05,en,scrubs
interfere,9.967138168184416e-05,en,scrubs
footage,9.883272717932657e-05,en,scrubs
previous,9.883272717932657e-05,en,scrubs
cruel,9.800365750955172e-05,en,scrubs
exception,9.800365750955172e-05,en,scrubs
creative,9.800365750955172e-05,en,scrubs
dealer,9.718395605913629e-05,en,scrubs
underground,9.637341347578784e-05,en,scrubs
hostage,9.637341347578784e-05,en,scrubs
motive,9.557182734735646e-05,en,scrubs
document,9.477900189842466e-05,en,scrubs
possession,9.477900189842466e-05,en,scrubs
violence,9.477900189842466e-05,en,scrubs
agency,9.477900189842466e-05,en,scrubs
reputation,9.399474770329952e-05,en,scrubs
similar,9.399474770329952e-05,en,scrubs
object,9.399474770329952e-05,en,scrubs
basis,9.321888141435338e-05,en,scrubs
properly,9.2451225504739e-05,en,scrubs
contain,9.2451225504739e-05,en,scrubs
investigate,9.169160802457584e-05,en,scrubs
measure,9.093986236976986e-05,en,scrubs
arrangement,9.019582706268956e-05,en,scrubs
west,8.945934554397531e-05,en,scrubs
determine,8.945934554397531e-05,en,scrubs
valuable,8.873026597481174e-05,en,scrubs
client,8.588508536941731e-05,en,scrubs
privacy,8.588508536941731e-05,en,scrubs
protection,8.450327584732664e-05,en,scrubs
print,8.31472960589994e-05,en,scrubs
