mot,poids_tfidf,langue,serie
cartman,0.2608126955096003,en,southpark
kyle,0.1567824547358281,en,southpark
dude,0.0990326537166548,en,southpark
boy,0.0835173813366213,en,southpark
little,0.0774636935972322,en,southpark
kid,0.0748303874406511,en,southpark
butter,0.0670151768369888,en,southpark
child,0.054920807988422,en,southpark
sure,0.0523085639617121,en,southpark
friend,0.0504865802731581,en,southpark
timmy,0.0471423226591858,en,southpark
park,0.0453773414275352,en,southpark
hell,0.0444916662011417,en,southpark
terrance,0.0433467757223369,en,southpark
help,0.0430223245168239,en,southpark
stop,0.0429635508494512,en,southpark
tweek,0.0428573850975406,en,southpark
mom,0.0425151833615934,en,southpark
kill,0.0410827934935245,en,southpark
great,0.0403775094850519,en,southpark
talk,0.0403775094850519,en,southpark
work,0.0401424148155611,en,southpark
fuck,0.0400317320151993,en,southpark
big,0.0399908796032199,en,southpark
win,0.0393195834723432,en,southpark
school,0.0386493231994352,en,southpark
dad,0.0382815778430594,en,southpark
new,0.038144110124889,en,southpark
love,0.038144110124889,en,southpark
chef,0.036334905421677,en,southpark
south,0.0361926492722145,en,southpark
ass,0.0359256233773557,en,southpark
asshole,0.0354375467313016,en,southpark
son,0.0354289570410748,en,southpark
play,0.0353229740909989,en,southpark
bad,0.0317965540486362,en,southpark
start,0.0312675910422818,en,southpark
stupid,0.031104017469171,en,southpark
life,0.031032496372791,en,southpark
kenny,0.0308594121019371,en,southpark
like,0.0307386280359274,en,southpark
hankey,0.0301812571109441,en,southpark
money,0.0300333440274549,en,southpark
happen,0.029210512684237,en,southpark
world,0.0285640023431372,en,southpark
believe,0.0285052286757645,en,southpark
home,0.0284464550083917,en,southpark
away,0.0282113603389009,en,southpark
girl,0.0281525866715282,en,southpark
shit,0.0281179226765623,en,southpark
cool,0.0275120571684453,en,southpark
hear,0.0275060763304284,en,southpark
stanley,0.0273420574250531,en,southpark
gay,0.027250288591292,en,southpark
live,0.0269183396567013,en,southpark
long,0.0268595659893286,en,southpark
town,0.026428431284349,en,southpark
barbrady,0.0259558811154119,en,southpark
die,0.0257428663092471,en,southpark
night,0.0255077716397562,en,southpark
fatass,0.0250183709742826,en,southpark
bring,0.0246261666291656,en,southpark
guess,0.0245673929617929,en,southpark
phillip,0.0240502589835981,en,southpark
watch,0.0238621089533203,en,southpark
bebe,0.0237243097883689,en,southpark
understand,0.0231568249448478,en,southpark
nice,0.0230980512774751,en,southpark
head,0.022921730275357,en,southpark
change,0.022921730275357,en,southpark
run,0.0224515409363753,en,southpark
parent,0.0223843073074622,en,southpark
old,0.0223339936016299,en,southpark
muhammad,0.0221912703887047,en,southpark
house,0.0218050305952755,en,southpark
fine,0.0213877148692776,en,southpark
crap,0.021349920146948,en,southpark
ball,0.021151012139007,en,southpark
learn,0.0209821992520575,en,southpark
eat,0.020688330915194,en,southpark
hand,0.0204532362457031,en,southpark
wrong,0.0204532362457031,en,southpark
fat,0.0203392730394001,en,southpark
today,0.019865499571976,en,southpark
bitch,0.0195184728880083,en,southpark
real,0.0193953102329944,en,southpark
alright,0.0192876307070488,en,southpark
stay,0.0191602155635035,en,southpark
care,0.0191014418961308,en,southpark
suck,0.0190759641549653,en,southpark
idea,0.0189838945613854,en,southpark
family,0.0188075735592673,en,southpark
penis,0.0187735375586389,en,southpark
turd,0.018638636875644,en,southpark
randy,0.0186068867474838,en,southpark
shut,0.0185439189863819,en,southpark
lose,0.0185137052224037,en,southpark
problem,0.0185137052224037,en,southpark
broflovski,0.0184105668376759,en,southpark
awesom,0.0183468053811406,en,southpark
fight,0.0183373842202856,en,southpark
marklar,0.0181087542665664,en,southpark
dead,0.0181022895507947,en,southpark
place,0.0179847422160493,en,southpark
suppose,0.0179847422160493,en,southpark
damnit,0.0179580569644256,en,southpark
wendy,0.0176792952717506,en,southpark
remember,0.0175733265444403,en,southpark
token,0.0174781934506981,en,southpark
towelie,0.0172348777822836,en,southpark
fun,0.01714011363644,en,southpark
face,0.0170627752973738,en,southpark
turn,0.0169855898707132,en,southpark
pretty,0.0169442838022531,en,southpark
miss,0.0168092688685951,en,southpark
ready,0.016632947866477,en,southpark
use,0.0165741741991043,en,southpark
hate,0.0164703178217705,en,southpark
dollar,0.0163697799531948,en,southpark
buy,0.0161039848601226,en,southpark
goddamnit,0.0160844526237271,en,southpark
baby,0.0160054022807175,en,southpark
break,0.015640877355926,en,southpark
fag,0.0155765494222565,en,southpark
dammit,0.0155086136712187,en,southpark
stuff,0.015463140113245,en,southpark
sex,0.0154524276804896,en,southpark
matter,0.0153399271842773,en,southpark
fishstick,0.015090628555472,en,southpark
anymore,0.0150498558758985,en,southpark
young,0.0150484198803227,en,southpark
word,0.014810964177923,en,southpark
dumb,0.0147857827754127,en,southpark
tomorrow,0.0146929453949608,en,southpark
cause,0.0146346431758048,en,southpark
game,0.0144559624047195,en,southpark
fart,0.0144163115602661,en,southpark
hope,0.0143407748389413,en,southpark
meet,0.0142820011715686,en,southpark
kick,0.0142075393692628,en,southpark
mysterion,0.0141851908421437,en,southpark
actually,0.0141644538368231,en,southpark
person,0.0141056801694504,en,southpark
father,0.0140345878207784,en,southpark
country,0.0139979001619667,en,southpark
end,0.0139293591673323,en,southpark
second,0.0139293591673323,en,southpark
week,0.0138118118325869,en,southpark
pay,0.0138042591815559,en,southpark
write,0.0137755346396279,en,southpark
stand,0.0136354908304687,en,southpark
send,0.0136265219388749,en,southpark
power,0.0136165362686701,en,southpark
harrassment,0.0135815656999248,en,southpark
song,0.0133899544926508,en,southpark
book,0.0133179280171641,en,southpark
queef,0.0132797531288154,en,southpark
funny,0.0132710474535129,en,southpark
job,0.0131653014914871,en,southpark
check,0.0131653014914871,en,southpark
lie,0.0131065278241144,en,southpark
hard,0.0130477541567416,en,southpark
course,0.012915572968151,en,southpark
teacher,0.0128301413721981,en,southpark
news,0.0127970814730303,en,southpark
awesome,0.01275636161016,en,southpark
tonight,0.0127207115141523,en,southpark
movie,0.0127091489031379,en,southpark
band,0.0125946111623896,en,southpark
welcome,0.0125415465632487,en,southpark
happy,0.0124600174830145,en,southpark
damn,0.0124221032626464,en,southpark
true,0.0123424701482691,en,southpark
super,0.0122857478530231,en,southpark
save,0.0122836964808964,en,southpark
sit,0.0122836964808964,en,southpark
butthole,0.0122704671561073,en,southpark
sweet,0.0122638697449874,en,southpark
free,0.0122046239974271,en,southpark
high,0.0121234950111404,en,southpark
goddammit,0.0120970964269174,en,southpark
marjorine,0.0120725028443776,en,southpark
ginger,0.0120643710540356,en,southpark
special,0.0120486018114056,en,southpark
screw,0.0119348624028585,en,southpark
sick,0.0119287205115262,en,southpark
timmih,0.0117706902732682,en,southpark
student,0.0116900258302842,en,southpark
totally,0.0116240586944508,en,southpark
class,0.0115922750331637,en,southpark
eye,0.0115784124724239,en,southpark
hour,0.0115784124724239,en,southpark
cow,0.0115305947506242,en,southpark
room,0.0115196388050512,en,southpark
forget,0.0114936750267032,en,southpark
whoa,0.0114771424214003,en,southpark
finally,0.0114068352075262,en,southpark
mayor,0.0113543596832359,en,southpark
hooray,0.011316193662026,en,southpark
black,0.0112846507913652,en,southpark
video,0.0112441069504839,en,southpark
earth,0.0111171181830261,en,southpark
mind,0.0111082231334422,en,southpark
goddamn,0.0111009528450527,en,southpark
mother,0.0109906757986968,en,southpark
manbearpig,0.0108652525599398,en,southpark
panda,0.0108208328149649,en,southpark
shoot,0.0108143547965786,en,southpark
pirate,0.0108026431182538,en,southpark
show,0.0107827260559793,en,southpark
open,0.0107555811292059,en,southpark
read,0.0107555811292059,en,southpark
deal,0.0107234803084189,en,southpark
episode,0.0107110905866583,en,southpark
brother,0.0106968074618332,en,southpark
plan,0.0106642345608586,en,southpark
team,0.0106440890718233,en,southpark
question,0.0106380337944605,en,southpark
garrison,0.0106112319868688,en,southpark
body,0.0106049888132983,en,southpark
soon,0.0106049888132983,en,southpark
close,0.0105792601270878,en,southpark
rabble,0.0105489940917191,en,southpark
jimmy,0.0104900569852692,en,southpark
set,0.0104512888027073,en,southpark
comedy,0.0103779985374899,en,southpark
picture,0.010368005823057,en,southpark
hang,0.0103087600754966,en,southpark
spscriptorium,0.010261627417721,en,southpark
chinpokomon,0.010261627417721,en,southpark
car,0.0102342444609096,en,southpark
hurt,0.010190268580376,en,southpark
future,0.0101746851397555,en,southpark
walk,0.0101678444554788,en,southpark
trapper,0.0101537801267635,en,southpark
war,0.0101526805512014,en,southpark
alien,0.0100986177515229,en,southpark
afraid,0.0099915234533607,en,southpark
folk,0.0099567242940496,en,southpark
bastard,0.0099490812120524,en,southpark
hippie,0.0099018894500103,en,southpark
door,0.0098739761186153,en,southpark
hot,0.0098730358328775,en,southpark
whale,0.0098549023197819,en,southpark
doctor,0.0098309982890737,en,southpark
captioning,0.0098307619551954,en,southpark
catch,0.0098152024512426,en,southpark
answer,0.0098152024512426,en,southpark
terrorist,0.0097700304251099,en,southpark
bear,0.0097526329568668,en,southpark
douche,0.0097521085863264,en,southpark
ride,0.0097264951863213,en,southpark
worry,0.0097163025998934,en,southpark
gentleman,0.0096924315188614,en,southpark
party,0.0096924315188614,en,southpark
beat,0.0096924315188614,en,southpark
jimbo,0.0096818168843285,en,southpark
southparknew,0.0096580022755021,en,southpark
lady,0.0096570568523331,en,southpark
morning,0.0096388814491244,en,southpark
poo,0.0096058905025269,en,southpark
goin,0.0096054064717715,en,southpark
pussy,0.0095691878830586,en,southpark
important,0.009521334114379,en,southpark
mouth,0.0094818034835208,en,southpark
sound,0.0094625604470063,en,southpark
hat,0.0094002813051003,en,southpark
woe,0.0093771060555531,en,southpark
lemmiwink,0.0093561897043926,en,southpark
line,0.0092862394448882,en,southpark
dance,0.0092221548563739,en,southpark
hit,0.0091686921101428,en,southpark
titty,0.0091527783720785,en,southpark
internet,0.0091196758930077,en,southpark
poor,0.0089924200779197,en,southpark
towel,0.0089875079190528,en,southpark
drink,0.0089461078816091,en,southpark
fucking,0.0088629452152598,en,southpark
lopez,0.0088483709573267,en,southpark
chicken,0.0088285710933848,en,southpark
dick,0.0087761078312811,en,southpark
butt,0.008769122332071,en,southpark
soundwriter,0.0087525645621738,en,southpark
evil,0.0087498712526233,en,southpark
ample,0.0087016822910367,en,southpark
unwind,0.0086785828729718,en,southpark
paper,0.0086596392936717,en,southpark
cut,0.0084721419011265,en,southpark
fire,0.0084634081016702,en,southpark
sharon,0.0084594210817843,en,southpark
streisand,0.008442774592783,en,southpark
jewish,0.0084362099155909,en,southpark
grow,0.0084352392727237,en,southpark
build,0.0083536504060059,en,southpark
president,0.0083425463313899,en,southpark
struther,0.0083394569914275,en,southpark
toilet,0.008325707966637,en,southpark
drive,0.0082870870995521,en,southpark
kiss,0.0082712448885276,en,southpark
rest,0.0082351589108852,en,southpark
speak,0.0082283134321794,en,southpark
choksondik,0.0081489394199549,en,southpark
mmkay,0.0081489394199549,en,southpark
dog,0.0081318133996041,en,southpark
flute,0.0081310801735917,en,southpark
water,0.0081221444409611,en,southpark
heart,0.0081166674157646,en,southpark
food,0.008110766097434,en,southpark
vote,0.0080815381547138,en,southpark
sing,0.0080754634764253,en,southpark
quick,0.0080711282249802,en,southpark
ned,0.0080691305724401,en,southpark
rainforest,0.0080691305724401,en,southpark
control,0.0080624227906599,en,southpark
robot,0.0080372116009485,en,southpark
spout,0.0079829398248175,en,southpark
television,0.00795251295082,en,southpark
trouble,0.0079389301730836,en,southpark
police,0.0078952792117763,en,southpark
store,0.0078944141935575,en,southpark
wish,0.0078796844255233,en,southpark
principal,0.0078494849565304,en,southpark
gamesphere,0.0078471268488454,en,southpark
red,0.0078314243196906,en,southpark
joke,0.0078283875264846,en,southpark
ahead,0.0078235361894551,en,southpark
bet,0.0078168977605704,en,southpark
present,0.0077611929304026,en,southpark
officer,0.0077025144867502,en,southpark
number,0.0077019471828423,en,southpark
abortion,0.0076747328311475,en,southpark
teach,0.0076466157125168,en,southpark
ground,0.0076455826266795,en,southpark
story,0.007642701435282,en,southpark
scout,0.0076386498800293,en,southpark
pass,0.0075853811886742,en,southpark
tooth,0.0075449191553819,en,southpark
attention,0.007524961653365,en,southpark
piss,0.0075135686179364,en,southpark
cancer,0.0074764177523377,en,southpark
point,0.0074642557563342,en,southpark
white,0.0074566525888998,en,southpark
fish,0.0074359794349196,en,southpark
join,0.0074057184450407,en,southpark
blood,0.0074057184450407,en,southpark
costume,0.0073953129472931,en,southpark
grandma,0.0073953129472931,en,southpark
britney,0.0073594402807212,en,southpark
report,0.0073457629870457,en,southpark
stick,0.0073457629870457,en,southpark
fast,0.007287934754216,en,southpark
city,0.0072843739986474,en,southpark
hayman,0.0072435017066265,en,southpark
bus,0.0072366826568426,en,southpark
possible,0.0072291610868433,en,southpark
act,0.0072279812023597,en,southpark
frog,0.0072232499044233,en,southpark
grader,0.0072073819382617,en,southpark
fella,0.0072066217191401,en,southpark
muslim,0.0071989994505657,en,southpark
canadian,0.0071291914779641,en,southpark
barbra,0.0071172929365106,en,southpark
small,0.0071116137520979,en,southpark
throw,0.007109489707239,en,southpark
vagina,0.0070875093462603,en,southpark
death,0.0070502439596787,en,southpark
blow,0.0070502439596787,en,southpark
retard,0.0070418636851738,en,southpark
dear,0.0069964506587981,en,southpark
different,0.0069940664173525,en,southpark
truth,0.0069940664173525,en,southpark
trent,0.0069922104317708,en,southpark
phone,0.0069787950817498,en,southpark
aid,0.0069422218462228,en,southpark
pull,0.0069317524645581,en,southpark
sense,0.0069317524645581,en,southpark
dream,0.0069277114349374,en,southpark
fudge,0.0069071976855007,en,southpark
wiener,0.0069047961327616,en,southpark
fetus,0.0068951581917326,en,southpark
move,0.0068765190826071,en,southpark
reason,0.0068765190826071,en,southpark
government,0.0068712656593657,en,southpark
club,0.0068447881849264,en,southpark
wok,0.0068303839908978,en,southpark
gerald,0.0068246542934746,en,southpark
chance,0.0068177454152343,en,southpark
spend,0.0068132609694374,en,southpark
heh,0.0068040108255724,en,southpark
pig,0.0067895768836037,en,southpark
sleep,0.0067001980804889,en,southpark
ago,0.0067001980804889,en,southpark
easy,0.0067001980804889,en,southpark
music,0.0066955370875044,en,southpark
crazy,0.0066888248337326,en,southpark
realize,0.006685802583757,en,southpark
homeless,0.0066598545490706,en,southpark
appear,0.0066420602892721,en,southpark
late,0.0066414244131162,en,southpark
jakovasaur,0.0066398765644077,en,southpark
touch,0.0066355237267564,en,southpark
bullcrap,0.0066310400827843,en,southpark
light,0.0066291031834315,en,southpark
temptation,0.0065943532373634,en,southpark
follow,0.0065762779791961,en,southpark
return,0.0065693815331303,en,southpark
entire,0.0065693815331303,en,southpark
sell,0.0065170322316358,en,southpark
commercial,0.0064890579628488,en,southpark
hurry,0.0064747996343899,en,southpark
sign,0.0064651034109981,en,southpark
pick,0.0064651034109981,en,southpark
wonder,0.0064651034109981,en,southpark
humble,0.0064527699146181,en,southpark
sooo,0.0064469289148568,en,southpark
mountain,0.0064416861440849,en,southpark
peruvian,0.0064186265917137,en,southpark
ike,0.0064055636428596,en,southpark
american,0.0063997082121543,en,southpark
later,0.0063985407365151,en,southpark
rich,0.0063914165047713,en,southpark
pant,0.0063837360213706,en,southpark
planetarium,0.0063731060392372,en,southpark
vampire,0.0063592351096625,en,southpark
darsh,0.0063380639932982,en,southpark
safe,0.0063304949319255,en,southpark
drug,0.0063287555586461,en,southpark
ice,0.006290386830846,en,southpark
office,0.0062707732816243,en,southpark
simple,0.0062707732816243,en,southpark
estella,0.0062657704626931,en,southpark
company,0.0062609495525564,en,southpark
pubis,0.0062501664872406,en,southpark
smart,0.0062208034938342,en,southpark
film,0.0062169761623145,en,southpark
sexual,0.0061890218513054,en,southpark
month,0.0061712350741345,en,southpark
probably,0.0061712350741345,en,southpark
ahh,0.0061638399184412,en,southpark
santa,0.0061638399184412,en,southpark
crime,0.0061620115894002,en,southpark
piece,0.006151329981022,en,southpark
choice,0.006151329981022,en,southpark
sandwich,0.0061431420146241,en,southpark
wear,0.0061405466765457,en,southpark
fuckin,0.0061375965624547,en,southpark
mongolian,0.0061375965624547,en,southpark
egg,0.0061302468137478,en,southpark
ring,0.006129202637015,en,southpark
dolphin,0.0061271741761624,en,southpark
tom,0.0061269766241879,en,southpark
bunch,0.0061048110838533,en,southpark
tourette,0.0060916331776469,en,southpark
clubhouse,0.00607485427468,en,southpark
business,0.0060430662511532,en,southpark
disease,0.0060330163599897,en,southpark
hide,0.0060318866804196,en,southpark
whore,0.0060161563616602,en,southpark
flag,0.006012241322434,en,southpark
coon,0.0060093800750232,en,southpark
doot,0.0060046966934142,en,southpark
billy,0.0060022407477023,en,southpark
grade,0.0060009658597596,en,southpark
headin,0.0059851231648576,en,southpark
state,0.0059599423625297,en,southpark
planet,0.0059563640684497,en,southpark
monkey,0.0059551401217703,en,southpark
rock,0.0059527898818948,en,southpark
atheist,0.0059266734653859,en,southpark
laugh,0.005919816808585,en,southpark
giant,0.0059173628532873,en,southpark
hybrid,0.0058969488585778,en,southpark
group,0.0058901289357696,en,southpark
sweetie,0.0058667897050953,en,southpark
ghost,0.0058667897050953,en,southpark
amazing,0.0058257767638955,en,southpark
turkey,0.0058209962189291,en,southpark
bit,0.0058185930698983,en,southpark
able,0.0058185930698983,en,southpark
poof,0.0058051322044045,en,southpark
gun,0.0057964872917395,en,southpark
pee,0.0057949383738666,en,southpark
ticket,0.005794362239256,en,southpark
order,0.0057930000792149,en,southpark
kitty,0.0057793880840144,en,southpark
wha,0.005767881266563,en,southpark
seriously,0.0057650915892716,en,southpark
lice,0.0057633232862349,en,southpark
gobble,0.0057628604564939,en,southpark
mexican,0.0057623744366785,en,southpark
fall,0.0057598194025256,en,southpark
case,0.0057598194025256,en,southpark
stinky,0.0057560496233606,en,southpark
aww,0.0057403214483536,en,southpark
eric,0.0057403214483536,en,southpark
trick,0.0057348225333167,en,southpark
stotch,0.0057344388510793,en,southpark
queefe,0.0057344388510793,en,southpark
cheesy,0.005717391682239,en,southpark
hella,0.0057030525016041,en,southpark
sea,0.0056999295158461,en,southpark
law,0.0056890820901125,en,southpark
cold,0.0056138351283113,en,southpark
certainly,0.0056114930164712,en,southpark
destroy,0.0056114930164712,en,southpark
shelly,0.005563370645089,en,southpark
woohoo,0.005559637994285,en,southpark
imagination,0.0055581307803189,en,southpark
attack,0.0055541134780101,en,southpark
aide,0.0055470635296282,en,southpark
denver,0.0055393407595374,en,southpark
kay,0.0055393407595374,en,southpark
seat,0.0055385322964922,en,southpark
decide,0.0055098545231103,en,southpark
calm,0.005505563313012,en,southpark
nothin,0.0055053992855021,en,southpark
mall,0.0055053992855021,en,southpark
sleigh,0.0055016799357546,en,southpark
exactly,0.005465951065662,en,southpark
meteor,0.0054517922977897,en,southpark
glad,0.0054506087755499,en,southpark
begin,0.0054346701774078,en,southpark
southpark,0.0054326262799699,en,southpark
boyett,0.0054326262799699,en,southpark
cell,0.0054181294204815,en,southpark
faggot,0.0053992495879243,en,southpark
keeper,0.005393359928636,en,southpark
forever,0.0053832174616118,en,southpark
leprechaun,0.005352882364396,en,southpark
mommy,0.0053487281204237,en,southpark
far,0.0053484037309166,en,southpark
test,0.0053402953669042,en,southpark
quiet,0.0053321172804293,en,southpark
animal,0.0053275725200022,en,southpark
soul,0.0053058472067785,en,southpark
clyde,0.0053056159934344,en,southpark
tape,0.0053029522743171,en,southpark
beautiful,0.0052977265444708,en,southpark
poop,0.005283617347975,en,southpark
mkay,0.0052816560945707,en,southpark
okama,0.0052816560945707,en,southpark
daddy,0.0052633848992793,en,southpark
holy,0.0052544972689267,en,southpark
sonofabitch,0.0052482112333516,en,southpark
economy,0.0052478767191179,en,southpark
parking,0.0052456002069087,en,southpark
album,0.0052423495384509,en,southpark
dinner,0.0052375251064655,en,southpark
central,0.0052311970409843,en,southpark
tree,0.0052212934463626,en,southpark
allow,0.0052189250176564,en,southpark
cream,0.0052187615313769,en,southpark
tobacco,0.0052100306146127,en,southpark
minority,0.0052095033641962,en,southpark
lead,0.005195783576203,en,southpark
fly,0.0051798397075119,en,southpark
buddy,0.0051764362992961,en,southpark
alive,0.0051543800377483,en,southpark
device,0.0051357188108873,en,southpark
treefiddy,0.0051308137088605,en,southpark
tugga,0.0051308137088605,en,southpark
testaburger,0.0051308137088605,en,southpark
guinea,0.0051156194522953,en,southpark
step,0.0051133090614257,en,southpark
celebrity,0.0051030054337035,en,southpark
slave,0.0051002158257194,en,southpark
doll,0.0050924332533529,en,southpark
buck,0.0050877754028397,en,southpark
human,0.0050569207924494,en,southpark
wife,0.005054535394053,en,southpark
space,0.0050532355377391,en,southpark
maury,0.0050404568445489,en,southpark
reach,0.0050368694937846,en,southpark
ohhh,0.0050286926372971,en,southpark
burn,0.0050166186252995,en,southpark
normal,0.005016179907411,en,southpark
bar,0.0050128756900167,en,southpark
lame,0.005002317702287,en,southpark
dumbass,0.0049988650963389,en,southpark
apparently,0.0049967193544441,en,southpark
scared,0.0049967193544441,en,southpark
marsh,0.0049867972069945,en,southpark
race,0.0049823199380725,en,southpark
air,0.0049761843191607,en,southpark
smoke,0.0049728593345244,en,southpark
squirt,0.0049716449410774,en,southpark
history,0.0049269046492956,en,southpark
sue,0.0049229158339968,en,southpark
street,0.004917397047507,en,southpark
perfect,0.004917397047507,en,southpark
secret,0.0049154991445368,en,southpark
trap,0.0049029218947551,en,southpark
share,0.0048971753246971,en,southpark
gary,0.0048834995644581,en,southpark
clear,0.0048782143919349,en,southpark
stem,0.0048744678140857,en,southpark
star,0.0048715159153981,en,southpark
prove,0.0048581512999467,en,southpark
girlfriend,0.0048529090305901,en,southpark
disarray,0.0048388385707669,en,southpark
half,0.0048374536743959,en,southpark
skuzzlebutt,0.004829001137751,en,southpark
tenorman,0.004829001137751,en,southpark
harbuck,0.004829001137751,en,southpark
hon,0.0048223269605691,en,southpark
easter,0.0048186511575479,en,southpark
neighbor,0.0048165383596791,en,southpark
shot,0.004816115040428,en,southpark
oink,0.0047918450391471,en,southpark
homosexual,0.0047845939415293,en,southpark
bomb,0.0047726570468854,en,southpark
spirit,0.0047702920055732,en,southpark
lion,0.0047529877743778,en,southpark
talent,0.0047446497274451,en,southpark
millenium,0.0047256922951422,en,southpark
stanny,0.0047256922951422,en,southpark
cover,0.0047180103737935,en,southpark
grandpa,0.0047158594041186,en,southpark
roll,0.0047118989637906,en,southpark
snarf,0.0047112172839338,en,southpark
clean,0.0047018933898168,en,southpark
cat,0.0046964080641597,en,southpark
honey,0.0046865216401298,en,southpark
serve,0.0046865216401298,en,southpark
tampon,0.0046828938131306,en,southpark
smell,0.0046804140572657,en,southpark
caption,0.0046729648266769,en,southpark
jail,0.00466860580985,en,southpark
protest,0.0046659515546054,en,southpark
simpson,0.0046655046865904,en,southpark
coffee,0.0046620556261166,en,southpark
strike,0.0046620556261166,en,southpark
critter,0.0046614736211805,en,southpark
notice,0.0046582887234924,en,southpark
racist,0.0046505631384503,en,southpark
fill,0.0046491423532102,en,southpark
hospital,0.0046491423532102,en,southpark
dress,0.004624856881707,en,southpark
boat,0.0046180218026936,en,southpark
ugly,0.0046180218026936,en,southpark
triangle,0.0046177247966477,en,southpark
taco,0.0046166902398851,en,southpark
raise,0.0046120732714172,en,southpark
weak,0.0045808437729104,en,southpark
goodbye,0.0045680875569158,en,southpark
dam,0.0045648169395602,en,southpark
figure,0.004561922562145,en,southpark
audience,0.0045561947686387,en,southpark
adventure,0.0045507679219978,en,southpark
record,0.00453884542289,en,southpark
prease,0.0045271885666416,en,southpark
stanly,0.0045271885666416,en,southpark
nambla,0.0045271885666416,en,southpark
mephesto,0.0045271885666416,en,southpark
coach,0.0045259064925454,en,southpark
kfc,0.0045195988092219,en,southpark
outside,0.0045151078504013,en,southpark
counselor,0.0045134538500049,en,southpark
dreidel,0.0045076188597901,en,southpark
terrible,0.0045015273648615,en,southpark
praise,0.0044841160113506,en,southpark
rule,0.0044667987203259,en,southpark
period,0.0044572734336864,en,southpark
freak,0.0044572017225046,en,southpark
sister,0.0044549064123959,en,southpark
candy,0.0044506201997239,en,southpark
blanket,0.0044414175623107,en,southpark
slut,0.0044413705527801,en,southpark
cry,0.0044398626064388,en,southpark
friendly,0.0044354965050397,en,southpark
member,0.0044215810955217,en,southpark
ruin,0.0044215810955217,en,southpark
monster,0.0044195352404576,en,southpark
agree,0.0044194021222876,en,southpark
charge,0.0044194021222876,en,southpark
freeze,0.0044055857642247,en,southpark
study,0.0043935274121831,en,southpark
rebecca,0.0043880539156405,en,southpark
finish,0.0043841853194641,en,southpark
ohh,0.0043822042838199,en,southpark
favorite,0.0043787477241056,en,southpark
relax,0.004378197848016,en,southpark
invite,0.0043584156513,en,southpark
network,0.0043351834518615,en,southpark
protect,0.0043345035363852,en,southpark
fair,0.0043345035363852,en,southpark
instead,0.0043345035363852,en,southpark
promise,0.0043345035363852,en,southpark
britche,0.0043230945131688,en,southpark
crip,0.0043230945131688,en,southpark
warcraft,0.0043230945131688,en,southpark
boob,0.0043217808275089,en,southpark
past,0.0043086473982977,en,southpark
weight,0.0043050407254797,en,southpark
christian,0.0043025692677079,en,southpark
yay,0.0043025692677079,en,southpark
final,0.0043005705884355,en,southpark
milk,0.0043001994102369,en,southpark
hair,0.0042999588216853,en,southpark
wall,0.0042999588216853,en,southpark
chaos,0.0042979474818868,en,southpark
cop,0.0042952502070782,en,southpark
cash,0.0042890911760273,en,southpark
dawg,0.0042795158808377,en,southpark
net,0.0042793054319518,en,southpark
steven,0.0042771222583883,en,southpark
force,0.0042743020983799,en,southpark
fault,0.0042402371713841,en,southpark
mark,0.0042269304343457,en,southpark
jakov,0.0042253759955321,en,southpark
native,0.0042248780216691,en,southpark
molest,0.0042217005366435,en,southpark
box,0.0042209318733092,en,southpark
global,0.0042163832528178,en,southpark
halloween,0.0042160619058552,en,southpark
smug,0.004211148386786,en,southpark
cake,0.0042102843765978,en,southpark
shop,0.0042025044812187,en,southpark
urinal,0.0041828662707362,en,southpark
road,0.0041805155210829,en,southpark
margaritaville,0.004177180308462,en,southpark
horrible,0.0041760749160247,en,southpark
huge,0.0041689193186348,en,southpark
festival,0.0041672150603894,en,southpark
ahhh,0.0041620300189112,en,southpark
tough,0.0041597589476091,en,southpark
explain,0.0041538992223692,en,southpark
inside,0.0041538992223692,en,southpark
strong,0.0041538992223692,en,southpark
rabbit,0.0041534637526424,en,southpark
camp,0.0041412633212437,en,southpark
enjoy,0.004126591874426,en,southpark
luck,0.0041207938707817,en,southpark
meeting,0.004098586021909,en,southpark
couple,0.0040879565816624,en,southpark
fact,0.0040879565816624,en,southpark
lesson,0.0040764435856957,en,southpark
rip,0.0040751558605757,en,southpark
silly,0.0040747251200237,en,southpark
doin,0.0040720232869044,en,southpark
form,0.0040698740559022,en,southpark
imaginary,0.004066976799862,en,southpark
completely,0.004065906699802,en,southpark
support,0.004065906699802,en,southpark
rape,0.0040658835157739,en,southpark
manatee,0.0040487597879919,en,southpark
rid,0.0040425884301913,en,southpark
wing,0.0040358422509314,en,southpark
chitty,0.0040331326640227,en,southpark
may,0.0040323654756391,en,southpark
bed,0.0040287108341021,en,southpark
bill,0.0040117381319545,en,southpark
voice,0.0040082092974794,en,southpark
indian,0.0039993819756355,en,southpark
warming,0.0039959546184543,en,southpark
season,0.0039789012765797,en,southpark
land,0.0039762401705087,en,southpark
jump,0.0039762401705087,en,southpark
chewbacca,0.0039660294140697,en,southpark
large,0.0039478072399327,en,southpark
church,0.0039425955258317,en,southpark
sally,0.0039419601922602,en,southpark
semen,0.0039275883593998,en,southpark
valmer,0.0039235634244227,en,southpark
mingie,0.0039235634244227,en,southpark
styler,0.0039235634244227,en,southpark
filepath,0.0039235634244227,en,southpark
battle,0.0039217098139012,en,southpark
crabtree,0.0039161065391831,en,southpark
filmore,0.0039161065391831,en,southpark
pain,0.0039150672448086,en,southpark
list,0.0039150672448086,en,southpark
general,0.0039109273023089,en,southpark
pioneer,0.0039053622928373,en,southpark
bosley,0.0038917465959995,en,southpark
snow,0.0038906915462232,en,southpark
cheat,0.0038898617562313,en,southpark
retarded,0.0038880061860413,en,southpark
ship,0.0038849786597629,en,southpark
action,0.0038848797806339,en,southpark
ridiculous,0.0038823272244721,en,southpark
cure,0.0038819861406369,en,southpark
information,0.003881907269577,en,southpark
lesbo,0.0038791126507381,en,southpark
persian,0.0038611073268334,en,southpark
lesbian,0.0038529253893429,en,southpark
metrosexual,0.003841423676793,en,southpark
nintendo,0.003841423676793,en,southpark
chickenpox,0.003841423676793,en,southpark
perform,0.0038270917896764,en,southpark
elephant,0.0038266239163085,en,southpark
killer,0.0038176217707309,en,southpark
cheese,0.0037999530105641,en,southpark
pinewood,0.003795889566139,en,southpark
pinkeye,0.003795889566139,en,southpark
mascot,0.0037882385080387,en,southpark
bust,0.0037783534954509,en,southpark
finger,0.0037615502637884,en,southpark
trip,0.0037615502637884,en,southpark
miracle,0.0037575083025913,en,southpark
wii,0.0037335816250094,en,southpark
one,0.0037324891563317,en,southpark
moment,0.0037324820963005,en,southpark
respect,0.0037315484677081,en,southpark
scare,0.0037296445008933,en,southpark
pretend,0.0037296445008933,en,southpark
prepare,0.0037267612090826,en,southpark
partner,0.0037228820019292,en,southpark
leader,0.003712066592022,en,southpark
dare,0.0037050942280893,en,southpark
straight,0.0037027410444807,en,southpark
drop,0.0037027410444807,en,southpark
base,0.0037017956520586,en,southpark
age,0.0037017956520586,en,southpark
jeez,0.0037006743434508,en,southpark
code,0.0036998855053656,en,southpark
character,0.0036970535597274,en,southpark
reeve,0.0036966937194709,en,southpark
underpant,0.0036941750391665,en,southpark
ladder,0.0036938783140626,en,southpark
nut,0.0036879248155063,en,southpark
honor,0.0036753009139109,en,southpark
snake,0.0036648209582139,en,southpark
sparky,0.0036625864166418,en,southpark
computer,0.0036586943812063,en,southpark
chinese,0.0036553861437935,en,southpark
chocolate,0.0036553861437935,en,southpark
gross,0.003644955814911,en,southpark
woo,0.0036433703874142,en,southpark
wrestling,0.0036433703874142,en,southpark
bag,0.0036430206683722,en,southpark
strange,0.0036411104774347,en,southpark
minister,0.0036338486340928,en,southpark
dodgeball,0.0036291289280752,en,southpark
earthling,0.0036280112503045,en,southpark
bunny,0.0036261943658902,en,southpark
practice,0.0036235054095073,en,southpark
detective,0.0036219365914625,en,southpark
pubrity,0.0036217508533132,en,southpark
feller,0.0036217508533132,en,southpark
paperer,0.0036217508533132,en,southpark
arium,0.0036217508533132,en,southpark
center,0.0036165256273486,en,southpark
arial,0.0036137646962852,en,southpark
biggle,0.0036137646962852,en,southpark
tuh,0.0036137646962852,en,southpark
spear,0.0036042201036249,en,southpark
videotape,0.0036040778900665,en,southpark
chili,0.0036036909691308,en,southpark
condom,0.003602867514759,en,southpark
cartoon,0.003602867514759,en,southpark
name,0.003583299018071,en,southpark
cross,0.0035804253028107,en,southpark
breast,0.0035772499157121,en,southpark
murphy,0.0035722308783059,en,southpark
purity,0.0035722308783059,en,southpark
queer,0.0035662632340314,en,southpark
closet,0.0035651907399102,en,southpark
aspen,0.0035594138113638,en,southpark
shelley,0.0035594138113638,en,southpark
holiday,0.0035531340498486,en,southpark
dark,0.0035480296906077,en,southpark
religion,0.0035461563183363,en,southpark
bathroom,0.0035416536079505,en,southpark
priest,0.0035394861615539,en,southpark
wonderful,0.0035372648764174,en,southpark
otter,0.0035370773289562,en,southpark
brain,0.0035235773677698,en,southpark
treat,0.0035197401281868,en,southpark
proud,0.0035197401281868,en,southpark
redneck,0.0034961052158854,en,southpark
marry,0.0034868567649076,en,southpark
sneak,0.0034748299549703,en,southpark
chipotle,0.003471423261846,en,southpark
psp,0.003471423261846,en,southpark
magic,0.0034635163520202,en,southpark
smurf,0.0034534724931587,en,southpark
admit,0.0034532264716746,en,southpark
self,0.0034532264716746,en,southpark
bronco,0.0034523980663808,en,southpark
ritalin,0.0034523980663808,en,southpark
paint,0.0034469189783061,en,southpark
spread,0.0034463520368865,en,southpark
player,0.0034374162981337,en,southpark
rican,0.0034358861014063,en,southpark
hostage,0.0034355664699623,en,southpark
psychic,0.0034355138897223,en,southpark
apologize,0.0034293890482837,en,southpark
haha,0.0034275106542932,en,southpark
sar,0.0034275106542932,en,southpark
prize,0.0034269245098064,en,southpark
squirrel,0.0034248225683048,en,southpark
incredible,0.0034231977404883,en,southpark
kelly,0.0034199909563832,en,southpark
art,0.0034188407924855,en,southpark
succubus,0.003414598823816,en,southpark
hut,0.0034083142333875,en,southpark
fourth,0.0034080063019901,en,southpark
debate,0.0034046676180259,en,southpark
japanese,0.0034039955015782,en,southpark
fairy,0.0034027499198237,en,southpark
worth,0.003398369778939,en,southpark
handle,0.003398369778939,en,southpark
faith,0.0033918502685598,en,southpark
security,0.0033915617132518,en,southpark
society,0.0033787281080432,en,southpark
wake,0.0033770076109385,en,southpark
concert,0.0033742527768821,en,southpark
sin,0.003370649726556,en,southpark
simply,0.0033672649451105,en,southpark
rating,0.0033639387633833,en,southpark
french,0.0033614968939605,en,southpark
gas,0.0033535055817232,en,southpark
deep,0.0033500990402444,en,southpark
belong,0.0033477685437522,en,southpark
oooh,0.0033446276509498,en,southpark
plane,0.0033411826490099,en,southpark
antichrist,0.0033405730329031,en,southpark
precious,0.0033390590952616,en,southpark
blue,0.0033377562775917,en,southpark
yeh,0.003335782796571,en,southpark
nose,0.003321030144636,en,southpark
snuke,0.0033199382822038,en,southpark
wuh,0.0033199382822038,en,southpark
bridon,0.0033199382822038,en,southpark
aslan,0.0033199382822038,en,southpark
goddamne,0.0033155200413921,en,southpark
enactment,0.0033155200413921,en,southpark
lock,0.0033110790902942,en,southpark
choose,0.0033110790902942,en,southpark
maxi,0.0033050245117247,en,southpark
fad,0.0033010079614527,en,southpark
homework,0.0032884208745266,en,southpark
rocket,0.0032866814657751,en,southpark
middle,0.0032846907665651,en,southpark
level,0.0032846907665651,en,southpark
continue,0.0032846030995304,en,southpark
hemorrhoid,0.0032807988685008,en,southpark
dry,0.0032735686568688,en,southpark
fool,0.0032735686568688,en,southpark
fightin,0.0032710753786738,en,southpark
birthday,0.0032613944889998,en,southpark
copy,0.0032613944889998,en,southpark
trust,0.0032585161158179,en,southpark
interesting,0.0032585161158179,en,southpark
arrest,0.0032583691985108,en,southpark
lunch,0.0032583691985108,en,southpark
nuke,0.0032581121158022,en,southpark
daughter,0.0032508776522889,en,southpark
brave,0.0032439896016409,en,southpark
machine,0.0032323585674408,en,southpark
radiohead,0.0032258923805113,en,southpark
creature,0.0032251495576776,en,southpark
push,0.0032249691162639,en,southpark
brown,0.0032208430720424,en,southpark
facebook,0.0032189273487167,en,southpark
rally,0.0032078416937912,en,southpark
leg,0.0032065674379835,en,southpark
uhh,0.0032061726859155,en,southpark
feed,0.0031992703682575,en,southpark
smurfs,0.0031945633594314,en,southpark
mccain,0.0031945633594314,en,southpark
visit,0.0031906762142835,en,southpark
famous,0.00318909040254,en,southpark
public,0.0031809921364069,en,southpark
offer,0.0031737780381263,en,southpark
calf,0.003166435747857,en,southpark
naw,0.0031631428143725,en,southpark
treasure,0.0031569587094745,en,southpark
mister,0.0031569587094745,en,southpark
arm,0.0031556290804434,en,southpark
cookie,0.0031495100795326,en,southpark
outta,0.0031483602824948,en,southpark
fake,0.003145193415423,en,southpark
deserve,0.0031449026795608,en,southpark
national,0.0031422688356587,en,southpark
pool,0.0031407116900693,en,southpark
tit,0.0031383116459476,en,southpark
murderin,0.0031328852313465,en,southpark
pal,0.0031312569188261,en,southpark
field,0.0031309387094398,en,southpark
captain,0.0031239559253515,en,southpark
pack,0.0031198192107068,en,southpark
forest,0.0031181187613689,en,southpark
basketball,0.0031106343697369,en,southpark
splice,0.0031081252438428,en,southpark
early,0.0031055258156616,en,southpark
author,0.0031037454525262,en,southpark
pop,0.0030951067668652,en,southpark
pony,0.0030920143853997,en,southpark
size,0.0030904855360979,en,southpark
gold,0.003086659533018,en,southpark
angry,0.0030810057947001,en,southpark
knock,0.0030702733382728,en,southpark
dangerous,0.0030702733382728,en,southpark
celine,0.0030687982812273,en,southpark
mature,0.0030641069827253,en,southpark
curse,0.0030601294954316,en,southpark
round,0.0030586462850067,en,southpark
haaa,0.0030578008968567,en,southpark
povich,0.0030578008968567,en,southpark
mung,0.0030578008968567,en,southpark
found,0.0030573518259208,en,southpark
stone,0.0030560438400178,en,southpark
ninjas,0.0030531348155018,en,southpark
pound,0.0030491975577323,en,southpark
pet,0.003044131747879,en,southpark
ban,0.0030416754206555,en,southpark
chick,0.0030411646457808,en,southpark
award,0.0030365954431042,en,southpark
enter,0.0030319413226435,en,southpark
bris,0.0030242741067293,en,southpark
noooo,0.0030242741067293,en,southpark
com,0.0030215731627152,en,southpark
steal,0.0030215331255766,en,southpark
hallpass,0.0030181257110944,en,southpark
mssen,0.0030181257110944,en,southpark
fonic,0.0030181257110944,en,southpark
toraisin,0.0030181257110944,en,southpark
blainetologist,0.0030181257110944,en,southpark
mcboogerball,0.0030181257110944,en,southpark
chinpokomaster,0.0030181257110944,en,southpark
dreible,0.0030181257110944,en,southpark
pipi,0.0030181257110944,en,southpark
kroff,0.0030181257110944,en,southpark
tzar,0.0030181257110944,en,southpark
lezze,0.0030181257110944,en,southpark
cartmanland,0.0030181257110944,en,southpark
nurse,0.0030124140116297,en,southpark
travel,0.00300772541401,en,southpark
warn,0.00300772541401,en,southpark
event,0.0029974733593065,en,southpark
count,0.0029974570360082,en,southpark
shenanigan,0.002996661613616,en,southpark
clothe,0.0029837156007146,en,southpark
speech,0.0029829106543033,en,southpark
minge,0.0029755056530108,en,southpark
conformist,0.0029755056530108,en,southpark
quintuplet,0.0029755056530108,en,southpark
sand,0.0029700012418322,en,southpark
science,0.0029679053802247,en,southpark
aborted,0.0029663802623291,en,southpark
herpe,0.0029595443902287,en,southpark
research,0.0029589755132852,en,southpark
weapon,0.0029498704622621,en,southpark
accept,0.0029498704622621,en,southpark
gnome,0.0029450452297768,en,southpark
prostitute,0.0029435568586989,en,southpark
passion,0.00293786912674,en,southpark
train,0.0029363004336064,en,southpark
confederate,0.0029342292990691,en,southpark
pizza,0.0029234564067263,en,southpark
uncle,0.002922506457571,en,southpark
wood,0.0029202196693503,en,southpark
slap,0.0029179924569464,en,southpark
smelly,0.002916004639531,en,southpark
scott,0.002916004639531,en,southpark
ignorant,0.0029158043620327,en,southpark
swear,0.0029030416304559,en,southpark
naughty,0.0028995519323357,en,southpark
medicine,0.0028991730932181,en,southpark
truck,0.0028988843248706,en,southpark
scary,0.0028932205018789,en,southpark
king,0.0028932205018789,en,southpark
football,0.0028889990770137,en,southpark
card,0.0028824035217596,en,southpark
hole,0.0028824035217596,en,southpark
aunt,0.0028747607075379,en,southpark
gifford,0.0028718114620676,en,southpark
oho,0.0028718114620676,en,southpark
reiner,0.0028718114620676,en,southpark
universe,0.0028699605119664,en,southpark
gang,0.0028699605119664,en,southpark
wrestle,0.002861100673485,en,southpark
slumber,0.0028530105872251,en,southpark
gather,0.0028523075840166,en,southpark
mess,0.0028522032073238,en,southpark
handicapped,0.0028488038191906,en,southpark
lexu,0.0028469171746042,en,southpark
mccormick,0.0028469171746042,en,southpark
confess,0.0028412031817636,en,southpark
announcement,0.0028295156424712,en,southpark
yesterday,0.0028294675862514,en,southpark
kinda,0.0028293446832682,en,southpark
harley,0.0028280161119922,en,southpark
photo,0.0028274654904725,en,southpark
somethin,0.0028263267154055,en,southpark
cracker,0.0028190123975741,en,southpark
alrighty,0.0028165285481683,en,southpark
murder,0.0028139545822061,en,southpark
left,0.0028139545822061,en,southpark
building,0.0028139545822061,en,southpark
owe,0.0027915180326999,en,southpark
careful,0.0027915180326999,en,southpark
prime,0.0027875382026023,en,southpark
cave,0.0027875382026023,en,southpark
color,0.0027808487771299,en,southpark
korn,0.0027798189971425,en,southpark
mitch,0.0027771472757438,en,southpark
grab,0.0027749141290242,en,southpark
sled,0.0027743615443505,en,southpark
brah,0.0027743615443505,en,southpark
feeling,0.0027692661482461,en,southpark
nation,0.0027677317606527,en,southpark
swim,0.0027644139065808,en,southpark
camera,0.0027570816295092,en,southpark
pie,0.002755821319591,en,southpark
crab,0.0027551339818745,en,southpark
system,0.002752781656506,en,southpark
surprise,0.0027471959138544,en,southpark
tired,0.0027471959138544,en,southpark
toy,0.0027397697721881,en,southpark
stage,0.0027395713707598,en,southpark
ninja,0.0027368141772739,en,southpark
search,0.0027350726339884,en,southpark
ellen,0.0027344047175925,en,southpark
pope,0.0027315557103476,en,southpark
guest,0.0027176290571304,en,southpark
warm,0.0027176290571304,en,southpark
jezuth,0.0027163131399849,en,southpark
molestere,0.0027163131399849,en,southpark
moop,0.0027163131399849,en,southpark
wull,0.0027163131399849,en,southpark
poofball,0.0027163131399849,en,southpark
myslexia,0.0027163131399849,en,southpark
daura,0.0027163131399849,en,southpark
scrotie,0.0027163131399849,en,southpark
erection,0.0027103600578639,en,southpark
table,0.0027090647102407,en,southpark
governor,0.0027026037858046,en,southpark
cult,0.0027026037858046,en,southpark
effect,0.0026959554676598,en,southpark
lawyer,0.0026958800703625,en,southpark
sad,0.0026944206833839,en,southpark
blaine,0.0026939424842663,en,southpark
scrotum,0.0026851984960739,en,southpark
fabrique,0.0026851984960739,en,southpark
geologist,0.0026851984960739,en,southpark
firework,0.0026740738046089,en,southpark
goo,0.0026737436732075,en,southpark
skin,0.0026729118923068,en,southpark
tear,0.0026701476834521,en,southpark
worried,0.0026701476834521,en,southpark
stomach,0.0026700942375809,en,southpark
army,0.0026700942375809,en,southpark
corporation,0.002649201172829,en,southpark
dig,0.0026488632722354,en,southpark
heck,0.002647552056783,en,southpark
crappy,0.002647552056783,en,southpark
detention,0.002645613925016,en,southpark
homeschool,0.0026440196093798,en,southpark
waste,0.0026304358051057,en,southpark
hungry,0.0026304358051057,en,southpark
jar,0.0026283526468918,en,southpark
pimp,0.0026244462357337,en,southpark
mormon,0.0026242201338035,en,southpark
winner,0.002621616453988,en,southpark
boo,0.0026211747692254,en,southpark
colorado,0.0026096740767205,en,southpark
impossible,0.0026094625088282,en,southpark
sun,0.0026091155911998,en,southpark
message,0.0026068128926543,en,southpark
fry,0.002595600061856,en,southpark
corporate,0.0025901219725875,en,southpark
poope,0.002590104369869,en,southpark
area,0.0025897832130913,en,southpark
surgery,0.0025879907604246,en,southpark
olympic,0.002585617694294,en,southpark
short,0.0025680309629509,en,southpark
adult,0.0025669373327353,en,southpark
champion,0.0025534885879107,en,southpark
musical,0.0025529966261836,en,southpark
kindergarten,0.0025513288167786,en,southpark
kidney,0.0025510826108723,en,southpark
idiot,0.0025487773342042,en,southpark
station,0.0025485904089437,en,southpark
prophet,0.0025446083870192,en,southpark
platinum,0.0025446083870192,en,southpark
wee,0.0025374126450585,en,southpark
piggy,0.0025330203219861,en,southpark
crippled,0.0025303302054667,en,southpark
lay,0.0025282550953332,en,southpark
expect,0.0025272676970265,en,southpark
gift,0.0025266177688695,en,southpark
finland,0.0025100140681247,en,southpark
studio,0.0025069966222298,en,southpark
birth,0.0025050055350609,en,southpark
hall,0.0025033172081938,en,southpark
responsibility,0.0025033172081938,en,southpark
scientologist,0.0025018370974282,en,southpark
playset,0.0025018370974282,en,southpark
kowaio,0.0025018370974282,en,southpark
ski,0.0024996137347722,en,southpark
spoiled,0.0024994325481694,en,southpark
doo,0.0024994325481694,en,southpark
summer,0.0024986904334408,en,southpark
flight,0.0024986904334408,en,southpark
demand,0.0024986904334408,en,southpark
wild,0.0024986904334408,en,southpark
shower,0.0024925179352601,en,southpark
key,0.0024883213975336,en,southpark
imagine,0.0024880921595803,en,southpark
focus,0.0024864296672622,en,southpark
merry,0.0024844871807216,en,southpark
fan,0.0024832981025383,en,southpark
shopping,0.0024822808143704,en,southpark
transcipt,0.0024795880441757,en,southpark
angel,0.0024753665721471,en,southpark
jealous,0.0024647023731516,en,southpark
dion,0.0024644624796472,en,southpark
dirty,0.0024634523246478,en,southpark
genius,0.0024588072421656,en,southpark
sheila,0.0024538597743222,en,southpark
pray,0.0024526154268716,en,southpark
starve,0.0024442134959565,en,southpark
board,0.0024437768988831,en,southpark
difficult,0.0024437768988831,en,southpark
arrive,0.0024437768988831,en,southpark
rise,0.0024391295874709,en,southpark
goddamned,0.0024367758385318,en,southpark
clue,0.0024354220479758,en,southpark
visitor,0.0024354220479758,en,southpark
cute,0.0024329354220345,en,southpark
add,0.0024242689255806,en,southpark
upset,0.0024242689255806,en,southpark
nooo,0.0024236846419314,en,southpark
schneider,0.0024236846419314,en,southpark
smoking,0.002422591397624,en,southpark
chipotlaway,0.0024145005688755,en,southpark
dickhole,0.0024145005688755,en,southpark
nibblet,0.0024145005688755,en,southpark
myah,0.0024145005688755,en,southpark
aright,0.0024145005688755,en,southpark
broslofski,0.0024145005688755,en,southpark
durka,0.0024145005688755,en,southpark
sov,0.0024145005688755,en,southpark
coxwald,0.0024145005688755,en,southpark
smurfberrie,0.0024145005688755,en,southpark
snizz,0.0024145005688755,en,southpark
californee,0.0024145005688755,en,southpark
accountabilibuddy,0.0024145005688755,en,southpark
veal,0.0024131920792709,en,southpark
darling,0.0024115086413195,en,southpark
community,0.0024046418129429,en,southpark
airline,0.0024024606460872,en,southpark
tube,0.0024023572416458,en,southpark
shoe,0.0024002868804261,en,southpark
prison,0.0023941017884244,en,southpark
rat,0.0023863285234427,en,southpark
release,0.0023857441023052,en,southpark
complete,0.0023857441023052,en,southpark
motherfucker,0.0023840613054936,en,southpark
anus,0.0023840613054936,en,southpark
quit,0.0023811159527579,en,southpark
underwear,0.002380100718669,en,southpark
natural,0.0023769229866805,en,southpark
beefcake,0.0023724309788368,en,southpark
behavior,0.0023723248637225,en,southpark
gettin,0.0023710965459171,en,southpark
chair,0.0023671804106282,en,southpark
track,0.0023667218103325,en,southpark
religious,0.0023638857649848,en,southpark
fluffy,0.0023615313470117,en,southpark
lotion,0.0023615313470117,en,southpark
shakey,0.0023496639235099,en,southpark
thetan,0.0023496639235099,en,southpark
discover,0.0023482040320798,en,southpark
amusement,0.0023472878950579,en,southpark
singe,0.0023418383510365,en,southpark
quest,0.0023407347817301,en,southpark
someday,0.0023384326218856,en,southpark
spooky,0.0023346216188727,en,southpark
fellow,0.0023339170537387,en,southpark
presentation,0.0023329757773027,en,southpark
condo,0.0023312672154322,en,southpark
dunno,0.0023298296094555,en,southpark
freakin,0.0023292277528397,en,southpark
low,0.0023291443617462,en,southpark
terrific,0.0023195173367615,en,southpark
testicle,0.002317627691076,en,southpark
minion,0.0023142887661258,en,southpark
mega,0.0023142887661258,en,southpark
credit,0.002310754346025,en,southpark
beer,0.002310754346025,en,southpark
village,0.0023026541804178,en,southpark
senior,0.0023026541804178,en,southpark
goth,0.0023004935384271,en,southpark
troop,0.0023004510932607,en,southpark
transcript,0.0023004362314885,en,southpark
smile,0.0022999474422175,en,southpark
foot,0.0022921730275357,en,southpark
contest,0.0022884755950708,en,southpark
remove,0.0022829761422998,en,southpark
horse,0.0022829761422998,en,southpark
scientology,0.0022818309710224,en,southpark
issue,0.0022815960616421,en,southpark
conjoin,0.0022794200284571,en,southpark
couric,0.0022794200284571,en,southpark
cousin,0.002277694826684,en,southpark
neat,0.0022753839609989,en,southpark
peace,0.0022739559919826,en,southpark
excited,0.0022720042013267,en,southpark
handicap,0.0022710389858568,en,southpark
behold,0.0022701871800759,en,southpark
corn,0.0022693303343854,en,southpark
bull,0.0022643506279297,en,southpark
frozen,0.002255912685802,en,southpark
hare,0.0022523126073195,en,southpark
combust,0.0022493315432601,en,southpark
male,0.0022465667253021,en,southpark
porno,0.0022428919880653,en,southpark
seek,0.002241098816013,en,southpark
forgive,0.0022377867005359,en,southpark
dump,0.0022356703878155,en,southpark
keller,0.0022326442989412,en,southpark
elvin,0.0022316292397581,en,southpark
cosby,0.0022316292397581,en,southpark
march,0.0022293153546742,en,southpark
hbc,0.002223855197714,en,southpark
tannenbaum,0.002223855197714,en,southpark
cheville,0.002223855197714,en,southpark
position,0.0022199313032194,en,southpark
boss,0.0022199313032194,en,southpark
dateline,0.0022178010116015,en,southpark
outcast,0.0022157363038149,en,southpark
mad,0.0022107905477608,en,southpark
kitchen,0.0022107905477608,en,southpark
moon,0.0022103649468947,en,southpark
date,0.0022097010611438,en,southpark
sail,0.0022084330495303,en,southpark
main,0.0022051805483465,en,southpark
dawkin,0.0022033496744831,en,southpark
aboot,0.0022033496744831,en,southpark
jew,0.0022033496744831,en,southpark
glass,0.0022022253252048,en,southpark
fucker,0.0022006719743018,en,southpark
program,0.0021999854272008,en,southpark
shirt,0.0021999854272008,en,southpark
crack,0.0021999854272008,en,southpark
receive,0.0021931331143823,en,southpark
mile,0.0021931331143823,en,southpark
boring,0.0021924675353303,en,southpark
collect,0.0021874678131558,en,southpark
bank,0.0021874678131558,en,southpark
pudding,0.002185507155448,en,southpark
jenny,0.002185507155448,en,southpark
double,0.0021846662864608,en,southpark
blame,0.0021823791045792,en,southpark
dragon,0.0021819891670983,en,southpark
sake,0.0021756259588544,en,southpark
score,0.0021731867306793,en,southpark
image,0.0021699153764091,en,southpark
project,0.0021699153764091,en,southpark
professor,0.0021680852686907,en,southpark
puerto,0.0021642556098338,en,southpark
immigrant,0.0021629171289663,en,southpark
recess,0.0021625320621749,en,southpark
townspeople,0.0021615472565844,en,southpark
note,0.0021582665447966,en,southpark
chip,0.0021556911872519,en,southpark
trey,0.002155153987413,en,southpark
bike,0.0021543488262817,en,southpark
bless,0.0021543488262817,en,southpark
serial,0.0021500563872366,en,southpark
fort,0.0021500563872366,en,southpark
definitely,0.0021499794108426,en,southpark
click,0.0021438504438373,en,southpark
fail,0.0021410523995047,en,southpark
settle,0.0021352799734596,en,southpark
cous,0.0021351878809532,en,southpark
hayek,0.0021351878809532,en,southpark
assed,0.002134124264885,en,southpark
sale,0.0021223825991027,en,southpark
awful,0.0021211809097268,en,southpark
sword,0.0021188199719641,en,southpark
loose,0.0021181914838563,en,southpark
laser,0.0021164150057999,en,southpark
cannibal,0.002114855270446,en,southpark
hallway,0.0021147077456594,en,southpark
citizen,0.0021147077456594,en,southpark
evolution,0.0021129490999579,en,southpark
poopsiekin,0.002112687997766,en,southpark
authoritah,0.002112687997766,en,southpark
scriptorium,0.002112687997766,en,southpark
heheh,0.002112687997766,en,southpark
mecha,0.002112687997766,en,southpark
prissypant,0.002112687997766,en,southpark
wus,0.002112687997766,en,southpark
hennifer,0.002112687997766,en,southpark
freckle,0.0021108502683217,en,southpark
seaman,0.0021097988183438,en,southpark
replace,0.0021052746453456,en,southpark
cafeteria,0.0020996755372086,en,southpark
virus,0.0020993756855154,en,southpark
syndrome,0.0020961234893961,en,southpark
choir,0.0020961234893961,en,southpark
companion,0.0020927534123026,en,southpark
fifth,0.0020906536519517,en,southpark
meee,0.002088590154231,en,southpark
hoh,0.002088590154231,en,southpark
somalian,0.002088590154231,en,southpark
bennigan,0.002088590154231,en,southpark
geeze,0.002088590154231,en,southpark
worf,0.002088590154231,en,southpark
channel,0.0020875046125507,en,southpark
boyfriend,0.0020872924729598,en,southpark
chase,0.0020844596593174,en,southpark
snowball,0.0020838013456784,en,southpark
anal,0.0020828604568078,en,southpark
ridicule,0.0020828604568078,en,southpark
singer,0.0020799271636655,en,southpark
spielberg,0.0020722000258701,en,southpark
aagh,0.0020722000258701,en,southpark
spot,0.0020678112221319,en,southpark
profile,0.0020678106291479,en,southpark
fix,0.002063295937213,en,southpark
nuh,0.0020618872479885,en,southpark
ferrari,0.0020618872479885,en,southpark
genetic,0.0020604707044351,en,southpark
scissor,0.0020579908702423,en,southpark
cruise,0.0020578295581608,en,southpark
mistake,0.0020570783580448,en,southpark
beaver,0.002055732008343,en,southpark
solve,0.0020548940062978,en,southpark
letter,0.0020540038631334,en,southpark
loser,0.002053918644293,en,southpark
sport,0.002053918644293,en,southpark
intolerant,0.0020538769081756,en,southpark
gollum,0.0020536478739202,en,southpark
block,0.0020513044754913,en,southpark
beef,0.0020471815516962,en,southpark
fear,0.0020468488921819,en,southpark
status,0.0020391824690287,en,southpark
bury,0.0020375779302878,en,southpark
ancient,0.0020360116434522,en,southpark
cost,0.0020349370279511,en,southpark
hockey,0.002033488399931,en,southpark
absolutely,0.0020305361102402,en,southpark
stereotype,0.0020294134864493,en,southpark
producer,0.0020272938131624,en,southpark
buddha,0.00202500267036,en,southpark
golden,0.0020225635208879,en,southpark
total,0.0020220645831798,en,southpark
official,0.0020220645831798,en,southpark
perfectly,0.0020220645831798,en,southpark
insane,0.0020209604880487,en,southpark
goat,0.0020188047967182,en,southpark
dildo,0.0020161827378195,en,southpark
sparkle,0.0020118783828141,en,southpark
fireman,0.0020063440986258,en,southpark
museum,0.0020063124619299,en,southpark
mighty,0.0020063124619299,en,southpark
condition,0.0020058690659772,en,southpark
court,0.0020051502760066,en,southpark
weekend,0.0020047095894059,en,southpark
detonator,0.0020038579286972,en,southpark
rider,0.0019979773092271,en,southpark
cough,0.0019965211547528,en,southpark
zombie,0.0019936020285161,en,southpark
suffer,0.0019898162424104,en,southpark
switch,0.0019898162424104,en,southpark
claim,0.0019898162424104,en,southpark
certain,0.0019891437338097,en,southpark
bell,0.0019886071028689,en,southpark
language,0.0019854546894832,en,southpark
kindergartner,0.0019836704353405,en,southpark
montage,0.0019830147070348,en,southpark
yell,0.0019802932577177,en,southpark
apple,0.0019800008278881,en,southpark
anatomy,0.0019790223424106,en,southpark
goodnight,0.0019790223424106,en,southpark
upstairs,0.0019732722695283,en,southpark
god,0.0019726503421901,en,southpark
anti,0.0019712644851688,en,southpark
crispy,0.0019701269171003,en,southpark
pregnant,0.0019694504746781,en,southpark
tattle,0.0019650429605312,en,southpark
tour,0.0019642378846478,en,southpark
ghetto,0.0019637941796999,en,southpark
raider,0.0019637941796999,en,southpark
chop,0.001963657192398,en,southpark
yup,0.0019623712391326,en,southpark
congratulation,0.0019581287708739,en,southpark
obviously,0.0019575336224043,en,southpark
view,0.0019568366933998,en,southpark
juvenile,0.001955453770664,en,southpark
husband,0.0019551096694907,en,southpark
consider,0.0019551096694907,en,southpark
doom,0.0019498862617342,en,southpark
illness,0.0019498862617342,en,southpark
confused,0.0019483376383807,en,southpark
gaywad,0.0019458732979997,en,southpark
potbellied,0.0019458732979997,en,southpark
endor,0.0019458732979997,en,southpark
lyric,0.0019438695746884,en,southpark
geez,0.0019438695746884,en,southpark
suggest,0.0019419255879651,en,southpark
lucky,0.0019419255879651,en,southpark
commit,0.001941163612236,en,southpark
disgusting,0.0019409930703184,en,southpark
illegal,0.0019409930703184,en,southpark
orange,0.0019382900408509,en,southpark
jack,0.0019378859364257,en,southpark
celebrate,0.0019378859364257,en,southpark
medicinal,0.0019363633768657,en,southpark
wizard,0.0019348519614962,en,southpark
lad,0.0019348519614962,en,southpark
clone,0.0019348519614962,en,southpark
cast,0.0019314851545974,en,southpark
combustion,0.0019305536634167,en,southpark
afternoon,0.0019269829921282,en,southpark
create,0.0019264460161712,en,southpark
ignore,0.0019256286216875,en,southpark
innocent,0.0019256286216875,en,southpark
sheet,0.0019252029995515,en,southpark
essay,0.0019222507219333,en,southpark
ahhhh,0.0019207118383965,en,southpark
christmastime,0.0019207118383965,en,southpark
portal,0.0019186832077868,en,southpark
somalia,0.0019179989257671,en,southpark
obama,0.0019179989257671,en,southpark
whoopee,0.0019179989257671,en,southpark
talkin,0.0019085233504685,en,southpark
raisin,0.0019071714147345,en,southpark
source,0.0019068953307838,en,southpark
speed,0.0019068953307838,en,southpark
metal,0.0019038469498924,en,southpark
pan,0.0019028155854487,en,southpark
wash,0.0019015383893444,en,southpark
cub,0.0019011177274571,en,southpark
gate,0.001899976505282,en,southpark
brian,0.0018997064384268,en,southpark
cowboy,0.0018980920742667,en,southpark
mock,0.0018980920742667,en,southpark
mackey,0.0018979447830695,en,southpark
poppa,0.0018979447830695,en,southpark
goddam,0.0018979447830695,en,southpark
window,0.0018963606967041,en,southpark
provider,0.0018941192540193,en,southpark
fantastic,0.0018940865316246,en,southpark
comment,0.0018881319157674,en,southpark
union,0.0018863437616474,en,southpark
sore,0.0018863437616474,en,southpark
savior,0.0018861359838882,en,southpark
online,0.0018844625105918,en,southpark
statue,0.0018818388623641,en,southpark
flood,0.001881299338832,en,southpark
interested,0.0018812404133412,en,southpark
tie,0.0018812404133412,en,southpark
font,0.0018803596224772,en,southpark
pot,0.0018787541512956,en,southpark
bite,0.0018764581584948,en,southpark
thanksgive,0.0018754789115649,en,southpark
packer,0.0018744429527168,en,southpark
sync,0.00187258318142,en,southpark
kindly,0.0018702764289414,en,southpark
pond,0.0018702764289414,en,southpark
takeover,0.0018691859306707,en,southpark
ese,0.001864980023283,en,southpark
taste,0.0018648222504466,en,southpark
yea,0.001864366852904,en,southpark
offensive,0.0018642526771759,en,southpark
torture,0.0018635684945596,en,southpark
wipe,0.0018635684945596,en,southpark
clock,0.0018614410009646,en,southpark
page,0.0018614410009646,en,southpark
policeman,0.0018602252553801,en,southpark
goodness,0.001857197264036,en,southpark
tank,0.001857197264036,en,southpark
operation,0.001856033296011,en,southpark
darkness,0.0018540165608139,en,southpark
angle,0.0018538991847533,en,southpark
exciting,0.0018538991847533,en,southpark
responsible,0.0018499427526828,en,southpark
mission,0.0018485267798637,en,southpark
ugh,0.0018483841344802,en,southpark
infect,0.0018483841344802,en,southpark
plastic,0.0018419707890789,en,southpark
victim,0.0018411403193774,en,southpark
lord,0.001840427078272,en,southpark
duct,0.0018377705743471,en,southpark
sticky,0.0018344110955525,en,southpark
romanian,0.0018338933119182,en,southpark
storm,0.0018336263040107,en,southpark
scene,0.0018317978824304,en,southpark
tootin,0.0018275163849521,en,southpark
skylar,0.0018275163849521,en,southpark
daywalker,0.0018275163849521,en,southpark
basement,0.0018269004858481,en,southpark
island,0.0018269004858481,en,southpark
wave,0.0018263809138399,en,southpark
theory,0.0018263809138399,en,southpark
split,0.0018263809138399,en,southpark
liar,0.0018263809138399,en,southpark
plate,0.0018263809138399,en,southpark
aaagh,0.0018254647768179,en,southpark
spaghetti,0.0018245427848492,en,southpark
carnival,0.0018223777262704,en,southpark
extra,0.0018205552387173,en,southpark
north,0.0018188644392438,en,southpark
richard,0.0018169243170464,en,southpark
irene,0.0018145644640376,en,southpark
demon,0.0018130971829451,en,southpark
military,0.0018119831832613,en,southpark
guermo,0.0018108754266566,en,southpark
tadow,0.0018108754266566,en,southpark
orlich,0.0018108754266566,en,southpark
dangit,0.0018108754266566,en,southpark
chritht,0.0018108754266566,en,southpark
allyson,0.0018108754266566,en,southpark
thnk,0.0018108754266566,en,southpark
bahir,0.0018108754266566,en,southpark
naaa,0.0018108754266566,en,southpark
hudhpa,0.0018108754266566,en,southpark
durpa,0.0018108754266566,en,southpark
conifer,0.0018108754266566,en,southpark
harro,0.0018108754266566,en,southpark
fourthie,0.0018108754266566,en,southpark
ohhhn,0.0018108754266566,en,southpark
christh,0.0018108754266566,en,southpark
roostor,0.0018108754266566,en,southpark
negroplasty,0.0018108754266566,en,southpark
disciprine,0.0018108754266566,en,southpark
aaakii,0.0018108754266566,en,southpark
wugh,0.0018108754266566,en,southpark
dukka,0.0018108754266566,en,southpark
imaginationland,0.0018108754266566,en,southpark
sheedy,0.0018108754266566,en,southpark
porcupiney,0.0018108754266566,en,southpark
client,0.0018091706642106,en,southpark
suicide,0.0018042386304653,en,southpark
volcano,0.0018025993152813,en,southpark
damage,0.0017972533802417,en,southpark
novel,0.0017965531813885,en,southpark
percent,0.0017917136560305,en,southpark
difference,0.00178827799426,en,southpark
fit,0.00178827799426,en,southpark
remind,0.00178827799426,en,southpark
afford,0.0017828806890018,en,southpark
quickly,0.0017828806890018,en,southpark
screen,0.0017825953699551,en,southpark
camper,0.0017816344072306,en,southpark
freedom,0.0017800628250539,en,southpark
magical,0.0017759352533877,en,southpark
chin,0.0017759352533877,en,southpark
marvin,0.0017696741914653,en,southpark
desk,0.0017686324382087,en,southpark
schnapp,0.0017685386644781,en,southpark
salisbury,0.0017685386644781,en,southpark
revenge,0.0017682919575158,en,southpark
climb,0.0017682919575158,en,southpark
shocking,0.0017663721828891,en,southpark
catholic,0.0017663721828891,en,southpark
document,0.0017661533292044,en,southpark
papa,0.0017661341152193,en,southpark
immature,0.0017629211552004,en,southpark
croc,0.0017626797395865,en,southpark
skeeter,0.0017626797395865,en,southpark
spelling,0.0017603935849624,en,southpark
hitler,0.0017603935849624,en,southpark
atf,0.0017603303426051,en,southpark
gerbil,0.0017603303426051,en,southpark
shock,0.0017545064915058,en,southpark
frame,0.0017538244664142,en,southpark
mass,0.001751539193901,en,southpark
council,0.0017492922397059,en,southpark
organization,0.0017483428308782,en,southpark
pillow,0.0017468411023859,en,southpark
dork,0.0017439611769188,en,southpark
sle,0.0017409356672831,en,southpark
hunt,0.0017374149774851,en,southpark
disability,0.0017366768715375,en,southpark
janet,0.0017357165745943,en,southpark
neato,0.001735711630923,en,southpark
potpie,0.001735711630923,en,southpark
chapter,0.0017298323504079,en,southpark
smartass,0.0017267362465793,en,southpark
flagpole,0.0017267362465793,en,southpark
douchebag,0.0017267362465793,en,southpark
situation,0.0017266132358373,en,southpark
awareness,0.00172540038588,en,southpark
square,0.001723459489153,en,southpark
sacrifice,0.001723459489153,en,southpark
threat,0.001723459489153,en,southpark
rumor,0.0017227765269064,en,southpark
crew,0.0017227765269064,en,southpark
monitor,0.0017227765269064,en,southpark
hire,0.0017192063786803,en,southpark
comin,0.0017176710154217,en,southpark
singing,0.001717321400527,en,southpark
lawsuit,0.0017159840772105,en,southpark
cruiser,0.0017134204364482,en,southpark
bff,0.0017134204364482,en,southpark
tolerance,0.0017124112841524,en,southpark
classroom,0.0017124112841524,en,southpark
thousand,0.0017115988702441,en,southpark
map,0.0017112915551569,en,southpark
heat,0.0017096302965648,en,southpark
sky,0.0017096302965648,en,southpark
soo,0.001707299411908,en,southpark
belch,0.001707299411908,en,southpark
liposuction,0.001707299411908,en,southpark
duffy,0.001707299411908,en,southpark
tryin,0.0017072223189673,en,southpark
bat,0.0017034955682569,en,southpark
cent,0.001702127973229,en,southpark
addiction,0.0017019977507891,en,southpark
accident,0.0016991848894695,en,southpark
rob,0.0016973942209009,en,southpark
alcohol,0.0016973942209009,en,southpark
tvsubtitle,0.0016954670657689,en,southpark
playground,0.0016954670657689,en,southpark
ozone,0.0016949589577923,en,southpark
non,0.0016946131259526,en,southpark
marshmallow,0.0016942183002171,en,southpark
announce,0.0016893640540216,en,southpark
violence,0.0016893640540216,en,southpark
wrestler,0.0016870285948465,en,southpark
dominant,0.0016870285948465,en,southpark
vaginal,0.0016869986574451,en,southpark
single,0.0016856402641498,en,southpark
noble,0.0016854696007399,en,southpark
baseball,0.0016854696007399,en,southpark
mix,0.0016823417972712,en,southpark
evening,0.0016823417972712,en,southpark
cigarette,0.0016815450677993,en,southpark
tale,0.0016815450677993,en,southpark
twin,0.0016807484469802,en,southpark
neck,0.0016783400254019,en,southpark
gee,0.001672347550244,en,southpark
gene,0.001672347550244,en,southpark
african,0.0016713310814865,en,southpark
bean,0.0016710464339274,en,southpark
style,0.0016700036900406,en,southpark
shovel,0.0016680155532627,en,southpark
glue,0.0016680155532627,en,southpark
wwe,0.0016678913982855,en,southpark
nno,0.0016678913982855,en,southpark
whoopie,0.0016678913982855,en,southpark
aarp,0.0016678913982855,en,southpark
dook,0.0016678913982855,en,southpark
dickface,0.0016678913982855,en,southpark
culture,0.0016674392340956,en,southpark
log,0.0016670245286004,en,southpark
creator,0.0016662883654463,en,southpark
weird,0.0016649484774145,en,southpark
canoe,0.0016648120075644,en,southpark
doorway,0.0016624679368368,en,southpark
lava,0.0016616719982076,en,southpark
floor,0.0016588809316891,en,southpark
weiner,0.001657760020696,en,southpark
nono,0.001657760020696,en,southpark
troupe,0.001657760020696,en,southpark
fee,0.0016577499609397,en,southpark
theme,0.0016577499609397,en,southpark
college,0.0016571725857241,en,southpark
bake,0.0016567980976868,en,southpark
subtitle,0.0016563247871477,en,southpark
championship,0.0016548343337338,en,southpark
subway,0.0016548343337338,en,southpark
courageous,0.0016539954515624,en,southpark
gravy,0.0016539954515624,en,southpark
bowl,0.0016534385413823,en,southpark
risk,0.0016516689939036,en,southpark
finalist,0.0016505039807263,en,southpark
choo,0.0016505039807263,en,southpark
communist,0.0016505039807263,en,southpark
cirque,0.0016505039807263,en,southpark
abduct,0.0016463926961938,en,southpark
elementary,0.0016445856066744,en,southpark
roof,0.0016438752851584,en,southpark
bark,0.0016433407328875,en,southpark
favor,0.0016423015497652,en,southpark
decision,0.0016384997148456,en,southpark
missile,0.0016380413496049,en,southpark
feeding,0.0016380413496049,en,southpark
deficit,0.0016372724858902,en,southpark
nanny,0.0016372699783359,en,southpark
ark,0.0016361362387649,en,southpark
oral,0.0016346511860365,en,southpark
grand,0.0016306972444999,en,southpark
nature,0.0016306972444999,en,southpark
department,0.0016306972444999,en,southpark
knee,0.0016298900480095,en,southpark
scream,0.0016291845992554,en,southpark
entertainment,0.0016269360636571,en,southpark
specie,0.0016269360636571,en,southpark
million,0.001626063951518,en,southpark
shelter,0.001626063951518,en,southpark
galaxy,0.0016235307891594,en,southpark
wide,0.0016167683904389,en,southpark
censor,0.0016163654905597,en,southpark
green,0.0016161792837204,en,southpark
breathe,0.0016161792837204,en,southpark
chore,0.0016157846058501,en,southpark
personality,0.0016150609317493,en,southpark
alcoholic,0.0016150438373746,en,southpark
animate,0.0016137604278523,en,southpark
plunder,0.0016129461902556,en,southpark
conner,0.0016129461902556,en,southpark
director,0.0016125747788388,en,southpark
download,0.0016125422904275,en,southpark
havin,0.0016087947195139,en,southpark
underworld,0.0016087947195139,en,southpark
experiment,0.0016076724275463,en,southpark
writer,0.0016074423201897,en,southpark
load,0.0016046905180729,en,southpark
odd,0.0016046905180729,en,southpark
assure,0.0016037676715247,en,southpark
obvious,0.0016032837189917,en,southpark
antidote,0.0016030863429577,en,southpark
competition,0.0016014714931422,en,southpark
compete,0.0016011961207029,en,southpark
reality,0.0016004202029555,en,southpark
cloud,0.0015992314379096,en,southpark
sub,0.0015992314379096,en,southpark
pole,0.001598341728049,en,southpark
actor,0.001598341728049,en,southpark
flora,0.0015972816797157,en,southpark
faggy,0.0015972816797157,en,southpark
stallone,0.0015972816797157,en,southpark
tubby,0.0015972816797157,en,southpark
suddenly,0.0015918577580373,en,southpark
cup,0.0015918577580373,en,southpark
evidence,0.0015918577580373,en,southpark
drunk,0.0015918577580373,en,southpark
master,0.0015908856822951,en,southpark
survive,0.0015904960682034,en,southpark
usually,0.0015904960682034,en,southpark
hamburger,0.0015895003741583,en,southpark
melt,0.0015874941122311,en,southpark
negative,0.0015874842731434,en,southpark
hunter,0.0015843292581259,en,southpark
theater,0.0015843292581259,en,southpark
destruction,0.0015843292581259,en,southpark
antonio,0.0015842973083446,en,southpark
midget,0.0015826687884392,en,southpark
judge,0.0015791361055434,en,southpark
fishing,0.0015784793547372,en,southpark
refuse,0.0015781202737521,en,southpark
miserable,0.0015747550397663,en,southpark
affect,0.0015746709606246,en,southpark
owner,0.0015746709606246,en,southpark
pleased,0.0015739581928024,en,southpark
cock,0.0015738963383022,en,southpark
popular,0.0015729698723928,en,southpark
gah,0.001572034368425,en,southpark
unfreeze,0.001572034368425,en,southpark
arkansa,0.001572034368425,en,southpark
jenkin,0.0015691558229738,en,southpark
female,0.0015686839255604,en,southpark
bleed,0.0015665236531302,en,southpark
joon,0.0015664426156732,en,southpark
pube,0.0015664426156732,en,southpark
sledding,0.0015664426156732,en,southpark
powerful,0.0015654693547199,en,southpark
carry,0.0015652373881391,en,southpark
makin,0.001563893815585,en,southpark
gain,0.0015619779626757,en,southpark
spell,0.0015616211227101,en,southpark
vehicle,0.0015600457017902,en,southpark
tommy,0.0015585636907845,en,southpark
masturbate,0.0015540626219214,en,southpark
honest,0.0015540185420388,en,southpark
hero,0.0015529308897888,en,southpark
jam,0.001548632334779,en,southpark
scientific,0.0015434931526817,en,southpark
sexually,0.0015434931526817,en,southpark
disorder,0.0015433721686206,en,southpark
flo,0.0015423447721382,en,southpark
krishna,0.0015423447721382,en,southpark
schnapps,0.0015423447721382,en,southpark
fatso,0.0015423447721382,en,southpark
ear,0.001541618960569,en,southpark
original,0.00154050289735,en,southpark
danger,0.00154050289735,en,southpark
unfortunately,0.00154050289735,en,southpark
confuse,0.0015369440185445,en,southpark
mate,0.001535785503656,en,southpark
tune,0.001535785503656,en,southpark
diamond,0.0015343078851618,en,southpark
slowly,0.0015308367158705,en,southpark
naked,0.0015308367158705,en,southpark
nick,0.0015300647477158,en,southpark
doubt,0.0015293231425033,en,southpark
stub,0.0015274310016591,en,southpark
backyard,0.0015268186803748,en,southpark
cutie,0.0015267650322115,en,southpark
bail,0.0015220658739395,en,southpark
lake,0.0015213979184851,en,southpark
rage,0.0015213979184851,en,southpark
cancel,0.0015184632177893,en,southpark
steak,0.0015169226406659,en,southpark
sight,0.0015159706613217,en,southpark
guard,0.0015159706613217,en,southpark
plenty,0.0015159706613217,en,southpark
buffet,0.0015134581200506,en,southpark
substitute,0.0015134581200506,en,southpark
drum,0.0015128868895903,en,southpark
cheer,0.0015123652623457,en,southpark
tea,0.0015123652623457,en,southpark
punch,0.0015123652623457,en,southpark
recorder,0.0015114330199963,en,southpark
clay,0.0015114330199963,en,southpark
disney,0.0015106109074614,en,southpark
yard,0.0015096612769143,en,southpark
pride,0.0015096612769143,en,southpark
teiko,0.0015090628555472,en,southpark
artimus,0.0015090628555472,en,southpark
japaneese,0.0015090628555472,en,southpark
snootch,0.0015090628555472,en,southpark
swingset,0.0015090628555472,en,southpark
woop,0.0015090628555472,en,southpark
richer,0.0015090628555472,en,southpark
queefing,0.0015090628555472,en,southpark
parketeer,0.0015090628555472,en,southpark
confederacah,0.0015090628555472,en,southpark
frizzie,0.0015090628555472,en,southpark
litoral,0.0015090628555472,en,southpark
derp,0.0015090628555472,en,southpark
hildog,0.0015090628555472,en,southpark
jethuth,0.0015090628555472,en,southpark
jaggon,0.0015090628555472,en,southpark
roshambo,0.0015090628555472,en,southpark
gooback,0.0015090628555472,en,southpark
wagh,0.0015090628555472,en,southpark
haibo,0.0015090628555472,en,southpark
malkinson,0.0015090628555472,en,southpark
hakka,0.0015090628555472,en,southpark
gameshow,0.0015090628555472,en,southpark
broloff,0.0015090628555472,en,southpark
gelgamek,0.0015090628555472,en,southpark
yesss,0.0015090628555472,en,southpark
gorak,0.0015090628555472,en,southpark
meecrob,0.0015090628555472,en,southpark
genetically,0.0015089087871106,en,southpark
fancy,0.0015062070058148,en,southpark
defense,0.0015062070058148,en,southpark
snap,0.0015062070058148,en,southpark
draw,0.0015050359501337,en,southpark
relationship,0.001503862707005,en,southpark
convince,0.001503862707005,en,southpark
crowd,0.0015002414649399,en,southpark
polarity,0.0014995543621734,en,southpark
boner,0.0014995543621734,en,southpark
manger,0.0014995543621734,en,southpark
slaughter,0.0014991584898908,en,southpark
exempt,0.001498330806808,en,southpark
bradley,0.001498330806808,en,southpark
classic,0.001498066545136,en,southpark
flow,0.0014973801107622,en,southpark
trash,0.0014973801107622,en,southpark
mental,0.001496017287778,en,southpark
yummy,0.001495347001096,en,southpark
tall,0.001494065877342,en,southpark
thin,0.001494065877342,en,southpark
involve,0.0014930412575296,en,southpark
contact,0.0014918578003573,en,southpark
burial,0.0014914934823232,en,southpark
puppy,0.0014911182879181,en,southpark
declare,0.0014911182879181,en,southpark
aaaagh,0.0014877528265054,en,southpark
superhighway,0.0014877528265054,en,southpark
semitic,0.0014877528265054,en,southpark
gobbler,0.0014877528265054,en,southpark
cont,0.0014877528265054,en,southpark
haa,0.0014877528265054,en,southpark
daa,0.0014877528265054,en,southpark
command,0.0014857578112288,en,southpark
hollywood,0.0014856622597611,en,southpark
spider,0.001485627627988,en,southpark
dancer,0.001485627627988,en,southpark
sunshine,0.001485627627988,en,southpark
sewer,0.0014835336825478,en,southpark
print,0.0014820376912357,en,southpark
wheel,0.0014820376912357,en,southpark
experience,0.0014799542021462,en,southpark
economic,0.0014795926764383,en,southpark
clap,0.0014795926764383,en,southpark
ton,0.0014735766312631,en,southpark
identity,0.0014735766312631,en,southpark
lip,0.0014731784134858,en,southpark
nuts,0.0014731784134858,en,southpark
instance,0.0014703574978467,en,southpark
value,0.0014701203655643,en,southpark
healthy,0.0014701203655643,en,southpark
intestine,0.0014694958143779,en,southpark
manage,0.0014681502168032,en,southpark
purgatory,0.0014671146495345,en,southpark
holiness,0.0014671146495345,en,southpark
voting,0.0014670549344112,en,southpark
phase,0.0014659283832855,en,southpark
proof,0.0014645091373943,en,southpark
probe,0.0014641566428395,en,southpark
employee,0.0014615203886785,en,southpark
solution,0.0014612532287855,en,southpark
easily,0.0014612532287855,en,southpark
murderer,0.0014589962284732,en,southpark
rain,0.0014583118754372,en,southpark
pleasure,0.0014564441909738,en,southpark
christopher,0.0014512830511011,en,southpark
negotiator,0.0014512830511011,en,southpark
pecker,0.001450540018109,en,southpark
boned,0.001450540018109,en,southpark
independence,0.0014490262934519,en,southpark
sector,0.0014490262934519,en,southpark
shove,0.0014469236819182,en,southpark
property,0.0014466102509394,en,southpark
driver,0.0014466102509394,en,southpark
crucify,0.0014464304788286,en,southpark
goldfish,0.0014464304788286,en,southpark
shhh,0.0014464304788286,en,southpark
parade,0.0014461653899174,en,southpark
bob,0.0014416880414499,en,southpark
creek,0.0014416880414499,en,southpark
reward,0.001441324343828,en,southpark
scientist,0.001441324343828,en,southpark
beginning,0.0014412017608798,en,southpark
escape,0.0014412017608798,en,southpark
wind,0.0014412017608798,en,southpark
breath,0.0014412017608798,en,southpark
pressure,0.0014412017608798,en,southpark
possibly,0.0014412017608798,en,southpark
coincidence,0.0014377726446803,en,southpark
abductor,0.001436769324942,en,southpark
rate,0.0014350135751599,en,southpark
likely,0.0014350135751599,en,southpark
review,0.0014349802559832,en,southpark
laboratory,0.0014335693309529,en,southpark
private,0.0014333196072284,en,southpark
belief,0.0014326491606289,en,southpark
press,0.0014296970586757,en,southpark
forward,0.0014296970586757,en,southpark
southern,0.0014267641854297,en,southpark
festive,0.0014265052936125,en,southpark
picket,0.0014265052936125,en,southpark
stare,0.0014261537920083,en,southpark
devil,0.001426076295964,en,southpark
biggie,0.0014258382955928,en,southpark
discriminate,0.0014244019095953,en,southpark
golly,0.0014244019095953,en,southpark
scuse,0.0014244019095953,en,southpark
shape,0.0014235199823064,en,southpark
yahtzee,0.0014234585873021,en,southpark
poopie,0.0014234585873021,en,southpark
salma,0.0014234585873021,en,southpark
rune,0.0014234585873021,en,southpark
godammit,0.0014234585873021,en,southpark
melvin,0.0014234585873021,en,southpark
brush,0.0014231632178792,en,southpark
host,0.0014231632178792,en,southpark
deer,0.0014196358363242,en,southpark
memory,0.0014182894437235,en,southpark
stink,0.0014172795357897,en,southpark
agent,0.0014144951840841,en,southpark
brilliant,0.0014144951840841,en,southpark
league,0.0014144951840841,en,southpark
lovely,0.0014121276559042,en,southpark
lately,0.0014121276559042,en,southpark
diddy,0.0014113279164737,en,southpark
staring,0.0014113279164737,en,southpark
startled,0.0014113279164737,en,southpark
leopold,0.0014113279164737,en,southpark
porn,0.0014082926738897,en,southpark
umm,0.0014082642740841,en,southpark
loo,0.0014072335122145,en,southpark
stevie,0.0014072335122145,en,southpark
exist,0.001406977291103,en,southpark
proper,0.0014030270604627,en,southpark
damien,0.001401889448003,en,southpark
christine,0.001401889448003,en,southpark
funniest,0.001401889448003,en,southpark
pocket,0.0014008348270729,en,southpark
thumb,0.0013963123436612,en,southpark
puke,0.0013959999671071,en,southpark
wrath,0.001395168941535,en,southpark
decorate,0.0013927759012387,en,southpark
fabulous,0.0013927759012387,en,southpark
scratch,0.0013920249720082,en,southpark
nightmare,0.0013920249720082,en,southpark
loud,0.0013920249720082,en,southpark
wet,0.0013916697417005,en,southpark
rehearse,0.0013913341683738,en,southpark
lotty,0.0013899094985712,en,southpark
cuuute,0.0013899094985712,en,southpark
topeka,0.0013899094985712,en,southpark
yother,0.0013899094985712,en,southpark
herro,0.0013899094985712,en,southpark
chanukah,0.0013899094985712,en,southpark
brokaw,0.0013899094985712,en,southpark
stomper,0.0013899094985712,en,southpark
muter,0.0013899094985712,en,southpark
colfax,0.0013899094985712,en,southpark
godda,0.0013899094985712,en,southpark
aaahh,0.0013899094985712,en,southpark
thaaank,0.0013899094985712,en,southpark
triceratop,0.0013899094985712,en,southpark
kewl,0.0013899094985712,en,southpark
common,0.0013896397728782,en,southpark
fresh,0.0013896397728782,en,southpark
bone,0.0013896397728782,en,southpark
muffin,0.0013866181091103,en,southpark
extreme,0.0013844879175474,en,southpark
garbage,0.0013822069532904,en,southpark
handkerchief,0.0013813889972635,en,southpark
putt,0.0013813889972635,en,southpark
primary,0.0013802706559564,en,southpark
personally,0.0013785408147546,en,southpark
west,0.0013771072192786,en,southpark
bloody,0.0013771072192786,en,southpark
humanity,0.0013718863721072,en,southpark
wrap,0.0013697856853799,en,southpark
living,0.0013697856853799,en,southpark
button,0.0013692790961953,en,southpark
vision,0.0013692790961953,en,southpark
stingray,0.0013690985826134,en,southpark
amir,0.0013690985826134,en,southpark
sodomize,0.0013690985826134,en,southpark
uncensored,0.0013690985826134,en,southpark
opportunity,0.0013675363169942,en,southpark
cattle,0.0013672023587962,en,southpark
rumble,0.0013657778551738,en,southpark
powerless,0.0013657778551738,en,southpark
thou,0.0013640434931952,en,southpark
swimming,0.0013609025367599,en,southpark
fountain,0.0013609025367599,en,southpark
grass,0.0013609025367599,en,southpark
harrison,0.0013595498167153,en,southpark
missionary,0.0013595498167153,en,southpark
math,0.0013594549793525,en,southpark
access,0.0013588145285652,en,southpark
nominee,0.0013559671662338,en,southpark
basket,0.0013557800530476,en,southpark
refer,0.0013547724811658,en,southpark
camel,0.0013529423242995,en,southpark
tummy,0.0013529423242995,en,southpark
mankind,0.0013515292087749,en,southpark
tunnel,0.0013498317609346,en,southpark
blind,0.0013479400351812,en,southpark
enemy,0.0013479400351812,en,southpark
truly,0.0013473069920324,en,southpark
term,0.0013458043654029,en,southpark
sexy,0.0013437704248799,en,southpark
flash,0.0013437704248799,en,southpark
moine,0.0013425992480369,en,southpark
humor,0.0013385417838013,en,southpark
audition,0.0013376940656575,en,southpark
engineering,0.0013375627324172,en,southpark
express,0.0013371820301059,en,southpark
elder,0.0013364103325983,en,southpark
eve,0.001335966345328,en,southpark
filthy,0.0013319514400408,en,southpark
anthrax,0.0013318496060515,en,southpark
tolerant,0.0013318496060515,en,southpark
shh,0.0013273779543036,en,southpark
remain,0.0013264743286565,en,southpark
yellow,0.0013262189681368,en,southpark
weather,0.0013262189681368,en,southpark
inform,0.0013262189681368,en,southpark
gimmie,0.0013220098046899,en,southpark
waffle,0.0013215473713291,en,southpark
unh,0.0013193482282737,en,southpark
got,0.0013163374845622,en,southpark
price,0.0013158798686293,en,southpark
juice,0.0013153683498106,en,southpark
curious,0.0013151002281267,en,southpark
immediately,0.0013151002281267,en,southpark
eraser,0.0013121100669017,en,southpark
aaah,0.0013121100669017,en,southpark
mpm,0.0013121100669017,en,southpark
mystery,0.0013114000517271,en,southpark
fece,0.0013089089910119,en,southpark
thanksgiving,0.0013070184376267,en,southpark
parallel,0.0013070184376267,en,southpark
farm,0.0013054176781076,en,southpark
dish,0.0013054176781076,en,southpark
avoid,0.0013053755753126,en,southpark
witness,0.0013053755753126,en,southpark
myrrh,0.0013053688463943,en,southpark
toon,0.0013053688463943,en,southpark
snacky,0.0013053688463943,en,southpark
bandera,0.0013053688463943,en,southpark
yuh,0.0013053688463943,en,southpark
bubbe,0.0013053688463943,en,southpark
ooooh,0.0013053688463943,en,southpark
gumdrop,0.0013053688463943,en,southpark
harrasse,0.0013053688463943,en,southpark
babe,0.0013046278919481,en,southpark
meaning,0.0013046278919481,en,southpark
design,0.0013046278919481,en,southpark
officially,0.0013046278919481,en,southpark
spare,0.0013045577955999,en,southpark
mouse,0.0013030474518094,en,southpark
noise,0.0013008151413855,en,southpark
hail,0.0012999241744895,en,southpark
fragile,0.0012999241744895,en,southpark
vice,0.0012973742628059,en,southpark
swell,0.0012973742628059,en,southpark
casino,0.0012972498171862,en,southpark
sudden,0.0012939953802123,en,southpark
grace,0.0012920487453994,en,southpark
talented,0.001288252612226,en,southpark
memorial,0.0012875739584596,en,southpark
holler,0.0012875709394867,en,southpark
racer,0.0012870357756111,en,southpark
thought,0.0012846314397028,en,southpark
homeland,0.0012843084631143,en,southpark
movement,0.0012839297027218,en,southpark
volunteer,0.0012839297027218,en,southpark
rancher,0.0012837253183427,en,southpark
groovy,0.0012837253183427,en,southpark
tax,0.0012811771945138,en,southpark
calamine,0.001280474558931,en,southpark
ladybug,0.001280474558931,en,southpark
homeschoole,0.001280474558931,en,southpark
psalm,0.001280474558931,en,southpark
fecal,0.001280474558931,en,southpark
arrowhead,0.001280474558931,en,southpark
challenge,0.0012799416424308,en,southpark
interrupt,0.0012799416424308,en,southpark
cripple,0.0012789048630738,en,southpark
turtle,0.0012789048630738,en,southpark
sauce,0.0012767442939553,en,southpark
drama,0.0012750539564298,en,southpark
address,0.0012743886671021,en,southpark
slow,0.0012743886671021,en,southpark
service,0.0012743886671021,en,southpark
excellent,0.0012734862064299,en,southpark
airport,0.0012733565633656,en,southpark
ability,0.0012730456656757,en,southpark
dwarf,0.0012723041935096,en,southpark
cocoa,0.0012723041935096,en,southpark
tender,0.0012716002993267,en,southpark
reading,0.0012704298926443,en,southpark
delay,0.0012704298926443,en,southpark
warp,0.001266510160993,en,southpark
forsake,0.0012661350307514,en,southpark
baptize,0.0012661350307514,en,southpark
adopt,0.0012653947161778,en,southpark
engineer,0.0012653947161778,en,southpark
writing,0.0012641022005549,en,southpark
reporter,0.0012641022005549,en,southpark
especially,0.0012633088844347,en,southpark
positive,0.0012594511651503,en,southpark
wheelchair,0.0012591170706417,en,southpark
liberal,0.0012574239892588,en,southpark
bulldozer,0.0012571731593242,en,southpark
smackdown,0.0012571731593242,en,southpark
happiness,0.0012532848254456,en,southpark
conspiracy,0.0012532848254456,en,southpark
necessary,0.0012532189225041,en,southpark
emergency,0.0012532189225041,en,southpark
swing,0.0012525401365737,en,southpark
opening,0.0012525401365737,en,southpark
abuse,0.0012525401365737,en,southpark
bedroom,0.0012525027675304,en,southpark
intend,0.0012525027675304,en,southpark
foolish,0.0012520299834333,en,southpark
sticker,0.0012519630339093,en,southpark
spontaneous,0.0012519630339093,en,southpark
ranch,0.0012519630339093,en,southpark
walkie,0.0012497162740847,en,southpark
hardly,0.0012493452167204,en,southpark
cotton,0.0012468509526276,en,southpark
verb,0.0012461239537805,en,southpark
meow,0.0012461239537805,en,southpark
busy,0.0012441606987668,en,southpark
nigga,0.001243320015522,en,southpark
guitar,0.0012405401778045,en,southpark
dolla,0.0012397940220878,en,southpark
disfigured,0.0012397940220878,en,southpark
peta,0.0012397940220878,en,southpark
romper,0.0012397940220878,en,southpark
mand,0.0012397940220878,en,southpark
soft,0.0012393299058199,en,southpark
nearly,0.0012393299058199,en,southpark
toxin,0.0012389017747103,en,southpark
bein,0.0012334392050058,en,southpark
activist,0.0012334392050058,en,southpark
jacket,0.0012323511865758,en,southpark
crown,0.0012322560896535,en,southpark
wristband,0.0012322312398236,en,southpark
molester,0.0012322312398236,en,southpark
ballot,0.0012322312398236,en,southpark
yous,0.0012322312398236,en,southpark
liberation,0.0012322312398236,en,southpark
pub,0.0012287482204593,en,southpark
unite,0.0012287482204593,en,southpark
fate,0.0012286284029248,en,southpark
tucker,0.0012269298871611,en,southpark
shopper,0.0012269298871611,en,southpark
slander,0.0012269298871611,en,southpark
chief,0.0012221067479782,en,southpark
anniversary,0.0012216069860713,en,southpark
charlie,0.0012216069860713,en,southpark
sucker,0.0012216069860713,en,southpark
addict,0.0012214999712187,en,southpark
bright,0.0012195647937354,en,southpark
trophy,0.0012180662730362,en,southpark
catcher,0.0012176480918696,en,southpark
icy,0.0012176480918696,en,southpark
seriessub,0.0012149184841803,en,southpark
bother,0.0012137034924782,en,southpark
matt,0.0012135451780714,en,southpark
transplant,0.0012135451780714,en,southpark
hotel,0.0012125762928292,en,southpark
attempt,0.0012125762928292,en,southpark
wine,0.0012125762928292,en,southpark
attend,0.0012121648515694,en,southpark
argument,0.0012121648515694,en,southpark
inspiration,0.0012112828780309,en,southpark
abbot,0.0012097096426917,en,southpark
popeye,0.0012097096426917,en,southpark
nelly,0.0012097096426917,en,southpark
holistic,0.0012097096426917,en,southpark
hurtin,0.0012097096426917,en,southpark
polly,0.0012087153726055,en,southpark
backdoor,0.0012087153726055,en,southpark
popper,0.0012087153726055,en,southpark
chad,0.0012084887259691,en,southpark
katherine,0.0012084887259691,en,southpark
oprah,0.0012084887259691,en,southpark
limbo,0.0012084887259691,en,southpark
bread,0.0012084044260911,en,southpark
scuzzlebutt,0.0012072502844377,en,southpark
authoritay,0.0012072502844377,en,southpark
thoght,0.0012072502844377,en,southpark
sich,0.0012072502844377,en,southpark
futurespeak,0.0012072502844377,en,southpark
wanita,0.0012072502844377,en,southpark
dorrar,0.0012072502844377,en,southpark
mctowelie,0.0012072502844377,en,southpark
supture,0.0012072502844377,en,southpark
dirp,0.0012072502844377,en,southpark
yanagapa,0.0012072502844377,en,southpark
maaaa,0.0012072502844377,en,southpark
edjucate,0.0012072502844377,en,southpark
chatroulette,0.0012072502844377,en,southpark
usss,0.0012072502844377,en,southpark
feedly,0.0012072502844377,en,southpark
daunce,0.0012072502844377,en,southpark
poontang,0.0012072502844377,en,southpark
shmaler,0.0012072502844377,en,southpark
teetle,0.0012072502844377,en,southpark
awaycome,0.0012072502844377,en,southpark
pantheous,0.0012072502844377,en,southpark
shtut,0.0012072502844377,en,southpark
hammerclaw,0.0012072502844377,en,southpark
peludo,0.0012072502844377,en,southpark
rojos,0.0012072502844377,en,southpark
cornwalli,0.0012072502844377,en,southpark
timewall,0.0012072502844377,en,southpark
monkeyball,0.0012072502844377,en,southpark
hasse,0.0012072502844377,en,southpark
poopykin,0.0012072502844377,en,southpark
bobie,0.0012072502844377,en,southpark
bew,0.0012072502844377,en,southpark
mongerer,0.0012072502844377,en,southpark
constillation,0.0012072502844377,en,southpark
sweeet,0.0012072502844377,en,southpark
vladchik,0.0012072502844377,en,southpark
crocky,0.0012072502844377,en,southpark
dreamcast,0.0012072502844377,en,southpark
mprh,0.0012072502844377,en,southpark
polceman,0.0012072502844377,en,southpark
bushwell,0.0012072502844377,en,southpark
flyyy,0.0012072502844377,en,southpark
sledder,0.0012072502844377,en,southpark
hakeem,0.0012072502844377,en,southpark
flexigrip,0.0012072502844377,en,southpark
storehand,0.0012072502844377,en,southpark
laaa,0.0012072502844377,en,southpark
boneration,0.0012072502844377,en,southpark
kau,0.0012072502844377,en,southpark
fingerbang,0.0012072502844377,en,southpark
daaadie,0.0012072502844377,en,southpark
gingervitus,0.0012072502844377,en,southpark
saurus,0.0012072502844377,en,southpark
wga,0.0012072502844377,en,southpark
puppet,0.0012070724477402,en,southpark
trailer,0.0012070724477402,en,southpark
bird,0.0012028257536435,en,southpark
cheap,0.0012023209064714,en,southpark
divine,0.0012012303230436,en,southpark
babysitter,0.0012012303230436,en,southpark
dancing,0.0012011036198566,en,southpark
punk,0.0012004005755938,en,southpark
annoying,0.0012004005755938,en,southpark
shark,0.0012004005755938,en,southpark
flame,0.0011984532361088,en,southpark
aside,0.0011931642617213,en,southpark
coat,0.0011925730013933,en,southpark
package,0.0011925730013933,en,southpark
weigh,0.001191028024354,en,southpark
diarrhea,0.0011907436261019,en,southpark
pumpkin,0.001189145665754,en,southpark
spy,0.001188606248983,en,southpark
exercise,0.001188606248983,en,southpark
pervert,0.0011885298078089,en,southpark
fax,0.0011885298078089,en,southpark
eternity,0.0011885298078089,en,southpark
brainwash,0.0011881985796606,en,southpark
uhhh,0.0011862154894184,en,southpark
nativity,0.0011862154894184,en,southpark
newfoundland,0.0011862154894184,en,southpark
supercool,0.0011862154894184,en,southpark
mccormack,0.0011862154894184,en,southpark
prince,0.0011855482729585,en,southpark
patient,0.0011835902053141,en,southpark
authority,0.0011835902053141,en,southpark
tower,0.0011810662798247,en,southpark
result,0.0011810540919495,en,southpark
bargain,0.0011798287205179,en,southpark
stan,0.0011790257763187,en,southpark
bailout,0.0011790257763187,en,southpark
tard,0.0011790257763187,en,southpark
homosexuality,0.0011790257763187,en,southpark
relecture,0.0011790257763187,en,southpark
testicular,0.0011790257763187,en,southpark
spree,0.0011752807701336,en,southpark
dictionary,0.0011736439475289,en,southpark
copycat,0.0011736439475289,en,southpark
bullshit,0.0011736439475289,en,southpark
prophecy,0.0011736439475289,en,southpark
location,0.001173357941019,en,southpark
spin,0.001173357941019,en,southpark
wuss,0.0011729203616888,en,southpark
homo,0.0011729203616888,en,southpark
classmate,0.0011729203616888,en,southpark
interest,0.0011716304100324,en,southpark
tub,0.0011697325037492,en,southpark
succeed,0.0011697325037492,en,southpark
punish,0.0011692163109428,en,southpark
toe,0.0011692163109428,en,southpark
glorious,0.0011656336077161,en,southpark
sundae,0.0011653684052951,en,southpark
carousel,0.0011653684052951,en,southpark
rough,0.0011646981673416,en,southpark
hook,0.0011646981673416,en,southpark
tad,0.0011626407846125,en,southpark
account,0.0011622855883025,en,southpark
whistle,0.0011597586683807,en,southpark
peanut,0.0011597586683807,en,southpark
determine,0.0011596692372872,en,southpark
viewer,0.001158813845538,en,southpark
communion,0.0011571443830629,en,southpark
script,0.0011557199847077,en,southpark
link,0.0011545054506734,en,southpark
statement,0.0011545054506734,en,southpark
appreciate,0.0011530183178543,en,southpark
concern,0.0011530183178543,en,southpark
emotional,0.001151839127742,en,southpark
jet,0.001151839127742,en,southpark
agency,0.001151839127742,en,southpark
traduction,0.0011507993554602,en,southpark
spending,0.00115026692392,en,southpark
steroid,0.00115026692392,en,southpark
spring,0.0011502181157442,en,southpark
gentle,0.0011499042830151,en,southpark
honestly,0.0011461375857869,en,southpark
dicken,0.0011452953671354,en,southpark
shitty,0.0011452953671354,en,southpark
crawl,0.0011452109432276,en,southpark
quarter,0.0011452109432276,en,southpark
helmet,0.0011451140102811,en,southpark
grocery,0.0011442377975354,en,southpark
beep,0.0011442377975354,en,southpark
pork,0.0011429467065753,en,southpark
era,0.0011429467065753,en,southpark
crisis,0.0011423081699354,en,southpark
magazine,0.0011423081699354,en,southpark
premiere,0.00114120423489,en,southpark
persevere,0.0011409154855112,en,southpark
cochran,0.0011409154855112,en,southpark
asswipe,0.0011409154855112,en,southpark
caa,0.0011409154855112,en,southpark
orca,0.0011409154855112,en,southpark
ethiopian,0.0011409154855112,en,southpark
mol,0.0011409154855112,en,southpark
chat,0.0011408610367712,en,southpark
potato,0.0011401665203332,en,southpark
border,0.0011401665203332,en,southpark
millionaire,0.0011381482126448,en,southpark
nervous,0.0011369779959913,en,southpark
roast,0.0011346651671927,en,southpark
lookin,0.0011346651671927,en,southpark
plot,0.0011342499732745,en,southpark
intelligent,0.0011342499732745,en,southpark
nephew,0.0011342499732745,en,southpark
rope,0.0011328791494604,en,southpark
plague,0.0011318949786332,en,southpark
thief,0.0011305426522245,en,southpark
tip,0.0011278970302537,en,southpark
strength,0.0011268773582923,en,southpark
surround,0.0011268773582923,en,southpark
bing,0.0011261563036597,en,southpark
scavenger,0.0011257868097716,en,southpark
oppress,0.00112466577163,en,southpark
dock,0.0011243910277651,en,southpark
survivor,0.0011243910277651,en,southpark
massive,0.001123549908852,en,southpark
version,0.0011224216483701,en,southpark
teaching,0.0011210290028376,en,southpark
willing,0.0011188933502679,en,southpark
bullet,0.0011178351939077,en,southpark
surrender,0.0011146576773371,en,southpark
committee,0.0011146576773371,en,southpark
drinking,0.0011143183584216,en,southpark
ashamed,0.0011143183584216,en,southpark
capital,0.001114220720991,en,southpark
knight,0.001114220720991,en,southpark
atheism,0.001111927598857,en,southpark
gacy,0.001111927598857,en,southpark
grinchy,0.001111927598857,en,southpark
bulrog,0.001111927598857,en,southpark
goinna,0.001111927598857,en,southpark
whattaya,0.001111927598857,en,southpark
saget,0.001111927598857,en,southpark
fortieth,0.001111927598857,en,southpark
muhamme,0.001111927598857,en,southpark
leven,0.001111927598857,en,southpark
hizzle,0.001111927598857,en,southpark
cya,0.001111927598857,en,southpark
update,0.0011116261560637,en,southpark
flashback,0.0011108589102975,en,southpark
slavery,0.0011108589102975,en,southpark
abomination,0.0011108589102975,en,southpark
carrot,0.001110342638195,en,southpark
athlete,0.001110342638195,en,southpark
recently,0.0011088741262599,en,southpark
twister,0.0011078681519074,en,southpark
rye,0.0011078681519074,en,southpark
crocodile,0.0011078681519074,en,southpark
capitalist,0.0011078681519074,en,southpark
outsmart,0.0011078681519074,en,southpark
unholy,0.0011078681519074,en,southpark
translate,0.0011050467622392,en,southpark
medium,0.001104336885665,en,southpark
secretly,0.0011042165247651,en,southpark
carol,0.0011032228891558,en,southpark
goody,0.0011032228891558,en,southpark
civil,0.0011023285278364,en,southpark
gymnasium,0.0011016748372415,en,southpark
skier,0.0011016748372415,en,southpark
confederacy,0.0011016748372415,en,southpark
cheddar,0.0011003359871509,en,southpark
costa,0.0011003359871509,en,southpark
reincarnation,0.0011003359871509,en,southpark
prehistoric,0.0011003359871509,en,southpark
ter,0.0011003359871509,en,southpark
suspect,0.0010999927136004,en,southpark
asleep,0.0010999927136004,en,southpark
trade,0.0010999927136004,en,southpark
bible,0.0010998300432997,en,southpark
willow,0.0010963904044496,en,southpark
wacky,0.0010963904044496,en,southpark
carton,0.0010963904044496,en,southpark
rec,0.0010963904044496,en,southpark
hoot,0.0010963904044496,en,southpark
education,0.0010955552404809,en,southpark
plain,0.0010955552404809,en,southpark
apart,0.0010923331432304,en,southpark
relay,0.0010920275664032,en,southpark
circle,0.0010911895522896,en,southpark
persecute,0.0010903584595579,en,southpark
apprentice,0.0010903584595579,en,southpark
collin,0.0010903584595579,en,southpark
showdown,0.0010903584595579,en,southpark
itch,0.0010894856571581,en,southpark
operate,0.0010871899099568,en,southpark
belt,0.0010871899099568,en,southpark
political,0.0010861801820528,en,southpark
journey,0.0010861801820528,en,southpark
overcome,0.0010846240424381,en,southpark
adorable,0.0010846240424381,en,southpark
pile,0.0010840426343453,en,southpark
personal,0.0010836258840963,en,southpark
bottle,0.0010824632754654,en,southpark
hangin,0.0010823538594396,en,southpark
darn,0.0010812660310874,en,southpark
fame,0.0010793041815229,en,southpark
license,0.0010783294835102,en,southpark
grant,0.0010778455936259,en,southpark
staff,0.0010778455936259,en,southpark
energy,0.0010778455936259,en,southpark
choreography,0.0010775769937065,en,southpark
boar,0.0010775769937065,en,southpark
protester,0.0010775769937065,en,southpark
alcoholism,0.0010775769937065,en,southpark
bleep,0.0010775769937065,en,southpark
derby,0.0010775769937065,en,southpark
cyborg,0.0010775769937065,en,southpark
jury,0.0010769187634964,en,southpark
belly,0.0010769187634964,en,southpark
communicate,0.0010750498525592,en,southpark
painful,0.0010750498525592,en,southpark
pro,0.0010750498525592,en,southpark
product,0.0010750498525592,en,southpark
duck,0.0010750498525592,en,southpark
sixth,0.0010750281936183,en,southpark
await,0.0010750281936183,en,southpark
castle,0.0010750281936183,en,southpark
askin,0.0010735636512659,en,southpark
dawson,0.0010735636512659,en,southpark
colon,0.0010735636512659,en,southpark
steve,0.0010702570525952,en,southpark
rod,0.0010702570525952,en,southpark
pure,0.001069557221973,en,southpark
atmosphere,0.0010693787216946,en,southpark
chuck,0.001069280564597,en,southpark
apology,0.0010691784476831,en,southpark
standard,0.0010691784476831,en,southpark
career,0.0010691784476831,en,southpark
makeover,0.0010687242286385,en,southpark
doctrine,0.0010670621324425,en,southpark
buh,0.0010670621324425,en,southpark
depository,0.0010670621324425,en,southpark
spaceman,0.0010670621324425,en,southpark
enrique,0.0010670621324425,en,southpark
spirituality,0.0010670621324425,en,southpark
purchase,0.0010655611520326,en,southpark
gum,0.0010655611520326,en,southpark
closely,0.0010655611520326,en,southpark
helicopter,0.0010655611520326,en,southpark
opinion,0.0010652360841285,en,southpark
suit,0.0010652360841285,en,southpark
sample,0.001060871388063,en,southpark
side,0.001060871388063,en,southpark
direct,0.0010605904548634,en,southpark
stranger,0.0010605904548634,en,southpark
colonel,0.0010596669161055,en,southpark
nuclear,0.001059409985982,en,southpark
bun,0.0010577526931202,en,southpark
nipple,0.0010577526931202,en,southpark
sneeze,0.0010577526931202,en,southpark
giver,0.001057427635223,en,southpark
allright,0.001057427635223,en,southpark
discuss,0.0010567326085864,en,southpark
curtain,0.0010562195054172,en,southpark
haiku,0.0010561982055631,en,southpark
dickhead,0.0010561982055631,en,southpark
donnell,0.0010561982055631,en,southpark
caring,0.001055478582619,en,southpark
stale,0.001055478582619,en,southpark
worker,0.001052270295347,en,southpark
local,0.0010520801825014,en,southpark
panic,0.0010520801825014,en,southpark
passage,0.0010496878427577,en,southpark
shaft,0.0010492642255348,en,southpark
harvest,0.0010492642255348,en,southpark
artist,0.0010486465815952,en,southpark
joy,0.0010486465815952,en,southpark
bass,0.0010463767061513,en,southpark
kevin,0.0010463767061513,en,southpark
thrive,0.0010463767061513,en,southpark
investor,0.0010463767061513,en,southpark
acura,0.0010442950771155,en,southpark
puh,0.0010442950771155,en,southpark
smurfette,0.0010442950771155,en,southpark
smithy,0.0010442950771155,en,southpark
yepper,0.0010442950771155,en,southpark
zat,0.0010442950771155,en,southpark
wir,0.0010442950771155,en,southpark
ruh,0.0010442950771155,en,southpark
goodly,0.0010442950771155,en,southpark
weh,0.0010442950771155,en,southpark
poon,0.0010442950771155,en,southpark
ohhhh,0.0010442950771155,en,southpark
yeat,0.0010442950771155,en,southpark
gayness,0.0010442950771155,en,southpark
jalapeo,0.0010442950771155,en,southpark
flip,0.0010437523062753,en,southpark
lab,0.0010437523062753,en,southpark
troubling,0.0010425958770567,en,southpark
nay,0.0010419006728392,en,southpark
pose,0.0010409564705424,en,southpark
annual,0.0010401097365933,en,southpark
topic,0.0010401097365933,en,southpark
behave,0.0010400304678601,en,southpark
violent,0.0010400304678601,en,southpark
performance,0.0010400304678601,en,southpark
bush,0.001039042460523,en,southpark
prop,0.001039042460523,en,southpark
hopeless,0.001039042460523,en,southpark
skinny,0.0010378994102447,en,southpark
entitle,0.0010378994102447,en,southpark
socialist,0.001036100012935,en,southpark
smut,0.001036100012935,en,southpark
clod,0.001036100012935,en,southpark
judaism,0.001036100012935,en,southpark
snout,0.001036100012935,en,southpark
infidel,0.001036100012935,en,southpark
tonsil,0.0010360417479476,en,southpark
lexus,0.0010360417479476,en,southpark
market,0.0010352872598592,en,southpark
guilty,0.0010352872598592,en,southpark
loss,0.0010352872598592,en,southpark
safety,0.0010352872598592,en,southpark
plant,0.0010352872598592,en,southpark
squeal,0.001035240231528,en,southpark
active,0.0010322242877735,en,southpark
successful,0.0010315036418842,en,southpark
customer,0.0010315036418842,en,southpark
jennifer,0.0010300567515893,en,southpark
russian,0.0010289147790804,en,southpark
develop,0.0010269593221465,en,southpark
wedding,0.0010269593221465,en,southpark
roam,0.0010243333913803,en,southpark
badass,0.0010243333913803,en,southpark
goddess,0.0010243333913803,en,southpark
currently,0.0010235907758481,en,southpark
smack,0.0010235907758481,en,southpark
lover,0.0010230642720749,en,southpark
goal,0.0010230642720749,en,southpark
slide,0.0010230642720749,en,southpark
flush,0.0010230642720749,en,southpark
banana,0.0010213689942417,en,southpark
ding,0.0010213689942417,en,southpark
worship,0.0010213689942417,en,southpark
cart,0.0010200431651438,en,southpark
meter,0.0010200431651438,en,southpark
crank,0.0010191172753069,en,southpark
whoop,0.0010191172753069,en,southpark
flower,0.0010187889651439,en,southpark
advice,0.0010187889651439,en,southpark
direction,0.0010187889651439,en,southpark
aware,0.0010187889651439,en,southpark
health,0.0010186812800059,en,southpark
extremist,0.0010169753746753,en,southpark
genesis,0.0010169753746753,en,southpark
yum,0.0010169753746753,en,southpark
downtown,0.0010150537297615,en,southpark
tragic,0.0010150537297615,en,southpark
current,0.0010147105826263,en,southpark
mitchell,0.0010136469065812,en,southpark
rainbow,0.0010136469065812,en,southpark
underway,0.00101250133518,en,southpark
potty,0.00101250133518,en,southpark
depth,0.0010121984810347,en,southpark
stamp,0.0010112817604439,en,southpark
purpose,0.0010106471075478,en,southpark
benefit,0.0010104802440243,en,southpark
logical,0.0010094023983591,en,southpark
cutout,0.0010080913689097,en,southpark
turnin,0.0010080913689097,en,southpark
cholo,0.0010080913689097,en,southpark
clown,0.0010066110176064,en,southpark
meantime,0.0010064408512762,en,southpark
katie,0.0010031720493129,en,southpark
sock,0.0010026278603564,en,southpark
introduce,0.0010025751380033,en,southpark
cook,0.0010025751380033,en,southpark
methane,0.0009988872045386,en,southpark
crunchy,0.0009988872045386,en,southpark
wreak,0.0009985537055288,en,southpark
colony,0.0009985537055288,en,southpark
thompson,0.0009985537055288,en,southpark
memoir,0.0009985537055288,en,southpark
smiley,0.0009985537055288,en,southpark
russell,0.0009985537055288,en,southpark
alert,0.0009982534071748,en,southpark
directly,0.0009982534071748,en,southpark
tart,0.0009943289882154,en,southpark
request,0.0009943035514344,en,southpark
synchro,0.0009942387055682,en,southpark
zoo,0.0009942387055682,en,southpark
soap,0.0009942387055682,en,southpark
superbowl,0.0009918352176702,en,southpark
uuh,0.0009918352176702,en,southpark
commercialism,0.0009918352176702,en,southpark
rockie,0.0009918352176702,en,southpark
sandler,0.0009918352176702,en,southpark
montel,0.0009918352176702,en,southpark
bleh,0.0009918352176702,en,southpark
transform,0.0009904415065074,en,southpark
success,0.0009901466288588,en,southpark
supply,0.000986325171095,en,southpark
available,0.000986325171095,en,southpark
kit,0.0009856322425844,en,southpark
resident,0.0009856322425844,en,southpark
sander,0.0009850634585501,en,southpark
pamphlet,0.0009850634585501,en,southpark
bulk,0.0009829985763674,en,southpark
urine,0.0009828248097629,en,southpark
thumper,0.0009825214802656,en,southpark
washcloth,0.0009825214802656,en,southpark
obese,0.0009825214802656,en,southpark
intolerance,0.0009825214802656,en,southpark
tiding,0.0009825214802656,en,southpark
vietnamese,0.0009816817432589,en,southpark
honorary,0.0009816817432589,en,southpark
rehearsal,0.0009811856195663,en,southpark
riot,0.0009811856195663,en,southpark
major,0.0009784183466999,en,southpark
skill,0.0009784183466999,en,southpark
cycle,0.0009767643893632,en,southpark
explanation,0.0009741688191903,en,southpark
mild,0.0009729373628896,en,southpark
generator,0.0009729373628896,en,southpark
feather,0.0009720732405428,en,southpark
british,0.0009720732405428,en,southpark
mutant,0.0009720015465103,en,southpark
skateboard,0.0009720015465103,en,southpark
reckon,0.0009719347873442,en,southpark
earn,0.000970581806118,en,southpark
correct,0.000970581806118,en,southpark
part,0.000970581806118,en,southpark
hammer,0.0009690365590496,en,southpark
youth,0.0009682012132991,en,southpark
feature,0.0009682012132991,en,southpark
smash,0.0009657425772987,en,southpark
midnight,0.0009657425772987,en,southpark
role,0.0009657425772987,en,southpark
laundromat,0.0009652768317083,en,southpark
sour,0.0009632313473357,en,southpark
accord,0.0009632230080856,en,southpark
kingdom,0.0009630999872564,en,southpark
hose,0.0009630999872564,en,southpark
friggin,0.0009611253609666,en,southpark
footage,0.0009608828958853,en,southpark
victory,0.0009608828958853,en,southpark
naturally,0.0009608828958853,en,southpark
technology,0.0009608828958853,en,southpark
offend,0.0009597499773861,en,southpark
frank,0.0009597499773861,en,southpark
tiger,0.0009597499773861,en,southpark
que,0.0009593416038934,en,southpark
travis,0.0009593416038934,en,southpark
rudolph,0.0009589994628835,en,southpark
motherfucke,0.0009589994628835,en,southpark
alabama,0.0009589994628835,en,southpark
topical,0.0009589994628835,en,southpark
require,0.0009584953673367,en,southpark
backup,0.000957824810321,en,southpark
spit,0.000957824810321,en,southpark
threaten,0.0009551146548224,en,southpark
barely,0.0009551146548224,en,southpark
invasion,0.0009542616752342,en,southpark
fulfill,0.000953700224495,en,southpark
cruel,0.0009528224194832,en,southpark
italian,0.0009514077927243,en,southpark
legal,0.0009507691946722,en,southpark
capable,0.0009507691946722,en,southpark
hay,0.0009505588637285,en,southpark
approve,0.000949988252641,en,southpark
deeply,0.000949988252641,en,southpark
wise,0.000949988252641,en,southpark
troublemaker,0.0009496012730635,en,southpark
meatloaf,0.0009496012730635,en,southpark
cha,0.0009496012730635,en,southpark
shun,0.0009496012730635,en,southpark
unpatriotic,0.0009489723915347,en,southpark
quint,0.0009489723915347,en,southpark
absorbent,0.0009489723915347,en,southpark
chee,0.0009489723915347,en,southpark
multiplication,0.0009489723915347,en,southpark
homophobe,0.0009489723915347,en,southpark
http,0.0009455543059939,en,southpark
airplane,0.0009455543059939,en,southpark
profit,0.0009448530238598,en,southpark
carefully,0.0009448530238598,en,southpark
bravo,0.0009443378029813,en,southpark
burger,0.0009431718808237,en,southpark
cherry,0.0009431718808237,en,southpark
professional,0.0009431148944227,en,southpark
attract,0.0009422312552959,en,southpark
terrorism,0.0009402246161069,en,southpark
match,0.0009399141918781,en,southpark
kin,0.0009372214763584,en,southpark
seer,0.0009372214763584,en,southpark
deform,0.0009372214763584,en,southpark
cesar,0.0009372214763584,en,southpark
onward,0.0009372214763584,en,southpark
rectum,0.0009372214763584,en,southpark
digital,0.0009369740561817,en,southpark
resource,0.000936972673626,en,southpark
contestant,0.0009351337000587,en,southpark
furry,0.0009351337000587,en,southpark
haul,0.0009350395680485,en,southpark
spray,0.0009350395680485,en,southpark
dictator,0.0009345929653353,en,southpark
livin,0.0009345929653353,en,southpark
uterus,0.0009345929653353,en,southpark
bailey,0.0009345929653353,en,southpark
sissy,0.0009345929653353,en,southpark
century,0.0009345522190422,en,southpark
tight,0.0009324111252233,en,southpark
appearance,0.0009291794008674,en,southpark
rebuild,0.0009285172674925,en,southpark
peaceful,0.0009270082804069,en,southpark
sting,0.0009270082804069,en,southpark
royal,0.000926095891609,en,southpark
grey,0.000926095891609,en,southpark
evacuate,0.000926095891609,en,southpark
ruler,0.0009235437597916,en,southpark
hardcore,0.0009235437597916,en,southpark
historic,0.0009235437597916,en,southpark
wander,0.0009214713021936,en,southpark
obey,0.000920213539136,en,southpark
civilization,0.000920213539136,en,southpark
pedophile,0.0009201974153708,en,southpark
shuck,0.0009201974153708,en,southpark
godspeed,0.0009201974153708,en,southpark
chic,0.0009201974153708,en,southpark
bully,0.0009201804373043,en,southpark
reflect,0.0009201804373043,en,southpark
hundred,0.0009194218696546,en,southpark
river,0.0009194218696546,en,southpark
barrier,0.0009172055477762,en,southpark
nancy,0.0009172055477762,en,southpark
digitally,0.0009169466559591,en,southpark
jared,0.0009169466559591,en,southpark
sparrow,0.0009169466559591,en,southpark
lar,0.0009169466559591,en,southpark
subject,0.0009131904569199,en,southpark
wire,0.0009131904569199,en,southpark
grandmama,0.0009127323884089,en,southpark
revamp,0.0009127323884089,en,southpark
kickass,0.0009127323884089,en,southpark
krazy,0.0009127323884089,en,southpark
sauerkraut,0.0009127323884089,en,southpark
louse,0.0009127323884089,en,southpark
jap,0.0009127323884089,en,southpark
hick,0.0009122713924246,en,southpark
training,0.0009119675893007,en,southpark
sentence,0.0009119675893007,en,southpark
hopefully,0.0009119675893007,en,southpark
ally,0.0009119602099681,en,southpark
lick,0.0009119602099681,en,southpark
technique,0.0009112389537277,en,southpark
amigo,0.0009105185701158,en,southpark
needy,0.0009105185701158,en,southpark
jackass,0.0009084621585232,en,southpark
drunken,0.0009084621585232,en,southpark
melody,0.0009063665444768,en,southpark
leslie,0.0009063665444768,en,southpark
pageant,0.0009063665444768,en,southpark
hack,0.0009063033195683,en,southpark
reveal,0.0009063033195683,en,southpark
appropriate,0.0009063033195683,en,southpark
recognize,0.0009058763523768,en,southpark
drordy,0.0009054377133283,en,southpark
benedicali,0.0009054377133283,en,southpark
pepete,0.0009054377133283,en,southpark
spectacularrr,0.0009054377133283,en,southpark
hollise,0.0009054377133283,en,southpark
huhey,0.0009054377133283,en,southpark
muhammed,0.0009054377133283,en,southpark
talingharr,0.0009054377133283,en,southpark
douchie,0.0009054377133283,en,southpark
atahh,0.0009054377133283,en,southpark
durrrr,0.0009054377133283,en,southpark
pengon,0.0009054377133283,en,southpark
godess,0.0009054377133283,en,southpark
willzy,0.0009054377133283,en,southpark
zypod,0.0009054377133283,en,southpark
vampir,0.0009054377133283,en,southpark
dreamwork,0.0009054377133283,en,southpark
bumbly,0.0009054377133283,en,southpark
buttsex,0.0009054377133283,en,southpark
jewleeard,0.0009054377133283,en,southpark
monvert,0.0009054377133283,en,southpark
congradulation,0.0009054377133283,en,southpark
roughrider,0.0009054377133283,en,southpark
catatonick,0.0009054377133283,en,southpark
odifaner,0.0009054377133283,en,southpark
stanzizhouse,0.0009054377133283,en,southpark
daaance,0.0009054377133283,en,southpark
ailnay,0.0009054377133283,en,southpark
waaa,0.0009054377133283,en,southpark
srilanka,0.0009054377133283,en,southpark
hypocracy,0.0009054377133283,en,southpark
ugnh,0.0009054377133283,en,southpark
lehrer,0.0009054377133283,en,southpark
khuutel,0.0009054377133283,en,southpark
romania,0.0009054377133283,en,southpark
fagghecini,0.0009054377133283,en,southpark
hooo,0.0009054377133283,en,southpark
chaparone,0.0009054377133283,en,southpark
seriuosly,0.0009054377133283,en,southpark
heey,0.0009054377133283,en,southpark
nerdo,0.0009054377133283,en,southpark
hyeah,0.0009054377133283,en,southpark
airrine,0.0009054377133283,en,southpark
lemmie,0.0009054377133283,en,southpark
gagne,0.0009054377133283,en,southpark
skylarking,0.0009054377133283,en,southpark
controler,0.0009054377133283,en,southpark
bullriding,0.0009054377133283,en,southpark
mulla,0.0009054377133283,en,southpark
peehole,0.0009054377133283,en,southpark
bewbs,0.0009054377133283,en,southpark
outlander,0.0009054377133283,en,southpark
gingerfication,0.0009054377133283,en,southpark
claridge,0.0009054377133283,en,southpark
efsm,0.0009054377133283,en,southpark
xerxe,0.0009054377133283,en,southpark
ripoff,0.0009054377133283,en,southpark
bulla,0.0009054377133283,en,southpark
treehouse,0.0009054377133283,en,southpark
persh,0.0009054377133283,en,southpark
channukah,0.0009054377133283,en,southpark
sharron,0.0009054377133283,en,southpark
mckormick,0.0009054377133283,en,southpark
cockshell,0.0009054377133283,en,southpark
ogh,0.0009054377133283,en,southpark
ilefay,0.0009054377133283,en,southpark
torsonic,0.0009054377133283,en,southpark
futura,0.0009054377133283,en,southpark
yaaay,0.0009054377133283,en,southpark
aguillera,0.0009054377133283,en,southpark
youuu,0.0009054377133283,en,southpark
reave,0.0009054377133283,en,southpark
willzyx,0.0009054377133283,en,southpark
eyesocket,0.0009054377133283,en,southpark
nuking,0.0009054377133283,en,southpark
cheesing,0.0009054377133283,en,southpark
moooop,0.0009054377133283,en,southpark
limosine,0.0009054377133283,en,southpark
theh,0.0009054377133283,en,southpark
askjeeve,0.0009054377133283,en,southpark
sopapilla,0.0009054377133283,en,southpark
rearry,0.0009054377133283,en,southpark
dadumb,0.0009054377133283,en,southpark
blarg,0.0009054377133283,en,southpark
somethng,0.0009054377133283,en,southpark
fartboy,0.0009054377133283,en,southpark
ethernopian,0.0009054377133283,en,southpark
wumbly,0.0009054377133283,en,southpark
circumsticion,0.0009054377133283,en,southpark
normally,0.0009045853321053,en,southpark
acid,0.0009038533686984,en,southpark
combine,0.0009038533686984,en,southpark
bee,0.0009038533686984,en,southpark
payment,0.000903496222369,en,southpark
haunt,0.000903496222369,en,southpark
assign,0.000903496222369,en,southpark
blessed,0.0009012996576406,en,southpark
insensitive,0.0009010194725166,en,southpark
absent,0.0009010194725166,en,southpark
delete,0.0008998609445179,en,southpark
fiber,0.0008998609445179,en,southpark
reverse,0.0008988399270816,en,southpark
vacation,0.0008988399270816,en,southpark
generation,0.0008988399270816,en,southpark
borrow,0.0008986266901208,en,southpark
breakfast,0.0008986266901208,en,southpark
napoleon,0.0008979808280887,en,southpark
signal,0.0008972737196028,en,southpark
lonely,0.0008972737196028,en,southpark
satellite,0.0008958568280152,en,southpark
definition,0.0008958568280152,en,southpark
goose,0.0008958568280152,en,southpark
method,0.0008958451231189,en,southpark
diet,0.0008958451231189,en,southpark
disappear,0.0008958247545177,en,southpark
rejoice,0.0008930577195764,en,southpark
smear,0.0008917084882781,en,southpark
ant,0.0008917084882781,en,southpark
drag,0.0008914403445009,en,southpark
nominate,0.0008906129354567,en,southpark
attic,0.0008906129354567,en,southpark
snort,0.0008906129354567,en,southpark
incision,0.0008906129354567,en,southpark
queen,0.0008900314125269,en,southpark
row,0.0008900314125269,en,southpark
winter,0.0008882835124621,en,southpark
testing,0.0008879676266938,en,southpark
broadcast,0.0008830670576096,en,southpark
denial,0.0008830670576096,en,southpark
secure,0.0008828571093384,en,southpark
louder,0.0008825783113247,en,southpark
meth,0.0008825783113247,en,southpark
elect,0.0008825783113247,en,southpark
vulgarity,0.0008813398697932,en,southpark
loch,0.0008813398697932,en,southpark
repopulate,0.0008813398697932,en,southpark
blech,0.0008813398697932,en,southpark
beefy,0.0008813398697932,en,southpark
podcast,0.0008813398697932,en,southpark
swimmingly,0.0008813398697932,en,southpark
mccullough,0.0008813398697932,en,southpark
heil,0.0008813398697932,en,southpark
pilot,0.0008808093212282,en,southpark
safely,0.0008808093212282,en,southpark
usher,0.0008802329606467,en,southpark
wretched,0.0008802329606467,en,southpark
harmful,0.0008802329606467,en,southpark
england,0.0008801967924812,en,southpark
patrick,0.0008801967924812,en,southpark
tolerate,0.000880182921181,en,southpark
firewood,0.0008801651713025,en,southpark
conscientious,0.0008801651713025,en,southpark
eww,0.0008801651713025,en,southpark
liking,0.0008801651713025,en,southpark
heathen,0.0008801651713025,en,southpark
bore,0.0008769122332071,en,southpark
prisoner,0.0008769122332071,en,southpark
defend,0.0008757495448211,en,southpark
scramble,0.0008748659164885,en,southpark
splash,0.0008748659164885,en,southpark
camping,0.0008736220531226,en,southpark
type,0.0008702503835417,en,southpark
trigger,0.0008697519279654,en,southpark
fortune,0.0008697519279654,en,southpark
handsome,0.0008697519279654,en,southpark
marriage,0.0008687074887425,en,southpark
tic,0.0008678582872971,en,southpark
mint,0.0008667899885307,en,southpark
pete,0.0008667899885307,en,southpark
blade,0.0008649161752039,en,southpark
datum,0.0008649161752039,en,southpark
lobster,0.0008648332114574,en,southpark
gallon,0.0008648332114574,en,southpark
gathering,0.0008648332114574,en,southpark
spokesman,0.0008633681232896,en,southpark
burritos,0.0008633681232896,en,southpark
nevermind,0.0008633681232896,en,southpark
represent,0.0008617297445765,en,southpark
calculation,0.0008601237543215,en,southpark
whip,0.0008588916174905,en,southpark
bout,0.000857428982567,en,southpark
stain,0.000857428982567,en,southpark
include,0.0008564209598018,en,southpark
election,0.0008562056420762,en,southpark
tha,0.0008559031761675,en,southpark
judgement,0.0008559031761675,en,southpark
cardinal,0.0008559031761675,en,southpark
tivo,0.0008559031761675,en,southpark
declaration,0.0008559031761675,en,southpark
mirror,0.0008556457775784,en,southpark
sharpener,0.000853649705954,en,southpark
starvin,0.000853649705954,en,southpark
craig,0.000853649705954,en,southpark
shizzle,0.000853649705954,en,southpark
lolly,0.000853649705954,en,southpark
mountie,0.000853649705954,en,southpark
homeschooling,0.000853649705954,en,southpark
jefferson,0.000853649705954,en,southpark
unmask,0.000853649705954,en,southpark
tah,0.000853649705954,en,southpark
entry,0.0008517477841284,en,southpark
ditch,0.0008517477841284,en,southpark
vomit,0.0008509988753945,en,southpark
importance,0.0008509988753945,en,southpark
thingy,0.0008504429389262,en,southpark
valve,0.0008504429389262,en,southpark
inner,0.0008500359709532,en,southpark
chamber,0.0008500359709532,en,southpark
hip,0.0008500359709532,en,southpark
symbol,0.0008500359709532,en,southpark
gig,0.0008500359709532,en,southpark
occur,0.0008486971104504,en,southpark
jerk,0.0008486971104504,en,southpark
limit,0.0008486971104504,en,southpark
betray,0.0008486971104504,en,southpark
mail,0.0008479625671399,en,southpark
superhero,0.0008477335328844,en,southpark
damned,0.0008477335328844,en,southpark
european,0.0008477335328844,en,southpark
animation,0.0008474794788961,en,southpark
wyoming,0.0008474794788961,en,southpark
eskimo,0.0008474794788961,en,southpark
purse,0.0008446820270108,en,southpark
conscience,0.0008446820270108,en,southpark
conclusion,0.0008427348003699,en,southpark
golf,0.0008427348003699,en,southpark
tissue,0.0008427348003699,en,southpark
flat,0.0008418162362776,en,southpark
deliver,0.0008411708986356,en,southpark
apply,0.0008411708986356,en,southpark
democracy,0.0008409846908458,en,southpark
worldwide,0.0008409846908458,en,southpark
smokin,0.0008409846908458,en,southpark
outbreak,0.0008409846908458,en,southpark
jelly,0.0008394113804278,en,southpark
taxis,0.0008394113804278,en,southpark
object,0.0008376926579526,en,southpark
junior,0.0008376926579526,en,southpark
individual,0.0008376926579526,en,southpark
horror,0.0008356655407432,en,southpark
tomato,0.0008356655407432,en,southpark
vegetable,0.0008356655407432,en,southpark
web,0.0008355232169637,en,southpark
ceremony,0.0008355232169637,en,southpark
highway,0.0008355232169637,en,southpark
foundation,0.0008355232169637,en,southpark
near,0.0008350018450203,en,southpark
unit,0.0008350018450203,en,southpark
crush,0.0008350018450203,en,southpark
process,0.0008344390693979,en,southpark
loder,0.0008339456991427,en,southpark
gta,0.0008339456991427,en,southpark
yippie,0.0008339456991427,en,southpark
seeya,0.0008339456991427,en,southpark
noho,0.0008339456991427,en,southpark
desu,0.0008339456991427,en,southpark
nagger,0.0008339456991427,en,southpark
nyah,0.0008339456991427,en,southpark
greeley,0.0008339456991427,en,southpark
cavin,0.0008339456991427,en,southpark
prowling,0.0008339456991427,en,southpark
breckenridge,0.0008339456991427,en,southpark
lao,0.0008339456991427,en,southpark
biber,0.0008339456991427,en,southpark
shawna,0.0008339456991427,en,southpark
saure,0.0008339456991427,en,southpark
wookie,0.0008339456991427,en,southpark
halfy,0.0008339456991427,en,southpark
jeffy,0.0008339456991427,en,southpark
rootin,0.0008339456991427,en,southpark
tallyho,0.0008339456991427,en,southpark
nutsack,0.0008339456991427,en,southpark
hunk,0.0008331441827231,en,southpark
thorn,0.0008331441827231,en,southpark
dong,0.0008331441827231,en,southpark
cove,0.0008324060037822,en,southpark
oval,0.0008324060037822,en,southpark
joyful,0.0008324060037822,en,southpark
tot,0.0008324060037822,en,southpark
disqualify,0.0008324060037822,en,southpark
mis,0.0008324060037822,en,southpark
battlefield,0.0008317390057624,en,southpark
hotter,0.0008312339684184,en,southpark
sequence,0.0008312339684184,en,southpark
avenue,0.0008312339684184,en,southpark
invitation,0.0008307780429376,en,southpark
parter,0.000828880010348,en,southpark
arkansas,0.000828880010348,en,southpark
bab,0.000828880010348,en,southpark
swatch,0.000828880010348,en,southpark
sodomy,0.000828880010348,en,southpark
rancid,0.000828880010348,en,southpark
adler,0.000828880010348,en,southpark
bulldoze,0.000828880010348,en,southpark
spoil,0.0008283990488434,en,southpark
temperature,0.0008283990488434,en,southpark
negotiate,0.0008283990488434,en,southpark
neighborhood,0.0008282526642487,en,southpark
tiny,0.0008282526642487,en,southpark
pour,0.0008282526642487,en,southpark
policy,0.0008282526642487,en,southpark
ending,0.0008281623935738,en,southpark
somewhat,0.0008281623935738,en,southpark
concerned,0.0008277660341794,en,southpark
heavy,0.0008277660341794,en,southpark
hug,0.0008239365998248,en,southpark
pitch,0.0008239365998248,en,southpark
increase,0.0008239365998248,en,southpark
sprinkle,0.0008226965390935,en,southpark
haired,0.0008226965390935,en,southpark
patriot,0.0008222928033372,en,southpark
ness,0.0008222928033372,en,southpark
takin,0.0008222928033372,en,southpark
inspirational,0.0008222928033372,en,southpark
degree,0.0008215674577172,en,southpark
grandmother,0.0008213602021536,en,southpark
lost,0.0008213602021536,en,southpark
menu,0.0008213602021536,en,southpark
impact,0.0008213602021536,en,southpark
confusion,0.0008207641889713,en,southpark
solo,0.0008207641889713,en,southpark
closure,0.0008207641889713,en,southpark
mayan,0.0008180681193824,en,southpark
preschool,0.0008180681193824,en,southpark
grizzly,0.0008180681193824,en,southpark
desire,0.0008171667961758,en,southpark
clever,0.0008171667961758,en,southpark
premise,0.0008152938202455,en,southpark
eastern,0.0008152938202455,en,southpark
caller,0.0008152938202455,en,southpark
outcome,0.0008152938202455,en,southpark
beloved,0.0008152938202455,en,southpark
meal,0.0008149450240047,en,southpark
highly,0.0008149450240047,en,southpark
expensive,0.0008149450240047,en,southpark
development,0.0008144046573808,en,southpark
prayer,0.0008144046573808,en,southpark
accidentally,0.0008144046573808,en,southpark
poem,0.0008138485492288,en,southpark
encounter,0.0008134680318285,en,southpark
smoothie,0.0008117653945797,en,southpark
stoke,0.0008117653945797,en,southpark
index,0.0008117653945797,en,southpark
prevail,0.0008117653945797,en,southpark
fanatic,0.0008117653945797,en,southpark
vile,0.0008117653945797,en,southpark
whew,0.0008117653945797,en,southpark
salty,0.0008117653945797,en,southpark
function,0.0008104671471947,en,southpark
deny,0.0008083841952194,en,southpark
relate,0.0008083841952194,en,southpark
option,0.0008080896418602,en,southpark
surprised,0.0008080896418602,en,southpark
fashion,0.0008075304658746,en,southpark
eternal,0.0008075219186873,en,southpark
logic,0.0008075219186873,en,southpark
gal,0.0008075219186873,en,southpark
adore,0.0008075219186873,en,southpark
comic,0.0008075219186873,en,southpark
agh,0.0008064730951278,en,southpark
taxidermist,0.0008064730951278,en,southpark
gayer,0.0008064730951278,en,southpark
separatist,0.0008064730951278,en,southpark
woodland,0.0008064730951278,en,southpark
weakling,0.0008064730951278,en,southpark
frenchie,0.0008064730951278,en,southpark
sprite,0.0008064730951278,en,southpark
maintenance,0.0008062711452137,en,southpark
mistletoe,0.0008043973597569,en,southpark
startin,0.0008043973597569,en,southpark
overrun,0.0008043973597569,en,southpark
tally,0.0008043973597569,en,southpark
obscene,0.0008043973597569,en,southpark
bind,0.0008038362137731,en,southpark
beg,0.0008016418594958,en,southpark
lift,0.0008016418594958,en,southpark
havoc,0.0008015431714788,en,southpark
intercourse,0.0008015431714788,en,southpark
banish,0.0008015431714788,en,southpark
seatbelt,0.0008015431714788,en,southpark
heavenly,0.0008015431714788,en,southpark
label,0.0008007357465711,en,southpark
courage,0.0008007357465711,en,southpark
van,0.0008007357465711,en,southpark
pissed,0.0007998763951271,en,southpark
diagnose,0.0007998763951271,en,southpark
barn,0.0007998763951271,en,southpark
asian,0.0007998763951271,en,southpark
spark,0.0007991708640245,en,southpark
depressed,0.0007991708640245,en,southpark
lazy,0.0007991708640245,en,southpark
weed,0.0007991708640245,en,southpark
advance,0.000797272600635,en,southpark
rub,0.000797272600635,en,southpark
swallow,0.000797272600635,en,southpark
superman,0.0007967037488514,en,southpark
corner,0.0007952480341017,en,southpark
core,0.0007940186829027,en,southpark
creative,0.0007940186829027,en,southpark
playing,0.0007940186829027,en,southpark
circuit,0.0007921646290629,en,southpark
epidemic,0.0007916089369642,en,southpark
supporter,0.0007916089369642,en,southpark
coupon,0.0007916089369642,en,southpark
bumper,0.0007916089369642,en,southpark
drastic,0.0007916089369642,en,southpark
homie,0.0007913343942196,en,southpark
democratic,0.0007913343942196,en,southpark
givin,0.0007913343942196,en,southpark
pharmacist,0.0007913343942196,en,southpark
garage,0.0007907749545741,en,southpark
random,0.0007907749545741,en,southpark
silence,0.0007907749545741,en,southpark
quality,0.0007907749545741,en,southpark
dirt,0.0007907749545741,en,southpark
repeat,0.000789060136876,en,southpark
married,0.000789060136876,en,southpark
abduction,0.000788392038452,en,southpark
senator,0.000788392038452,en,southpark
diversion,0.000788392038452,en,southpark
preach,0.000788392038452,en,southpark
incredibly,0.0007873775198831,en,southpark
outfit,0.0007873775198831,en,southpark
nicely,0.0007873775198831,en,southpark
hansen,0.0007860171842125,en,southpark
tru,0.0007860171842125,en,southpark
git,0.0007860171842125,en,southpark
antelope,0.0007860171842125,en,southpark
puny,0.0007860171842125,en,southpark
foo,0.0007860171842125,en,southpark
raggedy,0.0007860171842125,en,southpark
herr,0.0007860171842125,en,southpark
fade,0.0007852499814977,en,southpark
select,0.000784948495653,en,southpark
mechanic,0.000784948495653,en,southpark
fuse,0.000784948495653,en,southpark
justice,0.0007843419627802,en,southpark
deflector,0.0007832213078366,en,southpark
getcha,0.0007832213078366,en,southpark
whistlin,0.0007832213078366,en,southpark
fireside,0.0007832213078366,en,southpark
dwyer,0.0007832213078366,en,southpark
shitball,0.0007832213078366,en,southpark
penise,0.0007832213078366,en,southpark
pentathol,0.0007832213078366,en,southpark
spooge,0.0007832213078366,en,southpark
tommorrow,0.0007832213078366,en,southpark
howdy,0.0007832213078366,en,southpark
oohh,0.0007832213078366,en,southpark
horsehead,0.0007832213078366,en,southpark
enchirito,0.0007832213078366,en,southpark
covetous,0.0007832213078366,en,southpark
couse,0.0007832213078366,en,southpark
sshh,0.0007832213078366,en,southpark
summit,0.0007819469077925,en,southpark
marty,0.0007819469077925,en,southpark
cheeseburger,0.0007819469077925,en,southpark
appetizer,0.0007819469077925,en,southpark
concentration,0.0007802449272433,en,southpark
abort,0.0007802449272433,en,southpark
puss,0.0007788274711128,en,southpark
helen,0.0007788274711128,en,southpark
projector,0.0007788274711128,en,southpark
iraqi,0.0007788274711128,en,southpark
belittle,0.0007788274711128,en,southpark
publishing,0.0007788274711128,en,southpark
heal,0.0007779723512462,en,southpark
activity,0.0007779723512462,en,southpark
snatch,0.0007776585924342,en,southpark
dummy,0.0007776585924342,en,southpark
summon,0.0007776585924342,en,southpark
pair,0.0007764654448944,en,southpark
slip,0.0007764654448944,en,southpark
infected,0.000772542563692,en,southpark
loot,0.000772542563692,en,southpark
diabete,0.000772542563692,en,southpark
amendment,0.000772542563692,en,southpark
backstage,0.000772542563692,en,southpark
saturday,0.0007722560224091,en,southpark
berry,0.0007722560224091,en,southpark
instant,0.0007716860843103,en,southpark
decent,0.0007716648832545,en,southpark
tongue,0.0007716648832545,en,southpark
nasty,0.0007716648832545,en,southpark
restaurant,0.0007716648832545,en,southpark
doughnut,0.0007704799898051,en,southpark
library,0.000767892751828,en,southpark
mtv,0.0007671995703068,en,southpark
fumigate,0.0007671995703068,en,southpark
glee,0.0007671995703068,en,southpark
carpeting,0.0007671995703068,en,southpark
impersonation,0.0007671995703068,en,southpark
cootie,0.0007671995703068,en,southpark
imagery,0.0007668311794757,en,southpark
coo,0.0007668311794757,en,southpark
recount,0.0007668311794757,en,southpark
apiece,0.0007668311794757,en,southpark
benny,0.0007668311794757,en,southpark
fruity,0.0007668311794757,en,southpark
vigil,0.0007668311794757,en,southpark
diameter,0.0007668311794757,en,southpark
weirdo,0.0007668311794757,en,southpark
brand,0.0007654183579352,en,southpark
rescue,0.0007654183579352,en,southpark
defeat,0.0007650323738579,en,southpark
poster,0.0007650323738579,en,southpark
wardrobe,0.0007644192964823,en,southpark
crash,0.0007640917238579,en,southpark
discovery,0.0007634093401874,en,southpark
quo,0.0007633825161057,en,southpark
disabled,0.0007633825161057,en,southpark
reporting,0.0007633825161057,en,southpark
quarterback,0.0007633825161057,en,southpark
unbelievable,0.0007592316088946,en,southpark
bug,0.0007592316088946,en,southpark
shake,0.0007579853306608,en,southpark
funding,0.0007567290600253,en,southpark
pearl,0.0007567290600253,en,southpark
spectacular,0.0007567290600253,en,southpark
publish,0.0007564434447951,en,southpark
disguise,0.0007564434447951,en,southpark
port,0.0007564434447951,en,southpark
bum,0.0007564434447951,en,southpark
kobe,0.0007553054537307,en,southpark
reindeer,0.0007553054537307,en,southpark
outdo,0.0007553054537307,en,southpark
stapler,0.0007553054537307,en,southpark
suspicious,0.0007552527663069,en,southpark
donkey,0.0007544543935553,en,southpark
revolve,0.0007544543935553,en,southpark
complain,0.0007531035029074,en,southpark
rent,0.0007531035029074,en,southpark
coma,0.0007519708952673,en,southpark
glory,0.0007519708952673,en,southpark
twice,0.0007519313535025,en,southpark
lard,0.0007497771810867,en,southpark
everlaste,0.0007497771810867,en,southpark
iranian,0.0007497771810867,en,southpark
congo,0.0007497771810867,en,southpark
sellout,0.0007497771810867,en,southpark
intergalactic,0.0007497771810867,en,southpark
inconsiderate,0.0007497771810867,en,southpark
lemme,0.0007497771810867,en,southpark
payin,0.0007497771810867,en,southpark
jus,0.0007497771810867,en,southpark
ethnicity,0.0007497771810867,en,southpark
sixty,0.0007497771810867,en,southpark
acknowledge,0.0007495792449454,en,southpark
assemble,0.0007491799368166,en,southpark
user,0.0007491799368166,en,southpark
unleash,0.0007491799368166,en,southpark
thankful,0.0007491799368166,en,southpark
explode,0.000749033272568,en,southpark
interview,0.000747032938671,en,southpark
respond,0.000747032938671,en,southpark
minus,0.0007457467411616,en,southpark
disk,0.0007457467411616,en,southpark
construction,0.000745559143959,en,southpark
bow,0.000745559143959,en,southpark
chew,0.000745559143959,en,southpark
vengeful,0.0007442147663137,en,southpark
stance,0.0007442147663137,en,southpark
ultra,0.0007442147663137,en,southpark
friday,0.0007442147663137,en,southpark
bloke,0.0007442147663137,en,southpark
solicit,0.0007442147663137,en,southpark
myspace,0.0007442147663137,en,southpark
intellect,0.0007442147663137,en,southpark
ringworm,0.0007438764132527,en,southpark
boobie,0.0007438764132527,en,southpark
conjugate,0.0007438764132527,en,southpark
disruptor,0.0007438764132527,en,southpark
fatboy,0.0007438764132527,en,southpark
mamba,0.0007438764132527,en,southpark
trabajar,0.0007438764132527,en,southpark
escuse,0.0007438764132527,en,southpark
squeaker,0.0007438764132527,en,southpark
ocean,0.0007428789056144,en,southpark
friendship,0.0007428789056144,en,southpark
heroin,0.0007417668412739,en,southpark
ranger,0.0007417668412739,en,southpark
sausage,0.0007417668412739,en,southpark
spicy,0.0007417668412739,en,southpark
reply,0.0007417668412739,en,southpark
trial,0.0007410188456178,en,southpark
deadly,0.0007392241819383,en,southpark
cheek,0.0007392241819383,en,southpark
buffalo,0.0007372489322755,en,southpark
terrifying,0.0007372489322755,en,southpark
sinner,0.0007372489322755,en,southpark
anger,0.0007367883156315,en,southpark
attach,0.0007367883156315,en,southpark
emotion,0.0007367883156315,en,southpark
mask,0.0007367883156315,en,southpark
concentrate,0.0007367883156315,en,southpark
sponsor,0.0007361443498434,en,southpark
explosive,0.0007361443498434,en,southpark
income,0.0007361443498434,en,southpark
certificate,0.0007361443498434,en,southpark
fox,0.0007344849578743,en,southpark
pubic,0.0007335573247672,en,southpark
ama,0.0007335573247672,en,southpark
thine,0.0007335573247672,en,southpark
playful,0.0007335573247672,en,southpark
rascal,0.0007335573247672,en,southpark
panther,0.0007335573247672,en,southpark
rapper,0.0007335573247672,en,southpark
bringer,0.0007335573247672,en,southpark
aquarium,0.0007335274672056,en,southpark
announcer,0.0007335274672056,en,southpark
blindly,0.0007335274672056,en,southpark
county,0.0007329641916427,en,southpark
conscious,0.0007329641916427,en,southpark
recover,0.0007307601943392,en,southpark
differently,0.0007307601943392,en,southpark
boom,0.0007307601943392,en,southpark
tick,0.0007307601943392,en,southpark
lousy,0.0007295681679745,en,southpark
tradition,0.0007295681679745,en,southpark
german,0.0007295681679745,en,southpark
dedicate,0.0007295681679745,en,southpark
awake,0.0007291559377186,en,southpark
medical,0.0007291559377186,en,southpark
ram,0.0007289510905081,en,southpark
idol,0.0007289510905081,en,southpark
spank,0.0007289510905081,en,southpark
puff,0.0007273297223661,en,southpark
hike,0.0007273297223661,en,southpark
martin,0.0007273297223661,en,southpark
bored,0.0007267774192872,en,southpark
rely,0.0007267774192872,en,southpark
laundry,0.0007267774192872,en,southpark
environment,0.0007267774192872,en,southpark
dial,0.0007247932733045,en,southpark
sensitive,0.0007247932733045,en,southpark
harm,0.0007233051254697,en,southpark
trimester,0.0007232152394143,en,southpark
toddler,0.0007232152394143,en,southpark
crayon,0.0007232152394143,en,southpark
splendid,0.0007232152394143,en,southpark
erupt,0.0007232152394143,en,southpark
whiny,0.0007232152394143,en,southpark
exterminate,0.0007232152394143,en,southpark
porsche,0.0007232152394143,en,southpark
clinic,0.0007230826949587,en,southpark
saving,0.0007230826949587,en,southpark
alpha,0.0007230826949587,en,southpark
ounce,0.0007230826949587,en,southpark
luckily,0.0007230826949587,en,southpark
romance,0.0007230826949587,en,southpark
makeup,0.0007230826949587,en,southpark
canyon,0.0007208440207249,en,southpark
smoker,0.0007208440207249,en,southpark
booby,0.0007208440207249,en,southpark
jolly,0.0007208440207249,en,southpark
spawn,0.0007208440207249,en,southpark
billion,0.0007208440207249,en,southpark
hunger,0.0007202968045848,en,southpark
rice,0.0007202968045848,en,southpark
running,0.0007202968045848,en,southpark
shrimp,0.0007202968045848,en,southpark
stab,0.0007188863223401,en,southpark
treatment,0.0007188863223401,en,southpark
offense,0.0007188863223401,en,southpark
warning,0.0007188863223401,en,southpark
creep,0.0007188863223401,en,southpark
timid,0.000718384662471,en,southpark
denmark,0.000718384662471,en,southpark
amass,0.000718384662471,en,southpark
settler,0.000718384662471,en,southpark
headgear,0.000718384662471,en,southpark
halftime,0.000718384662471,en,southpark
knife,0.0007175067875799,en,southpark
rear,0.0007166854624122,en,southpark
craft,0.0007166854624122,en,southpark
resort,0.0007166854624122,en,southpark
void,0.0007133820927148,en,southpark
performer,0.0007132526468062,en,southpark
muscular,0.0007132526468062,en,southpark
claus,0.0007132526468062,en,southpark
crotch,0.0007132526468062,en,southpark
spontaneously,0.0007132526468062,en,southpark
extremely,0.000713038147982,en,southpark
downstairs,0.000713038147982,en,southpark
wink,0.0007129191477964,en,southpark
administration,0.0007129191477964,en,southpark
malfunction,0.0007129191477964,en,southpark
peacefully,0.0007129191477964,en,southpark
snookum,0.000711729293651,en,southpark
whorish,0.000711729293651,en,southpark
xbox,0.000711729293651,en,southpark
supercop,0.000711729293651,en,southpark
manson,0.000711729293651,en,southpark
loogie,0.000711729293651,en,southpark
banzai,0.000711729293651,en,southpark
badasse,0.000711729293651,en,southpark
fascism,0.000711729293651,en,southpark
dahmer,0.000711729293651,en,southpark
smugness,0.000711729293651,en,southpark
mah,0.000711729293651,en,southpark
login,0.000711729293651,en,southpark
hehe,0.000711729293651,en,southpark
federation,0.000711729293651,en,southpark
writin,0.000711729293651,en,southpark
excelsior,0.000711729293651,en,southpark
omnipotent,0.000711729293651,en,southpark
biddy,0.000711729293651,en,southpark
christmassy,0.000711729293651,en,southpark
mention,0.0007109489707239,en,southpark
terribly,0.0007103741013551,en,southpark
spill,0.000707247592042,en,southpark
autograph,0.0007065816788513,en,southpark
delightful,0.0007065816788513,en,southpark
flavor,0.0007065816788513,en,southpark
giggle,0.0007065816788513,en,southpark
convention,0.0007065816788513,en,southpark
desperate,0.0007060638279521,en,southpark
regular,0.0007060638279521,en,southpark
ham,0.0007051684620801,en,southpark
savage,0.0007051684620801,en,southpark
regional,0.0007051684620801,en,southpark
alliance,0.0007051684620801,en,southpark
everyday,0.0007041463369448,en,southpark
entertain,0.0007041463369448,en,southpark
woof,0.000704132137042,en,southpark
kook,0.000704132137042,en,southpark
terrence,0.000704132137042,en,southpark
ecosystem,0.000704132137042,en,southpark
thee,0.000704132137042,en,southpark
detergent,0.000704132137042,en,southpark
standin,0.000704132137042,en,southpark
vanessa,0.0007036167561072,en,southpark
fusion,0.0007036167561072,en,southpark
alley,0.0007027295052195,en,southpark
thick,0.0007027295052195,en,southpark
lung,0.0007027295052195,en,southpark
nope,0.0007015135302313,en,southpark
squeeze,0.0007015135302313,en,southpark
assistant,0.0007015135302313,en,southpark
impressive,0.0007015135302313,en,southpark
spiritual,0.0006998918457362,en,southpark
blah,0.0006998918457362,en,southpark
suspend,0.0006979999835535,en,southpark
campaign,0.0006979999835535,en,southpark
circus,0.0006979999835535,en,southpark
ethical,0.0006975844707675,en,southpark
belonging,0.0006975844707675,en,southpark
bundle,0.0006975844707675,en,southpark
effort,0.0006958348708502,en,southpark
file,0.0006948198864391,en,southpark
sewage,0.0006942868189359,en,southpark
theoretical,0.0006942868189359,en,southpark
minded,0.0006933090545551,en,southpark
ashe,0.0006933090545551,en,southpark
compassion,0.0006933090545551,en,southpark
stiff,0.0006933090545551,en,southpark
scan,0.0006919329401631,en,southpark
hunting,0.0006919329401631,en,southpark
east,0.0006911034766452,en,southpark
reilly,0.0006906944986317,en,southpark
smuggler,0.0006906944986317,en,southpark
quaint,0.0006906944986317,en,southpark
collins,0.0006906944986317,en,southpark
mein,0.0006906944986317,en,southpark
gynecologist,0.0006906944986317,en,southpark
lovin,0.0006906944986317,en,southpark
goodie,0.0006906944986317,en,southpark
peterson,0.0006906944986317,en,southpark
model,0.0006902105535406,en,southpark
string,0.0006902105535406,en,southpark
drown,0.0006902105535406,en,southpark
edit,0.000690160154352,en,southpark
lens,0.000690160154352,en,southpark
originally,0.0006868299336964,en,southpark
rhythm,0.0006868299336964,en,southpark
gently,0.0006868299336964,en,southpark
shield,0.0006859431860536,en,southpark
bye,0.0006859431860536,en,southpark
delicious,0.0006853849019612,en,southpark
therapy,0.0006853849019612,en,southpark
fascinating,0.0006853849019612,en,southpark
prepared,0.0006853849019612,en,southpark
slur,0.000685244002781,en,southpark
outrage,0.000685244002781,en,southpark
progressive,0.000685244002781,en,southpark
workin,0.000685244002781,en,southpark
particle,0.000685244002781,en,southpark
congressman,0.000685244002781,en,southpark
lollipop,0.000685244002781,en,southpark
dozen,0.0006846395480976,en,southpark
fibber,0.0006845492913067,en,southpark
recessive,0.0006845492913067,en,southpark
ukulele,0.0006845492913067,en,southpark
aahh,0.0006845492913067,en,southpark
meh,0.0006845492913067,en,southpark
chantal,0.0006845492913067,en,southpark
stup,0.0006845492913067,en,southpark
proctologist,0.0006845492913067,en,southpark
suppository,0.0006845492913067,en,southpark
foretold,0.0006845492913067,en,southpark
psi,0.0006845492913067,en,southpark
elton,0.0006845492913067,en,southpark
villain,0.0006828889275869,en,southpark
brownie,0.0006828889275869,en,southpark
historical,0.0006828889275869,en,southpark
patent,0.0006828889275869,en,southpark
rifle,0.0006804512683799,en,southpark
alter,0.0006800287767625,en,southpark
nonsense,0.0006800287767625,en,southpark
cable,0.0006800287767625,en,southpark
pipe,0.0006797274896762,en,southpark
dust,0.0006797274896762,en,southpark
argue,0.0006791208533372,en,southpark
conversation,0.0006783123426503,en,southpark
post,0.0006783123426503,en,southpark
anthem,0.0006779835831169,en,southpark
accost,0.0006779835831169,en,southpark
hooter,0.0006779835831169,en,southpark
sect,0.0006779835831169,en,southpark
timeless,0.0006779835831169,en,southpark
bueno,0.0006779835831169,en,southpark
blasphemy,0.0006779835831169,en,southpark
tractor,0.0006764711621497,en,southpark
connecticut,0.0006764711621497,en,southpark
eld,0.0006764711621497,en,southpark
mace,0.0006764711621497,en,southpark
comrade,0.0006764711621497,en,southpark
preview,0.0006764711621497,en,southpark
seating,0.0006764711621497,en,southpark
elf,0.0006764711621497,en,southpark
haunted,0.0006764711621497,en,southpark
severe,0.0006741878402959,en,southpark
cliff,0.0006741699910795,en,southpark
innocence,0.0006741699910795,en,southpark
greedy,0.0006741699910795,en,southpark
teen,0.0006741699910795,en,southpark
average,0.0006741299453112,en,southpark
badge,0.0006741299453112,en,southpark
tap,0.0006736534960162,en,southpark
criminal,0.0006736534960162,en,southpark
separation,0.0006687813662086,en,southpark
cultural,0.0006687813662086,en,southpark
sidewalk,0.0006687813662086,en,southpark
choke,0.0006685910150529,en,southpark
float,0.0006685910150529,en,southpark
hormone,0.000667983172664,en,southpark
youtube,0.000667952642899,en,southpark
controversial,0.000667952642899,en,southpark
containment,0.000667952642899,en,southpark
detail,0.000667536920863,en,southpark
haste,0.0006659248030257,en,southpark
ref,0.0006659248030257,en,southpark
contender,0.0006659248030257,en,southpark
crybaby,0.0006659248030257,en,southpark
ferris,0.0006659248030257,en,southpark
paranormal,0.0006659248030257,en,southpark
legion,0.0006659248030257,en,southpark
veto,0.0006659248030257,en,southpark
hummer,0.0006659248030257,en,southpark
cavern,0.0006659248030257,en,southpark
distance,0.0006631094840684,en,southpark
separate,0.0006628690342896,en,southpark
lump,0.0006619337334935,en,southpark
ing,0.0006619337334935,en,southpark
ash,0.0006619337334935,en,southpark
bummer,0.0006619337334935,en,southpark
timer,0.0006618880141957,en,southpark
moped,0.0006610049023449,en,southpark
laughin,0.0006610049023449,en,southpark
judas,0.0006610049023449,en,southpark
alani,0.0006610049023449,en,southpark
tugboat,0.0006610049023449,en,southpark
outfits,0.0006610049023449,en,southpark
gulfstream,0.0006610049023449,en,southpark
luau,0.0006610049023449,en,southpark
smog,0.0006610049023449,en,southpark
brine,0.0006610049023449,en,southpark
synagogue,0.0006610049023449,en,southpark
everlasting,0.0006610049023449,en,southpark
milan,0.0006610049023449,en,southpark
dingy,0.0006610049023449,en,southpark
licker,0.0006610049023449,en,southpark
rhinoplasty,0.0006610049023449,en,southpark
prejudice,0.0006596741141368,en,southpark
quid,0.0006596741141368,en,southpark
hello,0.0006596741141368,en,southpark
disaster,0.0006576841749053,en,southpark
pathetic,0.0006576841749053,en,southpark
regret,0.0006575501140633,en,southpark
ultimate,0.0006570881617229,en,southpark
recruit,0.0006570881617229,en,southpark
launch,0.0006570881617229,en,southpark
blessing,0.0006570881617229,en,southpark
soda,0.0006570881617229,en,southpark
tony,0.0006558818393272,en,southpark
acceptable,0.0006558818393272,en,southpark
independent,0.0006558818393272,en,southpark
commander,0.0006552165398419,en,southpark
endanger,0.0006552165398419,en,southpark
delight,0.0006552165398419,en,southpark
operator,0.0006552165398419,en,southpark
mockery,0.0006544544955059,en,southpark
diversity,0.0006544544955059,en,southpark
referral,0.0006544544955059,en,southpark
frivolous,0.0006544544955059,en,southpark
licorice,0.0006544544955059,en,southpark
rad,0.0006544544955059,en,southpark
beauty,0.000652313945974,en,southpark
solid,0.000652313945974,en,southpark
false,0.000652313945974,en,southpark
example,0.0006522788977999,en,southpark
throat,0.0006522788977999,en,southpark
turnout,0.0006516224231604,en,southpark
allegiance,0.0006516224231604,en,southpark
bowel,0.0006516224231604,en,southpark
trend,0.0006516224231604,en,southpark
glitter,0.0006516224231604,en,southpark
forth,0.0006515237259047,en,southpark
misunderstanding,0.0006515237259047,en,southpark
delicate,0.0006515237259047,en,southpark
sacred,0.0006499620872447,en,southpark
shooter,0.0006499620872447,en,southpark
finance,0.0006499620872447,en,southpark
population,0.0006499620872447,en,southpark
hooker,0.0006499620872447,en,southpark
pigeon,0.0006486249085931,en,southpark
editor,0.0006486249085931,en,southpark
sleepy,0.0006486249085931,en,southpark
eventually,0.000647054537412,en,southpark
uncomfortable,0.0006469976901061,en,southpark
remote,0.0006460243726997,en,southpark
necklace,0.000644126306113,en,southpark
convict,0.000644126306113,en,southpark
electrical,0.000644126306113,en,southpark
stool,0.0006437854697433,en,southpark
poverty,0.0006437854697433,en,southpark
sculpture,0.0006437854697433,en,southpark
prostitution,0.0006437854697433,en,southpark
defendant,0.0006437854697433,en,southpark
dispenser,0.0006435178878055,en,southpark
disciple,0.0006435178878055,en,southpark
tammy,0.0006435178878055,en,southpark
phew,0.0006435178878055,en,southpark
aman,0.0006435178878055,en,southpark
retaliation,0.0006435178878055,en,southpark
riddle,0.0006421542315571,en,southpark
germ,0.0006421542315571,en,southpark
contract,0.0006417343331838,en,southpark
literally,0.0006417343331838,en,southpark
background,0.0006417343331838,en,southpark
basically,0.0006417343331838,en,southpark
saint,0.0006405885972569,en,southpark
salad,0.0006405885972569,en,southpark
forbid,0.0006405885972569,en,southpark
parka,0.0006402372794655,en,southpark
ism,0.0006402372794655,en,southpark
stevenson,0.0006402372794655,en,southpark
schwartz,0.0006402372794655,en,southpark
osbourne,0.0006402372794655,en,southpark
brainwashing,0.0006402372794655,en,southpark
timberlake,0.0006402372794655,en,southpark
hermaphrodite,0.0006402372794655,en,southpark
ionic,0.0006402372794655,en,southpark
shtick,0.0006402372794655,en,southpark
lookit,0.0006402372794655,en,southpark
molestation,0.0006402372794655,en,southpark
hurray,0.0006402372794655,en,southpark
arcane,0.0006402372794655,en,southpark
metallica,0.0006402372794655,en,southpark
podunk,0.0006402372794655,en,southpark
goalie,0.0006402372794655,en,southpark
uhm,0.0006402372794655,en,southpark
testimonial,0.0006402372794655,en,southpark
speaker,0.0006383721469776,en,southpark
production,0.0006383721469776,en,southpark
exploit,0.0006383721469776,en,southpark
oil,0.0006365228328378,en,southpark
consequence,0.0006365228328378,en,southpark
bridge,0.0006365228328378,en,southpark
dusty,0.0006361520967548,en,southpark
foam,0.0006361520967548,en,southpark
firsthand,0.0006361520967548,en,southpark
crow,0.0006361520967548,en,southpark
holly,0.0006361520967548,en,southpark
fortunate,0.0006358001496633,en,southpark
brew,0.0006358001496633,en,southpark
rag,0.0006358001496633,en,southpark
enhance,0.0006358001496633,en,southpark
gym,0.0006352149463221,en,southpark
talkie,0.0006330675153757,en,southpark
tijuana,0.0006330675153757,en,southpark
aloud,0.0006330675153757,en,southpark
higher,0.0006330675153757,en,southpark
auto,0.0006326973580889,en,southpark
western,0.0006326973580889,en,southpark
instrument,0.0006326973580889,en,southpark
brace,0.0006326973580889,en,southpark
budget,0.0006326973580889,en,southpark
irony,0.0006326973580889,en,southpark
response,0.0006313621772082,en,southpark
insurance,0.0006313621772082,en,southpark
pink,0.0006299020159065,en,southpark
appeal,0.0006299020159065,en,southpark
hump,0.0006295585353208,en,southpark
interpret,0.0006295585353208,en,southpark
afterward,0.0006287119946294,en,southpark
unethical,0.0006287119946294,en,southpark
skank,0.0006287119946294,en,southpark
cloak,0.0006287119946294,en,southpark
ancestor,0.0006287119946294,en,southpark
approval,0.0006270997796106,en,southpark
sweetheart,0.000626609461252,en,southpark
social,0.0006262513837652,en,southpark
actual,0.0006262513837652,en,southpark
punishment,0.000624648449084,en,southpark
faithful,0.0006234254763138,en,southpark
radical,0.0006234254763138,en,southpark
oop,0.0006234254763138,en,southpark
hoop,0.0006234254763138,en,southpark
meredith,0.0006230619768902,en,southpark
hamster,0.0006230619768902,en,southpark
puffy,0.0006230619768902,en,southpark
frosty,0.0006230619768902,en,southpark
playtime,0.0006230619768902,en,southpark
ado,0.0006230619768902,en,southpark
brit,0.0006230619768902,en,southpark
motivational,0.0006230619768902,en,southpark
erect,0.0006230619768902,en,southpark
mohamme,0.000621660007761,en,southpark
bla,0.000621660007761,en,southpark
foley,0.000621660007761,en,southpark
brewster,0.000621660007761,en,southpark
gerry,0.000621660007761,en,southpark
dat,0.000621660007761,en,southpark
ment,0.000621660007761,en,southpark
atta,0.000621660007761,en,southpark
droppin,0.000621660007761,en,southpark
smithsonian,0.000621660007761,en,southpark
porcupine,0.000621660007761,en,southpark
slingshot,0.000621660007761,en,southpark
jona,0.000621660007761,en,southpark
retreat,0.0006215773386857,en,southpark
virgin,0.0006215773386857,en,southpark
excitement,0.0006215773386857,en,southpark
dutch,0.0006214556176346,en,southpark
prick,0.0006214556176346,en,southpark
parental,0.0006214556176346,en,southpark
blossom,0.0006214556176346,en,southpark
resurrection,0.0006214556176346,en,southpark
michelle,0.0006214556176346,en,southpark
connor,0.0006214556176346,en,southpark
pardon,0.0006211894981865,en,southpark
flesh,0.0006211894981865,en,southpark
stock,0.0006211894981865,en,southpark
entrance,0.0006194529339116,en,southpark
grandfather,0.0006194529339116,en,southpark
moral,0.0006194529339116,en,southpark
outer,0.0006173972610727,en,southpark
annoy,0.0006173972610727,en,southpark
tourist,0.0006173972610727,en,southpark
persuade,0.0006173972610727,en,southpark
clearly,0.0006166475842276,en,southpark
bang,0.0006161755932879,en,southpark
protection,0.0006161755932879,en,southpark
barrel,0.0006161280448267,en,southpark
ego,0.0006161280448267,en,southpark
transformation,0.0006143741102296,en,southpark
attendance,0.0006143741102296,en,southpark
chant,0.0006143741102296,en,southpark
possession,0.0006143142014624,en,southpark
tragedy,0.0006143142014624,en,southpark
debt,0.0006143142014624,en,southpark
conference,0.0006143142014624,en,southpark
comedian,0.0006134649435805,en,southpark
pastor,0.0006134649435805,en,southpark
gladiator,0.0006134649435805,en,southpark
pansy,0.0006134649435805,en,southpark
defile,0.0006134649435805,en,southpark
constellation,0.0006134649435805,en,southpark
fasten,0.0006134649435805,en,southpark
wholesome,0.0006134649435805,en,southpark
mayonnaise,0.0006134649435805,en,southpark
beetle,0.0006134649435805,en,southpark
pledge,0.0006114703651841,en,southpark
steer,0.0006114703651841,en,southpark
revolution,0.0006114703651841,en,southpark
crop,0.0006114703651841,en,southpark
bidding,0.0006114703651841,en,southpark
approximately,0.0006114703651841,en,southpark
chopper,0.0006114703651841,en,southpark
site,0.0006112087680035,en,southpark
sharp,0.0006112087680035,en,southpark
anonymous,0.0006107499856093,en,southpark
glow,0.0006107499856093,en,southpark
leather,0.0006107499856093,en,southpark
witch,0.0006107499856093,en,southpark
celebration,0.0006107499856093,en,southpark
deaf,0.0006107499856093,en,southpark
eager,0.0006107499856093,en,southpark
proceed,0.0006092310239655,en,southpark
wallet,0.0006092310239655,en,southpark
hop,0.0006092310239655,en,southpark
scumbag,0.0006074592420901,en,southpark
slick,0.0006074592420901,en,southpark
slope,0.0006074592420901,en,southpark
poison,0.0006062881464146,en,southpark
meat,0.0006062881464146,en,southpark
broken,0.0006062881464146,en,southpark
vacuum,0.0006056414390154,en,southpark
evolve,0.0006056414390154,en,southpark
supper,0.0006056414390154,en,southpark
roller,0.0006056414390154,en,southpark
messenger,0.0006056414390154,en,southpark
creation,0.0006056414390154,en,southpark
consciousness,0.0006056414390154,en,southpark
talking,0.0006054413226427,en,southpark
crystal,0.0006054413226427,en,southpark
unlock,0.0006054413226427,en,southpark
thrower,0.0006048548213458,en,southpark
standardized,0.0006048548213458,en,southpark
anderson,0.0006048548213458,en,southpark
partridge,0.0006048548213458,en,southpark
brando,0.0006048548213458,en,southpark
teapot,0.0006048548213458,en,southpark
jaguar,0.0006048548213458,en,southpark
evergreen,0.0006048548213458,en,southpark
chalkboard,0.0006048548213458,en,southpark
whopping,0.0006048548213458,en,southpark
christina,0.0006048548213458,en,southpark
wiz,0.0006048548213458,en,southpark
commend,0.0006042443629845,en,southpark
peed,0.0006042443629845,en,southpark
afterlife,0.0006042443629845,en,southpark
orgy,0.0006042443629845,en,southpark
embarrass,0.0006042022130455,en,southpark
guide,0.0006042022130455,en,southpark
yeeesss,0.0006036251422188,en,southpark
themormon,0.0006036251422188,en,southpark
saddam,0.0006036251422188,en,southpark
kurn,0.0006036251422188,en,southpark
mrlp,0.0006036251422188,en,southpark
scoopin,0.0006036251422188,en,southpark
mrrm,0.0006036251422188,en,southpark
harequin,0.0006036251422188,en,southpark
sweetum,0.0006036251422188,en,southpark
myahh,0.0006036251422188,en,southpark
ganjeez,0.0006036251422188,en,southpark
wyland,0.0006036251422188,en,southpark
skire,0.0006036251422188,en,southpark
scite,0.0006036251422188,en,southpark
wewish,0.0006036251422188,en,southpark
uuhh,0.0006036251422188,en,southpark
poopiekin,0.0006036251422188,en,southpark
maxipad,0.0006036251422188,en,southpark
colarado,0.0006036251422188,en,southpark
stdse,0.0006036251422188,en,southpark
kartankula,0.0006036251422188,en,southpark
restaraunt,0.0006036251422188,en,southpark
philli,0.0006036251422188,en,southpark
everone,0.0006036251422188,en,southpark
picknick,0.0006036251422188,en,southpark
durr,0.0006036251422188,en,southpark
boobala,0.0006036251422188,en,southpark
overpopulated,0.0006036251422188,en,southpark
foolie,0.0006036251422188,en,southpark
oogy,0.0006036251422188,en,southpark
zeitar,0.0006036251422188,en,southpark
gttt,0.0006036251422188,en,southpark
herrrre,0.0006036251422188,en,southpark
referal,0.0006036251422188,en,southpark
speacial,0.0006036251422188,en,southpark
summond,0.0006036251422188,en,southpark
envenom,0.0006036251422188,en,southpark
taoism,0.0006036251422188,en,southpark
blainetology,0.0006036251422188,en,southpark
grazi,0.0006036251422188,en,southpark
tardicaca,0.0006036251422188,en,southpark
deat,0.0006036251422188,en,southpark
mimsy,0.0006036251422188,en,southpark
hazaa,0.0006036251422188,en,southpark
isayah,0.0006036251422188,en,southpark
smurfberry,0.0006036251422188,en,southpark
immidiately,0.0006036251422188,en,southpark
booktastic,0.0006036251422188,en,southpark
shone,0.0006036251422188,en,southpark
hainte,0.0006036251422188,en,southpark
winfrey,0.0006036251422188,en,southpark
williams,0.0006036251422188,en,southpark
inglesia,0.0006036251422188,en,southpark
garthunk,0.0006036251422188,en,southpark
hamma,0.0006036251422188,en,southpark
tukka,0.0006036251422188,en,southpark
ciety,0.0006036251422188,en,southpark
whadya,0.0006036251422188,en,southpark
airid,0.0006036251422188,en,southpark
scue,0.0006036251422188,en,southpark
aaand,0.0006036251422188,en,southpark
congradulate,0.0006036251422188,en,southpark
damla,0.0006036251422188,en,southpark
whuu,0.0006036251422188,en,southpark
mccowski,0.0006036251422188,en,southpark
donez,0.0006036251422188,en,southpark
gooble,0.0006036251422188,en,southpark
condit,0.0006036251422188,en,southpark
heaben,0.0006036251422188,en,southpark
staaan,0.0006036251422188,en,southpark
cwap,0.0006036251422188,en,southpark
rittle,0.0006036251422188,en,southpark
mooooop,0.0006036251422188,en,southpark
vaginitis,0.0006036251422188,en,southpark
poopsy,0.0006036251422188,en,southpark
yaggerman,0.0006036251422188,en,southpark
kroxyldiphyvic,0.0006036251422188,en,southpark
kore,0.0006036251422188,en,southpark
gedda,0.0006036251422188,en,southpark
weeeell,0.0006036251422188,en,southpark
deckler,0.0006036251422188,en,southpark
pleanty,0.0006036251422188,en,southpark
paa,0.0006036251422188,en,southpark
ooohh,0.0006036251422188,en,southpark
tahh,0.0006036251422188,en,southpark
rectogestion,0.0006036251422188,en,southpark
intero,0.0006036251422188,en,southpark
melord,0.0006036251422188,en,southpark
candian,0.0006036251422188,en,southpark
plunderin,0.0006036251422188,en,southpark
fark,0.0006036251422188,en,southpark
fishdick,0.0006036251422188,en,southpark
vilanch,0.0006036251422188,en,southpark
ginie,0.0006036251422188,en,southpark
kyyyle,0.0006036251422188,en,southpark
hiyouse,0.0006036251422188,en,southpark
powoor,0.0006036251422188,en,southpark
bayer,0.0006036251422188,en,southpark
aqul,0.0006036251422188,en,southpark
ahaaa,0.0006036251422188,en,southpark
fiddy,0.0006036251422188,en,southpark
derpee,0.0006036251422188,en,southpark
liane,0.0006036251422188,en,southpark
lemmi,0.0006036251422188,en,southpark
dumpity,0.0006036251422188,en,southpark
catatafish,0.0006036251422188,en,southpark
vill,0.0006036251422188,en,southpark
sidedishe,0.0006036251422188,en,southpark
clamhead,0.0006036251422188,en,southpark
heyar,0.0006036251422188,en,southpark
weeee,0.0006036251422188,en,southpark
ichi,0.0006036251422188,en,southpark
sachoo,0.0006036251422188,en,southpark
seisure,0.0006036251422188,en,southpark
timmeh,0.0006036251422188,en,southpark
felch,0.0006036251422188,en,southpark
haglar,0.0006036251422188,en,southpark
fognl,0.0006036251422188,en,southpark
chantel,0.0006036251422188,en,southpark
hukilau,0.0006036251422188,en,southpark
yeahhh,0.0006036251422188,en,southpark
vodski,0.0006036251422188,en,southpark
damanov,0.0006036251422188,en,southpark
dila,0.0006036251422188,en,southpark
loveletter,0.0006036251422188,en,southpark
dollie,0.0006036251422188,en,southpark
awright,0.0006036251422188,en,southpark
bhi,0.0006036251422188,en,southpark
blavius,0.0006036251422188,en,southpark
hackman,0.0006036251422188,en,southpark
hogged,0.0006036251422188,en,southpark
squa,0.0006036251422188,en,southpark
barneby,0.0006036251422188,en,southpark
ewat,0.0006036251422188,en,southpark
ooki,0.0006036251422188,en,southpark
ookie,0.0006036251422188,en,southpark
foolery,0.0006036251422188,en,southpark
debilibrator,0.0006036251422188,en,southpark
heppene,0.0006036251422188,en,southpark
caught,0.0006036251422188,en,southpark
tooilet,0.0006036251422188,en,southpark
mokay,0.0006036251422188,en,southpark
artwhore,0.0006036251422188,en,southpark
weelll,0.0006036251422188,en,southpark
shirazz,0.0006036251422188,en,southpark
pakew,0.0006036251422188,en,southpark
fosse,0.0006036251422188,en,southpark
heeeeey,0.0006036251422188,en,southpark
sanguinarian,0.0006036251422188,en,southpark
ringy,0.0006036251422188,en,southpark
peaparu,0.0006036251422188,en,southpark
getsin,0.0006036251422188,en,southpark
wannit,0.0006036251422188,en,southpark
jackovasaur,0.0006036251422188,en,southpark
gahd,0.0006036251422188,en,southpark
smancy,0.0006036251422188,en,southpark
sirene,0.0006036251422188,en,southpark
catamite,0.0006036251422188,en,southpark
breastriary,0.0006036251422188,en,southpark
nephite,0.0006036251422188,en,southpark
dinenr,0.0006036251422188,en,southpark
ech,0.0006036251422188,en,southpark
peckerface,0.0006036251422188,en,southpark
evern,0.0006036251422188,en,southpark
christf,0.0006036251422188,en,southpark
floop,0.0006036251422188,en,southpark
duuumb,0.0006036251422188,en,southpark
dahumb,0.0006036251422188,en,southpark
ohhhkay,0.0006036251422188,en,southpark
headslap,0.0006036251422188,en,southpark
darson,0.0006036251422188,en,southpark
chinpoko,0.0006036251422188,en,southpark
chinpokomom,0.0006036251422188,en,southpark
donkeytron,0.0006036251422188,en,southpark
chyou,0.0006036251422188,en,southpark
rrow,0.0006036251422188,en,southpark
tomo,0.0006036251422188,en,southpark
comming,0.0006036251422188,en,southpark
becasue,0.0006036251422188,en,southpark
weee,0.0006036251422188,en,southpark
pretzle,0.0006036251422188,en,southpark
fourty,0.0006036251422188,en,southpark
ballsucking,0.0006036251422188,en,southpark
rockety,0.0006036251422188,en,southpark
dickfart,0.0006036251422188,en,southpark
syndrooome,0.0006036251422188,en,southpark
callingraisin,0.0006036251422188,en,southpark
jub,0.0006036251422188,en,southpark
riiight,0.0006036251422188,en,southpark
flippity,0.0006036251422188,en,southpark
buuuddie,0.0006036251422188,en,southpark
saright,0.0006036251422188,en,southpark
suppsoe,0.0006036251422188,en,southpark
relaxy,0.0006036251422188,en,southpark
lidey,0.0006036251422188,en,southpark
bahirhakeem,0.0006036251422188,en,southpark
shvek,0.0006036251422188,en,southpark
milliion,0.0006036251422188,en,southpark
shuttlecraft,0.0006036251422188,en,southpark
drrrr,0.0006036251422188,en,southpark
daaaa,0.0006036251422188,en,southpark
wowee,0.0006036251422188,en,southpark
freeeze,0.0006036251422188,en,southpark
gint,0.0006036251422188,en,southpark
mittle,0.0006036251422188,en,southpark
varnov,0.0006036251422188,en,southpark
queermo,0.0006036251422188,en,southpark
vergin,0.0006036251422188,en,southpark
aidsburger,0.0006036251422188,en,southpark
resur,0.0006036251422188,en,southpark
tostado,0.0006036251422188,en,southpark
brovlofsky,0.0006036251422188,en,southpark
paleolithic,0.0006036251422188,en,southpark
thanx,0.0006036251422188,en,southpark
steerike,0.0006036251422188,en,southpark
nafferty,0.0006036251422188,en,southpark
newspeople,0.0006036251422188,en,southpark
pehpew,0.0006036251422188,en,southpark
spearchucker,0.0006036251422188,en,southpark
cureburger,0.0006036251422188,en,southpark
automatron,0.0006036251422188,en,southpark
buttter,0.0006036251422188,en,southpark
lessee,0.0006036251422188,en,southpark
honeeey,0.0006036251422188,en,southpark
talnete,0.0006036251422188,en,southpark
calminex,0.0006036251422188,en,southpark
smuggi,0.0006036251422188,en,southpark
sumatomi,0.0006036251422188,en,southpark
imobilize,0.0006036251422188,en,southpark
semetic,0.0006036251422188,en,southpark
hesidic,0.0006036251422188,en,southpark
elway,0.0006036251422188,en,southpark
toofiddy,0.0006036251422188,en,southpark
alphonz,0.0006036251422188,en,southpark
sould,0.0006036251422188,en,southpark
goodluck,0.0006036251422188,en,southpark
mcfriendly,0.0006036251422188,en,southpark
bentonville,0.0006036251422188,en,southpark
glughgogawk,0.0006036251422188,en,southpark
cheeg,0.0006036251422188,en,southpark
gligh,0.0006036251422188,en,southpark
timecist,0.0006036251422188,en,southpark
shamon,0.0006036251422188,en,southpark
chuckajam,0.0006036251422188,en,southpark
spcriptorium,0.0006036251422188,en,southpark
cointainment,0.0006036251422188,en,southpark
werkin,0.0006036251422188,en,southpark
aboat,0.0006036251422188,en,southpark
marlock,0.0006036251422188,en,southpark
dumbasse,0.0006036251422188,en,southpark
hussein,0.0006036251422188,en,southpark
fecalphiliac,0.0006036251422188,en,southpark
redgrave,0.0006036251422188,en,southpark
etheropian,0.0006036251422188,en,southpark
rammer,0.0006036251422188,en,southpark
choad,0.0006036251422188,en,southpark
autolocate,0.0006036251422188,en,southpark
owatta,0.0006036251422188,en,southpark
hotbar,0.0006036251422188,en,southpark
horris,0.0006036251422188,en,southpark
felas,0.0006036251422188,en,southpark
hahaa,0.0006036251422188,en,southpark
lebow,0.0006036251422188,en,southpark
closeli,0.0006036251422188,en,southpark
uneum,0.0006036251422188,en,southpark
vladimirstolfsky,0.0006036251422188,en,southpark
beavery,0.0006036251422188,en,southpark
rabbity,0.0006036251422188,en,southpark
tinfurter,0.0006036251422188,en,southpark
youh,0.0006036251422188,en,southpark
saaad,0.0006036251422188,en,southpark
pettie,0.0006036251422188,en,southpark
concider,0.0006036251422188,en,southpark
beeatch,0.0006036251422188,en,southpark
deeaad,0.0006036251422188,en,southpark
mefesto,0.0006036251422188,en,southpark
tucky,0.0006036251422188,en,southpark
transciption,0.0006036251422188,en,southpark
asega,0.0006036251422188,en,southpark
yyeah,0.0006036251422188,en,southpark
dericate,0.0006036251422188,en,southpark
angere,0.0006036251422188,en,southpark
vadge,0.0006036251422188,en,southpark
transpecie,0.0006036251422188,en,southpark
peniplasty,0.0006036251422188,en,southpark
uuugh,0.0006036251422188,en,southpark
mousey,0.0006036251422188,en,southpark
aaass,0.0006036251422188,en,southpark
piiiss,0.0006036251422188,en,southpark
dickshit,0.0006036251422188,en,southpark
asspussy,0.0006036251422188,en,southpark
californiania,0.0006036251422188,en,southpark
fairplay,0.0006036251422188,en,southpark
everyonen,0.0006036251422188,en,southpark
demonius,0.0006036251422188,en,southpark
uugh,0.0006036251422188,en,southpark
zazul,0.0006036251422188,en,southpark
sheeple,0.0006036251422188,en,southpark
buttcheek,0.0006036251422188,en,southpark
egh,0.0006036251422188,en,southpark
yha,0.0006036251422188,en,southpark
huuuge,0.0006036251422188,en,southpark
insorb,0.0006036251422188,en,southpark
liiike,0.0006036251422188,en,southpark
yicky,0.0006036251422188,en,southpark
azeroth,0.0006036251422188,en,southpark
teamspeak,0.0006036251422188,en,southpark
mommm,0.0006036251422188,en,southpark
palmoral,0.0006036251422188,en,southpark
chain,0.0006014128768217,en,southpark
quarantine,0.0006007033506041,en,southpark
compound,0.0005999072963453,en,southpark
kindness,0.0005999072963453,en,southpark
harass,0.0005999072963453,en,southpark
bath,0.0005992266180544,en,southpark
accomplish,0.0005992266180544,en,southpark
signature,0.0005992266180544,en,southpark
contain,0.0005992266180544,en,southpark
agreement,0.0005992266180544,en,southpark
path,0.0005965821308606,en,southpark
comfortable,0.0005965821308606,en,southpark
beatle,0.0005953718130509,en,southpark
insightful,0.0005953718130509,en,southpark
mon,0.0005953718130509,en,southpark
firecracker,0.0005953718130509,en,southpark
taser,0.0005953718130509,en,southpark
grind,0.0005950251796672,en,southpark
fairly,0.0005950251796672,en,southpark
urge,0.0005950251796672,en,southpark
bare,0.0005950251796672,en,southpark
battery,0.0005943031244915,en,southpark
surface,0.0005943031244915,en,southpark
facility,0.0005943031244915,en,southpark
investigate,0.0005943031244915,en,southpark
greeting,0.0005942649039044,en,southpark
region,0.0005942649039044,en,southpark
bedtime,0.0005942649039044,en,southpark
pajama,0.0005940992898303,en,southpark
gracia,0.0005940992898303,en,southpark
holder,0.0005940992898303,en,southpark
horribly,0.0005940992898303,en,southpark
assume,0.0005924574756032,en,southpark
nail,0.000591795102657,en,southpark
harmless,0.0005899143602589,en,southpark
vanish,0.0005899143602589,en,southpark
sober,0.0005899143602589,en,southpark
shooting,0.0005899143602589,en,southpark
reservation,0.0005899143602589,en,southpark
luscious,0.0005895128881593,en,southpark
baste,0.0005895128881593,en,southpark
sloth,0.0005895128881593,en,southpark
walden,0.0005895128881593,en,southpark
dilly,0.0005895128881593,en,southpark
becker,0.0005895128881593,en,southpark
nominal,0.0005895128881593,en,southpark
vegetative,0.0005895128881593,en,southpark
blowjob,0.0005895128881593,en,southpark
moderation,0.0005895128881593,en,southpark
marlon,0.0005895128881593,en,southpark
smith,0.0005895128881593,en,southpark
tome,0.0005895128881593,en,southpark
submissive,0.0005895128881593,en,southpark
revision,0.0005895128881593,en,southpark
banjo,0.0005895128881593,en,southpark
trail,0.0005894306525052,en,southpark
pump,0.0005894306525052,en,southpark
hill,0.0005894306525052,en,southpark
motorcycle,0.0005887113717397,en,southpark
carve,0.0005887113717397,en,southpark
deceive,0.0005887113717397,en,southpark
flu,0.0005887113717397,en,southpark
medal,0.0005887113717397,en,southpark
dove,0.0005876403850668,en,southpark
trainer,0.0005876403850668,en,southpark
adoption,0.0005876403850668,en,southpark
lemonade,0.0005876403850668,en,southpark
schedule,0.0005870510080199,en,southpark
provide,0.0005870510080199,en,southpark
anecdote,0.0005868219737644,en,southpark
cher,0.0005868219737644,en,southpark
gosh,0.0005868219737644,en,southpark
disneyland,0.0005868219737644,en,southpark
domination,0.0005868219737644,en,southpark
spaceship,0.0005868219737644,en,southpark
villager,0.0005868219737644,en,southpark
unable,0.0005848662518746,en,southpark
rot,0.0005848662518746,en,southpark
kidnap,0.0005846081554714,en,southpark
uniform,0.0005846081554714,en,southpark
equal,0.0005846081554714,en,southpark
sink,0.0005846081554714,en,southpark
balloon,0.0005832439443256,en,southpark
tow,0.0005832439443256,en,southpark
armor,0.0005832439443256,en,southpark
meaningless,0.0005832439443256,en,southpark
authentic,0.0005813203923062,en,southpark
acceptance,0.0005813203923062,en,southpark
skim,0.0005813203923062,en,southpark
beverage,0.0005813203923062,en,southpark
cheater,0.0005813203923062,en,southpark
defect,0.0005813203923062,en,southpark
stripe,0.0005813203923062,en,southpark
touching,0.0005813203923062,en,southpark
par,0.0005813203923062,en,southpark
fighting,0.0005798793341903,en,southpark
alike,0.0005798793341903,en,southpark
basic,0.0005798346186436,en,southpark
investigation,0.0005798346186436,en,southpark
insult,0.0005798346186436,en,southpark
skating,0.0005785721915314,en,southpark
gel,0.0005785721915314,en,southpark
buzzer,0.0005785721915314,en,southpark
commodity,0.0005785721915314,en,southpark
flicker,0.0005785721915314,en,southpark
deduction,0.0005785721915314,en,southpark
kosher,0.0005785721915314,en,southpark
sheriff,0.0005778599923538,en,southpark
objective,0.0005778599923538,en,southpark
creed,0.0005753996777301,en,southpark
mabel,0.0005753996777301,en,southpark
lumpy,0.0005753996777301,en,southpark
shithead,0.0005753996777301,en,southpark
sanctify,0.0005753996777301,en,southpark
starry,0.0005753996777301,en,southpark
doody,0.0005753996777301,en,southpark
oppression,0.0005753996777301,en,southpark
skywalker,0.0005753996777301,en,southpark
bop,0.0005753996777301,en,southpark
wunderkind,0.0005753996777301,en,southpark
skeet,0.0005753996777301,en,southpark
manuel,0.0005753996777301,en,southpark
televise,0.0005753996777301,en,southpark
snooty,0.0005753996777301,en,southpark
ammo,0.00057513346196,en,southpark
insert,0.00057513346196,en,southpark
donut,0.00057513346196,en,southpark
compromise,0.0005751090578721,en,southpark
react,0.0005751090578721,en,southpark
garden,0.0005751090578721,en,southpark
shine,0.0005751090578721,en,southpark
fantasy,0.0005751090578721,en,southpark
grip,0.0005749521415075,en,southpark
alternative,0.0005749521415075,en,southpark
divide,0.0005749521415075,en,southpark
advanced,0.0005749521415075,en,southpark
depend,0.0005730687928934,en,southpark
harbor,0.0005725570051405,en,southpark
eyed,0.0005725570051405,en,southpark
gimme,0.0005725570051405,en,southpark
measurement,0.000570602117445,en,southpark
compassionate,0.000570602117445,en,southpark
resilient,0.000570602117445,en,southpark
brandy,0.000570602117445,en,southpark
pantry,0.000570602117445,en,southpark
spew,0.000570602117445,en,southpark
asse,0.000570602117445,en,southpark
eating,0.000570602117445,en,southpark
backside,0.000570602117445,en,southpark
junk,0.0005700832601666,en,southpark
reduce,0.0005700832601666,en,southpark
bubble,0.0005700832601666,en,southpark
forgot,0.0005700832601666,en,southpark
ordinary,0.0005700832601666,en,southpark
modify,0.0005690741063224,en,southpark
bicycle,0.0005690741063224,en,southpark
boarding,0.0005690741063224,en,southpark
curve,0.0005673325835963,en,southpark
sketch,0.0005673325835963,en,southpark
terror,0.0005673325835963,en,southpark
worthless,0.0005673325835963,en,southpark
perimeter,0.0005673325835963,en,southpark
pattern,0.0005657980736336,en,southpark
exit,0.0005657980736336,en,southpark
lack,0.0005657980736336,en,southpark
progress,0.0005657980736336,en,southpark
collapse,0.0005652713261122,en,southpark
surveillance,0.0005652713261122,en,southpark
enterprise,0.0005631371703228,en,southpark
follower,0.0005631371703228,en,southpark
nowadays,0.0005631371703228,en,southpark
righty,0.0005631371703228,en,southpark
preference,0.0005628934048858,en,southpark
jingle,0.0005628934048858,en,southpark
unprotected,0.0005628934048858,en,southpark
kite,0.0005628934048858,en,southpark
puttin,0.0005628934048858,en,southpark
doggie,0.0005628934048858,en,southpark
sittin,0.0005628934048858,en,southpark
ethnic,0.0005628934048858,en,southpark
pap,0.000562332885815,en,southpark
folklore,0.000562332885815,en,southpark
unified,0.000562332885815,en,southpark
serbian,0.000562332885815,en,southpark
tastic,0.000562332885815,en,southpark
forefather,0.000562332885815,en,southpark
twit,0.000562332885815,en,southpark
cyst,0.000562332885815,en,southpark
galactic,0.000562332885815,en,southpark
aqui,0.000562332885815,en,southpark
pornographic,0.000562332885815,en,southpark
unify,0.000562332885815,en,southpark
bringin,0.000562332885815,en,southpark
impurity,0.000562332885815,en,southpark
stopper,0.000562332885815,en,southpark
butterscotch,0.000562332885815,en,southpark
corrective,0.000562332885815,en,southpark
celery,0.000562332885815,en,southpark
youngster,0.000562332885815,en,southpark
brake,0.000562184433709,en,southpark
autopsy,0.000562184433709,en,southpark
organize,0.0005605150225997,en,southpark
inspire,0.0005605150225997,en,southpark
skate,0.0005573178051738,en,southpark
rocky,0.0005573178051738,en,southpark
valley,0.0005571103604955,en,southpark
guidance,0.0005571103604955,en,southpark
pepper,0.0005571103604955,en,southpark
capture,0.0005566678966802,en,southpark
transfer,0.0005566678966802,en,southpark
nerve,0.0005566678966802,en,southpark
section,0.0005566678966802,en,southpark
christe,0.0005559637994285,en,southpark
niggaz,0.0005559637994285,en,southpark
fictionalize,0.0005559637994285,en,southpark
sauron,0.0005559637994285,en,southpark
hark,0.0005559637994285,en,southpark
goddamit,0.0005559637994285,en,southpark
naaaa,0.0005559637994285,en,southpark
xcuse,0.0005559637994285,en,southpark
sharise,0.0005559637994285,en,southpark
hizzouse,0.0005559637994285,en,southpark
guh,0.0005559637994285,en,southpark
wooo,0.0005559637994285,en,southpark
benedictus,0.0005559637994285,en,southpark
blacksmithe,0.0005559637994285,en,southpark
acclaimed,0.0005559637994285,en,southpark
chairlift,0.0005559637994285,en,southpark
angered,0.0005559637994285,en,southpark
ungettable,0.0005559637994285,en,southpark
tgi,0.0005559637994285,en,southpark
meagan,0.0005559637994285,en,southpark
roleplay,0.0005559637994285,en,southpark
semitism,0.0005559637994285,en,southpark
minestrone,0.0005559637994285,en,southpark
spankin,0.0005559637994285,en,southpark
eachother,0.0005559637994285,en,southpark
hallo,0.0005559637994285,en,southpark
newb,0.0005559637994285,en,southpark
everbody,0.0005559637994285,en,southpark
customized,0.0005559637994285,en,southpark
oohhh,0.0005559637994285,en,southpark
uriel,0.0005559637994285,en,southpark
metalwork,0.0005559637994285,en,southpark
stratford,0.0005559637994285,en,southpark
floppity,0.0005559637994285,en,southpark
eichmann,0.0005559637994285,en,southpark
pov,0.0005559637994285,en,southpark
xenu,0.0005559637994285,en,southpark
asslicker,0.0005559637994285,en,southpark
tugger,0.0005559637994285,en,southpark
braggin,0.0005559637994285,en,southpark
chucker,0.0005559637994285,en,southpark
gefilte,0.0005559637994285,en,southpark
vietnam,0.0005559637994285,en,southpark
regi,0.0005559637994285,en,southpark
smote,0.0005559637994285,en,southpark
inductee,0.0005559637994285,en,southpark
deferen,0.0005559637994285,en,southpark
mmorpg,0.0005559637994285,en,southpark
beary,0.0005559637994285,en,southpark
yasmine,0.0005559637994285,en,southpark
ohoh,0.0005559637994285,en,southpark
lubber,0.0005559637994285,en,southpark
glutinous,0.0005559637994285,en,southpark
heeey,0.0005559637994285,en,southpark
bankrobber,0.0005559637994285,en,southpark
enought,0.0005559637994285,en,southpark
rebury,0.0005559637994285,en,southpark
uuuh,0.0005559637994285,en,southpark
youuuu,0.0005559637994285,en,southpark
ato,0.0005559637994285,en,southpark
menstral,0.0005559637994285,en,southpark
singlehandedly,0.0005559637994285,en,southpark
danza,0.0005559637994285,en,southpark
destructor,0.0005559637994285,en,southpark
cotner,0.0005559637994285,en,southpark
gyroscope,0.0005559637994285,en,southpark
socia,0.0005559637994285,en,southpark
complaint,0.0005558130780318,en,southpark
gorgeous,0.0005558130780318,en,southpark
following,0.0005554294551487,en,southpark
gill,0.0005554294551487,en,southpark
meddle,0.0005554294551487,en,southpark
contrast,0.0005554294551487,en,southpark
diver,0.0005554294551487,en,southpark
prudent,0.0005554294551487,en,southpark
karate,0.0005554294551487,en,southpark
literal,0.0005554294551487,en,southpark
identify,0.0005521684428325,en,southpark
ironic,0.0005521082623825,en,southpark
corrupt,0.0005521082623825,en,southpark
unfair,0.0005521082623825,en,southpark
naive,0.0005521082623825,en,southpark
litter,0.0005516114445779,en,southpark
brat,0.0005516114445779,en,southpark
salvation,0.0005516114445779,en,southpark
depart,0.0005516114445779,en,southpark
bogus,0.0005516114445779,en,southpark
soup,0.0005511642639182,en,southpark
candle,0.0005511642639182,en,southpark
hopkin,0.0005501679935754,en,southpark
afghan,0.0005501679935754,en,southpark
saviour,0.0005501679935754,en,southpark
pissant,0.0005501679935754,en,southpark
ketamine,0.0005501679935754,en,southpark
ufos,0.0005501679935754,en,southpark
filmmaker,0.0005501679935754,en,southpark
morrow,0.0005501679935754,en,southpark
diverse,0.0005501679935754,en,southpark
pigment,0.0005501679935754,en,southpark
hacksaw,0.0005501679935754,en,southpark
foretell,0.0005501679935754,en,southpark
hamlet,0.0005501679935754,en,southpark
pullin,0.0005501679935754,en,southpark
wary,0.0005501679935754,en,southpark
wad,0.0005481952022248,en,southpark
plummet,0.0005481952022248,en,southpark
yuck,0.0005481952022248,en,southpark
doggy,0.0005481952022248,en,southpark
swimsuit,0.0005481952022248,en,southpark
salute,0.0005481952022248,en,southpark
colored,0.0005481952022248,en,southpark
drank,0.0005481952022248,en,southpark
mammal,0.0005481952022248,en,southpark
nutty,0.0005481952022248,en,southpark
bloodstream,0.0005481952022248,en,southpark
sweat,0.0005477116384781,en,southpark
guarantee,0.0005477116384781,en,southpark
expose,0.0005477116384781,en,southpark
intimidate,0.0005471761259808,en,southpark
sergeant,0.0005471761259808,en,southpark
worm,0.0005471761259808,en,southpark
danny,0.0005471761259808,en,southpark
creepy,0.0005465673929485,en,southpark
confession,0.0005465673929485,en,southpark
commitment,0.0005465673929485,en,southpark
cavity,0.0005460137832016,en,southpark
mansion,0.0005460137832016,en,southpark
descend,0.0005460137832016,en,southpark
umbrella,0.0005460137832016,en,southpark
sensation,0.0005460137832016,en,southpark
spook,0.000542312021219,en,southpark
locker,0.0005420213171726,en,southpark
unfortunate,0.0005420213171726,en,southpark
burst,0.0005420213171726,en,southpark
pos,0.0005411769297198,en,southpark
tornado,0.0005411769297198,en,southpark
racial,0.0005411769297198,en,southpark
polar,0.0005411769297198,en,southpark
hotshot,0.0005411769297198,en,southpark
marcus,0.0005411769297198,en,southpark
needless,0.0005411769297198,en,southpark
spleen,0.0005411769297198,en,southpark
cardboard,0.0005411769297198,en,southpark
dominate,0.0005411769297198,en,southpark
rodeo,0.0005411769297198,en,southpark
breaking,0.0005405207571609,en,southpark
sadness,0.0005405207571609,en,southpark
baggage,0.0005405207571609,en,southpark
underwater,0.0005405207571609,en,southpark
successfully,0.0005405207571609,en,southpark
hog,0.0005405207571609,en,southpark
tackle,0.0005405207571609,en,southpark
pothole,0.0005387884968532,en,southpark
milky,0.0005387884968532,en,southpark
wormhole,0.0005387884968532,en,southpark
eco,0.0005387884968532,en,southpark
montreal,0.0005387884968532,en,southpark
vulcan,0.0005387884968532,en,southpark
kayak,0.0005387884968532,en,southpark
dyke,0.0005387884968532,en,southpark
agility,0.0005387884968532,en,southpark
robbie,0.0005387884968532,en,southpark
ordinance,0.0005387884968532,en,southpark
hindu,0.0005387884968532,en,southpark
stable,0.0005375249262796,en,southpark
stretch,0.0005375249262796,en,southpark
root,0.0005375249262796,en,southpark
bucket,0.0005375140968091,en,southpark
booth,0.0005375140968091,en,southpark
motivate,0.0005351285262976,en,southpark
wooden,0.0005351285262976,en,southpark
selection,0.0005351285262976,en,southpark
seal,0.0005345892238415,en,southpark
modeling,0.0005343621143192,en,southpark
bookie,0.0005343621143192,en,southpark
tango,0.0005343621143192,en,southpark
ahem,0.0005343621143192,en,southpark
redecorate,0.0005343621143192,en,southpark
skiing,0.0005343621143192,en,southpark
stall,0.0005330771459698,en,southpark
fence,0.0005330771459698,en,southpark
retire,0.0005330771459698,en,southpark
rig,0.0005327805760163,en,southpark
deed,0.0005327805760163,en,southpark
dive,0.0005327805760163,en,southpark
mob,0.0005327805760163,en,southpark
inch,0.0005302952274317,en,southpark
hysterical,0.0005298334580527,en,southpark
adam,0.0005298334580527,en,southpark
mold,0.0005298334580527,en,southpark
tickle,0.0005298334580527,en,southpark
item,0.0005286769364148,en,southpark
blast,0.0005286769364148,en,southpark
drill,0.0005286769364148,en,southpark
firm,0.0005286769364148,en,southpark
invent,0.0005286769364148,en,southpark
yep,0.0005286769364148,en,southpark
oppose,0.0005281097527086,en,southpark
consume,0.0005281097527086,en,southpark
bryant,0.0005280991027815,en,southpark
treachery,0.0005280991027815,en,southpark
influential,0.0005280991027815,en,southpark
tater,0.0005280991027815,en,southpark
sleek,0.0005280991027815,en,southpark
spokesperson,0.0005280991027815,en,southpark
shrivel,0.0005280991027815,en,southpark
vulgar,0.0005280991027815,en,southpark
hanukkah,0.0005280991027815,en,southpark
hee,0.0005280991027815,en,southpark
toto,0.0005280991027815,en,southpark
killin,0.0005280991027815,en,southpark
commie,0.0005280991027815,en,southpark
decree,0.0005280991027815,en,southpark
powdered,0.0005280991027815,en,southpark
fertile,0.0005280991027815,en,southpark
mustache,0.0005277392913095,en,southpark
budge,0.0005277392913095,en,southpark
tracker,0.0005277392913095,en,southpark
imprison,0.0005277392913095,en,southpark
dibs,0.0005277392913095,en,southpark
dissect,0.0005277392913095,en,southpark
chest,0.0005260400912507,en,southpark
stew,0.0005246321127674,en,southpark
musician,0.0005246321127674,en,southpark
lamb,0.0005246321127674,en,southpark
quiz,0.0005246321127674,en,southpark
limo,0.0005246321127674,en,southpark
radiation,0.0005246321127674,en,southpark
produce,0.0005243232907976,en,southpark
mercy,0.0005243232907976,en,southpark
childhood,0.0005243232907976,en,southpark
twist,0.0005243232907976,en,southpark
stuck,0.0005243232907976,en,southpark
sweep,0.0005243232907976,en,southpark
teenage,0.0005234999876651,en,southpark
painting,0.0005234999876651,en,southpark
assist,0.0005234999876651,en,southpark
toxic,0.0005234999876651,en,southpark
pejorative,0.0005221475385577,en,southpark
dawgs,0.0005221475385577,en,southpark
eveythe,0.0005221475385577,en,southpark
kardashian,0.0005221475385577,en,southpark
punkass,0.0005221475385577,en,southpark
purplish,0.0005221475385577,en,southpark
nonconformist,0.0005221475385577,en,southpark
vag,0.0005221475385577,en,southpark
pillaging,0.0005221475385577,en,southpark
crunchie,0.0005221475385577,en,southpark
pinkerton,0.0005221475385577,en,southpark
kiple,0.0005221475385577,en,southpark
snuggie,0.0005221475385577,en,southpark
semite,0.0005221475385577,en,southpark
reo,0.0005221475385577,en,southpark
allo,0.0005221475385577,en,southpark
outdoorsman,0.0005221475385577,en,southpark
fif,0.0005221475385577,en,southpark
everthe,0.0005221475385577,en,southpark
newsweek,0.0005221475385577,en,southpark
pollack,0.0005221475385577,en,southpark
liv,0.0005221475385577,en,southpark
bly,0.0005221475385577,en,southpark
keshawn,0.0005221475385577,en,southpark
achtung,0.0005221475385577,en,southpark
yee,0.0005221475385577,en,southpark
ethiopia,0.0005221475385577,en,southpark
sylvest,0.0005221475385577,en,southpark
cobblestone,0.0005221475385577,en,southpark
medi,0.0005221475385577,en,southpark
clitoris,0.0005221475385577,en,southpark
sence,0.0005221475385577,en,southpark
eally,0.0005221475385577,en,southpark
splish,0.0005221475385577,en,southpark
grabass,0.0005221475385577,en,southpark
wretchedly,0.0005221475385577,en,southpark
heartie,0.0005221475385577,en,southpark
shoveling,0.0005221475385577,en,southpark
enactor,0.0005221475385577,en,southpark
dissenter,0.0005221475385577,en,southpark
blacksmith,0.0005221475385577,en,southpark
walgreen,0.0005221475385577,en,southpark
paladin,0.0005221475385577,en,southpark
dookie,0.0005221475385577,en,southpark
homogenize,0.0005221475385577,en,southpark
nightline,0.0005221475385577,en,southpark
bookmobile,0.0005221475385577,en,southpark
yer,0.0005221475385577,en,southpark
ooop,0.0005221475385577,en,southpark
lala,0.0005221475385577,en,southpark
boobage,0.0005221475385577,en,southpark
woooo,0.0005221475385577,en,southpark
embarassing,0.0005221475385577,en,southpark
guzzler,0.0005221475385577,en,southpark
grrr,0.0005221475385577,en,southpark
whippersnapper,0.0005221475385577,en,southpark
shemale,0.0005221475385577,en,southpark
overpopulate,0.0005221475385577,en,southpark
mathew,0.0005221475385577,en,southpark
helper,0.0005212979385283,en,southpark
playboy,0.0005212979385283,en,southpark
screening,0.0005212979385283,en,southpark
cap,0.00052001523393,en,southpark
reference,0.00052001523393,en,southpark
nazi,0.0005195212302615,en,southpark
stat,0.0005195212302615,en,southpark
prank,0.0005195212302615,en,southpark
opponent,0.0005195212302615,en,southpark
insight,0.0005195212302615,en,southpark
heaven,0.0005195212302615,en,southpark
scotch,0.0005189497051223,en,southpark
unhappy,0.0005189497051223,en,southpark
unclean,0.0005180208739738,en,southpark
infraction,0.0005180208739738,en,southpark
elise,0.0005180208739738,en,southpark
saturate,0.0005180208739738,en,southpark
emmy,0.0005180208739738,en,southpark
rattlesnake,0.0005180208739738,en,southpark
blizzard,0.0005180208739738,en,southpark
explorer,0.0005180208739738,en,southpark
pup,0.0005180208739738,en,southpark
deduct,0.0005180208739738,en,southpark
squishy,0.0005180208739738,en,southpark
partying,0.0005180208739738,en,southpark
douse,0.0005180208739738,en,southpark
fondue,0.0005180208739738,en,southpark
admin,0.0005180208739738,en,southpark
puck,0.0005180208739738,en,southpark
confirm,0.0005176436299296,en,southpark
silver,0.0005157518209421,en,southpark
engage,0.0005157518209421,en,southpark
eater,0.0005150283757946,en,southpark
mastermind,0.0005150283757946,en,southpark
artistic,0.0005150283757946,en,southpark
roy,0.0005150283757946,en,southpark
dresser,0.0005150283757946,en,southpark
suv,0.0005150283757946,en,southpark
muffle,0.0005150283757946,en,southpark
mafia,0.0005150283757946,en,southpark
distinctive,0.0005150283757946,en,southpark
reel,0.0005144977175605,en,southpark
lobby,0.0005144573895402,en,southpark
justify,0.0005144573895402,en,southpark
factory,0.0005144573895402,en,southpark
inappropriate,0.0005144573895402,en,southpark
edge,0.0005135009657833,en,southpark
thinking,0.0005135009657833,en,southpark
couch,0.0005115321360374,en,southpark
advantage,0.0005115321360374,en,southpark
intelligence,0.0005100215825719,en,southpark
torch,0.0005100215825719,en,southpark
investment,0.0005100215825719,en,southpark
poke,0.0005100215825719,en,southpark
gotcha,0.0005100215825719,en,southpark
drawing,0.0005095586376534,en,southpark
flashlight,0.0005095586376534,en,southpark
adapt,0.0005095586376534,en,southpark
applause,0.0005095586376534,en,southpark
predator,0.0005095586376534,en,southpark
evacuation,0.0005089216774038,en,southpark
heighten,0.0005089216774038,en,southpark
poll,0.0005089216774038,en,southpark
frickin,0.0005089216774038,en,southpark
refund,0.0005089216774038,en,southpark
dropping,0.0005089216774038,en,southpark
quilt,0.0005084876873376,en,southpark
sleepin,0.0005084876873376,en,southpark
unpopular,0.0005084876873376,en,southpark
hepatitis,0.0005084876873376,en,southpark
alloy,0.0005084876873376,en,southpark
deduce,0.0005084876873376,en,southpark
scotland,0.0005084876873376,en,southpark
inward,0.0005084876873376,en,southpark
examine,0.0005056408802219,en,southpark
steam,0.0005056408802219,en,southpark
fighter,0.0005056408802219,en,southpark
predict,0.0005056408802219,en,southpark
existence,0.0005056408802219,en,southpark
complicated,0.0005053235537739,en,southpark
furious,0.0005047011991795,en,southpark
failure,0.0005032204256381,en,southpark
mellow,0.0005029695957035,en,southpark
vase,0.0005029695957035,en,southpark
rapist,0.0005029695957035,en,southpark
programming,0.0005029695957035,en,southpark
mumble,0.0005029695957035,en,southpark
validate,0.0005029695957035,en,southpark
vanity,0.0005029695957035,en,southpark
protector,0.0005029695957035,en,southpark
shave,0.0005013139301782,en,southpark
surely,0.0005013139301782,en,southpark
fuel,0.0005013139301782,en,southpark
scoop,0.0004999227469544,en,southpark
playoff,0.0004994436022693,en,southpark
nosed,0.0004994436022693,en,southpark
deceitful,0.0004994436022693,en,southpark
yorker,0.0004994436022693,en,southpark
huff,0.0004994436022693,en,southpark
scab,0.0004994436022693,en,southpark
tofu,0.0004994436022693,en,southpark
prance,0.0004994436022693,en,southpark
monologue,0.0004994436022693,en,southpark
tryout,0.0004994436022693,en,southpark
buttock,0.0004994436022693,en,southpark
astounding,0.0004994436022693,en,southpark
festivity,0.0004994436022693,en,southpark
bulletin,0.0004971644941077,en,southpark
acting,0.0004971644941077,en,southpark
pitcher,0.0004971644941077,en,southpark
aneurysm,0.0004971644941077,en,southpark
pedal,0.0004971644941077,en,southpark
unauthorized,0.0004971644941077,en,southpark
invest,0.000497039429306,en,southpark
embarrassed,0.000497039429306,en,southpark
carpet,0.000497039429306,en,southpark
basher,0.0004959176088351,en,southpark
unfrozen,0.0004959176088351,en,southpark
avast,0.0004959176088351,en,southpark
smore,0.0004959176088351,en,southpark
dominus,0.0004959176088351,en,southpark
townsfolk,0.0004959176088351,en,southpark
tootie,0.0004959176088351,en,southpark
waitwait,0.0004959176088351,en,southpark
ramus,0.0004959176088351,en,southpark
karla,0.0004959176088351,en,southpark
shoeless,0.0004959176088351,en,southpark
allied,0.0004959176088351,en,southpark
passin,0.0004959176088351,en,southpark
witte,0.0004959176088351,en,southpark
bullsh,0.0004959176088351,en,southpark
vaginas,0.0004959176088351,en,southpark
endothermic,0.0004959176088351,en,southpark
fraidy,0.0004959176088351,en,southpark
children,0.0004959176088351,en,southpark
enthral,0.0004959176088351,en,southpark
fingering,0.0004959176088351,en,southpark
disproven,0.0004959176088351,en,southpark
suspender,0.0004959176088351,en,southpark
stockyard,0.0004959176088351,en,southpark
headbutt,0.0004959176088351,en,southpark
waa,0.0004959176088351,en,southpark
yolanda,0.0004959176088351,en,southpark
sumo,0.0004959176088351,en,southpark
grazer,0.0004959176088351,en,southpark
swashbuckling,0.0004959176088351,en,southpark
quadruplet,0.0004959176088351,en,southpark
doop,0.0004959176088351,en,southpark
vocalist,0.0004959176088351,en,southpark
monorail,0.0004959176088351,en,southpark
poofter,0.0004959176088351,en,southpark
mogadishu,0.0004959176088351,en,southpark
aight,0.0004959176088351,en,southpark
smartypant,0.0004959176088351,en,southpark
numbskull,0.0004959176088351,en,southpark
poopsie,0.0004959176088351,en,southpark
superconducte,0.0004959176088351,en,southpark
laverne,0.0004959176088351,en,southpark
milly,0.0004959176088351,en,southpark
vaginoplasty,0.0004959176088351,en,southpark
dystrophy,0.0004959176088351,en,southpark
drove,0.0004959176088351,en,southpark
swindler,0.0004959176088351,en,southpark
mary,0.0004952207532537,en,southpark
implant,0.0004952207532537,en,southpark
aspirin,0.0004952207532537,en,southpark
frankly,0.0004950733144294,en,southpark
ray,0.0004950733144294,en,southpark
strip,0.0004950733144294,en,southpark
reasonable,0.0004928161212922,en,southpark
aggressive,0.0004928161212922,en,southpark
ankle,0.0004928161212922,en,southpark
survival,0.0004928161212922,en,southpark
lecture,0.0004928161212922,en,southpark
disappointed,0.0004928161212922,en,southpark
anyways,0.0004914992881837,en,southpark
orientation,0.0004914992881837,en,southpark
clam,0.0004914992881837,en,southpark
placement,0.0004914992881837,en,southpark
wannabe,0.0004914992881837,en,southpark
outlaw,0.0004914992881837,en,southpark
weave,0.0004914992881837,en,southpark
beach,0.0004910594711619,en,southpark
muscle,0.0004910594711619,en,southpark
evaporate,0.0004908408716294,en,southpark
calculator,0.0004908408716294,en,southpark
fruitcake,0.0004908408716294,en,southpark
racism,0.0004908408716294,en,southpark
rosie,0.0004908408716294,en,southpark
vortex,0.0004908408716294,en,southpark
entice,0.0004908408716294,en,southpark
cheerleader,0.0004905928097831,en,southpark
instantly,0.0004905928097831,en,southpark
rational,0.0004905928097831,en,southpark
soccer,0.0004905928097831,en,southpark
eagle,0.0004905928097831,en,southpark
suffering,0.0004905928097831,en,southpark
bait,0.0004886427944285,en,southpark
expectation,0.0004886427944285,en,southpark
improve,0.0004886427944285,en,southpark
laughter,0.0004860366202714,en,southpark
mentally,0.0004860366202714,en,southpark
context,0.0004860366202714,en,southpark
fugitive,0.0004860366202714,en,southpark
rapidly,0.0004859673936721,en,southpark
representation,0.0004859673936721,en,southpark
racket,0.0004859673936721,en,southpark
willy,0.0004859673936721,en,southpark
parker,0.0004859673936721,en,southpark
traffic,0.0004831473874784,en,southpark
describe,0.0004831473874784,en,southpark
material,0.0004831473874784,en,southpark
emission,0.0004826384158541,en,southpark
richie,0.0004826384158541,en,southpark
frail,0.0004826384158541,en,southpark
playmate,0.0004826384158541,en,southpark
latex,0.0004826384158541,en,southpark
propaganda,0.0004826384158541,en,southpark
perverse,0.0004826384158541,en,southpark
hispanic,0.0004826384158541,en,southpark
invisibility,0.0004826384158541,en,southpark
dorky,0.0004826384158541,en,southpark
concentrated,0.0004826384158541,en,southpark
miner,0.0004826384158541,en,southpark
hoard,0.0004826384158541,en,southpark
gap,0.0004815499936282,en,southpark
setting,0.0004815499936282,en,southpark
restraint,0.0004815499936282,en,southpark
madness,0.0004815499936282,en,southpark
dope,0.0004815499936282,en,southpark
den,0.0004815499936282,en,southpark
disarm,0.0004805626804833,en,southpark
karen,0.0004805626804833,en,southpark
sensitivity,0.0004805626804833,en,southpark
aircraft,0.0004805626804833,en,southpark
brochure,0.0004805626804833,en,southpark
phenomenon,0.0004805626804833,en,southpark
heather,0.0004805626804833,en,southpark
staple,0.0004805626804833,en,southpark
stadium,0.0004805626804833,en,southpark
bomber,0.0004805626804833,en,southpark
decade,0.0004804414479426,en,southpark
structure,0.0004804414479426,en,southpark
mood,0.0004792476836683,en,southpark
scum,0.0004771308376171,en,southpark
troubled,0.0004771308376171,en,southpark
arrival,0.0004771308376171,en,southpark
thigh,0.0004771308376171,en,southpark
bid,0.0004771308376171,en,southpark
sack,0.0004764112097416,en,southpark
spanish,0.0004764112097416,en,southpark
compare,0.0004753845973361,en,southpark
physical,0.0004753845973361,en,southpark
fully,0.0004753845973361,en,southpark
target,0.0004753845973361,en,southpark
shepherd,0.0004752794318642,en,southpark
orderly,0.0004752794318642,en,southpark
syrup,0.0004752794318642,en,southpark
standoff,0.0004748006365317,en,southpark
nerdy,0.0004748006365317,en,southpark
toothpick,0.0004748006365317,en,southpark
bishop,0.0004748006365317,en,southpark
penetration,0.0004748006365317,en,southpark
output,0.0004748006365317,en,southpark
dew,0.0004748006365317,en,southpark
darkest,0.0004748006365317,en,southpark
cuddly,0.0004748006365317,en,southpark
fell,0.0004748006365317,en,southpark
woodchuck,0.0004744861957673,en,southpark
ancillary,0.0004744861957673,en,southpark
lubrication,0.0004744861957673,en,southpark
hampshire,0.0004744861957673,en,southpark
hatin,0.0004744861957673,en,southpark
gingerly,0.0004744861957673,en,southpark
bloomin,0.0004744861957673,en,southpark
measuring,0.0004744861957673,en,southpark
nickle,0.0004744861957673,en,southpark
repeal,0.0004744861957673,en,southpark
sizzler,0.0004744861957673,en,southpark
crappi,0.0004744861957673,en,southpark
mongoloid,0.0004744861957673,en,southpark
rancho,0.0004744861957673,en,southpark
grog,0.0004744861957673,en,southpark
schlong,0.0004744861957673,en,southpark
gino,0.0004744861957673,en,southpark
chang,0.0004744861957673,en,southpark
condominium,0.0004744861957673,en,southpark
glassy,0.0004744861957673,en,southpark
dryness,0.0004744861957673,en,southpark
tarnation,0.0004744861957673,en,southpark
craphole,0.0004744861957673,en,southpark
sylvester,0.0004744861957673,en,southpark
outspoken,0.0004744861957673,en,southpark
ozzy,0.0004744861957673,en,southpark
bestiality,0.0004744861957673,en,southpark
fonz,0.0004744861957673,en,southpark
hubbard,0.0004744861957673,en,southpark
kabob,0.0004744861957673,en,southpark
ummm,0.0004744861957673,en,southpark
trabajo,0.0004744861957673,en,southpark
glitz,0.0004744861957673,en,southpark
chauvinistic,0.0004744861957673,en,southpark
chickadee,0.0004744861957673,en,southpark
copernicus,0.0004744861957673,en,southpark
beaner,0.0004744861957673,en,southpark
raping,0.0004744861957673,en,southpark
breaky,0.0004744861957673,en,southpark
outmatch,0.0004744861957673,en,southpark
deformed,0.0004744861957673,en,southpark
guantanamo,0.0004744861957673,en,southpark
wiffle,0.0004744861957673,en,southpark
nunchakus,0.0004744861957673,en,southpark
someway,0.0004744861957673,en,southpark
lisp,0.0004744861957673,en,southpark
chocolaty,0.0004744861957673,en,southpark
schoolmate,0.0004744861957673,en,southpark
latinos,0.0004744861957673,en,southpark
denominational,0.0004744861957673,en,southpark
franz,0.0004744861957673,en,southpark
prerecord,0.0004744861957673,en,southpark
genious,0.0004744861957673,en,southpark
inject,0.0004727771529969,en,southpark
misery,0.0004727771529969,en,southpark
wealthy,0.0004727771529969,en,southpark
oven,0.0004727771529969,en,southpark
scheme,0.0004727771529969,en,southpark
lower,0.0004724265119299,en,southpark
weakness,0.0004724265119299,en,southpark
chemical,0.0004724265119299,en,southpark
epic,0.0004701123080534,en,southpark
coal,0.0004701123080534,en,southpark
startle,0.0004701123080534,en,southpark
reign,0.0004701123080534,en,southpark
intervention,0.0004684870280908,en,southpark
sweater,0.0004684870280908,en,southpark
empire,0.0004684870280908,en,southpark
confusing,0.0004684870280908,en,southpark
filter,0.0004684870280908,en,southpark
branch,0.000468486336813,en,southpark
circumstance,0.0004677655708613,en,southpark
usual,0.0004677655708613,en,southpark
soldier,0.0004677655708613,en,southpark
gooey,0.0004672964826676,en,southpark
blurt,0.0004672964826676,en,southpark
purposely,0.0004672964826676,en,southpark
blocker,0.0004672964826676,en,southpark
respective,0.0004672964826676,en,southpark
adjective,0.0004672964826676,en,southpark
quadruple,0.0004672964826676,en,southpark
wacko,0.0004672964826676,en,southpark
disturbed,0.0004672964826676,en,southpark
mouthful,0.0004672964826676,en,southpark
extinction,0.0004672964826676,en,southpark
throttle,0.0004672964826676,en,southpark
sparkly,0.0004672964826676,en,southpark
hebrew,0.0004672964826676,en,southpark
giraffe,0.0004672964826676,en,southpark
lever,0.0004672964826676,en,southpark
noodle,0.000465056313845,en,southpark
booty,0.000465056313845,en,southpark
marketing,0.000465056313845,en,southpark
uphold,0.000465056313845,en,southpark
allowance,0.000465056313845,en,southpark
agony,0.000465056313845,en,southpark
bowling,0.000465056313845,en,southpark
jock,0.000465056313845,en,southpark
loan,0.0004645897004337,en,southpark
counter,0.0004645897004337,en,southpark
shadow,0.0004645897004337,en,southpark
salary,0.0004642586337462,en,southpark
initiate,0.0004642586337462,en,southpark
warrior,0.0004642586337462,en,southpark
undercover,0.0004642586337462,en,southpark
pregnancy,0.0004642586337462,en,southpark
abandon,0.0004640083240027,en,southpark
exact,0.0004640083240027,en,southpark
nursing,0.000460106769568,en,southpark
outsider,0.000460106769568,en,southpark
upload,0.000460106769568,en,southpark
careless,0.000460106769568,en,southpark
stimulation,0.0004600987076854,en,southpark
chubby,0.0004600987076854,en,southpark
pixie,0.0004600987076854,en,southpark
pulitzer,0.0004600987076854,en,southpark
sicken,0.0004600987076854,en,southpark
nomination,0.0004600987076854,en,southpark
floral,0.0004600987076854,en,southpark
pine,0.0004600902186521,en,southpark
exclusive,0.0004600902186521,en,southpark
missing,0.0004600902186521,en,southpark
activate,0.0004600902186521,en,southpark
devastate,0.0004600902186521,en,southpark
residence,0.0004600902186521,en,southpark
engine,0.0004569232679741,en,southpark
expense,0.0004569232679741,en,southpark
slice,0.0004569232679741,en,southpark
trunk,0.0004569232679741,en,southpark
similar,0.0004569232679741,en,southpark
shame,0.0004565952284599,en,southpark
boop,0.0004563661942044,en,southpark
storyline,0.0004563661942044,en,southpark
rutherford,0.0004563661942044,en,southpark
logger,0.0004563661942044,en,southpark
dogg,0.0004563661942044,en,southpark
tum,0.0004563661942044,en,southpark
unfathomable,0.0004563661942044,en,southpark
autoerotic,0.0004563661942044,en,southpark
ith,0.0004563661942044,en,southpark
councilor,0.0004563661942044,en,southpark
rollercoaster,0.0004563661942044,en,southpark
augh,0.0004563661942044,en,southpark
crikey,0.0004563661942044,en,southpark
undisputed,0.0004563661942044,en,southpark
fledge,0.0004563661942044,en,southpark
rive,0.0004563661942044,en,southpark
bowery,0.0004563661942044,en,southpark
bothersome,0.0004563661942044,en,southpark
aramaic,0.0004563661942044,en,southpark
transgender,0.0004563661942044,en,southpark
backstreet,0.0004563661942044,en,southpark
pucky,0.0004563661942044,en,southpark
sayeth,0.0004563661942044,en,southpark
italiano,0.0004563661942044,en,southpark
hastily,0.0004563661942044,en,southpark
wimpy,0.0004563661942044,en,southpark
midw,0.0004563661942044,en,southpark
banishment,0.0004563661942044,en,southpark
enunciate,0.0004563661942044,en,southpark
barack,0.0004563661942044,en,southpark
materialistic,0.0004563661942044,en,southpark
summoning,0.0004563661942044,en,southpark
inca,0.0004563661942044,en,southpark
sphincter,0.0004563661942044,en,southpark
interrupting,0.0004563661942044,en,southpark
thyme,0.0004563661942044,en,southpark
provolone,0.0004563661942044,en,southpark
shhhh,0.0004563661942044,en,southpark
bigotry,0.0004563661942044,en,southpark
sediment,0.0004563661942044,en,southpark
gigahertz,0.0004563661942044,en,southpark
porky,0.0004563661942044,en,southpark
founding,0.0004563661942044,en,southpark
cursive,0.0004563661942044,en,southpark
pandemic,0.0004563661942044,en,southpark
kip,0.0004563661942044,en,southpark
secluded,0.0004563661942044,en,southpark
bacon,0.000455980104984,en,southpark
breach,0.000455980104984,en,southpark
sabotage,0.000455980104984,en,southpark
exam,0.000455980104984,en,southpark
traitor,0.000455980104984,en,southpark
educate,0.000455980104984,en,southpark
prescribe,0.0004552592850579,en,southpark
squash,0.0004552592850579,en,southpark
freely,0.0004552592850579,en,southpark
graveyard,0.0004552592850579,en,southpark
recon,0.0004552592850579,en,southpark
interior,0.0004552592850579,en,southpark
reunite,0.0004552592850579,en,southpark
solar,0.0004552592850579,en,southpark
destructive,0.0004552592850579,en,southpark
fright,0.0004531832722384,en,southpark
stepdad,0.0004531832722384,en,southpark
glide,0.0004531832722384,en,southpark
scapegoat,0.0004531832722384,en,southpark
hath,0.0004531832722384,en,southpark
forbidden,0.0004531832722384,en,southpark
urn,0.0004531832722384,en,southpark
schoolwork,0.0004531832722384,en,southpark
niner,0.0004531832722384,en,southpark
mover,0.0004531832722384,en,southpark
adrift,0.0004531832722384,en,southpark
nugget,0.0004531832722384,en,southpark
disperse,0.0004531832722384,en,southpark
define,0.0004531516597841,en,southpark
obligation,0.0004519266843492,en,southpark
zoom,0.0004505097362583,en,southpark
heartless,0.0004505097362583,en,southpark
chalk,0.0004505097362583,en,southpark
assembly,0.0004505097362583,en,southpark
inspector,0.0004505097362583,en,southpark
series,0.0004494199635408,en,southpark
tone,0.0004494199635408,en,southpark
temper,0.0004479284140076,en,southpark
reconsider,0.0004479284140076,en,southpark
casey,0.0004465288597882,en,southpark
dolly,0.0004465288597882,en,southpark
marrow,0.0004465288597882,en,southpark
peril,0.0004465288597882,en,southpark
sid,0.0004465288597882,en,southpark
mutilate,0.0004465288597882,en,southpark
glen,0.0004465288597882,en,southpark
decapitate,0.0004465288597882,en,southpark
shaker,0.0004465288597882,en,southpark
marshal,0.000445854244139,en,southpark
proportion,0.000445854244139,en,southpark
recycle,0.000445854244139,en,southpark
freaking,0.000445854244139,en,southpark
magnet,0.000445854244139,en,southpark
lifetime,0.0004457273433686,en,southpark
equipment,0.0004457273433686,en,southpark
needle,0.0004457273433686,en,southpark
approach,0.0004457201722504,en,southpark
sniff,0.0004439838133469,en,southpark
bold,0.0004439838133469,en,southpark
snuck,0.0004439838133469,en,southpark
concrete,0.0004439838133469,en,southpark
pencil,0.0004439838133469,en,southpark
university,0.0004439838133469,en,southpark
donate,0.0004439838133469,en,southpark
register,0.0004420729893789,en,southpark
useless,0.0004420729893789,en,southpark
impress,0.0004420729893789,en,southpark
fur,0.0004412891556623,en,southpark
environmental,0.0004412891556623,en,southpark
robe,0.0004412891556623,en,southpark
murdering,0.0004406699348966,en,southpark
bumpkin,0.0004406699348966,en,southpark
auditing,0.0004406699348966,en,southpark
mozzarella,0.0004406699348966,en,southpark
chinaman,0.0004406699348966,en,southpark
ramsey,0.0004406699348966,en,southpark
disguised,0.0004406699348966,en,southpark
noogie,0.0004406699348966,en,southpark
tron,0.0004406699348966,en,southpark
spearmint,0.0004406699348966,en,southpark
summation,0.0004406699348966,en,southpark
gyrate,0.0004406699348966,en,southpark
oughtta,0.0004406699348966,en,southpark
myriad,0.0004406699348966,en,southpark
indiana,0.0004406699348966,en,southpark
dipper,0.0004406699348966,en,southpark
trashcan,0.0004406699348966,en,southpark
fairground,0.0004406699348966,en,southpark
screwin,0.0004406699348966,en,southpark
goonie,0.0004406699348966,en,southpark
bogart,0.0004406699348966,en,southpark
commoner,0.0004406699348966,en,southpark
drudge,0.0004406699348966,en,southpark
wookiee,0.0004406699348966,en,southpark
mongoose,0.0004406699348966,en,southpark
tel,0.0004406699348966,en,southpark
juggernaut,0.0004406699348966,en,southpark
preachy,0.0004406699348966,en,southpark
puncher,0.0004406699348966,en,southpark
medley,0.0004406699348966,en,southpark
bunnie,0.0004406699348966,en,southpark
caveman,0.0004401164803233,en,southpark
amazon,0.0004401164803233,en,southpark
pear,0.0004401164803233,en,southpark
captivity,0.0004401164803233,en,southpark
media,0.0004401164803233,en,southpark
jeep,0.0004401164803233,en,southpark
fascist,0.0004401164803233,en,southpark
buddhist,0.0004401164803233,en,southpark
plaza,0.0004401164803233,en,southpark
freebie,0.0004401164803233,en,southpark
sarge,0.0004401164803233,en,southpark
sermon,0.0004401164803233,en,southpark
stewart,0.0004401164803233,en,southpark
carving,0.0004401164803233,en,southpark
immoral,0.0004401164803233,en,southpark
backfire,0.0004401164803233,en,southpark
surgeon,0.0004400914605905,en,southpark
recording,0.0004400914605905,en,southpark
maker,0.0004400914605905,en,southpark
stair,0.0004384561166035,en,southpark
pill,0.0004384561166035,en,southpark
bash,0.0004368110265613,en,southpark
brad,0.0004368110265613,en,southpark
phil,0.0004368110265613,en,southpark
captive,0.0004368110265613,en,southpark
pistol,0.0004368110265613,en,southpark
dismiss,0.0004362499897209,en,southpark
vow,0.0004362499897209,en,southpark
dessert,0.0004362499897209,en,southpark
telephone,0.0004362499897209,en,southpark
pen,0.0004348759639827,en,southpark
demonic,0.0004339291436485,en,southpark
rile,0.0004339291436485,en,southpark
vigilante,0.0004339291436485,en,southpark
four,0.0004339291436485,en,southpark
gospel,0.0004339291436485,en,southpark
outweigh,0.0004339291436485,en,southpark
voter,0.0004339291436485,en,southpark
potion,0.0004339291436485,en,southpark
perpetrator,0.0004339291436485,en,southpark
trek,0.0004339291436485,en,southpark
fib,0.0004339291436485,en,southpark
sewing,0.0004339291436485,en,southpark
hmm,0.0004339291436485,en,southpark
diss,0.0004339291436485,en,southpark
sporting,0.0004339291436485,en,southpark
literary,0.0004339291436485,en,southpark
shelf,0.0004324580876019,en,southpark
cocktail,0.0004324580876019,en,southpark
dip,0.0004324580876019,en,southpark
rookie,0.0004324166057287,en,southpark
silk,0.0004324166057287,en,southpark
herb,0.0004324166057287,en,southpark
credibility,0.0004324166057287,en,southpark
disobey,0.0004324166057287,en,southpark
universal,0.0004324166057287,en,southpark
scarf,0.0004324166057287,en,southpark
intern,0.0004324166057287,en,southpark
missy,0.0004324166057287,en,southpark
cannon,0.0004324166057287,en,southpark
crunch,0.0004324166057287,en,southpark
resist,0.0004313317934041,en,southpark
federal,0.0004287144912835,en,southpark
infection,0.0004287144912835,en,southpark
phrase,0.0004287144912835,en,southpark
administer,0.0004281028210381,en,southpark
cupcake,0.0004281028210381,en,southpark
fluke,0.0004279515880837,en,southpark
omega,0.0004279515880837,en,southpark
butch,0.0004279515880837,en,southpark
reduction,0.0004279515880837,en,southpark
feat,0.0004279515880837,en,southpark
syllable,0.0004279515880837,en,southpark
endeavor,0.0004279515880837,en,southpark
illustrate,0.0004279515880837,en,southpark
milkshake,0.0004279515880837,en,southpark
feelin,0.0004279515880837,en,southpark
hor,0.0004279515880837,en,southpark
symbolize,0.0004279515880837,en,southpark
condone,0.0004279515880837,en,southpark
torso,0.0004279515880837,en,southpark
organism,0.0004279515880837,en,southpark
rockin,0.0004279515880837,en,southpark
concede,0.0004279515880837,en,southpark
knowingly,0.0004279515880837,en,southpark
divorce,0.0004278228887892,en,southpark
initialize,0.000426824852977,en,southpark
atonement,0.000426824852977,en,southpark
flawlessly,0.000426824852977,en,southpark
molasse,0.000426824852977,en,southpark
photon,0.000426824852977,en,southpark
soybean,0.000426824852977,en,southpark
dumbe,0.000426824852977,en,southpark
necrophiliac,0.000426824852977,en,southpark
excrement,0.000426824852977,en,southpark
handi,0.000426824852977,en,southpark
nebula,0.000426824852977,en,southpark
displeased,0.000426824852977,en,southpark
dougla,0.000426824852977,en,southpark
bleedin,0.000426824852977,en,southpark
creamer,0.000426824852977,en,southpark
muerte,0.000426824852977,en,southpark
aimlessly,0.000426824852977,en,southpark
tomfoolery,0.000426824852977,en,southpark
rivera,0.000426824852977,en,southpark
bartlett,0.000426824852977,en,southpark
horatio,0.000426824852977,en,southpark
untill,0.000426824852977,en,southpark
vas,0.000426824852977,en,southpark
ditching,0.000426824852977,en,southpark
loverboy,0.000426824852977,en,southpark
bitching,0.000426824852977,en,southpark
perverted,0.000426824852977,en,southpark
garth,0.000426824852977,en,southpark
assface,0.000426824852977,en,southpark
skimpy,0.000426824852977,en,southpark
trachea,0.000426824852977,en,southpark
kumbaya,0.000426824852977,en,southpark
debauchery,0.000426824852977,en,southpark
maw,0.000426824852977,en,southpark
taketh,0.000426824852977,en,southpark
benz,0.000426824852977,en,southpark
wikipedia,0.000426824852977,en,southpark
heartwarming,0.000426824852977,en,southpark
fishin,0.000426824852977,en,southpark
swastika,0.000426824852977,en,southpark
ook,0.000426824852977,en,southpark
jaw,0.0004250179854766,en,southpark
risky,0.0004250179854766,en,southpark
princess,0.0004250179854766,en,southpark
accuse,0.0004243485552252,en,southpark
route,0.0004243485552252,en,southpark
juicy,0.0004238667664422,en,southpark
publicity,0.0004238667664422,en,southpark
academy,0.0004238667664422,en,southpark
tribe,0.0004238667664422,en,southpark
meadow,0.0004221700536643,en,southpark
resurrect,0.0004221700536643,en,southpark
barf,0.0004221700536643,en,southpark
latino,0.0004221700536643,en,southpark
bummed,0.0004221700536643,en,southpark
inquire,0.0004221700536643,en,southpark
tinkle,0.0004221700536643,en,southpark
sodium,0.0004221700536643,en,southpark
tablet,0.0004221700536643,en,southpark
intuition,0.0004221700536643,en,southpark
hotline,0.0004221700536643,en,southpark
fisherman,0.0004221700536643,en,southpark
promote,0.0004213674001849,en,southpark
conduct,0.0004213674001849,en,southpark
hood,0.0004213674001849,en,southpark
rubber,0.0004213674001849,en,southpark
powder,0.0004213674001849,en,southpark
manager,0.0004209081181388,en,southpark
bra,0.0004197056902139,en,southpark
squat,0.0004197056902139,en,southpark
outstanding,0.0004197056902139,en,southpark
obstacle,0.0004197056902139,en,southpark
expand,0.0004177616084818,en,southpark
dull,0.0004177616084818,en,southpark
happily,0.0004177616084818,en,southpark
legend,0.0004177616084818,en,southpark
distraction,0.0004177616084818,en,southpark
toast,0.0004175009225101,en,southpark
struggle,0.0004175009225101,en,southpark
grave,0.0004175009225101,en,southpark
distract,0.0004175009225101,en,southpark
genital,0.0004165720913615,en,southpark
eradicate,0.0004165720913615,en,southpark
surgically,0.0004165720913615,en,southpark
seam,0.0004165720913615,en,southpark
simulation,0.0004165720913615,en,southpark
chimney,0.0004165720913615,en,southpark
harold,0.0004165720913615,en,southpark
tug,0.0004165720913615,en,southpark
atone,0.0004165720913615,en,southpark
lettuce,0.0004165720913615,en,southpark
darle,0.0004165720913615,en,southpark
coop,0.0004165720913615,en,southpark
rebel,0.0004156169842092,en,southpark
boxer,0.0004156169842092,en,southpark
hatred,0.0004156169842092,en,southpark
enlighten,0.0004156169842092,en,southpark
paradise,0.0004156169842092,en,southpark
jeopardize,0.0004156169842092,en,southpark
altogether,0.0004156169842092,en,southpark
sud,0.000414440005174,en,southpark
roma,0.000414440005174,en,southpark
temptress,0.000414440005174,en,southpark
englishman,0.000414440005174,en,southpark
nightstick,0.000414440005174,en,southpark
mercilessly,0.000414440005174,en,southpark
trespasser,0.000414440005174,en,southpark
meager,0.000414440005174,en,southpark
hmph,0.000414440005174,en,southpark
enchantment,0.000414440005174,en,southpark
playa,0.000414440005174,en,southpark
afghani,0.000414440005174,en,southpark
swingin,0.000414440005174,en,southpark
teleprompter,0.000414440005174,en,southpark
jeffrie,0.000414440005174,en,southpark
sucka,0.000414440005174,en,southpark
wassup,0.000414440005174,en,southpark
flavour,0.000414440005174,en,southpark
deet,0.000414440005174,en,southpark
summertime,0.000414440005174,en,southpark
bosnian,0.000414440005174,en,southpark
tireless,0.000414440005174,en,southpark
longshot,0.000414440005174,en,southpark
llama,0.000414440005174,en,southpark
waco,0.000414440005174,en,southpark
fonzie,0.000414440005174,en,southpark
shittin,0.000414440005174,en,southpark
definitly,0.000414440005174,en,southpark
quincy,0.000414440005174,en,southpark
illiterate,0.000414440005174,en,southpark
hippy,0.000414440005174,en,southpark
adventurer,0.000414440005174,en,southpark
strict,0.0004141995244217,en,southpark
trauma,0.0004141995244217,en,southpark
permission,0.0004141263321243,en,southpark
expert,0.0004141263321243,en,southpark
lid,0.0004115981740484,en,southpark
vengeance,0.0004115981740484,en,southpark
bathe,0.0004115981740484,en,southpark
vitamin,0.0004115981740484,en,southpark
perceive,0.0004115981740484,en,southpark
shipment,0.0004115981740484,en,southpark
classified,0.0004115981740484,en,southpark
stocking,0.0004111464016686,en,southpark
alienate,0.0004111464016686,en,southpark
behavioral,0.0004111464016686,en,southpark
inferior,0.0004111464016686,en,southpark
toad,0.0004111464016686,en,southpark
impound,0.0004111464016686,en,southpark
mercede,0.0004111464016686,en,southpark
walkin,0.0004111464016686,en,southpark
crutch,0.0004111464016686,en,southpark
sprout,0.0004111464016686,en,southpark
testament,0.0004111464016686,en,southpark
starbuck,0.0004111464016686,en,southpark
waterfall,0.0004111464016686,en,southpark
mixer,0.0004111464016686,en,southpark
oxygen,0.0004106801010768,en,southpark
assistance,0.0004106801010768,en,southpark
achieve,0.0004106801010768,en,southpark
beast,0.0004106801010768,en,southpark
pantie,0.0004076469101227,en,southpark
seminar,0.0004076469101227,en,southpark
pickle,0.0004076469101227,en,southpark
supportive,0.0004076469101227,en,southpark
defensive,0.0004076469101227,en,southpark
dentist,0.0004076469101227,en,southpark
badly,0.0004074725120023,en,southpark
stress,0.0004074725120023,en,southpark
wreck,0.0004072023286904,en,southpark
embarrassing,0.0004072023286904,en,southpark
pulse,0.0004072023286904,en,southpark
erase,0.0004072023286904,en,southpark
unknown,0.0004072023286904,en,southpark
rank,0.0004072023286904,en,southpark
extinct,0.0004058826972898,en,southpark
arcade,0.0004058826972898,en,southpark
banner,0.0004058826972898,en,southpark
manhood,0.0004058826972898,en,southpark
jill,0.0004058826972898,en,southpark
hooked,0.0004058826972898,en,southpark
theatre,0.0004058826972898,en,southpark
degrade,0.0004058826972898,en,southpark
chinatown,0.0004058826972898,en,southpark
corny,0.0004058826972898,en,southpark
persona,0.0004058826972898,en,southpark
apartment,0.0004041920976097,en,southpark
candidate,0.0004037652329373,en,southpark
foreign,0.0004037652329373,en,southpark
bro,0.0004037652329373,en,southpark
immediate,0.0004037652329373,en,southpark
bend,0.0004037652329373,en,southpark
chart,0.0004037652329373,en,southpark
discharge,0.0004037609593436,en,southpark
bandage,0.0004037609593436,en,southpark
withdraw,0.0004037609593436,en,southpark
sane,0.0004037609593436,en,southpark
refrigerator,0.0004037609593436,en,southpark
auction,0.0004037609593436,en,southpark
housing,0.0004037609593436,en,southpark
qualify,0.0004037609593436,en,southpark
elaborate,0.0004037609593436,en,southpark
lamp,0.0004037609593436,en,southpark
redone,0.0004032365475639,en,southpark
igloo,0.0004032365475639,en,southpark
whittle,0.0004032365475639,en,southpark
unconsciousness,0.0004032365475639,en,southpark
blackness,0.0004032365475639,en,southpark
hummingbird,0.0004032365475639,en,southpark
woah,0.0004032365475639,en,southpark
nellie,0.0004032365475639,en,southpark
avalanche,0.0004032365475639,en,southpark
entirety,0.0004032365475639,en,southpark
overcrowded,0.0004032365475639,en,southpark
harrowing,0.0004032365475639,en,southpark
hipster,0.0004032365475639,en,southpark
numeral,0.0004032365475639,en,southpark
ack,0.0004032365475639,en,southpark
obesity,0.0004032365475639,en,southpark
horace,0.0004032365475639,en,southpark
bertha,0.0004032365475639,en,southpark
embellish,0.0004032365475639,en,southpark
lass,0.0004032365475639,en,southpark
matey,0.0004032365475639,en,southpark
tyke,0.0004032365475639,en,southpark
hitting,0.0004032365475639,en,southpark
interstellar,0.0004032365475639,en,southpark
christma,0.0004032365475639,en,southpark
timber,0.0004032365475639,en,southpark
til,0.0004032365475639,en,southpark
backdrop,0.0004032365475639,en,southpark
hideously,0.0004032365475639,en,southpark
sacrilege,0.0004032365475639,en,southpark
fruition,0.0004032365475639,en,southpark
redskin,0.0004032365475639,en,southpark
demotion,0.0004032365475639,en,southpark
rebuttal,0.0004032365475639,en,southpark
wicker,0.0004032365475639,en,southpark
denomination,0.0004032365475639,en,southpark
plaintiff,0.0004032365475639,en,southpark
bravery,0.0004007715857394,en,southpark
boxing,0.0004007715857394,en,southpark
catastrophe,0.0004007715857394,en,southpark
refuge,0.0004007715857394,en,southpark
subscription,0.0004007715857394,en,southpark
majesty,0.0004007715857394,en,southpark
treason,0.0004007715857394,en,southpark
rio,0.0004007715857394,en,southpark
solitude,0.0004007715857394,en,southpark
ecstasy,0.0004007715857394,en,southpark
fruit,0.0004003678732855,en,southpark
drawer,0.0004003678732855,en,southpark
dose,0.0004003678732855,en,southpark
scrap,0.0003999381975635,en,southpark
fitting,0.0003999381975635,en,southpark
crowded,0.0003999381975635,en,southpark
physics,0.0003999381975635,en,southpark
forge,0.0003999381975635,en,southpark
variety,0.0003999381975635,en,southpark
sunny,0.0003999381975635,en,southpark
tail,0.0003977214205737,en,southpark
gut,0.0003977214205737,en,southpark
delivery,0.0003977214205737,en,southpark
back,0.0003977214205737,en,southpark
dramatic,0.0003970093414513,en,southpark
invade,0.0003961766026029,en,southpark
reckless,0.0003961766026029,en,southpark
admission,0.0003961766026029,en,southpark
arrow,0.0003961766026029,en,southpark
driveway,0.0003961766026029,en,southpark
instruct,0.0003961766026029,en,southpark
deputy,0.0003961766026029,en,southpark
frightened,0.0003961766026029,en,southpark
integrity,0.0003961766026029,en,southpark
cellphone,0.0003958044684821,en,southpark
multiply,0.0003958044684821,en,southpark
reasoning,0.0003958044684821,en,southpark
lizard,0.0003958044684821,en,southpark
curly,0.0003958044684821,en,southpark
wilderness,0.0003958044684821,en,southpark
fend,0.0003958044684821,en,southpark
loaf,0.0003958044684821,en,southpark
divert,0.0003958044684821,en,southpark
alarm,0.000394530068438,en,southpark
shift,0.000394530068438,en,southpark
upper,0.0003936887599415,en,southpark
photograph,0.0003936887599415,en,southpark
harsh,0.0003936887599415,en,southpark
newspaper,0.0003936887599415,en,southpark
attractive,0.0003936887599415,en,southpark
complex,0.0003936887599415,en,southpark
legalize,0.0003930085921062,en,southpark
cpu,0.0003930085921062,en,southpark
argon,0.0003930085921062,en,southpark
fleck,0.0003930085921062,en,southpark
spackle,0.0003930085921062,en,southpark
sanchez,0.0003930085921062,en,southpark
beady,0.0003930085921062,en,southpark
pip,0.0003930085921062,en,southpark
preppy,0.0003930085921062,en,southpark
ruckus,0.0003930085921062,en,southpark
ach,0.0003930085921062,en,southpark
foxtrot,0.0003930085921062,en,southpark
twizzler,0.0003930085921062,en,southpark
und,0.0003930085921062,en,southpark
wale,0.0003930085921062,en,southpark
artsy,0.0003930085921062,en,southpark
outback,0.0003930085921062,en,southpark
dainty,0.0003930085921062,en,southpark
victimless,0.0003930085921062,en,southpark
ccs,0.0003930085921062,en,southpark
packin,0.0003930085921062,en,southpark
fesse,0.0003930085921062,en,southpark
damnedest,0.0003930085921062,en,southpark
huntin,0.0003930085921062,en,southpark
orion,0.0003930085921062,en,southpark
bunsen,0.0003930085921062,en,southpark
cervix,0.0003930085921062,en,southpark
underprivileged,0.0003930085921062,en,southpark
nigger,0.0003930085921062,en,southpark
uplift,0.0003930085921062,en,southpark
beehive,0.0003930085921062,en,southpark
promenade,0.0003930085921062,en,southpark
nestle,0.0003930085921062,en,southpark
journalistic,0.0003930085921062,en,southpark
clicking,0.0003930085921062,en,southpark
smashing,0.0003930085921062,en,southpark
jerry,0.0003924742478265,en,southpark
landing,0.0003924742478265,en,southpark
beard,0.0003924742478265,en,southpark
despair,0.0003909734538962,en,southpark
looking,0.0003909734538962,en,southpark
obsess,0.0003904052806775,en,southpark
teenager,0.0003904052806775,en,southpark
thrill,0.0003904052806775,en,southpark
physically,0.0003904052806775,en,southpark
janitor,0.0003888292962171,en,southpark
desperately,0.0003888292962171,en,southpark
overreact,0.0003888292962171,en,southpark
ace,0.0003888292962171,en,southpark
paycheck,0.0003888292962171,en,southpark
convert,0.0003888292962171,en,southpark
wagon,0.0003888292962171,en,southpark
instal,0.0003888292962171,en,southpark
closing,0.0003888292962171,en,southpark
connect,0.0003882327224472,en,southpark
shout,0.0003871580836947,en,southpark
chill,0.0003871580836947,en,southpark
multiple,0.0003871580836947,en,southpark
last,0.0003871580836947,en,southpark
diabetic,0.000386271281846,en,southpark
splatter,0.000386271281846,en,southpark
consist,0.000386271281846,en,southpark
socialize,0.000386271281846,en,southpark
lair,0.000386271281846,en,southpark
addicted,0.000386271281846,en,southpark
demise,0.000386271281846,en,southpark
dire,0.000386271281846,en,southpark
wisely,0.000386271281846,en,southpark
lowlife,0.000386271281846,en,southpark
metaphor,0.0003852399949025,en,southpark
skeleton,0.0003852399949025,en,southpark
mortgage,0.0003852399949025,en,southpark
precisely,0.0003852399949025,en,southpark
freezer,0.0003852399949025,en,southpark
vein,0.0003852399949025,en,southpark
buckle,0.0003852399949025,en,southpark
semi,0.0003852399949025,en,southpark
beam,0.0003852399949025,en,southpark
maximum,0.0003852399949025,en,southpark
salesman,0.0003852399949025,en,southpark
conquer,0.0003852399949025,en,southpark
farmer,0.0003852399949025,en,southpark
eyeball,0.0003852399949025,en,southpark
wax,0.0003852399949025,en,southpark
patience,0.000383946375914,en,southpark
charming,0.000383946375914,en,southpark
sinker,0.0003835997851534,en,southpark
lifeboat,0.0003835997851534,en,southpark
protestant,0.0003835997851534,en,southpark
roofy,0.0003835997851534,en,southpark
soho,0.0003835997851534,en,southpark
crustacean,0.0003835997851534,en,southpark
chet,0.0003835997851534,en,southpark
intermission,0.0003835997851534,en,southpark
circumcise,0.0003835997851534,en,southpark
pail,0.0003835997851534,en,southpark
jeebie,0.0003835997851534,en,southpark
photoshop,0.0003835997851534,en,southpark
swine,0.0003835997851534,en,southpark
pillage,0.0003835997851534,en,southpark
spacecraft,0.0003835997851534,en,southpark
lagoon,0.0003835997851534,en,southpark
adolf,0.0003835997851534,en,southpark
sorcerer,0.0003835997851534,en,southpark
deprave,0.0003835997851534,en,southpark
snowy,0.0003835997851534,en,southpark
gatsby,0.0003835997851534,en,southpark
monstrosity,0.0003835997851534,en,southpark
rodriguez,0.0003835997851534,en,southpark
succulent,0.0003835997851534,en,southpark
undoing,0.0003835997851534,en,southpark
rufus,0.0003835997851534,en,southpark
slim,0.0003817046700937,en,southpark
scam,0.0003817046700937,en,southpark
category,0.0003817046700937,en,southpark
boost,0.0003817046700937,en,southpark
donor,0.0003817046700937,en,southpark
sunset,0.0003817046700937,en,southpark
preoccupy,0.0003816912580528,en,southpark
matrix,0.0003816912580528,en,southpark
audit,0.0003816912580528,en,southpark
clause,0.0003816912580528,en,southpark
offspring,0.0003816912580528,en,southpark
elderly,0.0003816912580528,en,southpark
forfeit,0.0003816912580528,en,southpark
distinction,0.0003816912580528,en,southpark
toothpaste,0.0003816912580528,en,southpark
conservative,0.0003816912580528,en,southpark
bodily,0.0003816912580528,en,southpark
fog,0.0003816912580528,en,southpark
burner,0.0003816912580528,en,southpark
biscuit,0.0003816912580528,en,southpark
ape,0.0003816912580528,en,southpark
trench,0.0003816912580528,en,southpark
applaud,0.0003816912580528,en,southpark
hostile,0.0003782217223975,en,southpark
preserve,0.0003782217223975,en,southpark
locate,0.0003776263831534,en,southpark
previously,0.0003776263831534,en,southpark
scale,0.0003776263831534,en,southpark
plug,0.0003776263831534,en,southpark
disagree,0.0003776263831534,en,southpark
suggestion,0.0003776263831534,en,southpark
tropical,0.0003772271967776,en,southpark
statistically,0.0003772271967776,en,southpark
greatly,0.0003772271967776,en,southpark
menace,0.0003772271967776,en,southpark
bead,0.0003772271967776,en,southpark
fantasize,0.0003772271967776,en,southpark
coyote,0.0003772271967776,en,southpark
scalp,0.0003772271967776,en,southpark
dilate,0.0003772271967776,en,southpark
granddaughter,0.0003772271967776,en,southpark
protestor,0.0003748885905433,en,southpark
sweatshop,0.0003748885905433,en,southpark
stormy,0.0003748885905433,en,southpark
symbolism,0.0003748885905433,en,southpark
reprogram,0.0003748885905433,en,southpark
boldly,0.0003748885905433,en,southpark
offended,0.0003748885905433,en,southpark
bigwig,0.0003748885905433,en,southpark
dipshit,0.0003748885905433,en,southpark
horrid,0.0003748885905433,en,southpark
augmentation,0.0003748885905433,en,southpark
singin,0.0003748885905433,en,southpark
helping,0.0003748885905433,en,southpark
holdout,0.0003748885905433,en,southpark
womanly,0.0003748885905433,en,southpark
teaspoon,0.0003748885905433,en,southpark
supple,0.0003748885905433,en,southpark
cunt,0.0003748885905433,en,southpark
rehash,0.0003748885905433,en,southpark
,0.0003748885905433,en,southpark
screwy,0.0003748885905433,en,southpark
ostrich,0.0003748885905433,en,southpark
cryin,0.0003748885905433,en,southpark
campsite,0.0003748885905433,en,southpark
envelop,0.0003748885905433,en,southpark
buffy,0.0003748885905433,en,southpark
blemish,0.0003748885905433,en,southpark
booger,0.0003748885905433,en,southpark
noticeable,0.0003748885905433,en,southpark
undecided,0.0003748885905433,en,southpark
shaved,0.0003748885905433,en,southpark
congratulate,0.0003747896224727,en,southpark
depression,0.0003747896224727,en,southpark
peel,0.0003747896224727,en,southpark
generate,0.0003747896224727,en,southpark
popcorn,0.0003747896224727,en,southpark
payback,0.0003747896224727,en,southpark
tease,0.0003747896224727,en,southpark
properly,0.000374516636284,en,southpark
estate,0.000374516636284,en,southpark
acre,0.0003728733705808,en,southpark
puddle,0.0003728733705808,en,southpark
cane,0.0003728733705808,en,southpark
primitive,0.0003728733705808,en,southpark
rim,0.0003728733705808,en,southpark
selfish,0.0003714394528072,en,southpark
english,0.0003714394528072,en,southpark
zone,0.0003714394528072,en,southpark
estimate,0.000371406906997,en,southpark
wound,0.0003699885505365,en,southpark
outnumber,0.0003686244661377,en,southpark
sarah,0.0003686244661377,en,southpark
petition,0.0003686244661377,en,southpark
favourite,0.0003686244661377,en,southpark
uncanny,0.0003686244661377,en,southpark
coconut,0.0003686244661377,en,southpark
willie,0.0003686244661377,en,southpark
measure,0.0003683941578157,en,southpark
blank,0.0003683941578157,en,southpark
procedure,0.0003683941578157,en,southpark
glove,0.0003683941578157,en,southpark
timing,0.0003683941578157,en,southpark
thread,0.0003680721749217,en,southpark
pale,0.0003680721749217,en,southpark
dodge,0.0003680721749217,en,southpark
shore,0.0003680721749217,en,southpark
vex,0.0003667786623836,en,southpark
sill,0.0003667786623836,en,southpark
sto,0.0003667786623836,en,southpark
slant,0.0003667786623836,en,southpark
romp,0.0003667786623836,en,southpark
slayer,0.0003667786623836,en,southpark
agile,0.0003667786623836,en,southpark
unreachable,0.0003667786623836,en,southpark
sawdust,0.0003667786623836,en,southpark
fajita,0.0003667786623836,en,southpark
incidental,0.0003667786623836,en,southpark
orifice,0.0003667786623836,en,southpark
ritualistic,0.0003667786623836,en,southpark
bushy,0.0003667786623836,en,southpark
sabrina,0.0003667786623836,en,southpark
moo,0.0003667786623836,en,southpark
damper,0.0003667786623836,en,southpark
badd,0.0003667786623836,en,southpark
trampoline,0.0003667786623836,en,southpark
pecan,0.0003667786623836,en,southpark
caper,0.0003667786623836,en,southpark
pus,0.0003667786623836,en,southpark
scram,0.0003667786623836,en,southpark
monetary,0.0003667786623836,en,southpark
bologna,0.0003667786623836,en,southpark
tanker,0.0003667786623836,en,southpark
farming,0.0003667786623836,en,southpark
songwriter,0.0003667786623836,en,southpark
slider,0.0003667786623836,en,southpark
hiatus,0.0003667786623836,en,southpark
mocking,0.0003667786623836,en,southpark
snorkel,0.0003667786623836,en,southpark
ahoy,0.0003667786623836,en,southpark
deliberation,0.0003667786623836,en,southpark
stockbroker,0.0003667786623836,en,southpark
disturb,0.0003653800971696,en,southpark
understanding,0.0003653800971696,en,southpark
pronounce,0.0003647840839872,en,southpark
analysis,0.0003647840839872,en,southpark
claw,0.0003647840839872,en,southpark
ownership,0.000364475545254,en,southpark
loneliness,0.000364475545254,en,southpark
paw,0.000364475545254,en,southpark
bacteria,0.000364475545254,en,southpark
turner,0.000364475545254,en,southpark
astronaut,0.000364475545254,en,southpark
pasta,0.000364475545254,en,southpark
valentine,0.000364475545254,en,southpark
bounty,0.000364475545254,en,southpark
saw,0.000364475545254,en,southpark
flock,0.000364475545254,en,southpark
narrow,0.0003623966366522,en,southpark
charm,0.0003623966366522,en,southpark
setup,0.0003615413474793,en,southpark
shiny,0.0003615413474793,en,southpark
polish,0.0003615413474793,en,southpark
distress,0.0003615413474793,en,southpark
envelope,0.0003615413474793,en,southpark
identical,0.0003615413474793,en,southpark
shatter,0.0003615413474793,en,southpark
helpless,0.0003615413474793,en,southpark
learning,0.0003604220103624,en,southpark
lying,0.0003604220103624,en,southpark
phony,0.0003604220103624,en,southpark
poetic,0.0003604220103624,en,southpark
steep,0.0003604220103624,en,southpark
arise,0.0003604220103624,en,southpark
asthma,0.0003604220103624,en,southpark
apocalypse,0.0003604220103624,en,southpark
sling,0.0003604220103624,en,southpark
cluster,0.0003604220103624,en,southpark
cheating,0.0003604220103624,en,southpark
babysitte,0.0003604220103624,en,southpark
millennia,0.0003591923312355,en,southpark
gymnastic,0.0003591923312355,en,southpark
losin,0.0003591923312355,en,southpark
relaxing,0.0003591923312355,en,southpark
toed,0.0003591923312355,en,southpark
creamy,0.0003591923312355,en,southpark
foolishness,0.0003591923312355,en,southpark
abolish,0.0003591923312355,en,southpark
neatly,0.0003591923312355,en,southpark
tourism,0.0003591923312355,en,southpark
smallpox,0.0003591923312355,en,southpark
buzzkill,0.0003591923312355,en,southpark
reorganize,0.0003591923312355,en,southpark
gibson,0.0003591923312355,en,southpark
inhabitant,0.0003591923312355,en,southpark
lenny,0.0003591923312355,en,southpark
missin,0.0003591923312355,en,southpark
monstrous,0.0003591923312355,en,southpark
hickey,0.0003591923312355,en,southpark
tumbler,0.0003591923312355,en,southpark
strep,0.0003591923312355,en,southpark
smolder,0.0003591923312355,en,southpark
trite,0.0003591923312355,en,southpark
whup,0.0003591923312355,en,southpark
swindle,0.0003591923312355,en,southpark
stoner,0.0003591923312355,en,southpark
millie,0.0003591923312355,en,southpark
developed,0.0003591923312355,en,southpark
hittin,0.0003591923312355,en,southpark
plank,0.0003591923312355,en,southpark
siamese,0.0003591923312355,en,southpark
anew,0.0003591923312355,en,southpark
gopher,0.0003591923312355,en,southpark
folly,0.0003591923312355,en,southpark
noun,0.0003591923312355,en,southpark
seein,0.0003591923312355,en,southpark
uplink,0.0003591923312355,en,southpark
fashioned,0.0003583427312061,en,southpark
relevant,0.0003583427312061,en,southpark
breed,0.0003583427312061,en,southpark
fiction,0.0003583427312061,en,southpark
vault,0.0003583427312061,en,southpark
massage,0.0003583427312061,en,southpark
distant,0.0003583427312061,en,southpark
legally,0.0003583427312061,en,southpark
lighting,0.0003564595738982,en,southpark
egyptian,0.0003564595738982,en,southpark
prosecute,0.0003564595738982,en,southpark
blog,0.0003564595738982,en,southpark
graphic,0.0003564595738982,en,southpark
magnetic,0.0003564595738982,en,southpark
ignorance,0.0003564595738982,en,southpark
chilly,0.0003564595738982,en,southpark
indoor,0.0003564595738982,en,southpark
founder,0.0003564595738982,en,southpark
chairman,0.0003564595738982,en,southpark
filth,0.0003564595738982,en,southpark
kissing,0.0003564595738982,en,southpark
wiggle,0.0003564595738982,en,southpark
straw,0.0003551870506775,en,southpark
pinch,0.0003551870506775,en,southpark
recipe,0.0003551870506775,en,southpark
practically,0.000353623796021,en,southpark
instructor,0.00035258423104,en,southpark
unfinished,0.00035258423104,en,southpark
abusive,0.00035258423104,en,southpark
compelling,0.00035258423104,en,southpark
weasel,0.00035258423104,en,southpark
cherish,0.00035258423104,en,southpark
verdict,0.00035258423104,en,southpark
legitimate,0.0003520731684724,en,southpark
stack,0.0003520731684724,en,southpark
database,0.0003520731684724,en,southpark
pancake,0.0003520731684724,en,southpark
bench,0.0003520731684724,en,southpark
ensure,0.0003520731684724,en,southpark
weenie,0.000352066068521,en,southpark
artificially,0.000352066068521,en,southpark
esophagus,0.000352066068521,en,southpark
rene,0.000352066068521,en,southpark
diabetes,0.000352066068521,en,southpark
sanctum,0.000352066068521,en,southpark
bog,0.000352066068521,en,southpark
tiring,0.000352066068521,en,southpark
equality,0.000352066068521,en,southpark
sundance,0.000352066068521,en,southpark
showin,0.000352066068521,en,southpark
coded,0.000352066068521,en,southpark
hardship,0.000352066068521,en,southpark
bodied,0.000352066068521,en,southpark
vamp,0.000352066068521,en,southpark
throwin,0.000352066068521,en,southpark
devout,0.000352066068521,en,southpark
lil,0.000352066068521,en,southpark
mammoth,0.000352066068521,en,southpark
ell,0.000352066068521,en,southpark
rampant,0.000352066068521,en,southpark
impervious,0.000352066068521,en,southpark
sinatra,0.000352066068521,en,southpark
cucumber,0.000352066068521,en,southpark
everytime,0.000352066068521,en,southpark
ogle,0.000352066068521,en,southpark
passageway,0.000352066068521,en,southpark
comme,0.000352066068521,en,southpark
playback,0.000352066068521,en,southpark
republican,0.000352066068521,en,southpark
carpentry,0.000352066068521,en,southpark
sugar,0.0003507567651156,en,southpark
skip,0.0003507567651156,en,southpark
undo,0.0003489999917767,en,southpark
liquor,0.0003489999917767,en,southpark
fluid,0.0003489999917767,en,southpark
shotgun,0.0003489999917767,en,southpark
possess,0.0003489999917767,en,southpark
fraud,0.0003489999917767,en,southpark
domestic,0.0003489999917767,en,southpark
remark,0.0003487922353837,en,southpark
thirst,0.0003487922353837,en,southpark
delta,0.0003487922353837,en,southpark
pyramid,0.0003487922353837,en,southpark
vip,0.0003487922353837,en,southpark
crust,0.0003487922353837,en,southpark
compartment,0.0003487922353837,en,southpark
microphone,0.0003487922353837,en,southpark
magician,0.0003487922353837,en,southpark
climate,0.0003487922353837,en,southpark
revive,0.0003487922353837,en,southpark
parachute,0.0003487922353837,en,southpark
catalog,0.0003487922353837,en,southpark
educational,0.0003487922353837,en,southpark
rare,0.0003479174354251,en,southpark
permit,0.0003459664700815,en,southpark
waitress,0.0003459664700815,en,southpark
foul,0.0003459664700815,en,southpark
rose,0.0003459664700815,en,southpark
bonus,0.0003459664700815,en,southpark
strap,0.0003459664700815,en,southpark
purple,0.0003459664700815,en,southpark
nearby,0.0003459664700815,en,southpark
civilian,0.0003459664700815,en,southpark
regard,0.0003459664700815,en,southpark
cheeto,0.0003453472493158,en,southpark
sag,0.0003453472493158,en,southpark
problemo,0.0003453472493158,en,southpark
lynch,0.0003453472493158,en,southpark
indie,0.0003453472493158,en,southpark
deformity,0.0003453472493158,en,southpark
rind,0.0003453472493158,en,southpark
contraption,0.0003453472493158,en,southpark
ware,0.0003453472493158,en,southpark
damnation,0.0003453472493158,en,southpark
larry,0.0003453472493158,en,southpark
karl,0.0003453472493158,en,southpark
enrage,0.0003453472493158,en,southpark
imaginative,0.0003453472493158,en,southpark
esquire,0.0003453472493158,en,southpark
sinister,0.0003453472493158,en,southpark
happenin,0.0003453472493158,en,southpark
rook,0.0003453472493158,en,southpark
incubation,0.0003453472493158,en,southpark
ciao,0.0003453472493158,en,southpark
dyin,0.0003453472493158,en,southpark
mooch,0.0003453472493158,en,southpark
harbour,0.0003453472493158,en,southpark
conform,0.0003453472493158,en,southpark
disprove,0.0003453472493158,en,southpark
shingle,0.0003453472493158,en,southpark
druggie,0.0003453472493158,en,southpark
ling,0.0003453472493158,en,southpark
incendiary,0.0003453472493158,en,southpark
packaging,0.0003453472493158,en,southpark
standup,0.0003453472493158,en,southpark
recreation,0.0003453472493158,en,southpark
bond,0.0003451052767703,en,southpark
fundamental,0.000345080077176,en,southpark
stupidity,0.000345080077176,en,southpark
gaze,0.000345080077176,en,southpark
distribution,0.000345080077176,en,southpark
cologne,0.000345080077176,en,southpark
bladder,0.000345080077176,en,southpark
devastating,0.000345080077176,en,southpark
welfare,0.000345080077176,en,southpark
principle,0.0003429715930268,en,southpark
backwards,0.0003429715930268,en,southpark
mysterious,0.0003429715930268,en,southpark
stake,0.0003423197740488,en,southpark
exchange,0.0003423197740488,en,southpark
paralyze,0.0003414444637934,en,southpark
repeatedly,0.0003414444637934,en,southpark
resemblance,0.0003414444637934,en,southpark
committed,0.0003414444637934,en,southpark
harmony,0.0003414444637934,en,southpark
tuesday,0.0003414444637934,en,southpark
sunrise,0.0003414444637934,en,southpark
cloth,0.0003414444637934,en,southpark
organ,0.0003400143883812,en,southpark
handy,0.0003400143883812,en,southpark
snack,0.0003400143883812,en,southpark
duty,0.0003395604266686,en,southpark
syphili,0.0003389917915584,en,southpark
conductor,0.0003389917915584,en,southpark
innovation,0.0003389917915584,en,southpark
hangout,0.0003389917915584,en,southpark
subliminal,0.0003389917915584,en,southpark
rudy,0.0003389917915584,en,southpark
travesty,0.0003389917915584,en,southpark
evenly,0.0003389917915584,en,southpark
gretchen,0.0003389917915584,en,southpark
occult,0.0003389917915584,en,southpark
roofie,0.0003389917915584,en,southpark
jiggle,0.0003389917915584,en,southpark
satanic,0.0003389917915584,en,southpark
homage,0.0003389917915584,en,southpark
recourse,0.0003389917915584,en,southpark
bravely,0.0003389917915584,en,southpark
skippy,0.0003389917915584,en,southpark
holdin,0.0003389917915584,en,southpark
heterosexual,0.0003389917915584,en,southpark
scot,0.0003389917915584,en,southpark
jackal,0.0003389917915584,en,southpark
les,0.0003389917915584,en,southpark
talente,0.0003389917915584,en,southpark
jamaican,0.0003389917915584,en,southpark
shattered,0.0003389917915584,en,southpark
cartilage,0.0003389917915584,en,southpark
hellfire,0.0003389917915584,en,southpark
offering,0.0003378823021937,en,southpark
impose,0.0003378823021937,en,southpark
sweetest,0.0003378823021937,en,southpark
ache,0.0003378823021937,en,southpark
hijack,0.0003378823021937,en,southpark
halt,0.0003378823021937,en,southpark
globe,0.0003378823021937,en,southpark
fulfil,0.0003378823021937,en,southpark
certify,0.0003378823021937,en,southpark
hawk,0.0003378823021937,en,southpark
blink,0.0003370939201479,en,southpark
killing,0.0003370939201479,en,southpark
symptom,0.0003370939201479,en,southpark
clip,0.0003370939201479,en,southpark
rack,0.0003370939201479,en,southpark
insist,0.0003368267480081,en,southpark
soothe,0.0003343906831043,en,southpark
biology,0.0003343906831043,en,southpark
countless,0.0003343906831043,en,southpark
humiliating,0.0003343906831043,en,southpark
swoop,0.0003343906831043,en,southpark
extent,0.0003343906831043,en,southpark
irresponsible,0.0003343906831043,en,southpark
antibiotic,0.0003343906831043,en,southpark
runaway,0.0003343906831043,en,southpark
penny,0.0003342092867854,en,southpark
error,0.0003342092867854,en,southpark
possibility,0.0003341182649009,en,southpark
hearty,0.0003329624015128,en,southpark
printing,0.0003329624015128,en,southpark
stabbing,0.0003329624015128,en,southpark
startling,0.0003329624015128,en,southpark
prosper,0.0003329624015128,en,southpark
contraband,0.0003329624015128,en,southpark
earning,0.0003329624015128,en,southpark
enrich,0.0003329624015128,en,southpark
sadden,0.0003329624015128,en,southpark
appease,0.0003329624015128,en,southpark
better,0.0003329624015128,en,southpark
dependency,0.0003329624015128,en,southpark
bot,0.0003329624015128,en,southpark
ferocious,0.0003329624015128,en,southpark
smokey,0.0003329624015128,en,southpark
lush,0.0003329624015128,en,southpark
dane,0.0003329624015128,en,southpark
anthropology,0.0003329624015128,en,southpark
grub,0.0003329624015128,en,southpark
roulette,0.0003329624015128,en,southpark
verification,0.0003329624015128,en,southpark
munchie,0.0003329624015128,en,southpark
renounce,0.0003329624015128,en,southpark
gape,0.0003329624015128,en,southpark
abe,0.0003329624015128,en,southpark
comer,0.0003329624015128,en,southpark
bitchin,0.0003329624015128,en,southpark
refusal,0.0003329624015128,en,southpark
shockingly,0.0003329624015128,en,southpark
mozart,0.0003329624015128,en,southpark
adversity,0.0003329624015128,en,southpark
potential,0.0003314345171448,en,southpark
specific,0.0003314345171448,en,southpark
raw,0.0003313596195373,en,southpark
sum,0.0003313596195373,en,southpark
stash,0.0003313596195373,en,southpark
insecure,0.0003309668667467,en,southpark
waltz,0.0003309668667467,en,southpark
cleanse,0.0003309668667467,en,southpark
convenience,0.0003309668667467,en,southpark
cranky,0.0003309668667467,en,southpark
contaminate,0.0003309668667467,en,southpark
radio,0.0003287750570316,en,southpark
particular,0.0003287750570316,en,southpark
division,0.0003285440808614,en,southpark
pit,0.0003285440808614,en,southpark
poker,0.0003285440808614,en,southpark
puzzle,0.0003285440808614,en,southpark
marble,0.0003276082699209,en,southpark
flap,0.0003276082699209,en,southpark
bureau,0.0003276082699209,en,southpark
duel,0.0003272272477529,en,southpark
rugged,0.0003272272477529,en,southpark
asphyxiation,0.0003272272477529,en,southpark
kiddy,0.0003272272477529,en,southpark
shifty,0.0003272272477529,en,southpark
delicately,0.0003272272477529,en,southpark
thrilling,0.0003272272477529,en,southpark
granola,0.0003272272477529,en,southpark
stella,0.0003272272477529,en,southpark
perv,0.0003272272477529,en,southpark
purr,0.0003272272477529,en,southpark
sitcom,0.0003272272477529,en,southpark
brent,0.0003272272477529,en,southpark
snail,0.0003272272477529,en,southpark
dame,0.0003272272477529,en,southpark
excellence,0.0003272272477529,en,southpark
deuce,0.0003272272477529,en,southpark
wearin,0.0003272272477529,en,southpark
dialysis,0.0003272272477529,en,southpark
molten,0.0003272272477529,en,southpark
escalator,0.0003272272477529,en,southpark
vowel,0.0003272272477529,en,southpark
victimize,0.0003272272477529,en,southpark
goofy,0.0003272272477529,en,southpark
furthermore,0.0003272272477529,en,southpark
cynicism,0.0003272272477529,en,southpark
imaginable,0.0003272272477529,en,southpark
momma,0.0003272272477529,en,southpark
wheeze,0.0003272272477529,en,southpark
pleasing,0.0003272272477529,en,southpark
nightstand,0.0003272272477529,en,southpark
scoreboard,0.0003272272477529,en,southpark
informative,0.0003272272477529,en,southpark
bella,0.0003272272477529,en,southpark
connection,0.0003261394488999,en,southpark
squad,0.0003257618629523,en,southpark
explosion,0.0003257618629523,en,southpark
routine,0.0003257618629523,en,southpark
unload,0.0003243124542965,en,southpark
specialize,0.0003243124542965,en,southpark
amusing,0.0003243124542965,en,southpark
napkin,0.0003243124542965,en,southpark
aye,0.0003243124542965,en,southpark
distribute,0.0003243124542965,en,southpark
dinosaur,0.0003243124542965,en,southpark
disable,0.0003243124542965,en,southpark
adjust,0.0003230121863498,en,southpark
explore,0.0003230121863498,en,southpark
advise,0.0003230121863498,en,southpark
deck,0.0003230121863498,en,southpark
interfere,0.0003230121863498,en,southpark
deplete,0.0003217589439027,en,southpark
raffle,0.0003217589439027,en,southpark
petting,0.0003217589439027,en,southpark
graph,0.0003217589439027,en,southpark
capitol,0.0003217589439027,en,southpark
angst,0.0003217589439027,en,southpark
texture,0.0003217589439027,en,southpark
luncheon,0.0003217589439027,en,southpark
continental,0.0003217589439027,en,southpark
manually,0.0003217589439027,en,southpark
isle,0.0003217589439027,en,southpark
simulator,0.0003217589439027,en,southpark
trusty,0.0003217589439027,en,southpark
prostate,0.0003217589439027,en,southpark
psychologically,0.0003217589439027,en,southpark
prenup,0.0003217589439027,en,southpark
donovan,0.0003217589439027,en,southpark
surfing,0.0003217589439027,en,southpark
feminist,0.0003217589439027,en,southpark
rue,0.0003217589439027,en,southpark
folder,0.0003210771157785,en,southpark
majority,0.0003210771157785,en,southpark
dressing,0.0003210771157785,en,southpark
transmission,0.0003210771157785,en,southpark
disgrace,0.0003210771157785,en,southpark
dynamic,0.0003210771157785,en,southpark
seeing,0.0003210771157785,en,southpark
compensate,0.0003210771157785,en,southpark
tin,0.0003210771157785,en,southpark
prefer,0.0003209381036145,en,southpark
triple,0.0003202942986284,en,southpark
description,0.0003202942986284,en,southpark
shortly,0.0003202942986284,en,southpark
steel,0.0003202942986284,en,southpark
fabric,0.0003179000748316,en,southpark
equip,0.0003179000748316,en,southpark
outrageous,0.0003179000748316,en,southpark
caffeine,0.0003179000748316,en,southpark
champ,0.0003179000748316,en,southpark
ill,0.000317607473161,en,southpark
closed,0.000317607473161,en,southpark
hugger,0.0003165337576878,en,southpark
pounce,0.0003165337576878,en,southpark
twinkle,0.0003165337576878,en,southpark
ovary,0.0003165337576878,en,southpark
inning,0.0003165337576878,en,southpark
nifty,0.0003165337576878,en,southpark
palmer,0.0003165337576878,en,southpark
ration,0.0003165337576878,en,southpark
daring,0.0003165337576878,en,southpark
binary,0.0003165337576878,en,southpark
senile,0.0003165337576878,en,southpark
mailing,0.0003165337576878,en,southpark
overturn,0.0003165337576878,en,southpark
biologist,0.0003165337576878,en,southpark
exaggeration,0.0003165337576878,en,southpark
comprende,0.0003165337576878,en,southpark
torpedo,0.0003165337576878,en,southpark
abigail,0.0003165337576878,en,southpark
midwest,0.0003165337576878,en,southpark
assimilate,0.0003165337576878,en,southpark
critical,0.0003149510079532,en,southpark
modern,0.0003149510079532,en,southpark
manner,0.0003149510079532,en,southpark
infiltrate,0.0003147792676604,en,southpark
equally,0.0003147792676604,en,southpark
calculate,0.0003147792676604,en,southpark
depress,0.0003147792676604,en,southpark
temple,0.0003147792676604,en,southpark
fetch,0.0003147792676604,en,southpark
text,0.000312324224542,en,southpark
skull,0.000312324224542,en,southpark
tire,0.000312324224542,en,southpark
tactic,0.0003117127381569,en,southpark
bathtub,0.0003117127381569,en,southpark
heroic,0.0003117127381569,en,southpark
stressful,0.0003117127381569,en,southpark
mortal,0.0003117127381569,en,southpark
poetry,0.0003117127381569,en,southpark
dvd,0.0003117127381569,en,southpark
barge,0.0003117127381569,en,southpark
tamper,0.0003117127381569,en,southpark
yah,0.0003115309884451,en,southpark
frisky,0.0003115309884451,en,southpark
underlie,0.0003115309884451,en,southpark
nutjob,0.0003115309884451,en,southpark
bestow,0.0003115309884451,en,southpark
loved,0.0003115309884451,en,southpark
baltimore,0.0003115309884451,en,southpark
ralph,0.0003115309884451,en,southpark
saucer,0.0003115309884451,en,southpark
reactor,0.0003115309884451,en,southpark
enact,0.0003115309884451,en,southpark
scripture,0.0003115309884451,en,southpark
caress,0.0003115309884451,en,southpark
bozo,0.0003115309884451,en,southpark
assert,0.0003115309884451,en,southpark
futile,0.0003115309884451,en,southpark
shrug,0.0003115309884451,en,southpark
duo,0.0003115309884451,en,southpark
partie,0.0003115309884451,en,southpark
kilometer,0.0003115309884451,en,southpark
intricate,0.0003115309884451,en,southpark
woozy,0.0003115309884451,en,southpark
realization,0.0003115309884451,en,southpark
benefactor,0.0003115309884451,en,southpark
pierre,0.0003115309884451,en,southpark
aaron,0.0003115309884451,en,southpark
united,0.0003115309884451,en,southpark
shed,0.0003097264669558,en,southpark
gear,0.0003097264669558,en,southpark
uncover,0.0003086986305363,en,southpark
walker,0.0003086986305363,en,southpark
expire,0.0003086986305363,en,southpark
sleeping,0.0003086986305363,en,southpark
sized,0.0003086986305363,en,southpark
shocked,0.0003086986305363,en,southpark
appreciation,0.0003086986305363,en,southpark
turf,0.0003086986305363,en,southpark
task,0.0003071571007312,en,southpark
slight,0.0003071571007312,en,southpark
escort,0.0003071571007312,en,southpark
assignment,0.0003071571007312,en,southpark
trough,0.0003067324717902,en,southpark
commune,0.0003067324717902,en,southpark
heartache,0.0003067324717902,en,southpark
holocaust,0.0003067324717902,en,southpark
cheery,0.0003067324717902,en,southpark
kurt,0.0003067324717902,en,southpark
schmuck,0.0003067324717902,en,southpark
fishy,0.0003067324717902,en,southpark
merger,0.0003067324717902,en,southpark
embark,0.0003067324717902,en,southpark
unspeakable,0.0003067324717902,en,southpark
spinach,0.0003067324717902,en,southpark
ply,0.0003067324717902,en,southpark
danish,0.0003067324717902,en,southpark
hanson,0.0003067324717902,en,southpark
spat,0.0003067324717902,en,southpark
kickin,0.0003067324717902,en,southpark
sleepwalk,0.0003067324717902,en,southpark
headquarter,0.0003067324717902,en,southpark
enjoyable,0.0003067324717902,en,southpark
whe,0.0003067324717902,en,southpark
starvation,0.0003067324717902,en,southpark
jerky,0.0003067324717902,en,southpark
sadistic,0.0003067324717902,en,southpark
hereditary,0.0003067324717902,en,southpark
dung,0.0003067324717902,en,southpark
affliction,0.0003067324717902,en,southpark
stricken,0.0003067324717902,en,southpark
canary,0.0003067324717902,en,southpark
skanky,0.0003067324717902,en,southpark
dakota,0.0003067324717902,en,southpark
enforcer,0.0003067324717902,en,southpark
unwilling,0.0003067324717902,en,southpark
driving,0.000305735182592,en,southpark
oscar,0.000305735182592,en,southpark
curl,0.000305735182592,en,southpark
contrary,0.000305735182592,en,southpark
terminal,0.000305735182592,en,southpark
microwave,0.000305735182592,en,southpark
kate,0.000305735182592,en,southpark
honorable,0.000305735182592,en,southpark
aspect,0.000305735182592,en,southpark
relative,0.0003046155119827,en,southpark
instruction,0.0003046155119827,en,southpark
salt,0.0003046155119827,en,southpark
ninth,0.0003028207195077,en,southpark
moan,0.0003028207195077,en,southpark
regardless,0.0003028207195077,en,southpark
frighten,0.0003028207195077,en,southpark
rusty,0.0003028207195077,en,southpark
footprint,0.0003028207195077,en,southpark
psychology,0.0003028207195077,en,southpark
groan,0.0003028207195077,en,southpark
spine,0.0003028207195077,en,southpark
website,0.0003028207195077,en,southpark
curb,0.0003028207195077,en,southpark
depict,0.0003021221814922,en,southpark
acquit,0.0003021221814922,en,southpark
investigative,0.0003021221814922,en,southpark
sunburn,0.0003021221814922,en,southpark
halo,0.0003021221814922,en,southpark
lovebird,0.0003021221814922,en,southpark
complimentary,0.0003021221814922,en,southpark
urinate,0.0003021221814922,en,southpark
trinket,0.0003021221814922,en,southpark
septic,0.0003021221814922,en,southpark
node,0.0003021221814922,en,southpark
cellmate,0.0003021221814922,en,southpark
scroll,0.0003021221814922,en,southpark
vandalize,0.0003021221814922,en,southpark
seriousness,0.0003021221814922,en,southpark
turkish,0.0003021221814922,en,southpark
titre,0.0003021221814922,en,southpark
lean,0.0003021011065227,en,southpark
basis,0.0003021011065227,en,southpark
aach,0.0003018125711094,en,southpark
perhapsbecause,0.0003018125711094,en,southpark
splishy,0.0003018125711094,en,southpark
testicled,0.0003018125711094,en,southpark
oriented,0.0003018125711094,en,southpark
rrrar,0.0003018125711094,en,southpark
aroo,0.0003018125711094,en,southpark
kraaaazy,0.0003018125711094,en,southpark
frommtv,0.0003018125711094,en,southpark
theraging,0.0003018125711094,en,southpark
youcouldmake,0.0003018125711094,en,southpark
youcouldcall,0.0003018125711094,en,southpark
foolied,0.0003018125711094,en,southpark
arlin,0.0003018125711094,en,southpark
bble,0.0003018125711094,en,southpark
thecliff,0.0003018125711094,en,southpark
notesthemselve,0.0003018125711094,en,southpark
draffordshire,0.0003018125711094,en,southpark
topsmart,0.0003018125711094,en,southpark
breakie,0.0003018125711094,en,southpark
wakie,0.0003018125711094,en,southpark
withhim,0.0003018125711094,en,southpark
friendmust,0.0003018125711094,en,southpark
euhhh,0.0003018125711094,en,southpark
erhap,0.0003018125711094,en,southpark
asyluh,0.0003018125711094,en,southpark
urt,0.0003018125711094,en,southpark
inle,0.0003018125711094,en,southpark
lamonde,0.0003018125711094,en,southpark
turkeylover,0.0003018125711094,en,southpark
alinicia,0.0003018125711094,en,southpark
stagelight,0.0003018125711094,en,southpark
arhh,0.0003018125711094,en,southpark
veltic,0.0003018125711094,en,southpark
seethatcome,0.0003018125711094,en,southpark
hellooo,0.0003018125711094,en,southpark
whoweare,0.0003018125711094,en,southpark
anewtime,0.0003018125711094,en,southpark
roddenberry,0.0003018125711094,en,southpark
newtrapper,0.0003018125711094,en,southpark
galga,0.0003018125711094,en,southpark
manity,0.0003018125711094,en,southpark
disconcern,0.0003018125711094,en,southpark
ifyourtrapper,0.0003018125711094,en,southpark
wasthistrapper,0.0003018125711094,en,southpark
ohyeah,0.0003018125711094,en,southpark
hagh,0.0003018125711094,en,southpark
bwap,0.0003018125711094,en,southpark
consideredthe,0.0003018125711094,en,southpark
nununew,0.0003018125711094,en,southpark
dagwood,0.0003018125711094,en,southpark
bbingo,0.0003018125711094,en,southpark
dexatrimfan,0.0003018125711094,en,southpark
daytab,0.0003018125711094,en,southpark
cortitussin,0.0003018125711094,en,southpark
ballish,0.0003018125711094,en,southpark
remiedy,0.0003018125711094,en,southpark
douth,0.0003018125711094,en,southpark
skanque,0.0003018125711094,en,southpark
losable,0.0003018125711094,en,southpark
ssuper,0.0003018125711094,en,southpark
neeew,0.0003018125711094,en,southpark
uhwhy,0.0003018125711094,en,southpark
yeeess,0.0003018125711094,en,southpark
actuallysaw,0.0003018125711094,en,southpark
wagahgh,0.0003018125711094,en,southpark
blasphemaaa,0.0003018125711094,en,southpark
skay,0.0003018125711094,en,southpark
agahgh,0.0003018125711094,en,southpark
frontway,0.0003018125711094,en,southpark
dik,0.0003018125711094,en,southpark
timeispossible,0.0003018125711094,en,southpark
mhya,0.0003018125711094,en,southpark
womfy,0.0003018125711094,en,southpark
tonot,0.0003018125711094,en,southpark
andnottry,0.0003018125711094,en,southpark
oiga,0.0003018125711094,en,southpark
algo,0.0003018125711094,en,southpark
pegado,0.0003018125711094,en,southpark
completeth,0.0003018125711094,en,southpark
defileth,0.0003018125711094,en,southpark
fetae,0.0003018125711094,en,southpark
farren,0.0003018125711094,en,southpark
theyarereplicate,0.0003018125711094,en,southpark
atbennigan,0.0003018125711094,en,southpark
fibbin,0.0003018125711094,en,southpark
thestudcat,0.0003018125711094,en,southpark
zizi,0.0003018125711094,en,southpark
wereally,0.0003018125711094,en,southpark
williet,0.0003018125711094,en,southpark
somesilion,0.0003018125711094,en,southpark
fragamenth,0.0003018125711094,en,southpark
belinis,0.0003018125711094,en,southpark
jollyrow,0.0003018125711094,en,southpark
davishmere,0.0003018125711094,en,southpark
blagh,0.0003018125711094,en,southpark
jewness,0.0003018125711094,en,southpark
personnow,0.0003018125711094,en,southpark
tbelieve,0.0003018125711094,en,southpark
sdoome,0.0003018125711094,en,southpark
beforewedie,0.0003018125711094,en,southpark
sogonna,0.0003018125711094,en,southpark
paaaiin,0.0003018125711094,en,southpark
andiam,0.0003018125711094,en,southpark
waterski,0.0003018125711094,en,southpark
persercrute,0.0003018125711094,en,southpark
myha,0.0003018125711094,en,southpark
mrph,0.0003018125711094,en,southpark
hummell,0.0003018125711094,en,southpark
whatif,0.0003018125711094,en,southpark
priesteverything,0.0003018125711094,en,southpark
beecha,0.0003018125711094,en,southpark
beaa,0.0003018125711094,en,southpark
beachaaa,0.0003018125711094,en,southpark
saddamwouldjust,0.0003018125711094,en,southpark
goycha,0.0003018125711094,en,southpark
preist,0.0003018125711094,en,southpark
behin,0.0003018125711094,en,southpark
fowny,0.0003018125711094,en,southpark
garmlich,0.0003018125711094,en,southpark
exponentiously,0.0003018125711094,en,southpark
loveour,0.0003018125711094,en,southpark
littleoldto,0.0003018125711094,en,southpark
wishedevery,0.0003018125711094,en,southpark
sayno,0.0003018125711094,en,southpark
andthatis,0.0003018125711094,en,southpark
afourmember,0.0003018125711094,en,southpark
evenjealous,0.0003018125711094,en,southpark
forfingerbang,0.0003018125711094,en,southpark
thatwaspretty,0.0003018125711094,en,southpark
thefingerbangguy,0.0003018125711094,en,southpark
aboyband,0.0003018125711094,en,southpark
shitzusmake,0.0003018125711094,en,southpark
meetingin,0.0003018125711094,en,southpark
balzacwa,0.0003018125711094,en,southpark
contaminatedwater,0.0003018125711094,en,southpark
dictatewhat,0.0003018125711094,en,southpark
herhuge,0.0003018125711094,en,southpark
thetoughone,0.0003018125711094,en,southpark
arefingerbang,0.0003018125711094,en,southpark
silliest,0.0003018125711094,en,southpark
responible,0.0003018125711094,en,southpark
iiiike,0.0003018125711094,en,southpark
darshy,0.0003018125711094,en,southpark
wichika,0.0003018125711094,en,southpark
quaid,0.0003018125711094,en,southpark
greasie,0.0003018125711094,en,southpark
toalder,0.0003018125711094,en,southpark
thiscaptain,0.0003018125711094,en,southpark
weeeird,0.0003018125711094,en,southpark
straaange,0.0003018125711094,en,southpark
yeahah,0.0003018125711094,en,southpark
ketsmine,0.0003018125711094,en,southpark
invitng,0.0003018125711094,en,southpark
midngith,0.0003018125711094,en,southpark
thelman,0.0003018125711094,en,southpark
teeve,0.0003018125711094,en,southpark
responsibliltiy,0.0003018125711094,en,southpark
sonotracist,0.0003018125711094,en,southpark
sfingerbanglive,0.0003018125711094,en,southpark
nothingfaggyabout,0.0003018125711094,en,southpark
mrm,0.0003018125711094,en,southpark
doesnot,0.0003018125711094,en,southpark
soundnice,0.0003018125711094,en,southpark
nopart,0.0003018125711094,en,southpark
agreattoy,0.0003018125711094,en,southpark
thisbook,0.0003018125711094,en,southpark
themaleorgan,0.0003018125711094,en,southpark
phtoo,0.0003018125711094,en,southpark
toxinsare,0.0003018125711094,en,southpark
hasbeen,0.0003018125711094,en,southpark
clubbing,0.0003018125711094,en,southpark
toreallyunderstand,0.0003018125711094,en,southpark
candycorn,0.0003018125711094,en,southpark
oomf,0.0003018125711094,en,southpark
doublestuff,0.0003018125711094,en,southpark
molestationthing,0.0003018125711094,en,southpark
fascinatingwoman,0.0003018125711094,en,southpark
arefilledwith,0.0003018125711094,en,southpark
nowtheyknow,0.0003018125711094,en,southpark
vrroo,0.0003018125711094,en,southpark
vrooo,0.0003018125711094,en,southpark
bchhh,0.0003018125711094,en,southpark
mms,0.0003018125711094,en,southpark
becausehewant,0.0003018125711094,en,southpark
makemoney,0.0003018125711094,en,southpark
aboutnature,0.0003018125711094,en,southpark
joline,0.0003018125711094,en,southpark
yaaa,0.0003018125711094,en,southpark
playaction,0.0003018125711094,en,southpark
exerciser,0.0003018125711094,en,southpark
turdy,0.0003018125711094,en,southpark
buggas,0.0003018125711094,en,southpark
macneil,0.0003018125711094,en,southpark
thewhite,0.0003018125711094,en,southpark
fogle,0.0003018125711094,en,southpark
dietitian,0.0003018125711094,en,southpark
negation,0.0003018125711094,en,southpark
dolook,0.0003018125711094,en,southpark
shenanigin,0.0003018125711094,en,southpark
tomesswith,0.0003018125711094,en,southpark
notthatfunny,0.0003018125711094,en,southpark
bedrinkingmilk,0.0003018125711094,en,southpark
somewhatdisconcerte,0.0003018125711094,en,southpark
cottony,0.0003018125711094,en,southpark
arealsinger,0.0003018125711094,en,southpark
barsca,0.0003018125711094,en,southpark
ussomuch,0.0003018125711094,en,southpark
expectingmeto,0.0003018125711094,en,southpark
huuuh,0.0003018125711094,en,southpark
rubbed,0.0003018125711094,en,southpark
geneticly,0.0003018125711094,en,southpark
isproof,0.0003018125711094,en,southpark
hmhm,0.0003018125711094,en,southpark
wantmeto,0.0003018125711094,en,southpark
wedoneed,0.0003018125711094,en,southpark
graca,0.0003018125711094,en,southpark
bocelli,0.0003018125711094,en,southpark
conte,0.0003018125711094,en,southpark
tuckered,0.0003018125711094,en,southpark
lalapulubla,0.0003018125711094,en,southpark
lollapoolula,0.0003018125711094,en,southpark
lollapaluzava,0.0003018125711094,en,southpark
malsey,0.0003018125711094,en,southpark
watchingvh,0.0003018125711094,en,southpark
wahhh,0.0003018125711094,en,southpark
zandor,0.0003018125711094,en,southpark
calledritalout,0.0003018125711094,en,southpark
oftimmy,0.0003018125711094,en,southpark
fufu,0.0003018125711094,en,southpark
duringcirque,0.0003018125711094,en,southpark
fagtrack,0.0003018125711094,en,southpark
contorting,0.0003018125711094,en,southpark
calledcollege,0.0003018125711094,en,southpark
loogierule,0.0003018125711094,en,southpark
mooo,0.0003018125711094,en,southpark
mooop,0.0003018125711094,en,southpark
oodalolly,0.0003018125711094,en,southpark
uuuugh,0.0003018125711094,en,southpark
tuuuurd,0.0003018125711094,en,southpark
ballghgh,0.0003018125711094,en,southpark
louigi,0.0003018125711094,en,southpark
fudgen,0.0003018125711094,en,southpark
sumpsy,0.0003018125711094,en,southpark
kittle,0.0003018125711094,en,southpark
mprmm,0.0003018125711094,en,southpark
luggie,0.0003018125711094,en,southpark
ismine,0.0003018125711094,en,southpark
timmar,0.0003018125711094,en,southpark
someritalin,0.0003018125711094,en,southpark
defunction,0.0003018125711094,en,southpark
lullapolooza,0.0003018125711094,en,southpark
sensationtimmy,0.0003018125711094,en,southpark
reoww,0.0003018125711094,en,southpark
istimmy,0.0003018125711094,en,southpark
undermy,0.0003018125711094,en,southpark
mphh,0.0003018125711094,en,southpark
hygene,0.0003018125711094,en,southpark
phk,0.0003018125711094,en,southpark
stuipid,0.0003018125711094,en,southpark
willikin,0.0003018125711094,en,southpark
youdidlie,0.0003018125711094,en,southpark
aahhh,0.0003018125711094,en,southpark
oursega,0.0003018125711094,en,southpark
istit,0.0003018125711094,en,southpark
gotmegaman,0.0003018125711094,en,southpark
youwoke,0.0003018125711094,en,southpark
cemetarie,0.0003018125711094,en,southpark
therealproblem,0.0003018125711094,en,southpark
ourshay,0.0003018125711094,en,southpark
akebay,0.0003018125711094,en,southpark
damnedgay,0.0003018125711094,en,southpark
akecay,0.0003018125711094,en,southpark
otallytay,0.0003018125711094,en,southpark
ewedscray,0.0003018125711094,en,southpark
smo,0.0003018125711094,en,southpark
flushin,0.0003018125711094,en,southpark
uhset,0.0003018125711094,en,southpark
rermember,0.0003018125711094,en,southpark
yye,0.0003018125711094,en,southpark
nimin,0.0003018125711094,en,southpark
jeezus,0.0003018125711094,en,southpark
alamosa,0.0003018125711094,en,southpark
fatss,0.0003018125711094,en,southpark
nwe,0.0003018125711094,en,southpark
animaniac,0.0003018125711094,en,southpark
yeup,0.0003018125711094,en,southpark
eakbray,0.0003018125711094,en,southpark
isonpray,0.0003018125711094,en,southpark
ellhay,0.0003018125711094,en,southpark
otnay,0.0003018125711094,en,southpark
penasameri,0.0003018125711094,en,southpark
plenahabikabapi,0.0003018125711094,en,southpark
inapi,0.0003018125711094,en,southpark
asume,0.0003018125711094,en,southpark
absoulutly,0.0003018125711094,en,southpark
dammage,0.0003018125711094,en,southpark
wickedy,0.0003018125711094,en,southpark
averaging,0.0003018125711094,en,southpark
gaidis,0.0003018125711094,en,southpark
crimenot,0.0003018125711094,en,southpark
twen,0.0003018125711094,en,southpark
periodless,0.0003018125711094,en,southpark
obstical,0.0003018125711094,en,southpark
existance,0.0003018125711094,en,southpark
parapolegic,0.0003018125711094,en,southpark
meatload,0.0003018125711094,en,southpark
wuhsure,0.0003018125711094,en,southpark
rigtht,0.0003018125711094,en,southpark
immiedately,0.0003018125711094,en,southpark
rerme,0.0003018125711094,en,southpark
rhohhh,0.0003018125711094,en,southpark
purifier,0.0003018125711094,en,southpark
argghhh,0.0003018125711094,en,southpark
blgh,0.0003018125711094,en,southpark
aaaghh,0.0003018125711094,en,southpark
aaahghh,0.0003018125711094,en,southpark
exstacy,0.0003018125711094,en,southpark
lwittle,0.0003018125711094,en,southpark
psycologist,0.0003018125711094,en,southpark
hensingalovs,0.0003018125711094,en,southpark
ausilation,0.0003018125711094,en,southpark
gebo,0.0003018125711094,en,southpark
redneckacitis,0.0003018125711094,en,southpark
krushna,0.0003018125711094,en,southpark
mckemick,0.0003018125711094,en,southpark
raindeer,0.0003018125711094,en,southpark
silient,0.0003018125711094,en,southpark
poopity,0.0003018125711094,en,southpark
bying,0.0003018125711094,en,southpark
ultide,0.0003018125711094,en,southpark
cheerie,0.0003018125711094,en,southpark
cabagoust,0.0003018125711094,en,southpark
makker,0.0003018125711094,en,southpark
periode,0.0003018125711094,en,southpark
specticle,0.0003018125711094,en,southpark
therfore,0.0003018125711094,en,southpark
sphinkter,0.0003018125711094,en,southpark
blatter,0.0003018125711094,en,southpark
chnid,0.0003018125711094,en,southpark
aaaw,0.0003018125711094,en,southpark
reetint,0.0003018125711094,en,southpark
aldolf,0.0003018125711094,en,southpark
gaily,0.0003018125711094,en,southpark
toungue,0.0003018125711094,en,southpark
muhahmad,0.0003018125711094,en,southpark
shintoist,0.0003018125711094,en,southpark
infidelic,0.0003018125711094,en,southpark
farcastle,0.0003018125711094,en,southpark
funland,0.0003018125711094,en,southpark
uuggghhhn,0.0003018125711094,en,southpark
hwaaaaaagh,0.0003018125711094,en,southpark
hwaaaaa,0.0003018125711094,en,southpark
faggotronic,0.0003018125711094,en,southpark
garache,0.0003018125711094,en,southpark
hghnn,0.0003018125711094,en,southpark
hghh,0.0003018125711094,en,southpark
hgnnnh,0.0003018125711094,en,southpark
hgngg,0.0003018125711094,en,southpark
hwaaaaagh,0.0003018125711094,en,southpark
gratsie,0.0003018125711094,en,southpark
escellate,0.0003018125711094,en,southpark
frause,0.0003018125711094,en,southpark
suzzette,0.0003018125711094,en,southpark
cirlce,0.0003018125711094,en,southpark
parteh,0.0003018125711094,en,southpark
occupent,0.0003018125711094,en,southpark
logement,0.0003018125711094,en,southpark
morter,0.0003018125711094,en,southpark
upriser,0.0003018125711094,en,southpark
ammit,0.0003018125711094,en,southpark
mustach,0.0003018125711094,en,southpark
bleeter,0.0003018125711094,en,southpark
sheild,0.0003018125711094,en,southpark
taberian,0.0003018125711094,en,southpark
posetronic,0.0003018125711094,en,southpark
clartify,0.0003018125711094,en,southpark
aplomaticstown,0.0003018125711094,en,southpark
winne,0.0003018125711094,en,southpark
propertah,0.0003018125711094,en,southpark
morining,0.0003018125711094,en,southpark
northward,0.0003018125711094,en,southpark
millitary,0.0003018125711094,en,southpark
chinpokarific,0.0003018125711094,en,southpark
bumpersticker,0.0003018125711094,en,southpark
beikoku,0.0003018125711094,en,southpark
kroxyldiphlyke,0.0003018125711094,en,southpark
trecherous,0.0003018125711094,en,southpark
sharad,0.0003018125711094,en,southpark
extrapate,0.0003018125711094,en,southpark
sereberal,0.0003018125711094,en,southpark
wholy,0.0003018125711094,en,southpark
finx,0.0003018125711094,en,southpark
charah,0.0003018125711094,en,southpark
speicie,0.0003018125711094,en,southpark
integretah,0.0003018125711094,en,southpark
garison,0.0003018125711094,en,southpark
chinpokocamp,0.0003018125711094,en,southpark
burbous,0.0003018125711094,en,southpark
masterdonic,0.0003018125711094,en,southpark
hajimaru,0.0003018125711094,en,southpark
uchi,0.0003018125711094,en,southpark
empiror,0.0003018125711094,en,southpark
dinosauric,0.0003018125711094,en,southpark
arive,0.0003018125711094,en,southpark
chinpokeman,0.0003018125711094,en,southpark
commercialim,0.0003018125711094,en,southpark
aparently,0.0003018125711094,en,southpark
chinpokoleader,0.0003018125711094,en,southpark
streinght,0.0003018125711094,en,southpark
hajimete,0.0003018125711094,en,southpark
juuhachi,0.0003018125711094,en,southpark
minata,0.0003018125711094,en,southpark
enorm,0.0003018125711094,en,southpark
gargantuoum,0.0003018125711094,en,southpark
naze,0.0003018125711094,en,southpark
wakarimasen,0.0003018125711094,en,southpark
mondai,0.0003018125711094,en,southpark
sekinin,0.0003018125711094,en,southpark
ikimashoo,0.0003018125711094,en,southpark
roostalion,0.0003018125711094,en,southpark
willll,0.0003018125711094,en,southpark
flurish,0.0003018125711094,en,southpark
chuchunesbis,0.0003018125711094,en,southpark
lambtron,0.0003018125711094,en,southpark
chinpokofun,0.0003018125711094,en,southpark
blaitant,0.0003018125711094,en,southpark
woshipper,0.0003018125711094,en,southpark
fieldy,0.0003018125711094,en,southpark
puuhh,0.0003018125711094,en,southpark
hehey,0.0003018125711094,en,southpark
smirch,0.0003018125711094,en,southpark
misterrr,0.0003018125711094,en,southpark
sonethin,0.0003018125711094,en,southpark
iitt,0.0003018125711094,en,southpark
deery,0.0003018125711094,en,southpark
woodpeckery,0.0003018125711094,en,southpark
bir,0.0003018125711094,en,southpark
waiwait,0.0003018125711094,en,southpark
heathenistic,0.0003018125711094,en,southpark
troublemake,0.0003018125711094,en,southpark
wheh,0.0003018125711094,en,southpark
traume,0.0003018125711094,en,southpark
sufferee,0.0003018125711094,en,southpark
furrycat,0.0003018125711094,en,southpark
lambtoy,0.0003018125711094,en,southpark
mnya,0.0003018125711094,en,southpark
chuchunesbi,0.0003018125711094,en,southpark
supremecy,0.0003018125711094,en,southpark
waant,0.0003018125711094,en,southpark
dishware,0.0003018125711094,en,southpark
nienty,0.0003018125711094,en,southpark
anu,0.0003018125711094,en,southpark
voltar,0.0003018125711094,en,southpark
workingbe,0.0003018125711094,en,southpark
petan,0.0003018125711094,en,southpark
mmascot,0.0003018125711094,en,southpark
sstudent,0.0003018125711094,en,southpark
hughh,0.0003018125711094,en,southpark
yesssss,0.0003018125711094,en,southpark
aaaghhg,0.0003018125711094,en,southpark
ugnnn,0.0003018125711094,en,southpark
naww,0.0003018125711094,en,southpark
eheh,0.0003018125711094,en,southpark
munky,0.0003018125711094,en,southpark
halloweenn,0.0003018125711094,en,southpark
gonan,0.0003018125711094,en,southpark
demostrate,0.0003018125711094,en,southpark
hedonistic,0.0003018125711094,en,southpark
solvin,0.0003018125711094,en,southpark
dammer,0.0003018125711094,en,southpark
enimie,0.0003018125711094,en,southpark
obeying,0.0003018125711094,en,southpark
wakening,0.0003018125711094,en,southpark
hallween,0.0003018125711094,en,southpark
spookalot,0.0003018125711094,en,southpark
grohoss,0.0003018125711094,en,southpark
kozy,0.0003018125711094,en,southpark
reeaally,0.0003018125711094,en,southpark
raady,0.0003018125711094,en,southpark
inocent,0.0003018125711094,en,southpark
prowd,0.0003018125711094,en,southpark
exlusive,0.0003018125711094,en,southpark
ssspecial,0.0003018125711094,en,southpark
macheimerberg,0.0003018125711094,en,southpark
macaroini,0.0003018125711094,en,southpark
girraff,0.0003018125711094,en,southpark
junichi,0.0003018125711094,en,southpark
devolutionment,0.0003018125711094,en,southpark
pillard,0.0003018125711094,en,southpark
fortold,0.0003018125711094,en,southpark
impultrate,0.0003018125711094,en,southpark
costant,0.0003018125711094,en,southpark
wollup,0.0003018125711094,en,southpark
weeell,0.0003018125711094,en,southpark
haffaaa,0.0003018125711094,en,southpark
arhhh,0.0003018125711094,en,southpark
halli,0.0003018125711094,en,southpark
jilian,0.0003018125711094,en,southpark
atahhh,0.0003018125711094,en,southpark
megaman,0.0003018125711094,en,southpark
rodicus,0.0003018125711094,en,southpark
dowhen,0.0003018125711094,en,southpark
jowel,0.0003018125711094,en,southpark
incedible,0.0003018125711094,en,southpark
artard,0.0003018125711094,en,southpark
buuuut,0.0003018125711094,en,southpark
wickershung,0.0003018125711094,en,southpark
garnment,0.0003018125711094,en,southpark
bosly,0.0003018125711094,en,southpark
wellowell,0.0003018125711094,en,southpark
ventalation,0.0003018125711094,en,southpark
beaureau,0.0003018125711094,en,southpark
brister,0.0003018125711094,en,southpark
insue,0.0003018125711094,en,southpark
howing,0.0003018125711094,en,southpark
evedence,0.0003018125711094,en,southpark
intice,0.0003018125711094,en,southpark
ledove,0.0003018125711094,en,southpark
joansy,0.0003018125711094,en,southpark
alligance,0.0003018125711094,en,southpark
athoritah,0.0003018125711094,en,southpark
twelveth,0.0003018125711094,en,southpark
awicky,0.0003018125711094,en,southpark
carreer,0.0003018125711094,en,southpark
pretzil,0.0003018125711094,en,southpark
soufle,0.0003018125711094,en,southpark
shum,0.0003018125711094,en,southpark
wickernicker,0.0003018125711094,en,southpark
wickershang,0.0003018125711094,en,southpark
wickershangerbrungerbri,0.0003018125711094,en,southpark
arguement,0.0003018125711094,en,southpark
corruptable,0.0003018125711094,en,southpark
frivilous,0.0003018125711094,en,southpark
rapstar,0.0003018125711094,en,southpark
burito,0.0003018125711094,en,southpark
woogum,0.0003018125711094,en,southpark
weggie,0.0003018125711094,en,southpark
throwse,0.0003018125711094,en,southpark
lionhood,0.0003018125711094,en,southpark
swolen,0.0003018125711094,en,southpark
naini,0.0003018125711094,en,southpark
kwaaaa,0.0003018125711094,en,southpark
urgalsan,0.0003018125711094,en,southpark
rike,0.0003018125711094,en,southpark
frow,0.0003018125711094,en,southpark
tweeeeeekk,0.0003018125711094,en,southpark
westown,0.0003018125711094,en,southpark
faggocity,0.0003018125711094,en,southpark
colorization,0.0003018125711094,en,southpark
dewback,0.0003018125711094,en,southpark
tweeke,0.0003018125711094,en,southpark
inciderate,0.0003018125711094,en,southpark
incrimidate,0.0003018125711094,en,southpark
assment,0.0003018125711094,en,southpark
husafudge,0.0003018125711094,en,southpark
counciling,0.0003018125711094,en,southpark
retna,0.0003018125711094,en,southpark
oinky,0.0003018125711094,en,southpark
herpangdepongtonqwa,0.0003018125711094,en,southpark
thowing,0.0003018125711094,en,southpark
hibosukitai,0.0003018125711094,en,southpark
unformentione,0.0003018125711094,en,southpark
crimany,0.0003018125711094,en,southpark
ashma,0.0003018125711094,en,southpark
inhailer,0.0003018125711094,en,southpark
tollerate,0.0003018125711094,en,southpark
bicyle,0.0003018125711094,en,southpark
saaaaad,0.0003018125711094,en,southpark
theigh,0.0003018125711094,en,southpark
justation,0.0003018125711094,en,southpark
histor,0.0003018125711094,en,southpark
congratualation,0.0003018125711094,en,southpark
strype,0.0003018125711094,en,southpark
genetal,0.0003018125711094,en,southpark
diarreah,0.0003018125711094,en,southpark
offendheimer,0.0003018125711094,en,southpark
dicipline,0.0003018125711094,en,southpark
sbohem,0.0003018125711094,en,southpark
hersherdeshurta,0.0003018125711094,en,southpark
shhhut,0.0003018125711094,en,southpark
ostritch,0.0003018125711094,en,southpark
boonga,0.0003018125711094,en,southpark
hmmmm,0.0003018125711094,en,southpark
tister,0.0003018125711094,en,southpark
niiiner,0.0003018125711094,en,southpark
turald,0.0003018125711094,en,southpark
radapie,0.0003018125711094,en,southpark
heatwave,0.0003018125711094,en,southpark
solute,0.0003018125711094,en,southpark
transracial,0.0003018125711094,en,southpark
upn,0.0003018125711094,en,southpark
dolphinoplasty,0.0003018125711094,en,southpark
gilrs,0.0003018125711094,en,southpark
mmister,0.0003018125711094,en,southpark
pergnant,0.0003018125711094,en,southpark
lawphin,0.0003018125711094,en,southpark
polymerethane,0.0003018125711094,en,southpark
cricle,0.0003018125711094,en,southpark
fatcat,0.0003018125711094,en,southpark
wwow,0.0003018125711094,en,southpark
discriminated,0.0003018125711094,en,southpark
stigmatism,0.0003018125711094,en,southpark
steinburg,0.0003018125711094,en,southpark
burgstein,0.0003018125711094,en,southpark
palezoic,0.0003018125711094,en,southpark
tinking,0.0003018125711094,en,southpark
kooga,0.0003018125711094,en,southpark
tsag,0.0003018125711094,en,southpark
sanakh,0.0003018125711094,en,southpark
tasalbaraa,0.0003018125711094,en,southpark
uzuulenuu,0.0003018125711094,en,southpark
halk,0.0003018125711094,en,southpark
uhhho,0.0003018125711094,en,southpark
aghaha,0.0003018125711094,en,southpark
tsao,0.0003018125711094,en,southpark
nugu,0.0003018125711094,en,southpark
kwaaa,0.0003018125711094,en,southpark
primite,0.0003018125711094,en,southpark
buttpipe,0.0003018125711094,en,southpark
friggen,0.0003018125711094,en,southpark
dicketry,0.0003018125711094,en,southpark
apish,0.0003018125711094,en,southpark
usteda,0.0003018125711094,en,southpark
autoritay,0.0003018125711094,en,southpark
takething,0.0003018125711094,en,southpark
takethe,0.0003018125711094,en,southpark
comdemme,0.0003018125711094,en,southpark
ressur,0.0003018125711094,en,southpark
resurr,0.0003018125711094,en,southpark
formulated,0.0003018125711094,en,southpark
everet,0.0003018125711094,en,southpark
gozungas,0.0003018125711094,en,southpark
crampsonite,0.0003018125711094,en,southpark
almerato,0.0003018125711094,en,southpark
apeal,0.0003018125711094,en,southpark
icous,0.0003018125711094,en,southpark
kiddycinno,0.0003018125711094,en,southpark
suttle,0.0003018125711094,en,southpark
australapithocus,0.0003018125711094,en,southpark
phe,0.0003018125711094,en,southpark
assmaster,0.0003018125711094,en,southpark
fudgical,0.0003018125711094,en,southpark
pooville,0.0003018125711094,en,southpark
waityou,0.0003018125711094,en,southpark
fudgesicle,0.0003018125711094,en,southpark
thyar,0.0003018125711094,en,southpark
freakeeee,0.0003018125711094,en,southpark
ween,0.0003018125711094,en,southpark
seeem,0.0003018125711094,en,southpark
pallin,0.0003018125711094,en,southpark
moury,0.0003018125711094,en,southpark
immy,0.0003018125711094,en,southpark
snn,0.0003018125711094,en,southpark
broiling,0.0003018125711094,en,southpark
gregendath,0.0003018125711094,en,southpark
vandor,0.0003018125711094,en,southpark
stoch,0.0003018125711094,en,southpark
kheleed,0.0003018125711094,en,southpark
ogooch,0.0003018125711094,en,southpark
nastal,0.0003018125711094,en,southpark
kheden,0.0003018125711094,en,southpark
keww,0.0003018125711094,en,southpark
cathoder,0.0003018125711094,en,southpark
noot,0.0003018125711094,en,southpark
hissa,0.0003018125711094,en,southpark
ordely,0.0003018125711094,en,southpark
kashyyyk,0.0003018125711094,en,southpark
deliberatin,0.0003018125711094,en,southpark
conjugatin,0.0003018125711094,en,southpark
taupin,0.0003018125711094,en,southpark
looong,0.0003018125711094,en,southpark
illeg,0.0003018125711094,en,southpark
primus,0.0003018125711094,en,southpark
moom,0.0003018125711094,en,southpark
alonda,0.0003018125711094,en,southpark
daaareeeh,0.0003018125711094,en,southpark
daaareee,0.0003018125711094,en,southpark
digiday,0.0003018125711094,en,southpark
simmulator,0.0003018125711094,en,southpark
winnah,0.0003018125711094,en,southpark
buttbaby,0.0003018125711094,en,southpark
bonsier,0.0003018125711094,en,southpark
sojuboy,0.0003018125711094,en,southpark
sherriff,0.0003018125711094,en,southpark
hya,0.0003018125711094,en,southpark
mcmack,0.0003018125711094,en,southpark
hottub,0.0003018125711094,en,southpark
tenile,0.0003018125711094,en,southpark
larking,0.0003018125711094,en,southpark
discepline,0.0003018125711094,en,southpark
extention,0.0003018125711094,en,southpark
daaaareaah,0.0003018125711094,en,southpark
bitcha,0.0003018125711094,en,southpark
clubhosue,0.0003018125711094,en,southpark
aquente,0.0003018125711094,en,southpark
killery,0.0003018125711094,en,southpark
whatsa,0.0003018125711094,en,southpark
trugh,0.0003018125711094,en,southpark
snugglebolt,0.0003018125711094,en,southpark
cooome,0.0003018125711094,en,southpark
bulet,0.0003018125711094,en,southpark
parmegen,0.0003018125711094,en,southpark
konyak,0.0003018125711094,en,southpark
blassemous,0.0003018125711094,en,southpark
eichmanns,0.0003018125711094,en,southpark
scient,0.0003018125711094,en,southpark
desparate,0.0003018125711094,en,southpark
gralch,0.0003018125711094,en,southpark
moltiloch,0.0003018125711094,en,southpark
skorn,0.0003018125711094,en,southpark
glundock,0.0003018125711094,en,southpark
vilader,0.0003018125711094,en,southpark
rivendel,0.0003018125711094,en,southpark
knowse,0.0003018125711094,en,southpark
hurtse,0.0003018125711094,en,southpark
sensationalist,0.0003018125711094,en,southpark
hooommeee,0.0003018125711094,en,southpark
performing,0.0003018125711094,en,southpark
irregarry,0.0003018125711094,en,southpark
dowrar,0.0003018125711094,en,southpark
finarry,0.0003018125711094,en,southpark
rookin,0.0003018125711094,en,southpark
unskinned,0.0003018125711094,en,southpark
awwright,0.0003018125711094,en,southpark
caucasioplasty,0.0003018125711094,en,southpark
dopefeed,0.0003018125711094,en,southpark
busta,0.0003018125711094,en,southpark
clubhooouussseee,0.0003018125711094,en,southpark
suckup,0.0003018125711094,en,southpark
timin,0.0003018125711094,en,southpark
japenese,0.0003018125711094,en,southpark
planitarium,0.0003018125711094,en,southpark
fatasse,0.0003018125711094,en,southpark
illion,0.0003018125711094,en,southpark
pollarus,0.0003018125711094,en,southpark
naaamme,0.0003018125711094,en,southpark
openminded,0.0003018125711094,en,southpark
dicovere,0.0003018125711094,en,southpark
simila,0.0003018125711094,en,southpark
buger,0.0003018125711094,en,southpark
dooper,0.0003018125711094,en,southpark
imperitable,0.0003018125711094,en,southpark
nightrider,0.0003018125711094,en,southpark
deluctnous,0.0003018125711094,en,southpark
heeelll,0.0003018125711094,en,southpark
appology,0.0003018125711094,en,southpark
consentrate,0.0003018125711094,en,southpark
bancock,0.0003018125711094,en,southpark
vaaann,0.0003018125711094,en,southpark
goodmorne,0.0003018125711094,en,southpark
fresc,0.0003018125711094,en,southpark
laaaameee,0.0003018125711094,en,southpark
nightcourt,0.0003018125711094,en,southpark
laaameeahhh,0.0003018125711094,en,southpark
hippoass,0.0003018125711094,en,southpark
ninendo,0.0003018125711094,en,southpark
celing,0.0003018125711094,en,southpark
philllip,0.0003018125711094,en,southpark
bubla,0.0003018125711094,en,southpark
hoidy,0.0003018125711094,en,southpark
toydi,0.0003018125711094,en,southpark
seriosly,0.0003018125711094,en,southpark
shwartz,0.0003018125711094,en,southpark
bubala,0.0003018125711094,en,southpark
monotary,0.0003018125711094,en,southpark
possiblitie,0.0003018125711094,en,southpark
foodware,0.0003018125711094,en,southpark
janax,0.0003018125711094,en,southpark
wantse,0.0003018125711094,en,southpark
preciousss,0.0003018125711094,en,southpark
preciouse,0.0003018125711094,en,southpark
discriminator,0.0003018125711094,en,southpark
velcome,0.0003018125711094,en,southpark
vork,0.0003018125711094,en,southpark
fasterrrr,0.0003018125711094,en,southpark
fasterrr,0.0003018125711094,en,southpark
cellery,0.0003018125711094,en,southpark
godde,0.0003018125711094,en,southpark
obsticle,0.0003018125711094,en,southpark
desctruction,0.0003018125711094,en,southpark
confectionary,0.0003018125711094,en,southpark
stressfulin,0.0003018125711094,en,southpark
adue,0.0003018125711094,en,southpark
poopin,0.0003018125711094,en,southpark
rejuvinate,0.0003018125711094,en,southpark
fogive,0.0003018125711094,en,southpark
poorass,0.0003018125711094,en,southpark
firehole,0.0003018125711094,en,southpark
anctiously,0.0003018125711094,en,southpark
fanatsize,0.0003018125711094,en,southpark
sexualation,0.0003018125711094,en,southpark
disapointed,0.0003018125711094,en,southpark
mmwell,0.0003018125711094,en,southpark
ridicoulous,0.0003018125711094,en,southpark
citite,0.0003018125711094,en,southpark
leamnissen,0.0003018125711094,en,southpark
glamor,0.0003018125711094,en,southpark
fiml,0.0003018125711094,en,southpark
spielburg,0.0003018125711094,en,southpark
lucrite,0.0003018125711094,en,southpark
uda,0.0003018125711094,en,southpark
twirp,0.0003018125711094,en,southpark
mmmwhere,0.0003018125711094,en,southpark
comanchi,0.0003018125711094,en,southpark
helecopter,0.0003018125711094,en,southpark
raymus,0.0003018125711094,en,southpark
tonedeaf,0.0003018125711094,en,southpark
tijuna,0.0003018125711094,en,southpark
heeelp,0.0003018125711094,en,southpark
mussberger,0.0003018125711094,en,southpark
citcom,0.0003018125711094,en,southpark
pompouse,0.0003018125711094,en,southpark
moster,0.0003018125711094,en,southpark
faar,0.0003018125711094,en,southpark
genteleman,0.0003018125711094,en,southpark
mmdamn,0.0003018125711094,en,southpark
statione,0.0003018125711094,en,southpark
mmdenang,0.0003018125711094,en,southpark
diserve,0.0003018125711094,en,southpark
rrroger,0.0003018125711094,en,southpark
deplicity,0.0003018125711094,en,southpark
migth,0.0003018125711094,en,southpark
embelishe,0.0003018125711094,en,southpark
persuit,0.0003018125711094,en,southpark
indigious,0.0003018125711094,en,southpark
achive,0.0003018125711094,en,southpark
loove,0.0003018125711094,en,southpark
doooo,0.0003018125711094,en,southpark
fecolpheliac,0.0003018125711094,en,southpark
mmmwere,0.0003018125711094,en,southpark
nepalm,0.0003018125711094,en,southpark
bever,0.0003018125711094,en,southpark
skeptiks,0.0003018125711094,en,southpark
sylverster,0.0003018125711094,en,southpark
wingmusic,0.0003018125711094,en,southpark
anx,0.0003018125711094,en,southpark
adventurin,0.0003018125711094,en,southpark
mistreating,0.0003018125711094,en,southpark
vorkplace,0.0003018125711094,en,southpark
veek,0.0003018125711094,en,southpark
woaaaaa,0.0003018125711094,en,southpark
yyyyeah,0.0003018125711094,en,southpark
aoao,0.0003018125711094,en,southpark
oao,0.0003018125711094,en,southpark
woaaa,0.0003018125711094,en,southpark
yaghagh,0.0003018125711094,en,southpark
massiva,0.0003018125711094,en,southpark
comprimise,0.0003018125711094,en,southpark
mmgood,0.0003018125711094,en,southpark
gorgious,0.0003018125711094,en,southpark
tranee,0.0003018125711094,en,southpark
gurblansky,0.0003018125711094,en,southpark
beggine,0.0003018125711094,en,southpark
logride,0.0003018125711094,en,southpark
benfit,0.0003018125711094,en,southpark
wehehe,0.0003018125711094,en,southpark
gafaga,0.0003018125711094,en,southpark
forfitte,0.0003018125711094,en,southpark
forfit,0.0003018125711094,en,southpark
wrat,0.0003018125711094,en,southpark
cojoine,0.0003018125711094,en,southpark
handycap,0.0003018125711094,en,southpark
otherword,0.0003018125711094,en,southpark
sshhuudduupp,0.0003018125711094,en,southpark
shafer,0.0003018125711094,en,southpark
extiction,0.0003018125711094,en,southpark
juristriction,0.0003018125711094,en,southpark
contineu,0.0003018125711094,en,southpark
heidiously,0.0003018125711094,en,southpark
unawairness,0.0003018125711094,en,southpark
icepick,0.0003018125711094,en,southpark
gulemn,0.0003018125711094,en,southpark
woope,0.0003018125711094,en,southpark
undoubtly,0.0003018125711094,en,southpark
illegitemate,0.0003018125711094,en,southpark
abcense,0.0003018125711094,en,southpark
vbut,0.0003018125711094,en,southpark
absense,0.0003018125711094,en,southpark
nourture,0.0003018125711094,en,southpark
bzzzt,0.0003018125711094,en,southpark
psychie,0.0003018125711094,en,southpark
chrisis,0.0003018125711094,en,southpark
chickenlover,0.0003018125711094,en,southpark
mmmaa,0.0003018125711094,en,southpark
imidiately,0.0003018125711094,en,southpark
experiece,0.0003018125711094,en,southpark
crossaint,0.0003018125711094,en,southpark
gahagafaka,0.0003018125711094,en,southpark
hidee,0.0003018125711094,en,southpark
nurra,0.0003018125711094,en,southpark
babaturtle,0.0003018125711094,en,southpark
secom,0.0003018125711094,en,southpark
shecaca,0.0003018125711094,en,southpark
madifaner,0.0003018125711094,en,southpark
bani,0.0003018125711094,en,southpark
justacious,0.0003018125711094,en,southpark
elementaryenforce,0.0003018125711094,en,southpark
itius,0.0003018125711094,en,southpark
futty,0.0003018125711094,en,southpark
gruhd,0.0003018125711094,en,southpark
kourderb,0.0003018125711094,en,southpark
jalax,0.0003018125711094,en,southpark
heelm,0.0003018125711094,en,southpark
ursala,0.0003018125711094,en,southpark
douchedom,0.0003018125711094,en,southpark
teetley,0.0003018125711094,en,southpark
kimble,0.0003018125711094,en,southpark
puffball,0.0003018125711094,en,southpark
booktastick,0.0003018125711094,en,southpark
tangly,0.0003018125711094,en,southpark
robery,0.0003018125711094,en,southpark
looozer,0.0003018125711094,en,southpark
jalepeno,0.0003018125711094,en,southpark
presure,0.0003018125711094,en,southpark
offier,0.0003018125711094,en,southpark
sizemology,0.0003018125711094,en,southpark
aboardwe,0.0003018125711094,en,southpark
sadi,0.0003018125711094,en,southpark
samaritans,0.0003018125711094,en,southpark
freezy,0.0003018125711094,en,southpark
mmmone,0.0003018125711094,en,southpark
hermapholite,0.0003018125711094,en,southpark
whoev,0.0003018125711094,en,southpark
marijauana,0.0003018125711094,en,southpark
wehell,0.0003018125711094,en,southpark
rentin,0.0003018125711094,en,southpark
mephisto,0.0003018125711094,en,southpark
purry,0.0003018125711094,en,southpark
matie,0.0003018125711094,en,southpark
fartedly,0.0003018125711094,en,southpark
kalookh,0.0003018125711094,en,southpark
malakh,0.0003018125711094,en,southpark
frakh,0.0003018125711094,en,southpark
koolakh,0.0003018125711094,en,southpark
lifethat,0.0003018125711094,en,southpark
tomorrowon,0.0003018125711094,en,southpark
starshipand,0.0003018125711094,en,southpark
povs,0.0003018125711094,en,southpark
festively,0.0003018125711094,en,southpark
dago,0.0003018125711094,en,southpark
platypus,0.0003018125711094,en,southpark
plastilical,0.0003018125711094,en,southpark
staute,0.0003018125711094,en,southpark
repaie,0.0003018125711094,en,southpark
stomache,0.0003018125711094,en,southpark
laywer,0.0003018125711094,en,southpark
liekly,0.0003018125711094,en,southpark
kingdon,0.0003018125711094,en,southpark
responde,0.0003018125711094,en,southpark
aermy,0.0003018125711094,en,southpark
hopefull,0.0003018125711094,en,southpark
authoritih,0.0003018125711094,en,southpark
tarent,0.0003018125711094,en,southpark
arabama,0.0003018125711094,en,southpark
constestant,0.0003018125711094,en,southpark
brint,0.0003018125711094,en,southpark
henstridge,0.0003018125711094,en,southpark
indiglo,0.0003018125711094,en,southpark
zinthar,0.0003018125711094,en,southpark
krulak,0.0003018125711094,en,southpark
rumper,0.0003018125711094,en,southpark
evah,0.0003018125711094,en,southpark
thorw,0.0003018125711094,en,southpark
tumpskin,0.0003018125711094,en,southpark
boofe,0.0003018125711094,en,southpark
sieg,0.0003018125711094,en,southpark
zombiefie,0.0003018125711094,en,southpark
puffie,0.0003018125711094,en,southpark
mindin,0.0003018125711094,en,southpark
turkeys,0.0003018125711094,en,southpark
ioo,0.0003018125711094,en,southpark
kathie,0.0003018125711094,en,southpark
corpulence,0.0003018125711094,en,southpark
imperil,0.0003018125711094,en,southpark
geometrist,0.0003018125711094,en,southpark
sparkette,0.0003018125711094,en,southpark
oucheroo,0.0003018125711094,en,southpark
shogun,0.0003018125711094,en,southpark
gaiety,0.0003018125711094,en,southpark
crossbree,0.0003018125711094,en,southpark
lunchy,0.0003018125711094,en,southpark
pirrip,0.0003018125711094,en,southpark
lusciously,0.0003018125711094,en,southpark
fossey,0.0003018125711094,en,southpark
nadelbaum,0.0003018125711094,en,southpark
reagan,0.0003018125711094,en,southpark
lurple,0.0003018125711094,en,southpark
buttlicker,0.0003018125711094,en,southpark
sentirsi,0.0003018125711094,en,southpark
giusto,0.0003018125711094,en,southpark
halak,0.0003018125711094,en,southpark
bala,0.0003018125711094,en,southpark
treeeee,0.0003018125711094,en,southpark
wagnall,0.0003018125711094,en,southpark
quagmar,0.0003018125711094,en,southpark
blavlefreed,0.0003018125711094,en,southpark
zae,0.0003018125711094,en,southpark
graglar,0.0003018125711094,en,southpark
screamingly,0.0003018125711094,en,southpark
uhhhbetter,0.0003018125711094,en,southpark
useles,0.0003018125711094,en,southpark
yeeaahhh,0.0003018125711094,en,southpark
niiice,0.0003018125711094,en,southpark
facebooker,0.0003018125711094,en,southpark
speeder,0.0003018125711094,en,southpark
lenora,0.0003018125711094,en,southpark
soifin,0.0003018125711094,en,southpark
gally,0.0003018125711094,en,southpark
igloos,0.0003018125711094,en,southpark
perplexity,0.0003018125711094,en,southpark
tostada,0.0003018125711094,en,southpark
stoltski,0.0003018125711094,en,southpark
stolski,0.0003018125711094,en,southpark
fartman,0.0003018125711094,en,southpark
smurfe,0.0003018125711094,en,southpark
smurfland,0.0003018125711094,en,southpark
falner,0.0003018125711094,en,southpark
acuminata,0.0003018125711094,en,southpark
cena,0.0003018125711094,en,southpark
rself,0.0003018125711094,en,southpark
bottlenose,0.0003018125711094,en,southpark
seamore,0.0003018125711094,en,southpark
humpback,0.0003018125711094,en,southpark
hiroshima,0.0003018125711094,en,southpark
turdball,0.0003018125711094,en,southpark
hamburgeher,0.0003018125711094,en,southpark
gaybashe,0.0003018125711094,en,southpark
kevirn,0.0003018125711094,en,southpark
fatbeard,0.0003018125711094,en,southpark
pirating,0.0003018125711094,en,southpark
expedia,0.0003018125711094,en,southpark
landlubber,0.0003018125711094,en,southpark
plundering,0.0003018125711094,en,southpark
swarmy,0.0003018125711094,en,southpark
abdikarim,0.0003018125711094,en,southpark
hashmish,0.0003018125711094,en,southpark
guleed,0.0003018125711094,en,southpark
nerzod,0.0003018125711094,en,southpark
klignanian,0.0003018125711094,en,southpark
galgamar,0.0003018125711094,en,southpark
onfognl,0.0003018125711094,en,southpark
beauutiful,0.0003018125711094,en,southpark
arriba,0.0003018125711094,en,southpark
chooo,0.0003018125711094,en,southpark
berka,0.0003018125711094,en,southpark
derka,0.0003018125711094,en,southpark
rii,0.0003018125711094,en,southpark
duuuh,0.0003018125711094,en,southpark
megascrub,0.0003018125711094,en,southpark
mendit,0.0003018125711094,en,southpark
sissie,0.0003018125711094,en,southpark
hucking,0.0003018125711094,en,southpark
queefy,0.0003018125711094,en,southpark
violating,0.0003018125711094,en,southpark
resuscitator,0.0003018125711094,en,southpark
shotsgarrooski,0.0003018125711094,en,southpark
fucher,0.0003018125711094,en,southpark
pwned,0.0003018125711094,en,southpark
disorientate,0.0003018125711094,en,southpark
semitonal,0.0003018125711094,en,southpark
daverd,0.0003018125711094,en,southpark
pwnage,0.0003018125711094,en,southpark
ddump,0.0003018125711094,en,southpark
soulripper,0.0003018125711094,en,southpark
borrred,0.0003018125711094,en,southpark
deatn,0.0003018125711094,en,southpark
doowwn,0.0003018125711094,en,southpark
creeaame,0.0003018125711094,en,southpark
balll,0.0003018125711094,en,southpark
attaway,0.0003018125711094,en,southpark
wiat,0.0003018125711094,en,southpark
wny,0.0003018125711094,en,southpark
tean,0.0003018125711094,en,southpark
unorgamized,0.0003018125711094,en,southpark
perseverence,0.0003018125711094,en,southpark
tomatoey,0.0003018125711094,en,southpark
scotsdale,0.0003018125711094,en,southpark
groundable,0.0003018125711094,en,southpark
eisner,0.0003018125711094,en,southpark
dadda,0.0003018125711094,en,southpark
keidy,0.0003018125711094,en,southpark
peacefulness,0.0003018125711094,en,southpark
dilapidate,0.0003018125711094,en,southpark
farnickle,0.0003018125711094,en,southpark
moroni,0.0003018125711094,en,southpark
fleckmar,0.0003018125711094,en,southpark
blach,0.0003018125711094,en,southpark
glagaplatzl,0.0003018125711094,en,southpark
gnakleberg,0.0003018125711094,en,southpark
joozian,0.0003018125711094,en,southpark
hekma,0.0003018125711094,en,southpark
blancgh,0.0003018125711094,en,southpark
thrusher,0.0003018125711094,en,southpark
nezmin,0.0003018125711094,en,southpark
yerka,0.0003018125711094,en,southpark
buttered,0.0003018125711094,en,southpark
tologist,0.0003018125711094,en,southpark
joo,0.0003018125711094,en,southpark
charrrge,0.0003018125711094,en,southpark
lubra,0.0003018125711094,en,southpark
thoust,0.0003018125711094,en,southpark
carmex,0.0003018125711094,en,southpark
ati,0.0003018125711094,en,southpark
bloodrayne,0.0003018125711094,en,southpark
mckowski,0.0003018125711094,en,southpark
fagula,0.0003018125711094,en,southpark
douchy,0.0003018125711094,en,southpark
ungroundable,0.0003018125711094,en,southpark
weener,0.0003018125711094,en,southpark
squattin,0.0003018125711094,en,southpark
stucke,0.0003018125711094,en,southpark
figt,0.0003018125711094,en,southpark
dozie,0.0003018125711094,en,southpark
attencione,0.0003018125711094,en,southpark
apreciado,0.0003018125711094,en,southpark
moodscape,0.0003018125711094,en,southpark
proteger,0.0003018125711094,en,southpark
podemis,0.0003018125711094,en,southpark
protectore,0.0003018125711094,en,southpark
rcu,0.0003018125711094,en,southpark
lemski,0.0003018125711094,en,southpark
paisano,0.0003018125711094,en,southpark
thedancingkitty,0.0003018125711094,en,southpark
pervrte,0.0003018125711094,en,southpark
superbadass,0.0003018125711094,en,southpark
peoparu,0.0003018125711094,en,southpark
perparu,0.0003018125711094,en,southpark
conscionably,0.0003018125711094,en,southpark
remorsefulness,0.0003018125711094,en,southpark
houch,0.0003018125711094,en,southpark
slimfast,0.0003018125711094,en,southpark
wowtch,0.0003018125711094,en,southpark
tittie,0.0003018125711094,en,southpark
nishka,0.0003018125711094,en,southpark
willinskys,0.0003018125711094,en,southpark
pleeease,0.0003018125711094,en,southpark
timmmeh,0.0003018125711094,en,southpark
takle,0.0003018125711094,en,southpark
timmmih,0.0003018125711094,en,southpark
fabtasitc,0.0003018125711094,en,southpark
manh,0.0003018125711094,en,southpark
browh,0.0003018125711094,en,southpark
amm,0.0003018125711094,en,southpark
mmaze,0.0003018125711094,en,southpark
whatup,0.0003018125711094,en,southpark
najix,0.0003018125711094,en,southpark
whoopdie,0.0003018125711094,en,southpark
scrambles,0.0003018125711094,en,southpark
abootman,0.0003018125711094,en,southpark
huckabee,0.0003018125711094,en,southpark
timewaster,0.0003018125711094,en,southpark
sillibus,0.0003018125711094,en,southpark
dieadly,0.0003018125711094,en,southpark
contrate,0.0003018125711094,en,southpark
makingmehate,0.0003018125711094,en,southpark
youarebecome,0.0003018125711094,en,southpark
godddamnit,0.0003018125711094,en,southpark
pooner,0.0003018125711094,en,southpark
komfort,0.0003018125711094,en,southpark
governmemt,0.0003018125711094,en,southpark
vinegary,0.0003018125711094,en,southpark
whold,0.0003018125711094,en,southpark
pigbear,0.0003018125711094,en,southpark
alderon,0.0003018125711094,en,southpark
godamnit,0.0003018125711094,en,southpark
ooch,0.0003018125711094,en,southpark
rmother,0.0003018125711094,en,southpark
trouber,0.0003018125711094,en,southpark
timmh,0.0003018125711094,en,southpark
remonade,0.0003018125711094,en,southpark
mamsie,0.0003018125711094,en,southpark
sssuper,0.0003018125711094,en,southpark
mothafucka,0.0003018125711094,en,southpark
cetious,0.0003018125711094,en,southpark
rrruh,0.0003018125711094,en,southpark
wetchney,0.0003018125711094,en,southpark
bubbeleh,0.0003018125711094,en,southpark
flippantly,0.0003018125711094,en,southpark
yamal,0.0003018125711094,en,southpark
frobudjano,0.0003018125711094,en,southpark
afllicte,0.0003018125711094,en,southpark
imagnation,0.0003018125711094,en,southpark
pubicle,0.0003018125711094,en,southpark
succulently,0.0003018125711094,en,southpark
storytalle,0.0003018125711094,en,southpark
magination,0.0003018125711094,en,southpark
muhouse,0.0003018125711094,en,southpark
durkka,0.0003018125711094,en,southpark
eveyone,0.0003018125711094,en,southpark
repressie,0.0003018125711094,en,southpark
hostiage,0.0003018125711094,en,southpark
unkay,0.0003018125711094,en,southpark
escite,0.0003018125711094,en,southpark
sadvice,0.0003018125711094,en,southpark
penisbecome,0.0003018125711094,en,southpark
mmaybe,0.0003018125711094,en,southpark
spearman,0.0003018125711094,en,southpark
multitonal,0.0003018125711094,en,southpark
flibbidy,0.0003018125711094,en,southpark
electrofeedback,0.0003018125711094,en,southpark
nanoresponde,0.0003018125711094,en,southpark
slowlike,0.0003018125711094,en,southpark
validatd,0.0003018125711094,en,southpark
hoouuse,0.0003018125711094,en,southpark
ahaabuh,0.0003018125711094,en,southpark
televison,0.0003018125711094,en,southpark
comf,0.0003018125711094,en,southpark
haaas,0.0003018125711094,en,southpark
orloff,0.0003018125711094,en,southpark
leprechain,0.0003018125711094,en,southpark
leprechaus,0.0003018125711094,en,southpark
beween,0.0003018125711094,en,southpark
wontiferous,0.0003018125711094,en,southpark
flabbidy,0.0003018125711094,en,southpark
livingn,0.0003018125711094,en,southpark
wlll,0.0003018125711094,en,southpark
uhit,0.0003018125711094,en,southpark
cumball,0.0003018125711094,en,southpark
weenter,0.0003018125711094,en,southpark
coontrol,0.0003018125711094,en,southpark
tiiime,0.0003018125711094,en,southpark
raaan,0.0003018125711094,en,southpark
bardamu,0.0003018125711094,en,southpark
shiit,0.0003018125711094,en,southpark
cockbutt,0.0003018125711094,en,southpark
cocknose,0.0003018125711094,en,southpark
shhhit,0.0003018125711094,en,southpark
obscenitie,0.0003018125711094,en,southpark
huhyou,0.0003018125711094,en,southpark
alonen,0.0003018125711094,en,southpark
dicktit,0.0003018125711094,en,southpark
piiss,0.0003018125711094,en,southpark
kike,0.0003018125711094,en,southpark
glenwood,0.0003018125711094,en,southpark
heyhey,0.0003018125711094,en,southpark
hadi,0.0003018125711094,en,southpark
littlel,0.0003018125711094,en,southpark
lesob,0.0003018125711094,en,southpark
superlame,0.0003018125711094,en,southpark
siyix,0.0003018125711094,en,southpark
floo,0.0003018125711094,en,southpark
tabba,0.0003018125711094,en,southpark
ssstemm,0.0003018125711094,en,southpark
sstop,0.0003018125711094,en,southpark
imspration,0.0003018125711094,en,southpark
theeerrre,0.0003018125711094,en,southpark
pizzaaa,0.0003018125711094,en,southpark
hagga,0.0003018125711094,en,southpark
rmember,0.0003018125711094,en,southpark
someonen,0.0003018125711094,en,southpark
accusin,0.0003018125711094,en,southpark
donesy,0.0003018125711094,en,southpark
mazie,0.0003018125711094,en,southpark
skateborad,0.0003018125711094,en,southpark
swollenball,0.0003018125711094,en,southpark
fatwah,0.0003018125711094,en,southpark
libraray,0.0003018125711094,en,southpark
anotomy,0.0003018125711094,en,southpark
gonnna,0.0003018125711094,en,southpark
siddown,0.0003018125711094,en,southpark
nurne,0.0003018125711094,en,southpark
tona,0.0003018125711094,en,southpark
baltor,0.0003018125711094,en,southpark
suspiratoreum,0.0003018125711094,en,southpark
worshiping,0.0003018125711094,en,southpark
fingerpainte,0.0003018125711094,en,southpark
eggsactly,0.0003018125711094,en,southpark
zeh,0.0003018125711094,en,southpark
sugartit,0.0003018125711094,en,southpark
samaraisia,0.0003018125711094,en,southpark
vage,0.0003018125711094,en,southpark
tittielate,0.0003018125711094,en,southpark
frankwater,0.0003018125711094,en,southpark
aaall,0.0003018125711094,en,southpark
stolfsky,0.0003018125711094,en,southpark
drudgereport,0.0003018125711094,en,southpark
mapqu,0.0003018125711094,en,southpark
slist,0.0003018125711094,en,southpark
americanrevolution,0.0003018125711094,en,southpark
poukkid,0.0003018125711094,en,southpark
chikadee,0.0003018125711094,en,southpark
wulll,0.0003018125711094,en,southpark
ssso,0.0003018125711094,en,southpark
wehyeah,0.0003018125711094,en,southpark
oheh,0.0003018125711094,en,southpark
poodiggery,0.0003018125711094,en,southpark
gootack,0.0003018125711094,en,southpark
pizzareli,0.0003018125711094,en,southpark
rauman,0.0003018125711094,en,southpark
experienso,0.0003018125711094,en,southpark
fadin,0.0003018125711094,en,southpark
jurb,0.0003018125711094,en,southpark
gooo,0.0003018125711094,en,southpark
ruun,0.0003018125711094,en,southpark
tation,0.0003018125711094,en,southpark
chickuckoo,0.0003018125711094,en,southpark
gainuh,0.0003018125711094,en,southpark
foundin,0.0003018125711094,en,southpark
llshit,0.0003018125711094,en,southpark
mmuh,0.0003018125711094,en,southpark
hethink,0.0003018125711094,en,southpark
pardone,0.0003018125711094,en,southpark
segnore,0.0003018125711094,en,southpark
mediterraneane,0.0003018125711094,en,southpark
yeeaahh,0.0003018125711094,en,southpark
dadde,0.0003018125711094,en,southpark
anymor,0.0003018125711094,en,southpark
yeess,0.0003018125711094,en,southpark
monochromagnic,0.0003018125711094,en,southpark
huhiii,0.0003018125711094,en,southpark
duhude,0.0003018125711094,en,southpark
whitestripe,0.0003018125711094,en,southpark
hrrugh,0.0003018125711094,en,southpark
ihit,0.0003018125711094,en,southpark
ehe,0.0003018125711094,en,southpark
supernice,0.0003018125711094,en,southpark
darnit,0.0003018125711094,en,southpark
phiillip,0.0003018125711094,en,southpark
worrrrke,0.0003018125711094,en,southpark
propertih,0.0003018125711094,en,southpark
accountabilibuddyable,0.0003018125711094,en,southpark
picturrrre,0.0003018125711094,en,southpark
bethatfunny,0.0003018125711094,en,southpark
grat,0.0003018125711094,en,southpark
fup,0.0003018125711094,en,southpark
goind,0.0003018125711094,en,southpark
forefit,0.0003018125711094,en,southpark
emporer,0.0003018125711094,en,southpark
strawbury,0.0003018125711094,en,southpark
beaverton,0.0003018125711094,en,southpark
mabye,0.0003018125711094,en,southpark
thehour,0.0003018125711094,en,southpark
degress,0.0003018125711094,en,southpark
jezus,0.0003018125711094,en,southpark
resuce,0.0003018125711094,en,southpark
somehte,0.0003018125711094,en,southpark
schenavi,0.0003018125711094,en,southpark
thrax,0.0003018125711094,en,southpark
grwoe,0.0003018125711094,en,southpark
skidaddle,0.0003018125711094,en,southpark
vagiiina,0.0003018125711094,en,southpark
authentico,0.0003018125711094,en,southpark
myhootie,0.0003018125711094,en,southpark
bythosetype,0.0003018125711094,en,southpark
thosetype,0.0003018125711094,en,southpark
gazizzah,0.0003018125711094,en,southpark
foundig,0.0003018125711094,en,southpark
electrowhatever,0.0003018125711094,en,southpark
wunsy,0.0003018125711094,en,southpark
mmmath,0.0003018125711094,en,southpark
stansel,0.0003018125711094,en,southpark
naizi,0.0003018125711094,en,southpark
gluch,0.0003018125711094,en,southpark
glych,0.0003018125711094,en,southpark
rjurb,0.0003018125711094,en,southpark
jaorb,0.0003018125711094,en,southpark
gaur,0.0003018125711094,en,southpark
jaob,0.0003018125711094,en,southpark
gheglo,0.0003018125711094,en,southpark
sssorry,0.0003018125711094,en,southpark
jarb,0.0003018125711094,en,southpark
theirporsche,0.0003018125711094,en,southpark
gemteman,0.0003018125711094,en,southpark
authroitay,0.0003018125711094,en,southpark
shuve,0.0003018125711094,en,southpark
rammin,0.0003018125711094,en,southpark
heelllp,0.0003018125711094,en,southpark
pusslicker,0.0003018125711094,en,southpark
hallooo,0.0003018125711094,en,southpark
waaay,0.0003018125711094,en,southpark
mameh,0.0003018125711094,en,southpark
dividin,0.0003018125711094,en,southpark
turdpant,0.0003018125711094,en,southpark
trizzle,0.0003018125711094,en,southpark
makizzer,0.0003018125711094,en,southpark
shanna,0.0003018125711094,en,southpark
thecowron,0.0003018125711094,en,southpark
forchildren,0.0003018125711094,en,southpark
sharilla,0.0003018125711094,en,southpark
parentsmissing,0.0003018125711094,en,southpark
pasteurized,0.0003018125711094,en,southpark
jizzf,0.0003018125711094,en,southpark
onme,0.0003018125711094,en,southpark
geed,0.0003018125711094,en,southpark
timmay,0.0003018125711094,en,southpark
messeage,0.0003018125711094,en,southpark
govermor,0.0003018125711094,en,southpark
freek,0.0003018125711094,en,southpark
maarriie,0.0003018125711094,en,southpark
scentific,0.0003018125711094,en,southpark
jakartha,0.0003018125711094,en,southpark
assissin,0.0003018125711094,en,southpark
iglesia,0.0003018125711094,en,southpark
ughn,0.0003018125711094,en,southpark
uhg,0.0003018125711094,en,southpark
spicier,0.0003018125711094,en,southpark
fantiastic,0.0003018125711094,en,southpark
hrrrlopez,0.0003018125711094,en,southpark
companyyy,0.0003018125711094,en,southpark
famose,0.0003018125711094,en,southpark
sleeeepyyy,0.0003018125711094,en,southpark
hosue,0.0003018125711094,en,southpark
favir,0.0003018125711094,en,southpark
unamerican,0.0003018125711094,en,southpark
supportin,0.0003018125711094,en,southpark
yeehaw,0.0003018125711094,en,southpark
icbms,0.0003018125711094,en,southpark
dalight,0.0003018125711094,en,southpark
hyprocisy,0.0003018125711094,en,southpark
bleeth,0.0003018125711094,en,southpark
hrlopez,0.0003018125711094,en,southpark
ohsss,0.0003018125711094,en,southpark
bery,0.0003018125711094,en,southpark
hansome,0.0003018125711094,en,southpark
comint,0.0003018125711094,en,southpark
ferrrrrrnando,0.0003018125711094,en,southpark
llbecomehim,0.0003018125711094,en,southpark
macfor,0.0003018125711094,en,southpark
grubbin,0.0003018125711094,en,southpark
minimalize,0.0003018125711094,en,southpark
feeln,0.0003018125711094,en,southpark
whaaa,0.0003018125711094,en,southpark
choosin,0.0003018125711094,en,southpark
flintsone,0.0003018125711094,en,southpark
jawa,0.0003018125711094,en,southpark
gladiatorsfor,0.0003018125711094,en,southpark
rooom,0.0003018125711094,en,southpark
galactinc,0.0003018125711094,en,southpark
beennn,0.0003018125711094,en,southpark
beetch,0.0003018125711094,en,southpark
feal,0.0003018125711094,en,southpark
leafblower,0.0003018125711094,en,southpark
thoughth,0.0003018125711094,en,southpark
awesommme,0.0003018125711094,en,southpark
lope,0.0003018125711094,en,southpark
puer,0.0003018125711094,en,southpark
recond,0.0003018125711094,en,southpark
recored,0.0003018125711094,en,southpark
hlopez,0.0003018125711094,en,southpark
scientologue,0.0003018125711094,en,southpark
whiche,0.0003018125711094,en,southpark
biiitch,0.0003018125711094,en,southpark
waait,0.0003018125711094,en,southpark
nubanon,0.0003018125711094,en,southpark
doober,0.0003018125711094,en,southpark
ehhhhgg,0.0003018125711094,en,southpark
uncracked,0.0003018125711094,en,southpark
acondor,0.0003018125711094,en,southpark
smallspresent,0.0003018125711094,en,southpark
giveusdisease,0.0003018125711094,en,southpark
sumi,0.0003018125711094,en,southpark
yehhs,0.0003018125711094,en,southpark
whaaale,0.0003018125711094,en,southpark
mager,0.0003018125711094,en,southpark
venate,0.0003018125711094,en,southpark
uvnit,0.0003018125711094,en,southpark
sinu,0.0003018125711094,en,southpark
panenku,0.0003018125711094,en,southpark
pitomej,0.0003018125711094,en,southpark
jenior,0.0003018125711094,en,southpark
snoogum,0.0003018125711094,en,southpark
nummer,0.0003018125711094,en,southpark
flavord,0.0003018125711094,en,southpark
dancinngg,0.0003018125711094,en,southpark
heyesss,0.0003018125711094,en,southpark
rrrrrose,0.0003018125711094,en,southpark
darleeeng,0.0003018125711094,en,southpark
hoohh,0.0003018125711094,en,southpark
kya,0.0003018125711094,en,southpark
dwe,0.0003018125711094,en,southpark
needu,0.0003018125711094,en,southpark
woahp,0.0003018125711094,en,southpark
boysstill,0.0003018125711094,en,southpark
feeley,0.0003018125711094,en,southpark
duhhh,0.0003018125711094,en,southpark
personnalit,0.0003018125711094,en,southpark
caprio,0.0003018125711094,en,southpark
anddiscover,0.0003018125711094,en,southpark
heroicly,0.0003018125711094,en,southpark
poundin,0.0003018125711094,en,southpark
timy,0.0003018125711094,en,southpark
dziewuliz,0.0003018125711094,en,southpark
manymoon,0.0003018125711094,en,southpark
callig,0.0003018125711094,en,southpark
yeessss,0.0003018125711094,en,southpark
lohh,0.0003018125711094,en,southpark
nignt,0.0003018125711094,en,southpark
buller,0.0003018125711094,en,southpark
tongiht,0.0003018125711094,en,southpark
contimue,0.0003018125711094,en,southpark
muffinhead,0.0003018125711094,en,southpark
kow,0.0003018125711094,en,southpark
seme,0.0003018125711094,en,southpark
tofunkytown,0.0003018125711094,en,southpark
funkytown,0.0003018125711094,en,southpark
wasreallygoe,0.0003018125711094,en,southpark
tynacorp,0.0003018125711094,en,southpark
spacemen,0.0003018125711094,en,southpark
racksa,0.0003018125711094,en,southpark
tuuuh,0.0003018125711094,en,southpark
alcaholic,0.0003018125711094,en,southpark
mriacle,0.0003018125711094,en,southpark
adisciprine,0.0003018125711094,en,southpark
elephantitis,0.0003018125711094,en,southpark
eey,0.0003018125711094,en,southpark
linecutter,0.0003018125711094,en,southpark
sneakily,0.0003018125711094,en,southpark
asterrance,0.0003018125711094,en,southpark
blowcontinue,0.0003018125711094,en,southpark
callednot,0.0003018125711094,en,southpark
bellocreek,0.0003018125711094,en,southpark
dayquil,0.0003018125711094,en,southpark
tootaloo,0.0003018125711094,en,southpark
classie,0.0003018125711094,en,southpark
erasie,0.0003018125711094,en,southpark
piler,0.0003018125711094,en,southpark
blablablah,0.0003018125711094,en,southpark
prolly,0.0003018125711094,en,southpark
breaine,0.0003018125711094,en,southpark
bnuch,0.0003018125711094,en,southpark
oneday,0.0003018125711094,en,southpark
wth,0.0003018125711094,en,southpark
wasz,0.0003018125711094,en,southpark
administrashown,0.0003018125711094,en,southpark
plink,0.0003018125711094,en,southpark
onhbc,0.0003018125711094,en,southpark
xii,0.0003018125711094,en,southpark
phobart,0.0003018125711094,en,southpark
recessed,0.0003018125711094,en,southpark
biocave,0.0003018125711094,en,southpark
flaot,0.0003018125711094,en,southpark
uhaah,0.0003018125711094,en,southpark
gerret,0.0003018125711094,en,southpark
youareup,0.0003018125711094,en,southpark
ideas,0.0003018125711094,en,southpark
freedway,0.0003018125711094,en,southpark
nuno,0.0003018125711094,en,southpark
welluh,0.0003018125711094,en,southpark
heeere,0.0003018125711094,en,southpark
hizzizzouse,0.0003018125711094,en,southpark
hizzie,0.0003018125711094,en,southpark
fiftenn,0.0003018125711094,en,southpark
boydoesneed,0.0003018125711094,en,southpark
severgotten,0.0003018125711094,en,southpark
springe,0.0003018125711094,en,southpark
jarvanian,0.0003018125711094,en,southpark
thurilian,0.0003018125711094,en,southpark
lowertram,0.0003018125711094,en,southpark
christfest,0.0003018125711094,en,southpark
wannaaa,0.0003018125711094,en,southpark
mrrh,0.0003018125711094,en,southpark
outgay,0.0003018125711094,en,southpark
outdress,0.0003018125711094,en,southpark
errrr,0.0003018125711094,en,southpark
metrophobic,0.0003018125711094,en,southpark
metrophobe,0.0003018125711094,en,southpark
metrobash,0.0003018125711094,en,southpark
helplesss,0.0003018125711094,en,southpark
unbated,0.0003018125711094,en,southpark
djah,0.0003018125711094,en,southpark
allianace,0.0003018125711094,en,southpark
garrision,0.0003018125711094,en,southpark
simplification,0.0003018125711094,en,southpark
hehyeah,0.0003018125711094,en,southpark
erihic,0.0003018125711094,en,southpark
kooko,0.0003018125711094,en,southpark
isterrance,0.0003018125711094,en,southpark
thell,0.0003018125711094,en,southpark
uuuuugh,0.0003018125711094,en,southpark
moble,0.0003018125711094,en,southpark
yehss,0.0003018125711094,en,southpark
pohhtty,0.0003018125711094,en,southpark
caaancer,0.0003018125711094,en,southpark
embarass,0.0003018125711094,en,southpark
skeate,0.0003018125711094,en,southpark
awesone,0.0003018125711094,en,southpark
shutup,0.0003018125711094,en,southpark
prrroblem,0.0003018125711094,en,southpark
ebonic,0.0003018125711094,en,southpark
grossness,0.0003018125711094,en,southpark
tryingn,0.0003018125711094,en,southpark
cerveiza,0.0003018125711094,en,southpark
yoru,0.0003018125711094,en,southpark
christiand,0.0003018125711094,en,southpark
windfalle,0.0003018125711094,en,southpark
donwload,0.0003018125711094,en,southpark
teamus,0.0003018125711094,en,southpark
shiut,0.0003018125711094,en,southpark
downlaode,0.0003018125711094,en,southpark
cout,0.0003018125711094,en,southpark
walkng,0.0003018125711094,en,southpark
gonnan,0.0003018125711094,en,southpark
eeek,0.0003018125711094,en,southpark
soutient,0.0003018125711094,en,southpark
allieance,0.0003018125711094,en,southpark
blasbro,0.0003018125711094,en,southpark
refrigierator,0.0003018125711094,en,southpark
andn,0.0003018125711094,en,southpark
tribespeak,0.0003018125711094,en,southpark
stupic,0.0003018125711094,en,southpark
asscheeck,0.0003018125711094,en,southpark
ugani,0.0003018125711094,en,southpark
hanimi,0.0003018125711094,en,southpark
neeland,0.0003018125711094,en,southpark
moniqua,0.0003018125711094,en,southpark
unbrainwash,0.0003018125711094,en,southpark
spantaneous,0.0003018125711094,en,southpark
bootay,0.0003018125711094,en,southpark
firve,0.0003018125711094,en,southpark
dingleberry,0.0003018125711094,en,southpark
stotche,0.0003018125711094,en,southpark
yeeeah,0.0003018125711094,en,southpark
serisouslih,0.0003018125711094,en,southpark
farcical,0.0003018125711094,en,southpark
malman,0.0003018125711094,en,southpark
paase,0.0003018125711094,en,southpark
awgh,0.0003018125711094,en,southpark
descriminate,0.0003018125711094,en,southpark
cafeteroa,0.0003018125711094,en,southpark
smartmouth,0.0003018125711094,en,southpark
skateboardin,0.0003018125711094,en,southpark
shouldstay,0.0003018125711094,en,southpark
repopulatin,0.0003018125711094,en,southpark
wirth,0.0003018125711094,en,southpark
eura,0.0003018125711094,en,southpark
downloadin,0.0003018125711094,en,southpark
strikapalooza,0.0003018125711094,en,southpark
shoveler,0.0003018125711094,en,southpark
naylon,0.0003018125711094,en,southpark
hundre,0.0003018125711094,en,southpark
timerider,0.0003018125711094,en,southpark
yellowy,0.0003018125711094,en,southpark
whitish,0.0003018125711094,en,southpark
thaank,0.0003018125711094,en,southpark
soluuution,0.0003018125711094,en,southpark
probluuhm,0.0003018125711094,en,southpark
tooo,0.0003018125711094,en,southpark
everyuone,0.0003018125711094,en,southpark
honist,0.0003018125711094,en,southpark
nephi,0.0003018125711094,en,southpark
translatio,0.0003018125711094,en,southpark
hwat,0.0003018125711094,en,southpark
humorius,0.0003018125711094,en,southpark
duhh,0.0003018125711094,en,southpark
antecdote,0.0003018125711094,en,southpark
clsoer,0.0003018125711094,en,southpark
anythng,0.0003018125711094,en,southpark
radiatino,0.0003018125711094,en,southpark
nothingn,0.0003018125711094,en,southpark
readioactive,0.0003018125711094,en,southpark
haaaagh,0.0003018125711094,en,southpark
fuh,0.0003018125711094,en,southpark
tesimony,0.0003018125711094,en,southpark
jewb,0.0003018125711094,en,southpark
atcherry,0.0003018125711094,en,southpark
wuold,0.0003018125711094,en,southpark
screwdrivier,0.0003018125711094,en,southpark
gaybot,0.0003018125711094,en,southpark
stute,0.0003018125711094,en,southpark
theed,0.0003018125711094,en,southpark
becuhhhm,0.0003018125711094,en,southpark
broflovksi,0.0003018125711094,en,southpark
tiful,0.0003018125711094,en,southpark
mcdonahue,0.0003018125711094,en,southpark
ahhhm,0.0003018125711094,en,southpark
nnno,0.0003018125711094,en,southpark
wehaveasshole,0.0003018125711094,en,southpark
wen,0.0003018125711094,en,southpark
sraisin,0.0003018125711094,en,southpark
huhhh,0.0003018125711094,en,southpark
tingy,0.0003018125711094,en,southpark
pizzazas,0.0003018125711094,en,southpark
gibe,0.0003018125711094,en,southpark
gambol,0.0003018125711094,en,southpark
urim,0.0003018125711094,en,southpark
thummim,0.0003018125711094,en,southpark
jyeah,0.0003018125711094,en,southpark
gawl,0.0003018125711094,en,southpark
hybride,0.0003018125711094,en,southpark
laming,0.0003018125711094,en,southpark
mountainfolk,0.0003018125711094,en,southpark
bethos,0.0003018125711094,en,southpark
petulent,0.0003018125711094,en,southpark
thesonny,0.0003018125711094,en,southpark
whenbehind,0.0003018125711094,en,southpark
myraisinsgirl,0.0003018125711094,en,southpark
icando,0.0003018125711094,en,southpark
atraisin,0.0003018125711094,en,southpark
moredisneylie,0.0003018125711094,en,southpark
thinkraisin,0.0003018125711094,en,southpark
hmlet,0.0003018125711094,en,southpark
nside,0.0003018125711094,en,southpark
cigarehette,0.0003018125711094,en,southpark
reinere,0.0003018125711094,en,southpark
commecial,0.0003018125711094,en,southpark
comemrcial,0.0003018125711094,en,southpark
bestfool,0.0003018125711094,en,southpark
supercell,0.0003018125711094,en,southpark
opeate,0.0003018125711094,en,southpark
wasterful,0.0003018125711094,en,southpark
remysuper,0.0003018125711094,en,southpark
belitle,0.0003018125711094,en,southpark
zawahri,0.0003018125711094,en,southpark
wroooong,0.0003018125711094,en,southpark
iiike,0.0003018125711094,en,southpark
wrooong,0.0003018125711094,en,southpark
poonaner,0.0003018125711094,en,southpark
ericcartman,0.0003018125711094,en,southpark
ottawa,0.0003018125711094,en,southpark
everyze,0.0003018125711094,en,southpark
travestie,0.0003018125711094,en,southpark
newfoudlander,0.0003018125711094,en,southpark
stope,0.0003018125711094,en,southpark
ourraisin,0.0003018125711094,en,southpark
sgirl,0.0003018125711094,en,southpark
wuighhh,0.0003018125711094,en,southpark
radioheadposter,0.0003018125711094,en,southpark
onmtv,0.0003018125711094,en,southpark
yibbidy,0.0003018125711094,en,southpark
bip,0.0003018125711094,en,southpark
waitwaitaminute,0.0003018125711094,en,southpark
waitaminute,0.0003018125711094,en,southpark
uhninjas,0.0003018125711094,en,southpark
hospitalll,0.0003018125711094,en,southpark
ohoo,0.0003018125711094,en,southpark
wuhuff,0.0003018125711094,en,southpark
ginza,0.0003018125711094,en,southpark
taku,0.0003018125711094,en,southpark
nnnninjas,0.0003018125711094,en,southpark
kiyaaaa,0.0003018125711094,en,southpark
endspunky,0.0003018125711094,en,southpark
flighn,0.0003018125711094,en,southpark
reast,0.0003018125711094,en,southpark
refrect,0.0003018125711094,en,southpark
bereive,0.0003018125711094,en,southpark
terrorst,0.0003018125711094,en,southpark
primadonna,0.0003018125711094,en,southpark
tmieout,0.0003018125711094,en,southpark
secong,0.0003018125711094,en,southpark
smuggy,0.0003018125711094,en,southpark
imbecil,0.0003018125711094,en,southpark
heebs,0.0003018125711094,en,southpark
nnothing,0.0003018125711094,en,southpark
screamig,0.0003018125711094,en,southpark
doucher,0.0003018125711094,en,southpark
sssaturday,0.0003018125711094,en,southpark
ssstiff,0.0003018125711094,en,southpark
timmiiih,0.0003018125711094,en,southpark
ppppretty,0.0003018125711094,en,southpark
otimmih,0.0003018125711094,en,southpark
improvingfast,0.0003018125711094,en,southpark
wellll,0.0003018125711094,en,southpark
tonfas,0.0003018125711094,en,southpark
tonfa,0.0003018125711094,en,southpark
sharohachi,0.0003018125711094,en,southpark
toterrance,0.0003018125711094,en,southpark
framin,0.0003018125711094,en,southpark
harrsion,0.0003018125711094,en,southpark
snetzl,0.0003018125711094,en,southpark
oine,0.0003018125711094,en,southpark
cyberwired,0.0003018125711094,en,southpark
daddle,0.0003018125711094,en,southpark
yeyeah,0.0003018125711094,en,southpark
scrampin,0.0003018125711094,en,southpark
drrrrrrey,0.0003018125711094,en,southpark
drrrrrt,0.0003018125711094,en,southpark
forecastle,0.0003018125711094,en,southpark
jellopudde,0.0003018125711094,en,southpark
errr,0.0003018125711094,en,southpark
hainted,0.0003018125711094,en,southpark
pussaholic,0.0003018125711094,en,southpark
mmph,0.0003018125711094,en,southpark
phonih,0.0003018125711094,en,southpark
fiyaber,0.0003018125711094,en,southpark
insultar,0.0003018125711094,en,southpark
applaudin,0.0003018125711094,en,southpark
chooper,0.0003018125711094,en,southpark
stewpid,0.0003018125711094,en,southpark
jewboy,0.0003018125711094,en,southpark
mhmph,0.0003018125711094,en,southpark
buuurniie,0.0003018125711094,en,southpark
pomnika,0.0003018125711094,en,southpark
jibbery,0.0003018125711094,en,southpark
loundry,0.0003018125711094,en,southpark
whatchoo,0.0003018125711094,en,southpark
crayole,0.0003018125711094,en,southpark
oowrrr,0.0003018125711094,en,southpark
yyyeess,0.0003018125711094,en,southpark
wohuhow,0.0003018125711094,en,southpark
finalized,0.0003018125711094,en,southpark
troublin,0.0003018125711094,en,southpark
bbbbitche,0.0003018125711094,en,southpark
wwork,0.0003018125711094,en,southpark
formance,0.0003018125711094,en,southpark
hancer,0.0003018125711094,en,southpark
darrrr,0.0003018125711094,en,southpark
policement,0.0003018125711094,en,southpark
blacky,0.0003018125711094,en,southpark
jast,0.0003018125711094,en,southpark
whle,0.0003018125711094,en,southpark
yamucker,0.0003018125711094,en,southpark
laerte,0.0003018125711094,en,southpark
meecrobi,0.0003018125711094,en,southpark
stalagmite,0.0003018125711094,en,southpark
stalagtite,0.0003018125711094,en,southpark
manbearlike,0.0003018125711094,en,southpark
pigbearman,0.0003018125711094,en,southpark
problen,0.0003018125711094,en,southpark
fahn,0.0003018125711094,en,southpark
mbp,0.0003018125711094,en,southpark
doritos,0.0003018125711094,en,southpark
diyatin,0.0003018125711094,en,southpark
weedgrass,0.0003018125711094,en,southpark
thpeake,0.0003018125711094,en,southpark
theyarecurse,0.0003018125711094,en,southpark
baseketball,0.0003018125711094,en,southpark
herebyoutof,0.0003018125711094,en,southpark
gathere,0.0003018125711094,en,southpark
shlokas,0.0003018125711094,en,southpark
congragation,0.0003018125711094,en,southpark
libba,0.0003018125711094,en,southpark
mauye,0.0003018125711094,en,southpark
proved,0.0003018125711094,en,southpark
ddoughnut,0.0003018125711094,en,southpark
uhwithout,0.0003018125711094,en,southpark
sssso,0.0003018125711094,en,southpark
bbottle,0.0003018125711094,en,southpark
ofhenry,0.0003018125711094,en,southpark
allre,0.0003018125711094,en,southpark
thepointis,0.0003018125711094,en,southpark
wheesperer,0.0003018125711094,en,southpark
rehearsin,0.0003018125711094,en,southpark
leggo,0.0003018125711094,en,southpark
diggitys,0.0003018125711094,en,southpark
heziated,0.0003018125711094,en,southpark
iac,0.0003018125711094,en,southpark
themose,0.0003018125711094,en,southpark
rectom,0.0003018125711094,en,southpark
lhave,0.0003018125711094,en,southpark
besidesmoleste,0.0003018125711094,en,southpark
bbub,0.0003018125711094,en,southpark
ffffake,0.0003018125711094,en,southpark
thepassion,0.0003018125711094,en,southpark
anspcpoll,0.0003018125711094,en,southpark
evergy,0.0003018125711094,en,southpark
whispererrrrr,0.0003018125711094,en,southpark
domance,0.0003018125711094,en,southpark
sumie,0.0003018125711094,en,southpark
thedumbest,0.0003018125711094,en,southpark
foood,0.0003018125711094,en,southpark
bearpig,0.0003018125711094,en,southpark
whcornwalli,0.0003018125711094,en,southpark
silicorn,0.0003018125711094,en,southpark
departin,0.0003018125711094,en,southpark
sightseein,0.0003018125711094,en,southpark
christmasis,0.0003018125711094,en,southpark
exographical,0.0003018125711094,en,southpark
rase,0.0003018125711094,en,southpark
timsy,0.0003018125711094,en,southpark
interesetd,0.0003018125711094,en,southpark
mercih,0.0003018125711094,en,southpark
outdance,0.0003018125711094,en,southpark
competiton,0.0003018125711094,en,southpark
accuseme,0.0003018125711094,en,southpark
reeally,0.0003018125711094,en,southpark
stonehaven,0.0003018125711094,en,southpark
computere,0.0003018125711094,en,southpark
valkorn,0.0003018125711094,en,southpark
bloodfish,0.0003018125711094,en,southpark
jaro,0.0003018125711094,en,southpark
macroe,0.0003018125711094,en,southpark
soltzman,0.0003018125711094,en,southpark
bercool,0.0003018125711094,en,southpark
goldshire,0.0003018125711094,en,southpark
pyroblast,0.0003018125711094,en,southpark
thnx,0.0003018125711094,en,southpark
tsst,0.0003018125711094,en,southpark
boopsiekin,0.0003018125711094,en,southpark
heeell,0.0003018125711094,en,southpark
thal,0.0003018125711094,en,southpark
meecro,0.0003018125711094,en,southpark
grrass,0.0003018125711094,en,southpark
dadededeh,0.0003018125711094,en,southpark
crashin,0.0003018125711094,en,southpark
nanoo,0.0003018125711094,en,southpark
turdering,0.0003018125711094,en,southpark
instiste,0.0003018125711094,en,southpark
bubi,0.0003018125711094,en,southpark
anonimously,0.0003018125711094,en,southpark
niceee,0.0003018125711094,en,southpark
tolk,0.0003018125711094,en,southpark
macroni,0.0003018125711094,en,southpark
motherfuckie,0.0003018125711094,en,southpark
heyed,0.0003018125711094,en,southpark
womebody,0.0003018125711094,en,southpark
goddamend,0.0003018125711094,en,southpark
drroppe,0.0003018125711094,en,southpark
governmentn,0.0003018125711094,en,southpark
cartmann,0.0003018125711094,en,southpark
lunchbreak,0.0003018125711094,en,southpark
potcan,0.0003018125711094,en,southpark
awn,0.0003018125711094,en,southpark
blargg,0.0003018125711094,en,southpark
poopscapade,0.0003018125711094,en,southpark
classtime,0.0003018125711094,en,southpark
icehead,0.0003018125711094,en,southpark
policestation,0.0003018125711094,en,southpark
elegently,0.0003018125711094,en,southpark
ourselfs,0.0003018125711094,en,southpark
bagage,0.0003018125711094,en,southpark
stevensen,0.0003018125711094,en,southpark
defilng,0.0003018125711094,en,southpark
leeroy,0.0003018125711094,en,southpark
pitro,0.0003018125711094,en,southpark
gawt,0.0003018125711094,en,southpark
unsuspectin,0.0003018125711094,en,southpark
origin,0.0002999536481726,en,southpark
partnership,0.0002999536481726,en,southpark
terminate,0.0002999536481726,en,southpark
mode,0.0002999536481726,en,southpark
satisfaction,0.0002999536481726,en,southpark
formula,0.0002999536481726,en,southpark
motion,0.0002996133090272,en,southpark
ambulance,0.0002996133090272,en,southpark
lumber,0.0002976859065254,en,southpark
pottery,0.0002976859065254,en,southpark
savvy,0.0002976859065254,en,southpark
foresee,0.0002976859065254,en,southpark
strive,0.0002976859065254,en,southpark
storeroom,0.0002976859065254,en,southpark
slaughterhouse,0.0002976859065254,en,southpark
sobriety,0.0002976859065254,en,southpark
descendant,0.0002976859065254,en,southpark
ooze,0.0002976859065254,en,southpark
falcon,0.0002976859065254,en,southpark
joe,0.0002976859065254,en,southpark
pox,0.0002976859065254,en,southpark
ide,0.0002976859065254,en,southpark
mashed,0.0002976859065254,en,southpark
species,0.0002976859065254,en,southpark
distinguished,0.0002976859065254,en,southpark
drinkin,0.0002976859065254,en,southpark
fabricate,0.0002976859065254,en,southpark
autumn,0.0002976859065254,en,southpark
columbus,0.0002976859065254,en,southpark
unimportant,0.0002976859065254,en,southpark
full,0.0002976859065254,en,southpark
squawk,0.0002976859065254,en,southpark
commonly,0.0002976859065254,en,southpark
cabbage,0.0002976859065254,en,southpark
discussion,0.0002971515622457,en,southpark
pharmaceutical,0.0002971324519522,en,southpark
alternate,0.0002971324519522,en,southpark
psychiatrist,0.0002971324519522,en,southpark
vessel,0.0002971324519522,en,southpark
pickup,0.0002971324519522,en,southpark
apparent,0.0002971324519522,en,southpark
mere,0.0002971324519522,en,southpark
mole,0.0002971324519522,en,southpark
latin,0.0002971324519522,en,southpark
convincing,0.0002971324519522,en,southpark
snoop,0.0002971324519522,en,southpark
drip,0.0002971324519522,en,southpark
inventory,0.0002971324519522,en,southpark
shy,0.0002947153262526,en,southpark
custody,0.0002947153262526,en,southpark
romantic,0.0002947153262526,en,southpark
gasp,0.0002943556858698,en,southpark
vague,0.0002943556858698,en,southpark
destination,0.0002943556858698,en,southpark
layer,0.0002943556858698,en,southpark
toll,0.0002943556858698,en,southpark
bleeding,0.0002943556858698,en,southpark
mill,0.0002943556858698,en,southpark
sheep,0.0002943556858698,en,southpark
coke,0.0002943556858698,en,southpark
pursuit,0.0002943556858698,en,southpark
mining,0.0002934109868822,en,southpark
venom,0.0002934109868822,en,southpark
hoo,0.0002934109868822,en,southpark
feeble,0.0002934109868822,en,southpark
gloria,0.0002934109868822,en,southpark
specially,0.0002934109868822,en,southpark
turk,0.0002934109868822,en,southpark
spar,0.0002934109868822,en,southpark
meyer,0.0002934109868822,en,southpark
blackjack,0.0002934109868822,en,southpark
demolish,0.0002934109868822,en,southpark
interval,0.0002934109868822,en,southpark
beginner,0.0002934109868822,en,southpark
aura,0.0002934109868822,en,southpark
slimy,0.0002934109868822,en,southpark
tac,0.0002934109868822,en,southpark
vegan,0.0002934109868822,en,southpark
ponder,0.0002934109868822,en,southpark
brazilian,0.0002934109868822,en,southpark
brief,0.0002923040777357,en,southpark
impressed,0.0002923040777357,en,southpark
relief,0.0002923040777357,en,southpark
attitude,0.0002923040777357,en,southpark
vet,0.0002916219721628,en,southpark
hitch,0.0002916219721628,en,southpark
photographer,0.0002916219721628,en,southpark
jealousy,0.0002916219721628,en,southpark
philosophy,0.0002916219721628,en,southpark
knowledge,0.0002899173093218,en,southpark
joint,0.0002899173093218,en,southpark
patch,0.0002899173093218,en,southpark
mourning,0.0002892860957657,en,southpark
mathematical,0.0002892860957657,en,southpark
armpit,0.0002892860957657,en,southpark
drummer,0.0002892860957657,en,southpark
firepower,0.0002892860957657,en,southpark
bandit,0.0002892860957657,en,southpark
intercom,0.0002892860957657,en,southpark
optical,0.0002892860957657,en,southpark
toot,0.0002892860957657,en,southpark
josh,0.0002892860957657,en,southpark
consultation,0.0002892860957657,en,southpark
abyss,0.0002892860957657,en,southpark
outdoor,0.0002892860957657,en,southpark
christmas,0.0002892860957657,en,southpark
composite,0.0002892860957657,en,southpark
crusade,0.0002892860957657,en,southpark
alteration,0.0002892860957657,en,southpark
infuse,0.0002892860957657,en,southpark
unfold,0.0002892860957657,en,southpark
scrawny,0.0002892860957657,en,southpark
abdomen,0.0002892860957657,en,southpark
hometown,0.0002892860957657,en,southpark
hoof,0.0002892860957657,en,southpark
pinky,0.0002892860957657,en,southpark
hypnosis,0.0002892860957657,en,southpark
conquest,0.0002892860957657,en,southpark
arab,0.0002892860957657,en,southpark
seagull,0.0002892860957657,en,southpark
refreshment,0.0002892860957657,en,southpark
negotiation,0.0002889299961769,en,southpark
sophisticated,0.0002889299961769,en,southpark
headline,0.0002889299961769,en,southpark
groom,0.0002889299961769,en,southpark
growth,0.0002889299961769,en,southpark
loosen,0.0002889299961769,en,southpark
rehab,0.0002889299961769,en,southpark
pin,0.000287554528936,en,southpark
facial,0.0002862785025702,en,southpark
mount,0.0002862785025702,en,southpark
difficulty,0.0002862785025702,en,southpark
freaky,0.0002862785025702,en,southpark
slash,0.0002862785025702,en,southpark
precaution,0.0002862785025702,en,southpark
retirement,0.0002862785025702,en,southpark
moist,0.0002853010587225,en,southpark
dreadful,0.0002853010587225,en,southpark
dreamer,0.0002853010587225,en,southpark
flashy,0.0002853010587225,en,southpark
discrepancy,0.0002853010587225,en,southpark
oeuvre,0.0002853010587225,en,southpark
hen,0.0002853010587225,en,southpark
foreigner,0.0002853010587225,en,southpark
pilgrim,0.0002853010587225,en,southpark
brutality,0.0002853010587225,en,southpark
deprivation,0.0002853010587225,en,southpark
mailman,0.0002853010587225,en,southpark
suction,0.0002853010587225,en,southpark
conception,0.0002853010587225,en,southpark
trespassing,0.0002853010587225,en,southpark
blackberry,0.0002853010587225,en,southpark
capsule,0.0002853010587225,en,southpark
transfusion,0.0002853010587225,en,southpark
toenail,0.0002853010587225,en,southpark
habit,0.0002852152591928,en,southpark
recent,0.0002852152591928,en,southpark
guilt,0.0002852152591928,en,southpark
trace,0.0002852152591928,en,southpark
reaction,0.0002852152591928,en,southpark
curiosity,0.0002836662917981,en,southpark
district,0.0002836662917981,en,southpark
retrieve,0.0002836662917981,en,southpark
someplace,0.0002828990368168,en,southpark
sup,0.0002814467024429,en,southpark
navigation,0.0002814467024429,en,southpark
polo,0.0002814467024429,en,southpark
hurtful,0.0002814467024429,en,southpark
supernatural,0.0002814467024429,en,southpark
rehabilitation,0.0002814467024429,en,southpark
hypothermia,0.0002814467024429,en,southpark
pitiful,0.0002814467024429,en,southpark
jess,0.0002814467024429,en,southpark
betcha,0.0002814467024429,en,southpark
extracurricular,0.0002814467024429,en,southpark
prestigious,0.0002814467024429,en,southpark
apb,0.0002814467024429,en,southpark
neurological,0.0002814467024429,en,southpark
casserole,0.0002814467024429,en,southpark
endorsement,0.0002814467024429,en,southpark
waitin,0.0002814467024429,en,southpark
saliva,0.0002814467024429,en,southpark
leopard,0.0002814467024429,en,southpark
agitated,0.0002814467024429,en,southpark
popularity,0.0002814467024429,en,southpark
whine,0.0002810922168545,en,southpark
inherit,0.0002810922168545,en,southpark
lemon,0.0002810922168545,en,southpark
inevitable,0.0002810922168545,en,southpark
authorize,0.0002810922168545,en,southpark
scrape,0.0002810922168545,en,southpark
hardware,0.0002810922168545,en,southpark
disrespect,0.0002810922168545,en,southpark
cope,0.0002810922168545,en,southpark
decline,0.0002810922168545,en,southpark
tension,0.0002810922168545,en,southpark
lieutenant,0.0002810922168545,en,southpark
labor,0.0002810922168545,en,southpark
penalty,0.0002810922168545,en,southpark
remotely,0.0002810922168545,en,southpark
opposite,0.0002806054120925,en,southpark
arrange,0.0002806054120925,en,southpark
razor,0.0002785551802477,en,southpark
vegas,0.0002785551802477,en,southpark
soil,0.0002785551802477,en,southpark
strawberry,0.0002785551802477,en,southpark
reunion,0.0002785551802477,en,southpark
haircut,0.0002785551802477,en,southpark
psych,0.0002785551802477,en,southpark
jilted,0.0002779818997142,en,southpark
mcallen,0.0002779818997142,en,southpark
sany,0.0002779818997142,en,southpark
thatbefore,0.0002779818997142,en,southpark
carradine,0.0002779818997142,en,southpark
moove,0.0002779818997142,en,southpark
pretendin,0.0002779818997142,en,southpark
chopping,0.0002779818997142,en,southpark
ofthem,0.0002779818997142,en,southpark
sshhh,0.0002779818997142,en,southpark
prancer,0.0002779818997142,en,southpark
interlaced,0.0002779818997142,en,southpark
unfasten,0.0002779818997142,en,southpark
bendable,0.0002779818997142,en,southpark
omigod,0.0002779818997142,en,southpark
sind,0.0002779818997142,en,southpark
critisize,0.0002779818997142,en,southpark
poundstone,0.0002779818997142,en,southpark
smearing,0.0002779818997142,en,southpark
jaqueline,0.0002779818997142,en,southpark
olay,0.0002779818997142,en,southpark
birney,0.0002779818997142,en,southpark
onna,0.0002779818997142,en,southpark
elven,0.0002779818997142,en,southpark
bubbie,0.0002779818997142,en,southpark
rejewish,0.0002779818997142,en,southpark
iin,0.0002779818997142,en,southpark
webcrawler,0.0002779818997142,en,southpark
outland,0.0002779818997142,en,southpark
invitin,0.0002779818997142,en,southpark
wretchedness,0.0002779818997142,en,southpark
squirrely,0.0002779818997142,en,southpark
osric,0.0002779818997142,en,southpark
looove,0.0002779818997142,en,southpark
funt,0.0002779818997142,en,southpark
cowabunga,0.0002779818997142,en,southpark
joob,0.0002779818997142,en,southpark
seena,0.0002779818997142,en,southpark
tonton,0.0002779818997142,en,southpark
dumbshit,0.0002779818997142,en,southpark
cirle,0.0002779818997142,en,southpark
outthink,0.0002779818997142,en,southpark
frisco,0.0002779818997142,en,southpark
bastardize,0.0002779818997142,en,southpark
humperdinck,0.0002779818997142,en,southpark
engelbert,0.0002779818997142,en,southpark
misrable,0.0002779818997142,en,southpark
ceaselessly,0.0002779818997142,en,southpark
delectation,0.0002779818997142,en,southpark
eveybody,0.0002779818997142,en,southpark
nything,0.0002779818997142,en,southpark
hunh,0.0002779818997142,en,southpark
hoa,0.0002779818997142,en,southpark
telecast,0.0002779818997142,en,southpark
cherokee,0.0002779818997142,en,southpark
leapin,0.0002779818997142,en,southpark
whatwe,0.0002779818997142,en,southpark
anual,0.0002779818997142,en,southpark
bejeezus,0.0002779818997142,en,southpark
hve,0.0002779818997142,en,southpark
tonga,0.0002779818997142,en,southpark
oper,0.0002779818997142,en,southpark
durin,0.0002779818997142,en,southpark
thundercat,0.0002779818997142,en,southpark
amso,0.0002779818997142,en,southpark
scoreless,0.0002779818997142,en,southpark
skunky,0.0002779818997142,en,southpark
cress,0.0002779818997142,en,southpark
wher,0.0002779818997142,en,southpark
drownin,0.0002779818997142,en,southpark
depressin,0.0002779818997142,en,southpark
babblin,0.0002779818997142,en,southpark
suivre,0.0002779818997142,en,southpark
supergroup,0.0002779818997142,en,southpark
flub,0.0002779818997142,en,southpark
flexi,0.0002779818997142,en,southpark
beh,0.0002779818997142,en,southpark
apoligize,0.0002779818997142,en,southpark
worshipping,0.0002779818997142,en,southpark
usefull,0.0002779818997142,en,southpark
flatbed,0.0002779818997142,en,southpark
musa,0.0002779818997142,en,southpark
disre,0.0002779818997142,en,southpark
nefariousness,0.0002779818997142,en,southpark
lewdness,0.0002779818997142,en,southpark
hak,0.0002779818997142,en,southpark
alain,0.0002779818997142,en,southpark
brittleness,0.0002779818997142,en,southpark
waww,0.0002779818997142,en,southpark
huhh,0.0002779818997142,en,southpark
filthiness,0.0002779818997142,en,southpark
somuch,0.0002779818997142,en,southpark
canibalism,0.0002779818997142,en,southpark
sargent,0.0002779818997142,en,southpark
fing,0.0002779818997142,en,southpark
naptime,0.0002779818997142,en,southpark
handmaid,0.0002779818997142,en,southpark
aha,0.0002779818997142,en,southpark
kwanza,0.0002779818997142,en,southpark
delightfull,0.0002779818997142,en,southpark
practicin,0.0002779818997142,en,southpark
wanderin,0.0002779818997142,en,southpark
nabbit,0.0002779818997142,en,southpark
bitcher,0.0002779818997142,en,southpark
lauer,0.0002779818997142,en,southpark
disobedient,0.0002779818997142,en,southpark
whatevah,0.0002779818997142,en,southpark
helloooo,0.0002779818997142,en,southpark
studier,0.0002779818997142,en,southpark
twangy,0.0002779818997142,en,southpark
intellectualism,0.0002779818997142,en,southpark
deede,0.0002779818997142,en,southpark
blackbeard,0.0002779818997142,en,southpark
inflicted,0.0002779818997142,en,southpark
intermarry,0.0002779818997142,en,southpark
smiter,0.0002779818997142,en,southpark
girldfriend,0.0002779818997142,en,southpark
rappin,0.0002779818997142,en,southpark
thos,0.0002779818997142,en,southpark
siree,0.0002779818997142,en,southpark
eard,0.0002779818997142,en,southpark
groo,0.0002779818997142,en,southpark
sheez,0.0002779818997142,en,southpark
eehh,0.0002779818997142,en,southpark
giny,0.0002779818997142,en,southpark
seen,0.0002779818997142,en,southpark
sweetiekin,0.0002779818997142,en,southpark
galloping,0.0002779818997142,en,southpark
anounce,0.0002779818997142,en,southpark
ohohh,0.0002779818997142,en,southpark
unido,0.0002779818997142,en,southpark
vate,0.0002779818997142,en,southpark
grading,0.0002779818997142,en,southpark
multiplying,0.0002779818997142,en,southpark
haikus,0.0002779818997142,en,southpark
presley,0.0002779818997142,en,southpark
flappin,0.0002779818997142,en,southpark
geh,0.0002779818997142,en,southpark
oogle,0.0002779818997142,en,southpark
tten,0.0002779818997142,en,southpark
risqu,0.0002779818997142,en,southpark
dutyto,0.0002779818997142,en,southpark
carbonite,0.0002779818997142,en,southpark
youg,0.0002779818997142,en,southpark
lright,0.0002779818997142,en,southpark
applie,0.0002779818997142,en,southpark
cracky,0.0002779818997142,en,southpark
deject,0.0002779818997142,en,southpark
hehhh,0.0002779818997142,en,southpark
innie,0.0002779818997142,en,southpark
marrige,0.0002779818997142,en,southpark
trifling,0.0002779818997142,en,southpark
bap,0.0002779818997142,en,southpark
vewy,0.0002779818997142,en,southpark
rewrap,0.0002779818997142,en,southpark
hellp,0.0002779818997142,en,southpark
macaroni,0.0002779818997142,en,southpark
intelect,0.0002779818997142,en,southpark
vomitous,0.0002779818997142,en,southpark
unsaved,0.0002779818997142,en,southpark
negros,0.0002779818997142,en,southpark
joinin,0.0002779818997142,en,southpark
offerin,0.0002779818997142,en,southpark
detoxify,0.0002779818997142,en,southpark
picante,0.0002779818997142,en,southpark
seargent,0.0002779818997142,en,southpark
triste,0.0002779818997142,en,southpark
lest,0.0002779818997142,en,southpark
sigourney,0.0002779818997142,en,southpark
laryngectomy,0.0002779818997142,en,southpark
engh,0.0002779818997142,en,southpark
detachable,0.0002779818997142,en,southpark
forsook,0.0002779818997142,en,southpark
calmer,0.0002779818997142,en,southpark
unfroze,0.0002779818997142,en,southpark
koppel,0.0002779818997142,en,southpark
hirohito,0.0002779818997142,en,southpark
dissapointe,0.0002779818997142,en,southpark
stormtroop,0.0002779818997142,en,southpark
washable,0.0002779818997142,en,southpark
yeck,0.0002779818997142,en,southpark
asnwer,0.0002779818997142,en,southpark
cuomo,0.0002779818997142,en,southpark
doya,0.0002779818997142,en,southpark
commisioner,0.0002779818997142,en,southpark
projecting,0.0002779818997142,en,southpark
mofos,0.0002779818997142,en,southpark
grampy,0.0002779818997142,en,southpark
wape,0.0002779818997142,en,southpark
concidence,0.0002779818997142,en,southpark
waaah,0.0002779818997142,en,southpark
newsy,0.0002779818997142,en,southpark
heinously,0.0002779818997142,en,southpark
alfonse,0.0002779818997142,en,southpark
policework,0.0002779818997142,en,southpark
eskimos,0.0002779818997142,en,southpark
prizewinner,0.0002779818997142,en,southpark
hoid,0.0002779818997142,en,southpark
weady,0.0002779818997142,en,southpark
splicing,0.0002779818997142,en,southpark
doen,0.0002779818997142,en,southpark
nilla,0.0002779818997142,en,southpark
raku,0.0002779818997142,en,southpark
obdurate,0.0002779818997142,en,southpark
vitalize,0.0002779818997142,en,southpark
thomson,0.0002779818997142,en,southpark
supremist,0.0002779818997142,en,southpark
hoppity,0.0002779818997142,en,southpark
fireboat,0.0002779818997142,en,southpark
adiposity,0.0002779818997142,en,southpark
pepito,0.0002779818997142,en,southpark
bjs,0.0002779818997142,en,southpark
unyielding,0.0002779818997142,en,southpark
succubi,0.0002779818997142,en,southpark
tra,0.0002779818997142,en,southpark
plebeian,0.0002779818997142,en,southpark
reinvest,0.0002779818997142,en,southpark
sain,0.0002779818997142,en,southpark
arrivee,0.0002779818997142,en,southpark
wipin,0.0002779818997142,en,southpark
chubbe,0.0002779818997142,en,southpark
indianapolis,0.0002779818997142,en,southpark
awww,0.0002779818997142,en,southpark
spiderwebs,0.0002779818997142,en,southpark
rebeca,0.0002779818997142,en,southpark
galapago,0.0002779818997142,en,southpark
coucher,0.0002779818997142,en,southpark
puo,0.0002779818997142,en,southpark
parody,0.0002779818997142,en,southpark
baaack,0.0002779818997142,en,southpark
plasticine,0.0002779818997142,en,southpark
ishtar,0.0002779818997142,en,southpark
pock,0.0002779818997142,en,southpark
expanse,0.0002779818997142,en,southpark
dianetic,0.0002779818997142,en,southpark
shold,0.0002779818997142,en,southpark
nincompoop,0.0002779818997142,en,southpark
powne,0.0002779818997142,en,southpark
dickson,0.0002779818997142,en,southpark
aproximately,0.0002779818997142,en,southpark
biii,0.0002779818997142,en,southpark
mondae,0.0002779818997142,en,southpark
bientot,0.0002779818997142,en,southpark
des,0.0002779818997142,en,southpark
ughhh,0.0002779818997142,en,southpark
veever,0.0002779818997142,en,southpark
granade,0.0002779818997142,en,southpark
shuriken,0.0002779818997142,en,southpark
kyla,0.0002779818997142,en,southpark
gameat,0.0002779818997142,en,southpark
torrey,0.0002779818997142,en,southpark
crankshaft,0.0002779818997142,en,southpark
punishement,0.0002779818997142,en,southpark
sike,0.0002779818997142,en,southpark
incas,0.0002779818997142,en,southpark
firehose,0.0002779818997142,en,southpark
busdriver,0.0002779818997142,en,southpark
brrrr,0.0002779818997142,en,southpark
shearing,0.0002779818997142,en,southpark
crustaceous,0.0002779818997142,en,southpark
xboxe,0.0002779818997142,en,southpark
grabbing,0.0002779818997142,en,southpark
darnd,0.0002779818997142,en,southpark
holli,0.0002779818997142,en,southpark
twistin,0.0002779818997142,en,southpark
shockin,0.0002779818997142,en,southpark
blowing,0.0002779818997142,en,southpark
wicky,0.0002779818997142,en,southpark
abuot,0.0002779818997142,en,southpark
airplain,0.0002779818997142,en,southpark
brough,0.0002779818997142,en,southpark
evolutionist,0.0002779818997142,en,southpark
gyration,0.0002779818997142,en,southpark
bacca,0.0002779818997142,en,southpark
cliffhanger,0.0002779818997142,en,southpark
kerrigan,0.0002779818997142,en,southpark
carole,0.0002779818997142,en,southpark
monetize,0.0002779818997142,en,southpark
dyna,0.0002779818997142,en,southpark
applegate,0.0002779818997142,en,southpark
farty,0.0002779818997142,en,southpark
looza,0.0002779818997142,en,southpark
spen,0.0002779818997142,en,southpark
zingy,0.0002779818997142,en,southpark
buildin,0.0002779818997142,en,southpark
toda,0.0002779818997142,en,southpark
theif,0.0002779818997142,en,southpark
ususally,0.0002779818997142,en,southpark
oppressed,0.0002779818997142,en,southpark
humungous,0.0002779818997142,en,southpark
anda,0.0002779818997142,en,southpark
eek,0.0002779818997142,en,southpark
nonexclusive,0.0002779818997142,en,southpark
maced,0.0002779818997142,en,southpark
wasone,0.0002779818997142,en,southpark
aaaaagh,0.0002779818997142,en,southpark
agence,0.0002779818997142,en,southpark
scallywag,0.0002779818997142,en,southpark
fhrer,0.0002779818997142,en,southpark
orc,0.0002779818997142,en,southpark
wiht,0.0002779818997142,en,southpark
tiddly,0.0002779818997142,en,southpark
asscheek,0.0002779818997142,en,southpark
intransitive,0.0002779818997142,en,southpark
nar,0.0002779818997142,en,southpark
intonation,0.0002779818997142,en,southpark
castaway,0.0002779818997142,en,southpark
frenchy,0.0002779818997142,en,southpark
beetlejuice,0.0002779818997142,en,southpark
howard,0.0002777147275743,en,southpark
firmly,0.0002777147275743,en,southpark
ramification,0.0002777147275743,en,southpark
ordeal,0.0002777147275743,en,southpark
visitation,0.0002777147275743,en,southpark
dimensional,0.0002777147275743,en,southpark
prediction,0.0002777147275743,en,southpark
hank,0.0002777147275743,en,southpark
occupation,0.0002777147275743,en,southpark
gaming,0.0002777147275743,en,southpark
psychosis,0.0002777147275743,en,southpark
orient,0.0002777147275743,en,southpark
sturdy,0.0002777147275743,en,southpark
primarily,0.0002777147275743,en,southpark
tock,0.0002777147275743,en,southpark
appointment,0.0002760842214162,en,southpark
reminder,0.0002760541311912,en,southpark
mini,0.0002760541311912,en,southpark
laptop,0.0002760541311912,en,southpark
seize,0.0002760541311912,en,southpark
ultimately,0.0002760541311912,en,southpark
oughta,0.0002740976011124,en,southpark
ignite,0.0002740976011124,en,southpark
bureaucrat,0.0002740976011124,en,southpark
maple,0.0002740976011124,en,southpark
graft,0.0002740976011124,en,southpark
cultivate,0.0002740976011124,en,southpark
titanium,0.0002740976011124,en,southpark
colorful,0.0002740976011124,en,southpark
dying,0.0002740976011124,en,southpark
insanely,0.0002740976011124,en,southpark
heist,0.0002740976011124,en,southpark
untimely,0.0002740976011124,en,southpark
anyway,0.0002740976011124,en,southpark
snuff,0.0002740976011124,en,southpark
alligator,0.0002740976011124,en,southpark
florence,0.0002740976011124,en,southpark
fetal,0.0002740976011124,en,southpark
craze,0.0002740976011124,en,southpark
speedy,0.0002740976011124,en,southpark
icon,0.0002740976011124,en,southpark
revenue,0.0002740976011124,en,southpark
vibration,0.0002740976011124,en,southpark
senseless,0.0002740976011124,en,southpark
alarmed,0.0002740976011124,en,southpark
incident,0.000273855819239,en,southpark
testify,0.0002735880629904,en,southpark
consult,0.0002735880629904,en,southpark
dna,0.0002735880629904,en,southpark
faint,0.0002735880629904,en,southpark
electronic,0.0002735880629904,en,southpark
liver,0.0002735880629904,en,southpark
cord,0.0002735880629904,en,southpark
associate,0.0002716483413349,en,southpark
hollow,0.0002711560106095,en,southpark
heavily,0.0002711560106095,en,southpark
prescription,0.0002711560106095,en,southpark
volume,0.0002711560106095,en,southpark
bent,0.0002711560106095,en,southpark
isolate,0.0002711560106095,en,southpark
bracelet,0.0002711560106095,en,southpark
cigar,0.0002711560106095,en,southpark
lawn,0.0002711560106095,en,southpark
racing,0.0002705884648599,en,southpark
encryption,0.0002705884648599,en,southpark
oatmeal,0.0002705884648599,en,southpark
foil,0.0002705884648599,en,southpark
tracy,0.0002705884648599,en,southpark
artifact,0.0002705884648599,en,southpark
southwest,0.0002705884648599,en,southpark
finalize,0.0002705884648599,en,southpark
temporal,0.0002705884648599,en,southpark
deficiency,0.0002705884648599,en,southpark
coil,0.0002705884648599,en,southpark
alumnus,0.0002705884648599,en,southpark
checker,0.0002705884648599,en,southpark
accordingly,0.0002705884648599,en,southpark
malibu,0.0002705884648599,en,southpark
whatcha,0.0002705884648599,en,southpark
mosquito,0.0002705884648599,en,southpark
openly,0.0002705884648599,en,southpark
upright,0.0002705884648599,en,southpark
interstate,0.0002705884648599,en,southpark
preposterous,0.0002705884648599,en,southpark
checkup,0.0002705884648599,en,southpark
swam,0.0002705884648599,en,southpark
grid,0.0002687570484045,en,southpark
worthy,0.0002687570484045,en,southpark
cooking,0.0002687570484045,en,southpark
employ,0.0002687570484045,en,southpark
tool,0.0002672946119207,en,southpark
runnin,0.0002671810571596,en,southpark
constructive,0.0002671810571596,en,southpark
incompetence,0.0002671810571596,en,southpark
conditioner,0.0002671810571596,en,southpark
dub,0.0002671810571596,en,southpark
slutty,0.0002671810571596,en,southpark
owl,0.0002671810571596,en,southpark
pave,0.0002671810571596,en,southpark
resistant,0.0002671810571596,en,southpark
ploy,0.0002671810571596,en,southpark
allen,0.0002671810571596,en,southpark
switzerland,0.0002671810571596,en,southpark
habitat,0.0002671810571596,en,southpark
shoo,0.0002671810571596,en,southpark
cooperate,0.0002663902880081,en,southpark
dignity,0.0002663902880081,en,southpark
flaw,0.0002663902880081,en,southpark
flirt,0.0002663902880081,en,southpark
executive,0.0002663902880081,en,southpark
bay,0.0002663902880081,en,southpark
boundary,0.0002663902880081,en,southpark
brick,0.0002663902880081,en,southpark
taxi,0.0002663902880081,en,southpark
intimate,0.0002640548763543,en,southpark
mistaken,0.0002640548763543,en,southpark
exhaust,0.0002640548763543,en,southpark
farewell,0.0002638696456547,en,southpark
twilight,0.0002638696456547,en,southpark
cosmetic,0.0002638696456547,en,southpark
researcher,0.0002638696456547,en,southpark
awaken,0.0002638696456547,en,southpark
unwanted,0.0002638696456547,en,southpark
teamwork,0.0002638696456547,en,southpark
swollen,0.0002638696456547,en,southpark
comply,0.0002638696456547,en,southpark
marvelous,0.0002638696456547,en,southpark
fang,0.0002638696456547,en,southpark
cremate,0.0002638696456547,en,southpark
rerun,0.0002638696456547,en,southpark
unbearable,0.0002638696456547,en,southpark
descent,0.0002638696456547,en,southpark
discredit,0.0002638696456547,en,southpark
tremble,0.0002638696456547,en,southpark
compile,0.0002638696456547,en,southpark
finale,0.0002638696456547,en,southpark
baker,0.0002638696456547,en,southpark
swimmer,0.0002638696456547,en,southpark
breakdown,0.0002617499938325,en,southpark
electric,0.0002617499938325,en,southpark
international,0.0002617499938325,en,southpark
bandanna,0.0002610737692788,en,southpark
fonseca,0.0002610737692788,en,southpark
pourrait,0.0002610737692788,en,southpark
evian,0.0002610737692788,en,southpark
shooty,0.0002610737692788,en,southpark
portside,0.0002610737692788,en,southpark
fil,0.0002610737692788,en,southpark
yousee,0.0002610737692788,en,southpark
motherf,0.0002610737692788,en,southpark
grody,0.0002610737692788,en,southpark
cubbyhole,0.0002610737692788,en,southpark
ustede,0.0002610737692788,en,southpark
saltzman,0.0002610737692788,en,southpark
butchy,0.0002610737692788,en,southpark
posable,0.0002610737692788,en,southpark
sippin,0.0002610737692788,en,southpark
flubber,0.0002610737692788,en,southpark
wombat,0.0002610737692788,en,southpark
ovaltine,0.0002610737692788,en,southpark
hutt,0.0002610737692788,en,southpark
jdate,0.0002610737692788,en,southpark
protectin,0.0002610737692788,en,southpark
cooch,0.0002610737692788,en,southpark
woa,0.0002610737692788,en,southpark
lotsa,0.0002610737692788,en,southpark
taoist,0.0002610737692788,en,southpark
dweebs,0.0002610737692788,en,southpark
roque,0.0002610737692788,en,southpark
chulo,0.0002610737692788,en,southpark
overturned,0.0002610737692788,en,southpark
sega,0.0002610737692788,en,southpark
nineteenth,0.0002610737692788,en,southpark
chupa,0.0002610737692788,en,southpark
uhuh,0.0002610737692788,en,southpark
confined,0.0002610737692788,en,southpark
craggy,0.0002610737692788,en,southpark
tigger,0.0002610737692788,en,southpark
thusly,0.0002610737692788,en,southpark
eensy,0.0002610737692788,en,southpark
ectoplasmic,0.0002610737692788,en,southpark
modernize,0.0002610737692788,en,southpark
sexiness,0.0002610737692788,en,southpark
strumming,0.0002610737692788,en,southpark
bahia,0.0002610737692788,en,southpark
comple,0.0002610737692788,en,southpark
coverup,0.0002610737692788,en,southpark
wid,0.0002610737692788,en,southpark
mma,0.0002610737692788,en,southpark
ribbit,0.0002610737692788,en,southpark
bummin,0.0002610737692788,en,southpark
alto,0.0002610737692788,en,southpark
goota,0.0002610737692788,en,southpark
hocking,0.0002610737692788,en,southpark
unmasked,0.0002610737692788,en,southpark
blesse,0.0002610737692788,en,southpark
saround,0.0002610737692788,en,southpark
antare,0.0002610737692788,en,southpark
nak,0.0002610737692788,en,southpark
yess,0.0002610737692788,en,southpark
galosh,0.0002610737692788,en,southpark
hoose,0.0002610737692788,en,southpark
hangup,0.0002610737692788,en,southpark
coldness,0.0002610737692788,en,southpark
farting,0.0002610737692788,en,southpark
appologize,0.0002610737692788,en,southpark
unorganized,0.0002610737692788,en,southpark
amex,0.0002610737692788,en,southpark
evaporation,0.0002610737692788,en,southpark
frake,0.0002610737692788,en,southpark
mammary,0.0002610737692788,en,southpark
showbusiness,0.0002610737692788,en,southpark
lation,0.0002610737692788,en,southpark
amphitheatre,0.0002610737692788,en,southpark
goeth,0.0002610737692788,en,southpark
fakin,0.0002610737692788,en,southpark
genetical,0.0002610737692788,en,southpark
masters,0.0002610737692788,en,southpark
ahah,0.0002610737692788,en,southpark
lotmore,0.0002610737692788,en,southpark
superduper,0.0002610737692788,en,southpark
officialy,0.0002610737692788,en,southpark
petro,0.0002610737692788,en,southpark
pasion,0.0002610737692788,en,southpark
ife,0.0002610737692788,en,southpark
exothermic,0.0002610737692788,en,southpark
estado,0.0002610737692788,en,southpark
pookum,0.0002610737692788,en,southpark
gizzard,0.0002610737692788,en,southpark
sunder,0.0002610737692788,en,southpark
lout,0.0002610737692788,en,southpark
octane,0.0002610737692788,en,southpark
gelder,0.0002610737692788,en,southpark
bur,0.0002610737692788,en,southpark
somete,0.0002610737692788,en,southpark
onstar,0.0002610737692788,en,southpark
ool,0.0002610737692788,en,southpark
username,0.0002610737692788,en,southpark
frill,0.0002610737692788,en,southpark
theywant,0.0002610737692788,en,southpark
growing,0.0002610737692788,en,southpark
snookie,0.0002610737692788,en,southpark
chowderhead,0.0002610737692788,en,southpark
villainy,0.0002610737692788,en,southpark
commencer,0.0002610737692788,en,southpark
persia,0.0002610737692788,en,southpark
jessy,0.0002610737692788,en,southpark
fifi,0.0002610737692788,en,southpark
unobtainable,0.0002610737692788,en,southpark
rache,0.0002610737692788,en,southpark
cooool,0.0002610737692788,en,southpark
diligently,0.0002610737692788,en,southpark
realer,0.0002610737692788,en,southpark
mana,0.0002610737692788,en,southpark
omm,0.0002610737692788,en,southpark
incongruity,0.0002610737692788,en,southpark
isso,0.0002610737692788,en,southpark
thematically,0.0002610737692788,en,southpark
travelocity,0.0002610737692788,en,southpark
sciency,0.0002610737692788,en,southpark
unoriginal,0.0002610737692788,en,southpark
escargot,0.0002610737692788,en,southpark
phoned,0.0002610737692788,en,southpark
undisputable,0.0002610737692788,en,southpark
thatis,0.0002610737692788,en,southpark
chok,0.0002610737692788,en,southpark
cannery,0.0002610737692788,en,southpark
copin,0.0002610737692788,en,southpark
artistically,0.0002610737692788,en,southpark
crushing,0.0002610737692788,en,southpark
joking,0.0002610737692788,en,southpark
amd,0.0002610737692788,en,southpark
godness,0.0002610737692788,en,southpark
whi,0.0002610737692788,en,southpark
nin,0.0002610737692788,en,southpark
upturn,0.0002610737692788,en,southpark
gaslight,0.0002610737692788,en,southpark
featured,0.0002610737692788,en,southpark
eharmony,0.0002610737692788,en,southpark
walkout,0.0002610737692788,en,southpark
persistant,0.0002610737692788,en,southpark
tabulation,0.0002610737692788,en,southpark
wonderfull,0.0002610737692788,en,southpark
frijol,0.0002610737692788,en,southpark
proponent,0.0002610737692788,en,southpark
bigote,0.0002610737692788,en,southpark
spiritualism,0.0002610737692788,en,southpark
gawd,0.0002610737692788,en,southpark
baio,0.0002610737692788,en,southpark
stoolie,0.0002610737692788,en,southpark
eugh,0.0002610737692788,en,southpark
shmuck,0.0002610737692788,en,southpark
anguished,0.0002610737692788,en,southpark
aghhhh,0.0002610737692788,en,southpark
desolation,0.0002610737692788,en,southpark
geeki,0.0002610737692788,en,southpark
unaltered,0.0002610737692788,en,southpark
chattanooga,0.0002610737692788,en,southpark
beddy,0.0002610737692788,en,southpark
bizzare,0.0002610737692788,en,southpark
fant,0.0002610737692788,en,southpark
yessss,0.0002610737692788,en,southpark
karn,0.0002610737692788,en,southpark
sorter,0.0002610737692788,en,southpark
gue,0.0002610737692788,en,southpark
spazze,0.0002610737692788,en,southpark
headlining,0.0002610737692788,en,southpark
frontin,0.0002610737692788,en,southpark
halloway,0.0002610737692788,en,southpark
revelry,0.0002610737692788,en,southpark
tol,0.0002610737692788,en,southpark
seore,0.0002610737692788,en,southpark
skidmark,0.0002610737692788,en,southpark
beanery,0.0002610737692788,en,southpark
haggi,0.0002610737692788,en,southpark
knish,0.0002610737692788,en,southpark
gluck,0.0002610737692788,en,southpark
leftist,0.0002610737692788,en,southpark
nite,0.0002610737692788,en,southpark
complainin,0.0002610737692788,en,southpark
ude,0.0002610737692788,en,southpark
mindlessly,0.0002610737692788,en,southpark
unprovoke,0.0002610737692788,en,southpark
headstart,0.0002610737692788,en,southpark
lucas,0.0002610737692788,en,southpark
abandoner,0.0002610737692788,en,southpark
fasion,0.0002610737692788,en,southpark
unappealing,0.0002610737692788,en,southpark
infliction,0.0002610737692788,en,southpark
atla,0.0002610737692788,en,southpark
opinionated,0.0002610737692788,en,southpark
partyin,0.0002610737692788,en,southpark
grenadine,0.0002610737692788,en,southpark
greenleaf,0.0002610737692788,en,southpark
ofer,0.0002610737692788,en,southpark
frogman,0.0002610737692788,en,southpark
oversensitive,0.0002610737692788,en,southpark
literate,0.0002610737692788,en,southpark
dasher,0.0002610737692788,en,southpark
stylistic,0.0002610737692788,en,southpark
forman,0.0002610737692788,en,southpark
butternut,0.0002610737692788,en,southpark
ase,0.0002610737692788,en,southpark
funnier,0.0002610737692788,en,southpark
gooood,0.0002610737692788,en,southpark
women,0.0002610737692788,en,southpark
alder,0.0002610737692788,en,southpark
yew,0.0002610737692788,en,southpark
voluminous,0.0002610737692788,en,southpark
reow,0.0002610737692788,en,southpark
fargo,0.0002610737692788,en,southpark
sai,0.0002610737692788,en,southpark
meatier,0.0002610737692788,en,southpark
strikingly,0.0002610737692788,en,southpark
danforth,0.0002610737692788,en,southpark
dwarfism,0.0002610737692788,en,southpark
staight,0.0002610737692788,en,southpark
afterbirth,0.0002610737692788,en,southpark
recieve,0.0002610737692788,en,southpark
awsome,0.0002610737692788,en,southpark
wierd,0.0002610737692788,en,southpark
rightie,0.0002610737692788,en,southpark
fireplace,0.0002606489692641,en,southpark
ste,0.0002606489692641,en,southpark
floss,0.0002606489692641,en,southpark
strengthen,0.0002606489692641,en,southpark
fortress,0.0002606489692641,en,southpark
imaging,0.0002606489692641,en,southpark
rein,0.0002606489692641,en,southpark
respected,0.0002606489692641,en,southpark
bloodshed,0.0002606489692641,en,southpark
socket,0.0002606489692641,en,southpark
lucrative,0.0002606489692641,en,southpark
printer,0.0002606489692641,en,southpark
tingle,0.0002606489692641,en,southpark
ten,0.0002606489692641,en,southpark
broadway,0.0002606489692641,en,southpark
heated,0.0002606489692641,en,southpark
fiery,0.0002606489692641,en,southpark
doodle,0.0002606489692641,en,southpark
frustrate,0.0002606489692641,en,southpark
foremost,0.0002606489692641,en,southpark
greatness,0.0002606489692641,en,southpark
manual,0.0002594748525611,en,southpark
motel,0.0002594748525611,en,southpark
moron,0.0002594748525611,en,southpark
accent,0.0002594748525611,en,southpark
bitter,0.0002594748525611,en,southpark
awfully,0.0002594748525611,en,southpark
theft,0.0002594748525611,en,southpark
wolf,0.0002594748525611,en,southpark
rush,0.0002588218149648,en,southpark
bugger,0.0002575141878973,en,southpark
warfare,0.0002575141878973,en,southpark
domain,0.0002575141878973,en,southpark
aluminum,0.0002575141878973,en,southpark
hyper,0.0002575141878973,en,southpark
swab,0.0002575141878973,en,southpark
neutralize,0.0002575141878973,en,southpark
imminent,0.0002575141878973,en,southpark
scorpion,0.0002575141878973,en,southpark
fatty,0.0002575141878973,en,southpark
splinter,0.0002575141878973,en,southpark
blee,0.0002575141878973,en,southpark
schoolgirl,0.0002575141878973,en,southpark
reside,0.0002575141878973,en,southpark
burrito,0.0002575141878973,en,southpark
goodwill,0.0002575141878973,en,southpark
partly,0.0002575141878973,en,southpark
minimum,0.0002572286947701,en,southpark
furniture,0.0002572286947701,en,southpark
protective,0.0002572286947701,en,southpark
boil,0.0002572286947701,en,southpark
maid,0.0002572286947701,en,southpark
industry,0.0002572286947701,en,southpark
shoulder,0.0002567504828916,en,southpark
forgiveness,0.0002550107912859,en,southpark
satisfied,0.0002550107912859,en,southpark
electricity,0.0002550107912859,en,southpark
flee,0.0002550107912859,en,southpark
starter,0.0002550107912859,en,southpark
swift,0.0002544608387019,en,southpark
beware,0.0002544608387019,en,southpark
shoulda,0.0002544608387019,en,southpark
batman,0.0002544608387019,en,southpark
selling,0.0002544608387019,en,southpark
fraction,0.0002544608387019,en,southpark
sous,0.0002544608387019,en,southpark
greed,0.0002544608387019,en,southpark
unplug,0.0002544608387019,en,southpark
bumpy,0.0002544608387019,en,southpark
destruct,0.0002544608387019,en,southpark
forgave,0.0002544608387019,en,southpark
manly,0.0002544608387019,en,southpark
childish,0.0002544608387019,en,southpark
washing,0.0002544608387019,en,southpark
masse,0.0002544608387019,en,southpark
cleanup,0.0002544608387019,en,southpark
biblical,0.0002544608387019,en,southpark
republic,0.0002544608387019,en,southpark
protocol,0.0002528204401109,en,southpark
manipulate,0.0002528204401109,en,southpark
recovery,0.0002528204401109,en,southpark
importantly,0.0002528204401109,en,southpark
vodka,0.0002528204401109,en,southpark
vital,0.0002528204401109,en,southpark
lend,0.0002528204401109,en,southpark
slack,0.0002528204401109,en,southpark
exclude,0.0002514847978517,en,southpark
lunchtime,0.0002514847978517,en,southpark
annie,0.0002514847978517,en,southpark
tiffany,0.0002514847978517,en,southpark
cone,0.0002514847978517,en,southpark
ammunition,0.0002514847978517,en,southpark
delighted,0.0002514847978517,en,southpark
caucasian,0.0002514847978517,en,southpark
freshen,0.0002514847978517,en,southpark
ale,0.0002514847978517,en,southpark
traveler,0.0002514847978517,en,southpark
ted,0.0002514847978517,en,southpark
pun,0.0002514847978517,en,southpark
acute,0.0002514847978517,en,southpark
decay,0.0002514847978517,en,southpark
touchdown,0.0002514847978517,en,southpark
restore,0.0002506569650891,en,southpark
relation,0.0002506569650891,en,southpark
spike,0.0002506569650891,en,southpark
pierce,0.0002506569650891,en,southpark
commission,0.0002506569650891,en,southpark
shrink,0.0002506569650891,en,southpark
palm,0.0002506569650891,en,southpark
brutal,0.0002506569650891,en,southpark
knack,0.0002485822470538,en,southpark
unborn,0.0002485822470538,en,southpark
flawless,0.0002485822470538,en,southpark
replay,0.0002485822470538,en,southpark
theoretically,0.0002485822470538,en,southpark
revise,0.0002485822470538,en,southpark
sayin,0.0002485822470538,en,southpark
idle,0.0002485822470538,en,southpark
mickey,0.0002485822470538,en,southpark
carriage,0.0002485822470538,en,southpark
fairness,0.0002485822470538,en,southpark
cement,0.0002485822470538,en,southpark
sunday,0.0002485822470538,en,southpark
gigantic,0.0002485822470538,en,southpark
politic,0.000248519714653,en,southpark
limited,0.000248519714653,en,southpark
secretary,0.000248519714653,en,southpark
haggard,0.0002479588044175,en,southpark
aerosmith,0.0002479588044175,en,southpark
underaged,0.0002479588044175,en,southpark
jobless,0.0002479588044175,en,southpark
gow,0.0002479588044175,en,southpark
dirtball,0.0002479588044175,en,southpark
caesarean,0.0002479588044175,en,southpark
rotted,0.0002479588044175,en,southpark
vietcong,0.0002479588044175,en,southpark
yippy,0.0002479588044175,en,southpark
doner,0.0002479588044175,en,southpark
tossin,0.0002479588044175,en,southpark
akward,0.0002479588044175,en,southpark
galahad,0.0002479588044175,en,southpark
aaaah,0.0002479588044175,en,southpark
steamboat,0.0002479588044175,en,southpark
greenfield,0.0002479588044175,en,southpark
siskel,0.0002479588044175,en,southpark
layaway,0.0002479588044175,en,southpark
polynesia,0.0002479588044175,en,southpark
beee,0.0002479588044175,en,southpark
schoolchildren,0.0002479588044175,en,southpark
hotbed,0.0002479588044175,en,southpark
palestinian,0.0002479588044175,en,southpark
waltzing,0.0002479588044175,en,southpark
wien,0.0002479588044175,en,southpark
glacier,0.0002479588044175,en,southpark
refueling,0.0002479588044175,en,southpark
frightful,0.0002479588044175,en,southpark
poorhouse,0.0002479588044175,en,southpark
adversely,0.0002479588044175,en,southpark
hink,0.0002479588044175,en,southpark
tike,0.0002479588044175,en,southpark
sti,0.0002479588044175,en,southpark
gonne,0.0002479588044175,en,southpark
onscreen,0.0002479588044175,en,southpark
stoppage,0.0002479588044175,en,southpark
bulbous,0.0002479588044175,en,southpark
filmmake,0.0002479588044175,en,southpark
northeastern,0.0002479588044175,en,southpark
thougt,0.0002479588044175,en,southpark
wop,0.0002479588044175,en,southpark
fuente,0.0002479588044175,en,southpark
brash,0.0002479588044175,en,southpark
goingn,0.0002479588044175,en,southpark
landis,0.0002479588044175,en,southpark
sso,0.0002479588044175,en,southpark
integrated,0.0002479588044175,en,southpark
psh,0.0002479588044175,en,southpark
midsection,0.0002479588044175,en,southpark
bacardi,0.0002479588044175,en,southpark
yorkshire,0.0002479588044175,en,southpark
meeee,0.0002479588044175,en,southpark
alphonse,0.0002479588044175,en,southpark
inopportune,0.0002479588044175,en,southpark
inefficiency,0.0002479588044175,en,southpark
slippy,0.0002479588044175,en,southpark
rugge,0.0002479588044175,en,southpark
incan,0.0002479588044175,en,southpark
mommie,0.0002479588044175,en,southpark
voiceover,0.0002479588044175,en,southpark
yappin,0.0002479588044175,en,southpark
elation,0.0002479588044175,en,southpark
dja,0.0002479588044175,en,southpark
slaughtering,0.0002479588044175,en,southpark
wormy,0.0002479588044175,en,southpark
velociraptor,0.0002479588044175,en,southpark
wah,0.0002479588044175,en,southpark
comeuppance,0.0002479588044175,en,southpark
vatican,0.0002479588044175,en,southpark
bigoted,0.0002479588044175,en,southpark
nastie,0.0002479588044175,en,southpark
jamb,0.0002479588044175,en,southpark
normality,0.0002479588044175,en,southpark
utterance,0.0002479588044175,en,southpark
cucaracha,0.0002479588044175,en,southpark
mountainous,0.0002479588044175,en,southpark
meas,0.0002479588044175,en,southpark
cultist,0.0002479588044175,en,southpark
weeklong,0.0002479588044175,en,southpark
colosseum,0.0002479588044175,en,southpark
flavorless,0.0002479588044175,en,southpark
kazoo,0.0002479588044175,en,southpark
blinding,0.0002479588044175,en,southpark
puzzled,0.0002479588044175,en,southpark
abou,0.0002479588044175,en,southpark
yapper,0.0002479588044175,en,southpark
hardback,0.0002479588044175,en,southpark
uncaring,0.0002479588044175,en,southpark
minuscule,0.0002479588044175,en,southpark
tonka,0.0002479588044175,en,southpark
wienie,0.0002479588044175,en,southpark
detestable,0.0002479588044175,en,southpark
lookee,0.0002479588044175,en,southpark
lakewood,0.0002479588044175,en,southpark
automaton,0.0002479588044175,en,southpark
unsatisfactory,0.0002479588044175,en,southpark
mala,0.0002479588044175,en,southpark
repackage,0.0002479588044175,en,southpark
distill,0.0002479588044175,en,southpark
ust,0.0002479588044175,en,southpark
warnin,0.0002479588044175,en,southpark
soldering,0.0002479588044175,en,southpark
manipulating,0.0002479588044175,en,southpark
longstocking,0.0002479588044175,en,southpark
pippi,0.0002479588044175,en,southpark
hollering,0.0002479588044175,en,southpark
lsat,0.0002479588044175,en,southpark
roxie,0.0002479588044175,en,southpark
tepee,0.0002479588044175,en,southpark
wheatgrass,0.0002479588044175,en,southpark
annoucement,0.0002479588044175,en,southpark
dawning,0.0002479588044175,en,southpark
dumont,0.0002479588044175,en,southpark
subtraction,0.0002479588044175,en,southpark
shou,0.0002479588044175,en,southpark
lookt,0.0002479588044175,en,southpark
kal,0.0002479588044175,en,southpark
pompadour,0.0002479588044175,en,southpark
unmove,0.0002479588044175,en,southpark
dispensary,0.0002479588044175,en,southpark
revised,0.0002479588044175,en,southpark
excalibur,0.0002479588044175,en,southpark
dieting,0.0002479588044175,en,southpark
hobbie,0.0002479588044175,en,southpark
woodwind,0.0002479588044175,en,southpark
cheney,0.0002479588044175,en,southpark
miley,0.0002479588044175,en,southpark
satire,0.0002479588044175,en,southpark
situational,0.0002479588044175,en,southpark
lve,0.0002479588044175,en,southpark
buncha,0.0002479588044175,en,southpark
trespassin,0.0002479588044175,en,southpark
mannerism,0.0002479588044175,en,southpark
torturing,0.0002479588044175,en,southpark
imbibe,0.0002479588044175,en,southpark
bipedal,0.0002479588044175,en,southpark
moly,0.0002479588044175,en,southpark
twinkling,0.0002479588044175,en,southpark
shallowness,0.0002479588044175,en,southpark
plummer,0.0002479588044175,en,southpark
wiley,0.0002479588044175,en,southpark
somer,0.0002479588044175,en,southpark
comi,0.0002479588044175,en,southpark
woodcock,0.0002479588044175,en,southpark
poofy,0.0002479588044175,en,southpark
quill,0.0002479588044175,en,southpark
tryto,0.0002479588044175,en,southpark
disposing,0.0002479588044175,en,southpark
uncontrolle,0.0002479588044175,en,southpark
fuhrer,0.0002479588044175,en,southpark
wetness,0.0002479588044175,en,southpark
charging,0.0002479588044175,en,southpark
maturely,0.0002479588044175,en,southpark
crestview,0.0002479588044175,en,southpark
fon,0.0002479588044175,en,southpark
splotch,0.0002479588044175,en,southpark
arrr,0.0002479588044175,en,southpark
bor,0.0002479588044175,en,southpark
homerun,0.0002479588044175,en,southpark
unfixable,0.0002479588044175,en,southpark
traumatizing,0.0002479588044175,en,southpark
hating,0.0002479588044175,en,southpark
euphoric,0.0002479588044175,en,southpark
hootie,0.0002479588044175,en,southpark
preschooler,0.0002479588044175,en,southpark
alzheim,0.0002479588044175,en,southpark
unspoiled,0.0002479588044175,en,southpark
prescribing,0.0002479588044175,en,southpark
centrifugal,0.0002479588044175,en,southpark
rockstar,0.0002479588044175,en,southpark
humpin,0.0002479588044175,en,southpark
fleetwood,0.0002479588044175,en,southpark
asset,0.0002464080606461,en,southpark
execute,0.0002464080606461,en,southpark
embrace,0.0002464080606461,en,southpark
behalf,0.0002464080606461,en,southpark
quietly,0.0002464080606461,en,southpark
immortal,0.0002457496440918,en,southpark
plaster,0.0002457496440918,en,southpark
tangle,0.0002457496440918,en,southpark
inspect,0.0002457496440918,en,southpark
por,0.0002457496440918,en,southpark
mislead,0.0002457496440918,en,southpark
signing,0.0002457496440918,en,southpark
reform,0.0002457496440918,en,southpark
madame,0.0002457496440918,en,southpark
mil,0.0002457496440918,en,southpark
entertaining,0.0002457496440918,en,southpark
residue,0.0002457496440918,en,southpark
listener,0.0002457496440918,en,southpark
cling,0.0002457496440918,en,southpark
default,0.0002457496440918,en,southpark
mercenary,0.0002457496440918,en,southpark
crane,0.0002457496440918,en,southpark
screwdriver,0.0002457496440918,en,southpark
packet,0.0002457496440918,en,southpark
corpse,0.0002443213972142,en,southpark
strictly,0.0002443213972142,en,southpark
mug,0.0002443213972142,en,southpark
shakespeare,0.000242983696836,en,southpark
plunge,0.000242983696836,en,southpark
brink,0.000242983696836,en,southpark
slay,0.000242983696836,en,southpark
hurricane,0.000242983696836,en,southpark
frown,0.000242983696836,en,southpark
entity,0.000242983696836,en,southpark
workplace,0.000242983696836,en,southpark
swiss,0.000242983696836,en,southpark
dependent,0.000242983696836,en,southpark
differ,0.000242983696836,en,southpark
monthly,0.000242983696836,en,southpark
sterile,0.000242983696836,en,southpark
amaze,0.000242983696836,en,southpark
flawed,0.000242983696836,en,southpark
regularly,0.000242983696836,en,southpark
witty,0.000242983696836,en,southpark
sincerely,0.000242983696836,en,southpark
daily,0.0002422591397624,en,southpark
whack,0.0002422591397624,en,southpark
storage,0.0002422591397624,en,southpark
loyal,0.0002422591397624,en,southpark
noon,0.0002422591397624,en,southpark
tempt,0.0002422591397624,en,southpark
overload,0.0002402813402416,en,southpark
enthusiasm,0.0002402813402416,en,southpark
establishment,0.0002402813402416,en,southpark
suffice,0.0002402813402416,en,southpark
spouse,0.0002402813402416,en,southpark
socially,0.0002402813402416,en,southpark
retail,0.0002402813402416,en,southpark
implement,0.0002402813402416,en,southpark
groove,0.0002402813402416,en,southpark
anticipation,0.0002402813402416,en,southpark
masterpiece,0.0002402813402416,en,southpark
taker,0.0002402813402416,en,southpark
gutter,0.0002402813402416,en,southpark
bliss,0.0002402813402416,en,southpark
install,0.0002402813402416,en,southpark
horn,0.0002402207239713,en,southpark
superior,0.0002402207239713,en,southpark
deposit,0.0002402207239713,en,southpark
dawn,0.0002402207239713,en,southpark
necessarily,0.0002402207239713,en,southpark
hiding,0.0002402207239713,en,southpark
grief,0.0002402207239713,en,southpark
lane,0.0002402207239713,en,southpark
shell,0.0002402207239713,en,southpark
scar,0.0002382056048708,en,southpark
relocate,0.0002376397159321,en,southpark
courtroom,0.0002376397159321,en,southpark
reinstate,0.0002376397159321,en,southpark
triumph,0.0002376397159321,en,southpark
maggie,0.0002376397159321,en,southpark
nip,0.0002376397159321,en,southpark
mike,0.0002376397159321,en,southpark
rust,0.0002376397159321,en,southpark
barbie,0.0002376397159321,en,southpark
speculate,0.0002376397159321,en,southpark
isolated,0.0002376397159321,en,southpark
tyler,0.0002376397159321,en,southpark
gram,0.0002376397159321,en,southpark
kneel,0.0002376397159321,en,southpark
bingo,0.0002376397159321,en,southpark
flop,0.0002376397159321,en,southpark
roughly,0.0002376397159321,en,southpark
severely,0.0002376397159321,en,southpark
spiral,0.0002376397159321,en,southpark
cumulative,0.0002372430978836,en,southpark
embarasse,0.0002372430978836,en,southpark
microbrew,0.0002372430978836,en,southpark
lyrical,0.0002372430978836,en,southpark
beause,0.0002372430978836,en,southpark
cutlet,0.0002372430978836,en,southpark
soliloquy,0.0002372430978836,en,southpark
grrrr,0.0002372430978836,en,southpark
mapquest,0.0002372430978836,en,southpark
merging,0.0002372430978836,en,southpark
blabber,0.0002372430978836,en,southpark
ror,0.0002372430978836,en,southpark
nutmeg,0.0002372430978836,en,southpark
weirdoe,0.0002372430978836,en,southpark
masher,0.0002372430978836,en,southpark
discerning,0.0002372430978836,en,southpark
vhs,0.0002372430978836,en,southpark
outbound,0.0002372430978836,en,southpark
chupacabra,0.0002372430978836,en,southpark
begat,0.0002372430978836,en,southpark
macdonald,0.0002372430978836,en,southpark
rin,0.0002372430978836,en,southpark
birkenstock,0.0002372430978836,en,southpark
atwater,0.0002372430978836,en,southpark
senseles,0.0002372430978836,en,southpark
geraldo,0.0002372430978836,en,southpark
overwhelmingly,0.0002372430978836,en,southpark
darned,0.0002372430978836,en,southpark
stoppin,0.0002372430978836,en,southpark
squiggly,0.0002372430978836,en,southpark
stocky,0.0002372430978836,en,southpark
hagar,0.0002372430978836,en,southpark
skinless,0.0002372430978836,en,southpark
disfigurement,0.0002372430978836,en,southpark
confes,0.0002372430978836,en,southpark
castillo,0.0002372430978836,en,southpark
haveany,0.0002372430978836,en,southpark
lynching,0.0002372430978836,en,southpark
tet,0.0002372430978836,en,southpark
perseus,0.0002372430978836,en,southpark
knew,0.0002372430978836,en,southpark
sona,0.0002372430978836,en,southpark
peopleare,0.0002372430978836,en,southpark
attendee,0.0002372430978836,en,southpark
aborigine,0.0002372430978836,en,southpark
carefull,0.0002372430978836,en,southpark
michel,0.0002372430978836,en,southpark
pinto,0.0002372430978836,en,southpark
maliciously,0.0002372430978836,en,southpark
suggestive,0.0002372430978836,en,southpark
morn,0.0002372430978836,en,southpark
rallying,0.0002372430978836,en,southpark
unwavere,0.0002372430978836,en,southpark
stony,0.0002372430978836,en,southpark
matchup,0.0002372430978836,en,southpark
waitstaff,0.0002372430978836,en,southpark
frowny,0.0002372430978836,en,southpark
mofo,0.0002372430978836,en,southpark
osmond,0.0002372430978836,en,southpark
multimillion,0.0002372430978836,en,southpark
redcoat,0.0002372430978836,en,southpark
helter,0.0002372430978836,en,southpark
skelter,0.0002372430978836,en,southpark
elderberry,0.0002372430978836,en,southpark
hmmm,0.0002372430978836,en,southpark
breadth,0.0002372430978836,en,southpark
teary,0.0002372430978836,en,southpark
nah,0.0002372430978836,en,southpark
spitball,0.0002372430978836,en,southpark
mckay,0.0002372430978836,en,southpark
pickaxe,0.0002372430978836,en,southpark
airtime,0.0002372430978836,en,southpark
shining,0.0002372430978836,en,southpark
quebec,0.0002372430978836,en,southpark
collecting,0.0002372430978836,en,southpark
tetherball,0.0002372430978836,en,southpark
comedic,0.0002372430978836,en,southpark
tare,0.0002372430978836,en,southpark
flatulence,0.0002372430978836,en,southpark
matte,0.0002372430978836,en,southpark
mongol,0.0002372430978836,en,southpark
usted,0.0002372430978836,en,southpark
filibuster,0.0002372430978836,en,southpark
mcelroy,0.0002372430978836,en,southpark
dialog,0.0002372430978836,en,southpark
marisa,0.0002372430978836,en,southpark
ben,0.0002372430978836,en,southpark
andromeda,0.0002372430978836,en,southpark
jesus,0.0002372430978836,en,southpark
flotation,0.0002372430978836,en,southpark
fractal,0.0002372430978836,en,southpark
paypal,0.0002372430978836,en,southpark
rama,0.0002372430978836,en,southpark
eake,0.0002372430978836,en,southpark
ello,0.0002372430978836,en,southpark
kidman,0.0002372430978836,en,southpark
truely,0.0002372430978836,en,southpark
vigilantism,0.0002372430978836,en,southpark
rapscallion,0.0002372430978836,en,southpark
tubbing,0.0002372430978836,en,southpark
cleanin,0.0002372430978836,en,southpark
preoccupation,0.0002372430978836,en,southpark
richardson,0.0002372430978836,en,southpark
leading,0.0002372430978836,en,southpark
accomodate,0.0002372430978836,en,southpark
colostomy,0.0002372430978836,en,southpark
spendin,0.0002372430978836,en,southpark
seti,0.0002372430978836,en,southpark
fink,0.0002372430978836,en,southpark
peni,0.0002372430978836,en,southpark
arbitrarily,0.0002372430978836,en,southpark
keanu,0.0002372430978836,en,southpark
brentwood,0.0002372430978836,en,southpark
hyah,0.0002372430978836,en,southpark
enslavement,0.0002372430978836,en,southpark
underachieving,0.0002372430978836,en,southpark
brooding,0.0002372430978836,en,southpark
mee,0.0002372430978836,en,southpark
whatta,0.0002372430978836,en,southpark
redenbacher,0.0002372430978836,en,southpark
ridden,0.0002372430978836,en,southpark
looser,0.0002372430978836,en,southpark
godly,0.0002372430978836,en,southpark
huck,0.0002372430978836,en,southpark
choco,0.0002372430978836,en,southpark
trillion,0.0002372430978836,en,southpark
paved,0.0002372430978836,en,southpark
dup,0.0002372430978836,en,southpark
whoopsie,0.0002372430978836,en,southpark
jumbotron,0.0002372430978836,en,southpark
detract,0.0002372430978836,en,southpark
reggae,0.0002372430978836,en,southpark
neath,0.0002372430978836,en,southpark
antimatter,0.0002372430978836,en,southpark
haire,0.0002372430978836,en,southpark
taping,0.0002372430978836,en,southpark
fearlessly,0.0002372430978836,en,southpark
inglewood,0.0002372430978836,en,southpark
pissin,0.0002372430978836,en,southpark
pittance,0.0002372430978836,en,southpark
nog,0.0002372430978836,en,southpark
commissary,0.0002372430978836,en,southpark
leno,0.0002372430978836,en,southpark
tennille,0.0002372430978836,en,southpark
yor,0.0002372430978836,en,southpark
transylvania,0.0002372430978836,en,southpark
brokenhearted,0.0002372430978836,en,southpark
garret,0.0002372430978836,en,southpark
financial,0.0002362132559649,en,southpark
steady,0.0002362132559649,en,southpark
vulnerable,0.0002362132559649,en,southpark
blonde,0.0002362132559649,en,southpark
awkward,0.0002362132559649,en,southpark
data,0.0002350561540267,en,southpark
ridge,0.0002350561540267,en,southpark
expel,0.0002350561540267,en,southpark
peer,0.0002350561540267,en,southpark
arouse,0.0002350561540267,en,southpark
shortcut,0.0002350561540267,en,southpark
parlor,0.0002350561540267,en,southpark
mute,0.0002350561540267,en,southpark
mustard,0.0002350561540267,en,southpark
insect,0.0002350561540267,en,southpark
valet,0.0002350561540267,en,southpark
gloat,0.0002350561540267,en,southpark
billionaire,0.0002350561540267,en,southpark
sanctuary,0.0002350561540267,en,southpark
slightly,0.0002342431684065,en,southpark
territory,0.0002342431684065,en,southpark
confident,0.0002342431684065,en,southpark
underground,0.0002342431684065,en,southpark
hairy,0.0002325281569225,en,southpark
cardiac,0.0002325281569225,en,southpark
torment,0.0002325281569225,en,southpark
ramp,0.0002325281569225,en,southpark
windshield,0.0002325281569225,en,southpark
headquarters,0.0002325281569225,en,southpark
inheritance,0.0002325281569225,en,southpark
sideline,0.0002325281569225,en,southpark
crook,0.0002325281569225,en,southpark
elite,0.0002325281569225,en,southpark
interact,0.0002325281569225,en,southpark
substantial,0.0002325281569225,en,southpark
commence,0.0002325281569225,en,southpark
contagious,0.0002325281569225,en,southpark
honk,0.0002325281569225,en,southpark
terrorize,0.0002325281569225,en,southpark
genuinely,0.0002325281569225,en,southpark
zap,0.0002325281569225,en,southpark
gender,0.0002325281569225,en,southpark
coaster,0.0002325281569225,en,southpark
detonate,0.0002325281569225,en,southpark
ryan,0.0002325281569225,en,southpark
bounce,0.0002322948502168,en,southpark
whisper,0.0002303678255484,en,southpark
typical,0.0002303678255484,en,southpark
relieve,0.0002303678255484,en,southpark
unique,0.0002303678255484,en,southpark
critic,0.000230053384784,en,southpark
frost,0.000230053384784,en,southpark
roman,0.000230053384784,en,southpark
rite,0.000230053384784,en,southpark
feminine,0.000230053384784,en,southpark
ambassador,0.000230053384784,en,southpark
vial,0.000230053384784,en,southpark
ribbon,0.000230053384784,en,southpark
supermarket,0.000230053384784,en,southpark
prosecution,0.000230053384784,en,southpark
newborn,0.000230053384784,en,southpark
flake,0.000230053384784,en,southpark
psychiatric,0.000230053384784,en,southpark
broom,0.000230053384784,en,southpark
buzz,0.000228461633987,en,southpark
smooth,0.000228461633987,en,southpark
leak,0.000228461633987,en,southpark
slam,0.000228461633987,en,southpark
murph,0.0002281830971022,en,southpark
disintegration,0.0002281830971022,en,southpark
unforgiving,0.0002281830971022,en,southpark
heard,0.0002281830971022,en,southpark
kearn,0.0002281830971022,en,southpark
quadriplegic,0.0002281830971022,en,southpark
pepto,0.0002281830971022,en,southpark
slurpee,0.0002281830971022,en,southpark
slater,0.0002281830971022,en,southpark
divisive,0.0002281830971022,en,southpark
unexplored,0.0002281830971022,en,southpark
clams,0.0002281830971022,en,southpark
yello,0.0002281830971022,en,southpark
wishin,0.0002281830971022,en,southpark
euthanasia,0.0002281830971022,en,southpark
auschwitz,0.0002281830971022,en,southpark
denote,0.0002281830971022,en,southpark
ate,0.0002281830971022,en,southpark
unnerved,0.0002281830971022,en,southpark
roni,0.0002281830971022,en,southpark
sniffing,0.0002281830971022,en,southpark
excellency,0.0002281830971022,en,southpark
everythin,0.0002281830971022,en,southpark
jonesy,0.0002281830971022,en,southpark
bergman,0.0002281830971022,en,southpark
melanin,0.0002281830971022,en,southpark
danno,0.0002281830971022,en,southpark
daffy,0.0002281830971022,en,southpark
shockwave,0.0002281830971022,en,southpark
seamlessly,0.0002281830971022,en,southpark
squall,0.0002281830971022,en,southpark
handjob,0.0002281830971022,en,southpark
dougie,0.0002281830971022,en,southpark
punky,0.0002281830971022,en,southpark
jabba,0.0002281830971022,en,southpark
cronkite,0.0002281830971022,en,southpark
retrain,0.0002281830971022,en,southpark
frankincense,0.0002281830971022,en,southpark
onlooker,0.0002281830971022,en,southpark
monotony,0.0002281830971022,en,southpark
offstage,0.0002281830971022,en,southpark
fuckhead,0.0002281830971022,en,southpark
cleo,0.0002281830971022,en,southpark
damning,0.0002281830971022,en,southpark
highschool,0.0002281830971022,en,southpark
throng,0.0002281830971022,en,southpark
sportsmanship,0.0002281830971022,en,southpark
sommer,0.0002281830971022,en,southpark
daunting,0.0002281830971022,en,southpark
ele,0.0002281830971022,en,southpark
debater,0.0002281830971022,en,southpark
keenan,0.0002281830971022,en,southpark
anchorman,0.0002281830971022,en,southpark
meetin,0.0002281830971022,en,southpark
immaturity,0.0002281830971022,en,southpark
kringle,0.0002281830971022,en,southpark
brighter,0.0002281830971022,en,southpark
gook,0.0002281830971022,en,southpark
contort,0.0002281830971022,en,southpark
feminism,0.0002281830971022,en,southpark
prevalent,0.0002281830971022,en,southpark
outcry,0.0002281830971022,en,southpark
taliban,0.0002281830971022,en,southpark
doodie,0.0002281830971022,en,southpark
dominique,0.0002281830971022,en,southpark
fisting,0.0002281830971022,en,southpark
ope,0.0002281830971022,en,southpark
octave,0.0002281830971022,en,southpark
unintereste,0.0002281830971022,en,southpark
juniper,0.0002281830971022,en,southpark
dinger,0.0002281830971022,en,southpark
haw,0.0002281830971022,en,southpark
ladie,0.0002281830971022,en,southpark
figurative,0.0002281830971022,en,southpark
piehole,0.0002281830971022,en,southpark
transitive,0.0002281830971022,en,southpark
insensitivity,0.0002281830971022,en,southpark
weensy,0.0002281830971022,en,southpark
feared,0.0002281830971022,en,southpark
greenish,0.0002281830971022,en,southpark
fifteenth,0.0002281830971022,en,southpark
klan,0.0002281830971022,en,southpark
honker,0.0002281830971022,en,southpark
som,0.0002281830971022,en,southpark
reaffirm,0.0002281830971022,en,southpark
donde,0.0002281830971022,en,southpark
meteorology,0.0002281830971022,en,southpark
calico,0.0002281830971022,en,southpark
webmaster,0.0002281830971022,en,southpark
flounder,0.0002281830971022,en,southpark
thy,0.0002281830971022,en,southpark
swimmin,0.0002281830971022,en,southpark
unchain,0.0002281830971022,en,southpark
unquestione,0.0002281830971022,en,southpark
thc,0.0002281830971022,en,southpark
candyland,0.0002281830971022,en,southpark
mechanized,0.0002281830971022,en,southpark
expletive,0.0002281830971022,en,southpark
endowment,0.0002281830971022,en,southpark
cleric,0.0002281830971022,en,southpark
gazette,0.0002281830971022,en,southpark
lem,0.0002281830971022,en,southpark
whaler,0.0002281830971022,en,southpark
woodpecker,0.0002281830971022,en,southpark
extravaganza,0.0002281830971022,en,southpark
humidifier,0.0002281830971022,en,southpark
martial,0.0002276296425289,en,southpark
unemployed,0.0002276296425289,en,southpark
firearm,0.0002276296425289,en,southpark
override,0.0002276296425289,en,southpark
fried,0.0002276296425289,en,southpark
narcotic,0.0002276296425289,en,southpark
unstoppable,0.0002276296425289,en,southpark
margarita,0.0002276296425289,en,southpark
numerous,0.0002276296425289,en,southpark
axe,0.0002276296425289,en,southpark
comfy,0.0002276296425289,en,southpark
retain,0.0002276296425289,en,southpark
achievement,0.0002276296425289,en,southpark
womb,0.0002276296425289,en,southpark
leash,0.0002276296425289,en,southpark
roar,0.0002252548681291,en,southpark
nurture,0.0002252548681291,en,southpark
cocaine,0.0002252548681291,en,southpark
parasite,0.0002252548681291,en,southpark
jake,0.0002252548681291,en,southpark
tweak,0.0002252548681291,en,southpark
briefly,0.0002252548681291,en,southpark
massacre,0.0002252548681291,en,southpark
delusion,0.0002252548681291,en,southpark
veteran,0.0002252548681291,en,southpark
rooftop,0.0002252548681291,en,southpark
jason,0.0002252548681291,en,southpark
trading,0.0002252548681291,en,southpark
avenge,0.0002252548681291,en,southpark
effective,0.0002247099817704,en,southpark
confidence,0.0002247099817704,en,southpark
generous,0.0002247099817704,en,southpark
presence,0.0002247099817704,en,southpark
fund,0.0002247099817704,en,southpark
copper,0.0002229271220695,en,southpark
riding,0.0002229271220695,en,southpark
dressed,0.0002229271220695,en,southpark
proposition,0.0002229271220695,en,southpark
oak,0.0002229271220695,en,southpark
horny,0.0002229271220695,en,southpark
kidnapper,0.0002229271220695,en,southpark
promising,0.0002229271220695,en,southpark
sushi,0.0002229271220695,en,southpark
resolution,0.0002229271220695,en,southpark
sentiment,0.0002229271220695,en,southpark
inmate,0.0002229271220695,en,southpark
ungrateful,0.0002229271220695,en,southpark
telling,0.0002229271220695,en,southpark
cellar,0.0002229271220695,en,southpark
sorrow,0.0002229271220695,en,southpark
incompetent,0.0002229271220695,en,southpark
overnight,0.0002228636716843,en,southpark
charity,0.0002210364946894,en,southpark
literature,0.0002206445778311,en,southpark
dryer,0.0002206445778311,en,southpark
clarify,0.0002206445778311,en,southpark
newly,0.0002206445778311,en,southpark
stun,0.0002206445778311,en,southpark
plasma,0.0002206445778311,en,southpark
waiter,0.0002206445778311,en,southpark
souvenir,0.0002206445778311,en,southpark
lookout,0.0002206445778311,en,southpark
eyewitness,0.0002206445778311,en,southpark
tgo,0.0002203349674483,en,southpark
eeny,0.0002203349674483,en,southpark
hoodlum,0.0002203349674483,en,southpark
incarnate,0.0002203349674483,en,southpark
monterey,0.0002203349674483,en,southpark
pourquoi,0.0002203349674483,en,southpark
prominently,0.0002203349674483,en,southpark
america,0.0002203349674483,en,southpark
gatherer,0.0002203349674483,en,southpark
unsung,0.0002203349674483,en,southpark
feet,0.0002203349674483,en,southpark
yokel,0.0002203349674483,en,southpark
marley,0.0002203349674483,en,southpark
softness,0.0002203349674483,en,southpark
maj,0.0002203349674483,en,southpark
bigtime,0.0002203349674483,en,southpark
cesarean,0.0002203349674483,en,southpark
sax,0.0002203349674483,en,southpark
adorn,0.0002203349674483,en,southpark
splashy,0.0002203349674483,en,southpark
yon,0.0002203349674483,en,southpark
vraiment,0.0002203349674483,en,southpark
meditative,0.0002203349674483,en,southpark
bewilder,0.0002203349674483,en,southpark
kitt,0.0002203349674483,en,southpark
scarcely,0.0002203349674483,en,southpark
freeing,0.0002203349674483,en,southpark
nutritionist,0.0002203349674483,en,southpark
videogame,0.0002203349674483,en,southpark
springfield,0.0002203349674483,en,southpark
inertia,0.0002203349674483,en,southpark
ican,0.0002203349674483,en,southpark
eradication,0.0002203349674483,en,southpark
typhoon,0.0002203349674483,en,southpark
pagan,0.0002203349674483,en,southpark
upstage,0.0002203349674483,en,southpark
mackenzie,0.0002203349674483,en,southpark
runneth,0.0002203349674483,en,southpark
okie,0.0002203349674483,en,southpark
outwit,0.0002203349674483,en,southpark
fez,0.0002203349674483,en,southpark
jello,0.0002203349674483,en,southpark
disproportionate,0.0002203349674483,en,southpark
disillusion,0.0002203349674483,en,southpark
muncher,0.0002203349674483,en,southpark
anxiously,0.0002203349674483,en,southpark
groundhog,0.0002203349674483,en,southpark
jokester,0.0002203349674483,en,southpark
fallopian,0.0002203349674483,en,southpark
valhalla,0.0002203349674483,en,southpark
menstruate,0.0002203349674483,en,southpark
legislature,0.0002203349674483,en,southpark
respectively,0.0002203349674483,en,southpark
behind,0.0002203349674483,en,southpark
soapy,0.0002203349674483,en,southpark
justly,0.0002203349674483,en,southpark
enhanced,0.0002203349674483,en,southpark
alot,0.0002203349674483,en,southpark
anthill,0.0002203349674483,en,southpark
blending,0.0002203349674483,en,southpark
hasta,0.0002203349674483,en,southpark
potpourri,0.0002203349674483,en,southpark
kush,0.0002203349674483,en,southpark
trapeze,0.0002203349674483,en,southpark
amore,0.0002203349674483,en,southpark
janis,0.0002203349674483,en,southpark
bubblegum,0.0002203349674483,en,southpark
sergent,0.0002203349674483,en,southpark
bullseye,0.0002203349674483,en,southpark
slo,0.0002203349674483,en,southpark
viciously,0.0002203349674483,en,southpark
whassup,0.0002203349674483,en,southpark
trimming,0.0002203349674483,en,southpark
steakhouse,0.0002203349674483,en,southpark
spilt,0.0002203349674483,en,southpark
skit,0.0002203349674483,en,southpark
collider,0.0002203349674483,en,southpark
kraken,0.0002203349674483,en,southpark
werewolve,0.0002203349674483,en,southpark
graffiti,0.0002203349674483,en,southpark
neater,0.0002203349674483,en,southpark
jehovah,0.0002203349674483,en,southpark
narcoleptic,0.0002203349674483,en,southpark
sportscaster,0.0002203349674483,en,southpark
ethernet,0.0002203349674483,en,southpark
leviticus,0.0002203349674483,en,southpark
anglo,0.0002203349674483,en,southpark
spinny,0.0002203349674483,en,southpark
sinew,0.0002203349674483,en,southpark
aperture,0.0002203349674483,en,southpark
doberman,0.0002203349674483,en,southpark
talentless,0.0002203349674483,en,southpark
overqualifie,0.0002203349674483,en,southpark
innard,0.0002203349674483,en,southpark
torrance,0.0002203349674483,en,southpark
mallory,0.0002203349674483,en,southpark
dreadfully,0.0002203349674483,en,southpark
nile,0.0002203349674483,en,southpark
lander,0.0002203349674483,en,southpark
enticing,0.0002203349674483,en,southpark
tink,0.0002203349674483,en,southpark
geronimo,0.0002203349674483,en,southpark
lightsaber,0.0002203349674483,en,southpark
tablespoon,0.0002203349674483,en,southpark
astro,0.0002203349674483,en,southpark
rippin,0.0002203349674483,en,southpark
jer,0.0002203349674483,en,southpark
pharaohs,0.0002203349674483,en,southpark
cooze,0.0002203349674483,en,southpark
lamer,0.0002203349674483,en,southpark
inseminate,0.0002203349674483,en,southpark
diehard,0.0002203349674483,en,southpark
kylie,0.0002203349674483,en,southpark
fem,0.0002203349674483,en,southpark
changin,0.0002203349674483,en,southpark
evel,0.0002203349674483,en,southpark
leroy,0.0002203349674483,en,southpark
walkway,0.0002203349674483,en,southpark
anytime,0.0002192280583017,en,southpark
arrangement,0.0002192280583017,en,southpark
pursue,0.0002192280583017,en,southpark
desert,0.0002192280583017,en,southpark
stabilize,0.0002184055132806,en,southpark
classify,0.0002184055132806,en,southpark
sarcasm,0.0002184055132806,en,southpark
actress,0.0002184055132806,en,southpark
untie,0.0002184055132806,en,southpark
toaster,0.0002184055132806,en,southpark
lust,0.0002184055132806,en,southpark
prototype,0.0002184055132806,en,southpark
finding,0.0002184055132806,en,southpark
northern,0.0002184055132806,en,southpark
grateful,0.0002174379819913,en,southpark
boot,0.0002174379819913,en,southpark
cooler,0.0002162083028643,en,southpark
profession,0.0002162083028643,en,southpark
deprive,0.0002162083028643,en,southpark
misunderstood,0.0002162083028643,en,southpark
embarrassment,0.0002162083028643,en,southpark
secondary,0.0002162083028643,en,southpark
slippery,0.0002162083028643,en,southpark
notebook,0.0002162083028643,en,southpark
relive,0.0002162083028643,en,southpark
obtain,0.0002162083028643,en,southpark
reopen,0.0002162083028643,en,southpark
aisle,0.0002162083028643,en,southpark
accidental,0.0002162083028643,en,southpark
transaction,0.000214051410519,en,southpark
postpone,0.000214051410519,en,southpark
accompany,0.000214051410519,en,southpark
deploy,0.000214051410519,en,southpark
relatively,0.000214051410519,en,southpark
fracture,0.000214051410519,en,southpark
daisy,0.000214051410519,en,southpark
overall,0.000214051410519,en,southpark
lace,0.000214051410519,en,southpark
jewel,0.000214051410519,en,southpark
withdrawal,0.000214051410519,en,southpark
leadership,0.000214051410519,en,southpark
doorbell,0.000214051410519,en,southpark
balance,0.0002139114443946,en,southpark
pollock,0.0002134124264885,en,southpark
paris,0.0002134124264885,en,southpark
snobby,0.0002134124264885,en,southpark
interchangeable,0.0002134124264885,en,southpark
beluga,0.0002134124264885,en,southpark
godless,0.0002134124264885,en,southpark
ewok,0.0002134124264885,en,southpark
plough,0.0002134124264885,en,southpark
crasher,0.0002134124264885,en,southpark
tethered,0.0002134124264885,en,southpark
arduous,0.0002134124264885,en,southpark
henrietta,0.0002134124264885,en,southpark
unforgive,0.0002134124264885,en,southpark
tapas,0.0002134124264885,en,southpark
uplifting,0.0002134124264885,en,southpark
headstrong,0.0002134124264885,en,southpark
chocula,0.0002134124264885,en,southpark
engulf,0.0002134124264885,en,southpark
cho,0.0002134124264885,en,southpark
urkel,0.0002134124264885,en,southpark
freestyle,0.0002134124264885,en,southpark
flowery,0.0002134124264885,en,southpark
der,0.0002134124264885,en,southpark
debit,0.0002134124264885,en,southpark
knievel,0.0002134124264885,en,southpark
mindedness,0.0002134124264885,en,southpark
wat,0.0002134124264885,en,southpark
disbelief,0.0002134124264885,en,southpark
alienated,0.0002134124264885,en,southpark
kindling,0.0002134124264885,en,southpark
loveable,0.0002134124264885,en,southpark
klingon,0.0002134124264885,en,southpark
herbert,0.0002134124264885,en,southpark
contortionist,0.0002134124264885,en,southpark
marx,0.0002134124264885,en,southpark
catholicism,0.0002134124264885,en,southpark
whimsical,0.0002134124264885,en,southpark
junker,0.0002134124264885,en,southpark
tata,0.0002134124264885,en,southpark
corinthian,0.0002134124264885,en,southpark
krueger,0.0002134124264885,en,southpark
sampler,0.0002134124264885,en,southpark
saxon,0.0002134124264885,en,southpark
concourse,0.0002134124264885,en,southpark
sta,0.0002134124264885,en,southpark
tal,0.0002134124264885,en,southpark
dried,0.0002134124264885,en,southpark
frre,0.0002134124264885,en,southpark
dunce,0.0002134124264885,en,southpark
cleanser,0.0002134124264885,en,southpark
powerpoint,0.0002134124264885,en,southpark
incestuous,0.0002134124264885,en,southpark
rotc,0.0002134124264885,en,southpark
orally,0.0002134124264885,en,southpark
ome,0.0002134124264885,en,southpark
freeloader,0.0002134124264885,en,southpark
scurvy,0.0002134124264885,en,southpark
shortcake,0.0002134124264885,en,southpark
destabilizing,0.0002134124264885,en,southpark
blockade,0.0002134124264885,en,southpark
extermination,0.0002134124264885,en,southpark
repetition,0.0002134124264885,en,southpark
morte,0.0002134124264885,en,southpark
doke,0.0002134124264885,en,southpark
unsatisfied,0.0002134124264885,en,southpark
tearful,0.0002134124264885,en,southpark
mariachi,0.0002134124264885,en,southpark
sunken,0.0002134124264885,en,southpark
booklet,0.0002134124264885,en,southpark
int,0.0002134124264885,en,southpark
mignon,0.0002134124264885,en,southpark
unbutton,0.0002134124264885,en,southpark
baroque,0.0002134124264885,en,southpark
unplanned,0.0002134124264885,en,southpark
ectoplasm,0.0002134124264885,en,southpark
lacey,0.0002134124264885,en,southpark
statesman,0.0002134124264885,en,southpark
sacrilegious,0.0002134124264885,en,southpark
anythin,0.0002134124264885,en,southpark
phaser,0.0002134124264885,en,southpark
ree,0.0002134124264885,en,southpark
sunbathing,0.0002134124264885,en,southpark
lange,0.0002134124264885,en,southpark
stereotypical,0.0002134124264885,en,southpark
cordially,0.0002134124264885,en,southpark
glade,0.0002134124264885,en,southpark
necessitate,0.0002134124264885,en,southpark
ritter,0.0002134124264885,en,southpark
playhouse,0.0002134124264885,en,southpark
tangent,0.0002134124264885,en,southpark
hankie,0.0002134124264885,en,southpark
hyman,0.0002134124264885,en,southpark
dorsal,0.0002134124264885,en,southpark
interracial,0.0002134124264885,en,southpark
repose,0.0002134124264885,en,southpark
bogarte,0.0002134124264885,en,southpark
disenfranchised,0.0002134124264885,en,southpark
rectal,0.0002134124264885,en,southpark
overstay,0.0002134124264885,en,southpark
kidnapped,0.0002134124264885,en,southpark
utopian,0.0002134124264885,en,southpark
curdle,0.0002134124264885,en,southpark
autopsie,0.0002134124264885,en,southpark
elve,0.0002134124264885,en,southpark
sultan,0.0002134124264885,en,southpark
niceness,0.0002134124264885,en,southpark
buyout,0.0002134124264885,en,southpark
lacquer,0.0002134124264885,en,southpark
burbank,0.0002134124264885,en,southpark
tor,0.0002134124264885,en,southpark
mohammed,0.0002134124264885,en,southpark
earl,0.0002134124264885,en,southpark
betsy,0.0002134124264885,en,southpark
looting,0.0002134124264885,en,southpark
choking,0.0002134124264885,en,southpark
bunt,0.0002134124264885,en,southpark
vladimir,0.0002134124264885,en,southpark
wel,0.0002134124264885,en,southpark
angrier,0.0002134124264885,en,southpark
converter,0.0002134124264885,en,southpark
accountant,0.0002119333832211,en,southpark
strand,0.0002119333832211,en,southpark
deceased,0.0002119333832211,en,southpark
mechanism,0.0002119333832211,en,southpark
portion,0.0002119333832211,en,southpark
paddle,0.0002119333832211,en,southpark
pint,0.0002119333832211,en,southpark
gifted,0.0002119333832211,en,southpark
overtime,0.0002119333832211,en,southpark
tag,0.0002104540590694,en,southpark
merit,0.0002098528451069,en,southpark
remorse,0.0002098528451069,en,southpark
doe,0.0002098528451069,en,southpark
grandson,0.0002098528451069,en,southpark
slot,0.0002098528451069,en,southpark
attraction,0.0002098528451069,en,southpark
whispering,0.0002098528451069,en,southpark
saying,0.0002098528451069,en,southpark
rhyme,0.0002078084921046,en,southpark
frequency,0.0002078084921046,en,southpark
blur,0.0002078084921046,en,southpark
temp,0.0002078084921046,en,southpark
flare,0.0002078084921046,en,southpark
broker,0.0002078084921046,en,southpark
carrier,0.0002078084921046,en,southpark
psyche,0.0002078084921046,en,southpark
verse,0.0002078084921046,en,southpark
platform,0.0002078084921046,en,southpark
thug,0.0002078084921046,en,southpark
echo,0.0002078084921046,en,southpark
backstabbing,0.000207220002587,en,southpark
skillful,0.000207220002587,en,southpark
conservatory,0.000207220002587,en,southpark
poopy,0.000207220002587,en,southpark
futuristic,0.000207220002587,en,southpark
impost,0.000207220002587,en,southpark
intangible,0.000207220002587,en,southpark
grating,0.000207220002587,en,southpark
marinara,0.000207220002587,en,southpark
quicksand,0.000207220002587,en,southpark
supervillain,0.000207220002587,en,southpark
detriment,0.000207220002587,en,southpark
tauru,0.000207220002587,en,southpark
gangbuster,0.000207220002587,en,southpark
expectant,0.000207220002587,en,southpark
organizer,0.000207220002587,en,southpark
remorseful,0.000207220002587,en,southpark
pff,0.000207220002587,en,southpark
twa,0.000207220002587,en,southpark
pulverize,0.000207220002587,en,southpark
outdate,0.000207220002587,en,southpark
ecological,0.000207220002587,en,southpark
slain,0.000207220002587,en,southpark
hos,0.000207220002587,en,southpark
spontaneity,0.000207220002587,en,southpark
squirrele,0.000207220002587,en,southpark
ingrate,0.000207220002587,en,southpark
fantastical,0.000207220002587,en,southpark
crucifixion,0.000207220002587,en,southpark
cursor,0.000207220002587,en,southpark
capade,0.000207220002587,en,southpark
empowerment,0.000207220002587,en,southpark
fertilization,0.000207220002587,en,southpark
speller,0.000207220002587,en,southpark
froze,0.000207220002587,en,southpark
crumpet,0.000207220002587,en,southpark
bawl,0.000207220002587,en,southpark
cessna,0.000207220002587,en,southpark
ting,0.000207220002587,en,southpark
psyched,0.000207220002587,en,southpark
pssh,0.000207220002587,en,southpark
vocalize,0.000207220002587,en,southpark
metamorphosis,0.000207220002587,en,southpark
vaya,0.000207220002587,en,southpark
frodo,0.000207220002587,en,southpark
potency,0.000207220002587,en,southpark
inventive,0.000207220002587,en,southpark
ich,0.000207220002587,en,southpark
gaggle,0.000207220002587,en,southpark
blimey,0.000207220002587,en,southpark
headliner,0.000207220002587,en,southpark
stencil,0.000207220002587,en,southpark
lawful,0.000207220002587,en,southpark
betroth,0.000207220002587,en,southpark
masturbating,0.000207220002587,en,southpark
circumcision,0.000207220002587,en,southpark
tinkerbell,0.000207220002587,en,southpark
flabby,0.000207220002587,en,southpark
ebay,0.000207220002587,en,southpark
progressively,0.000207220002587,en,southpark
trickster,0.000207220002587,en,southpark
loyalist,0.000207220002587,en,southpark
sultry,0.000207220002587,en,southpark
nell,0.000207220002587,en,southpark
hysterectomy,0.000207220002587,en,southpark
pyrotechnic,0.000207220002587,en,southpark
catnip,0.000207220002587,en,southpark
depiction,0.000207220002587,en,southpark
charlton,0.000207220002587,en,southpark
speakin,0.000207220002587,en,southpark
wank,0.000207220002587,en,southpark
heresy,0.000207220002587,en,southpark
celle,0.000207220002587,en,southpark
tween,0.000207220002587,en,southpark
yoda,0.000207220002587,en,southpark
dastardly,0.000207220002587,en,southpark
gilligan,0.000207220002587,en,southpark
refrigeration,0.000207220002587,en,southpark
newton,0.000207220002587,en,southpark
inflated,0.000207220002587,en,southpark
fortnight,0.000207220002587,en,southpark
guerrilla,0.000207220002587,en,southpark
telepathically,0.000207220002587,en,southpark
wetter,0.000207220002587,en,southpark
stringy,0.000207220002587,en,southpark
telekinetic,0.000207220002587,en,southpark
pinnacle,0.000207220002587,en,southpark
shapeshifter,0.000207220002587,en,southpark
sicily,0.000207220002587,en,southpark
doh,0.000207220002587,en,southpark
highest,0.000207220002587,en,southpark
trippin,0.000207220002587,en,southpark
antic,0.000207220002587,en,southpark
phoney,0.000207220002587,en,southpark
verde,0.000207220002587,en,southpark
coliseum,0.000207220002587,en,southpark
womanhood,0.000207220002587,en,southpark
voluptuous,0.000207220002587,en,southpark
raunchy,0.000207220002587,en,southpark
liberace,0.000207220002587,en,southpark
lye,0.000207220002587,en,southpark
sleuth,0.000207220002587,en,southpark
tertiary,0.000207220002587,en,southpark
prague,0.000207220002587,en,southpark
connolly,0.000207220002587,en,southpark
telemarketing,0.000207220002587,en,southpark
prego,0.000207220002587,en,southpark
trimmer,0.000207220002587,en,southpark
astound,0.000207220002587,en,southpark
boldness,0.000207220002587,en,southpark
woolly,0.000207220002587,en,southpark
thriving,0.000207220002587,en,southpark
terrestrial,0.000207220002587,en,southpark
hup,0.000207220002587,en,southpark
tory,0.000207220002587,en,southpark
usurp,0.000207220002587,en,southpark
entrepreneurial,0.000207220002587,en,southpark
disgraceful,0.000207220002587,en,southpark
campground,0.000207220002587,en,southpark
poppycock,0.000207220002587,en,southpark
boundless,0.000207220002587,en,southpark
mayfield,0.000207220002587,en,southpark
edition,0.0002057990870242,en,southpark
ransom,0.0002057990870242,en,southpark
server,0.0002057990870242,en,southpark
ouch,0.0002057990870242,en,southpark
cleaner,0.0002057990870242,en,southpark
dye,0.0002057990870242,en,southpark
keen,0.0002057990870242,en,southpark
peach,0.0002057990870242,en,southpark
registration,0.0002057990870242,en,southpark
helpful,0.0002053918644293,en,southpark
harassment,0.0002038234550613,en,southpark
determined,0.0002038234550613,en,southpark
transmit,0.0002038234550613,en,southpark
shack,0.0002038234550613,en,southpark
employer,0.0002038234550613,en,southpark
rogue,0.0002038234550613,en,southpark
translation,0.0002038234550613,en,southpark
tuna,0.0002038234550613,en,southpark
accomplice,0.0002038234550613,en,southpark
restrain,0.0002038234550613,en,southpark
venture,0.0002038234550613,en,southpark
esteem,0.0002038234550613,en,southpark
whereabouts,0.0002038234550613,en,southpark
confine,0.0002018804796718,en,southpark
rapid,0.0002018804796718,en,southpark
streak,0.0002018804796718,en,southpark
opera,0.0002018804796718,en,southpark
discipline,0.0002018804796718,en,southpark
disrupt,0.0002018804796718,en,southpark
stripper,0.0002018804796718,en,southpark
peak,0.0002018804796718,en,southpark
lodge,0.0002018804796718,en,southpark
lounge,0.0002018804796718,en,southpark
grease,0.0002018804796718,en,southpark
tide,0.0002018804796718,en,southpark
tray,0.0002018804796718,en,southpark
mushroom,0.0002018804796718,en,southpark
collateral,0.0002018804796718,en,southpark
lubricate,0.0002016182737819,en,southpark
blameless,0.0002016182737819,en,southpark
apparel,0.0002016182737819,en,southpark
eagerly,0.0002016182737819,en,southpark
neptune,0.0002016182737819,en,southpark
baguette,0.0002016182737819,en,southpark
notepad,0.0002016182737819,en,southpark
scottsdale,0.0002016182737819,en,southpark
brownish,0.0002016182737819,en,southpark
unwelcome,0.0002016182737819,en,southpark
hula,0.0002016182737819,en,southpark
subscriber,0.0002016182737819,en,southpark
sticking,0.0002016182737819,en,southpark
oppressor,0.0002016182737819,en,southpark
pothead,0.0002016182737819,en,southpark
indecisive,0.0002016182737819,en,southpark
archangel,0.0002016182737819,en,southpark
wuv,0.0002016182737819,en,southpark
blasphemous,0.0002016182737819,en,southpark
exalt,0.0002016182737819,en,southpark
rife,0.0002016182737819,en,southpark
marksmanship,0.0002016182737819,en,southpark
votre,0.0002016182737819,en,southpark
abysmal,0.0002016182737819,en,southpark
burnin,0.0002016182737819,en,southpark
yucky,0.0002016182737819,en,southpark
bedspread,0.0002016182737819,en,southpark
oftentime,0.0002016182737819,en,southpark
kilimanjaro,0.0002016182737819,en,southpark
ovulate,0.0002016182737819,en,southpark
outshine,0.0002016182737819,en,southpark
cosmopolitan,0.0002016182737819,en,southpark
piping,0.0002016182737819,en,southpark
medicare,0.0002016182737819,en,southpark
kissy,0.0002016182737819,en,southpark
qualm,0.0002016182737819,en,southpark
hilt,0.0002016182737819,en,southpark
georgie,0.0002016182737819,en,southpark
duality,0.0002016182737819,en,southpark
maynard,0.0002016182737819,en,southpark
ghoul,0.0002016182737819,en,southpark
dimitri,0.0002016182737819,en,southpark
pasa,0.0002016182737819,en,southpark
abdul,0.0002016182737819,en,southpark
discontent,0.0002016182737819,en,southpark
excruciatingly,0.0002016182737819,en,southpark
esque,0.0002016182737819,en,southpark
flashing,0.0002016182737819,en,southpark
shitter,0.0002016182737819,en,southpark
gassy,0.0002016182737819,en,southpark
axle,0.0002016182737819,en,southpark
authoritative,0.0002016182737819,en,southpark
powerhouse,0.0002016182737819,en,southpark
leapt,0.0002016182737819,en,southpark
tous,0.0002016182737819,en,southpark
anyhoo,0.0002016182737819,en,southpark
walkman,0.0002016182737819,en,southpark
goodbyes,0.0002016182737819,en,southpark
securely,0.0002016182737819,en,southpark
smithereen,0.0002016182737819,en,southpark
ugli,0.0002016182737819,en,southpark
responsibly,0.0002016182737819,en,southpark
unexplainable,0.0002016182737819,en,southpark
sickos,0.0002016182737819,en,southpark
tion,0.0002016182737819,en,southpark
levitation,0.0002016182737819,en,southpark
lydia,0.0002016182737819,en,southpark
mildew,0.0002016182737819,en,southpark
chalice,0.0002016182737819,en,southpark
angrily,0.0002016182737819,en,southpark
pacing,0.0002016182737819,en,southpark
louvre,0.0002016182737819,en,southpark
tos,0.0002016182737819,en,southpark
hellish,0.0002016182737819,en,southpark
teat,0.0002016182737819,en,southpark
ovarian,0.0002016182737819,en,southpark
insubordinate,0.0002016182737819,en,southpark
flippin,0.0002016182737819,en,southpark
christianity,0.0002016182737819,en,southpark
individuality,0.0002016182737819,en,southpark
styx,0.0002016182737819,en,southpark
simplistic,0.0002016182737819,en,southpark
thomas,0.0002016182737819,en,southpark
lordy,0.0002016182737819,en,southpark
profane,0.0002016182737819,en,southpark
skillet,0.0002016182737819,en,southpark
cocksucker,0.0002016182737819,en,southpark
betrayer,0.0002016182737819,en,southpark
enlightening,0.0002016182737819,en,southpark
bobcat,0.0002016182737819,en,southpark
parson,0.0002016182737819,en,southpark
impala,0.0002016182737819,en,southpark
knocker,0.0002016182737819,en,southpark
sardine,0.0002016182737819,en,southpark
forensic,0.0001999690987817,en,southpark
reader,0.0001999690987817,en,southpark
sob,0.0001999690987817,en,southpark
amend,0.0001999690987817,en,southpark
vain,0.0001999690987817,en,southpark
emerge,0.0001999690987817,en,southpark
institution,0.0001999690987817,en,southpark
mourn,0.0001999690987817,en,southpark
mechanical,0.0001999690987817,en,southpark
confirmation,0.0001999690987817,en,southpark
marine,0.0001999690987817,en,southpark
dice,0.0001999690987817,en,southpark
resistance,0.0001980883013014,en,southpark
sustain,0.0001980883013014,en,southpark
amazed,0.0001980883013014,en,southpark
fuzzy,0.0001980883013014,en,southpark
lighten,0.0001980883013014,en,southpark
perk,0.0001980883013014,en,southpark
compel,0.0001980883013014,en,southpark
olive,0.0001980883013014,en,southpark
transportation,0.0001980883013014,en,southpark
designer,0.0001980883013014,en,southpark
submit,0.0001980883013014,en,southpark
antique,0.0001980883013014,en,southpark
oath,0.0001980883013014,en,southpark
ghoulish,0.0001965042960531,en,southpark
illogical,0.0001965042960531,en,southpark
eerily,0.0001965042960531,en,southpark
nam,0.0001965042960531,en,southpark
bringing,0.0001965042960531,en,southpark
mer,0.0001965042960531,en,southpark
upkeep,0.0001965042960531,en,southpark
hollis,0.0001965042960531,en,southpark
derelict,0.0001965042960531,en,southpark
corey,0.0001965042960531,en,southpark
firehouse,0.0001965042960531,en,southpark
treasurer,0.0001965042960531,en,southpark
deputize,0.0001965042960531,en,southpark
outlast,0.0001965042960531,en,southpark
computerized,0.0001965042960531,en,southpark
actuality,0.0001965042960531,en,southpark
inert,0.0001965042960531,en,southpark
mage,0.0001965042960531,en,southpark
topography,0.0001965042960531,en,southpark
desolate,0.0001965042960531,en,southpark
trilogy,0.0001965042960531,en,southpark
abhor,0.0001965042960531,en,southpark
carey,0.0001965042960531,en,southpark
canopy,0.0001965042960531,en,southpark
emitter,0.0001965042960531,en,southpark
communism,0.0001965042960531,en,southpark
twelfth,0.0001965042960531,en,southpark
inhumane,0.0001965042960531,en,southpark
rump,0.0001965042960531,en,southpark
roadway,0.0001965042960531,en,southpark
correspondent,0.0001965042960531,en,southpark
stagnant,0.0001965042960531,en,southpark
synaptic,0.0001965042960531,en,southpark
aforementioned,0.0001965042960531,en,southpark
stupider,0.0001965042960531,en,southpark
menstrual,0.0001965042960531,en,southpark
jurassic,0.0001965042960531,en,southpark
jumpin,0.0001965042960531,en,southpark
lovemake,0.0001965042960531,en,southpark
copier,0.0001965042960531,en,southpark
roswell,0.0001965042960531,en,southpark
malfunctioning,0.0001965042960531,en,southpark
steed,0.0001965042960531,en,southpark
bene,0.0001965042960531,en,southpark
ancestry,0.0001965042960531,en,southpark
powell,0.0001965042960531,en,southpark
superintendent,0.0001965042960531,en,southpark
oof,0.0001965042960531,en,southpark
nobel,0.0001965042960531,en,southpark
carolyn,0.0001965042960531,en,southpark
tibetan,0.0001965042960531,en,southpark
triumphant,0.0001965042960531,en,southpark
woodstock,0.0001965042960531,en,southpark
tabasco,0.0001965042960531,en,southpark
prissy,0.0001965042960531,en,southpark
marche,0.0001965042960531,en,southpark
testis,0.0001965042960531,en,southpark
fiona,0.0001965042960531,en,southpark
undergarment,0.0001965042960531,en,southpark
cuttin,0.0001965042960531,en,southpark
tattletale,0.0001965042960531,en,southpark
muy,0.0001965042960531,en,southpark
bart,0.0001965042960531,en,southpark
tortured,0.0001965042960531,en,southpark
scraping,0.0001965042960531,en,southpark
leotard,0.0001965042960531,en,southpark
hopping,0.0001965042960531,en,southpark
brightly,0.0001965042960531,en,southpark
insertion,0.0001965042960531,en,southpark
ber,0.0001965042960531,en,southpark
darryl,0.0001965042960531,en,southpark
maguire,0.0001965042960531,en,southpark
mouthing,0.0001965042960531,en,southpark
freeman,0.0001965042960531,en,southpark
brainless,0.0001965042960531,en,southpark
whuppe,0.0001965042960531,en,southpark
terence,0.0001965042960531,en,southpark
tuscany,0.0001965042960531,en,southpark
shipwreck,0.0001965042960531,en,southpark
urinary,0.0001965042960531,en,southpark
switchblade,0.0001965042960531,en,southpark
prelim,0.0001965042960531,en,southpark
blubber,0.0001965042960531,en,southpark
flatbe,0.0001965042960531,en,southpark
mathematically,0.0001965042960531,en,southpark
fife,0.0001965042960531,en,southpark
islamic,0.0001965042960531,en,southpark
rescuer,0.0001965042960531,en,southpark
crud,0.0001965042960531,en,southpark
hoagie,0.0001965042960531,en,southpark
spitfire,0.0001965042960531,en,southpark
kayla,0.0001965042960531,en,southpark
prozac,0.0001965042960531,en,southpark
wisconsin,0.0001965042960531,en,southpark
fatally,0.0001965042960531,en,southpark
callback,0.0001965042960531,en,southpark
gutless,0.0001965042960531,en,southpark
menial,0.0001965042960531,en,southpark
polyp,0.0001965042960531,en,southpark
vicious,0.0001962371239132,en,southpark
plead,0.0001962371239132,en,southpark
technical,0.0001962371239132,en,southpark
working,0.0001962371239132,en,southpark
relaxed,0.0001962371239132,en,southpark
presume,0.0001962371239132,en,southpark
butterfly,0.0001962371239132,en,southpark
provoke,0.0001962371239132,en,southpark
pointless,0.0001962371239132,en,southpark
inconvenience,0.0001962371239132,en,southpark
involvement,0.0001944146481085,en,southpark
healing,0.0001944146481085,en,southpark
cooperation,0.0001944146481085,en,southpark
addition,0.0001944146481085,en,southpark
tasty,0.0001944146481085,en,southpark
thunder,0.0001944146481085,en,southpark
gambling,0.0001944146481085,en,southpark
liability,0.0001944146481085,en,southpark
accusation,0.0001944146481085,en,southpark
specialist,0.0001926199974512,en,southpark
absorb,0.0001926199974512,en,southpark
jungle,0.0001926199974512,en,southpark
traumatic,0.0001926199974512,en,southpark
gratitude,0.0001926199974512,en,southpark
tremendous,0.0001926199974512,en,southpark
ethic,0.0001926199974512,en,southpark
casualty,0.0001926199974512,en,southpark
mum,0.0001926199974512,en,southpark
newscaster,0.0001917998925767,en,southpark
graham,0.0001917998925767,en,southpark
macro,0.0001917998925767,en,southpark
whitey,0.0001917998925767,en,southpark
lunchroom,0.0001917998925767,en,southpark
acrobat,0.0001917998925767,en,southpark
bisexual,0.0001917998925767,en,southpark
plump,0.0001917998925767,en,southpark
omg,0.0001917998925767,en,southpark
hairspray,0.0001917998925767,en,southpark
austen,0.0001917998925767,en,southpark
swoon,0.0001917998925767,en,southpark
macabre,0.0001917998925767,en,southpark
shoebox,0.0001917998925767,en,southpark
environmentalist,0.0001917998925767,en,southpark
larson,0.0001917998925767,en,southpark
avid,0.0001917998925767,en,southpark
internment,0.0001917998925767,en,southpark
scruple,0.0001917998925767,en,southpark
gil,0.0001917998925767,en,southpark
naught,0.0001917998925767,en,southpark
stiletto,0.0001917998925767,en,southpark
ruptured,0.0001917998925767,en,southpark
airwave,0.0001917998925767,en,southpark
continuum,0.0001917998925767,en,southpark
furth,0.0001917998925767,en,southpark
mambo,0.0001917998925767,en,southpark
womanizer,0.0001917998925767,en,southpark
swirly,0.0001917998925767,en,southpark
capitalize,0.0001917998925767,en,southpark
trippy,0.0001917998925767,en,southpark
hea,0.0001917998925767,en,southpark
schooler,0.0001917998925767,en,southpark
himalayas,0.0001917998925767,en,southpark
lite,0.0001917998925767,en,southpark
peninsula,0.0001917998925767,en,southpark
ferment,0.0001917998925767,en,southpark
deity,0.0001917998925767,en,southpark
blissful,0.0001917998925767,en,southpark
starlight,0.0001917998925767,en,southpark
flipper,0.0001917998925767,en,southpark
escapee,0.0001917998925767,en,southpark
redwood,0.0001917998925767,en,southpark
camcorder,0.0001917998925767,en,southpark
sass,0.0001917998925767,en,southpark
servitude,0.0001917998925767,en,southpark
picker,0.0001917998925767,en,southpark
fraternize,0.0001917998925767,en,southpark
swivel,0.0001917998925767,en,southpark
idealistic,0.0001917998925767,en,southpark
scaffold,0.0001917998925767,en,southpark
kern,0.0001917998925767,en,southpark
inefficient,0.0001917998925767,en,southpark
camelot,0.0001917998925767,en,southpark
cleverly,0.0001917998925767,en,southpark
destitute,0.0001917998925767,en,southpark
applesauce,0.0001917998925767,en,southpark
sunbathe,0.0001917998925767,en,southpark
payload,0.0001917998925767,en,southpark
suvs,0.0001917998925767,en,southpark
readin,0.0001917998925767,en,southpark
symbiotic,0.0001917998925767,en,southpark
glum,0.0001917998925767,en,southpark
barbarian,0.0001917998925767,en,southpark
leavin,0.0001917998925767,en,southpark
defiant,0.0001917998925767,en,southpark
lucifer,0.0001917998925767,en,southpark
autographed,0.0001917998925767,en,southpark
monarch,0.0001917998925767,en,southpark
appraise,0.0001917998925767,en,southpark
frederick,0.0001917998925767,en,southpark
donner,0.0001917998925767,en,southpark
beeswax,0.0001917998925767,en,southpark
remarkable,0.0001908523350468,en,southpark
prey,0.0001908523350468,en,southpark
lifestyle,0.0001908523350468,en,southpark
interrogate,0.0001908523350468,en,southpark
lightning,0.0001891108611987,en,southpark
jane,0.0001891108611987,en,southpark
mama,0.0001891108611987,en,southpark
standing,0.0001891108611987,en,southpark
tennis,0.0001891108611987,en,southpark
satisfy,0.0001891108611987,en,southpark
exotic,0.0001891108611987,en,southpark
butcher,0.0001891108611987,en,southpark
shallow,0.0001891108611987,en,southpark
handcuff,0.0001891108611987,en,southpark
memorie,0.0001874442952716,en,southpark
undiscovered,0.0001874442952716,en,southpark
corrupted,0.0001874442952716,en,southpark
magnification,0.0001874442952716,en,southpark
geology,0.0001874442952716,en,southpark
acceleration,0.0001874442952716,en,southpark
farce,0.0001874442952716,en,southpark
lather,0.0001874442952716,en,southpark
abbey,0.0001874442952716,en,southpark
multinational,0.0001874442952716,en,southpark
renowne,0.0001874442952716,en,southpark
aft,0.0001874442952716,en,southpark
orthodox,0.0001874442952716,en,southpark
scarface,0.0001874442952716,en,southpark
duper,0.0001874442952716,en,southpark
oreo,0.0001874442952716,en,southpark
nadia,0.0001874442952716,en,southpark
ist,0.0001874442952716,en,southpark
nightingale,0.0001874442952716,en,southpark
geoffrey,0.0001874442952716,en,southpark
lien,0.0001874442952716,en,southpark
mph,0.0001874442952716,en,southpark
miami,0.0001874442952716,en,southpark
warped,0.0001874442952716,en,southpark
esta,0.0001874442952716,en,southpark
brittany,0.0001874442952716,en,southpark
condiment,0.0001874442952716,en,southpark
glisten,0.0001874442952716,en,southpark
steadily,0.0001874442952716,en,southpark
pluto,0.0001874442952716,en,southpark
underside,0.0001874442952716,en,southpark
challenger,0.0001874442952716,en,southpark
adverse,0.0001874442952716,en,southpark
newsworthy,0.0001874442952716,en,southpark
forbe,0.0001874442952716,en,southpark
veritable,0.0001874442952716,en,southpark
six,0.0001874442952716,en,southpark
piranha,0.0001874442952716,en,southpark
pelvic,0.0001874442952716,en,southpark
dominion,0.0001874442952716,en,southpark
clique,0.0001874442952716,en,southpark
emancipation,0.0001874442952716,en,southpark
actin,0.0001874442952716,en,southpark
hercule,0.0001874442952716,en,southpark
lunchbox,0.0001874442952716,en,southpark
juda,0.0001874442952716,en,southpark
sweeper,0.0001874442952716,en,southpark
quesadilla,0.0001874442952716,en,southpark
extradite,0.0001874442952716,en,southpark
sanford,0.0001874442952716,en,southpark
spandex,0.0001874442952716,en,southpark
strum,0.0001874442952716,en,southpark
blatantly,0.0001874442952716,en,southpark
preservative,0.0001874442952716,en,southpark
fedex,0.0001874442952716,en,southpark
guitarist,0.0001874442952716,en,southpark
undertaker,0.0001874442952716,en,southpark
moping,0.0001874442952716,en,southpark
ami,0.0001874442952716,en,southpark
misconduct,0.0001874442952716,en,southpark
lasik,0.0001874442952716,en,southpark
pantsuit,0.0001874442952716,en,southpark
iphone,0.0001874442952716,en,southpark
swearing,0.0001874442952716,en,southpark
reg,0.0001874442952716,en,southpark
melancholy,0.0001874442952716,en,southpark
throwing,0.0001874442952716,en,southpark
denounce,0.0001874442952716,en,southpark
chose,0.0001874442952716,en,southpark
inaccessible,0.0001874442952716,en,southpark
stopping,0.0001874442952716,en,southpark
chowder,0.0001874442952716,en,southpark
iove,0.0001874442952716,en,southpark
enormously,0.0001874442952716,en,southpark
faker,0.0001874442952716,en,southpark
touche,0.0001874442952716,en,southpark
len,0.0001874442952716,en,southpark
hypochondriac,0.0001874442952716,en,southpark
assertive,0.0001874442952716,en,southpark
guzzle,0.0001874442952716,en,southpark
cbc,0.0001874442952716,en,southpark
moor,0.0001874442952716,en,southpark
runny,0.0001874442952716,en,southpark
palsy,0.0001874442952716,en,southpark
uncontrollably,0.0001874442952716,en,southpark
kingpin,0.0001874442952716,en,southpark
electro,0.0001874442952716,en,southpark
objectify,0.0001874442952716,en,southpark
whisker,0.0001874442952716,en,southpark
motherboard,0.0001874442952716,en,southpark
whopper,0.0001874442952716,en,southpark
depraved,0.0001874442952716,en,southpark
dopey,0.0001874442952716,en,southpark
overtake,0.0001874442952716,en,southpark
irish,0.0001873948112363,en,southpark
luxury,0.0001873948112363,en,southpark
demonstrate,0.0001873948112363,en,southpark
merely,0.0001873948112363,en,southpark
suitcase,0.0001873948112363,en,southpark
siren,0.0001873948112363,en,southpark
sip,0.0001873948112363,en,southpark
analyze,0.0001873948112363,en,southpark
diaper,0.0001873948112363,en,southpark
cease,0.0001873948112363,en,southpark
absurd,0.0001873948112363,en,southpark
rarely,0.0001873948112363,en,southpark
chatter,0.0001857034534985,en,southpark
geek,0.0001857034534985,en,southpark
repay,0.0001857034534985,en,southpark
petty,0.0001857034534985,en,southpark
notch,0.0001857034534985,en,southpark
elbow,0.0001857034534985,en,southpark
casual,0.0001857034534985,en,southpark
widow,0.0001857034534985,en,southpark
grown,0.0001857034534985,en,southpark
seventh,0.0001857034534985,en,southpark
intact,0.0001840360874608,en,southpark
radius,0.0001840360874608,en,southpark
guardian,0.0001840360874608,en,southpark
numb,0.0001840360874608,en,southpark
collar,0.0001840360874608,en,southpark
rex,0.0001833893311918,en,southpark
buoy,0.0001833893311918,en,southpark
telly,0.0001833893311918,en,southpark
grossly,0.0001833893311918,en,southpark
willis,0.0001833893311918,en,southpark
spunk,0.0001833893311918,en,southpark
whammy,0.0001833893311918,en,southpark
entre,0.0001833893311918,en,southpark
finishing,0.0001833893311918,en,southpark
fifty,0.0001833893311918,en,southpark
selfishly,0.0001833893311918,en,southpark
streamer,0.0001833893311918,en,southpark
gonorrhea,0.0001833893311918,en,southpark
liberating,0.0001833893311918,en,southpark
sniffer,0.0001833893311918,en,southpark
mam,0.0001833893311918,en,southpark
neal,0.0001833893311918,en,southpark
catacomb,0.0001833893311918,en,southpark
fixin,0.0001833893311918,en,southpark
anthropologist,0.0001833893311918,en,southpark
jigsaw,0.0001833893311918,en,southpark
postman,0.0001833893311918,en,southpark
brewery,0.0001833893311918,en,southpark
skinned,0.0001833893311918,en,southpark
uncooperative,0.0001833893311918,en,southpark
flay,0.0001833893311918,en,southpark
callin,0.0001833893311918,en,southpark
italiansub,0.0001833893311918,en,southpark
springer,0.0001833893311918,en,southpark
normalcy,0.0001833893311918,en,southpark
hanky,0.0001833893311918,en,southpark
lettin,0.0001833893311918,en,southpark
fillet,0.0001833893311918,en,southpark
forgo,0.0001833893311918,en,southpark
tenet,0.0001833893311918,en,southpark
jody,0.0001833893311918,en,southpark
chimpanzee,0.0001833893311918,en,southpark
underbelly,0.0001833893311918,en,southpark
fluorescent,0.0001833893311918,en,southpark
millisecond,0.0001833893311918,en,southpark
heidi,0.0001833893311918,en,southpark
entrail,0.0001833893311918,en,southpark
earpiece,0.0001833893311918,en,southpark
defining,0.0001833893311918,en,southpark
pest,0.0001833893311918,en,southpark
beau,0.0001833893311918,en,southpark
stronghold,0.0001833893311918,en,southpark
mahal,0.0001833893311918,en,southpark
twinkie,0.0001833893311918,en,southpark
vicariously,0.0001833893311918,en,southpark
dreary,0.0001833893311918,en,southpark
squeaking,0.0001833893311918,en,southpark
egomaniac,0.0001833893311918,en,southpark
suited,0.0001833893311918,en,southpark
poignant,0.0001833893311918,en,southpark
suzanne,0.0001833893311918,en,southpark
pronged,0.0001833893311918,en,southpark
supercomputer,0.0001833893311918,en,southpark
secretion,0.0001833893311918,en,southpark
davey,0.0001833893311918,en,southpark
squadron,0.0001833893311918,en,southpark
instantaneous,0.0001833893311918,en,southpark
beatin,0.0001833893311918,en,southpark
diddly,0.0001833893311918,en,southpark
homoerotic,0.0001833893311918,en,southpark
comforter,0.0001833893311918,en,southpark
lubricant,0.0001833893311918,en,southpark
misbehave,0.0001833893311918,en,southpark
nourishment,0.0001833893311918,en,southpark
victorious,0.0001833893311918,en,southpark
schooling,0.0001833893311918,en,southpark
cinch,0.0001833893311918,en,southpark
supremely,0.0001833893311918,en,southpark
sentient,0.0001833893311918,en,southpark
foxy,0.0001833893311918,en,southpark
nepal,0.0001833893311918,en,southpark
converge,0.0001833893311918,en,southpark
psychosomatic,0.0001833893311918,en,southpark
biting,0.0001833893311918,en,southpark
trickery,0.0001833893311918,en,southpark
lewd,0.0001833893311918,en,southpark
coupling,0.0001833893311918,en,southpark
william,0.0001833893311918,en,southpark
boycott,0.0001833893311918,en,southpark
anorexic,0.0001833893311918,en,southpark
repellent,0.0001833893311918,en,southpark
negro,0.0001833893311918,en,southpark
wile,0.0001833893311918,en,southpark
fricke,0.0001833893311918,en,southpark
apocalyptic,0.0001833893311918,en,southpark
essential,0.0001823920419936,en,southpark
stumble,0.0001823920419936,en,southpark
endless,0.0001823920419936,en,southpark
seduce,0.0001823920419936,en,southpark
blond,0.0001823920419936,en,southpark
emotionally,0.0001823920419936,en,southpark
ritual,0.0001823920419936,en,southpark
rug,0.0001823920419936,en,southpark
nickname,0.0001807706737396,en,southpark
scent,0.0001807706737396,en,southpark
combat,0.0001807706737396,en,southpark
drift,0.0001807706737396,en,southpark
honeymoon,0.0001807706737396,en,southpark
terminally,0.0001795961656177,en,southpark
duh,0.0001795961656177,en,southpark
unsanitary,0.0001795961656177,en,southpark
scrappy,0.0001795961656177,en,southpark
decorative,0.0001795961656177,en,southpark
exorcist,0.0001795961656177,en,southpark
mannered,0.0001795961656177,en,southpark
agreeable,0.0001795961656177,en,southpark
wack,0.0001795961656177,en,southpark
ridin,0.0001795961656177,en,southpark
helpin,0.0001795961656177,en,southpark
moronic,0.0001795961656177,en,southpark
costello,0.0001795961656177,en,southpark
overcook,0.0001795961656177,en,southpark
framing,0.0001795961656177,en,southpark
skirmish,0.0001795961656177,en,southpark
eel,0.0001795961656177,en,southpark
impure,0.0001795961656177,en,southpark
ethically,0.0001795961656177,en,southpark
rekindle,0.0001795961656177,en,southpark
roland,0.0001795961656177,en,southpark
hem,0.0001795961656177,en,southpark
laborer,0.0001795961656177,en,southpark
antacid,0.0001795961656177,en,southpark
staying,0.0001795961656177,en,southpark
wanker,0.0001795961656177,en,southpark
staggering,0.0001795961656177,en,southpark
marcy,0.0001795961656177,en,southpark
char,0.0001795961656177,en,southpark
pec,0.0001795961656177,en,southpark
tentacle,0.0001795961656177,en,southpark
chink,0.0001795961656177,en,southpark
instigate,0.0001795961656177,en,southpark
educator,0.0001795961656177,en,southpark
incur,0.0001795961656177,en,southpark
duster,0.0001795961656177,en,southpark
gargle,0.0001795961656177,en,southpark
torre,0.0001795961656177,en,southpark
ufo,0.0001795961656177,en,southpark
statewide,0.0001795961656177,en,southpark
astray,0.0001795961656177,en,southpark
blitz,0.0001795961656177,en,southpark
lightbulb,0.0001795961656177,en,southpark
animosity,0.0001795961656177,en,southpark
jed,0.0001795961656177,en,southpark
junkyard,0.0001795961656177,en,southpark
waterproof,0.0001795961656177,en,southpark
cowgirl,0.0001795961656177,en,southpark
irreparable,0.0001795961656177,en,southpark
unnecessarily,0.0001795961656177,en,southpark
emo,0.0001795961656177,en,southpark
breakout,0.0001795961656177,en,southpark
chipmunk,0.0001795961656177,en,southpark
pakistani,0.0001795961656177,en,southpark
exfoliate,0.0001795961656177,en,southpark
rafter,0.0001795961656177,en,southpark
blowin,0.0001795961656177,en,southpark
affordable,0.0001795961656177,en,southpark
measly,0.0001795961656177,en,southpark
passionately,0.0001795961656177,en,southpark
creme,0.0001795961656177,en,southpark
intensify,0.0001795961656177,en,southpark
lama,0.0001795961656177,en,southpark
peacock,0.0001795961656177,en,southpark
northbound,0.0001795961656177,en,southpark
undesirable,0.0001795961656177,en,southpark
archer,0.0001795961656177,en,southpark
foliage,0.0001795961656177,en,southpark
misstep,0.0001795961656177,en,southpark
consonant,0.0001795961656177,en,southpark
highland,0.0001795961656177,en,southpark
misrepresent,0.0001795961656177,en,southpark
raman,0.0001795961656177,en,southpark
specimen,0.0001795961656177,en,southpark
flooding,0.0001795961656177,en,southpark
kickoff,0.0001795961656177,en,southpark
slammer,0.0001795961656177,en,southpark
lieu,0.0001795961656177,en,southpark
revival,0.0001795961656177,en,southpark
conk,0.0001795961656177,en,southpark
bigot,0.0001795961656177,en,southpark
narrator,0.0001795961656177,en,southpark
clammy,0.0001795961656177,en,southpark
france,0.0001795961656177,en,southpark
dialect,0.0001795961656177,en,southpark
dignify,0.0001795961656177,en,southpark
fraid,0.0001795961656177,en,southpark
recede,0.0001795961656177,en,southpark
sensibility,0.0001795961656177,en,southpark
fashionable,0.0001795961656177,en,southpark
poise,0.0001795961656177,en,southpark
receipt,0.000179171365603,en,southpark
mud,0.000179171365603,en,southpark
waiting,0.000179171365603,en,southpark
forehead,0.000179171365603,en,southpark
shred,0.000179171365603,en,southpark
constantly,0.000179171365603,en,southpark
wage,0.000179171365603,en,southpark
fist,0.000179171365603,en,southpark
absence,0.000179171365603,en,southpark
heartbeat,0.0001775935253387,en,southpark
focused,0.0001775935253387,en,southpark
anxious,0.0001775935253387,en,southpark
robbery,0.0001760365842362,en,southpark
detect,0.0001760365842362,en,southpark
therapist,0.0001760365842362,en,southpark
sickness,0.0001760365842362,en,southpark
perkin,0.0001760330342605,en,southpark
reconstructive,0.0001760330342605,en,southpark
astonish,0.0001760330342605,en,southpark
bulge,0.0001760330342605,en,southpark
purify,0.0001760330342605,en,southpark
extinguish,0.0001760330342605,en,southpark
bamboo,0.0001760330342605,en,southpark
cloning,0.0001760330342605,en,southpark
homeboy,0.0001760330342605,en,southpark
extravagant,0.0001760330342605,en,southpark
adieu,0.0001760330342605,en,southpark
rowdy,0.0001760330342605,en,southpark
ere,0.0001760330342605,en,southpark
viewing,0.0001760330342605,en,southpark
meddling,0.0001760330342605,en,southpark
bonnet,0.0001760330342605,en,southpark
eloquent,0.0001760330342605,en,southpark
hammond,0.0001760330342605,en,southpark
shalom,0.0001760330342605,en,southpark
gripe,0.0001760330342605,en,southpark
peter,0.0001760330342605,en,southpark
tarmac,0.0001760330342605,en,southpark
starboard,0.0001760330342605,en,southpark
kel,0.0001760330342605,en,southpark
baja,0.0001760330342605,en,southpark
improbable,0.0001760330342605,en,southpark
homophobic,0.0001760330342605,en,southpark
vanquish,0.0001760330342605,en,southpark
scrumptious,0.0001760330342605,en,southpark
famish,0.0001760330342605,en,southpark
crusty,0.0001760330342605,en,southpark
compute,0.0001760330342605,en,southpark
irritable,0.0001760330342605,en,southpark
eleventh,0.0001760330342605,en,southpark
cannibalism,0.0001760330342605,en,southpark
sacrament,0.0001760330342605,en,southpark
equate,0.0001760330342605,en,southpark
oversized,0.0001760330342605,en,southpark
hawkin,0.0001760330342605,en,southpark
pique,0.0001760330342605,en,southpark
secondhand,0.0001760330342605,en,southpark
hundredth,0.0001760330342605,en,southpark
prickly,0.0001760330342605,en,southpark
critically,0.0001760330342605,en,southpark
hippo,0.0001760330342605,en,southpark
otis,0.0001760330342605,en,southpark
twerp,0.0001760330342605,en,southpark
pearly,0.0001760330342605,en,southpark
smarty,0.0001760330342605,en,southpark
depp,0.0001760330342605,en,southpark
ordain,0.0001760330342605,en,southpark
pancrea,0.0001760330342605,en,southpark
hairless,0.0001760330342605,en,southpark
frontier,0.0001760330342605,en,southpark
lapel,0.0001760330342605,en,southpark
gasket,0.0001760330342605,en,southpark
parliament,0.0001760330342605,en,southpark
negatively,0.0001760330342605,en,southpark
chattering,0.0001760330342605,en,southpark
musty,0.0001760330342605,en,southpark
dwindle,0.0001760330342605,en,southpark
installment,0.0001760330342605,en,southpark
fencing,0.0001760330342605,en,southpark
vino,0.0001760330342605,en,southpark
chastity,0.0001760330342605,en,southpark
diva,0.0001760330342605,en,southpark
rollin,0.0001760330342605,en,southpark
proclamation,0.0001760330342605,en,southpark
nervously,0.0001760330342605,en,southpark
reprogramme,0.0001760330342605,en,southpark
loving,0.0001760330342605,en,southpark
viking,0.0001760330342605,en,southpark
potter,0.0001760330342605,en,southpark
jiffy,0.0001760330342605,en,southpark
sho,0.0001760330342605,en,southpark
soak,0.0001744999958883,en,southpark
nest,0.0001744999958883,en,southpark
exposure,0.0001744999958883,en,southpark
content,0.0001744999958883,en,southpark
hobby,0.0001744999958883,en,southpark
con,0.0001729832350407,en,southpark
correctly,0.0001729832350407,en,southpark
wisdom,0.0001729832350407,en,southpark
leap,0.0001729832350407,en,southpark
suspicion,0.0001729832350407,en,southpark
warehouse,0.0001729832350407,en,southpark
enema,0.0001726736246579,en,southpark
stepdaughter,0.0001726736246579,en,southpark
degenerative,0.0001726736246579,en,southpark
barbeque,0.0001726736246579,en,southpark
baxter,0.0001726736246579,en,southpark
thermo,0.0001726736246579,en,southpark
enroll,0.0001726736246579,en,southpark
guacamole,0.0001726736246579,en,southpark
lavish,0.0001726736246579,en,southpark
sicko,0.0001726736246579,en,southpark
wow,0.0001726736246579,en,southpark
wrongly,0.0001726736246579,en,southpark
idaho,0.0001726736246579,en,southpark
falafel,0.0001726736246579,en,southpark
circuitry,0.0001726736246579,en,southpark
vancouver,0.0001726736246579,en,southpark
satin,0.0001726736246579,en,southpark
weaver,0.0001726736246579,en,southpark
steamed,0.0001726736246579,en,southpark
vascular,0.0001726736246579,en,southpark
constipate,0.0001726736246579,en,southpark
abundantly,0.0001726736246579,en,southpark
biased,0.0001726736246579,en,southpark
mai,0.0001726736246579,en,southpark
comm,0.0001726736246579,en,southpark
blockbuster,0.0001726736246579,en,southpark
upscale,0.0001726736246579,en,southpark
ensue,0.0001726736246579,en,southpark
springtime,0.0001726736246579,en,southpark
malicious,0.0001726736246579,en,southpark
reckoning,0.0001726736246579,en,southpark
filler,0.0001726736246579,en,southpark
fickle,0.0001726736246579,en,southpark
steamy,0.0001726736246579,en,southpark
reattach,0.0001726736246579,en,southpark
fetched,0.0001726736246579,en,southpark
genitalia,0.0001726736246579,en,southpark
nee,0.0001726736246579,en,southpark
lunar,0.0001726736246579,en,southpark
immense,0.0001726736246579,en,southpark
itty,0.0001726736246579,en,southpark
waver,0.0001726736246579,en,southpark
legislation,0.0001726736246579,en,southpark
einstein,0.0001726736246579,en,southpark
audible,0.0001726736246579,en,southpark
rooster,0.0001726736246579,en,southpark
yearly,0.0001726736246579,en,southpark
outward,0.0001726736246579,en,southpark
indifferent,0.0001726736246579,en,southpark
referee,0.0001726736246579,en,southpark
mucus,0.0001726736246579,en,southpark
discrimination,0.0001726736246579,en,southpark
luca,0.0001726736246579,en,southpark
egotistical,0.0001726736246579,en,southpark
northw,0.0001726736246579,en,southpark
thrift,0.0001726736246579,en,southpark
inexplicable,0.0001726736246579,en,southpark
lore,0.0001726736246579,en,southpark
emulate,0.0001726736246579,en,southpark
crossbow,0.0001726736246579,en,southpark
duet,0.0001726736246579,en,southpark
thoughtless,0.0001726736246579,en,southpark
samurai,0.0001726736246579,en,southpark
shootin,0.0001726736246579,en,southpark
uniquely,0.0001726736246579,en,southpark
homecome,0.0001726736246579,en,southpark
implore,0.0001726736246579,en,southpark
escaped,0.0001726736246579,en,southpark
crepe,0.0001726736246579,en,southpark
cheering,0.0001726736246579,en,southpark
spiritually,0.0001726736246579,en,southpark
wondrous,0.0001726736246579,en,southpark
seismic,0.0001726736246579,en,southpark
fruitful,0.0001726736246579,en,southpark
beverly,0.0001726736246579,en,southpark
clooney,0.0001726736246579,en,southpark
stroke,0.0001714857965134,en,southpark
humiliate,0.0001714857965134,en,southpark
peek,0.0001714857965134,en,southpark
pleasant,0.0001714857965134,en,southpark
roger,0.0001714857965134,en,southpark
broad,0.0001714857965134,en,southpark
panel,0.0001714857965134,en,southpark
agenda,0.0001700071941906,en,southpark
custom,0.0001700071941906,en,southpark
calendar,0.0001700071941906,en,southpark
replacement,0.0001700071941906,en,southpark
gray,0.0001700071941906,en,southpark
drainage,0.0001694958957792,en,southpark
fibre,0.0001694958957792,en,southpark
olden,0.0001694958957792,en,southpark
termite,0.0001694958957792,en,southpark
gala,0.0001694958957792,en,southpark
rodney,0.0001694958957792,en,southpark
unconfirmed,0.0001694958957792,en,southpark
stinkin,0.0001694958957792,en,southpark
toasty,0.0001694958957792,en,southpark
prude,0.0001694958957792,en,southpark
diplomacy,0.0001694958957792,en,southpark
silo,0.0001694958957792,en,southpark
superhuman,0.0001694958957792,en,southpark
sur,0.0001694958957792,en,southpark
foreclose,0.0001694958957792,en,southpark
rendition,0.0001694958957792,en,southpark
spiteful,0.0001694958957792,en,southpark
disbar,0.0001694958957792,en,southpark
affirm,0.0001694958957792,en,southpark
frigging,0.0001694958957792,en,southpark
decomposition,0.0001694958957792,en,southpark
rosy,0.0001694958957792,en,southpark
bah,0.0001694958957792,en,southpark
homeroom,0.0001694958957792,en,southpark
dissection,0.0001694958957792,en,southpark
cum,0.0001694958957792,en,southpark
argh,0.0001694958957792,en,southpark
norwegian,0.0001694958957792,en,southpark
hannibal,0.0001694958957792,en,southpark
bicep,0.0001694958957792,en,southpark
birthplace,0.0001694958957792,en,southpark
pumping,0.0001694958957792,en,southpark
orchestra,0.0001694958957792,en,southpark
parenthood,0.0001694958957792,en,southpark
michigan,0.0001694958957792,en,southpark
benedict,0.0001694958957792,en,southpark
keypad,0.0001694958957792,en,southpark
hinder,0.0001694958957792,en,southpark
bland,0.0001694958957792,en,southpark
transient,0.0001694958957792,en,southpark
clarification,0.0001694958957792,en,southpark
cryogenic,0.0001694958957792,en,southpark
autobiography,0.0001694958957792,en,southpark
frankenstein,0.0001694958957792,en,southpark
knicker,0.0001694958957792,en,southpark
cola,0.0001694958957792,en,southpark
brady,0.0001694958957792,en,southpark
authenticity,0.0001694958957792,en,southpark
milo,0.0001694958957792,en,southpark
tether,0.0001694958957792,en,southpark
iooking,0.0001694958957792,en,southpark
moisturizer,0.0001694958957792,en,southpark
fern,0.0001694958957792,en,southpark
coexist,0.0001694958957792,en,southpark
cesspool,0.0001694958957792,en,southpark
hermit,0.0001694958957792,en,southpark
mayo,0.0001694958957792,en,southpark
topping,0.0001694958957792,en,southpark
iowa,0.0001694958957792,en,southpark
interestingly,0.0001694958957792,en,southpark
skeptic,0.0001694958957792,en,southpark
humbly,0.0001694958957792,en,southpark
appealing,0.0001694958957792,en,southpark
blight,0.0001694958957792,en,southpark
instill,0.0001694958957792,en,southpark
bootie,0.0001694958957792,en,southpark
magnifying,0.0001694958957792,en,southpark
surpass,0.0001694958957792,en,southpark
ekg,0.0001694958957792,en,southpark
mart,0.0001694958957792,en,southpark
decrypt,0.0001694958957792,en,southpark
enlightenment,0.0001694958957792,en,southpark
irreversible,0.0001694958957792,en,southpark
elixir,0.0001694958957792,en,southpark
perch,0.0001694958957792,en,southpark
unsuspecting,0.0001694958957792,en,southpark
pelvis,0.0001694958957792,en,southpark
understaffed,0.0001694958957792,en,southpark
webcam,0.0001694958957792,en,southpark
heartbreake,0.0001694958957792,en,southpark
sulfur,0.0001694958957792,en,southpark
kev,0.0001694958957792,en,southpark
unrest,0.0001694958957792,en,southpark
impede,0.0001694958957792,en,southpark
systematically,0.0001694958957792,en,southpark
beak,0.0001694958957792,en,southpark
jittery,0.0001694958957792,en,southpark
sensual,0.0001694958957792,en,southpark
neanderthal,0.0001694958957792,en,southpark
concept,0.0001685469600739,en,southpark
observe,0.0001685469600739,en,southpark
clothing,0.0001685469600739,en,southpark
display,0.0001685469600739,en,southpark
liquid,0.0001671046433927,en,southpark
scrub,0.0001671046433927,en,southpark
lure,0.0001671046433927,en,southpark
fever,0.0001671046433927,en,southpark
airspace,0.0001664812007564,en,southpark
judy,0.0001664812007564,en,southpark
epilepsy,0.0001664812007564,en,southpark
trickle,0.0001664812007564,en,southpark
mistreat,0.0001664812007564,en,southpark
usage,0.0001664812007564,en,southpark
indecent,0.0001664812007564,en,southpark
jamming,0.0001664812007564,en,southpark
cheerio,0.0001664812007564,en,southpark
persistence,0.0001664812007564,en,southpark
mitten,0.0001664812007564,en,southpark
botched,0.0001664812007564,en,southpark
compadre,0.0001664812007564,en,southpark
stinger,0.0001664812007564,en,southpark
sentencing,0.0001664812007564,en,southpark
racquetball,0.0001664812007564,en,southpark
gimmick,0.0001664812007564,en,southpark
neo,0.0001664812007564,en,southpark
shard,0.0001664812007564,en,southpark
clipper,0.0001664812007564,en,southpark
toodle,0.0001664812007564,en,southpark
cobbler,0.0001664812007564,en,southpark
alphabetically,0.0001664812007564,en,southpark
navigator,0.0001664812007564,en,southpark
lookie,0.0001664812007564,en,southpark
este,0.0001664812007564,en,southpark
dubai,0.0001664812007564,en,southpark
coral,0.0001664812007564,en,southpark
entitled,0.0001664812007564,en,southpark
primo,0.0001664812007564,en,southpark
vandal,0.0001664812007564,en,southpark
stutter,0.0001664812007564,en,southpark
conglomerate,0.0001664812007564,en,southpark
terminator,0.0001664812007564,en,southpark
chickene,0.0001664812007564,en,southpark
stint,0.0001664812007564,en,southpark
lineage,0.0001664812007564,en,southpark
inhibition,0.0001664812007564,en,southpark
dui,0.0001664812007564,en,southpark
fatten,0.0001664812007564,en,southpark
elimination,0.0001664812007564,en,southpark
nationwide,0.0001664812007564,en,southpark
rita,0.0001664812007564,en,southpark
stylist,0.0001664812007564,en,southpark
charmer,0.0001664812007564,en,southpark
embalm,0.0001664812007564,en,southpark
inexperienced,0.0001664812007564,en,southpark
oasis,0.0001664812007564,en,southpark
heading,0.0001664812007564,en,southpark
resonance,0.0001664812007564,en,southpark
loin,0.0001664812007564,en,southpark
daze,0.0001664812007564,en,southpark
sadie,0.0001664812007564,en,southpark
emptiness,0.0001664812007564,en,southpark
barrack,0.0001664812007564,en,southpark
albuquerque,0.0001664812007564,en,southpark
covering,0.0001664812007564,en,southpark
sustenance,0.0001664812007564,en,southpark
brimstone,0.0001664812007564,en,southpark
silicone,0.0001664812007564,en,southpark
striking,0.0001664812007564,en,southpark
shudder,0.0001664812007564,en,southpark
transvestite,0.0001664812007564,en,southpark
acorn,0.0001664812007564,en,southpark
buff,0.0001664812007564,en,southpark
bud,0.0001656798097686,en,southpark
indicate,0.0001656798097686,en,southpark
fingerprint,0.0001656798097686,en,southpark
management,0.0001656798097686,en,southpark
conflict,0.0001642720404307,en,southpark
kidding,0.0001642720404307,en,southpark
aim,0.0001642720404307,en,southpark
tuck,0.0001642720404307,en,southpark
resolve,0.0001642720404307,en,southpark
programmer,0.0001636136238764,en,southpark
mucho,0.0001636136238764,en,southpark
sassy,0.0001636136238764,en,southpark
watchman,0.0001636136238764,en,southpark
idly,0.0001636136238764,en,southpark
zillion,0.0001636136238764,en,southpark
vcr,0.0001636136238764,en,southpark
talkative,0.0001636136238764,en,southpark
cubic,0.0001636136238764,en,southpark
reconnaissance,0.0001636136238764,en,southpark
culprit,0.0001636136238764,en,southpark
quench,0.0001636136238764,en,southpark
undetecte,0.0001636136238764,en,southpark
intestinal,0.0001636136238764,en,southpark
laxative,0.0001636136238764,en,southpark
peroxide,0.0001636136238764,en,southpark
reenact,0.0001636136238764,en,southpark
asteroid,0.0001636136238764,en,southpark
lisa,0.0001636136238764,en,southpark
blindside,0.0001636136238764,en,southpark
cog,0.0001636136238764,en,southpark
moldy,0.0001636136238764,en,southpark
checkout,0.0001636136238764,en,southpark
idolize,0.0001636136238764,en,southpark
negativity,0.0001636136238764,en,southpark
exploration,0.0001636136238764,en,southpark
fran,0.0001636136238764,en,southpark
mater,0.0001636136238764,en,southpark
cinema,0.0001636136238764,en,southpark
eatin,0.0001636136238764,en,southpark
sanctity,0.0001636136238764,en,southpark
rundown,0.0001636136238764,en,southpark
hallelujah,0.0001636136238764,en,southpark
colt,0.0001636136238764,en,southpark
snide,0.0001636136238764,en,southpark
spock,0.0001636136238764,en,southpark
retriever,0.0001636136238764,en,southpark
byproduct,0.0001636136238764,en,southpark
cassie,0.0001636136238764,en,southpark
flex,0.0001636136238764,en,southpark
starch,0.0001636136238764,en,southpark
onboard,0.0001636136238764,en,southpark
filet,0.0001636136238764,en,southpark
lesion,0.0001636136238764,en,southpark
arse,0.0001636136238764,en,southpark
vicodin,0.0001636136238764,en,southpark
recession,0.0001636136238764,en,southpark
absolve,0.0001636136238764,en,southpark
messin,0.0001636136238764,en,southpark
peripheral,0.0001636136238764,en,southpark
heave,0.0001636136238764,en,southpark
propane,0.0001636136238764,en,southpark
expulsion,0.0001636136238764,en,southpark
icky,0.0001636136238764,en,southpark
outraged,0.0001636136238764,en,southpark
imperial,0.0001636136238764,en,southpark
polyester,0.0001636136238764,en,southpark
loony,0.0001636136238764,en,southpark
regress,0.0001636136238764,en,southpark
afflict,0.0001636136238764,en,southpark
barter,0.0001636136238764,en,southpark
drivin,0.0001636136238764,en,southpark
mentality,0.0001636136238764,en,southpark
lessen,0.0001636136238764,en,southpark
lap,0.0001628809314761,en,southpark
breathing,0.0001628809314761,en,southpark
medication,0.0001628809314761,en,southpark
confront,0.0001628809314761,en,southpark
subtle,0.0001628809314761,en,southpark
article,0.0001615060931749,en,southpark
privilege,0.0001615060931749,en,southpark
stole,0.0001615060931749,en,southpark
cage,0.0001615060931749,en,southpark
thirsty,0.0001615060931749,en,southpark
oblivious,0.0001608794719513,en,southpark
enclose,0.0001608794719513,en,southpark
prioritize,0.0001608794719513,en,southpark
aboard,0.0001608794719513,en,southpark
doth,0.0001608794719513,en,southpark
dominance,0.0001608794719513,en,southpark
outdated,0.0001608794719513,en,southpark
pointing,0.0001608794719513,en,southpark
unveil,0.0001608794719513,en,southpark
wright,0.0001608794719513,en,southpark
technological,0.0001608794719513,en,southpark
kiddin,0.0001608794719513,en,southpark
nutrient,0.0001608794719513,en,southpark
godzilla,0.0001608794719513,en,southpark
reno,0.0001608794719513,en,southpark
synchronize,0.0001608794719513,en,southpark
inherent,0.0001608794719513,en,southpark
turmoil,0.0001608794719513,en,southpark
giddy,0.0001608794719513,en,southpark
hardball,0.0001608794719513,en,southpark
zit,0.0001608794719513,en,southpark
revolt,0.0001608794719513,en,southpark
tout,0.0001608794719513,en,southpark
outage,0.0001608794719513,en,southpark
presto,0.0001608794719513,en,southpark
scientifically,0.0001608794719513,en,southpark
slugger,0.0001608794719513,en,southpark
treacherous,0.0001608794719513,en,southpark
sufficiently,0.0001608794719513,en,southpark
pfft,0.0001608794719513,en,southpark
shutdown,0.0001608794719513,en,southpark
journalism,0.0001608794719513,en,southpark
chock,0.0001608794719513,en,southpark
tweezer,0.0001608794719513,en,southpark
loathing,0.0001608794719513,en,southpark
formulate,0.0001608794719513,en,southpark
gymnast,0.0001608794719513,en,southpark
adventurous,0.0001608794719513,en,southpark
polymer,0.0001608794719513,en,southpark
rsvp,0.0001608794719513,en,southpark
brilliance,0.0001608794719513,en,southpark
bubbly,0.0001608794719513,en,southpark
negotiating,0.0001608794719513,en,southpark
morris,0.0001608794719513,en,southpark
taboo,0.0001608794719513,en,southpark
pablo,0.0001608794719513,en,southpark
flak,0.0001608794719513,en,southpark
thingie,0.0001608794719513,en,southpark
gung,0.0001608794719513,en,southpark
consistently,0.0001608794719513,en,southpark
illegitimate,0.0001608794719513,en,southpark
comprehensive,0.0001608794719513,en,southpark
hitchhike,0.0001608794719513,en,southpark
mortuary,0.0001608794719513,en,southpark
bailiff,0.0001608794719513,en,southpark
decompose,0.0001608794719513,en,southpark
downfall,0.0001608794719513,en,southpark
adolescence,0.0001608794719513,en,southpark
bona,0.0001608794719513,en,southpark
demented,0.0001608794719513,en,southpark
worldly,0.0001608794719513,en,southpark
fide,0.0001608794719513,en,southpark
cinderella,0.0001608794719513,en,southpark
maim,0.0001608794719513,en,southpark
piper,0.0001608794719513,en,southpark
janice,0.0001608794719513,en,southpark
hateful,0.0001608794719513,en,southpark
oops,0.0001608794719513,en,southpark
vinegar,0.0001608794719513,en,southpark
upward,0.0001608794719513,en,southpark
cassette,0.0001608794719513,en,southpark
carefree,0.0001608794719513,en,southpark
exponentially,0.0001608794719513,en,southpark
dumping,0.0001608794719513,en,southpark
previous,0.0001601471493142,en,southpark
combination,0.0001588037365805,en,southpark
exception,0.0001588037365805,en,southpark
urgent,0.0001588037365805,en,southpark
reject,0.0001588037365805,en,southpark
duress,0.0001582668788439,en,southpark
autopilot,0.0001582668788439,en,southpark
anarchy,0.0001582668788439,en,southpark
likeness,0.0001582668788439,en,southpark
sweden,0.0001582668788439,en,southpark
tulip,0.0001582668788439,en,southpark
disfigure,0.0001582668788439,en,southpark
snipe,0.0001582668788439,en,southpark
trinity,0.0001582668788439,en,southpark
regimen,0.0001582668788439,en,southpark
smirk,0.0001582668788439,en,southpark
trojan,0.0001582668788439,en,southpark
murray,0.0001582668788439,en,southpark
profess,0.0001582668788439,en,southpark
payout,0.0001582668788439,en,southpark
exhibition,0.0001582668788439,en,southpark
pollution,0.0001582668788439,en,southpark
stairway,0.0001582668788439,en,southpark
platonic,0.0001582668788439,en,southpark
nicotine,0.0001582668788439,en,southpark
checkin,0.0001582668788439,en,southpark
paralyzed,0.0001582668788439,en,southpark
churn,0.0001582668788439,en,southpark
denominator,0.0001582668788439,en,southpark
vie,0.0001582668788439,en,southpark
lovable,0.0001582668788439,en,southpark
wheeler,0.0001582668788439,en,southpark
clout,0.0001582668788439,en,southpark
eiffel,0.0001582668788439,en,southpark
tidal,0.0001582668788439,en,southpark
squirrelly,0.0001582668788439,en,southpark
theodore,0.0001582668788439,en,southpark
thi,0.0001582668788439,en,southpark
alignment,0.0001582668788439,en,southpark
mite,0.0001582668788439,en,southpark
curriculum,0.0001582668788439,en,southpark
buttercup,0.0001582668788439,en,southpark
relevance,0.0001582668788439,en,southpark
wally,0.0001582668788439,en,southpark
pedicure,0.0001582668788439,en,southpark
hierarchy,0.0001582668788439,en,southpark
castrate,0.0001582668788439,en,southpark
sovereign,0.0001582668788439,en,southpark
promptly,0.0001582668788439,en,southpark
petri,0.0001582668788439,en,southpark
commandeer,0.0001582668788439,en,southpark
sod,0.0001582668788439,en,southpark
hideout,0.0001582668788439,en,southpark
dis,0.0001582668788439,en,southpark
broccoli,0.0001582668788439,en,southpark
overwork,0.0001582668788439,en,southpark
dracula,0.0001582668788439,en,southpark
ceremonial,0.0001582668788439,en,southpark
rehabilitate,0.0001582668788439,en,southpark
tombstone,0.0001582668788439,en,southpark
carcass,0.0001582668788439,en,southpark
wring,0.0001582668788439,en,southpark
spatter,0.0001582668788439,en,southpark
biter,0.0001582668788439,en,southpark
whoosh,0.0001582668788439,en,southpark
skyrocket,0.0001582668788439,en,southpark
nutrition,0.0001582668788439,en,southpark
knitting,0.0001582668788439,en,southpark
elevation,0.0001582668788439,en,southpark
reproduction,0.0001582668788439,en,southpark
crapper,0.0001582668788439,en,southpark
undeniable,0.0001582668788439,en,southpark
restock,0.0001582668788439,en,southpark
attentive,0.0001582668788439,en,southpark
tyranny,0.0001582668788439,en,southpark
colossal,0.0001582668788439,en,southpark
fess,0.0001582668788439,en,southpark
cactus,0.0001582668788439,en,southpark
trivial,0.0001582668788439,en,southpark
dio,0.0001582668788439,en,southpark
title,0.0001574755039766,en,southpark
constant,0.0001574755039766,en,southpark
heel,0.0001574755039766,en,southpark
maintain,0.0001574755039766,en,southpark
communication,0.0001574755039766,en,southpark
strategy,0.0001574755039766,en,southpark
underestimate,0.0001574755039766,en,southpark
dealer,0.0001574755039766,en,southpark
temporary,0.0001574755039766,en,southpark
permanent,0.000156162112271,en,southpark
rib,0.000156162112271,en,southpark
iron,0.000156162112271,en,southpark
warrant,0.000156162112271,en,southpark
courtesy,0.000156162112271,en,southpark
surplus,0.0001557654942225,en,southpark
problematic,0.0001557654942225,en,southpark
wantto,0.0001557654942225,en,southpark
hurdle,0.0001557654942225,en,southpark
submission,0.0001557654942225,en,southpark
discontinue,0.0001557654942225,en,southpark
impending,0.0001557654942225,en,southpark
destroyer,0.0001557654942225,en,southpark
complexity,0.0001557654942225,en,southpark
dang,0.0001557654942225,en,southpark
standpoint,0.0001557654942225,en,southpark
fellowship,0.0001557654942225,en,southpark
historian,0.0001557654942225,en,southpark
negligent,0.0001557654942225,en,southpark
inspiring,0.0001557654942225,en,southpark
nighttime,0.0001557654942225,en,southpark
enchant,0.0001557654942225,en,southpark
anguish,0.0001557654942225,en,southpark
calvin,0.0001557654942225,en,southpark
wavelength,0.0001557654942225,en,southpark
watermelon,0.0001557654942225,en,southpark
midday,0.0001557654942225,en,southpark
boulder,0.0001557654942225,en,southpark
gucci,0.0001557654942225,en,southpark
handing,0.0001557654942225,en,southpark
prowl,0.0001557654942225,en,southpark
tingly,0.0001557654942225,en,southpark
pediatric,0.0001557654942225,en,southpark
wart,0.0001557654942225,en,southpark
ditto,0.0001557654942225,en,southpark
lackey,0.0001557654942225,en,southpark
leaving,0.0001557654942225,en,southpark
hoist,0.0001557654942225,en,southpark
malpractice,0.0001557654942225,en,southpark
microscopic,0.0001557654942225,en,southpark
mack,0.0001557654942225,en,southpark
encyclopedia,0.0001557654942225,en,southpark
lam,0.0001557654942225,en,southpark
nemesis,0.0001557654942225,en,southpark
tina,0.0001557654942225,en,southpark
grovel,0.0001557654942225,en,southpark
captor,0.0001557654942225,en,southpark
weary,0.0001557654942225,en,southpark
manhattan,0.0001557654942225,en,southpark
suitor,0.0001557654942225,en,southpark
speechless,0.0001557654942225,en,southpark
screwing,0.0001557654942225,en,southpark
pity,0.0001548632334779,en,southpark
session,0.0001548632334779,en,southpark
motive,0.0001548632334779,en,southpark
attorney,0.0001535785503656,en,southpark
injure,0.0001535785503656,en,southpark
minor,0.0001535785503656,en,southpark
graduate,0.0001535785503656,en,southpark
upside,0.0001535785503656,en,southpark
nasal,0.0001533662358951,en,southpark
werewolf,0.0001533662358951,en,southpark
techno,0.0001533662358951,en,southpark
sequel,0.0001533662358951,en,southpark
crater,0.0001533662358951,en,southpark
fireball,0.0001533662358951,en,southpark
untrue,0.0001533662358951,en,southpark
dumber,0.0001533662358951,en,southpark
brilliantly,0.0001533662358951,en,southpark
roach,0.0001533662358951,en,southpark
colombian,0.0001533662358951,en,southpark
plight,0.0001533662358951,en,southpark
tri,0.0001533662358951,en,southpark
warhead,0.0001533662358951,en,southpark
logistic,0.0001533662358951,en,southpark
dimple,0.0001533662358951,en,southpark
chemist,0.0001533662358951,en,southpark
heartfelt,0.0001533662358951,en,southpark
mound,0.0001533662358951,en,southpark
overweight,0.0001533662358951,en,southpark
homey,0.0001533662358951,en,southpark
rumour,0.0001533662358951,en,southpark
rivet,0.0001533662358951,en,southpark
crest,0.0001533662358951,en,southpark
godforsaken,0.0001533662358951,en,southpark
remake,0.0001533662358951,en,southpark
prosthetic,0.0001533662358951,en,southpark
faced,0.0001533662358951,en,southpark
invert,0.0001533662358951,en,southpark
euro,0.0001533662358951,en,southpark
phenomenal,0.0001533662358951,en,southpark
receptive,0.0001533662358951,en,southpark
eugene,0.0001533662358951,en,southpark
soviet,0.0001533662358951,en,southpark
unanimous,0.0001533662358951,en,southpark
seasoned,0.0001533662358951,en,southpark
onstage,0.0001533662358951,en,southpark
heed,0.0001533662358951,en,southpark
symphony,0.0001533662358951,en,southpark
keepin,0.0001533662358951,en,southpark
stamina,0.0001533662358951,en,southpark
chateau,0.0001533662358951,en,southpark
entail,0.0001533662358951,en,southpark
cornered,0.0001533662358951,en,southpark
statistical,0.0001533662358951,en,southpark
lucke,0.0001533662358951,en,southpark
aroma,0.0001533662358951,en,southpark
comet,0.0001533662358951,en,southpark
posing,0.0001533662358951,en,southpark
reload,0.0001533662358951,en,southpark
ultimatum,0.0001533662358951,en,southpark
jacuzzi,0.0001533662358951,en,southpark
wallow,0.0001533662358951,en,southpark
intense,0.0001523077559913,en,southpark
encourage,0.0001523077559913,en,southpark
extend,0.0001523077559913,en,southpark
height,0.0001523077559913,en,southpark
recall,0.0001523077559913,en,southpark
uncool,0.0001510610907461,en,southpark
miraculously,0.0001510610907461,en,southpark
paula,0.0001510610907461,en,southpark
bernard,0.0001510610907461,en,southpark
repaint,0.0001510610907461,en,southpark
scamme,0.0001510610907461,en,southpark
calmly,0.0001510610907461,en,southpark
novelty,0.0001510610907461,en,southpark
inhabit,0.0001510610907461,en,southpark
peasant,0.0001510610907461,en,southpark
wildfire,0.0001510610907461,en,southpark
erin,0.0001510610907461,en,southpark
newcomer,0.0001510610907461,en,southpark
refrain,0.0001510610907461,en,southpark
fumble,0.0001510610907461,en,southpark
snip,0.0001510610907461,en,southpark
audrey,0.0001510610907461,en,southpark
hopelessly,0.0001510610907461,en,southpark
unexpectedly,0.0001510610907461,en,southpark
lantern,0.0001510610907461,en,southpark
gail,0.0001510610907461,en,southpark
fertilize,0.0001510610907461,en,southpark
whisperer,0.0001510610907461,en,southpark
doable,0.0001510610907461,en,southpark
ballad,0.0001510610907461,en,southpark
hypocritical,0.0001510610907461,en,southpark
chi,0.0001510610907461,en,southpark
hypocrisy,0.0001510610907461,en,southpark
filling,0.0001510610907461,en,southpark
eclipse,0.0001510610907461,en,southpark
moose,0.0001510610907461,en,southpark
faction,0.0001510610907461,en,southpark
misfortune,0.0001510610907461,en,southpark
grande,0.0001510610907461,en,southpark
scone,0.0001510610907461,en,southpark
penitentiary,0.0001510610907461,en,southpark
consumer,0.0001510610907461,en,southpark
knucklehead,0.0001510610907461,en,southpark
beater,0.0001510610907461,en,southpark
clinically,0.0001510610907461,en,southpark
coincidental,0.0001510610907461,en,southpark
profitable,0.0001510610907461,en,southpark
showing,0.0001510610907461,en,southpark
grapefruit,0.0001510610907461,en,southpark
homeowner,0.0001510610907461,en,southpark
manageable,0.0001510610907461,en,southpark
cyanide,0.0001510610907461,en,southpark
earthly,0.0001510610907461,en,southpark
sesame,0.0001510610907461,en,southpark
lingo,0.0001510610907461,en,southpark
hydrogen,0.0001510610907461,en,southpark
booster,0.0001510610907461,en,southpark
stature,0.0001510610907461,en,southpark
siphon,0.0001510610907461,en,southpark
aerial,0.0001510610907461,en,southpark
commissioner,0.0001510610907461,en,southpark
unusual,0.0001510505532613,en,southpark
ease,0.0001510505532613,en,southpark
drain,0.0001510505532613,en,southpark
establish,0.0001510505532613,en,southpark
tattoo,0.0001498066545136,en,southpark
plutonium,0.0001488429532627,en,southpark
plaque,0.0001488429532627,en,southpark
veggie,0.0001488429532627,en,southpark
mileage,0.0001488429532627,en,southpark
cubicle,0.0001488429532627,en,southpark
breeding,0.0001488429532627,en,southpark
nagging,0.0001488429532627,en,southpark
quake,0.0001488429532627,en,southpark
unimaginable,0.0001488429532627,en,southpark
accuracy,0.0001488429532627,en,southpark
abnormality,0.0001488429532627,en,southpark
biz,0.0001488429532627,en,southpark
impenetrable,0.0001488429532627,en,southpark
repress,0.0001488429532627,en,southpark
melodramatic,0.0001488429532627,en,southpark
bureaucratic,0.0001488429532627,en,southpark
canister,0.0001488429532627,en,southpark
shank,0.0001488429532627,en,southpark
hull,0.0001488429532627,en,southpark
moustache,0.0001488429532627,en,southpark
bleacher,0.0001488429532627,en,southpark
barbaric,0.0001488429532627,en,southpark
preoccupied,0.0001488429532627,en,southpark
peppermint,0.0001488429532627,en,southpark
hater,0.0001488429532627,en,southpark
twenty,0.0001488429532627,en,southpark
moth,0.0001488429532627,en,southpark
hanger,0.0001488429532627,en,southpark
plier,0.0001488429532627,en,southpark
five,0.0001488429532627,en,southpark
greece,0.0001488429532627,en,southpark
knockout,0.0001488429532627,en,southpark
immaculate,0.0001488429532627,en,southpark
veterinarian,0.0001488429532627,en,southpark
griffin,0.0001488429532627,en,southpark
spanking,0.0001488429532627,en,southpark
slogan,0.0001488429532627,en,southpark
lifeline,0.0001488429532627,en,southpark
birdie,0.0001488429532627,en,southpark
madonna,0.0001488429532627,en,southpark
starting,0.0001488429532627,en,southpark
rocker,0.0001488429532627,en,southpark
psychos,0.0001488429532627,en,southpark
philip,0.0001488429532627,en,southpark
liable,0.0001488429532627,en,southpark
undress,0.0001488429532627,en,southpark
pam,0.0001488429532627,en,southpark
duffel,0.0001488429532627,en,southpark
bitty,0.0001488429532627,en,southpark
browse,0.0001488429532627,en,southpark
salsa,0.0001488429532627,en,southpark
hairline,0.0001488429532627,en,southpark
nibble,0.0001488429532627,en,southpark
specifically,0.0001473576631263,en,southpark
rude,0.0001473576631263,en,southpark
wildlife,0.0001467054934411,en,southpark
thinker,0.0001467054934411,en,southpark
swedish,0.0001467054934411,en,southpark
sleazy,0.0001467054934411,en,southpark
holme,0.0001467054934411,en,southpark
rev,0.0001467054934411,en,southpark
threatening,0.0001467054934411,en,southpark
wade,0.0001467054934411,en,southpark
ashley,0.0001467054934411,en,southpark
muddy,0.0001467054934411,en,southpark
tract,0.0001467054934411,en,southpark
drake,0.0001467054934411,en,southpark
workaholic,0.0001467054934411,en,southpark
johnny,0.0001467054934411,en,southpark
apologise,0.0001467054934411,en,southpark
defence,0.0001467054934411,en,southpark
carpenter,0.0001467054934411,en,southpark
ken,0.0001467054934411,en,southpark
backward,0.0001467054934411,en,southpark
appreciated,0.0001467054934411,en,southpark
sat,0.0001467054934411,en,southpark
shorten,0.0001467054934411,en,southpark
cloudy,0.0001467054934411,en,southpark
riddance,0.0001467054934411,en,southpark
mitzvah,0.0001467054934411,en,southpark
lucid,0.0001467054934411,en,southpark
fred,0.0001467054934411,en,southpark
yankee,0.0001467054934411,en,southpark
donny,0.0001467054934411,en,southpark
scarce,0.0001467054934411,en,southpark
participation,0.0001467054934411,en,southpark
disgusted,0.0001467054934411,en,southpark
stark,0.0001467054934411,en,southpark
marching,0.0001467054934411,en,southpark
clash,0.0001467054934411,en,southpark
chimp,0.0001467054934411,en,southpark
stacy,0.0001467054934411,en,southpark
competent,0.0001467054934411,en,southpark
manicure,0.0001467054934411,en,southpark
sear,0.0001467054934411,en,southpark
queasy,0.0001467054934411,en,southpark
evasion,0.0001467054934411,en,southpark
perky,0.0001467054934411,en,southpark
digger,0.0001467054934411,en,southpark
wed,0.0001467054934411,en,southpark
falsify,0.0001467054934411,en,southpark
attaboy,0.0001467054934411,en,southpark
spirited,0.0001467054934411,en,southpark
scorn,0.0001467054934411,en,southpark
disown,0.0001467054934411,en,southpark
citation,0.0001467054934411,en,southpark
recycling,0.0001467054934411,en,southpark
severity,0.0001467054934411,en,southpark
brighten,0.0001467054934411,en,southpark
nana,0.0001467054934411,en,southpark
saison,0.0001467054934411,en,southpark
consistency,0.0001467054934411,en,southpark
calculus,0.0001467054934411,en,southpark
harry,0.0001467054934411,en,southpark
incite,0.0001467054934411,en,southpark
algebra,0.0001467054934411,en,southpark
admire,0.0001461520388678,en,southpark
toss,0.0001461520388678,en,southpark
halfway,0.0001449586546609,en,southpark
abandonment,0.0001446430478828,en,southpark
pas,0.0001446430478828,en,southpark
appendix,0.0001446430478828,en,southpark
bitterness,0.0001446430478828,en,southpark
mitt,0.0001446430478828,en,southpark
coordinator,0.0001446430478828,en,southpark
disastrous,0.0001446430478828,en,southpark
debut,0.0001446430478828,en,southpark
fictional,0.0001446430478828,en,southpark
stuffy,0.0001446430478828,en,southpark
worse,0.0001446430478828,en,southpark
cortex,0.0001446430478828,en,southpark
centimeter,0.0001446430478828,en,southpark
checkmate,0.0001446430478828,en,southpark
hillbilly,0.0001446430478828,en,southpark
crock,0.0001446430478828,en,southpark
nitrogen,0.0001446430478828,en,southpark
mysteriously,0.0001446430478828,en,southpark
treaty,0.0001446430478828,en,southpark
manhunt,0.0001446430478828,en,southpark
leonard,0.0001446430478828,en,southpark
livelihood,0.0001446430478828,en,southpark
fret,0.0001446430478828,en,southpark
specify,0.0001446430478828,en,southpark
brainer,0.0001446430478828,en,southpark
comp,0.0001446430478828,en,southpark
eyesight,0.0001446430478828,en,southpark
rabbi,0.0001446430478828,en,southpark
chirp,0.0001446430478828,en,southpark
extort,0.0001446430478828,en,southpark
unsuccessful,0.0001446430478828,en,southpark
foe,0.0001446430478828,en,southpark
caviar,0.0001446430478828,en,southpark
pathway,0.0001446430478828,en,southpark
cockpit,0.0001446430478828,en,southpark
charcoal,0.0001446430478828,en,southpark
zebra,0.0001446430478828,en,southpark
leukemia,0.0001446430478828,en,southpark
burp,0.0001446430478828,en,southpark
optimism,0.0001446430478828,en,southpark
odor,0.0001446430478828,en,southpark
goggle,0.0001446430478828,en,southpark
sara,0.0001446430478828,en,southpark
syndicate,0.0001446430478828,en,southpark
maturity,0.0001446430478828,en,southpark
brawl,0.0001446430478828,en,southpark
incense,0.0001446430478828,en,southpark
binocular,0.0001446430478828,en,southpark
blake,0.0001446430478828,en,southpark
entrepreneur,0.0001446430478828,en,southpark
gregory,0.0001446430478828,en,southpark
technicality,0.0001446430478828,en,southpark
snappy,0.0001446430478828,en,southpark
envision,0.0001446430478828,en,southpark
ascertain,0.0001446430478828,en,southpark
skunk,0.0001446430478828,en,southpark
reinvent,0.0001446430478828,en,southpark
uncertainty,0.0001446430478828,en,southpark
mandy,0.0001446430478828,en,southpark
reproductive,0.0001446430478828,en,southpark
mutually,0.0001446430478828,en,southpark
barne,0.0001446430478828,en,southpark
colleague,0.000143777264468,en,southpark
silent,0.000143777264468,en,southpark
priority,0.000143777264468,en,southpark
valuable,0.000143777264468,en,southpark
impression,0.000143777264468,en,southpark
tend,0.000143777264468,en,southpark
transformer,0.0001426505293612,en,southpark
cliche,0.0001426505293612,en,southpark
formidable,0.0001426505293612,en,southpark
appal,0.0001426505293612,en,southpark
cleansing,0.0001426505293612,en,southpark
gypsy,0.0001426505293612,en,southpark
sonny,0.0001426505293612,en,southpark
wildly,0.0001426505293612,en,southpark
edible,0.0001426505293612,en,southpark
unsafe,0.0001426505293612,en,southpark
metaphorically,0.0001426505293612,en,southpark
controller,0.0001426505293612,en,southpark
newfound,0.0001426505293612,en,southpark
shiver,0.0001426505293612,en,southpark
export,0.0001426505293612,en,southpark
atom,0.0001426505293612,en,southpark
pompous,0.0001426505293612,en,southpark
sham,0.0001426505293612,en,southpark
scrutiny,0.0001426505293612,en,southpark
adjourn,0.0001426505293612,en,southpark
headset,0.0001426505293612,en,southpark
axis,0.0001426505293612,en,southpark
legged,0.0001426505293612,en,southpark
mutt,0.0001426505293612,en,southpark
pedestrian,0.0001426505293612,en,southpark
locally,0.0001426505293612,en,southpark
flourish,0.0001426505293612,en,southpark
obsolete,0.0001426505293612,en,southpark
downright,0.0001426505293612,en,southpark
genocide,0.0001426505293612,en,southpark
listing,0.0001426505293612,en,southpark
tightly,0.0001426505293612,en,southpark
yike,0.0001426505293612,en,southpark
commandment,0.0001426505293612,en,southpark
mythology,0.0001426505293612,en,southpark
lindsay,0.0001426505293612,en,southpark
damp,0.0001426505293612,en,southpark
recharge,0.0001426505293612,en,southpark
millennium,0.0001426505293612,en,southpark
dishonest,0.0001426505293612,en,southpark
ravage,0.0001426505293612,en,southpark
commotion,0.0001426505293612,en,southpark
siege,0.0001426505293612,en,southpark
platoon,0.0001426505293612,en,southpark
reconstruct,0.0001426505293612,en,southpark
finder,0.0001426505293612,en,southpark
operational,0.0001426505293612,en,southpark
twig,0.0001426505293612,en,southpark
behaviour,0.0001426505293612,en,southpark
suburban,0.0001426505293612,en,southpark
intro,0.0001426505293612,en,southpark
speciman,0.0001426505293612,en,southpark
disappoint,0.0001426076295964,en,southpark
useful,0.0001426076295964,en,southpark
badger,0.0001407233512214,en,southpark
hatchet,0.0001407233512214,en,southpark
booking,0.0001407233512214,en,southpark
disengage,0.0001407233512214,en,southpark
whomever,0.0001407233512214,en,southpark
fluff,0.0001407233512214,en,southpark
sympathize,0.0001407233512214,en,southpark
fitness,0.0001407233512214,en,southpark
defenseless,0.0001407233512214,en,southpark
funk,0.0001407233512214,en,southpark
posture,0.0001407233512214,en,southpark
barry,0.0001407233512214,en,southpark
brute,0.0001407233512214,en,southpark
politically,0.0001407233512214,en,southpark
snicker,0.0001407233512214,en,southpark
rake,0.0001407233512214,en,southpark
freaked,0.0001407233512214,en,southpark
morgan,0.0001407233512214,en,southpark
muse,0.0001407233512214,en,southpark
remarry,0.0001407233512214,en,southpark
remission,0.0001407233512214,en,southpark
poppin,0.0001407233512214,en,southpark
nonexistent,0.0001407233512214,en,southpark
wrapper,0.0001407233512214,en,southpark
narc,0.0001407233512214,en,southpark
demolition,0.0001407233512214,en,southpark
squish,0.0001407233512214,en,southpark
baffle,0.0001407233512214,en,southpark
vendor,0.0001407233512214,en,southpark
brood,0.0001407233512214,en,southpark
morally,0.0001407233512214,en,southpark
residential,0.0001407233512214,en,southpark
evolutionary,0.0001407233512214,en,southpark
picky,0.0001407233512214,en,southpark
loom,0.0001407233512214,en,southpark
rematch,0.0001407233512214,en,southpark
emperor,0.0001407233512214,en,southpark
diagram,0.0001407233512214,en,southpark
savor,0.0001407233512214,en,southpark
trouser,0.0001407233512214,en,southpark
subdue,0.0001407233512214,en,southpark
observant,0.0001407233512214,en,southpark
penguin,0.0001407233512214,en,southpark
companionship,0.0001407233512214,en,southpark
impregnate,0.0001407233512214,en,southpark
scottish,0.0001407233512214,en,southpark
dislocate,0.0001407233512214,en,southpark
reconstruction,0.0001407233512214,en,southpark
repent,0.0001407233512214,en,southpark
applicant,0.0001407233512214,en,southpark
snob,0.0001407233512214,en,southpark
minivan,0.0001407233512214,en,southpark
affair,0.00013916697417,en,southpark
harvey,0.0001388573637871,en,southpark
brow,0.0001388573637871,en,southpark
distort,0.0001388573637871,en,southpark
flattered,0.0001388573637871,en,southpark
slab,0.0001388573637871,en,southpark
deactivate,0.0001388573637871,en,southpark
despicable,0.0001388573637871,en,southpark
finished,0.0001388573637871,en,southpark
whiz,0.0001388573637871,en,southpark
retaliate,0.0001388573637871,en,southpark
provision,0.0001388573637871,en,southpark
taxpayer,0.0001388573637871,en,southpark
cameron,0.0001388573637871,en,southpark
bronze,0.0001388573637871,en,southpark
accessible,0.0001388573637871,en,southpark
molecular,0.0001388573637871,en,southpark
unexplained,0.0001388573637871,en,southpark
occurrence,0.0001388573637871,en,southpark
sherlock,0.0001388573637871,en,southpark
outrun,0.0001388573637871,en,southpark
notorious,0.0001388573637871,en,southpark
paragraph,0.0001388573637871,en,southpark
perceptive,0.0001388573637871,en,southpark
schizophrenic,0.0001388573637871,en,southpark
roosevelt,0.0001388573637871,en,southpark
ridiculously,0.0001388573637871,en,southpark
sprinkler,0.0001388573637871,en,southpark
dementia,0.0001388573637871,en,southpark
anyplace,0.0001388573637871,en,southpark
roadblock,0.0001388573637871,en,southpark
upstate,0.0001388573637871,en,southpark
jockey,0.0001388573637871,en,southpark
cougar,0.0001388573637871,en,southpark
obsessed,0.0001388573637871,en,southpark
implode,0.0001388573637871,en,southpark
austin,0.0001388573637871,en,southpark
chitchat,0.0001388573637871,en,southpark
muster,0.0001388573637871,en,southpark
discard,0.0001388573637871,en,southpark
australian,0.0001388573637871,en,southpark
predicament,0.0001388573637871,en,southpark
heinous,0.0001388573637871,en,southpark
downward,0.0001388573637871,en,southpark
precision,0.0001388573637871,en,southpark
raft,0.0001388573637871,en,southpark
pager,0.0001388573637871,en,southpark
thursday,0.0001388573637871,en,southpark
trample,0.0001388573637871,en,southpark
retro,0.0001388573637871,en,southpark
traditionally,0.0001388573637871,en,southpark
bottled,0.0001388573637871,en,southpark
clipping,0.0001388573637871,en,southpark
forgery,0.0001388573637871,en,southpark
stern,0.0001388573637871,en,southpark
qualification,0.0001388573637871,en,southpark
decode,0.0001388573637871,en,southpark
quantum,0.0001388573637871,en,southpark
intention,0.0001380421107081,en,southpark
technically,0.0001380421107081,en,southpark
recommend,0.0001380421107081,en,southpark
rebellion,0.0001370488005562,en,southpark
groupie,0.0001370488005562,en,southpark
moaning,0.0001370488005562,en,southpark
campbell,0.0001370488005562,en,southpark
seafood,0.0001370488005562,en,southpark
sprain,0.0001370488005562,en,southpark
perry,0.0001370488005562,en,southpark
chap,0.0001370488005562,en,southpark
cholesterol,0.0001370488005562,en,southpark
hype,0.0001370488005562,en,southpark
mystical,0.0001370488005562,en,southpark
whim,0.0001370488005562,en,southpark
slime,0.0001370488005562,en,southpark
reminisce,0.0001370488005562,en,southpark
binge,0.0001370488005562,en,southpark
psst,0.0001370488005562,en,southpark
trucker,0.0001370488005562,en,southpark
humanitarian,0.0001370488005562,en,southpark
deodorant,0.0001370488005562,en,southpark
maggot,0.0001370488005562,en,southpark
gland,0.0001370488005562,en,southpark
regime,0.0001370488005562,en,southpark
girly,0.0001370488005562,en,southpark
afloat,0.0001370488005562,en,southpark
junction,0.0001370488005562,en,southpark
moody,0.0001370488005562,en,southpark
meatball,0.0001370488005562,en,southpark
reproduce,0.0001370488005562,en,southpark
luke,0.0001370488005562,en,southpark
spade,0.0001370488005562,en,southpark
processor,0.0001370488005562,en,southpark
precedent,0.0001370488005562,en,southpark
stressed,0.0001370488005562,en,southpark
outline,0.0001370488005562,en,southpark
addictive,0.0001370488005562,en,southpark
medicate,0.0001370488005562,en,southpark
furnace,0.0001370488005562,en,southpark
forearm,0.0001370488005562,en,southpark
kathy,0.0001370488005562,en,southpark
submarine,0.0001370488005562,en,southpark
instinct,0.0001369279096195,en,southpark
eerie,0.0001352942324299,en,southpark
going,0.0001352942324299,en,southpark
gorilla,0.0001352942324299,en,southpark
girlie,0.0001352942324299,en,southpark
shackle,0.0001352942324299,en,southpark
merge,0.0001352942324299,en,southpark
hemorrhage,0.0001352942324299,en,southpark
significantly,0.0001352942324299,en,southpark
grownup,0.0001352942324299,en,southpark
synch,0.0001352942324299,en,southpark
revolutionary,0.0001352942324299,en,southpark
quickie,0.0001352942324299,en,southpark
magnitude,0.0001352942324299,en,southpark
creativity,0.0001352942324299,en,southpark
invoice,0.0001352942324299,en,southpark
embassy,0.0001352942324299,en,southpark
murmur,0.0001352942324299,en,southpark
crossroad,0.0001352942324299,en,southpark
visionary,0.0001352942324299,en,southpark
anonymously,0.0001352942324299,en,southpark
immortality,0.0001352942324299,en,southpark
preacher,0.0001352942324299,en,southpark
adio,0.0001352942324299,en,southpark
plural,0.0001352942324299,en,southpark
reservoir,0.0001352942324299,en,southpark
jumping,0.0001352942324299,en,southpark
delirious,0.0001352942324299,en,southpark
ruling,0.0001352942324299,en,southpark
pornography,0.0001352942324299,en,southpark
workshop,0.0001352942324299,en,southpark
orgasm,0.0001352942324299,en,southpark
sexuality,0.0001352942324299,en,southpark
inhibitor,0.0001352942324299,en,southpark
syringe,0.0001352942324299,en,southpark
arena,0.0001352942324299,en,southpark
skeptical,0.0001352942324299,en,southpark
prettiest,0.0001352942324299,en,southpark
digging,0.0001352942324299,en,southpark
reroute,0.0001352942324299,en,southpark
superpower,0.0001352942324299,en,southpark
dairy,0.0001352942324299,en,southpark
rubble,0.0001352942324299,en,southpark
icu,0.0001352942324299,en,southpark
outgrow,0.0001335905285798,en,southpark
headway,0.0001335905285798,en,southpark
sac,0.0001335905285798,en,southpark
burning,0.0001335905285798,en,southpark
scholar,0.0001335905285798,en,southpark
canine,0.0001335905285798,en,southpark
cellular,0.0001335905285798,en,southpark
assailant,0.0001335905285798,en,southpark
biker,0.0001335905285798,en,southpark
stunned,0.0001335905285798,en,southpark
louise,0.0001335905285798,en,southpark
collide,0.0001335905285798,en,southpark
initiation,0.0001335905285798,en,southpark
contraction,0.0001335905285798,en,southpark
bakery,0.0001335905285798,en,southpark
newbie,0.0001335905285798,en,southpark
pretzel,0.0001335905285798,en,southpark
lineup,0.0001335905285798,en,southpark
raspberry,0.0001335905285798,en,southpark
bottom,0.0001335905285798,en,southpark
proceeding,0.0001335905285798,en,southpark
mixture,0.0001335905285798,en,southpark
sift,0.0001335905285798,en,southpark
gent,0.0001335905285798,en,southpark
penance,0.0001335905285798,en,southpark
frequently,0.0001335905285798,en,southpark
cadaver,0.0001335905285798,en,southpark
swelling,0.0001335905285798,en,southpark
boredom,0.0001335905285798,en,southpark
front,0.0001335905285798,en,southpark
handedly,0.0001335905285798,en,southpark
probability,0.0001335905285798,en,southpark
murderous,0.0001335905285798,en,southpark
insignificant,0.0001335905285798,en,southpark
calorie,0.0001335905285798,en,southpark
aggravate,0.0001335905285798,en,southpark
persuasion,0.0001335905285798,en,southpark
rightful,0.0001335905285798,en,southpark
macho,0.0001319348228273,en,southpark
pepperoni,0.0001319348228273,en,southpark
ignition,0.0001319348228273,en,southpark
butler,0.0001319348228273,en,southpark
sharing,0.0001319348228273,en,southpark
reconcile,0.0001319348228273,en,southpark
violin,0.0001319348228273,en,southpark
winning,0.0001319348228273,en,southpark
challenging,0.0001319348228273,en,southpark
cite,0.0001319348228273,en,southpark
bleak,0.0001319348228273,en,southpark
fre,0.0001319348228273,en,southpark
infest,0.0001319348228273,en,southpark
harper,0.0001319348228273,en,southpark
joker,0.0001319348228273,en,southpark
derive,0.0001319348228273,en,southpark
intrusion,0.0001319348228273,en,southpark
recur,0.0001319348228273,en,southpark
constitution,0.0001319348228273,en,southpark
nicole,0.0001319348228273,en,southpark
dynamite,0.0001319348228273,en,southpark
amber,0.0001319348228273,en,southpark
flank,0.0001319348228273,en,southpark
miraculous,0.0001319348228273,en,southpark
iceberg,0.0001319348228273,en,southpark
dormant,0.0001319348228273,en,southpark
checkbook,0.0001319348228273,en,southpark
manpower,0.0001319348228273,en,southpark
sexist,0.0001319348228273,en,southpark
stepfather,0.0001319348228273,en,southpark
sundown,0.0001319348228273,en,southpark
paste,0.0001319348228273,en,southpark
zipper,0.0001319348228273,en,southpark
loading,0.0001319348228273,en,southpark
automobile,0.0001319348228273,en,southpark
painless,0.0001319348228273,en,southpark
contempt,0.0001319348228273,en,southpark
extraction,0.000130324484632,en,southpark
edgy,0.000130324484632,en,southpark
means,0.000130324484632,en,southpark
indefinitely,0.000130324484632,en,southpark
thrust,0.000130324484632,en,southpark
testosterone,0.000130324484632,en,southpark
unicorn,0.000130324484632,en,southpark
publisher,0.000130324484632,en,southpark
financially,0.000130324484632,en,southpark
criticism,0.000130324484632,en,southpark
burglar,0.000130324484632,en,southpark
judgmental,0.000130324484632,en,southpark
excessive,0.000130324484632,en,southpark
clot,0.000130324484632,en,southpark
pointy,0.000130324484632,en,southpark
squirm,0.000130324484632,en,southpark
pulp,0.000130324484632,en,southpark
atlantic,0.000130324484632,en,southpark
hostess,0.000130324484632,en,southpark
erotic,0.000130324484632,en,southpark
screaming,0.000130324484632,en,southpark
flunk,0.000130324484632,en,southpark
honour,0.000130324484632,en,southpark
ivy,0.000130324484632,en,southpark
awe,0.000130324484632,en,southpark
respectful,0.000130324484632,en,southpark
satisfying,0.000130324484632,en,southpark
stellar,0.000130324484632,en,southpark
unrelated,0.000130324484632,en,southpark
hola,0.000130324484632,en,southpark
samantha,0.000130324484632,en,southpark
mac,0.000130324484632,en,southpark
pavement,0.000130324484632,en,southpark
leech,0.000130324484632,en,southpark
symbolic,0.000130324484632,en,southpark
intersection,0.0001287570939486,en,southpark
mash,0.0001287570939486,en,southpark
hoax,0.0001287570939486,en,southpark
monk,0.0001287570939486,en,southpark
movin,0.0001287570939486,en,southpark
dungeon,0.0001287570939486,en,southpark
royalty,0.0001287570939486,en,southpark
venue,0.0001287570939486,en,southpark
selfless,0.0001287570939486,en,southpark
painfully,0.0001287570939486,en,southpark
dvds,0.0001287570939486,en,southpark
worthwhile,0.0001287570939486,en,southpark
cockroach,0.0001287570939486,en,southpark
presidential,0.0001287570939486,en,southpark
formation,0.0001287570939486,en,southpark
prominent,0.0001287570939486,en,southpark
jinx,0.0001287570939486,en,southpark
acquaint,0.0001287570939486,en,southpark
distraught,0.0001287570939486,en,southpark
cinnamon,0.0001287570939486,en,southpark
lingerie,0.0001287570939486,en,southpark
thong,0.0001287570939486,en,southpark
downhill,0.0001287570939486,en,southpark
organized,0.0001287570939486,en,southpark
fin,0.0001287570939486,en,southpark
bearing,0.0001287570939486,en,southpark
sanction,0.0001287570939486,en,southpark
patty,0.0001287570939486,en,southpark
marking,0.0001272304193509,en,southpark
thinkin,0.0001272304193509,en,southpark
sedan,0.0001272304193509,en,southpark
disrespectful,0.0001272304193509,en,southpark
gardener,0.0001272304193509,en,southpark
bookstore,0.0001272304193509,en,southpark
allegation,0.0001272304193509,en,southpark
tailor,0.0001272304193509,en,southpark
prone,0.0001272304193509,en,southpark
empower,0.0001272304193509,en,southpark
nauseous,0.0001272304193509,en,southpark
enthusiastic,0.0001272304193509,en,southpark
generosity,0.0001272304193509,en,southpark
nonetheless,0.0001272304193509,en,southpark
bathing,0.0001272304193509,en,southpark
dense,0.0001272304193509,en,southpark
stability,0.0001272304193509,en,southpark
northwest,0.0001272304193509,en,southpark
homecoming,0.0001272304193509,en,southpark
hearted,0.0001272304193509,en,southpark
glare,0.0001272304193509,en,southpark
clueless,0.0001272304193509,en,southpark
combo,0.0001272304193509,en,southpark
capability,0.0001272304193509,en,southpark
solely,0.0001272304193509,en,southpark
bobby,0.0001272304193509,en,southpark
babble,0.0001272304193509,en,southpark
schematic,0.0001272304193509,en,southpark
realtor,0.0001272304193509,en,southpark
fetish,0.0001272304193509,en,southpark
abnormal,0.0001272304193509,en,southpark
disco,0.0001272304193509,en,southpark
originate,0.0001272304193509,en,southpark
microscope,0.0001272304193509,en,southpark
dispense,0.0001272304193509,en,southpark
cosmo,0.0001272304193509,en,southpark
exterior,0.0001272304193509,en,southpark
cuban,0.0001272304193509,en,southpark
flinch,0.0001257423989258,en,southpark
reclaim,0.0001257423989258,en,southpark
grin,0.0001257423989258,en,southpark
phd,0.0001257423989258,en,southpark
softly,0.0001257423989258,en,southpark
ventilation,0.0001257423989258,en,southpark
getting,0.0001257423989258,en,southpark
removal,0.0001257423989258,en,southpark
veil,0.0001257423989258,en,southpark
hedge,0.0001257423989258,en,southpark
chronic,0.0001257423989258,en,southpark
tar,0.0001257423989258,en,southpark
radioactive,0.0001257423989258,en,southpark
threesome,0.0001257423989258,en,southpark
neil,0.0001257423989258,en,southpark
charitable,0.0001257423989258,en,southpark
defender,0.0001257423989258,en,southpark
drape,0.0001257423989258,en,southpark
orbit,0.0001257423989258,en,southpark
insecurity,0.0001257423989258,en,southpark
bound,0.0001257423989258,en,southpark
determination,0.0001257423989258,en,southpark
cavalry,0.0001257423989258,en,southpark
steering,0.0001257423989258,en,southpark
grove,0.0001257423989258,en,southpark
fatality,0.0001257423989258,en,southpark
abide,0.0001257423989258,en,southpark
shortage,0.0001257423989258,en,southpark
decoration,0.0001257423989258,en,southpark
merci,0.0001257423989258,en,southpark
mortality,0.0001257423989258,en,southpark
credible,0.0001257423989258,en,southpark
shaving,0.0001257423989258,en,southpark
familiar,0.0001253218922504,en,southpark
underage,0.0001242911235269,en,southpark
sketchy,0.0001242911235269,en,southpark
motivated,0.0001242911235269,en,southpark
manipulative,0.0001242911235269,en,southpark
stairwell,0.0001242911235269,en,southpark
wield,0.0001242911235269,en,southpark
smother,0.0001242911235269,en,southpark
shutter,0.0001242911235269,en,southpark
chow,0.0001242911235269,en,southpark
almighty,0.0001242911235269,en,southpark
cram,0.0001242911235269,en,southpark
crossing,0.0001242911235269,en,southpark
revisit,0.0001242911235269,en,southpark
greg,0.0001242911235269,en,southpark
demo,0.0001242911235269,en,southpark
banker,0.0001242911235269,en,southpark
ultrasound,0.0001242911235269,en,southpark
weaken,0.0001242911235269,en,southpark
suitable,0.0001242911235269,en,southpark
laura,0.0001242911235269,en,southpark
unharmed,0.0001242911235269,en,southpark
excess,0.0001242911235269,en,southpark
enforce,0.0001242911235269,en,southpark
rupture,0.0001242911235269,en,southpark
partially,0.0001242911235269,en,southpark
conspire,0.0001242911235269,en,southpark
devotion,0.0001242911235269,en,southpark
betty,0.0001242911235269,en,southpark
considerate,0.0001242911235269,en,southpark
clearing,0.0001242911235269,en,southpark
greasy,0.0001242911235269,en,southpark
owen,0.0001242911235269,en,southpark
mope,0.0001242911235269,en,southpark
glitch,0.0001242911235269,en,southpark
stench,0.0001242911235269,en,southpark
overboard,0.0001242911235269,en,southpark
upcoming,0.0001228748220459,en,southpark
chemo,0.0001228748220459,en,southpark
knit,0.0001228748220459,en,southpark
mandate,0.0001228748220459,en,southpark
mar,0.0001228748220459,en,southpark
decrease,0.0001228748220459,en,southpark
poisonous,0.0001228748220459,en,southpark
buying,0.0001228748220459,en,southpark
morality,0.0001228748220459,en,southpark
marina,0.0001228748220459,en,southpark
touchy,0.0001228748220459,en,southpark
arch,0.0001228748220459,en,southpark
replicate,0.0001228748220459,en,southpark
respectable,0.0001228748220459,en,southpark
dough,0.0001228748220459,en,southpark
diving,0.0001228748220459,en,southpark
randomly,0.0001228748220459,en,southpark
linen,0.0001228748220459,en,southpark
traumatize,0.0001228748220459,en,southpark
sighting,0.0001228748220459,en,southpark
overdue,0.0001228748220459,en,southpark
publicly,0.0001228748220459,en,southpark
forced,0.0001228748220459,en,southpark
photography,0.0001228748220459,en,southpark
snot,0.0001228748220459,en,southpark
barricade,0.0001228748220459,en,southpark
rendezvous,0.0001228748220459,en,southpark
ringer,0.0001228748220459,en,southpark
superstar,0.0001228748220459,en,southpark
northeast,0.000121491848418,en,southpark
pinpoint,0.000121491848418,en,southpark
dunk,0.000121491848418,en,southpark
bleach,0.000121491848418,en,southpark
platter,0.000121491848418,en,southpark
packing,0.000121491848418,en,southpark
fingertip,0.000121491848418,en,southpark
heir,0.000121491848418,en,southpark
reluctant,0.000121491848418,en,southpark
sorta,0.000121491848418,en,southpark
harness,0.000121491848418,en,southpark
quantity,0.000121491848418,en,southpark
phantom,0.000121491848418,en,southpark
probable,0.000121491848418,en,southpark
pastry,0.000121491848418,en,southpark
privileged,0.000121491848418,en,southpark
documentary,0.000121491848418,en,southpark
willingly,0.000121491848418,en,southpark
maze,0.000121491848418,en,southpark
sufficient,0.000121491848418,en,southpark
reinforcement,0.000121491848418,en,southpark
throne,0.000121491848418,en,southpark
formally,0.000121491848418,en,southpark
salmon,0.000121491848418,en,southpark
deliberate,0.000121491848418,en,southpark
civilized,0.000121491848418,en,southpark
console,0.000121491848418,en,southpark
external,0.0001201406701208,en,southpark
bankrupt,0.0001201406701208,en,southpark
tutor,0.0001201406701208,en,southpark
planner,0.0001201406701208,en,southpark
runway,0.0001201406701208,en,southpark
eddie,0.0001201406701208,en,southpark
suppress,0.0001201406701208,en,southpark
fleet,0.0001201406701208,en,southpark
functional,0.0001201406701208,en,southpark
navy,0.0001201406701208,en,southpark
sedate,0.0001201406701208,en,southpark
brunette,0.0001201406701208,en,southpark
jumper,0.0001201406701208,en,southpark
fury,0.0001201406701208,en,southpark
liberate,0.0001201406701208,en,southpark
retribution,0.0001201406701208,en,southpark
virtual,0.0001201406701208,en,southpark
bunker,0.0001201406701208,en,southpark
rewrite,0.0001201406701208,en,southpark
blueberry,0.0001201406701208,en,southpark
depressing,0.0001201406701208,en,southpark
collective,0.0001201406701208,en,southpark
salon,0.0001201406701208,en,southpark
collision,0.0001201406701208,en,southpark
opener,0.000118819857966,en,southpark
considerable,0.000118819857966,en,southpark
speculation,0.000118819857966,en,southpark
tame,0.000118819857966,en,southpark
psychologist,0.000118819857966,en,southpark
immigration,0.000118819857966,en,southpark
portfolio,0.000118819857966,en,southpark
tan,0.000118819857966,en,southpark
marathon,0.000118819857966,en,southpark
perp,0.000118819857966,en,southpark
gangster,0.000118819857966,en,southpark
diane,0.000118819857966,en,southpark
significance,0.000118819857966,en,southpark
blooded,0.000118819857966,en,southpark
intel,0.000118819857966,en,southpark
troll,0.000118819857966,en,southpark
judging,0.000118819857966,en,southpark
rainy,0.000118819857966,en,southpark
manipulation,0.000118819857966,en,southpark
neutral,0.000118819857966,en,southpark
railroad,0.000118819857966,en,southpark
attacker,0.000118819857966,en,southpark
martyr,0.000118819857966,en,southpark
ketchup,0.000118819857966,en,southpark
inquiry,0.000118819857966,en,southpark
attachment,0.000118819857966,en,southpark
coup,0.000118819857966,en,southpark
overheard,0.000118819857966,en,southpark
infinite,0.000118819857966,en,southpark
desperation,0.0001175280770133,en,southpark
daniel,0.0001175280770133,en,southpark
beacon,0.0001175280770133,en,southpark
currency,0.0001175280770133,en,southpark
housekeeper,0.0001175280770133,en,southpark
irritate,0.0001175280770133,en,southpark
passive,0.0001175280770133,en,southpark
trait,0.0001175280770133,en,southpark
despise,0.0001175280770133,en,southpark
cal,0.0001175280770133,en,southpark
curfew,0.0001175280770133,en,southpark
vous,0.0001175280770133,en,southpark
oddly,0.0001175280770133,en,southpark
meltdown,0.0001175280770133,en,southpark
intensive,0.0001175280770133,en,southpark
cerebral,0.0001175280770133,en,southpark
grumpy,0.0001175280770133,en,southpark
journalist,0.0001175280770133,en,southpark
blueprint,0.0001175280770133,en,southpark
housewife,0.0001175280770133,en,southpark
wheat,0.0001175280770133,en,southpark
keyboard,0.0001175280770133,en,southpark
persuasive,0.0001162640784612,en,southpark
multi,0.0001162640784612,en,southpark
prosecutor,0.0001162640784612,en,southpark
faculty,0.0001162640784612,en,southpark
hassle,0.0001162640784612,en,southpark
linger,0.0001162640784612,en,southpark
loudly,0.0001162640784612,en,southpark
mend,0.0001162640784612,en,southpark
accommodate,0.0001162640784612,en,southpark
sneaky,0.0001162640784612,en,southpark
soy,0.0001162640784612,en,southpark
sitter,0.0001162640784612,en,southpark
accelerate,0.0001162640784612,en,southpark
designate,0.0001162640784612,en,southpark
intentionally,0.0001162640784612,en,southpark
wiring,0.0001162640784612,en,southpark
dangle,0.0001162640784612,en,southpark
realm,0.0001162640784612,en,southpark
infant,0.0001162640784612,en,southpark
wrench,0.0001162640784612,en,southpark
hive,0.0001162640784612,en,southpark
authorization,0.0001162640784612,en,southpark
buster,0.0001162640784612,en,southpark
artificial,0.0001162640784612,en,southpark
vivid,0.0001162640784612,en,southpark
clutch,0.0001162640784612,en,southpark
growl,0.0001162640784612,en,southpark
legendary,0.000115026692392,en,southpark
alice,0.000115026692392,en,southpark
cozy,0.000115026692392,en,southpark
pupil,0.000115026692392,en,southpark
poet,0.000115026692392,en,southpark
cafe,0.000115026692392,en,southpark
limp,0.000115026692392,en,southpark
coworker,0.000115026692392,en,southpark
tactical,0.000115026692392,en,southpark
pact,0.000115026692392,en,southpark
distinguish,0.000115026692392,en,southpark
cradle,0.000115026692392,en,southpark
truthfully,0.000115026692392,en,southpark
relieved,0.000115026692392,en,southpark
unidentified,0.000115026692392,en,southpark
pod,0.000115026692392,en,southpark
remedy,0.000115026692392,en,southpark
sponge,0.000115026692392,en,southpark
gasoline,0.000115026692392,en,southpark
overly,0.000115026692392,en,southpark
related,0.000115026692392,en,southpark
incentive,0.000115026692392,en,southpark
interruption,0.000115026692392,en,southpark
cube,0.000115026692392,en,southpark
sunglass,0.000115026692392,en,southpark
seller,0.0001138148212644,en,southpark
truce,0.0001138148212644,en,southpark
comeback,0.0001138148212644,en,southpark
assassination,0.0001138148212644,en,southpark
feast,0.0001138148212644,en,southpark
separately,0.0001138148212644,en,southpark
bombing,0.0001138148212644,en,southpark
wedge,0.0001138148212644,en,southpark
babysit,0.0001138148212644,en,southpark
drool,0.0001138148212644,en,southpark
invention,0.0001138148212644,en,southpark
deception,0.0001138148212644,en,southpark
doug,0.0001138148212644,en,southpark
elevate,0.0001138148212644,en,southpark
utter,0.0001138148212644,en,southpark
jammed,0.0001138148212644,en,southpark
jazz,0.0001126274340645,en,southpark
ping,0.0001126274340645,en,southpark
representative,0.0001126274340645,en,southpark
digest,0.0001126274340645,en,southpark
shampoo,0.0001126274340645,en,southpark
millimeter,0.0001126274340645,en,southpark
snag,0.0001126274340645,en,southpark
amuse,0.0001126274340645,en,southpark
restrict,0.0001126274340645,en,southpark
google,0.0001126274340645,en,southpark
gown,0.0001126274340645,en,southpark
cocky,0.0001126274340645,en,southpark
taint,0.0001126274340645,en,southpark
escalate,0.0001126274340645,en,southpark
hangover,0.0001126274340645,en,southpark
sympathetic,0.0001126274340645,en,southpark
sarcastic,0.0001126274340645,en,southpark
swat,0.0001126274340645,en,southpark
less,0.0001126274340645,en,southpark
advocate,0.0001126274340645,en,southpark
cutting,0.0001126274340645,en,southpark
fierce,0.0001126274340645,en,southpark
unnatural,0.0001126274340645,en,southpark
priceless,0.0001126274340645,en,southpark
definite,0.0001126274340645,en,southpark
certainty,0.0001126274340645,en,southpark
static,0.0001126274340645,en,southpark
verbal,0.0001126274340645,en,southpark
tenant,0.0001126274340645,en,southpark
charade,0.0001126274340645,en,southpark
ish,0.0001114635610347,en,southpark
showtime,0.0001114635610347,en,southpark
vocal,0.0001114635610347,en,southpark
hottie,0.0001114635610347,en,southpark
trim,0.0001114635610347,en,southpark
painkiller,0.0001114635610347,en,southpark
frat,0.0001114635610347,en,southpark
midst,0.0001114635610347,en,southpark
meaningful,0.0001114635610347,en,southpark
ripe,0.0001114635610347,en,southpark
checking,0.0001114635610347,en,southpark
spec,0.0001114635610347,en,southpark
holding,0.0001114635610347,en,southpark
merchandise,0.0001114635610347,en,southpark
professionally,0.0001114635610347,en,southpark
frightening,0.0001114635610347,en,southpark
duke,0.0001114635610347,en,southpark
jackpot,0.0001114635610347,en,southpark
obnoxious,0.0001114635610347,en,southpark
fume,0.0001114635610347,en,southpark
cam,0.0001114635610347,en,southpark
unpack,0.0001114635610347,en,southpark
restroom,0.0001114635610347,en,southpark
informant,0.0001114635610347,en,southpark
morphine,0.0001114635610347,en,southpark
credential,0.0001114635610347,en,southpark
intervene,0.0001114635610347,en,southpark
tidy,0.0001103222889155,en,southpark
motivation,0.0001103222889155,en,southpark
hideous,0.0001103222889155,en,southpark
tumor,0.0001103222889155,en,southpark
clumsy,0.0001103222889155,en,southpark
balcony,0.0001103222889155,en,southpark
utterly,0.0001103222889155,en,southpark
intellectual,0.0001103222889155,en,southpark
preparation,0.0001103222889155,en,southpark
crib,0.0001103222889155,en,southpark
snore,0.0001103222889155,en,southpark
shuttle,0.0001103222889155,en,southpark
grandchild,0.0001103222889155,en,southpark
medic,0.0001103222889155,en,southpark
tournament,0.0001103222889155,en,southpark
lurk,0.0001103222889155,en,southpark
perfection,0.0001103222889155,en,southpark
bikini,0.0001103222889155,en,southpark
predictable,0.0001103222889155,en,southpark
lining,0.0001103222889155,en,southpark
pep,0.0001092027566403,en,southpark
vegetarian,0.0001092027566403,en,southpark
devoted,0.0001092027566403,en,southpark
altar,0.0001092027566403,en,southpark
dissolve,0.0001092027566403,en,southpark
stimulate,0.0001092027566403,en,southpark
assessment,0.0001092027566403,en,southpark
disturbance,0.0001092027566403,en,southpark
mine,0.0001092027566403,en,southpark
render,0.0001092027566403,en,southpark
profound,0.0001092027566403,en,southpark
likewise,0.0001092027566403,en,southpark
dim,0.0001092027566403,en,southpark
assess,0.0001092027566403,en,southpark
identification,0.0001092027566403,en,southpark
flick,0.0001092027566403,en,southpark
gauge,0.0001092027566403,en,southpark
automatically,0.0001092027566403,en,southpark
luggage,0.0001092027566403,en,southpark
rotate,0.0001081041514321,en,southpark
overseas,0.0001081041514321,en,southpark
glimpse,0.0001081041514321,en,southpark
gracious,0.0001081041514321,en,southpark
defy,0.0001081041514321,en,southpark
slate,0.0001081041514321,en,southpark
bypass,0.0001081041514321,en,southpark
garlic,0.0001081041514321,en,southpark
endure,0.0001081041514321,en,southpark
valid,0.0001081041514321,en,southpark
swamp,0.0001081041514321,en,southpark
vast,0.0001081041514321,en,southpark
onion,0.0001081041514321,en,southpark
reflex,0.0001081041514321,en,southpark
devote,0.0001081041514321,en,southpark
pharmacy,0.0001081041514321,en,southpark
grandparent,0.0001081041514321,en,southpark
incapable,0.0001081041514321,en,southpark
improvise,0.0001081041514321,en,southpark
shipping,0.0001081041514321,en,southpark
survey,0.0001070257052595,en,southpark
undermine,0.0001070257052595,en,southpark
glance,0.0001070257052595,en,southpark
nod,0.0001070257052595,en,southpark
frustrated,0.0001070257052595,en,southpark
settlement,0.0001070257052595,en,southpark
fed,0.0001070257052595,en,southpark
decoy,0.0001070257052595,en,southpark
dread,0.0001070257052595,en,southpark
conceive,0.0001070257052595,en,southpark
empty,0.0001070257052595,en,southpark
blackout,0.0001070257052595,en,southpark
jurisdiction,0.0001070257052595,en,southpark
crucial,0.0001070257052595,en,southpark
psychotic,0.0001070257052595,en,southpark
semester,0.0001070257052595,en,southpark
spa,0.0001070257052595,en,southpark
manufacture,0.0001070257052595,en,southpark
physician,0.0001059666916105,en,southpark
lone,0.0001059666916105,en,southpark
irrational,0.0001059666916105,en,southpark
preppe,0.0001059666916105,en,southpark
regain,0.0001059666916105,en,southpark
occasional,0.0001059666916105,en,southpark
hallucination,0.0001059666916105,en,southpark
grain,0.0001059666916105,en,southpark
wig,0.0001059666916105,en,southpark
unlocked,0.0001059666916105,en,southpark
reschedule,0.0001059666916105,en,southpark
wealth,0.0001059666916105,en,southpark
downstair,0.0001059666916105,en,southpark
productive,0.0001059666916105,en,southpark
mattress,0.0001059666916105,en,southpark
thrilled,0.0001059666916105,en,southpark
comparison,0.0001059666916105,en,southpark
nerd,0.0001059666916105,en,southpark
disappointing,0.0001059666916105,en,southpark
cautious,0.0001059666916105,en,southpark
weep,0.0001059666916105,en,southpark
distinct,0.0001059666916105,en,southpark
sociopath,0.0001059666916105,en,southpark
scatter,0.0001059666916105,en,southpark
spice,0.0001059666916105,en,southpark
percentage,0.0001059666916105,en,southpark
intercept,0.0001059666916105,en,southpark
purely,0.0001059666916105,en,southpark
rotten,0.0001059666916105,en,southpark
leftover,0.0001059666916105,en,southpark
supervise,0.0001059666916105,en,southpark
sew,0.0001049264225534,en,southpark
inflict,0.0001049264225534,en,southpark
charle,0.0001049264225534,en,southpark
ongoing,0.0001049264225534,en,southpark
involved,0.0001049264225534,en,southpark
suicidal,0.0001049264225534,en,southpark
dispose,0.0001049264225534,en,southpark
humiliation,0.0001049264225534,en,southpark
carbon,0.0001049264225534,en,southpark
institute,0.0001049264225534,en,southpark
tracking,0.0001049264225534,en,southpark
stunning,0.0001049264225534,en,southpark
frustrating,0.0001049264225534,en,southpark
nickel,0.0001049264225534,en,southpark
slit,0.0001049264225534,en,southpark
input,0.0001049264225534,en,southpark
realistic,0.0001049264225534,en,southpark
handwriting,0.0001049264225534,en,southpark
surf,0.0001049264225534,en,southpark
chess,0.0001039042460523,en,southpark
bodyguard,0.0001039042460523,en,southpark
conclude,0.0001039042460523,en,southpark
flyer,0.0001039042460523,en,southpark
tempting,0.0001039042460523,en,southpark
gin,0.0001039042460523,en,southpark
objection,0.0001039042460523,en,southpark
swinge,0.0001039042460523,en,southpark
grape,0.0001039042460523,en,southpark
briefcase,0.0001039042460523,en,southpark
smuggle,0.0001039042460523,en,southpark
recognition,0.0001039042460523,en,southpark
cargo,0.0001039042460523,en,southpark
injection,0.0001039042460523,en,southpark
automatic,0.0001039042460523,en,southpark
maiden,0.0001039042460523,en,southpark
walter,0.0001028995435121,en,southpark
counseling,0.0001028995435121,en,southpark
consolation,0.0001028995435121,en,southpark
initiative,0.0001028995435121,en,southpark
outlet,0.0001028995435121,en,southpark
tenth,0.0001028995435121,en,southpark
conceal,0.0001028995435121,en,southpark
memo,0.0001028995435121,en,southpark
hush,0.0001028995435121,en,southpark
vintage,0.0001028995435121,en,southpark
believer,0.0001028995435121,en,southpark
sailor,0.0001028995435121,en,southpark
induce,0.0001028995435121,en,southpark
diary,0.0001028995435121,en,southpark
parole,0.0001019117275306,en,southpark
coverage,0.0001019117275306,en,southpark
strangely,0.0001019117275306,en,southpark
convinced,0.0001019117275306,en,southpark
greet,0.0001019117275306,en,southpark
dean,0.0001019117275306,en,southpark
toothbrush,0.0001019117275306,en,southpark
incoming,0.0001019117275306,en,southpark
leaf,0.0001019117275306,en,southpark
latte,0.0001019117275306,en,southpark
hazard,0.0001019117275306,en,southpark
textbook,0.0001019117275306,en,southpark
fuss,0.0001019117275306,en,southpark
weekly,0.0001019117275306,en,southpark
rep,0.0001009402398359,en,southpark
mat,0.0001009402398359,en,southpark
cemetery,0.0001009402398359,en,southpark
participate,0.0001009402398359,en,southpark
betrayal,0.0001009402398359,en,southpark
extensive,0.0001009402398359,en,southpark
disturbing,0.0001009402398359,en,southpark
ambition,0.0001009402398359,en,southpark
pause,0.0001009402398359,en,southpark
palace,0.0001009402398359,en,southpark
evaluation,0.0001009402398359,en,southpark
breeze,9.998454939088804e-05,en,southpark
adjustment,9.998454939088804e-05,en,southpark
poisoning,9.998454939088804e-05,en,southpark
doorstep,9.998454939088804e-05,en,southpark
unnecessary,9.998454939088804e-05,en,southpark
employment,9.998454939088804e-05,en,southpark
cramp,9.998454939088804e-05,en,southpark
regulation,9.998454939088804e-05,en,southpark
insanity,9.998454939088804e-05,en,southpark
allergy,9.904415065074247e-05,en,southpark
email,9.904415065074247e-05,en,southpark
hum,9.904415065074247e-05,en,southpark
chunk,9.904415065074247e-05,en,southpark
whoo,9.904415065074247e-05,en,southpark
plea,9.904415065074247e-05,en,southpark
vibe,9.904415065074247e-05,en,southpark
sweaty,9.904415065074247e-05,en,southpark
gossip,9.904415065074247e-05,en,southpark
enforcement,9.904415065074247e-05,en,southpark
bizarre,9.904415065074247e-05,en,southpark
obsession,9.904415065074247e-05,en,southpark
suffocate,9.904415065074247e-05,en,southpark
thorough,9.904415065074247e-05,en,southpark
manifest,9.904415065074247e-05,en,southpark
preliminary,9.904415065074247e-05,en,southpark
accessory,9.811856195663036e-05,en,southpark
lottery,9.811856195663036e-05,en,southpark
disposal,9.811856195663036e-05,en,southpark
inhale,9.811856195663036e-05,en,southpark
righteous,9.811856195663036e-05,en,southpark
gps,9.811856195663036e-05,en,southpark
unpleasant,9.811856195663036e-05,en,southpark
clearance,9.811856195663036e-05,en,southpark
improvement,9.811856195663036e-05,en,southpark
software,9.811856195663036e-05,en,southpark
martini,9.811856195663036e-05,en,southpark
visible,9.72073240542811e-05,en,southpark
pea,9.72073240542811e-05,en,southpark
lightly,9.72073240542811e-05,en,southpark
brag,9.72073240542811e-05,en,southpark
envy,9.72073240542811e-05,en,southpark
scanner,9.72073240542811e-05,en,southpark
jeopardy,9.72073240542811e-05,en,southpark
protein,9.72073240542811e-05,en,southpark
wit,9.72073240542811e-05,en,southpark
blunt,9.72073240542811e-05,en,southpark
leverage,9.72073240542811e-05,en,southpark
passport,9.72073240542811e-05,en,southpark
myth,9.72073240542811e-05,en,southpark
marker,9.72073240542811e-05,en,southpark
enormous,9.72073240542811e-05,en,southpark
piano,9.72073240542811e-05,en,southpark
resent,9.630999872564402e-05,en,southpark
dash,9.630999872564402e-05,en,southpark
proudly,9.630999872564402e-05,en,southpark
trump,9.630999872564402e-05,en,southpark
lockdown,9.630999872564402e-05,en,southpark
ingredient,9.630999872564402e-05,en,southpark
supposedly,9.630999872564402e-05,en,southpark
potentially,9.630999872564402e-05,en,southpark
mobile,9.542616752342888e-05,en,southpark
dental,9.542616752342888e-05,en,southpark
dizzy,9.542616752342888e-05,en,southpark
container,9.542616752342888e-05,en,southpark
straighten,9.542616752342888e-05,en,southpark
rival,9.542616752342888e-05,en,southpark
overwhelming,9.542616752342888e-05,en,southpark
investigator,9.542616752342888e-05,en,southpark
contribute,9.542616752342888e-05,en,southpark
occasionally,9.542616752342888e-05,en,southpark
footstep,9.455543059939486e-05,en,southpark
introduction,9.455543059939486e-05,en,southpark
stream,9.455543059939486e-05,en,southpark
permanently,9.455543059939486e-05,en,southpark
impulse,9.455543059939486e-05,en,southpark
pat,9.455543059939486e-05,en,southpark
shade,9.369740561817512e-05,en,southpark
grenade,9.369740561817512e-05,en,southpark
anticipate,9.369740561817512e-05,en,southpark
rap,9.369740561817512e-05,en,southpark
yank,9.369740561817512e-05,en,southpark
cue,9.369740561817512e-05,en,southpark
unacceptable,9.369740561817512e-05,en,southpark
upgrade,9.369740561817512e-05,en,southpark
deadline,9.369740561817512e-05,en,southpark
runner,9.369740561817512e-05,en,southpark
bartender,9.369740561817512e-05,en,southpark
businessman,9.285172674925216e-05,en,southpark
comb,9.285172674925216e-05,en,southpark
disappointment,9.285172674925216e-05,en,southpark
immune,9.285172674925216e-05,en,southpark
sleeve,9.285172674925216e-05,en,southpark
traditional,9.285172674925216e-05,en,southpark
rail,9.285172674925216e-05,en,southpark
lunatic,9.285172674925216e-05,en,southpark
exhibit,9.20180437304316e-05,en,southpark
stunt,9.20180437304316e-05,en,southpark
unstable,9.20180437304316e-05,en,southpark
dispatch,9.20180437304316e-05,en,southpark
arrogant,9.20180437304316e-05,en,southpark
discount,9.20180437304316e-05,en,southpark
limb,9.20180437304316e-05,en,southpark
confidential,9.20180437304316e-05,en,southpark
strain,9.1196020996814e-05,en,southpark
acquire,9.1196020996814e-05,en,southpark
gag,9.1196020996814e-05,en,southpark
ambush,9.1196020996814e-05,en,southpark
raid,9.1196020996814e-05,en,southpark
practical,9.1196020996814e-05,en,southpark
neglect,9.038533686984346e-05,en,southpark
fork,9.038533686984346e-05,en,southpark
ward,9.038533686984346e-05,en,southpark
orphan,9.038533686984346e-05,en,southpark
picnic,9.038533686984346e-05,en,southpark
lease,9.038533686984346e-05,en,southpark
sole,8.95856828015283e-05,en,southpark
ideal,8.95856828015283e-05,en,southpark
zip,8.95856828015283e-05,en,southpark
gamble,8.95856828015283e-05,en,southpark
proposal,8.95856828015283e-05,en,southpark
execution,8.95856828015283e-05,en,southpark
intent,8.95856828015283e-05,en,southpark
occupy,8.95856828015283e-05,en,southpark
coin,8.879676266938993e-05,en,southpark
strongly,8.879676266938993e-05,en,southpark
twisted,8.879676266938993e-05,en,southpark
tent,8.879676266938993e-05,en,southpark
motor,8.879676266938993e-05,en,southpark
counsel,8.879676266938993e-05,en,southpark
sigh,8.879676266938993e-05,en,southpark
convenient,8.879676266938993e-05,en,southpark
passenger,8.801829211810809e-05,en,southpark
resume,8.801829211810809e-05,en,southpark
initial,8.801829211810809e-05,en,southpark
stubborn,8.801829211810809e-05,en,southpark
buyer,8.801829211810809e-05,en,southpark
amateur,8.801829211810809e-05,en,southpark
illusion,8.801829211810809e-05,en,southpark
violate,8.724999794419957e-05,en,southpark
ink,8.724999794419957e-05,en,southpark
dime,8.724999794419957e-05,en,southpark
honesty,8.724999794419957e-05,en,southpark
mutual,8.724999794419957e-05,en,southpark
sympathy,8.649161752039849e-05,en,southpark
swap,8.649161752039849e-05,en,southpark
significant,8.649161752039849e-05,en,southpark
gunshot,8.649161752039849e-05,en,southpark
exhausted,8.574289825670344e-05,en,southpark
messy,8.574289825670344e-05,en,southpark
pace,8.574289825670344e-05,en,southpark
seed,8.574289825670344e-05,en,southpark
reserve,8.574289825670344e-05,en,southpark
blend,8.574289825670344e-05,en,southpark
accurate,8.574289825670344e-05,en,southpark
cleaning,8.500359709532368e-05,en,southpark
tab,8.500359709532368e-05,en,southpark
bribe,8.427348003699764e-05,en,southpark
pad,8.427348003699764e-05,en,southpark
ceiling,8.427348003699764e-05,en,southpark
perspective,8.427348003699764e-05,en,southpark
bluff,8.427348003699764e-05,en,southpark
absolute,8.427348003699764e-05,en,southpark
destiny,8.427348003699764e-05,en,southpark
qualified,8.427348003699764e-05,en,southpark
gesture,8.355232169637398e-05,en,southpark
dot,8.355232169637398e-05,en,southpark
booze,8.355232169637398e-05,en,southpark
bride,8.355232169637398e-05,en,southpark
coast,8.283990488434126e-05,en,southpark
stitch,8.283990488434126e-05,en,southpark
transport,8.283990488434126e-05,en,southpark
burden,8.283990488434126e-05,en,southpark
blackmail,8.283990488434126e-05,en,southpark
stir,8.213602021536955e-05,en,southpark
unconscious,8.213602021536955e-05,en,southpark
grill,8.213602021536955e-05,en,southpark
headache,8.14404657380882e-05,en,southpark
top,8.14404657380882e-05,en,southpark
planning,8.14404657380882e-05,en,southpark
repair,8.14404657380882e-05,en,southpark
hearing,8.14404657380882e-05,en,southpark
imply,8.075304658746838e-05,en,southpark
fold,8.075304658746838e-05,en,southpark
eliminate,7.940186829027108e-05,en,southpark
liberty,7.940186829027108e-05,en,southpark
internal,7.940186829027108e-05,en,southpark
elevator,7.940186829027108e-05,en,southpark
roommate,7.873775198831685e-05,en,southpark
tricky,7.873775198831685e-05,en,southpark
flatter,7.808105613550732e-05,en,southpark
fridge,7.808105613550732e-05,en,southpark
quote,7.808105613550732e-05,en,southpark
bruise,7.743161673895404e-05,en,southpark
nap,7.67892751828022e-05,en,southpark
influence,7.67892751828022e-05,en,southpark
reputation,7.615387799569876e-05,en,southpark
assault,7.615387799569876e-05,en,southpark
terrify,7.615387799569876e-05,en,southpark
armed,7.490332725680141e-05,en,southpark
cab,7.428789056144108e-05,en,southpark
paperwork,7.428789056144108e-05,en,southpark
element,7.307601943392511e-05,en,southpark
prevent,7.307601943392511e-05,en,southpark
range,7.247932733045471e-05,en,southpark
judgment,7.130381479820448e-05,en,southpark
comfort,7.130381479820448e-05,en,southpark
funeral,7.130381479820448e-05,en,southpark
particularly,7.130381479820448e-05,en,southpark
bump,7.072475920420559e-05,en,southpark
privacy,6.958348708502555e-05,en,southpark
entirely,6.791208533372987e-05,en,southpark
