mot,poids_tfidf,langue,serie
susan,0.163973558073611,fr,swingtown
trina,0.1568432064731769,fr,swingtown
bruce,0.1483781609414838,fr,swingtown
taire,0.116729188786739,fr,swingtown
laurie,0.1094345541358632,fr,swingtown
tre,0.0989492461238582,fr,swingtown
soir,0.083385149296975,fr,swingtown
mme,0.0796232214902921,fr,swingtown
janet,0.0653951083102885,fr,swingtown
decker,0.064417745515769,fr,swingtown
veux,0.0618432788274114,fr,swingtown
mareno,0.059452275254991,fr,swingtown
fte,0.0555351924957901,fr,swingtown
doug,0.048624005998887,fr,swingtown
swingtown,0.0475618202039928,fr,swingtown
ici,0.0471555001059011,fr,swingtown
mieux,0.0448363771498732,fr,swingtown
trs,0.0440633361645306,fr,swingtown
reem,0.0423170114480239,fr,swingtown
heure,0.04097117222316,fr,swingtown
aimer,0.04097117222316,fr,swingtown
tom,0.0408163020710619,fr,swingtown
appeler,0.0401981312378174,fr,swingtown
mari,0.0374064221145308,fr,swingtown
nouveau,0.0371059672964468,fr,swingtown
brad,0.0359612153533283,fr,swingtown
enfant,0.0355598853257615,fr,swingtown
laisse,0.0355598853257615,fr,swingtown
besoin,0.0347868443404189,fr,swingtown
petit,0.0340138033550762,fr,swingtown
soire,0.033808442199157,fr,swingtown
salut,0.0332407623697336,fr,swingtown
finir,0.0332407623697336,fr,swingtown
ami,0.0332407623697336,fr,swingtown
demain,0.0327306193502145,fr,swingtown
voil,0.0324677213843909,fr,swingtown
dsol,0.0324677213843909,fr,swingtown
puzzlerama,0.0317078801359952,fr,swingtown
maison,0.0316946803990483,fr,swingtown
dsole,0.0311720184287757,fr,swingtown
apr,0.0309216394137057,fr,swingtown
raison,0.0293755574430204,fr,swingtown
miller,0.0292639062068756,fr,swingtown
boulot,0.0290676082735232,fr,swingtown
ricky,0.0288507830780684,fr,swingtown
rentrer,0.0286025164576777,fr,swingtown
semaine,0.0286025164576777,fr,swingtown
attendre,0.0286025164576777,fr,swingtown
regarder,0.0278294754723351,fr,swingtown
chercher,0.0278294754723351,fr,swingtown
vien,0.0270564344869924,fr,swingtown
main,0.0270564344869924,fr,swingtown
voisin,0.0255516953892848,fr,swingtown
week,0.025245194845236,fr,swingtown
melinda,0.0251650521780089,fr,swingtown
verre,0.0251395531014255,fr,swingtown
parfaire,0.0251395531014255,fr,swingtown
end,0.0251039144638396,fr,swingtown
pass,0.0247373115309645,fr,swingtown
prend,0.0247373115309645,fr,swingtown
mal,0.0247373115309645,fr,swingtown
jeu,0.0247373115309645,fr,swingtown
bruc,0.0244739119259118,fr,swingtown
sortir,0.0239642705456219,fr,swingtown
club,0.0238482490299992,fr,swingtown
pense,0.0231912295602792,fr,swingtown
chalet,0.0227615235608423,fr,swingtown
sylvier,0.022648546960208,fr,swingtown
tai,0.0225997133608624,fr,swingtown
vrai,0.0224181885749366,fr,swingtown
fille,0.0224181885749366,fr,swingtown
chance,0.0224181885749366,fr,swingtown
air,0.0224181885749366,fr,swingtown
bobbi,0.0224061723533109,fr,swingtown
cincinnati,0.0222314418671082,fr,swingtown
tokyo,0.0218978075269539,fr,swingtown
crmaillre,0.0217874144218869,fr,swingtown
sai,0.0216451475895939,fr,swingtown
accord,0.0216451475895939,fr,swingtown
plat,0.0210411124394236,fr,swingtown
journe,0.0210411124394236,fr,swingtown
pre,0.0208721066042513,fr,swingtown
nuit,0.0208721066042513,fr,swingtown
aider,0.0208721066042513,fr,swingtown
famille,0.0208721066042513,fr,swingtown
grand,0.0208721066042513,fr,swingtown
logan,0.0202917367866148,fr,swingtown
oublier,0.0202618119787042,fr,swingtown
vite,0.0200990656189087,fr,swingtown
dernier,0.0200990656189087,fr,swingtown
ouai,0.0197993386895475,fr,swingtown
loky,0.0196737337438834,fr,swingtown
thompson,0.019651431310884,fr,swingtown
stephen,0.0196207676327397,fr,swingtown
hyatt,0.0195309283606264,fr,swingtown
coup,0.0194825115179848,fr,swingtown
souvenir,0.019326024633566,fr,swingtown
invit,0.0189657114775758,fr,swingtown
changer,0.0187032110572654,fr,swingtown
propos,0.0185529836482234,fr,swingtown
meilleur,0.0185529836482234,fr,swingtown
aime,0.0185529836482234,fr,swingtown
long,0.0185529836482234,fr,swingtown
pendulum,0.018250219351527,fr,swingtown
adorer,0.0182153915943837,fr,swingtown
sylvia,0.0181195229177307,fr,swingtown
harry,0.0180613491614799,fr,swingtown
gentil,0.017923910596546,fr,swingtown
ide,0.0177799426628807,fr,swingtown
sentir,0.0177799426628807,fr,swingtown
aide,0.0177799426628807,fr,swingtown
changiste,0.0173509359486259,fr,swingtown
plaisir,0.01728344275723,fr,swingtown
minute,0.0171446101358266,fr,swingtown
trouv,0.0170069016775381,fr,swingtown
quelqu,0.0170069016775381,fr,swingtown
point,0.0170069016775381,fr,swingtown
chrie,0.0170069016775381,fr,swingtown
perdre,0.0170069016775381,fr,swingtown
dieu,0.0170069016775381,fr,swingtown
trader,0.0168411768044067,fr,swingtown
amie,0.0164978317228105,fr,swingtown
prt,0.0163653096751072,fr,swingtown
plutt,0.0163653096751072,fr,swingtown
chambre,0.0163653096751072,fr,swingtown
essayer,0.0162338606921954,fr,swingtown
bonjour,0.0162338606921954,fr,swingtown
papa,0.0162338606921954,fr,swingtown
question,0.0162338606921954,fr,swingtown
brownie,0.016099443918439,fr,swingtown
pierce,0.0159596548364183,fr,swingtown
rosy,0.0158539400679976,fr,swingtown
manger,0.0157122206883909,fr,swingtown
ensembl,0.0155860092143878,fr,swingtown
sub,0.0155661007448801,fr,swingtown
occuper,0.0154608197068528,fr,swingtown
problme,0.0154608197068528,fr,swingtown
revenir,0.0154608197068528,fr,swingtown
dner,0.015416247618229,fr,swingtown
samantha,0.0153870843083031,fr,swingtown
parent,0.0151693883834518,fr,swingtown
livre,0.0150474974040561,fr,swingtown
bullet,0.0149752394871648,fr,swingtown
hier,0.0148067087536684,fr,swingtown
train,0.0148067087536684,fr,swingtown
prochain,0.0148067087536684,fr,swingtown
attend,0.0148067087536684,fr,swingtown
important,0.0146877787215102,fr,swingtown
vieux,0.0146877787215102,fr,swingtown
porte,0.0146877787215102,fr,swingtown
affaire,0.0146877787215102,fr,swingtown
titre,0.014604866164638,fr,swingtown
voiture,0.014604866164638,fr,swingtown
amuser,0.0144874415206408,fr,swingtown
changisme,0.0144591132905216,fr,swingtown
henry,0.0144537901167521,fr,swingtown
retrouver,0.014027408292949,fr,swingtown
film,0.0140181345703821,fr,swingtown
prof,0.0139745832694938,fr,swingtown
fait,0.0139147377361675,fr,swingtown
libre,0.0135726106588779,fr,swingtown
secret,0.0134635503088923,fr,swingtown
sre,0.0134635503088923,fr,swingtown
ville,0.0133553875851323,fr,swingtown
devrai,0.0133553875851323,fr,swingtown
gail,0.0132738095706581,fr,swingtown
tard,0.0132481078322296,fr,swingtown
revoir,0.0132481078322296,fr,swingtown
pice,0.0131416967508249,fr,swingtown
partie,0.0131416967508249,fr,swingtown
nixon,0.013090358548274,fr,swingtown
diner,0.0130887216479017,fr,swingtown
rog,0.0130206189070842,fr,swingtown
ravir,0.0126727748845911,fr,swingtown
ford,0.012613350621047,fr,swingtown
gala,0.0125918601049547,fr,swingtown
mre,0.0125697765507127,fr,swingtown
reprendre,0.0125697765507127,fr,swingtown
heureux,0.0125697765507127,fr,swingtown
prcdemmer,0.0125638342074298,fr,swingtown
matin,0.0124688073715102,fr,swingtown
lehman,0.0124568507634314,fr,swingtown
peur,0.0123686557654822,fr,swingtown
loin,0.0123686557654822,fr,swingtown
rappeler,0.0123686557654822,fr,swingtown
commencer,0.0123686557654822,fr,swingtown
compte,0.0123686557654822,fr,swingtown
quipe,0.012170721803865,fr,swingtown
invite,0.0121191311204743,fr,swingtown
drange,0.0120728679338674,fr,swingtown
retard,0.0120728679338674,fr,swingtown
berghoff,0.0118904550509982,fr,swingtown
rick,0.011811191050843,fr,swingtown
vol,0.0117841655162932,fr,swingtown
payer,0.0117841655162932,fr,swingtown
trudy,0.0117799573932839,fr,swingtown
commandant,0.0117209747581751,fr,swingtown
dur,0.0116895069107908,fr,swingtown
cherche,0.0116895069107908,fr,swingtown
espr,0.0116895069107908,fr,swingtown
parle,0.0116895069107908,fr,swingtown
jouer,0.0116895069107908,fr,swingtown
lisa,0.0116685292063491,fr,swingtown
doute,0.0115956147801396,fr,swingtown
arrte,0.0115956147801396,fr,swingtown
comprend,0.0115956147801396,fr,swingtown
aujourd,0.0115956147801396,fr,swingtown
donne,0.0115956147801396,fr,swingtown
enrobs,0.0115672906324173,fr,swingtown
sacoche,0.0115456308063589,fr,swingtown
magnifique,0.0114514479172496,fr,swingtown
juillet,0.0114510937331252,fr,swingtown
anniversaire,0.011359340350274,fr,swingtown
saison,0.0112534788975832,fr,swingtown
bud,0.011220307327092,fr,swingtown
rejoindre,0.0109985544818736,fr,swingtown
oubli,0.0109985544818736,fr,swingtown
chri,0.0109830715666456,fr,swingtown
guatemala,0.01091746183938,fr,swingtown
plein,0.0109102064500715,fr,swingtown
appel,0.0108225737947969,fr,swingtown
sens,0.0108225737947969,fr,swingtown
poste,0.0108067594511896,fr,swingtown
sam,0.0107411321239636,fr,swingtown
tapisserie,0.0107288778564571,fr,swingtown
photo,0.010547958896683,fr,swingtown
session,0.0104709773183214,fr,swingtown
acheter,0.0104631522093517,fr,swingtown
luke,0.010435457188933,fr,swingtown
djeuner,0.0103790552097301,fr,swingtown
occupe,0.0103790552097301,fr,swingtown
tammy,0.0103772532911445,fr,swingtown
spike,0.0103135260456413,fr,swingtown
bizarre,0.0102956561185647,fr,swingtown
grave,0.0102956561185647,fr,swingtown
rencontre,0.0102956561185647,fr,swingtown
prparer,0.0102956561185647,fr,swingtown
browni,0.0102829615126556,fr,swingtown
march,0.0102129434474541,fr,swingtown
offrir,0.0102129434474541,fr,swingtown
reagan,0.010212751659814,fr,swingtown
facile,0.0101309059893521,fr,swingtown
doi,0.0101309059893521,fr,swingtown
cours,0.0101309059893521,fr,swingtown
srement,0.0101309059893521,fr,swingtown
plage,0.0100812880584876,fr,swingtown
ricochet,0.0100660208712035,fr,swingtown
samanther,0.010054966285476,fr,swingtown
devenir,0.0100495328094543,fr,swingtown
droit,0.0100495328094543,fr,swingtown
travailler,0.0100495328094543,fr,swingtown
parl,0.0100495328094543,fr,swingtown
travail,0.0100495328094543,fr,swingtown
pisode,0.0099177551177713,fr,swingtown
existentiel,0.0099033701917667,fr,swingtown
comit,0.0098346744667205,fr,swingtown
playboy,0.0097714367211655,fr,swingtown
libertinage,0.0097654641803132,fr,swingtown
porno,0.0097503416903139,fr,swingtown
cuisine,0.009736577443092,fr,swingtown
coucher,0.009736577443092,fr,swingtown
boucle,0.0096782054504,fr,swingtown
recette,0.0096670189115673,fr,swingtown
sembler,0.0096582943470939,fr,swingtown
gnial,0.0096582943470939,fr,swingtown
contraire,0.0096582943470939,fr,swingtown
accept,0.0096287711396687,fr,swingtown
malone,0.0096235296025181,fr,swingtown
dmnagement,0.009617103023985,fr,swingtown
professeur,0.0095998320768173,fr,swingtown
cole,0.0095806663474432,fr,swingtown
amour,0.0095806663474432,fr,swingtown
idiot,0.0095806663474432,fr,swingtown
envier,0.0095806663474432,fr,swingtown
gorge,0.0094452196203586,fr,swingtown
boire,0.0094273324130345,fr,swingtown
ensemble,0.0094273324130345,fr,swingtown
couple,0.0093689549760711,fr,swingtown
pareil,0.0093516055286327,fr,swingtown
instant,0.0093516055286327,fr,swingtown
autant,0.0093516055286327,fr,swingtown
gimlet,0.0093426380725736,fr,swingtown
consigne,0.0093395402921413,fr,swingtown
veu,0.0092764918241117,fr,swingtown
apprendre,0.0092764918241117,fr,swingtown
garde,0.0092764918241117,fr,swingtown
tour,0.0092764918241117,fr,swingtown
cause,0.0092764918241117,fr,swingtown
mois,0.0092764918241117,fr,swingtown
bote,0.0092184474923393,fr,swingtown
profond,0.0092184474923393,fr,swingtown
ouverture,0.0091870100553642,fr,swingtown
profiter,0.0091441810740835,fr,swingtown
silver,0.0091008014960463,fr,swingtown
flicitation,0.0090705576631884,fr,swingtown
fondue,0.0090597614588653,fr,swingtown
acteur,0.0088844680913296,fr,swingtown
dollar,0.0088702798991699,fr,swingtown
rpublicain,0.0088664749091213,fr,swingtown
tarte,0.0088178151350464,fr,swingtown
com,0.0087983685912727,fr,swingtown
exprience,0.0087822774851563,fr,swingtown
papier,0.008641721378615,fr,swingtown
surprise,0.008641721378615,fr,swingtown
bel,0.008641721378615,fr,swingtown
impossible,0.008641721378615,fr,swingtown
avouer,0.0085865632912351,fr,swingtown
rponse,0.0085723050679133,fr,swingtown
joli,0.0085723050679133,fr,swingtown
endroit,0.0085723050679133,fr,swingtown
expliquer,0.0085723050679133,fr,swingtown
collecte,0.0085053867381669,fr,swingtown
nom,0.008503450838769,fr,swingtown
valoir,0.008503450838769,fr,swingtown
anne,0.008503450838769,fr,swingtown
haut,0.008503450838769,fr,swingtown
demande,0.008503450838769,fr,swingtown
face,0.008503450838769,fr,swingtown
avis,0.008503450838769,fr,swingtown
feu,0.008503450838769,fr,swingtown
simple,0.008503450838769,fr,swingtown
garder,0.008503450838769,fr,swingtown
place,0.008503450838769,fr,swingtown
ressembler,0.008503450838769,fr,swingtown
pornographie,0.0084392547702675,fr,swingtown
honey,0.0084023146324916,fr,swingtown
prometton,0.0084023146324916,fr,swingtown
lyce,0.0083162039011445,fr,swingtown
honneur,0.0083128918855304,fr,swingtown
arrange,0.0083052106693745,fr,swingtown
jolie,0.0082459615119895,fr,swingtown
authentique,0.0082046823307225,fr,swingtown
soleil,0.0081796056551782,fr,swingtown
sympa,0.00811381453591,fr,swingtown
malade,0.00811381453591,fr,swingtown
mariage,0.00811381453591,fr,swingtown
htesse,0.0080832757982312,fr,swingtown
cornichon,0.0080497219592195,fr,swingtown
poisson,0.0080485797964422,fr,swingtown
cave,0.0080303063946707,fr,swingtown
stupide,0.0079838886228693,fr,swingtown
pote,0.0079838886228693,fr,swingtown
allai,0.0079838886228693,fr,swingtown
invits,0.0079587717647016,fr,swingtown
davis,0.0079286532832024,fr,swingtown
burdi,0.0079269700339988,fr,swingtown
cardenal,0.0079269700339988,fr,swingtown
korbut,0.0079269700339988,fr,swingtown
falstaff,0.0079269700339988,fr,swingtown
napervill,0.0079269700339988,fr,swingtown
conseil,0.007919735475819,fr,swingtown
tort,0.0078561103441954,fr,swingtown
sujet,0.0078561103441954,fr,swingtown
collgue,0.0078544080628505,fr,swingtown
fameux,0.007853232988741,fr,swingtown
rgle,0.0077930046071939,fr,swingtown
suite,0.0077930046071939,fr,swingtown
chang,0.0077930046071939,fr,swingtown
courant,0.0077930046071939,fr,swingtown
choisir,0.0077930046071939,fr,swingtown
rdac,0.007735144534231,fr,swingtown
arrter,0.0077304098534264,fr,swingtown
fin,0.0077304098534264,fr,swingtown
dormir,0.0077304098534264,fr,swingtown
presque,0.0077304098534264,fr,swingtown
gagner,0.0077304098534264,fr,swingtown
anthony,0.0076980973939068,fr,swingtown
volley,0.0076935421541515,fr,swingtown
licenci,0.0076935421541515,fr,swingtown
fonctionner,0.0076655086167854,fr,swingtown
maillot,0.0076340624887501,fr,swingtown
killer,0.007585034040376,fr,swingtown
dlicieux,0.0075768017578508,fr,swingtown
embrayage,0.0075495156534026,fr,swingtown
cool,0.0075423661300958,fr,swingtown
concert,0.0074547528411715,fr,swingtown
amoureux,0.0074213653607905,fr,swingtown
excuser,0.0074213653607905,fr,swingtown
fonds,0.0073921812454618,fr,swingtown
crit,0.007302433082319,fr,swingtown
prpare,0.007302433082319,fr,swingtown
rflchir,0.007302433082319,fr,swingtown
topaz,0.0073000877406108,fr,swingtown
dbauchs,0.0073000877406108,fr,swingtown
dunc,0.0073000877406108,fr,swingtown
poulet,0.0072720934356663,fr,swingtown
gare,0.0072720934356663,fr,swingtown
mec,0.0072437207603204,fr,swingtown
accompagner,0.0072437207603204,fr,swingtown
rend,0.0072437207603204,fr,swingtown
enchre,0.0072245396645919,fr,swingtown
country,0.0072242142945291,fr,swingtown
stu,0.0072176472018886,fr,swingtown
inquite,0.0071854997605824,fr,swingtown
licorne,0.0071854901834915,fr,swingtown
inviter,0.0071542931523931,fr,swingtown
plaisante,0.0071542931523931,fr,swingtown
michell,0.0071505891174833,fr,swingtown
magazine,0.0071454522652833,fr,swingtown
prte,0.0071277619282371,fr,swingtown
super,0.0071277619282371,fr,swingtown
emmener,0.0071277619282371,fr,swingtown
bientt,0.0071277619282371,fr,swingtown
ligne,0.0071277619282371,fr,swingtown
manque,0.0070704993097759,fr,swingtown
cherie,0.0070679744359703,fr,swingtown
philo,0.0070679744359703,fr,swingtown
consign,0.0070679744359703,fr,swingtown
parat,0.0070386948730181,fr,swingtown
joue,0.0070137041464745,fr,swingtown
all,0.0070137041464745,fr,swingtown
fou,0.0070137041464745,fr,swingtown
accepter,0.0070137041464745,fr,swingtown
pire,0.0070137041464745,fr,swingtown
servir,0.0070137041464745,fr,swingtown
service,0.0070137041464745,fr,swingtown
jeune,0.0070137041464745,fr,swingtown
organiser,0.0069816960558671,fr,swingtown
trsor,0.0069680171266732,fr,swingtown
donn,0.0069573688680837,fr,swingtown
vivre,0.0069573688680837,fr,swingtown
tuer,0.0069573688680837,fr,swingtown
mauvais,0.0069573688680837,fr,swingtown
garon,0.0069573688680837,fr,swingtown
marche,0.0069573688680837,fr,swingtown
dernire,0.0069573688680837,fr,swingtown
tte,0.0069573688680837,fr,swingtown
chasse,0.0069252177831281,fr,swingtown
assurance,0.0068692506329881,fr,swingtown
soutien,0.0068692506329881,fr,swingtown
buissonnir,0.0068553076751037,fr,swingtown
calamine,0.0068553076751037,fr,swingtown
existentialiste,0.0068553076751037,fr,swingtown
subjectivit,0.0068553076751037,fr,swingtown
couch,0.0068137854371426,fr,swingtown
lady,0.0068021366532324,fr,swingtown
pancake,0.0068021366532324,fr,swingtown
diapo,0.006794821094149,fr,swingtown
pacte,0.0067360631651926,fr,swingtown
dcoincer,0.0066694325601324,fr,swingtown
intrimaire,0.0066694325601324,fr,swingtown
betsy,0.0066694325601324,fr,swingtown
dpressif,0.0066689315666374,fr,swingtown
space,0.0066689315666374,fr,swingtown
nettoyer,0.0066503135084243,fr,swingtown
peindre,0.0066297015381194,fr,swingtown
doucher,0.0066072110693354,fr,swingtown
intressant,0.0065967692095916,fr,swingtown
tlphone,0.0065967692095916,fr,swingtown
projet,0.0065967692095916,fr,swingtown
parti,0.0065436845241426,fr,swingtown
changement,0.0065436845241426,fr,swingtown
invitation,0.0065214721924304,fr,swingtown
rubrique,0.0065142911474436,fr,swingtown
antimoustique,0.0065103094535421,fr,swingtown
chroniqueuse,0.0065103094535421,fr,swingtown
inespre,0.0065103094535421,fr,swingtown
apprcie,0.006491051628728,fr,swingtown
stone,0.0064825162257495,fr,swingtown
double,0.0064388628980626,fr,swingtown
habitude,0.0064388628980626,fr,swingtown
voyage,0.0064388628980626,fr,swingtown
essai,0.0064153651281285,fr,swingtown
sors,0.0063871108982955,fr,swingtown
numro,0.0063871108982955,fr,swingtown
impression,0.0063871108982955,fr,swingtown
lire,0.0063871108982955,fr,swingtown
dylan,0.0063670174117612,fr,swingtown
dposer,0.006363081756208,fr,swingtown
danser,0.006363081756208,fr,swingtown
mentir,0.0063357883806552,fr,swingtown
manquer,0.0063357883806552,fr,swingtown
quipage,0.0062959300524773,fr,swingtown
trouve,0.0062848882753563,fr,swingtown
vendre,0.0062848882753563,fr,swingtown
compter,0.0062848882753563,fr,swingtown
remettre,0.0062848882753563,fr,swingtown
espre,0.0062848882753563,fr,swingtown
chque,0.0062819171037149,fr,swingtown
chre,0.006260006508344,fr,swingtown
premire,0.0062344036857551,fr,swingtown
permettre,0.0062344036857551,fr,swingtown
arrt,0.0062344036857551,fr,swingtown
couter,0.0062344036857551,fr,swingtown
pied,0.0062344036857551,fr,swingtown
faute,0.0062344036857551,fr,swingtown
beau,0.0062344036857551,fr,swingtown
ingnieus,0.0062284253817157,fr,swingtown
kierkegaard,0.0062284253817157,fr,swingtown
effort,0.0062091959294189,fr,swingtown
chicago,0.0061873190118836,fr,swingtown
carte,0.0061843278827411,fr,swingtown
content,0.0061843278827411,fr,swingtown
tat,0.0061843278827411,fr,swingtown
tomber,0.0061843278827411,fr,swingtown
second,0.0061843278827411,fr,swingtown
faon,0.0061843278827411,fr,swingtown
gros,0.0061843278827411,fr,swingtown
dmnag,0.0061764978860662,fr,swingtown
vlo,0.0061246733702428,fr,swingtown
bibliothque,0.0060734215127215,fr,swingtown
rire,0.0060595655602371,fr,swingtown
softball,0.0060329797712856,fr,swingtown
perfection,0.0060204497204933,fr,swingtown
godot,0.0059900957948659,fr,swingtown
olga,0.0059900957948659,fr,swingtown
sudoise,0.0059900957948659,fr,swingtown
trouva,0.0059900957948659,fr,swingtown
enceint,0.0059620622574998,fr,swingtown
honnt,0.0059139616128091,fr,swingtown
bienvenue,0.0058190243198713,fr,swingtown
alpine,0.0057836453162086,fr,swingtown
ibm,0.0057836453162086,fr,swingtown
course,0.0057721730583926,fr,swingtown
caf,0.0057721730583926,fr,swingtown
creek,0.0057701566156136,fr,swingtown
sance,0.0057296905138287,fr,swingtown
charge,0.0057257239586248,fr,swingtown
bridge,0.0057204712939867,fr,swingtown
philosophe,0.005688775530282,fr,swingtown
conversation,0.005679670175137,fr,swingtown
mignon,0.005679670175137,fr,swingtown
horrible,0.005679670175137,fr,swingtown
relation,0.005679670175137,fr,swingtown
avocat,0.005679670175137,fr,swingtown
arranger,0.0056340050358047,fr,swingtown
intresse,0.0056340050358047,fr,swingtown
pleine,0.0056340050358047,fr,swingtown
prudent,0.0056340050358047,fr,swingtown
bureau,0.0056340050358047,fr,swingtown
termin,0.0056340050358047,fr,swingtown
dcision,0.0056340050358047,fr,swingtown
rcipient,0.005610153663546,fr,swingtown
walkie,0.005610153663546,fr,swingtown
cris,0.005610153663546,fr,swingtown
fidle,0.0056059336093542,fr,swingtown
hare,0.0056015430883277,fr,swingtown
improvise,0.0056015430883277,fr,swingtown
chemise,0.0055898333077975,fr,swingtown
jaloux,0.0055898333077975,fr,swingtown
dpche,0.0055898333077975,fr,swingtown
refuser,0.0055887220360085,fr,swingtown
blanc,0.0055887220360085,fr,swingtown
tranquille,0.0055887220360085,fr,swingtown
ramne,0.0055887220360085,fr,swingtown
affreux,0.0055441359340963,fr,swingtown
dcid,0.0055438148330733,fr,swingtown
vrit,0.0055438148330733,fr,swingtown
ancien,0.0055438148330733,fr,swingtown
intrieur,0.0055438148330733,fr,swingtown
moiti,0.0055438148330733,fr,swingtown
prie,0.0055438148330733,fr,swingtown
pens,0.0054992772409368,fr,swingtown
eau,0.0054992772409368,fr,swingtown
discuter,0.0054992772409368,fr,swingtown
exact,0.0054992772409368,fr,swingtown
normal,0.0054992772409368,fr,swingtown
gner,0.0054988843955387,fr,swingtown
pilote,0.0054637080370669,fr,swingtown
table,0.0054551032250357,fr,swingtown
esprer,0.0054551032250357,fr,swingtown
monter,0.0054551032250357,fr,swingtown
rendez,0.0054551032250357,fr,swingtown
cacher,0.0054551032250357,fr,swingtown
entretien,0.0054540700767497,fr,swingtown
naphtaline,0.005438647094647,fr,swingtown
loir,0.005438647094647,fr,swingtown
tier,0.0054112868973984,fr,swingtown
mot,0.0054112868973984,fr,swingtown
coute,0.0054112868973984,fr,swingtown
arriv,0.0054112868973984,fr,swingtown
argent,0.0054112868973984,fr,swingtown
oeil,0.0054112868973984,fr,swingtown
taient,0.0054112868973984,fr,swingtown
assurer,0.0054112868973984,fr,swingtown
fort,0.0054112868973984,fr,swingtown
allez,0.0054112868973984,fr,swingtown
fac,0.0054096846096934,fr,swingtown
convention,0.0053888505321541,fr,swingtown
muffin,0.0053888505321541,fr,swingtown
tache,0.0053705660619818,fr,swingtown
crme,0.0053705660619818,fr,swingtown
pouse,0.0053657198642948,fr,swingtown
brown,0.0053368801669378,fr,swingtown
journal,0.0053221679395019,fr,swingtown
osmose,0.0052912897440288,fr,swingtown
vinyl,0.0052912897440288,fr,swingtown
tournoi,0.0052857688554683,fr,swingtown
embrass,0.0052796158674639,fr,swingtown
sexy,0.0052790211547636,fr,swingtown
soutenir,0.0052790211547636,fr,swingtown
vacance,0.0052790211547636,fr,swingtown
rose,0.0052362720419003,fr,swingtown
robe,0.0052362720419003,fr,swingtown
sexe,0.0052362720419003,fr,swingtown
toc,0.0052354886591607,fr,swingtown
transcript,0.0052349309197624,fr,swingtown
talkie,0.0051873275558064,fr,swingtown
climatiseur,0.0051567630228206,fr,swingtown
avenir,0.005151937974741,fr,swingtown
rflchi,0.005151937974741,fr,swingtown
appartement,0.005151937974741,fr,swingtown
accepte,0.0051470815717219,fr,swingtown
magasin,0.0051103390778569,fr,swingtown
embrasser,0.0051103390778569,fr,swingtown
marrant,0.0051103390778569,fr,swingtown
ennuie,0.0051038944752023,fr,swingtown
sjour,0.0051038944752023,fr,swingtown
carter,0.0051038944752023,fr,swingtown
rpondu,0.0050691099538364,fr,swingtown
dcide,0.0050691099538364,fr,swingtown
pause,0.0050691099538364,fr,swingtown
annuler,0.0050691099538364,fr,swingtown
surpris,0.0050611845939346,fr,swingtown
kiev,0.0050330104356017,fr,swingtown
tudis,0.0050330104356017,fr,swingtown
blazer,0.0050330104356017,fr,swingtown
fentre,0.0050282440867305,fr,swingtown
promis,0.0050282440867305,fr,swingtown
fromage,0.0050189414966692,fr,swingtown
tablier,0.005001698674978,fr,swingtown
parfait,0.0049877351313182,fr,swingtown
ravi,0.0049877351313182,fr,swingtown
douzaine,0.0049771550904809,fr,swingtown
essaye,0.0049475769071937,fr,swingtown
quartier,0.0049475769071937,fr,swingtown
gagn,0.0049475769071937,fr,swingtown
aim,0.0049475769071937,fr,swingtown
joindre,0.0049475769071937,fr,swingtown
courrier,0.0049358156062942,fr,swingtown
piscine,0.0049358156062942,fr,swingtown
disputer,0.0049358156062942,fr,swingtown
nadia,0.0049184334359708,fr,swingtown
rembourr,0.0049184334359708,fr,swingtown
fugue,0.0049184334359708,fr,swingtown
couche,0.0049077633931069,fr,swingtown
classe,0.0049077633931069,fr,swingtown
oreille,0.004868288721546,fr,swingtown
doucement,0.004868288721546,fr,swingtown
signature,0.0048544398653386,fr,swingtown
boulette,0.0048298331755317,fr,swingtown
plupart,0.0048291471735469,fr,swingtown
cher,0.0048291471735469,fr,swingtown
midi,0.0048291471735469,fr,swingtown
lever,0.0048291471735469,fr,swingtown
twister,0.004811764801259,fr,swingtown
fourne,0.004811764801259,fr,swingtown
baladeuse,0.004811764801259,fr,swingtown
fields,0.004811764801259,fr,swingtown
sentiment,0.0047903331737216,fr,swingtown
amen,0.0047903331737216,fr,swingtown
connat,0.0047903331737216,fr,swingtown
cache,0.0047903331737216,fr,swingtown
promet,0.0047903331737216,fr,swingtown
interviewer,0.0047752630588209,fr,swingtown
salon,0.0047747420948573,fr,swingtown
exprimer,0.0047747420948573,fr,swingtown
avance,0.0047518412854914,fr,swingtown
ferai,0.0047518412854914,fr,swingtown
salle,0.0047518412854914,fr,swingtown
base,0.0047518412854914,fr,swingtown
arrire,0.0047518412854914,fr,swingtown
ser,0.0047518412854914,fr,swingtown
cousin,0.0047355010986567,fr,swingtown
augmentation,0.0047304608099557,fr,swingtown
licenciement,0.004721947539358,fr,swingtown
peine,0.0047136662065172,fr,swingtown
ferme,0.0047136662065172,fr,swingtown
russi,0.0047136662065172,fr,swingtown
supposer,0.0047136662065172,fr,swingtown
plan,0.0047136662065172,fr,swingtown
dbut,0.0047136662065172,fr,swingtown
savai,0.0047136662065172,fr,swingtown
premir,0.0047136662065172,fr,swingtown
parier,0.0047136662065172,fr,swingtown
faux,0.0047136662065172,fr,swingtown
trempette,0.0047119829573135,fr,swingtown
dsormai,0.0046966544910007,fr,swingtown
prsident,0.0046966544910007,fr,swingtown
choper,0.00468838990327,fr,swingtown
ouvrir,0.0046758027643163,fr,swingtown
risque,0.0046758027643163,fr,swingtown
prsent,0.0046758027643163,fr,swingtown
connai,0.0046758027643163,fr,swingtown
coin,0.0046758027643163,fr,swingtown
asseoir,0.0046758027643163,fr,swingtown
srieux,0.0046758027643163,fr,swingtown
erreur,0.0046758027643163,fr,swingtown
pose,0.0046758027643163,fr,swingtown
gaff,0.0046581944231646,fr,swingtown
entrer,0.0046382459120558,fr,swingtown
vue,0.0046382459120558,fr,swingtown
envoyer,0.0046382459120558,fr,swingtown
confiance,0.0046382459120558,fr,swingtown
lieu,0.0046382459120558,fr,swingtown
sacr,0.0046382459120558,fr,swingtown
demand,0.0046382459120558,fr,swingtown
change,0.0046382459120558,fr,swingtown
coke,0.0046188584363441,fr,swingtown
gin,0.0046188584363441,fr,swingtown
perron,0.0046182523225435,fr,swingtown
caricature,0.0046182523225435,fr,swingtown
dmode,0.0046182523225435,fr,swingtown
penseur,0.0046182523225435,fr,swingtown
dbrouill,0.0045655062920018,fr,swingtown
filet,0.0045655062920018,fr,swingtown
ranger,0.0045450583972914,fr,swingtown
nietzsche,0.0045298807294326,fr,swingtown
jose,0.0045298807294326,fr,swingtown
loyale,0.0045201574575457,fr,swingtown
fire,0.0045080705080778,fr,swingtown
absence,0.0045080705080778,fr,swingtown
vente,0.0044714332202457,fr,swingtown
pompom,0.0044462883734216,fr,swingtown
ballerine,0.0044462883734216,fr,swingtown
djant,0.0044462883734216,fr,swingtown
oiseau,0.0044351399495849,fr,swingtown
homard,0.004425486232943,fr,swingtown
bourse,0.0044089075675232,fr,swingtown
chanson,0.0043991842956363,fr,swingtown
leon,0.0043991842956363,fr,swingtown
ravisser,0.0043795615053907,fr,swingtown
bateau,0.0043635600349169,fr,swingtown
vert,0.0043635600349169,fr,swingtown
job,0.0043635600349169,fr,swingtown
amuse,0.004333485195695,fr,swingtown
copain,0.0043282611144551,fr,swingtown
carton,0.0042964528495854,fr,swingtown
camra,0.0042932816456175,fr,swingtown
dgueu,0.00429035347049,fr,swingtown
secrtaire,0.0042598587663837,fr,swingtown
standard,0.0042598587663837,fr,swingtown
cigarette,0.0042598587663837,fr,swingtown
drl,0.0042586158982141,fr,swingtown
construire,0.0042242582948637,fr,swingtown
sremer,0.0042242582948637,fr,swingtown
beurre,0.0042236926939711,fr,swingtown
truite,0.0042196273851337,fr,swingtown
intellect,0.0042196273851337,fr,swingtown
pimenter,0.0042196273851337,fr,swingtown
brender,0.0042196273851337,fr,swingtown
artifice,0.0042044502070156,fr,swingtown
trompe,0.0041902034056088,fr,swingtown
intelliger,0.0041902034056088,fr,swingtown
intelligent,0.0041902034056088,fr,swingtown
chmage,0.004162663077271,fr,swingtown
bois,0.0041564459427652,fr,swingtown
patron,0.0041564459427652,fr,swingtown
virer,0.0041564459427652,fr,swingtown
tante,0.0041526053346872,fr,swingtown
vintage,0.0041509013164578,fr,swingtown
confie,0.0041509013164578,fr,swingtown
glace,0.0041229807559947,fr,swingtown
oblig,0.0041229807559947,fr,swingtown
revien,0.0041229807559947,fr,swingtown
miami,0.0041216155817078,fr,swingtown
sol,0.0040898028275891,fr,swingtown
dcider,0.0040898028275891,fr,swingtown
droite,0.0040898028275891,fr,swingtown
incroyable,0.0040898028275891,fr,swingtown
alu,0.0040851006639256,fr,swingtown
brusquer,0.0040851006639256,fr,swingtown
graci,0.0040851006639256,fr,swingtown
bail,0.0040831155801619,fr,swingtown
dtendre,0.0040831155801619,fr,swingtown
fier,0.004056907267955,fr,swingtown
drle,0.004056907267955,fr,swingtown
fil,0.004056907267955,fr,swingtown
diffrente,0.004056907267955,fr,swingtown
membre,0.004056907267955,fr,swingtown
glaon,0.0040416378991156,fr,swingtown
rafrachir,0.0040416378991156,fr,swingtown
liste,0.0040242893112891,fr,swingtown
craindre,0.0040242893112891,fr,swingtown
dcouvrir,0.0040242893112891,fr,swingtown
dos,0.0040242893112891,fr,swingtown
action,0.0040242893112891,fr,swingtown
censure,0.0040219865141904,fr,swingtown
injuste,0.0040151531973353,fr,swingtown
tare,0.0040026601252034,fr,swingtown
noir,0.0039919443114346,fr,swingtown
excuse,0.0039919443114346,fr,swingtown
rue,0.0039919443114346,fr,swingtown
excus,0.0039919443114346,fr,swingtown
dteste,0.0039919443114346,fr,swingtown
morceau,0.0039919443114346,fr,swingtown
ailleurs,0.0039919443114346,fr,swingtown
vendeur,0.0039817240723847,fr,swingtown
galit,0.0039643266416012,fr,swingtown
talbott,0.0039634850169994,fr,swingtown
mcconnel,0.0039634850169994,fr,swingtown
fraiberg,0.0039634850169994,fr,swingtown
dgraissant,0.0039634850169994,fr,swingtown
heatwave,0.0039634850169994,fr,swingtown
ressayerai,0.0039634850169994,fr,swingtown
raban,0.0039634850169994,fr,swingtown
leque,0.0039634850169994,fr,swingtown
ermore,0.0039634850169994,fr,swingtown
ccmel,0.0039634850169994,fr,swingtown
boutiste,0.0039634850169994,fr,swingtown
dnouerer,0.0039634850169994,fr,swingtown
convair,0.0039634850169994,fr,swingtown
quahog,0.0039634850169994,fr,swingtown
whist,0.0039634850169994,fr,swingtown
dietrichson,0.0039634850169994,fr,swingtown
casable,0.0039634850169994,fr,swingtown
lovelace,0.0039634850169994,fr,swingtown
fournisseuse,0.0039634850169994,fr,swingtown
inauthentiquer,0.0039634850169994,fr,swingtown
schlafly,0.0039634850169994,fr,swingtown
socitale,0.0039634850169994,fr,swingtown
saxton,0.0039634850169994,fr,swingtown
moonpie,0.0039634850169994,fr,swingtown
soh,0.0039634850169994,fr,swingtown
kierkegaardienne,0.0039634850169994,fr,swingtown
gilboy,0.0039634850169994,fr,swingtown
exposur,0.0039634850169994,fr,swingtown
referendum,0.0039634850169994,fr,swingtown
duquais,0.0039634850169994,fr,swingtown
mccoll,0.0039634850169994,fr,swingtown
puestion,0.0039634850169994,fr,swingtown
winnetka,0.0039634850169994,fr,swingtown
bouchera,0.0039634850169994,fr,swingtown
disquaire,0.0039634850169994,fr,swingtown
buche,0.0039634850169994,fr,swingtown
needy,0.0039634850169994,fr,swingtown
hincamp,0.0039634850169994,fr,swingtown
mcmiller,0.0039634850169994,fr,swingtown
monteraient,0.0039634850169994,fr,swingtown
gterie,0.0039613480767067,fr,swingtown
algue,0.0039613480767067,fr,swingtown
souci,0.0039598677379095,fr,swingtown
amener,0.0039598677379095,fr,swingtown
ressentir,0.0039598677379095,fr,swingtown
disai,0.0039598677379095,fr,swingtown
sandwich,0.0039486524850353,fr,swingtown
candidat,0.0039486524850353,fr,swingtown
pervers,0.0039486524850353,fr,swingtown
chef,0.0039280551720977,fr,swingtown
route,0.0039280551720977,fr,swingtown
amne,0.0039280551720977,fr,swingtown
courir,0.0039280551720977,fr,swingtown
voi,0.0039280551720977,fr,swingtown
tourne,0.0039280551720977,fr,swingtown
rencard,0.0039159308681398,fr,swingtown
pous,0.0039159308681398,fr,swingtown
recherche,0.0038965023035969,fr,swingtown
continuer,0.0038965023035969,fr,swingtown
simplement,0.0038965023035969,fr,swingtown
conduire,0.0038965023035969,fr,swingtown
choix,0.0038965023035969,fr,swingtown
ramener,0.0038965023035969,fr,swingtown
intrt,0.0038965023035969,fr,swingtown
emball,0.0038895097354497,fr,swingtown
vainqueur,0.0038895097354497,fr,swingtown
mort,0.0038652049267132,fr,swingtown
essay,0.0038652049267132,fr,swingtown
moyen,0.0038652049267132,fr,swingtown
mourir,0.0038652049267132,fr,swingtown
compltement,0.0038652049267132,fr,swingtown
contenter,0.0038515084558675,fr,swingtown
tudiant,0.0038515084558675,fr,swingtown
froisser,0.0038467710770757,fr,swingtown
expression,0.0038197936758858,fr,swingtown
volontaire,0.0038197936758858,fr,swingtown
psychiatre,0.003817031244375,fr,swingtown
dtour,0.003817031244375,fr,swingtown
authenticit,0.003792517020188,fr,swingtown
dissertation,0.003792517020188,fr,swingtown
aventure,0.0037884008789254,fr,swingtown
inscrire,0.0037884008789254,fr,swingtown
picerie,0.003781624099276,fr,swingtown
pcher,0.003781624099276,fr,swingtown
entoure,0.003781624099276,fr,swingtown
vendredi,0.0037573235928005,fr,swingtown
critique,0.0037573235928005,fr,swingtown
pierre,0.0037573235928005,fr,swingtown
maladroit,0.00374674941267,fr,swingtown
brique,0.00374674941267,fr,swingtown
score,0.00374674941267,fr,swingtown
passionnant,0.003740102442364,fr,swingtown
vestimentaire,0.003740102442364,fr,swingtown
annul,0.0037265555385316,fr,swingtown
tenue,0.0037265555385316,fr,swingtown
comble,0.0037123914071301,fr,swingtown
panne,0.0037123914071301,fr,swingtown
charmant,0.0036960906227309,fr,swingtown
foyer,0.0036960906227309,fr,swingtown
fter,0.0036960906227309,fr,swingtown
insister,0.0036960906227309,fr,swingtown
crtin,0.0036960906227309,fr,swingtown
intrim,0.0036894066884754,fr,swingtown
subvenir,0.0036894066884754,fr,swingtown
gerald,0.0036894066884754,fr,swingtown
frimeur,0.0036894066884754,fr,swingtown
oral,0.0036894066884754,fr,swingtown
ingnieur,0.0036785349962621,fr,swingtown
srieuse,0.0036659229303591,fr,swingtown
provenal,0.0036500438703054,fr,swingtown
trin,0.0036500438703054,fr,swingtown
bootleg,0.0036500438703054,fr,swingtown
gron,0.0036500438703054,fr,swingtown
prtez,0.0036500438703054,fr,swingtown
chroniqueus,0.0036500438703054,fr,swingtown
milanais,0.0036500438703054,fr,swingtown
saugrenue,0.0036500438703054,fr,swingtown
dpartage,0.0036500438703054,fr,swingtown
conciliante,0.0036500438703054,fr,swingtown
kenosha,0.0036500438703054,fr,swingtown
fishstick,0.0036500438703054,fr,swingtown
constatera,0.0036500438703054,fr,swingtown
laur,0.0036500438703054,fr,swingtown
nikon,0.0036500438703054,fr,swingtown
alka,0.0036500438703054,fr,swingtown
crivaine,0.0036500438703054,fr,swingtown
sympathise,0.0036500438703054,fr,swingtown
tangue,0.0036500438703054,fr,swingtown
rattigan,0.0036500438703054,fr,swingtown
roge,0.0036500438703054,fr,swingtown
empty,0.0036500438703054,fr,swingtown
tergiverse,0.0036500438703054,fr,swingtown
macmurray,0.0036500438703054,fr,swingtown
libralisation,0.0036500438703054,fr,swingtown
retirai,0.0036500438703054,fr,swingtown
propertier,0.0036500438703054,fr,swingtown
tudianter,0.0036500438703054,fr,swingtown
amourett,0.0036500438703054,fr,swingtown
captivs,0.0036500438703054,fr,swingtown
malotru,0.0036500438703054,fr,swingtown
trouvai,0.0036451657449287,fr,swingtown
honntet,0.0036451657449287,fr,swingtown
salad,0.0036403205984185,fr,swingtown
singer,0.0036403205984185,fr,swingtown
reparl,0.0036403205984185,fr,swingtown
orgie,0.0036403205984185,fr,swingtown
coquillage,0.0036403205984185,fr,swingtown
affectation,0.0036403205984185,fr,swingtown
prenne,0.0036122698322959,fr,swingtown
dmnage,0.0036122698322959,fr,swingtown
joie,0.0036064564064622,fr,swingtown
taxi,0.0036064564064622,fr,swingtown
tableau,0.0036064564064622,fr,swingtown
veste,0.0036064564064622,fr,swingtown
sexuel,0.0036064564064622,fr,swingtown
discute,0.0035927450917457,fr,swingtown
pratiquer,0.0035798340174638,fr,swingtown
scout,0.0035798340174638,fr,swingtown
horizon,0.0035798340174638,fr,swingtown
opportunit,0.0035771465761965,fr,swingtown
baiser,0.0035771465761965,fr,swingtown
crire,0.0035771465761965,fr,swingtown
min,0.0035481119596679,fr,swingtown
rserve,0.0035481119596679,fr,swingtown
entrez,0.0035481119596679,fr,swingtown
ador,0.0035481119596679,fr,swingtown
armoire,0.0035478456074668,fr,swingtown
habiller,0.003519347436509,fr,swingtown
prvenir,0.003519347436509,fr,swingtown
villa,0.0035017728555142,fr,swingtown
cart,0.0034908480279335,fr,swingtown
physique,0.0034908480279335,fr,swingtown
hte,0.0034908480279335,fr,swingtown
politique,0.0034908480279335,fr,swingtown
oignon,0.003485162792861,fr,swingtown
bar,0.003462608891564,fr,swingtown
chanceux,0.003462608891564,fr,swingtown
emploi,0.003462608891564,fr,swingtown
con,0.003462608891564,fr,swingtown
swsub,0.0034582183705376,fr,swingtown
dramatiser,0.0034582183705376,fr,swingtown
rvolte,0.0034582183705376,fr,swingtown
mnagre,0.0034582183705376,fr,swingtown
kiosque,0.0034582183705376,fr,swingtown
paper,0.0034544454834472,fr,swingtown
niqu,0.0034544454834472,fr,swingtown
fche,0.0034544454834472,fr,swingtown
rentron,0.0034544454834472,fr,swingtown
excite,0.0034544454834472,fr,swingtown
consacrer,0.0034544454834472,fr,swingtown
remplacer,0.003434625316494,fr,swingtown
venue,0.003434625316494,fr,swingtown
odeur,0.003434625316494,fr,swingtown
ravissanter,0.0034276538375518,fr,swingtown
parient,0.0034276538375518,fr,swingtown
goteux,0.0034276538375518,fr,swingtown
benefit,0.0034276538375518,fr,swingtown
engueulai,0.0034276538375518,fr,swingtown
devry,0.0034276538375518,fr,swingtown
autostop,0.0034276538375518,fr,swingtown
wallbanger,0.0034276538375518,fr,swingtown
gchs,0.0034276538375518,fr,swingtown
contienn,0.0034276538375518,fr,swingtown
brillanter,0.0034276538375518,fr,swingtown
dbinerer,0.0034276538375518,fr,swingtown
yoo,0.0034276538375518,fr,swingtown
leif,0.0034276538375518,fr,swingtown
dearborn,0.0034276538375518,fr,swingtown
pharaonique,0.0034276538375518,fr,swingtown
homerun,0.0034276538375518,fr,swingtown
stuckey,0.0034276538375518,fr,swingtown
rajust,0.0034276538375518,fr,swingtown
schuster,0.0034276538375518,fr,swingtown
sheraton,0.0034276538375518,fr,swingtown
bru,0.0034276538375518,fr,swingtown
idologue,0.0034276538375518,fr,swingtown
heidegger,0.0034276538375518,fr,swingtown
draillent,0.0034276538375518,fr,swingtown
caramber,0.0034276538375518,fr,swingtown
pimenton,0.0034276538375518,fr,swingtown
surgit,0.0034276538375518,fr,swingtown
comaneci,0.0034276538375518,fr,swingtown
fluctuant,0.0034276538375518,fr,swingtown
woolworth,0.0034276538375518,fr,swingtown
catastrophe,0.0034241297190013,fr,swingtown
rude,0.0034241297190013,fr,swingtown
tondre,0.00341585731053,fr,swingtown
courtier,0.00341585731053,fr,swingtown
vietnam,0.00341585731053,fr,swingtown
fisher,0.00341585731053,fr,swingtown
affreusement,0.00341585731053,fr,swingtown
admis,0.00341585731053,fr,swingtown
marie,0.0034068927185713,fr,swingtown
hasard,0.0034068927185713,fr,swingtown
blague,0.0034068927185713,fr,swingtown
art,0.0034068927185713,fr,swingtown
copine,0.0034068927185713,fr,swingtown
whisky,0.0033942051366354,fr,swingtown
ann,0.0033794066358909,fr,swingtown
fasse,0.0033794066358909,fr,swingtown
norm,0.0033794066358909,fr,swingtown
passagre,0.0033746260145265,fr,swingtown
cabine,0.0033646617695176,fr,swingtown
chauffer,0.0033646617695176,fr,swingtown
insen,0.0033646617695176,fr,swingtown
louche,0.0033646617695176,fr,swingtown
uvre,0.0033646617695176,fr,swingtown
pencher,0.0033646617695176,fr,swingtown
proposer,0.003352162724487,fr,swingtown
ciel,0.003352162724487,fr,swingtown
assied,0.003352162724487,fr,swingtown
encaisser,0.0033354900269428,fr,swingtown
poker,0.0033354900269428,fr,swingtown
fusible,0.0033344657833187,fr,swingtown
humanitaire,0.0033344657833187,fr,swingtown
sexualit,0.0033344657833187,fr,swingtown
driver,0.0033344657833187,fr,swingtown
filer,0.0033251567542121,fr,swingtown
taille,0.0033251567542121,fr,swingtown
avion,0.0033251567542121,fr,swingtown
recommencer,0.0033251567542121,fr,swingtown
pardonner,0.0033251567542121,fr,swingtown
deviner,0.0033251567542121,fr,swingtown
gentleman,0.0033066806756424,fr,swingtown
tradition,0.0033066806756424,fr,swingtown
favori,0.0033066806756424,fr,swingtown
pays,0.0032983846047958,fr,swingtown
position,0.0032983846047958,fr,swingtown
malheureusement,0.0032983846047958,fr,swingtown
amuss,0.0032953223768569,fr,swingtown
ponctuel,0.0032953223768569,fr,swingtown
marshall,0.0032953223768569,fr,swingtown
reculer,0.0032718422620713,fr,swingtown
trange,0.0032718422620713,fr,swingtown
engager,0.0032718422620713,fr,swingtown
enfuir,0.0032718422620713,fr,swingtown
info,0.0032718422620713,fr,swingtown
connaissance,0.0032718422620713,fr,swingtown
neuf,0.0032718422620713,fr,swingtown
langag,0.0032571455737218,fr,swingtown
review,0.003255154726771,fr,swingtown
melinder,0.003255154726771,fr,swingtown
essouffle,0.003255154726771,fr,swingtown
camus,0.003255154726771,fr,swingtown
seltzer,0.003255154726771,fr,swingtown
imbriquer,0.003255154726771,fr,swingtown
causerie,0.003255154726771,fr,swingtown
daley,0.003255154726771,fr,swingtown
indcis,0.003255154726771,fr,swingtown
evanston,0.003255154726771,fr,swingtown
chablis,0.003255154726771,fr,swingtown
nonchalance,0.003255154726771,fr,swingtown
pib,0.003255154726771,fr,swingtown
goland,0.003255154726771,fr,swingtown
apprtai,0.003255154726771,fr,swingtown
stanwyck,0.003255154726771,fr,swingtown
perignon,0.003255154726771,fr,swingtown
entretenon,0.003255154726771,fr,swingtown
ruine,0.0032501138967713,fr,swingtown
quotidien,0.0032501138967713,fr,swingtown
spcialit,0.0032501138967713,fr,swingtown
mrite,0.003245525814364,fr,swingtown
prison,0.003245525814364,fr,swingtown
bire,0.003245525814364,fr,swingtown
scne,0.003245525814364,fr,swingtown
gauche,0.003245525814364,fr,swingtown
supporter,0.003245525814364,fr,swingtown
rejoin,0.0032223396371891,fr,swingtown
alliance,0.0032223396371891,fr,swingtown
leader,0.0032223396371891,fr,swingtown
porche,0.0032198887836878,fr,swingtown
organisateur,0.0032198887836878,fr,swingtown
roger,0.0032198887836878,fr,swingtown
regarde,0.0032194314490313,fr,swingtown
milieu,0.0032194314490313,fr,swingtown
surprendre,0.0032194314490313,fr,swingtown
situation,0.0032194314490313,fr,swingtown
commun,0.0032194314490313,fr,swingtown
ridicule,0.0032194314490313,fr,swingtown
ordre,0.0032194314490313,fr,swingtown
souhaiter,0.0032194314490313,fr,swingtown
manire,0.0032194314490313,fr,swingtown
registre,0.0031948940747877,fr,swingtown
habille,0.0031948940747877,fr,swingtown
bob,0.0031948940747877,fr,swingtown
verra,0.0031948940747877,fr,swingtown
soin,0.0031935554491477,fr,swingtown
balle,0.0031935554491477,fr,swingtown
cadeau,0.0031935554491477,fr,swingtown
vraie,0.0031935554491477,fr,swingtown
dommage,0.0031935554491477,fr,swingtown
seconde,0.0031935554491477,fr,swingtown
compagnie,0.0031935554491477,fr,swingtown
prix,0.0031935554491477,fr,swingtown
prcipite,0.0031835087058806,fr,swingtown
porter,0.0031678941903276,fr,swingtown
difficile,0.0031678941903276,fr,swingtown
remercier,0.0031678941903276,fr,swingtown
rencontrer,0.0031678941903276,fr,swingtown
rpond,0.0031678941903276,fr,swingtown
gamin,0.0031678941903276,fr,swingtown
entend,0.0031678941903276,fr,swingtown
apparemment,0.0031678941903276,fr,swingtown
gage,0.0031677695204783,fr,swingtown
golf,0.0031677695204783,fr,swingtown
prvoir,0.0031677695204783,fr,swingtown
intime,0.0031677695204783,fr,swingtown
enseigner,0.0031677695204783,fr,swingtown
poignet,0.0031677695204783,fr,swingtown
ralph,0.0031479650262386,fr,swingtown
renier,0.0031479650262386,fr,swingtown
nonne,0.0031479650262386,fr,swingtown
concession,0.0031479650262386,fr,swingtown
gars,0.0031424441376781,fr,swingtown
court,0.0031424441376781,fr,swingtown
laiss,0.0031424441376781,fr,swingtown
utile,0.0031424441376781,fr,swingtown
personnel,0.0031424441376781,fr,swingtown
tombe,0.0031424441376781,fr,swingtown
prfre,0.0031424441376781,fr,swingtown
responsable,0.0031424441376781,fr,swingtown
lit,0.0031424441376781,fr,swingtown
moderne,0.0031409585518574,fr,swingtown
valable,0.0031409585518574,fr,swingtown
terre,0.0031172018428775,fr,swingtown
mur,0.0031172018428775,fr,swingtown
promettre,0.0031172018428775,fr,swingtown
sortie,0.0031172018428775,fr,swingtown
chemin,0.0031172018428775,fr,swingtown
connatre,0.0031172018428775,fr,swingtown
retourner,0.0031172018428775,fr,swingtown
travers,0.0031172018428775,fr,swingtown
psy,0.0031144540010154,fr,swingtown
ruiner,0.0031144540010154,fr,swingtown
milit,0.0031142126908578,fr,swingtown
chavir,0.0031142126908578,fr,swingtown
assaisonner,0.0031142126908578,fr,swingtown
maker,0.0031142126908578,fr,swingtown
rpartit,0.0031142126908578,fr,swingtown
bicentenaire,0.0031142126908578,fr,swingtown
hancock,0.0031142126908578,fr,swingtown
dcoulent,0.0031142126908578,fr,swingtown
recouvremer,0.0031142126908578,fr,swingtown
pionnire,0.0031142126908578,fr,swingtown
conjur,0.0031142126908578,fr,swingtown
ravageur,0.0031142126908578,fr,swingtown
licenciemer,0.0031142126908578,fr,swingtown
dcrochera,0.0031142126908578,fr,swingtown
sloppy,0.0031142126908578,fr,swingtown
planchette,0.0031142126908578,fr,swingtown
allcher,0.0031142126908578,fr,swingtown
objecteur,0.0031142126908578,fr,swingtown
cresson,0.0031142126908578,fr,swingtown
laiterie,0.0031142126908578,fr,swingtown
snobe,0.0031142126908578,fr,swingtown
suprm,0.003113220148976,fr,swingtown
dshabille,0.003113220148976,fr,swingtown
montrer,0.0030921639413705,fr,swingtown
montr,0.0030921639413705,fr,swingtown
propre,0.0030921639413705,fr,swingtown
retourne,0.0030921639413705,fr,swingtown
faison,0.0030882489430331,fr,swingtown
nager,0.0030882489430331,fr,swingtown
passion,0.0030882489430331,fr,swingtown
mary,0.0030882489430331,fr,swingtown
poupe,0.0030882489430331,fr,swingtown
sauc,0.0030792389575627,fr,swingtown
tailleur,0.0030459886014127,fr,swingtown
inauguration,0.0030459886014127,fr,swingtown
investir,0.0030367107563607,fr,swingtown
dpose,0.0030367107563607,fr,swingtown
blonde,0.0030367107563607,fr,swingtown
pche,0.0030367107563607,fr,swingtown
cindy,0.0030134383050305,fr,swingtown
exclusif,0.0030134383050305,fr,swingtown
limonade,0.0030134383050305,fr,swingtown
convenir,0.0030113648980015,fr,swingtown
bourr,0.0030113648980015,fr,swingtown
boul,0.0030113648980015,fr,swingtown
tarder,0.0030113648980015,fr,swingtown
jetai,0.0029950478974329,fr,swingtown
quaalude,0.0029950478974329,fr,swingtown
boeing,0.0029950478974329,fr,swingtown
glenlivet,0.0029950478974329,fr,swingtown
fell,0.0029950478974329,fr,swingtown
doreen,0.0029950478974329,fr,swingtown
tapisser,0.0029950478974329,fr,swingtown
dfendai,0.0029950478974329,fr,swingtown
bndicit,0.0029950478974329,fr,swingtown
indemniser,0.0029950478974329,fr,swingtown
livingston,0.0029950478974329,fr,swingtown
freed,0.0029950478974329,fr,swingtown
fascisme,0.0029950478974329,fr,swingtown
venimeuse,0.0029950478974329,fr,swingtown
cammy,0.0029950478974329,fr,swingtown
invincibilit,0.0029950478974329,fr,swingtown
bnficient,0.0029950478974329,fr,swingtown
visiblement,0.0029862930542885,fr,swingtown
cong,0.0029862930542885,fr,swingtown
conduite,0.0029862930542885,fr,swingtown
building,0.002981559196838,fr,swingtown
routier,0.002981559196838,fr,swingtown
troubl,0.002981559196838,fr,swingtown
rponser,0.002981559196838,fr,swingtown
martha,0.002981559196838,fr,swingtown
dmnager,0.0029614893637765,fr,swingtown
frigo,0.0029614893637765,fr,swingtown
promotion,0.0029614893637765,fr,swingtown
thse,0.0029503241552953,fr,swingtown
foutoir,0.0029503241552953,fr,swingtown
chaude,0.0029369481511048,fr,swingtown
organise,0.0029197076702605,fr,swingtown
traiteur,0.0029197076702605,fr,swingtown
valley,0.0029197076702605,fr,swingtown
jaune,0.0029126639192031,fr,swingtown
glis,0.0029126639192031,fr,swingtown
amus,0.0029126639192031,fr,swingtown
minuit,0.0029126639192031,fr,swingtown
timide,0.0029126639192031,fr,swingtown
barboter,0.0028918226581043,fr,swingtown
parlote,0.0028918226581043,fr,swingtown
tiennent,0.0028918226581043,fr,swingtown
malloy,0.0028918226581043,fr,swingtown
tart,0.0028918226581043,fr,swingtown
mallable,0.0028918226581043,fr,swingtown
parure,0.0028918226581043,fr,swingtown
nirvana,0.0028918226581043,fr,swingtown
infus,0.0028918226581043,fr,swingtown
rehausser,0.0028918226581043,fr,swingtown
mutual,0.0028918226581043,fr,swingtown
visser,0.0028918226581043,fr,swingtown
irrductible,0.0028918226581043,fr,swingtown
extracorporel,0.0028918226581043,fr,swingtown
partagez,0.0028918226581043,fr,swingtown
trpidante,0.0028918226581043,fr,swingtown
kerouac,0.0028918226581043,fr,swingtown
mortadelle,0.0028918226581043,fr,swingtown
matador,0.0028918226581043,fr,swingtown
oil,0.0028918226581043,fr,swingtown
origan,0.0028918226581043,fr,swingtown
piloter,0.0028896857178116,fr,swingtown
parfum,0.0028886313419006,fr,swingtown
lait,0.0028886313419006,fr,swingtown
coince,0.0028886313419006,fr,swingtown
doue,0.0028886313419006,fr,swingtown
assumer,0.0028886313419006,fr,swingtown
salaud,0.0028886313419006,fr,swingtown
douce,0.0028886313419006,fr,swingtown
distraire,0.0028886313419006,fr,swingtown
john,0.0028648452569143,fr,swingtown
poil,0.0028648452569143,fr,swingtown
soie,0.0028602356469933,fr,swingtown
messe,0.0028602356469933,fr,swingtown
rsister,0.002841300659194,fr,swingtown
lign,0.0028313360771496,fr,swingtown
ignorance,0.0028313360771496,fr,swingtown
agite,0.0028313360771496,fr,swingtown
omelette,0.0028313360771496,fr,swingtown
indpendance,0.0028313360771496,fr,swingtown
dtend,0.0028179926946004,fr,swingtown
pouce,0.0028179926946004,fr,swingtown
chaleur,0.0028179926946004,fr,swingtown
justifier,0.0028179926946004,fr,swingtown
tudier,0.0028179926946004,fr,swingtown
enflammer,0.0028029668046771,fr,swingtown
cartsien,0.0028007715441638,fr,swingtown
servez,0.0028007715441638,fr,swingtown
pliante,0.0028007715441638,fr,swingtown
rcidive,0.0028007715441638,fr,swingtown
cub,0.0028007715441638,fr,swingtown
charo,0.0028007715441638,fr,swingtown
cubs,0.0028007715441638,fr,swingtown
anodine,0.0028007715441638,fr,swingtown
mondanit,0.0028007715441638,fr,swingtown
dpartager,0.0028007715441638,fr,swingtown
impertinence,0.0028007715441638,fr,swingtown
insatisfait,0.0028007715441638,fr,swingtown
boira,0.0028007715441638,fr,swingtown
comptabiliser,0.0028007715441638,fr,swingtown
rptitive,0.0028007715441638,fr,swingtown
signera,0.0028007715441638,fr,swingtown
illettr,0.0028007715441638,fr,swingtown
courageux,0.0027949166538987,fr,swingtown
examen,0.0027949166538987,fr,swingtown
cur,0.0027949166538987,fr,swingtown
termine,0.0027949166538987,fr,swingtown
transform,0.0027949166538987,fr,swingtown
techniquement,0.0027949166538987,fr,swingtown
oeuf,0.0027949166538987,fr,swingtown
flirt,0.0027751087181807,fr,swingtown
investisseur,0.0027751087181807,fr,swingtown
rendormir,0.0027751087181807,fr,swingtown
propose,0.0027751087181807,fr,swingtown
taper,0.0027720679670481,fr,swingtown
joyeux,0.0027720679670481,fr,swingtown
estime,0.0027720679670481,fr,swingtown
bouteille,0.0027720679670481,fr,swingtown
aill,0.0027720679670481,fr,swingtown
canon,0.0027494421977693,fr,swingtown
honntement,0.0027494421977693,fr,swingtown
arrang,0.0027494421977693,fr,swingtown
mer,0.0027494421977693,fr,swingtown
vir,0.0027494421977693,fr,swingtown
gueule,0.0027494421977693,fr,swingtown
recommence,0.0027494421977693,fr,swingtown
francisco,0.0027477437211385,fr,swingtown
respectable,0.0027477437211385,fr,swingtown
amusant,0.0027270350383748,fr,swingtown
cherchai,0.0027270350383748,fr,swingtown
profil,0.0027270350383748,fr,swingtown
gagne,0.0027270350383748,fr,swingtown
entreprise,0.0027270350383748,fr,swingtown
indice,0.0027270350383748,fr,swingtown
dbrouillerer,0.0027208546612929,fr,swingtown
matt,0.0027208546612929,fr,swingtown
born,0.0027208546612929,fr,swingtown
connatrer,0.0027208546612929,fr,swingtown
amu,0.0027208546612929,fr,swingtown
quitablement,0.0027193235473235,fr,swingtown
vlos,0.0027193235473235,fr,swingtown
ana,0.0027193235473235,fr,swingtown
racontant,0.0027193235473235,fr,swingtown
kessler,0.0027193235473235,fr,swingtown
vivace,0.0027193235473235,fr,swingtown
linder,0.0027193235473235,fr,swingtown
hine,0.0027193235473235,fr,swingtown
matinale,0.0027193235473235,fr,swingtown
kimono,0.0027193235473235,fr,swingtown
barbecu,0.0027193235473235,fr,swingtown
nadier,0.0027193235473235,fr,swingtown
idalist,0.0027193235473235,fr,swingtown
tornad,0.0027193235473235,fr,swingtown
cotillon,0.0027193235473235,fr,swingtown
bousculade,0.0027193235473235,fr,swingtown
roxy,0.0027193235473235,fr,swingtown
obsessif,0.0027193235473235,fr,swingtown
fretin,0.0027193235473235,fr,swingtown
caduc,0.0027193235473235,fr,swingtown
ddui,0.0027193235473235,fr,swingtown
admiratif,0.0027193235473235,fr,swingtown
dulcorer,0.0027193235473235,fr,swingtown
vamo,0.0027193235473235,fr,swingtown
empris,0.0027193235473235,fr,swingtown
effrayante,0.0027193235473235,fr,swingtown
tche,0.0027048423048467,fr,swingtown
tran,0.0027048423048467,fr,swingtown
fumer,0.0027048423048467,fr,swingtown
matre,0.0027048423048467,fr,swingtown
fondre,0.0027048423048467,fr,swingtown
novembre,0.002694425266077,fr,swingtown
rabat,0.002694425266077,fr,swingtown
rciproque,0.002694425266077,fr,swingtown
banlieue,0.002694425266077,fr,swingtown
douche,0.0026828599321474,fr,swingtown
boss,0.0026828599321474,fr,swingtown
apparence,0.0026828599321474,fr,swingtown
saut,0.0026828599321474,fr,swingtown
mode,0.0026828599321474,fr,swingtown
ennuyer,0.0026828599321474,fr,swingtown
emporter,0.0026828599321474,fr,swingtown
mtier,0.0026828599321474,fr,swingtown
institution,0.0026684400834689,fr,swingtown
martini,0.0026684400834689,fr,swingtown
appuyer,0.0026610839697509,fr,swingtown
durer,0.0026610839697509,fr,swingtown
adulte,0.0026610839697509,fr,swingtown
amricain,0.0026610839697509,fr,swingtown
gteau,0.0026610839697509,fr,swingtown
danse,0.0026610839697509,fr,swingtown
fout,0.0026610839697509,fr,swingtown
proc,0.0026610839697509,fr,swingtown
pimente,0.0026456448720144,fr,swingtown
premption,0.0026456448720144,fr,swingtown
persil,0.0026456448720144,fr,swingtown
aequo,0.0026456448720144,fr,swingtown
islande,0.0026456448720144,fr,swingtown
geographic,0.0026456448720144,fr,swingtown
brasse,0.0026456448720144,fr,swingtown
push,0.0026456448720144,fr,swingtown
jodie,0.0026456448720144,fr,swingtown
intarissable,0.0026456448720144,fr,swingtown
contrarit,0.0026456448720144,fr,swingtown
yorker,0.0026456448720144,fr,swingtown
mtaphysique,0.0026456448720144,fr,swingtown
vantardise,0.0026456448720144,fr,swingtown
reconversion,0.0026456448720144,fr,swingtown
emmnagent,0.0026456448720144,fr,swingtown
twin,0.0026456448720144,fr,swingtown
daphne,0.0026456448720144,fr,swingtown
own,0.0026456448720144,fr,swingtown
pivoter,0.0026456448720144,fr,swingtown
beckett,0.0026456448720144,fr,swingtown
mcrant,0.0026456448720144,fr,swingtown
avise,0.0026456448720144,fr,swingtown
temple,0.0026428844277341,fr,swingtown
sally,0.0026428844277341,fr,swingtown
trousse,0.0026428844277341,fr,swingtown
climatisation,0.0026428844277341,fr,swingtown
chaise,0.0026395105773818,fr,swingtown
apprcier,0.0026395105773818,fr,swingtown
croi,0.0026395105773818,fr,swingtown
augmenter,0.0026395105773818,fr,swingtown
amliorer,0.0026395105773818,fr,swingtown
saisir,0.0026395105773818,fr,swingtown
rparer,0.0026395105773818,fr,swingtown
match,0.0026395105773818,fr,swingtown
couvert,0.0026395105773818,fr,swingtown
libert,0.0026395105773818,fr,swingtown
chou,0.0026395105773818,fr,swingtown
ferm,0.0026395105773818,fr,swingtown
rappelle,0.0026181360209501,fr,swingtown
pratique,0.0026181360209501,fr,swingtown
fera,0.0026181360209501,fr,swingtown
couleur,0.0026181360209501,fr,swingtown
grandir,0.0026181360209501,fr,swingtown
heureusement,0.0026181360209501,fr,swingtown
paquet,0.0026181360209501,fr,swingtown
htel,0.0026181360209501,fr,swingtown
conseiller,0.0026181360209501,fr,swingtown
plaiser,0.0026181360209501,fr,swingtown
rater,0.0026181360209501,fr,swingtown
frais,0.0026181360209501,fr,swingtown
gestion,0.0026177443295803,fr,swingtown
bonsoir,0.002596956668673,fr,swingtown
marier,0.002596956668673,fr,swingtown
justement,0.002596956668673,fr,swingtown
rare,0.002596956668673,fr,swingtown
alcool,0.002596956668673,fr,swingtown
cheval,0.002596956668673,fr,swingtown
dranger,0.002596956668673,fr,swingtown
vertu,0.0025930064902998,fr,swingtown
larry,0.0025930064902998,fr,swingtown
transaction,0.0025930064902998,fr,swingtown
baigner,0.0025930064902998,fr,swingtown
bros,0.0025783815114103,fr,swingtown
rabaisse,0.0025783815114103,fr,swingtown
soubrette,0.0025783815114103,fr,swingtown
dissocier,0.0025783815114103,fr,swingtown
entranai,0.0025783815114103,fr,swingtown
insistant,0.0025783815114103,fr,swingtown
trucage,0.0025783815114103,fr,swingtown
prober,0.0025783815114103,fr,swingtown
explosive,0.0025783815114103,fr,swingtown
dnu,0.0025783815114103,fr,swingtown
fever,0.0025783815114103,fr,swingtown
canicule,0.0025783815114103,fr,swingtown
jetterai,0.0025783815114103,fr,swingtown
mimoser,0.0025783815114103,fr,swingtown
grisonnant,0.0025783815114103,fr,swingtown
connors,0.0025783815114103,fr,swingtown
rvasser,0.0025783815114103,fr,swingtown
immangeable,0.0025783815114103,fr,swingtown
hospitalisation,0.0025783815114103,fr,swingtown
watergate,0.0025783815114103,fr,swingtown
fructifier,0.0025783815114103,fr,swingtown
brelan,0.0025783815114103,fr,swingtown
comptiteur,0.0025783815114103,fr,swingtown
piqu,0.0025759689873705,fr,swingtown
diable,0.0025759689873705,fr,swingtown
cass,0.0025759689873705,fr,swingtown
rattraper,0.0025759689873705,fr,swingtown
mouill,0.0025686582395234,fr,swingtown
cuisin,0.0025686582395234,fr,swingtown
fir,0.0025686582395234,fr,swingtown
relancer,0.0025686582395234,fr,swingtown
aid,0.0025551695389284,fr,swingtown
fleur,0.0025551695389284,fr,swingtown
habiter,0.0025551695389284,fr,swingtown
adore,0.0025551695389284,fr,swingtown
refus,0.0025551695389284,fr,swingtown
avi,0.0025551695389284,fr,swingtown
feux,0.00254468749625,fr,swingtown
accompagn,0.00254468749625,fr,swingtown
puzzle,0.00254468749625,fr,swingtown
mas,0.00254468749625,fr,swingtown
clture,0.00254468749625,fr,swingtown
fontaine,0.00254468749625,fr,swingtown
anxieux,0.00254468749625,fr,swingtown
travaill,0.0025345549769182,fr,swingtown
nourriture,0.0025345549769182,fr,swingtown
poque,0.0025345549769182,fr,swingtown
temp,0.0025345549769182,fr,swingtown
crier,0.0025345549769182,fr,swingtown
juridique,0.0025210827328507,fr,swingtown
connatr,0.0025210827328507,fr,swingtown
philosophie,0.0025210827328507,fr,swingtown
tremblement,0.0025210827328507,fr,swingtown
dornaver,0.0025210827328507,fr,swingtown
clbron,0.0025165052178008,fr,swingtown
devinera,0.0025165052178008,fr,swingtown
efficacer,0.0025165052178008,fr,swingtown
assiduit,0.0025165052178008,fr,swingtown
buissonnire,0.0025165052178008,fr,swingtown
rajuster,0.0025165052178008,fr,swingtown
ortie,0.0025165052178008,fr,swingtown
ricocher,0.0025165052178008,fr,swingtown
comparution,0.0025165052178008,fr,swingtown
rassasi,0.0025165052178008,fr,swingtown
spontanit,0.0025165052178008,fr,swingtown
emports,0.0025165052178008,fr,swingtown
giant,0.0025165052178008,fr,swingtown
adresserai,0.0025165052178008,fr,swingtown
dsobligeant,0.0025165052178008,fr,swingtown
quiproquo,0.0025165052178008,fr,swingtown
exhibitionniste,0.0025165052178008,fr,swingtown
culturellement,0.0025165052178008,fr,swingtown
caractrise,0.0025165052178008,fr,swingtown
volage,0.0025165052178008,fr,swingtown
tupperware,0.0025165052178008,fr,swingtown
anatomique,0.0025165052178008,fr,swingtown
crise,0.0025141220433652,fr,swingtown
pourra,0.0025141220433652,fr,swingtown
tonne,0.0025141220433652,fr,swingtown
srieusemer,0.0025141220433652,fr,swingtown
client,0.0025141220433652,fr,swingtown
vtre,0.0025141220433652,fr,swingtown
finalement,0.0025141220433652,fr,swingtown
poche,0.0025141220433652,fr,swingtown
notion,0.00249783294178,fr,swingtown
pelouse,0.00249783294178,fr,swingtown
bguin,0.00249783294178,fr,swingtown
monte,0.0024938675656591,fr,swingtown
vent,0.0024938675656591,fr,swingtown
got,0.0024938675656591,fr,swingtown
dame,0.0024938675656591,fr,swingtown
jou,0.0024938675656591,fr,swingtown
envie,0.0024938675656591,fr,swingtown
dfense,0.0024938675656591,fr,swingtown
pige,0.0024938675656591,fr,swingtown
faillir,0.0024938675656591,fr,swingtown
discussion,0.0024938675656591,fr,swingtown
apport,0.0024938675656591,fr,swingtown
lve,0.0024938675656591,fr,swingtown
frein,0.0024749276047534,fr,swingtown
ruin,0.0024749276047534,fr,swingtown
maquillage,0.0024749276047534,fr,swingtown
annuel,0.0024749276047534,fr,swingtown
bec,0.0024749276047534,fr,swingtown
rail,0.0024749276047534,fr,swingtown
valeur,0.0024737884535968,fr,swingtown
gard,0.0024737884535968,fr,swingtown
rentr,0.0024737884535968,fr,swingtown
bord,0.0024737884535968,fr,swingtown
dingue,0.0024737884535968,fr,swingtown
runion,0.0024737884535968,fr,swingtown
thorie,0.0024737884535968,fr,swingtown
attraper,0.0024737884535968,fr,swingtown
diffrence,0.0024737884535968,fr,swingtown
phylli,0.0024592167179854,fr,swingtown
voudrez,0.0024592167179854,fr,swingtown
perptuel,0.0024592167179854,fr,swingtown
gripp,0.0024592167179854,fr,swingtown
traumatiss,0.0024592167179854,fr,swingtown
avener,0.0024592167179854,fr,swingtown
vitrail,0.0024592167179854,fr,swingtown
clturer,0.0024592167179854,fr,swingtown
confiserie,0.0024592167179854,fr,swingtown
hara,0.0024592167179854,fr,swingtown
gilmor,0.0024592167179854,fr,swingtown
endurcie,0.0024592167179854,fr,swingtown
brocant,0.0024592167179854,fr,swingtown
reveniez,0.0024592167179854,fr,swingtown
tide,0.0024592167179854,fr,swingtown
tribun,0.0024592167179854,fr,swingtown
gnralis,0.0024592167179854,fr,swingtown
dvergonde,0.0024592167179854,fr,swingtown
beauty,0.0024592167179854,fr,swingtown
singapour,0.0024592167179854,fr,swingtown
envahissant,0.0024592167179854,fr,swingtown
dous,0.0024592167179854,fr,swingtown
affranchir,0.0024592167179854,fr,swingtown
rouge,0.0024538816965534,fr,swingtown
traverser,0.0024538816965534,fr,swingtown
urgence,0.0024538816965534,fr,swingtown
excellent,0.0024538816965534,fr,swingtown
hpital,0.0024538816965534,fr,swingtown
prfr,0.0024538816965534,fr,swingtown
bleu,0.0024538816965534,fr,swingtown
quitte,0.0024538816965534,fr,swingtown
code,0.0024538816965534,fr,swingtown
gosse,0.0024538816965534,fr,swingtown
impressionner,0.0024538816965534,fr,swingtown
bienvenu,0.0024538816965534,fr,swingtown
automne,0.0024523566641747,fr,swingtown
lac,0.0024523566641747,fr,swingtown
recouvrir,0.0024523566641747,fr,swingtown
consoler,0.0024523566641747,fr,swingtown
nombre,0.002434144360773,fr,swingtown
mchant,0.002434144360773,fr,swingtown
centre,0.002434144360773,fr,swingtown
enfer,0.002434144360773,fr,swingtown
voulai,0.002434144360773,fr,swingtown
camp,0.002434144360773,fr,swingtown
vider,0.002434144360773,fr,swingtown
repas,0.002434144360773,fr,swingtown
doigt,0.002434144360773,fr,swingtown
respecter,0.002434144360773,fr,swingtown
reu,0.002434144360773,fr,swingtown
destination,0.0024301104966191,fr,swingtown
intressante,0.0024301104966191,fr,swingtown
sorcire,0.0024301104966191,fr,swingtown
rcolter,0.0024301104966191,fr,swingtown
descente,0.0024301104966191,fr,swingtown
disput,0.0024301104966191,fr,swingtown
larguer,0.0024301104966191,fr,swingtown
dpart,0.0024145735867734,fr,swingtown
rpondre,0.0024145735867734,fr,swingtown
atteindre,0.0024145735867734,fr,swingtown
parole,0.0024145735867734,fr,swingtown
fermer,0.0024145735867734,fr,swingtown
convaincre,0.0024145735867734,fr,swingtown
note,0.0024145735867734,fr,swingtown
lumire,0.0024145735867734,fr,swingtown
planifi,0.0024081798881973,fr,swingtown
selle,0.0024081798881973,fr,swingtown
scher,0.0024081798881973,fr,swingtown
motiv,0.0024081798881973,fr,swingtown
disposer,0.0024081798881973,fr,swingtown
dave,0.0024081798881973,fr,swingtown
obscnit,0.0024058824006295,fr,swingtown
dbarrassera,0.0024058824006295,fr,swingtown
mocassin,0.0024058824006295,fr,swingtown
corce,0.0024058824006295,fr,swingtown
bouillante,0.0024058824006295,fr,swingtown
rpugne,0.0024058824006295,fr,swingtown
eteins,0.0024058824006295,fr,swingtown
extnue,0.0024058824006295,fr,swingtown
moul,0.0024058824006295,fr,swingtown
running,0.0024058824006295,fr,swingtown
roumain,0.0024058824006295,fr,swingtown
disponibilit,0.0024058824006295,fr,swingtown
chercherai,0.0024058824006295,fr,swingtown
accul,0.0024058824006295,fr,swingtown
poivron,0.0024058824006295,fr,swingtown
thermal,0.0024058824006295,fr,swingtown
tabasco,0.0024058824006295,fr,swingtown
penthouse,0.0024058824006295,fr,swingtown
vnu,0.0024058824006295,fr,swingtown
emmenait,0.0024058824006295,fr,swingtown
toupet,0.0024058824006295,fr,swingtown
affiliation,0.0024058824006295,fr,swingtown
blagu,0.0023951665868608,fr,swingtown
capable,0.0023951665868608,fr,swingtown
pleurer,0.0023951665868608,fr,swingtown
avancer,0.0023951665868608,fr,swingtown
information,0.0023951665868608,fr,swingtown
faim,0.0023951665868608,fr,swingtown
mets,0.0023951665868608,fr,swingtown
respect,0.0023759206427457,fr,swingtown
vivant,0.0023759206427457,fr,swingtown
admettre,0.0023759206427457,fr,swingtown
pen,0.0023759206427457,fr,swingtown
imaginer,0.0023759206427457,fr,swingtown
prvu,0.0023759206427457,fr,swingtown
partager,0.0023759206427457,fr,swingtown
claire,0.0023652304049778,fr,swingtown
inspirer,0.0023652304049778,fr,swingtown
oranger,0.0023652304049778,fr,swingtown
publier,0.0023652304049778,fr,swingtown
confus,0.0023652304049778,fr,swingtown
intresser,0.0023568331032586,fr,swingtown
esprit,0.0023568331032586,fr,swingtown
merde,0.0023568331032586,fr,swingtown
but,0.0023568331032586,fr,swingtown
terrible,0.0023568331032586,fr,swingtown
ensuite,0.0023568331032586,fr,swingtown
absolument,0.0023568331032586,fr,swingtown
peau,0.0023568331032586,fr,swingtown
nul,0.0023568331032586,fr,swingtown
viter,0.0023568331032586,fr,swingtown
imprvisibler,0.0023559914786567,fr,swingtown
soutiendra,0.0023559914786567,fr,swingtown
shaker,0.0023559914786567,fr,swingtown
crique,0.0023559914786567,fr,swingtown
mural,0.0023559914786567,fr,swingtown
royce,0.0023559914786567,fr,swingtown
partageon,0.0023559914786567,fr,swingtown
ventouse,0.0023559914786567,fr,swingtown
hair,0.0023559914786567,fr,swingtown
revenant,0.0023559914786567,fr,swingtown
humilie,0.0023559914786567,fr,swingtown
farci,0.0023559914786567,fr,swingtown
find,0.0023559914786567,fr,swingtown
laitier,0.0023559914786567,fr,swingtown
bronson,0.0023559914786567,fr,swingtown
noix,0.002344194951635,fr,swingtown
catgorie,0.002344194951635,fr,swingtown
marchandise,0.002344194951635,fr,swingtown
embauche,0.002344194951635,fr,swingtown
marcher,0.0023379013821581,fr,swingtown
corps,0.0023379013821581,fr,swingtown
ignorer,0.0023379013821581,fr,swingtown
forme,0.0023379013821581,fr,swingtown
contrle,0.0023379013821581,fr,swingtown
vrifier,0.0023379013821581,fr,swingtown
lche,0.0023379013821581,fr,swingtown
partout,0.0023379013821581,fr,swingtown
baseball,0.0023234418619073,fr,swingtown
cacahute,0.0023234418619073,fr,swingtown
tlvision,0.0023234418619073,fr,swingtown
sang,0.0023191229560279,fr,swingtown
tirer,0.0023191229560279,fr,swingtown
frre,0.0023191229560279,fr,swingtown
poser,0.0023191229560279,fr,swingtown
message,0.0023191229560279,fr,swingtown
utiliser,0.0023191229560279,fr,swingtown
sauver,0.0023191229560279,fr,swingtown
ennuyant,0.0023091261612717,fr,swingtown
dbutent,0.0023091261612717,fr,swingtown
nin,0.0023091261612717,fr,swingtown
maple,0.0023091261612717,fr,swingtown
stno,0.0023091261612717,fr,swingtown
gense,0.0023091261612717,fr,swingtown
monogamie,0.0023091261612717,fr,swingtown
courter,0.0023091261612717,fr,swingtown
adjug,0.0023091261612717,fr,swingtown
viterai,0.0023091261612717,fr,swingtown
raffine,0.0023091261612717,fr,swingtown
guidon,0.0023091261612717,fr,swingtown
fossoyeur,0.0023091261612717,fr,swingtown
yyet,0.0023091261612717,fr,swingtown
garrett,0.0023091261612717,fr,swingtown
crasent,0.0023091261612717,fr,swingtown
fminist,0.0023091261612717,fr,swingtown
revigorer,0.0023091261612717,fr,swingtown
cabaret,0.0023091261612717,fr,swingtown
insatisfaire,0.0023091261612717,fr,swingtown
compresseur,0.0023091261612717,fr,swingtown
gagns,0.0023091261612717,fr,swingtown
forage,0.0023091261612717,fr,swingtown
jenner,0.0023091261612717,fr,swingtown
louper,0.0023029636556315,fr,swingtown
pargner,0.0023029636556315,fr,swingtown
pourboire,0.0023029636556315,fr,swingtown
mark,0.0023029636556315,fr,swingtown
simuler,0.0023029636556315,fr,swingtown
splendide,0.0023029636556315,fr,swingtown
clibatair,0.0023029636556315,fr,swingtown
time,0.0023029636556315,fr,swingtown
prostitue,0.0022827531460009,fr,swingtown
consister,0.0022827531460009,fr,swingtown
strip,0.0022827531460009,fr,swingtown
voter,0.0022827531460009,fr,swingtown
drangerer,0.0022827531460009,fr,swingtown
soyiez,0.0022649403647163,fr,swingtown
hospitalis,0.0022649403647163,fr,swingtown
panouir,0.0022649403647163,fr,swingtown
heureusemer,0.0022649403647163,fr,swingtown
rex,0.0022649403647163,fr,swingtown
charrie,0.0022649403647163,fr,swingtown
philosophique,0.0022649403647163,fr,swingtown
door,0.0022649403647163,fr,swingtown
charade,0.0022649403647163,fr,swingtown
pierc,0.0022649403647163,fr,swingtown
malsaine,0.0022649403647163,fr,swingtown
tonight,0.0022649403647163,fr,swingtown
rpondrai,0.0022649403647163,fr,swingtown
fuguer,0.0022649403647163,fr,swingtown
problème,0.0022649403647163,fr,swingtown
sox,0.0022649403647163,fr,swingtown
sudiste,0.0022649403647163,fr,swingtown
market,0.0022649403647163,fr,swingtown
formation,0.0022628034244236,fr,swingtown
dtourner,0.0022628034244236,fr,swingtown
mignonne,0.0022628034244236,fr,swingtown
orteil,0.0022628034244236,fr,swingtown
barbecue,0.0022628034244236,fr,swingtown
sortant,0.0022628034244236,fr,swingtown
adam,0.002243107846345,fr,swingtown
dirige,0.002243107846345,fr,swingtown
sauce,0.0022236600179618,fr,swingtown
profite,0.0022236600179618,fr,swingtown
lou,0.0022236600179618,fr,swingtown
transformateur,0.0022231441867108,fr,swingtown
milwauke,0.0022231441867108,fr,swingtown
appendicite,0.0022231441867108,fr,swingtown
forter,0.0022231441867108,fr,swingtown
rejoint,0.0022231441867108,fr,swingtown
originalit,0.0022231441867108,fr,swingtown
lake,0.0022231441867108,fr,swingtown
psychanalyse,0.0022231441867108,fr,swingtown
concerns,0.0022231441867108,fr,swingtown
alliage,0.0022231441867108,fr,swingtown
soulier,0.0022231441867108,fr,swingtown
trompai,0.0022231441867108,fr,swingtown
assimil,0.0022231441867108,fr,swingtown
pistonn,0.0022231441867108,fr,swingtown
dballe,0.0022231441867108,fr,swingtown
follemer,0.0022231441867108,fr,swingtown
harbor,0.0022231441867108,fr,swingtown
orange,0.0022044537837616,fr,swingtown
inoffensif,0.0022044537837616,fr,swingtown
opposer,0.0022044537837616,fr,swingtown
girl,0.0022044537837616,fr,swingtown
morale,0.0022044537837616,fr,swingtown
dfonc,0.0022044537837616,fr,swingtown
bill,0.0021854832148267,fr,swingtown
hamburger,0.0021854832148267,fr,swingtown
album,0.0021854832148267,fr,swingtown
envi,0.0021854832148267,fr,swingtown
estimer,0.0021854832148267,fr,swingtown
appuie,0.0021854832148267,fr,swingtown
tropique,0.002183492367876,fr,swingtown
comprenez,0.002183492367876,fr,swingtown
modration,0.002183492367876,fr,swingtown
bone,0.002183492367876,fr,swingtown
cligne,0.002183492367876,fr,swingtown
devriez,0.002183492367876,fr,swingtown
reluquer,0.002183492367876,fr,swingtown
apportai,0.002183492367876,fr,swingtown
innover,0.002183492367876,fr,swingtown
bnir,0.002183492367876,fr,swingtown
catchisme,0.002183492367876,fr,swingtown
charrette,0.002183492367876,fr,swingtown
porcherie,0.002183492367876,fr,swingtown
corvette,0.002183492367876,fr,swingtown
flatterie,0.002183492367876,fr,swingtown
prside,0.002183492367876,fr,swingtown
varicell,0.002183492367876,fr,swingtown
touffer,0.0021667425978475,fr,swingtown
matresse,0.0021667425978475,fr,swingtown
rests,0.0021667425978475,fr,swingtown
prenon,0.0021667425978475,fr,swingtown
dcrocher,0.0021667425978475,fr,swingtown
prsentation,0.0021667425978475,fr,swingtown
renver,0.0021667425978475,fr,swingtown
distribuer,0.0021667425978475,fr,swingtown
assur,0.0021667425978475,fr,swingtown
reois,0.0021667425978475,fr,swingtown
retomber,0.0021482264247927,fr,swingtown
loigne,0.0021482264247927,fr,swingtown
ignorai,0.0021482264247927,fr,swingtown
nana,0.0021482264247927,fr,swingtown
allo,0.0021482264247927,fr,swingtown
aspect,0.0021482264247927,fr,swingtown
aisment,0.0021457755712914,fr,swingtown
feuillet,0.0021457755712914,fr,swingtown
emmens,0.0021457755712914,fr,swingtown
somptueux,0.0021457755712914,fr,swingtown
mondain,0.0021457755712914,fr,swingtown
libral,0.0021457755712914,fr,swingtown
dmocrate,0.0021457755712914,fr,swingtown
impermabl,0.0021457755712914,fr,swingtown
triompher,0.0021457755712914,fr,swingtown
recule,0.0021457755712914,fr,swingtown
discernement,0.0021457755712914,fr,swingtown
omaha,0.0021457755712914,fr,swingtown
hollande,0.0021457755712914,fr,swingtown
richard,0.0021299293831918,fr,swingtown
lave,0.0021118463469855,fr,swingtown
dpcher,0.0021118463469855,fr,swingtown
impressionn,0.0021118463469855,fr,swingtown
entour,0.0021118463469855,fr,swingtown
sincre,0.0021118463469855,fr,swingtown
seven,0.0021098136925668,fr,swingtown
immobilir,0.0021098136925668,fr,swingtown
insipide,0.0021098136925668,fr,swingtown
recommande,0.0021098136925668,fr,swingtown
allen,0.0021098136925668,fr,swingtown
poivr,0.0021098136925668,fr,swingtown
collante,0.0021098136925668,fr,swingtown
fougueux,0.0021098136925668,fr,swingtown
hermtiqu,0.0021098136925668,fr,swingtown
casson,0.0021098136925668,fr,swingtown
escale,0.0021098136925668,fr,swingtown
citadin,0.0021098136925668,fr,swingtown
dmnageur,0.0021098136925668,fr,swingtown
pensera,0.0021098136925668,fr,swingtown
den,0.0021098136925668,fr,swingtown
vantard,0.0021098136925668,fr,swingtown
migrer,0.0021098136925668,fr,swingtown
tmraire,0.0021098136925668,fr,swingtown
fracheur,0.0021098136925668,fr,swingtown
trimer,0.0021098136925668,fr,swingtown
palourde,0.0021098136925668,fr,swingtown
fianc,0.0020939723679049,fr,swingtown
droguer,0.0020939723679049,fr,swingtown
permet,0.0020939723679049,fr,swingtown
fiston,0.0020939723679049,fr,swingtown
meuble,0.0020939723679049,fr,swingtown
cocktail,0.0020939723679049,fr,swingtown
bnfice,0.0020939723679049,fr,swingtown
foirer,0.0020763026673436,fr,swingtown
rgime,0.0020763026673436,fr,swingtown
sach,0.0020763026673436,fr,swingtown
prfrerai,0.0020763026673436,fr,swingtown
fouill,0.0020763026673436,fr,swingtown
espion,0.0020763026673436,fr,swingtown
dcevoir,0.0020763026673436,fr,swingtown
moeurs,0.0020754506582289,fr,swingtown
guette,0.0020754506582289,fr,swingtown
pandore,0.0020754506582289,fr,swingtown
nocif,0.0020754506582289,fr,swingtown
souder,0.0020754506582289,fr,swingtown
adonner,0.0020754506582289,fr,swingtown
adapte,0.0020754506582289,fr,swingtown
ustensile,0.0020754506582289,fr,swingtown
peintr,0.0020754506582289,fr,swingtown
woody,0.0020754506582289,fr,swingtown
ananti,0.0020754506582289,fr,swingtown
trotte,0.0020754506582289,fr,swingtown
inaugurer,0.0020754506582289,fr,swingtown
crasseux,0.0020754506582289,fr,swingtown
airline,0.0020754506582289,fr,swingtown
mendiant,0.0020754506582289,fr,swingtown
rsous,0.0020754506582289,fr,swingtown
sincremer,0.0020588326286887,fr,swingtown
bravo,0.0020588326286887,fr,swingtown
pendre,0.0020588326286887,fr,swingtown
aimerai,0.0020588326286887,fr,swingtown
toast,0.0020588326286887,fr,swingtown
malentendu,0.0020588326286887,fr,swingtown
corriger,0.0020588326286887,fr,swingtown
censs,0.0020588326286887,fr,swingtown
rarement,0.0020588326286887,fr,swingtown
vienne,0.0020588326286887,fr,swingtown
discut,0.0020588326286887,fr,swingtown
conomie,0.0020588326286887,fr,swingtown
sonny,0.0020425503319628,fr,swingtown
occulte,0.0020425503319628,fr,swingtown
enflamme,0.0020425503319628,fr,swingtown
diversifier,0.0020425503319628,fr,swingtown
serpillire,0.0020425503319628,fr,swingtown
monopoliser,0.0020425503319628,fr,swingtown
navigu,0.0020425503319628,fr,swingtown
comestible,0.0020425503319628,fr,swingtown
cautionner,0.0020425503319628,fr,swingtown
peint,0.0020425503319628,fr,swingtown
boutiqu,0.0020425503319628,fr,swingtown
insre,0.0020425503319628,fr,swingtown
galant,0.0020425503319628,fr,swingtown
mdecins,0.0020425503319628,fr,swingtown
luk,0.0020425503319628,fr,swingtown
feuilleter,0.0020425503319628,fr,swingtown
fascination,0.0020425503319628,fr,swingtown
opt,0.0020425503319628,fr,swingtown
dort,0.0020415577900809,fr,swingtown
vieillir,0.0020415577900809,fr,swingtown
longueur,0.0020415577900809,fr,swingtown
insist,0.0020415577900809,fr,swingtown
fichu,0.0020415577900809,fr,swingtown
prononcer,0.0020415577900809,fr,swingtown
frache,0.0020415577900809,fr,swingtown
racheter,0.0020415577900809,fr,swingtown
surveille,0.0020415577900809,fr,swingtown
intimit,0.0020244738375738,fr,swingtown
nettoyage,0.0020244738375738,fr,swingtown
parcourir,0.0020244738375738,fr,swingtown
raccompagner,0.0020244738375738,fr,swingtown
manche,0.0020244738375738,fr,swingtown
drang,0.0020244738375738,fr,swingtown
hsiter,0.0020244738375738,fr,swingtown
coffret,0.0020109932570952,fr,swingtown
volontariat,0.0020109932570952,fr,swingtown
argenterie,0.0020109932570952,fr,swingtown
dlicatesse,0.0020109932570952,fr,swingtown
dformation,0.0020109932570952,fr,swingtown
duvet,0.0020109932570952,fr,swingtown
prfrai,0.0020109932570952,fr,swingtown
honors,0.0020109932570952,fr,swingtown
droulement,0.0020109932570952,fr,swingtown
meg,0.0020109932570952,fr,swingtown
moelleux,0.0020109932570952,fr,swingtown
quilibr,0.0020109932570952,fr,swingtown
cadillac,0.0020109932570952,fr,swingtown
pilot,0.0020109932570952,fr,swingtown
banderole,0.0020109932570952,fr,swingtown
comprenai,0.0020109932570952,fr,swingtown
incit,0.0020109932570952,fr,swingtown
scrabble,0.0020109932570952,fr,swingtown
festif,0.0020109932570952,fr,swingtown
aphrodisiaque,0.0020109932570952,fr,swingtown
crive,0.0020109932570952,fr,swingtown
surmonter,0.0020075765986676,fr,swingtown
noter,0.0020075765986676,fr,swingtown
reviendra,0.0020075765986676,fr,swingtown
bagage,0.0019908620361923,fr,swingtown
champion,0.0019908620361923,fr,swingtown
plonger,0.0019908620361923,fr,swingtown
dsastre,0.0019908620361923,fr,swingtown
micro,0.0019908620361923,fr,swingtown
bizarrement,0.0019908620361923,fr,swingtown
paratre,0.0019908620361923,fr,swingtown
honnte,0.0019908620361923,fr,swingtown
jeton,0.0019908620361923,fr,swingtown
majordome,0.0019806740383533,fr,swingtown
suspense,0.0019806740383533,fr,swingtown
stro,0.0019806740383533,fr,swingtown
rasag,0.0019806740383533,fr,swingtown
bermude,0.0019806740383533,fr,swingtown
brandy,0.0019806740383533,fr,swingtown
ddicac,0.0019806740383533,fr,swingtown
arrivai,0.0019806740383533,fr,swingtown
fascinante,0.0019806740383533,fr,swingtown
sabbatique,0.0019806740383533,fr,swingtown
damien,0.0019806740383533,fr,swingtown
guimauve,0.0019806740383533,fr,swingtown
morpion,0.0019806740383533,fr,swingtown
insouciant,0.0019806740383533,fr,swingtown
pdicure,0.0019806740383533,fr,swingtown
pardonnera,0.0019806740383533,fr,swingtown
foir,0.0019743262425176,fr,swingtown
aroport,0.0019743262425176,fr,swingtown
rvler,0.0019743262425176,fr,swingtown
horaire,0.0019743262425176,fr,swingtown
station,0.0019743262425176,fr,swingtown
cinma,0.0019743262425176,fr,swingtown
salaire,0.0019743262425176,fr,swingtown
pari,0.0019579654340699,fr,swingtown
trane,0.0019579654340699,fr,swingtown
rela,0.0019579654340699,fr,swingtown
voit,0.0019579654340699,fr,swingtown
dgag,0.0019579654340699,fr,swingtown
prendra,0.0019579654340699,fr,swingtown
stylo,0.0019579654340699,fr,swingtown
pic,0.0019579654340699,fr,swingtown
tap,0.0019579654340699,fr,swingtown
lundi,0.0019579654340699,fr,swingtown
fer,0.0019579654340699,fr,swingtown
plastique,0.0019579654340699,fr,swingtown
dimanche,0.0019579654340699,fr,swingtown
mch,0.0019514992180223,fr,swingtown
surestimer,0.0019514992180223,fr,swingtown
terniser,0.0019514992180223,fr,swingtown
craigno,0.0019514992180223,fr,swingtown
jeux,0.0019514992180223,fr,swingtown
signale,0.0019514992180223,fr,swingtown
fraternel,0.0019514992180223,fr,swingtown
beuh,0.0019514992180223,fr,swingtown
nitrate,0.0019514992180223,fr,swingtown
nappe,0.0019514992180223,fr,swingtown
eve,0.0019514992180223,fr,swingtown
chan,0.0019514992180223,fr,swingtown
dcorateur,0.0019514992180223,fr,swingtown
gronder,0.0019514992180223,fr,swingtown
frisbee,0.0019514992180223,fr,swingtown
accrocher,0.0019417759461354,fr,swingtown
leve,0.0019417759461354,fr,swingtown
amical,0.0019417759461354,fr,swingtown
demandai,0.0019417759461354,fr,swingtown
facture,0.0019417759461354,fr,swingtown
remet,0.0019417759461354,fr,swingtown
larme,0.0019417759461354,fr,swingtown
rir,0.0019417759461354,fr,swingtown
cuisiner,0.0019417759461354,fr,swingtown
reparler,0.0019417759461354,fr,swingtown
agence,0.0019417759461354,fr,swingtown
jardin,0.0019417759461354,fr,swingtown
charme,0.0019257542279337,fr,swingtown
frr,0.0019257542279337,fr,swingtown
invent,0.0019257542279337,fr,swingtown
coucou,0.0019257542279337,fr,swingtown
commenon,0.0019257542279337,fr,swingtown
encourager,0.0019257542279337,fr,swingtown
gouttire,0.0019233855385378,fr,swingtown
nettoie,0.0019233855385378,fr,swingtown
prtendant,0.0019233855385378,fr,swingtown
prvenant,0.0019233855385378,fr,swingtown
disjoncter,0.0019233855385378,fr,swingtown
piaule,0.0019233855385378,fr,swingtown
mdaillon,0.0019233855385378,fr,swingtown
thermostat,0.0019233855385378,fr,swingtown
mmorabl,0.0019233855385378,fr,swingtown
seller,0.0019233855385378,fr,swingtown
rticence,0.0019233855385378,fr,swingtown
music,0.0019233855385378,fr,swingtown
puisement,0.0019233855385378,fr,swingtown
dca,0.0019233855385378,fr,swingtown
conquérir,0.0019233855385378,fr,swingtown
relayer,0.0019233855385378,fr,swingtown
voluent,0.0019233855385378,fr,swingtown
gre,0.0019098968379429,fr,swingtown
lendemain,0.0019098968379429,fr,swingtown
accueillir,0.0019098968379429,fr,swingtown
errant,0.001896258510094,fr,swingtown
enroul,0.001896258510094,fr,swingtown
thune,0.001896258510094,fr,swingtown
voyeur,0.001896258510094,fr,swingtown
croître,0.001896258510094,fr,swingtown
ginger,0.001896258510094,fr,swingtown
illinoi,0.001896258510094,fr,swingtown
verset,0.001896258510094,fr,swingtown
joignable,0.001896258510094,fr,swingtown
rappellerai,0.001896258510094,fr,swingtown
book,0.001896258510094,fr,swingtown
cruelle,0.001896258510094,fr,swingtown
turbulence,0.001896258510094,fr,swingtown
romp,0.001896258510094,fr,swingtown
plum,0.001896258510094,fr,swingtown
dominant,0.001896258510094,fr,swingtown
croiser,0.0018942004394627,fr,swingtown
compliment,0.0018942004394627,fr,swingtown
rassurer,0.0018942004394627,fr,swingtown
brise,0.0018942004394627,fr,swingtown
malheureux,0.0018942004394627,fr,swingtown
symper,0.0018942004394627,fr,swingtown
objectif,0.0018942004394627,fr,swingtown
social,0.0018786617964002,fr,swingtown
retire,0.0018786617964002,fr,swingtown
national,0.0018786617964002,fr,swingtown
aupr,0.0018786617964002,fr,swingtown
chair,0.0018786617964002,fr,swingtown
reconnatre,0.0018786617964002,fr,swingtown
norme,0.0018786617964002,fr,swingtown
dsir,0.0018786617964002,fr,swingtown
bouton,0.0018786617964002,fr,swingtown
paradis,0.0018786617964002,fr,swingtown
profit,0.0018786617964002,fr,swingtown
perd,0.0018786617964002,fr,swingtown
complexe,0.0018786617964002,fr,swingtown
tendance,0.0018786617964002,fr,swingtown
franc,0.0018786617964002,fr,swingtown
dbrouiller,0.0018786617964002,fr,swingtown
pouvai,0.0018786617964002,fr,swingtown
entame,0.001870051221182,fr,swingtown
orchide,0.001870051221182,fr,swingtown
habitation,0.001870051221182,fr,swingtown
prouesse,0.001870051221182,fr,swingtown
trompeur,0.001870051221182,fr,swingtown
persvrer,0.001870051221182,fr,swingtown
littrair,0.001870051221182,fr,swingtown
draill,0.001870051221182,fr,swingtown
chquier,0.001870051221182,fr,swingtown
patin,0.001870051221182,fr,swingtown
dsagrable,0.001870051221182,fr,swingtown
copilote,0.001870051221182,fr,swingtown
maine,0.001870051221182,fr,swingtown
friend,0.001870051221182,fr,swingtown
tester,0.0018632777692658,fr,swingtown
comparer,0.0018632777692658,fr,swingtown
devine,0.0018632777692658,fr,swingtown
amiti,0.0018632777692658,fr,swingtown
bonheur,0.0018480453113654,fr,swingtown
gratuit,0.0018480453113654,fr,swingtown
jouet,0.0018480453113654,fr,swingtown
participer,0.0018480453113654,fr,swingtown
boisson,0.0018480453113654,fr,swingtown
matine,0.0018480453113654,fr,swingtown
assassin,0.0018480453113654,fr,swingtown
priorit,0.0018480453113654,fr,swingtown
visiter,0.0018480453113654,fr,swingtown
joueur,0.0018480453113654,fr,swingtown
honte,0.0018480453113654,fr,swingtown
rentre,0.0018480453113654,fr,swingtown
rigole,0.0018480453113654,fr,swingtown
lapin,0.0018480453113654,fr,swingtown
politiquemer,0.0018447033442377,fr,swingtown
rotation,0.0018447033442377,fr,swingtown
morfondre,0.0018447033442377,fr,swingtown
libido,0.0018447033442377,fr,swingtown
teinture,0.0018447033442377,fr,swingtown
inoubliable,0.0018447033442377,fr,swingtown
indisponible,0.0018447033442377,fr,swingtown
animer,0.0018447033442377,fr,swingtown
incontrlable,0.0018447033442377,fr,swingtown
asphyxie,0.0018447033442377,fr,swingtown
applaudissement,0.0018447033442377,fr,swingtown
saver,0.0018447033442377,fr,swingtown
gest,0.0018447033442377,fr,swingtown
bricoler,0.0018447033442377,fr,swingtown
clbre,0.0018329614651795,fr,swingtown
forcment,0.0018329614651795,fr,swingtown
prfrer,0.0018329614651795,fr,swingtown
lunette,0.0018329614651795,fr,swingtown
jur,0.0018329614651795,fr,swingtown
qualit,0.0018329614651795,fr,swingtown
fruit,0.0018329614651795,fr,swingtown
aille,0.0018329614651795,fr,swingtown
gouvernement,0.0018329614651795,fr,swingtown
nostalgie,0.0018201602992092,fr,swingtown
araign,0.0018201602992092,fr,swingtown
pavaner,0.0018201602992092,fr,swingtown
distingu,0.0018201602992092,fr,swingtown
joujou,0.0018201602992092,fr,swingtown
distinction,0.0018201602992092,fr,swingtown
aids,0.0018201602992092,fr,swingtown
dallas,0.0018201602992092,fr,swingtown
adultre,0.0018201602992092,fr,swingtown
entrevoir,0.0018201602992092,fr,swingtown
after,0.0018201602992092,fr,swingtown
suffisant,0.0018201602992092,fr,swingtown
tonic,0.0018201602992092,fr,swingtown
dmangeaison,0.0018201602992092,fr,swingtown
bahama,0.0018201602992092,fr,swingtown
mfiant,0.0018201602992092,fr,swingtown
placard,0.0018180233589165,fr,swingtown
dessin,0.0018180233589165,fr,swingtown
engag,0.0018180233589165,fr,swingtown
rcemmer,0.0018180233589165,fr,swingtown
lment,0.0018180233589165,fr,swingtown
gagnant,0.0018180233589165,fr,swingtown
sage,0.0018180233589165,fr,swingtown
lger,0.0018032282032311,fr,swingtown
chasser,0.0018032282032311,fr,swingtown
costume,0.0018032282032311,fr,swingtown
attendai,0.0018032282032311,fr,swingtown
tromp,0.0018032282032311,fr,swingtown
obliger,0.0018032282032311,fr,swingtown
camion,0.0018032282032311,fr,swingtown
lance,0.0018032282032311,fr,swingtown
humeur,0.0018032282032311,fr,swingtown
activit,0.0018032282032311,fr,swingtown
malin,0.0018032282032311,fr,swingtown
referm,0.0017963725458728,fr,swingtown
full,0.0017963725458728,fr,swingtown
moustique,0.0017963725458728,fr,swingtown
resservir,0.0017963725458728,fr,swingtown
dissquer,0.0017963725458728,fr,swingtown
mfi,0.0017963725458728,fr,swingtown
infidlit,0.0017963725458728,fr,swingtown
compta,0.0017963725458728,fr,swingtown
incliner,0.0017963725458728,fr,swingtown
barney,0.0017963725458728,fr,swingtown
destin,0.0017885732880982,fr,swingtown
descend,0.0017885732880982,fr,swingtown
star,0.0017885732880982,fr,swingtown
carrire,0.0017885732880982,fr,swingtown
emprunter,0.0017885732880982,fr,swingtown
kilomètre,0.0017885732880982,fr,swingtown
accorder,0.0017885732880982,fr,swingtown
lvre,0.0017885732880982,fr,swingtown
accuser,0.0017885732880982,fr,swingtown
employ,0.0017885732880982,fr,swingtown
local,0.0017740559798339,fr,swingtown
pile,0.0017740559798339,fr,swingtown
priode,0.0017740559798339,fr,swingtown
nol,0.0017740559798339,fr,swingtown
banque,0.0017740559798339,fr,swingtown
sign,0.0017740559798339,fr,swingtown
renvoyer,0.0017740559798339,fr,swingtown
abattre,0.0017740559798339,fr,swingtown
talent,0.0017740559798339,fr,swingtown
arbre,0.0017740559798339,fr,swingtown
file,0.0017740559798339,fr,swingtown
chute,0.0017740559798339,fr,swingtown
rumeur,0.0017740559798339,fr,swingtown
circonstance,0.0017740559798339,fr,swingtown
autocollant,0.0017732949818242,fr,swingtown
surcharge,0.0017732949818242,fr,swingtown
tracasse,0.0017732949818242,fr,swingtown
impartial,0.0017732949818242,fr,swingtown
compote,0.0017732949818242,fr,swingtown
installs,0.0017732949818242,fr,swingtown
sullivan,0.0017732949818242,fr,swingtown
occasionnel,0.0017732949818242,fr,swingtown
redouter,0.0017732949818242,fr,swingtown
tromperie,0.0017732949818242,fr,swingtown
interminable,0.0017732949818242,fr,swingtown
best,0.0017732949818242,fr,swingtown
enrayer,0.0017732949818242,fr,swingtown
exterminer,0.0017732949818242,fr,swingtown
manhattan,0.0017732949818242,fr,swingtown
traumati,0.0017732949818242,fr,swingtown
rigolade,0.0017732949818242,fr,swingtown
correspondre,0.0017596737182545,fr,swingtown
achte,0.0017596737182545,fr,swingtown
russir,0.0017596737182545,fr,swingtown
veille,0.0017596737182545,fr,swingtown
devai,0.0017596737182545,fr,swingtown
allumer,0.0017596737182545,fr,swingtown
original,0.0017596737182545,fr,swingtown
empche,0.0017596737182545,fr,swingtown
protge,0.0017596737182545,fr,swingtown
premier,0.0017596737182545,fr,swingtown
rapprochs,0.0017508864277571,fr,swingtown
run,0.0017508864277571,fr,swingtown
retouche,0.0017508864277571,fr,swingtown
emprunte,0.0017508864277571,fr,swingtown
rousse,0.0017508864277571,fr,swingtown
instruire,0.0017508864277571,fr,swingtown
duncan,0.0017508864277571,fr,swingtown
refouler,0.0017508864277571,fr,swingtown
donateur,0.0017508864277571,fr,swingtown
griff,0.0017508864277571,fr,swingtown
rajout,0.0017508864277571,fr,swingtown
avortement,0.0017508864277571,fr,swingtown
prparerer,0.0017508864277571,fr,swingtown
reverra,0.0017508864277571,fr,swingtown
bienfaisance,0.0017508864277571,fr,swingtown
vitesse,0.0017454240139667,fr,swingtown
baisse,0.0017454240139667,fr,swingtown
apprend,0.0017454240139667,fr,swingtown
encher,0.0017454240139667,fr,swingtown
paie,0.0017454240139667,fr,swingtown
bombe,0.0017454240139667,fr,swingtown
langue,0.0017454240139667,fr,swingtown
gne,0.0017454240139667,fr,swingtown
avantage,0.0017454240139667,fr,swingtown
gramme,0.0017454240139667,fr,swingtown
sige,0.0017454240139667,fr,swingtown
interdire,0.0017454240139667,fr,swingtown
mange,0.0017454240139667,fr,swingtown
remarquer,0.0017454240139667,fr,swingtown
attrap,0.001731304445782,fr,swingtown
mise,0.001731304445782,fr,swingtown
prci,0.001731304445782,fr,swingtown
criminel,0.001731304445782,fr,swingtown
appareil,0.001731304445782,fr,swingtown
cour,0.001731304445782,fr,swingtown
professionnel,0.001731304445782,fr,swingtown
galement,0.001731304445782,fr,swingtown
subir,0.001731304445782,fr,swingtown
courage,0.001731304445782,fr,swingtown
chane,0.001731304445782,fr,swingtown
veut,0.0017291091852688,fr,swingtown
courtiser,0.0017291091852688,fr,swingtown
emmerd,0.0017291091852688,fr,swingtown
entorse,0.0017291091852688,fr,swingtown
dlicieus,0.0017291091852688,fr,swingtown
open,0.0017291091852688,fr,swingtown
superstitieux,0.0017291091852688,fr,swingtown
brusquement,0.0017291091852688,fr,swingtown
denver,0.0017291091852688,fr,swingtown
ronald,0.0017291091852688,fr,swingtown
pong,0.0017291091852688,fr,swingtown
captif,0.0017291091852688,fr,swingtown
samuel,0.0017291091852688,fr,swingtown
vnre,0.0017291091852688,fr,swingtown
dbarrasse,0.0017291091852688,fr,swingtown
doux,0.001717312658247,fr,swingtown
conscience,0.001717312658247,fr,swingtown
oblige,0.001717312658247,fr,swingtown
juger,0.001717312658247,fr,swingtown
transmettre,0.001717312658247,fr,swingtown
dise,0.001717312658247,fr,swingtown
final,0.001717312658247,fr,swingtown
toilette,0.001717312658247,fr,swingtown
tranger,0.001717312658247,fr,swingtown
pensai,0.001717312658247,fr,swingtown
ramen,0.001717312658247,fr,swingtown
buvon,0.001707928655265,fr,swingtown
dball,0.001707928655265,fr,swingtown
confortablement,0.001707928655265,fr,swingtown
mijote,0.001707928655265,fr,swingtown
frquentation,0.001707928655265,fr,swingtown
smoking,0.001707928655265,fr,swingtown
fondamental,0.001707928655265,fr,swingtown
coiffer,0.001707928655265,fr,swingtown
prononce,0.001707928655265,fr,swingtown
tanire,0.001707928655265,fr,swingtown
avir,0.001707928655265,fr,swingtown
ingnierie,0.001707928655265,fr,swingtown
civique,0.001707928655265,fr,swingtown
infernal,0.001707928655265,fr,swingtown
carburant,0.001707928655265,fr,swingtown
pain,0.0017034463592856,fr,swingtown
commande,0.0017034463592856,fr,swingtown
essayai,0.0017034463592856,fr,swingtown
tude,0.0017034463592856,fr,swingtown
chaussure,0.0017034463592856,fr,swingtown
lcher,0.0017034463592856,fr,swingtown
srieu,0.0017034463592856,fr,swingtown
couloir,0.0017034463592856,fr,swingtown
fan,0.0017034463592856,fr,swingtown
commettre,0.0017034463592856,fr,swingtown
remarqu,0.0016897033179454,fr,swingtown
soucier,0.0016897033179454,fr,swingtown
confirmer,0.0016897033179454,fr,swingtown
juge,0.0016897033179454,fr,swingtown
vole,0.0016897033179454,fr,swingtown
option,0.0016897033179454,fr,swingtown
unique,0.0016897033179454,fr,swingtown
construite,0.0016873130072632,fr,swingtown
bnficier,0.0016873130072632,fr,swingtown
pellicule,0.0016873130072632,fr,swingtown
strotype,0.0016873130072632,fr,swingtown
harvey,0.0016873130072632,fr,swingtown
sue,0.0016873130072632,fr,swingtown
complicit,0.0016873130072632,fr,swingtown
assurmer,0.0016873130072632,fr,swingtown
oriental,0.0016873130072632,fr,swingtown
ayon,0.0016873130072632,fr,swingtown
amigo,0.0016873130072632,fr,swingtown
dfouler,0.0016873130072632,fr,swingtown
cachai,0.0016873130072632,fr,swingtown
filme,0.0016873130072632,fr,swingtown
foster,0.0016873130072632,fr,swingtown
paratrer,0.0016873130072632,fr,swingtown
philadelphie,0.0016873130072632,fr,swingtown
tait,0.0016760813622435,fr,swingtown
agent,0.0016760813622435,fr,swingtown
plaire,0.0016760813622435,fr,swingtown
rsultat,0.0016760813622435,fr,swingtown
piger,0.0016760813622435,fr,swingtown
coinc,0.0016760813622435,fr,swingtown
impliquer,0.0016760813622435,fr,swingtown
inconnu,0.0016760813622435,fr,swingtown
tourn,0.0016760813622435,fr,swingtown
proche,0.0016760813622435,fr,swingtown
myrtille,0.0016672328916593,fr,swingtown
gcherer,0.0016672328916593,fr,swingtown
state,0.0016672328916593,fr,swingtown
jaillir,0.0016672328916593,fr,swingtown
vanille,0.0016672328916593,fr,swingtown
casa,0.0016672328916593,fr,swingtown
acclrateur,0.0016672328916593,fr,swingtown
testostrone,0.0016672328916593,fr,swingtown
compulsif,0.0016672328916593,fr,swingtown
irrprochabl,0.0016672328916593,fr,swingtown
espoir,0.001662578377106,fr,swingtown
terminer,0.001662578377106,fr,swingtown
sourire,0.001662578377106,fr,swingtown
dent,0.001662578377106,fr,swingtown
retrouv,0.001662578377106,fr,swingtown
achet,0.001662578377106,fr,swingtown
direction,0.001662578377106,fr,swingtown
marre,0.001662578377106,fr,swingtown
jambe,0.001662578377106,fr,swingtown
cach,0.001662578377106,fr,swingtown
regretter,0.001662578377106,fr,swingtown
prive,0.001662578377106,fr,swingtown
parfaitement,0.001662578377106,fr,swingtown
socit,0.001662578377106,fr,swingtown
animal,0.001662578377106,fr,swingtown
date,0.001662578377106,fr,swingtown
tonner,0.001662578377106,fr,swingtown
bain,0.001662578377106,fr,swingtown
dison,0.0016491923023979,fr,swingtown
dpend,0.0016491923023979,fr,swingtown
men,0.0016491923023979,fr,swingtown
consquence,0.0016491923023979,fr,swingtown
ralit,0.0016491923023979,fr,swingtown
forcer,0.0016491923023979,fr,swingtown
approche,0.0016491923023979,fr,swingtown
bande,0.0016491923023979,fr,swingtown
machine,0.0016491923023979,fr,swingtown
blesser,0.0016491923023979,fr,swingtown
virilit,0.0016476611884284,fr,swingtown
craque,0.0016476611884284,fr,swingtown
vrill,0.0016476611884284,fr,swingtown
impardonnable,0.0016476611884284,fr,swingtown
donation,0.0016476611884284,fr,swingtown
adversair,0.0016476611884284,fr,swingtown
ros,0.0016476611884284,fr,swingtown
remballer,0.0016476611884284,fr,swingtown
limite,0.0016359211310356,fr,swingtown
offre,0.0016359211310356,fr,swingtown
totalement,0.0016359211310356,fr,swingtown
rve,0.0016359211310356,fr,swingtown
occasion,0.0016359211310356,fr,swingtown
arrive,0.0016359211310356,fr,swingtown
gnral,0.0016359211310356,fr,swingtown
paiera,0.0016285727868609,fr,swingtown
entranemer,0.0016285727868609,fr,swingtown
ensoleill,0.0016285727868609,fr,swingtown
divan,0.0016285727868609,fr,swingtown
dcontract,0.0016285727868609,fr,swingtown
complter,0.0016285727868609,fr,swingtown
altitude,0.0016285727868609,fr,swingtown
sosie,0.0016285727868609,fr,swingtown
tropical,0.0016285727868609,fr,swingtown
cavalerie,0.0016285727868609,fr,swingtown
terme,0.001622762907182,fr,swingtown
abandonn,0.001622762907182,fr,swingtown
secours,0.001622762907182,fr,swingtown
vtement,0.001622762907182,fr,swingtown
respirer,0.001622762907182,fr,swingtown
foutu,0.001622762907182,fr,swingtown
attaque,0.001622762907182,fr,swingtown
coeur,0.001622762907182,fr,swingtown
concerner,0.001622762907182,fr,swingtown
teindre,0.001622762907182,fr,swingtown
mensonge,0.001622762907182,fr,swingtown
test,0.001622762907182,fr,swingtown
tromper,0.001622762907182,fr,swingtown
rveiller,0.001622762907182,fr,swingtown
bouge,0.001622762907182,fr,swingtown
vnement,0.001622762907182,fr,swingtown
ralisateur,0.0016099443918439,fr,swingtown
aquarium,0.0016099443918439,fr,swingtown
bronz,0.0016099443918439,fr,swingtown
urbain,0.0016099443918439,fr,swingtown
inspect,0.0016099443918439,fr,swingtown
malhonnte,0.0016099443918439,fr,swingtown
retour,0.0016099443918439,fr,swingtown
chapitrer,0.0016099443918439,fr,swingtown
escapade,0.0016099443918439,fr,swingtown
trimballer,0.0016099443918439,fr,swingtown
helen,0.0016099443918439,fr,swingtown
expriment,0.0016099443918439,fr,swingtown
maturit,0.0016099443918439,fr,swingtown
rcuprer,0.0016097157245156,fr,swingtown
prsente,0.0016097157245156,fr,swingtown
paix,0.0016097157245156,fr,swingtown
mont,0.0016097157245156,fr,swingtown
froid,0.0016097157245156,fr,swingtown
casser,0.0016097157245156,fr,swingtown
inutile,0.0016097157245156,fr,swingtown
appartenir,0.0016097157245156,fr,swingtown
touch,0.0016097157245156,fr,swingtown
rapide,0.0016097157245156,fr,swingtown
espce,0.0016097157245156,fr,swingtown
imagine,0.0016097157245156,fr,swingtown
chien,0.0015967777245738,fr,swingtown
dernir,0.0015967777245738,fr,swingtown
racont,0.0015967777245738,fr,swingtown
couvrir,0.0015967777245738,fr,swingtown
diriger,0.0015967777245738,fr,swingtown
pression,0.0015967777245738,fr,swingtown
docteur,0.0015967777245738,fr,swingtown
tape,0.0015967777245738,fr,swingtown
cheveux,0.0015967777245738,fr,swingtown
bouche,0.0015967777245738,fr,swingtown
tendre,0.0015967777245738,fr,swingtown
attirer,0.0015967777245738,fr,swingtown
niveau,0.0015967777245738,fr,swingtown
abandonner,0.0015967777245738,fr,swingtown
jurer,0.0015967777245738,fr,swingtown
loupe,0.0015917543529403,fr,swingtown
western,0.0015917543529403,fr,swingtown
normale,0.0015917543529403,fr,swingtown
interrogation,0.0015917543529403,fr,swingtown
possd,0.0015917543529403,fr,swingtown
rapprochement,0.0015917543529403,fr,swingtown
down,0.0015917543529403,fr,swingtown
surcharg,0.0015917543529403,fr,swingtown
cracker,0.0015917543529403,fr,swingtown
county,0.0015917543529403,fr,swingtown
coca,0.0015917543529403,fr,swingtown
remport,0.0015917543529403,fr,swingtown
reconstruction,0.0015917543529403,fr,swingtown
murmure,0.0015917543529403,fr,swingtown
couvercle,0.0015917543529403,fr,swingtown
pardonnerai,0.0015917543529403,fr,swingtown
rouille,0.0015917543529403,fr,swingtown
chr,0.0015917543529403,fr,swingtown
sculpture,0.0015917543529403,fr,swingtown
rclam,0.0015917543529403,fr,swingtown
fond,0.0015839470951638,fr,swingtown
protger,0.0015839470951638,fr,swingtown
rat,0.0015839470951638,fr,swingtown
retenir,0.0015839470951638,fr,swingtown
signe,0.0015839470951638,fr,swingtown
diffrent,0.0015839470951638,fr,swingtown
pourtant,0.0015839470951638,fr,swingtown
spcial,0.0015839470951638,fr,swingtown
descendre,0.0015839470951638,fr,swingtown
accident,0.0015839470951638,fr,swingtown
surveiller,0.0015839470951638,fr,swingtown
inquiter,0.0015839470951638,fr,swingtown
obtenir,0.0015839470951638,fr,swingtown
prise,0.0015839470951638,fr,swingtown
voyon,0.0015839470951638,fr,swingtown
battre,0.0015839470951638,fr,swingtown
compliqu,0.0015839470951638,fr,swingtown
condescendre,0.0015739825131193,fr,swingtown
embrasss,0.0015739825131193,fr,swingtown
convoqu,0.0015739825131193,fr,swingtown
briquet,0.0015739825131193,fr,swingtown
gratt,0.0015739825131193,fr,swingtown
mner,0.0015739825131193,fr,swingtown
revaloir,0.0015739825131193,fr,swingtown
nud,0.0015739825131193,fr,swingtown
rajoute,0.0015739825131193,fr,swingtown
string,0.0015739825131193,fr,swingtown
jonathan,0.0015739825131193,fr,swingtown
brune,0.0015739825131193,fr,swingtown
clip,0.0015739825131193,fr,swingtown
sincrement,0.0015739825131193,fr,swingtown
catastrophique,0.0015739825131193,fr,swingtown
courte,0.0015739825131193,fr,swingtown
admirable,0.0015739825131193,fr,swingtown
propager,0.0015739825131193,fr,swingtown
libremer,0.0015739825131193,fr,swingtown
levier,0.0015739825131193,fr,swingtown
gouverne,0.0015739825131193,fr,swingtown
coupe,0.001571222068839,fr,swingtown
sac,0.001571222068839,fr,swingtown
jet,0.001571222068839,fr,swingtown
toucher,0.001571222068839,fr,swingtown
jeter,0.001571222068839,fr,swingtown
demi,0.001571222068839,fr,swingtown
envoy,0.001571222068839,fr,swingtown
rencontr,0.001571222068839,fr,swingtown
clair,0.0015586009214387,fr,swingtown
probablement,0.0015586009214387,fr,swingtown
preuve,0.0015586009214387,fr,swingtown
contact,0.0015586009214387,fr,swingtown
quitter,0.0015586009214387,fr,swingtown
larbin,0.001556610074488,fr,swingtown
rponds,0.001556610074488,fr,swingtown
architecture,0.001556610074488,fr,swingtown
violon,0.001556610074488,fr,swingtown
culturel,0.001556610074488,fr,swingtown
ketchup,0.001556610074488,fr,swingtown
rdiger,0.001556610074488,fr,swingtown
enchant,0.001556610074488,fr,swingtown
ohio,0.001556610074488,fr,swingtown
carrie,0.001556610074488,fr,swingtown
crasse,0.001556610074488,fr,swingtown
tornade,0.001556610074488,fr,swingtown
dcompresser,0.001556610074488,fr,swingtown
thanksgiving,0.001556610074488,fr,swingtown
visite,0.0015460819706852,fr,swingtown
fils,0.0015460819706852,fr,swingtown
reoi,0.0015396194787813,fr,swingtown
meuf,0.0015396194787813,fr,swingtown
dballer,0.0015396194787813,fr,swingtown
baraque,0.0015396194787813,fr,swingtown
rcolt,0.0015396194787813,fr,swingtown
rogner,0.0015396194787813,fr,swingtown
drew,0.0015396194787813,fr,swingtown
cultiver,0.0015396194787813,fr,swingtown
intensit,0.0015396194787813,fr,swingtown
suer,0.0015396194787813,fr,swingtown
rflchisse,0.0015396194787813,fr,swingtown
coutume,0.0015396194787813,fr,swingtown
mascarade,0.0015229943007063,fr,swingtown
idem,0.0015229943007063,fr,swingtown
rtro,0.0015229943007063,fr,swingtown
manier,0.0015229943007063,fr,swingtown
runisser,0.0015229943007063,fr,swingtown
cartouche,0.0015229943007063,fr,swingtown
tranquillit,0.0015229943007063,fr,swingtown
collaborer,0.0015229943007063,fr,swingtown
master,0.0015067191525152,fr,swingtown
harmonie,0.0015067191525152,fr,swingtown
actualit,0.0015067191525152,fr,swingtown
cuit,0.0015067191525152,fr,swingtown
rotique,0.0015067191525152,fr,swingtown
ptard,0.0015067191525152,fr,swingtown
perception,0.0015067191525152,fr,swingtown
banquier,0.0015067191525152,fr,swingtown
entamer,0.0015067191525152,fr,swingtown
pagaille,0.001490779598419,fr,swingtown
syndicat,0.001490779598419,fr,swingtown
camionnette,0.001490779598419,fr,swingtown
perturbe,0.001490779598419,fr,swingtown
provoque,0.001490779598419,fr,swingtown
tracass,0.001490779598419,fr,swingtown
dean,0.001490779598419,fr,swingtown
prparatif,0.001490779598419,fr,swingtown
caractr,0.001490779598419,fr,swingtown
rigueur,0.001490779598419,fr,swingtown
cohrent,0.001490779598419,fr,swingtown
caillou,0.001490779598419,fr,swingtown
fendre,0.001490779598419,fr,swingtown
maggie,0.001490779598419,fr,swingtown
assi,0.001490779598419,fr,swingtown
puni,0.001490779598419,fr,swingtown
brosser,0.001490779598419,fr,swingtown
pognon,0.001490779598419,fr,swingtown
poul,0.001490779598419,fr,swingtown
hippie,0.001490779598419,fr,swingtown
pque,0.0014751620776476,fr,swingtown
mijoter,0.0014751620776476,fr,swingtown
barry,0.0014751620776476,fr,swingtown
reconstituer,0.0014751620776476,fr,swingtown
trimestre,0.0014751620776476,fr,swingtown
coiffeur,0.0014751620776476,fr,swingtown
entreprendre,0.0014751620776476,fr,swingtown
mallette,0.0014751620776476,fr,swingtown
mentor,0.0014751620776476,fr,swingtown
gigantesque,0.0014751620776476,fr,swingtown
quipier,0.0014751620776476,fr,swingtown
lcherer,0.0014751620776476,fr,swingtown
butin,0.0014598538351302,fr,swingtown
comparaison,0.0014598538351302,fr,swingtown
plausible,0.0014598538351302,fr,swingtown
massacr,0.0014598538351302,fr,swingtown
thiqu,0.0014598538351302,fr,swingtown
dtestai,0.0014598538351302,fr,swingtown
canne,0.0014598538351302,fr,swingtown
masqu,0.0014598538351302,fr,swingtown
retraire,0.0014598538351302,fr,swingtown
remplace,0.0014598538351302,fr,swingtown
rouill,0.0014448428589058,fr,swingtown
orier,0.0014448428589058,fr,swingtown
habitus,0.0014448428589058,fr,swingtown
atterrissage,0.0014448428589058,fr,swingtown
confidence,0.0014448428589058,fr,swingtown
bikini,0.0014448428589058,fr,swingtown
experte,0.0014448428589058,fr,swingtown
universel,0.0014448428589058,fr,swingtown
taler,0.0014448428589058,fr,swingtown
roll,0.0014448428589058,fr,swingtown
audacieux,0.0014448428589058,fr,swingtown
trafiqu,0.0014448428589058,fr,swingtown
dcalage,0.0014448428589058,fr,swingtown
brouill,0.0014448428589058,fr,swingtown
avide,0.0014448428589058,fr,swingtown
hygine,0.0014448428589058,fr,swingtown
ngative,0.0014448428589058,fr,swingtown
complique,0.0014448428589058,fr,swingtown
neutre,0.0014448428589058,fr,swingtown
trahie,0.0014301178234966,fr,swingtown
hausse,0.0014301178234966,fr,swingtown
reprenon,0.0014301178234966,fr,swingtown
particulir,0.0014301178234966,fr,swingtown
dco,0.0014301178234966,fr,swingtown
conue,0.0014301178234966,fr,swingtown
vrifierer,0.0014301178234966,fr,swingtown
gurit,0.0014301178234966,fr,swingtown
appellera,0.0014301178234966,fr,swingtown
donut,0.0014301178234966,fr,swingtown
tailler,0.0014301178234966,fr,swingtown
secrtement,0.0014301178234966,fr,swingtown
partant,0.0014301178234966,fr,swingtown
appui,0.0014301178234966,fr,swingtown
jenny,0.0014156680385748,fr,swingtown
arroser,0.0014156680385748,fr,swingtown
mesdemoiselle,0.0014156680385748,fr,swingtown
lectronique,0.0014156680385748,fr,swingtown
sduire,0.0014156680385748,fr,swingtown
tiez,0.0014156680385748,fr,swingtown
matthew,0.0014156680385748,fr,swingtown
blaguer,0.0014156680385748,fr,swingtown
grade,0.0014156680385748,fr,swingtown
sapin,0.0014156680385748,fr,swingtown
seau,0.0014156680385748,fr,swingtown
metteur,0.0014014834023385,fr,swingtown
triche,0.0014014834023385,fr,swingtown
jouon,0.0014014834023385,fr,swingtown
reli,0.0014014834023385,fr,swingtown
lak,0.0014014834023385,fr,swingtown
moustache,0.0014014834023385,fr,swingtown
joi,0.0014014834023385,fr,swingtown
rflchirer,0.0014014834023385,fr,swingtown
tranch,0.0014014834023385,fr,swingtown
drangement,0.0014014834023385,fr,swingtown
voyageur,0.0014014834023385,fr,swingtown
savourer,0.0014014834023385,fr,swingtown
bonnet,0.0014014834023385,fr,swingtown
djeun,0.0014014834023385,fr,swingtown
saigne,0.0013875543590903,fr,swingtown
lver,0.0013875543590903,fr,swingtown
amens,0.0013875543590903,fr,swingtown
immiscer,0.0013875543590903,fr,swingtown
extra,0.0013875543590903,fr,swingtown
poisse,0.0013875543590903,fr,swingtown
reparle,0.0013875543590903,fr,swingtown
mousse,0.0013875543590903,fr,swingtown
recueillir,0.0013875543590903,fr,swingtown
pipe,0.0013738718605692,fr,swingtown
pincer,0.0013738718605692,fr,swingtown
encontre,0.0013738718605692,fr,swingtown
psychologue,0.0013738718605692,fr,swingtown
miser,0.0013738718605692,fr,swingtown
transmission,0.0013738718605692,fr,swingtown
sermon,0.0013738718605692,fr,swingtown
user,0.0013738718605692,fr,swingtown
semestre,0.0013738718605692,fr,swingtown
divertir,0.0013738718605692,fr,swingtown
auprs,0.0013738718605692,fr,swingtown
home,0.0013738718605692,fr,swingtown
grav,0.0013738718605692,fr,swingtown
passionner,0.0013604273306464,fr,swingtown
dciderer,0.0013604273306464,fr,swingtown
pete,0.0013604273306464,fr,swingtown
burger,0.0013604273306464,fr,swingtown
high,0.0013604273306464,fr,swingtown
hilarer,0.0013604273306464,fr,swingtown
rivaliser,0.0013604273306464,fr,swingtown
savait,0.0013604273306464,fr,swingtown
howard,0.0013604273306464,fr,swingtown
plombier,0.0013604273306464,fr,swingtown
affirmatif,0.0013604273306464,fr,swingtown
dgot,0.0013604273306464,fr,swingtown
obligs,0.0013604273306464,fr,swingtown
barbara,0.0013604273306464,fr,swingtown
froide,0.0013472126330385,fr,swingtown
raisonner,0.0013472126330385,fr,swingtown
effrayant,0.0013472126330385,fr,swingtown
ressaisir,0.0013472126330385,fr,swingtown
vedette,0.0013472126330385,fr,swingtown
discrte,0.0013472126330385,fr,swingtown
plume,0.0013472126330385,fr,swingtown
gonfler,0.0013472126330385,fr,swingtown
culot,0.0013472126330385,fr,swingtown
compteur,0.0013472126330385,fr,swingtown
confront,0.0013472126330385,fr,swingtown
emily,0.0013472126330385,fr,swingtown
certificat,0.0013472126330385,fr,swingtown
employe,0.0013472126330385,fr,swingtown
vader,0.0013472126330385,fr,swingtown
deviendra,0.0013472126330385,fr,swingtown
back,0.0013472126330385,fr,swingtown
dshabiller,0.0013472126330385,fr,swingtown
dborde,0.0013342200417344,fr,swingtown
joint,0.0013342200417344,fr,swingtown
dormant,0.0013342200417344,fr,swingtown
entrain,0.0013342200417344,fr,swingtown
robert,0.0013342200417344,fr,swingtown
sachet,0.0013342200417344,fr,swingtown
thon,0.0013342200417344,fr,swingtown
humiliant,0.0013342200417344,fr,swingtown
convenable,0.0013342200417344,fr,swingtown
gchi,0.0013342200417344,fr,swingtown
observateur,0.0013342200417344,fr,swingtown
snateur,0.0013342200417344,fr,swingtown
influencer,0.001321442213867,fr,swingtown
dcoration,0.001321442213867,fr,swingtown
bac,0.001321442213867,fr,swingtown
achter,0.001321442213867,fr,swingtown
dissuader,0.001321442213867,fr,swingtown
franchise,0.001321442213867,fr,swingtown
nigme,0.001321442213867,fr,swingtown
modeste,0.001321442213867,fr,swingtown
corne,0.001321442213867,fr,swingtown
envisag,0.001321442213867,fr,swingtown
gchette,0.001321442213867,fr,swingtown
participe,0.001321442213867,fr,swingtown
rvolution,0.001321442213867,fr,swingtown
palais,0.001321442213867,fr,swingtown
constater,0.001321442213867,fr,swingtown
tigre,0.001321442213867,fr,swingtown
italie,0.0013088721647901,fr,swingtown
volu,0.0013088721647901,fr,swingtown
hache,0.0013088721647901,fr,swingtown
tiendra,0.0013088721647901,fr,swingtown
tant,0.0013088721647901,fr,swingtown
gain,0.0013088721647901,fr,swingtown
merveill,0.0013088721647901,fr,swingtown
vitrine,0.0013088721647901,fr,swingtown
thrapeute,0.0013088721647901,fr,swingtown
lourd,0.0013088721647901,fr,swingtown
danseur,0.0013088721647901,fr,swingtown
embarrassant,0.0013088721647901,fr,swingtown
inverser,0.0013088721647901,fr,swingtown
songer,0.0013088721647901,fr,swingtown
purement,0.0013088721647901,fr,swingtown
exercer,0.0013088721647901,fr,swingtown
financer,0.0012965032451499,fr,swingtown
conjugal,0.0012965032451499,fr,swingtown
trancher,0.0012965032451499,fr,swingtown
tranquillement,0.0012965032451499,fr,swingtown
pack,0.0012965032451499,fr,swingtown
commandement,0.0012965032451499,fr,swingtown
tlphonique,0.0012965032451499,fr,swingtown
piqre,0.0012965032451499,fr,swingtown
calm,0.0012965032451499,fr,swingtown
exotique,0.0012965032451499,fr,swingtown
dtenu,0.0012965032451499,fr,swingtown
ampoule,0.0012965032451499,fr,swingtown
croisire,0.0012965032451499,fr,swingtown
rappele,0.0012965032451499,fr,swingtown
white,0.0012965032451499,fr,swingtown
centimtre,0.0012965032451499,fr,swingtown
tion,0.0012965032451499,fr,swingtown
irai,0.0012965032451499,fr,swingtown
tablissement,0.0012843291197617,fr,swingtown
range,0.0012843291197617,fr,swingtown
prononc,0.0012843291197617,fr,swingtown
clate,0.0012843291197617,fr,swingtown
strictement,0.0012843291197617,fr,swingtown
camper,0.0012843291197617,fr,swingtown
lover,0.0012843291197617,fr,swingtown
vampire,0.0012843291197617,fr,swingtown
voquer,0.0012843291197617,fr,swingtown
addition,0.0012843291197617,fr,swingtown
volue,0.0012843291197617,fr,swingtown
conserver,0.001272343748125,fr,swingtown
impatience,0.001272343748125,fr,swingtown
crouler,0.001272343748125,fr,swingtown
taupe,0.001272343748125,fr,swingtown
lection,0.001272343748125,fr,swingtown
tristesse,0.001272343748125,fr,swingtown
pseudo,0.001272343748125,fr,swingtown
dsintox,0.001272343748125,fr,swingtown
absorber,0.001272343748125,fr,swingtown
comprendra,0.001272343748125,fr,swingtown
tudiante,0.001272343748125,fr,swingtown
propo,0.001272343748125,fr,swingtown
plain,0.001272343748125,fr,swingtown
beach,0.001272343748125,fr,swingtown
vanouir,0.001272343748125,fr,swingtown
lessive,0.001272343748125,fr,swingtown
excitant,0.001272343748125,fr,swingtown
nancy,0.001272343748125,fr,swingtown
indiqu,0.0012605413664253,fr,swingtown
culotte,0.0012605413664253,fr,swingtown
navire,0.0012605413664253,fr,swingtown
excitation,0.0012605413664253,fr,swingtown
vier,0.0012605413664253,fr,swingtown
renseign,0.0012605413664253,fr,swingtown
employeur,0.0012605413664253,fr,swingtown
prliminaire,0.0012605413664253,fr,swingtown
concurrence,0.0012605413664253,fr,swingtown
campus,0.0012605413664253,fr,swingtown
bilan,0.00124891647089,fr,swingtown
rationnel,0.00124891647089,fr,swingtown
souher,0.00124891647089,fr,swingtown
thme,0.00124891647089,fr,swingtown
accessoire,0.00124891647089,fr,swingtown
principalement,0.00124891647089,fr,swingtown
redonner,0.00124891647089,fr,swingtown
solaire,0.00124891647089,fr,swingtown
dpt,0.00124891647089,fr,swingtown
vaisselle,0.00124891647089,fr,swingtown
mtro,0.00124891647089,fr,swingtown
repousse,0.00124891647089,fr,swingtown
walter,0.00124891647089,fr,swingtown
driv,0.00124891647089,fr,swingtown
office,0.0012374638023767,fr,swingtown
refermer,0.0012374638023767,fr,swingtown
ambitieux,0.0012374638023767,fr,swingtown
rsume,0.0012374638023767,fr,swingtown
banane,0.0012374638023767,fr,swingtown
tequila,0.0012374638023767,fr,swingtown
arger,0.0012374638023767,fr,swingtown
flatter,0.0012374638023767,fr,swingtown
look,0.0012374638023767,fr,swingtown
dconn,0.0012374638023767,fr,swingtown
dfil,0.0012374638023767,fr,swingtown
paus,0.0012374638023767,fr,swingtown
assist,0.0012374638023767,fr,swingtown
souhaite,0.0012374638023767,fr,swingtown
pou,0.0012374638023767,fr,swingtown
pelle,0.0012261783320873,fr,swingtown
carrir,0.0012261783320873,fr,swingtown
situer,0.0012261783320873,fr,swingtown
bluffer,0.0012261783320873,fr,swingtown
piti,0.0012261783320873,fr,swingtown
aspirine,0.0012261783320873,fr,swingtown
voisinage,0.0012261783320873,fr,swingtown
carnet,0.0012261783320873,fr,swingtown
motiver,0.0012261783320873,fr,swingtown
encre,0.0012261783320873,fr,swingtown
loger,0.0012261783320873,fr,swingtown
musical,0.0012261783320873,fr,swingtown
promouvoir,0.0012261783320873,fr,swingtown
dcoll,0.0012261783320873,fr,swingtown
contrarier,0.0012261783320873,fr,swingtown
vegas,0.0012150552483095,fr,swingtown
embaucher,0.0012150552483095,fr,swingtown
pyjama,0.0012150552483095,fr,swingtown
mannequin,0.0012150552483095,fr,swingtown
terminal,0.0012150552483095,fr,swingtown
motionnel,0.0012150552483095,fr,swingtown
regardon,0.0012150552483095,fr,swingtown
enterre,0.0012150552483095,fr,swingtown
rsum,0.0012150552483095,fr,swingtown
organisme,0.0012150552483095,fr,swingtown
cin,0.0012150552483095,fr,swingtown
rgulier,0.0012150552483095,fr,swingtown
cap,0.0012150552483095,fr,swingtown
persuad,0.0012040899440986,fr,swingtown
coiffure,0.0012040899440986,fr,swingtown
croul,0.0012040899440986,fr,swingtown
fine,0.0012040899440986,fr,swingtown
farce,0.0012040899440986,fr,swingtown
aviser,0.0012040899440986,fr,swingtown
tlphoner,0.0012040899440986,fr,swingtown
exagre,0.0012040899440986,fr,swingtown
navrer,0.0012040899440986,fr,swingtown
rduction,0.0012040899440986,fr,swingtown
tremp,0.0012040899440986,fr,swingtown
transpirer,0.0012040899440986,fr,swingtown
ramass,0.0011932780058212,fr,swingtown
ponge,0.0011932780058212,fr,swingtown
baie,0.0011932780058212,fr,swingtown
pacifique,0.0011932780058212,fr,swingtown
drague,0.0011932780058212,fr,swingtown
caractre,0.0011932780058212,fr,swingtown
inquitai,0.0011932780058212,fr,swingtown
administration,0.0011932780058212,fr,swingtown
alcoolique,0.0011932780058212,fr,swingtown
choquer,0.0011932780058212,fr,swingtown
supermarch,0.0011932780058212,fr,swingtown
septembre,0.0011932780058212,fr,swingtown
black,0.0011932780058212,fr,swingtown
certitude,0.0011932780058212,fr,swingtown
compliquer,0.0011932780058212,fr,swingtown
grippe,0.0011932780058212,fr,swingtown
qute,0.0011826152024889,fr,swingtown
frquenter,0.0011826152024889,fr,swingtown
touffe,0.0011826152024889,fr,swingtown
quasi,0.0011826152024889,fr,swingtown
vodka,0.0011826152024889,fr,swingtown
exploit,0.0011826152024889,fr,swingtown
thique,0.0011826152024889,fr,swingtown
dtresse,0.0011826152024889,fr,swingtown
limit,0.0011826152024889,fr,swingtown
tomate,0.0011826152024889,fr,swingtown
embrasse,0.0011826152024889,fr,swingtown
bonhomme,0.0011826152024889,fr,swingtown
vulgaire,0.0011826152024889,fr,swingtown
scandale,0.0011720974758175,fr,swingtown
dbat,0.0011720974758175,fr,swingtown
protecteur,0.0011720974758175,fr,swingtown
bonus,0.0011720974758175,fr,swingtown
tein,0.0011720974758175,fr,swingtown
parte,0.0011720974758175,fr,swingtown
dmissionne,0.0011720974758175,fr,swingtown
thtre,0.0011720974758175,fr,swingtown
cachet,0.0011720974758175,fr,swingtown
aborder,0.0011720974758175,fr,swingtown
adopter,0.0011720974758175,fr,swingtown
confi,0.0011720974758175,fr,swingtown
tim,0.0011720974758175,fr,swingtown
cent,0.0011617209309536,fr,swingtown
rime,0.0011617209309536,fr,swingtown
fatal,0.0011617209309536,fr,swingtown
soi,0.0011617209309536,fr,swingtown
prvenue,0.0011617209309536,fr,swingtown
entiremer,0.0011617209309536,fr,swingtown
revenon,0.0011617209309536,fr,swingtown
dfinition,0.0011617209309536,fr,swingtown
gras,0.0011617209309536,fr,swingtown
ignore,0.0011617209309536,fr,swingtown
proprio,0.0011617209309536,fr,swingtown
suprieure,0.0011617209309536,fr,swingtown
salet,0.0011617209309536,fr,swingtown
particuliremer,0.0011617209309536,fr,swingtown
dentaire,0.0011617209309536,fr,swingtown
glac,0.0011617209309536,fr,swingtown
garanti,0.0011617209309536,fr,swingtown
attentif,0.0011514818278157,fr,swingtown
occups,0.0011514818278157,fr,swingtown
mnerer,0.0011514818278157,fr,swingtown
passionn,0.0011514818278157,fr,swingtown
sueur,0.0011514818278157,fr,swingtown
gay,0.0011514818278157,fr,swingtown
insensible,0.0011514818278157,fr,swingtown
steak,0.0011514818278157,fr,swingtown
future,0.0011514818278157,fr,swingtown
associer,0.0011514818278157,fr,swingtown
pntrer,0.0011514818278157,fr,swingtown
couterer,0.0011514818278157,fr,swingtown
importer,0.0011413765730004,fr,swingtown
menotte,0.0011413765730004,fr,swingtown
ambition,0.0011413765730004,fr,swingtown
ramene,0.0011413765730004,fr,swingtown
brlure,0.0011413765730004,fr,swingtown
hypocrite,0.0011413765730004,fr,swingtown
pigeon,0.0011413765730004,fr,swingtown
envoler,0.0011413765730004,fr,swingtown
souhait,0.0011413765730004,fr,swingtown
humilier,0.0011413765730004,fr,swingtown
dconner,0.0011413765730004,fr,swingtown
dcroch,0.0011413765730004,fr,swingtown
relle,0.0011413765730004,fr,swingtown
rpar,0.0011413765730004,fr,swingtown
compagnon,0.0011413765730004,fr,swingtown
bat,0.0011314017122118,fr,swingtown
ler,0.0011314017122118,fr,swingtown
sourir,0.0011314017122118,fr,swingtown
clbrit,0.0011314017122118,fr,swingtown
souffler,0.0011314017122118,fr,swingtown
performance,0.0011314017122118,fr,swingtown
tonn,0.0011314017122118,fr,swingtown
extraire,0.0011314017122118,fr,swingtown
loser,0.0011314017122118,fr,swingtown
remplie,0.0011314017122118,fr,swingtown
carrmer,0.0011314017122118,fr,swingtown
sel,0.0011314017122118,fr,swingtown
dignit,0.0011314017122118,fr,swingtown
dsire,0.0011314017122118,fr,swingtown
math,0.0011314017122118,fr,swingtown
exploiter,0.0011314017122118,fr,swingtown
soucie,0.0011314017122118,fr,swingtown
puisqu,0.0011314017122118,fr,swingtown
prsider,0.0011314017122118,fr,swingtown
cicatrice,0.0011314017122118,fr,swingtown
drap,0.0011314017122118,fr,swingtown
clbrer,0.0011314017122118,fr,swingtown
valise,0.0011314017122118,fr,swingtown
finance,0.0011314017122118,fr,swingtown
rvlation,0.0011314017122118,fr,swingtown
venai,0.0011314017122118,fr,swingtown
extrme,0.0011314017122118,fr,swingtown
confondre,0.0011314017122118,fr,swingtown
limiter,0.0011314017122118,fr,swingtown
capital,0.0011314017122118,fr,swingtown
pair,0.0011314017122118,fr,swingtown
clou,0.0011314017122118,fr,swingtown
appliquer,0.0011215539231725,fr,swingtown
applique,0.0011215539231725,fr,swingtown
sorton,0.0011215539231725,fr,swingtown
tranche,0.0011215539231725,fr,swingtown
nid,0.0011215539231725,fr,swingtown
finie,0.0011215539231725,fr,swingtown
affiche,0.0011215539231725,fr,swingtown
conscier,0.0011215539231725,fr,swingtown
maire,0.0011215539231725,fr,swingtown
conu,0.0011215539231725,fr,swingtown
culpabiliser,0.0011215539231725,fr,swingtown
jeunesse,0.0011215539231725,fr,swingtown
bourre,0.0011215539231725,fr,swingtown
traverse,0.0011215539231725,fr,swingtown
sche,0.0011215539231725,fr,swingtown
lectricit,0.0011215539231725,fr,swingtown
griller,0.0011215539231725,fr,swingtown
amliore,0.0011215539231725,fr,swingtown
fantasme,0.0011215539231725,fr,swingtown
tombs,0.0011215539231725,fr,swingtown
rcente,0.0011118300089809,fr,swingtown
agenda,0.0011118300089809,fr,swingtown
york,0.0011118300089809,fr,swingtown
relais,0.0011118300089809,fr,swingtown
comptition,0.0011118300089809,fr,swingtown
habite,0.0011118300089809,fr,swingtown
gnant,0.0011118300089809,fr,swingtown
vexer,0.0011118300089809,fr,swingtown
rflchis,0.0011118300089809,fr,swingtown
enfreindre,0.0011118300089809,fr,swingtown
endurer,0.0011118300089809,fr,swingtown
sourd,0.0011118300089809,fr,swingtown
emmnager,0.0011118300089809,fr,swingtown
bracelet,0.0011118300089809,fr,swingtown
modle,0.0011118300089809,fr,swingtown
dmarre,0.0011118300089809,fr,swingtown
diminuer,0.0011118300089809,fr,swingtown
prserver,0.0011118300089809,fr,swingtown
renverser,0.0011022268918808,fr,swingtown
scolaire,0.0011022268918808,fr,swingtown
panier,0.0011022268918808,fr,swingtown
cogn,0.0011022268918808,fr,swingtown
naturellement,0.0011022268918808,fr,swingtown
enseigne,0.0011022268918808,fr,swingtown
voudra,0.0011022268918808,fr,swingtown
dnoncer,0.0011022268918808,fr,swingtown
spcialemer,0.0011022268918808,fr,swingtown
destine,0.0011022268918808,fr,swingtown
planqu,0.0011022268918808,fr,swingtown
prime,0.0011022268918808,fr,swingtown
svre,0.0011022268918808,fr,swingtown
rsist,0.0011022268918808,fr,swingtown
recherch,0.0011022268918808,fr,swingtown
affam,0.0011022268918808,fr,swingtown
embarquer,0.0011022268918808,fr,swingtown
rajouter,0.0011022268918808,fr,swingtown
accroche,0.0010927416074133,fr,swingtown
bouquin,0.0010927416074133,fr,swingtown
promo,0.0010927416074133,fr,swingtown
argument,0.0010927416074133,fr,swingtown
hiver,0.0010927416074133,fr,swingtown
gche,0.0010927416074133,fr,swingtown
aimai,0.0010927416074133,fr,swingtown
dfend,0.0010927416074133,fr,swingtown
budget,0.0010927416074133,fr,swingtown
loyal,0.0010927416074133,fr,swingtown
pourri,0.0010927416074133,fr,swingtown
fch,0.0010927416074133,fr,swingtown
pop,0.0010927416074133,fr,swingtown
ramnerer,0.0010927416074133,fr,swingtown
atroce,0.0010927416074133,fr,swingtown
oreiller,0.0010927416074133,fr,swingtown
hsite,0.0010833712989237,fr,swingtown
park,0.0010833712989237,fr,swingtown
spcialiste,0.0010833712989237,fr,swingtown
dira,0.0010833712989237,fr,swingtown
quipement,0.0010833712989237,fr,swingtown
soda,0.0010833712989237,fr,swingtown
pte,0.0010833712989237,fr,swingtown
ours,0.0010833712989237,fr,swingtown
chauffe,0.0010833712989237,fr,swingtown
lampe,0.0010833712989237,fr,swingtown
sen,0.0010833712989237,fr,swingtown
rsidence,0.0010833712989237,fr,swingtown
thrapie,0.0010833712989237,fr,swingtown
bal,0.0010741132123963,fr,swingtown
immobilier,0.0010741132123963,fr,swingtown
marine,0.0010741132123963,fr,swingtown
concours,0.0010741132123963,fr,swingtown
manuel,0.0010741132123963,fr,swingtown
veine,0.0010741132123963,fr,swingtown
cochon,0.0010741132123963,fr,swingtown
avou,0.0010741132123963,fr,swingtown
portefeuille,0.0010741132123963,fr,swingtown
cabinet,0.0010741132123963,fr,swingtown
international,0.0010741132123963,fr,swingtown
coude,0.0010741132123963,fr,swingtown
chaud,0.0010741132123963,fr,swingtown
borne,0.0010649646915959,fr,swingtown
conclusion,0.0010649646915959,fr,swingtown
dgoter,0.0010649646915959,fr,swingtown
instable,0.0010649646915959,fr,swingtown
enveloppe,0.0010649646915959,fr,swingtown
tiroir,0.0010649646915959,fr,swingtown
affecter,0.0010649646915959,fr,swingtown
colocataire,0.0010649646915959,fr,swingtown
comporte,0.0010649646915959,fr,swingtown
enquter,0.0010649646915959,fr,swingtown
cadre,0.0010649646915959,fr,swingtown
partage,0.0010649646915959,fr,swingtown
oxygne,0.0010649646915959,fr,swingtown
princesse,0.0010649646915959,fr,swingtown
pompier,0.0010649646915959,fr,swingtown
intress,0.0010649646915959,fr,swingtown
rock,0.0010649646915959,fr,swingtown
crase,0.0010649646915959,fr,swingtown
perturber,0.0010559231734927,fr,swingtown
filmer,0.0010559231734927,fr,swingtown
dbile,0.0010559231734927,fr,swingtown
salir,0.0010559231734927,fr,swingtown
entretenir,0.0010559231734927,fr,swingtown
paniqu,0.0010559231734927,fr,swingtown
adresser,0.0010559231734927,fr,swingtown
collection,0.0010559231734927,fr,swingtown
marin,0.0010559231734927,fr,swingtown
comporter,0.0010469861839524,fr,swingtown
banal,0.0010469861839524,fr,swingtown
rpare,0.0010469861839524,fr,swingtown
verser,0.0010469861839524,fr,swingtown
poudre,0.0010469861839524,fr,swingtown
commentaire,0.0010469861839524,fr,swingtown
balance,0.0010469861839524,fr,swingtown
install,0.0010469861839524,fr,swingtown
badge,0.0010469861839524,fr,swingtown
expr,0.0010469861839524,fr,swingtown
citer,0.0010469861839524,fr,swingtown
onde,0.0010469861839524,fr,swingtown
champagne,0.0010469861839524,fr,swingtown
affirmer,0.0010469861839524,fr,swingtown
fminin,0.0010469861839524,fr,swingtown
phrase,0.0010469861839524,fr,swingtown
ressort,0.0010469861839524,fr,swingtown
tablir,0.0010469861839524,fr,swingtown
soyon,0.0010469861839524,fr,swingtown
dtective,0.0010469861839524,fr,swingtown
engagement,0.0010381513336718,fr,swingtown
abrutir,0.0010381513336718,fr,swingtown
circulation,0.0010381513336718,fr,swingtown
crain,0.0010381513336718,fr,swingtown
dpasser,0.0010381513336718,fr,swingtown
temporaire,0.0010381513336718,fr,swingtown
vend,0.0010381513336718,fr,swingtown
business,0.0010381513336718,fr,swingtown
secteur,0.0010381513336718,fr,swingtown
organisation,0.0010294163143443,fr,swingtown
sauvage,0.0010294163143443,fr,swingtown
emmenez,0.0010294163143443,fr,swingtown
four,0.0010294163143443,fr,swingtown
luxe,0.0010294163143443,fr,swingtown
botter,0.0010294163143443,fr,swingtown
territoire,0.0010294163143443,fr,swingtown
rpondrer,0.0010294163143443,fr,swingtown
adapter,0.0010294163143443,fr,swingtown
new,0.0010294163143443,fr,swingtown
renseigner,0.0010294163143443,fr,swingtown
dcrire,0.0010294163143443,fr,swingtown
communication,0.0010294163143443,fr,swingtown
quantit,0.0010294163143443,fr,swingtown
neige,0.0010294163143443,fr,swingtown
dmarrer,0.0010294163143443,fr,swingtown
coupure,0.0010294163143443,fr,swingtown
srieusement,0.0010294163143443,fr,swingtown
revanche,0.0010207788950404,fr,swingtown
rpondeur,0.0010207788950404,fr,swingtown
issue,0.0010207788950404,fr,swingtown
ternit,0.0010207788950404,fr,swingtown
usage,0.0010207788950404,fr,swingtown
rception,0.0010207788950404,fr,swingtown
immense,0.0010207788950404,fr,swingtown
cesse,0.0010207788950404,fr,swingtown
goter,0.0010207788950404,fr,swingtown
kilo,0.0010207788950404,fr,swingtown
nouvelle,0.0010207788950404,fr,swingtown
cracher,0.0010122369187869,fr,swingtown
ira,0.0010122369187869,fr,swingtown
personnage,0.0010122369187869,fr,swingtown
miel,0.0010122369187869,fr,swingtown
fixe,0.0010122369187869,fr,swingtown
dpenser,0.0010122369187869,fr,swingtown
prtendre,0.0010122369187869,fr,swingtown
organis,0.0010122369187869,fr,swingtown
rate,0.0010122369187869,fr,swingtown
rideau,0.0010122369187869,fr,swingtown
exclure,0.0010122369187869,fr,swingtown
raccrocher,0.0010122369187869,fr,swingtown
faiblesse,0.0010122369187869,fr,swingtown
flash,0.0010122369187869,fr,swingtown
entirement,0.0010122369187869,fr,swingtown
culture,0.0010037882993338,fr,swingtown
relve,0.0010037882993338,fr,swingtown
tudi,0.0010037882993338,fr,swingtown
amateur,0.0010037882993338,fr,swingtown
exercice,0.0010037882993338,fr,swingtown
dplace,0.0010037882993338,fr,swingtown
aiderai,0.0010037882993338,fr,swingtown
artiste,0.0010037882993338,fr,swingtown
mentionner,0.0010037882993338,fr,swingtown
dpas,0.0009954310180961,fr,swingtown
menu,0.0009954310180961,fr,swingtown
oser,0.0009954310180961,fr,swingtown
canap,0.0009954310180961,fr,swingtown
fasciner,0.0009954310180961,fr,swingtown
tout,0.0009954310180961,fr,swingtown
kilomtre,0.0009954310180961,fr,swingtown
ocan,0.0009954310180961,fr,swingtown
obsd,0.0009954310180961,fr,swingtown
section,0.0009954310180961,fr,swingtown
compromettre,0.0009954310180961,fr,swingtown
serre,0.0009954310180961,fr,swingtown
essayon,0.0009954310180961,fr,swingtown
saluer,0.0009954310180961,fr,swingtown
embarrasser,0.0009954310180961,fr,swingtown
langage,0.0009954310180961,fr,swingtown
crir,0.0009954310180961,fr,swingtown
enchante,0.0009954310180961,fr,swingtown
gch,0.0009871631212588,fr,swingtown
samedi,0.0009871631212588,fr,swingtown
porc,0.0009871631212588,fr,swingtown
environnement,0.0009871631212588,fr,swingtown
essence,0.0009871631212588,fr,swingtown
alls,0.0009871631212588,fr,swingtown
exciter,0.0009871631212588,fr,swingtown
couverture,0.0009871631212588,fr,swingtown
ado,0.0009871631212588,fr,swingtown
digne,0.0009871631212588,fr,swingtown
autoroute,0.0009871631212588,fr,swingtown
ceinture,0.0009871631212588,fr,swingtown
communaut,0.0009871631212588,fr,swingtown
impatient,0.0009871631212588,fr,swingtown
roue,0.0009871631212588,fr,swingtown
plateau,0.0009871631212588,fr,swingtown
rivire,0.0009789827170349,fr,swingtown
reprend,0.0009789827170349,fr,swingtown
exposition,0.0009789827170349,fr,swingtown
dgt,0.0009789827170349,fr,swingtown
citoyen,0.0009789827170349,fr,swingtown
prviens,0.0009789827170349,fr,swingtown
serviette,0.0009789827170349,fr,swingtown
fortune,0.0009789827170349,fr,swingtown
soudain,0.0009789827170349,fr,swingtown
prts,0.0009789827170349,fr,swingtown
salade,0.0009789827170349,fr,swingtown
cingl,0.0009789827170349,fr,swingtown
silencieux,0.0009789827170349,fr,swingtown
spciale,0.0009789827170349,fr,swingtown
taux,0.0009789827170349,fr,swingtown
pub,0.0009789827170349,fr,swingtown
normment,0.0009789827170349,fr,swingtown
matire,0.0009789827170349,fr,swingtown
pro,0.0009789827170349,fr,swingtown
dbarrer,0.0009789827170349,fr,swingtown
fusil,0.0009789827170349,fr,swingtown
accroch,0.0009708879730677,fr,swingtown
dpen,0.0009708879730677,fr,swingtown
cble,0.0009708879730677,fr,swingtown
satisfaire,0.0009708879730677,fr,swingtown
poubelle,0.0009708879730677,fr,swingtown
magie,0.0009708879730677,fr,swingtown
sonner,0.0009708879730677,fr,swingtown
bague,0.0009708879730677,fr,swingtown
actuel,0.0009708879730677,fr,swingtown
pter,0.0009708879730677,fr,swingtown
plomb,0.0009708879730677,fr,swingtown
tar,0.0009708879730677,fr,swingtown
monnaie,0.0009708879730677,fr,swingtown
pousse,0.0009708879730677,fr,swingtown
gaz,0.0009708879730677,fr,swingtown
jus,0.0009708879730677,fr,swingtown
repasser,0.0009708879730677,fr,swingtown
retir,0.0009708879730677,fr,swingtown
attir,0.0009708879730677,fr,swingtown
jette,0.0009708879730677,fr,swingtown
charit,0.0009708879730677,fr,swingtown
avre,0.0009628771139668,fr,swingtown
inventer,0.0009628771139668,fr,swingtown
cardiaque,0.0009628771139668,fr,swingtown
mardi,0.0009628771139668,fr,swingtown
sucre,0.0009628771139668,fr,swingtown
fabrique,0.0009628771139668,fr,swingtown
livraison,0.0009628771139668,fr,swingtown
dispute,0.0009628771139668,fr,swingtown
effondrer,0.0009628771139668,fr,swingtown
cruel,0.0009628771139668,fr,swingtown
humour,0.0009628771139668,fr,swingtown
navr,0.0009628771139668,fr,swingtown
rond,0.0009628771139668,fr,swingtown
soupe,0.0009628771139668,fr,swingtown
post,0.0009628771139668,fr,swingtown
souffle,0.0009628771139668,fr,swingtown
envisager,0.0009628771139668,fr,swingtown
ralise,0.0009628771139668,fr,swingtown
matriel,0.0009549484189714,fr,swingtown
ngatif,0.0009549484189714,fr,swingtown
masque,0.0009549484189714,fr,swingtown
surprenant,0.0009549484189714,fr,swingtown
vire,0.0009549484189714,fr,swingtown
serveur,0.0009549484189714,fr,swingtown
prcdent,0.0009549484189714,fr,swingtown
tribunal,0.0009549484189714,fr,swingtown
balader,0.0009549484189714,fr,swingtown
envoie,0.0009549484189714,fr,swingtown
chiffre,0.0009549484189714,fr,swingtown
livrer,0.0009549484189714,fr,swingtown
stress,0.0009471002197313,fr,swingtown
fini,0.0009471002197313,fr,swingtown
incapable,0.0009471002197313,fr,swingtown
pouser,0.0009471002197313,fr,swingtown
idal,0.0009471002197313,fr,swingtown
continu,0.0009471002197313,fr,swingtown
rserv,0.0009471002197313,fr,swingtown
serrer,0.0009471002197313,fr,swingtown
soif,0.0009471002197313,fr,swingtown
arrivs,0.0009471002197313,fr,swingtown
devra,0.0009471002197313,fr,swingtown
chouette,0.0009471002197313,fr,swingtown
chinois,0.0009471002197313,fr,swingtown
cte,0.0009471002197313,fr,swingtown
corde,0.0009393308982001,fr,swingtown
pantalon,0.0009393308982001,fr,swingtown
officiellement,0.0009393308982001,fr,swingtown
ressen,0.0009393308982001,fr,swingtown
rang,0.0009393308982001,fr,swingtown
enfoir,0.0009393308982001,fr,swingtown
rencontrs,0.0009393308982001,fr,swingtown
sicle,0.0009393308982001,fr,swingtown
essaie,0.0009393308982001,fr,swingtown
anglais,0.0009393308982001,fr,swingtown
herbe,0.0009393308982001,fr,swingtown
jugement,0.0009393308982001,fr,swingtown
homm,0.0009393308982001,fr,swingtown
cancer,0.0009393308982001,fr,swingtown
modl,0.0009393308982001,fr,swingtown
chauffeur,0.0009393308982001,fr,swingtown
domaine,0.0009393308982001,fr,swingtown
solide,0.0009393308982001,fr,swingtown
conner,0.0009393308982001,fr,swingtown
mlange,0.0009393308982001,fr,swingtown
vache,0.0009393308982001,fr,swingtown
considrer,0.0009393308982001,fr,swingtown
avaler,0.0009393308982001,fr,swingtown
exception,0.0009393308982001,fr,swingtown
passs,0.0009393308982001,fr,swingtown
liaison,0.0009316388846329,fr,swingtown
trouvera,0.0009316388846329,fr,swingtown
plac,0.0009316388846329,fr,swingtown
meur,0.0009316388846329,fr,swingtown
escalier,0.0009316388846329,fr,swingtown
bataille,0.0009316388846329,fr,swingtown
bus,0.0009316388846329,fr,swingtown
rflchisser,0.0009316388846329,fr,swingtown
furieux,0.0009316388846329,fr,swingtown
choc,0.0009316388846329,fr,swingtown
enfance,0.0009316388846329,fr,swingtown
rver,0.0009316388846329,fr,swingtown
appele,0.0009240226556827,fr,swingtown
dou,0.0009240226556827,fr,swingtown
puissant,0.0009240226556827,fr,swingtown
atterrir,0.0009240226556827,fr,swingtown
dper,0.0009240226556827,fr,swingtown
placer,0.0009240226556827,fr,swingtown
prpar,0.0009240226556827,fr,swingtown
salope,0.0009240226556827,fr,swingtown
oeuvre,0.0009240226556827,fr,swingtown
causer,0.0009240226556827,fr,swingtown
mthode,0.0009240226556827,fr,swingtown
ennuyeux,0.0009240226556827,fr,swingtown
cuir,0.0009240226556827,fr,swingtown
pomme,0.0009240226556827,fr,swingtown
anti,0.0009240226556827,fr,swingtown
explos,0.0009240226556827,fr,swingtown
tuyau,0.0009164807325897,fr,swingtown
grill,0.0009164807325897,fr,swingtown
mordre,0.0009164807325897,fr,swingtown
vritabl,0.0009164807325897,fr,swingtown
roul,0.0009164807325897,fr,swingtown
franchir,0.0009164807325897,fr,swingtown
apprci,0.0009164807325897,fr,swingtown
vomir,0.0009164807325897,fr,swingtown
vis,0.0009164807325897,fr,swingtown
plaisanter,0.0009164807325897,fr,swingtown
apparaître,0.0009164807325897,fr,swingtown
agrabl,0.0009164807325897,fr,swingtown
habit,0.0009164807325897,fr,swingtown
mince,0.0009164807325897,fr,swingtown
deuxime,0.0009090116794582,fr,swingtown
cri,0.0009090116794582,fr,swingtown
familial,0.0009090116794582,fr,swingtown
viande,0.0009090116794582,fr,swingtown
cre,0.0009090116794582,fr,swingtown
veiller,0.0009090116794582,fr,swingtown
queue,0.0009090116794582,fr,swingtown
directeur,0.0009090116794582,fr,swingtown
oncle,0.0009090116794582,fr,swingtown
reine,0.0009090116794582,fr,swingtown
sensible,0.0009090116794582,fr,swingtown
rcemment,0.0009090116794582,fr,swingtown
nier,0.0009090116794582,fr,swingtown
nerver,0.0009090116794582,fr,swingtown
spectacle,0.0009090116794582,fr,swingtown
lgal,0.0009090116794582,fr,swingtown
sant,0.0009090116794582,fr,swingtown
rechercher,0.0009016141016155,fr,swingtown
amrique,0.0009016141016155,fr,swingtown
origine,0.0009016141016155,fr,swingtown
uniquement,0.0009016141016155,fr,swingtown
coter,0.0009016141016155,fr,swingtown
barre,0.0009016141016155,fr,swingtown
remont,0.0009016141016155,fr,swingtown
retraite,0.0009016141016155,fr,swingtown
cible,0.0009016141016155,fr,swingtown
jame,0.0009016141016155,fr,swingtown
sport,0.0009016141016155,fr,swingtown
fantastique,0.0009016141016155,fr,swingtown
habituel,0.0009016141016155,fr,swingtown
ntre,0.0009016141016155,fr,swingtown
connerie,0.0009016141016155,fr,swingtown
promesse,0.0009016141016155,fr,swingtown
belle,0.0009016141016155,fr,swingtown
auter,0.0009016141016155,fr,swingtown
angle,0.0009016141016155,fr,swingtown
prs,0.0008942866440491,fr,swingtown
lune,0.0008942866440491,fr,swingtown
copie,0.0008942866440491,fr,swingtown
comportement,0.0008942866440491,fr,swingtown
mlle,0.0008942866440491,fr,swingtown
hont,0.0008942866440491,fr,swingtown
lanc,0.0008942866440491,fr,swingtown
ajouter,0.0008942866440491,fr,swingtown
personnellement,0.0008942866440491,fr,swingtown
trouble,0.0008942866440491,fr,swingtown
possde,0.0008942866440491,fr,swingtown
parking,0.0008942866440491,fr,swingtown
pig,0.0008942866440491,fr,swingtown
spar,0.0008942866440491,fr,swingtown
science,0.0008942866440491,fr,swingtown
adorable,0.0008870279899169,fr,swingtown
produit,0.0008870279899169,fr,swingtown
fuite,0.0008870279899169,fr,swingtown
succ,0.0008870279899169,fr,swingtown
gcher,0.0008870279899169,fr,swingtown
propritaire,0.0008870279899169,fr,swingtown
charger,0.0008870279899169,fr,swingtown
militaire,0.0008870279899169,fr,swingtown
vague,0.0008870279899169,fr,swingtown
opinion,0.0008870279899169,fr,swingtown
beaut,0.0008798368591272,fr,swingtown
unir,0.0008798368591272,fr,swingtown
rouler,0.0008798368591272,fr,swingtown
suffire,0.0008798368591272,fr,swingtown
interroger,0.0008798368591272,fr,swingtown
rveille,0.0008798368591272,fr,swingtown
brler,0.0008798368591272,fr,swingtown
caisse,0.0008798368591272,fr,swingtown
concidence,0.0008798368591272,fr,swingtown
allum,0.0008798368591272,fr,swingtown
attrape,0.0008798368591272,fr,swingtown
entir,0.0008798368591272,fr,swingtown
miracle,0.0008798368591272,fr,swingtown
cheveu,0.0008798368591272,fr,swingtown
millier,0.0008798368591272,fr,swingtown
entraner,0.0008798368591272,fr,swingtown
distance,0.0008798368591272,fr,swingtown
ressortir,0.0008798368591272,fr,swingtown
mne,0.0008798368591272,fr,swingtown
gueul,0.0008798368591272,fr,swingtown
curieux,0.0008798368591272,fr,swingtown
observer,0.0008727120069833,fr,swingtown
commener,0.0008727120069833,fr,swingtown
repose,0.0008727120069833,fr,swingtown
confier,0.0008727120069833,fr,swingtown
douter,0.0008727120069833,fr,swingtown
drogue,0.0008727120069833,fr,swingtown
naissance,0.0008727120069833,fr,swingtown
endormir,0.0008727120069833,fr,swingtown
rpter,0.0008727120069833,fr,swingtown
style,0.0008727120069833,fr,swingtown
sparer,0.0008727120069833,fr,swingtown
annoncer,0.0008727120069833,fr,swingtown
dbarrasser,0.000865652222891,fr,swingtown
colle,0.000865652222891,fr,swingtown
menacer,0.000865652222891,fr,swingtown
gnie,0.000865652222891,fr,swingtown
ombre,0.000865652222891,fr,swingtown
pur,0.000865652222891,fr,swingtown
deuxim,0.000865652222891,fr,swingtown
rponder,0.000865652222891,fr,swingtown
coffre,0.000865652222891,fr,swingtown
alle,0.000865652222891,fr,swingtown
loup,0.0008586563291235,fr,swingtown
attente,0.0008586563291235,fr,swingtown
responsabilit,0.0008586563291235,fr,swingtown
rveill,0.0008586563291235,fr,swingtown
pler,0.0008586563291235,fr,swingtown
extrieur,0.0008586563291235,fr,swingtown
mener,0.0008586563291235,fr,swingtown
enlve,0.0008586563291235,fr,swingtown
fouiller,0.0008586563291235,fr,swingtown
monstre,0.0008586563291235,fr,swingtown
pointe,0.0008586563291235,fr,swingtown
maman,0.0008586563291235,fr,swingtown
rassembler,0.0008586563291235,fr,swingtown
reste,0.0008586563291235,fr,swingtown
rle,0.0008586563291235,fr,swingtown
traner,0.0008586563291235,fr,swingtown
assister,0.0008586563291235,fr,swingtown
bte,0.0008586563291235,fr,swingtown
vcu,0.0008586563291235,fr,swingtown
cauchemar,0.0008586563291235,fr,swingtown
rpte,0.0008586563291235,fr,swingtown
vrifi,0.0008586563291235,fr,swingtown
potentiel,0.0008517231796428,fr,swingtown
instinct,0.0008517231796428,fr,swingtown
toit,0.0008517231796428,fr,swingtown
chat,0.0008517231796428,fr,swingtown
tage,0.0008517231796428,fr,swingtown
fesse,0.0008517231796428,fr,swingtown
plaindre,0.0008517231796428,fr,swingtown
tent,0.0008517231796428,fr,swingtown
soigner,0.0008517231796428,fr,swingtown
merveilleux,0.0008517231796428,fr,swingtown
grc,0.0008517231796428,fr,swingtown
vin,0.0008517231796428,fr,swingtown
mouvement,0.0008517231796428,fr,swingtown
bosse,0.0008448516589727,fr,swingtown
librer,0.0008448516589727,fr,swingtown
principal,0.0008448516589727,fr,swingtown
sombre,0.0008448516589727,fr,swingtown
expert,0.0008448516589727,fr,swingtown
frapp,0.0008448516589727,fr,swingtown
tenter,0.0008448516589727,fr,swingtown
franchement,0.0008448516589727,fr,swingtown
coupable,0.0008448516589727,fr,swingtown
acte,0.0008448516589727,fr,swingtown
sonn,0.0008448516589727,fr,swingtown
installer,0.0008448516589727,fr,swingtown
clairement,0.0008448516589727,fr,swingtown
malgr,0.0008448516589727,fr,swingtown
bosser,0.0008380406811217,fr,swingtown
saint,0.0008380406811217,fr,swingtown
dgage,0.0008380406811217,fr,swingtown
passage,0.0008380406811217,fr,swingtown
effrayer,0.0008380406811217,fr,swingtown
menace,0.0008380406811217,fr,swingtown
source,0.0008380406811217,fr,swingtown
traiter,0.000831289188553,fr,swingtown
programme,0.000831289188553,fr,swingtown
presse,0.000831289188553,fr,swingtown
nature,0.000831289188553,fr,swingtown
folie,0.000831289188553,fr,swingtown
patient,0.000831289188553,fr,swingtown
zone,0.000831289188553,fr,swingtown
page,0.000831289188553,fr,swingtown
futur,0.000831289188553,fr,swingtown
condition,0.000831289188553,fr,swingtown
certainement,0.000831289188553,fr,swingtown
musique,0.000831289188553,fr,swingtown
menti,0.000831289188553,fr,swingtown
reposer,0.0008245961511989,fr,swingtown
faveur,0.0008245961511989,fr,swingtown
utilis,0.0008245961511989,fr,swingtown
cerveau,0.0008245961511989,fr,swingtown
lettre,0.0008245961511989,fr,swingtown
survivre,0.0008245961511989,fr,swingtown
flic,0.0008245961511989,fr,swingtown
pousser,0.0008245961511989,fr,swingtown
moindre,0.0008245961511989,fr,swingtown
putain,0.0008245961511989,fr,swingtown
pouss,0.0008245961511989,fr,swingtown
solution,0.0008245961511989,fr,swingtown
retourn,0.0008179605655178,fr,swingtown
police,0.0008179605655178,fr,swingtown
recevoir,0.0008179605655178,fr,swingtown
remplir,0.0008179605655178,fr,swingtown
rgler,0.0008179605655178,fr,swingtown
sauter,0.0008179605655178,fr,swingtown
soeur,0.0008179605655178,fr,swingtown
contrler,0.0008179605655178,fr,swingtown
sauv,0.0008179605655178,fr,swingtown
perdu,0.0008179605655178,fr,swingtown
ennui,0.0008179605655178,fr,swingtown
diffrer,0.0008179605655178,fr,swingtown
prsence,0.0008179605655178,fr,swingtown
importance,0.0008179605655178,fr,swingtown
voix,0.0008179605655178,fr,swingtown
adresse,0.0008179605655178,fr,swingtown
sort,0.000811381453591,fr,swingtown
emmne,0.000811381453591,fr,swingtown
mauver,0.000811381453591,fr,swingtown
bless,0.000811381453591,fr,swingtown
mang,0.000811381453591,fr,swingtown
trou,0.000811381453591,fr,swingtown
signifier,0.0008048578622578,fr,swingtown
reconnaître,0.0008048578622578,fr,swingtown
colre,0.0008048578622578,fr,swingtown
mission,0.0008048578622578,fr,swingtown
voie,0.0008048578622578,fr,swingtown
riche,0.0008048578622578,fr,swingtown
priv,0.0008048578622578,fr,swingtown
faisai,0.0008048578622578,fr,swingtown
dure,0.0008048578622578,fr,swingtown
pauvre,0.0007983888622869,fr,swingtown
poursuivre,0.0007983888622869,fr,swingtown
bruit,0.0007983888622869,fr,swingtown
prsenter,0.0007983888622869,fr,swingtown
foutre,0.0007983888622869,fr,swingtown
dcouvert,0.0007983888622869,fr,swingtown
montre,0.0007919735475819,fr,swingtown
humain,0.0007919735475819,fr,swingtown
exister,0.0007919735475819,fr,swingtown
empcher,0.0007919735475819,fr,swingtown
public,0.0007919735475819,fr,swingtown
danger,0.0007919735475819,fr,swingtown
bras,0.0007919735475819,fr,swingtown
prouver,0.0007919735475819,fr,swingtown
triste,0.0007919735475819,fr,swingtown
tourner,0.0007856110344195,fr,swingtown
image,0.0007856110344195,fr,swingtown
guerre,0.0007856110344195,fr,swingtown
scurit,0.0007856110344195,fr,swingtown
apporter,0.0007856110344195,fr,swingtown
enlever,0.0007856110344195,fr,swingtown
bout,0.0007856110344195,fr,swingtown
tire,0.0007856110344195,fr,swingtown
autour,0.0007856110344195,fr,swingtown
derrire,0.0007793004607193,fr,swingtown
suivre,0.0007793004607193,fr,swingtown
dtail,0.0007793004607193,fr,swingtown
force,0.0007793004607193,fr,swingtown
visage,0.0007793004607193,fr,swingtown
raconter,0.0007793004607193,fr,swingtown
rapport,0.0007793004607193,fr,swingtown
exemple,0.0007793004607193,fr,swingtown
regard,0.0007793004607193,fr,swingtown
arme,0.0007730409853426,fr,swingtown
agir,0.0007730409853426,fr,swingtown
