mot,poids_tfidf,langue,serie
fuck,0.3613169117129309,en,thewire
shit,0.3211907207222578,en,thewire
motherfucker,0.1428090901716575,en,thewire
fucking,0.1051213438722298,en,thewire
barksdale,0.0937038672228458,en,thewire
work,0.0816649673214381,en,thewire
nigger,0.061508837650049,en,thewire
mcnulty,0.0594629750259034,en,thewire
talk,0.054966804927891,en,thewire
case,0.0539946029359692,en,thewire
money,0.0518258446462973,en,thewire
boy,0.0517510598776879,en,thewire
little,0.0456187088517191,en,thewire
police,0.0445696393054712,en,thewire
run,0.0424777485701253,en,thewire
rawl,0.0419625177631428,en,thewire
ass,0.0409250142270225,en,thewire
bullshit,0.0401342544595018,en,thewire
hear,0.0398602816687972,en,thewire
mayor,0.0371827395503057,en,thewire
lester,0.0364686295969167,en,thewire
avon,0.0362531859776962,en,thewire
phone,0.0362147767405162,en,thewire
fuckin,0.0344110429548603,en,thewire
city,0.0334748520048959,en,thewire
street,0.0315111192332758,en,thewire
kid,0.0299511833728016,en,thewire
pay,0.0293249411046514,en,thewire
detective,0.0285534266543113,en,thewire
number,0.0281941593139836,en,thewire
bub,0.0280801810595466,en,thewire
damn,0.027812706257962,en,thewire
murder,0.0272431712083111,en,thewire
drug,0.0268693532127796,en,thewire
lieutenant,0.0265865994399524,en,thewire
burrell,0.0261745125036377,en,thewire
corner,0.0258420938318837,en,thewire
home,0.0258007451702345,en,thewire
problem,0.0256511756330158,en,thewire
long,0.024903327946922,en,thewire
new,0.0247537584097033,en,thewire
wiretap,0.0245015595882745,en,thewire
car,0.024435875948654,en,thewire
bey,0.0244059643615,en,thewire
week,0.0240806954922189,en,thewire
kima,0.0234259668057114,en,thewire
happen,0.0233328478061251,en,thewire
start,0.0233328478061251,en,thewire
real,0.0232580630375158,en,thewire
commissioner,0.0232577849214104,en,thewire
ight,0.023147197920829,en,thewire
sure,0.023108493500297,en,thewire
hand,0.0230337087316876,en,thewire
today,0.0229589239630783,en,thewire
homeless,0.0228911556067152,en,thewire
bring,0.0228841391944689,en,thewire
stringer,0.0228323315480117,en,thewire
district,0.022378438754086,en,thewire
greggs,0.0218898378348451,en,thewire
nigga,0.0218846764700553,en,thewire
bad,0.0216127981281095,en,thewire
night,0.0216127981281095,en,thewire
school,0.0215250192525761,en,thewire
deputy,0.0212983470849811,en,thewire
girl,0.0209397352106251,en,thewire
help,0.020715380904797,en,thewire
westside,0.0206144704336635,en,thewire
herc,0.0205961142547822,en,thewire
daniels,0.0204333379339422,en,thewire
couple,0.0202786867793091,en,thewire
win,0.0200423179873126,en,thewire
play,0.0199675332187032,en,thewire
bitch,0.0196945425710287,en,thewire
pull,0.0196756031576196,en,thewire
asshole,0.0193248987479251,en,thewire
big,0.0192986758940636,en,thewire
homicide,0.0190621490795219,en,thewire
baltimore,0.0188289120201472,en,thewire
dead,0.0186214073837345,en,thewire
jimmy,0.0186166049886927,en,thewire
word,0.0185466226151251,en,thewire
remember,0.0185466226151251,en,thewire
hell,0.018322268309297,en,thewire
kill,0.0182474835406876,en,thewire
old,0.0180979140034689,en,thewire
savino,0.0180495154076793,en,thewire
hour,0.0180231292348595,en,thewire
major,0.0180104028059299,en,thewire
check,0.0177987749290314,en,thewire
sydnor,0.0176654831649627,en,thewire
catch,0.0174996358545939,en,thewire
body,0.0174894250289952,en,thewire
walk,0.0173500663173751,en,thewire
office,0.0173259481606976,en,thewire
sit,0.0172752815487657,en,thewire
clay,0.0170127201229343,en,thewire
lose,0.0167517881685001,en,thewire
month,0.0166022186312813,en,thewire
point,0.0166022186312813,en,thewire
tomorrow,0.0165847995964609,en,thewire
goddamn,0.0165664406036705,en,thewire
story,0.0165094141437498,en,thewire
send,0.0165094141437498,en,thewire
end,0.0164526490940626,en,thewire
game,0.0164340286910386,en,thewire
house,0.0163778643254532,en,thewire
believe,0.0163030795568438,en,thewire
head,0.0162282947882345,en,thewire
unit,0.0162027093770893,en,thewire
carv,0.0161293541940964,en,thewire
son,0.0159817159747714,en,thewire
charge,0.0159581101480109,en,thewire
white,0.0159462036871095,en,thewire
stay,0.015929155713797,en,thewire
bunk,0.0158651763878072,en,thewire
stand,0.0158543709451876,en,thewire
write,0.0158294866349804,en,thewire
turn,0.0156300166393595,en,thewire
job,0.0155552318707501,en,thewire
naw,0.0152520443520209,en,thewire
officer,0.015191287586686,en,thewire
cause,0.0151813080277032,en,thewire
bodie,0.0151443673130139,en,thewire
crime,0.0151096139975103,en,thewire
away,0.0148821689532657,en,thewire
business,0.0147755487313925,en,thewire
hit,0.0146578146474376,en,thewire
daniel,0.0142067781637169,en,thewire
pick,0.0141343212671719,en,thewire
drop,0.0141343212671719,en,thewire
use,0.0141343212671719,en,thewire
guess,0.0139099669613438,en,thewire
line,0.0139099669613438,en,thewire
gun,0.0137311036868287,en,thewire
omar,0.0137108816438901,en,thewire
clean,0.0136856126555157,en,thewire
place,0.0135360431182969,en,thewire
state,0.0134818625923608,en,thewire
carcetti,0.0134411284950803,en,thewire
downtown,0.0133131504788458,en,thewire
wrong,0.0133116888124688,en,thewire
door,0.0133116888124688,en,thewire
cop,0.0131007911305736,en,thewire
shoot,0.0130873345066407,en,thewire
like,0.0130125497380313,en,thewire
department,0.0129475706807606,en,thewire
change,0.0128629802008126,en,thewire
witness,0.0128133168534403,en,thewire
meet,0.0127881954322032,en,thewire
open,0.0127881954322032,en,thewire
gus,0.0127213082405938,en,thewire
roll,0.0127202095416051,en,thewire
mind,0.0127134106635938,en,thewire
cedric,0.012678656630519,en,thewire
room,0.0126386258949844,en,thewire
eastside,0.0126161342863086,en,thewire
sayin,0.0124938868538377,en,thewire
string,0.0124709719779027,en,thewire
high,0.0124625241155895,en,thewire
ready,0.0124142715891563,en,thewire
care,0.0123394868205469,en,thewire
step,0.0123394868205469,en,thewire
buy,0.0122647020519376,en,thewire
black,0.0122402981436873,en,thewire
live,0.0121151325147188,en,thewire
late,0.0119655629775001,en,thewire
understand,0.0119655629775001,en,thewire
pretty,0.0119109015283674,en,thewire
namond,0.011904999524214,en,thewire
hard,0.0118159934402813,en,thewire
cut,0.011760130622945,en,thewire
morning,0.0117412086716719,en,thewire
boss,0.0116910539962141,en,thewire
levy,0.0116015152371377,en,thewire
stop,0.0115916391344532,en,thewire
court,0.0115609976731544,en,thewire
face,0.0114585888121003,en,thewire
stuff,0.0114585888121003,en,thewire
miss,0.0114420695972344,en,thewire
great,0.0114420695972344,en,thewire
sell,0.0113832033593891,en,thewire
cell,0.0113370208163034,en,thewire
close,0.0112177152914063,en,thewire
jury,0.0111731549162289,en,thewire
stinkum,0.0111369350387808,en,thewire
wire,0.0111216312257816,en,thewire
tommy,0.011105623471465,en,thewire
governor,0.0110043076254558,en,thewire
question,0.0109933609855782,en,thewire
sherrod,0.0109649984812536,en,thewire
paper,0.0109427041014932,en,thewire
young,0.010930890643122,en,thewire
senator,0.0108915112818339,en,thewire
lie,0.0108437914483594,en,thewire
friend,0.0108437914483594,en,thewire
alright,0.01078525600701,en,thewire
councilman,0.0107330415765054,en,thewire
shut,0.0107047342849884,en,thewire
tonight,0.0106387400986739,en,thewire
killer,0.010620891220038,en,thewire
watch,0.0106194371425313,en,thewire
throw,0.010553963379566,en,thewire
actually,0.0105446523739219,en,thewire
cocksucker,0.0105182650951515,en,thewire
break,0.0104785779268548,en,thewire
tower,0.010419496042275,en,thewire
nice,0.0103950828367032,en,thewire
straight,0.0103950828367032,en,thewire
cheese,0.0103211532100948,en,thewire
dee,0.0102673202084198,en,thewire
life,0.010170728530875,en,thewire
serial,0.0101451618115309,en,thewire
round,0.0101188921630869,en,thewire
deal,0.0100262652105877,en,thewire
thewire,0.0099848383106311,en,thewire
matter,0.0098715894564375,en,thewire
investigation,0.0098679807867497,en,thewire
surveillance,0.0098641691876046,en,thewire
vacant,0.0098272668491097,en,thewire
beat,0.0098049909762624,en,thewire
probably,0.0097968046878282,en,thewire
file,0.0097251271582785,en,thewire
suppose,0.0097220199192188,en,thewire
report,0.0096508570895114,en,thewire
sergeant,0.0096312874720365,en,thewire
pryzbylewski,0.0096008060679145,en,thewire
landsman,0.0096008060679145,en,thewire
colvin,0.0096008060679145,en,thewire
motherfucke,0.0095179480513443,en,thewire
monk,0.0095023171885611,en,thewire
ago,0.0094976656133907,en,thewire
reporter,0.0094363483305654,en,thewire
wallace,0.0093863793918493,en,thewire
royce,0.0092738981013098,en,thewire
world,0.0092733113075625,en,thewire
figure,0.0092724106834759,en,thewire
western,0.0092006462154243,en,thewire
follow,0.0091970252307647,en,thewire
pearlman,0.0091964503391159,en,thewire
dope,0.0091910050343533,en,thewire
pager,0.0091876115070955,en,thewire
lawyer,0.0091474419876819,en,thewire
baby,0.0091189200845777,en,thewire
brother,0.0090489570017344,en,thewire
second,0.0090489570017344,en,thewire
carver,0.0090340156306305,en,thewire
love,0.0088993874645157,en,thewire
fire,0.0088993874645157,en,thewire
fine,0.0088954834199199,en,thewire
set,0.0088909470824632,en,thewire
niggas,0.0088342142659248,en,thewire
freamon,0.0088327415824813,en,thewire
copy,0.0087977082830809,en,thewire
attorney,0.008793736361268,en,thewire
lex,0.0087885324447063,en,thewire
council,0.0087724037992257,en,thewire
far,0.0087498179272969,en,thewire
fact,0.0087447125144976,en,thewire
election,0.0087156229906377,en,thewire
zig,0.0086911147305681,en,thewire
half,0.0086629740803488,en,thewire
family,0.0086002483900781,en,thewire
later,0.008518556156364,en,thewire
crew,0.0084824533505631,en,thewire
package,0.0084798861311325,en,thewire
read,0.0084506788528594,en,thewire
warrant,0.008444908885835,en,thewire
bug,0.0084310796470328,en,thewire
cash,0.0083840221386708,en,thewire
speak,0.00837589408425,en,thewire
greek,0.0083130751836301,en,thewire
poot,0.0083048847801541,en,thewire
soon,0.0082923997982304,en,thewire
snitch,0.0082913716831224,en,thewire
truck,0.0082554321543863,en,thewire
tryin,0.0082547521845208,en,thewire
pussy,0.0082367211636728,en,thewire
ship,0.0082122948988614,en,thewire
alma,0.0081954564464531,en,thewire
detail,0.0081850028454045,en,thewire
hopper,0.0081671865294248,en,thewire
clear,0.0081515397784219,en,thewire
comin,0.0081352826840237,en,thewire
stash,0.0081163483825436,en,thewire
drink,0.0080662434400969,en,thewire
show,0.0080662434400969,en,thewire
iike,0.0080635640353473,en,thewire
piece,0.0080550460747103,en,thewire
early,0.0080550460747103,en,thewire
shot,0.0080431566602152,en,thewire
vote,0.0080363784114207,en,thewire
mess,0.0080305688294534,en,thewire
dunno,0.0080216449238825,en,thewire
piss,0.0080210238510758,en,thewire
easy,0.0080019702412031,en,thewire
runnin,0.0079892109697678,en,thewire
block,0.0079885493962807,en,thewire
cover,0.0079790550740054,en,thewire
red,0.0079248084135411,en,thewire
card,0.0078933708251192,en,thewire
federal,0.0078552682293253,en,thewire
hang,0.0078400870819633,en,thewire
port,0.0078204221452451,en,thewire
stat,0.0078003783906719,en,thewire
eye,0.007777615935375,en,thewire
ribbon,0.0077571977864511,en,thewire
lock,0.007736750692207,en,thewire
rest,0.007689316176541,en,thewire
order,0.0076750910711862,en,thewire
union,0.0076370663340662,en,thewire
desk,0.0076354304135245,en,thewire
dawg,0.0076234760718723,en,thewire
light,0.0075991000704814,en,thewire
gant,0.0075696805717851,en,thewire
cellphone,0.0075544406823259,en,thewire
fall,0.0075532616295469,en,thewire
town,0.0075069462162009,en,thewire
camera,0.0074947157329414,en,thewire
judge,0.0074746845100818,en,thewire
angelo,0.0074397484819364,en,thewire
class,0.0074149847145059,en,thewire
newspaper,0.0074138721839264,en,thewire
count,0.0074036920923281,en,thewire
bird,0.0073974123697914,en,thewire
dock,0.0073735933925476,en,thewire
name,0.0072951360676621,en,thewire
talkin,0.0072853277767377,en,thewire
budget,0.0072455088946466,en,thewire
record,0.0072191450669573,en,thewire
lookin,0.0072188512109955,en,thewire
photo,0.007195445236217,en,thewire
dick,0.0070814436798931,en,thewire
short,0.0070671630655477,en,thewire
grand,0.0070547660760555,en,thewire
learn,0.0070297682492813,en,thewire
bit,0.0070297682492813,en,thewire
shift,0.007028109300491,en,thewire
plan,0.0070108471021403,en,thewire
ride,0.0070053868821371,en,thewire
hall,0.0069422550799371,en,thewire
dozerman,0.0069125803688984,en,thewire
lay,0.0069047835682338,en,thewire
true,0.0068801987120625,en,thewire
overtime,0.0068765390726645,en,thewire
clarence,0.0068701112104613,en,thewire
narcotic,0.0068065500468855,en,thewire
different,0.0068054139434531,en,thewire
annapoli,0.0067887540657018,en,thewire
nothin,0.0067792046809473,en,thewire
stick,0.0067631990627284,en,thewire
bag,0.0067631990627284,en,thewire
county,0.0067357191198841,en,thewire
move,0.0067306291748438,en,thewire
drive,0.0067306291748438,en,thewire
shorty,0.0066857671010538,en,thewire
tony,0.0066764554647414,en,thewire
moment,0.0066339198385843,en,thewire
arrest,0.0066176745301504,en,thewire
meeting,0.0066161987220184,en,thewire
colonel,0.0066068708737365,en,thewire
dollar,0.0066002085231991,en,thewire
goin,0.0065977750250802,en,thewire
promise,0.0065877283121763,en,thewire
chance,0.006581059637625,en,thewire
patapsco,0.0065285481261818,en,thewire
hauk,0.0065285481261818,en,thewire
sign,0.0065062748690156,en,thewire
expect,0.0065062748690156,en,thewire
alley,0.0064578715009326,en,thewire
campaign,0.006439079430432,en,thewire
exactly,0.0064314901004063,en,thewire
sound,0.0064314901004063,en,thewire
doin,0.0064248397758894,en,thewire
pandemic,0.0063875823878957,en,thewire
uncle,0.0063748364762318,en,thewire
project,0.0063587655575871,en,thewire
seat,0.0063579238361701,en,thewire
fresh,0.0063494631859835,en,thewire
page,0.0062888663665313,en,thewire
low,0.0062312620577947,en,thewire
answer,0.0062071357945781,en,thewire
gentleman,0.006204720852166,en,thewire
carry,0.006204720852166,en,thewire
hurt,0.0061816071223172,en,thewire
somethin,0.0061650404885984,en,thewire
partlow,0.0061445158834653,en,thewire
nerese,0.0061445158834653,en,thewire
youngun,0.0061445158834653,en,thewire
pimlico,0.0061445158834653,en,thewire
hope,0.0061323510259688,en,thewire
dog,0.0061001436300656,en,thewire
lead,0.0060792800563851,en,thewire
norris,0.0060670528504298,en,thewire
terrace,0.0060605022985156,en,thewire
casework,0.0060374555383424,en,thewire
forget,0.0060308362168949,en,thewire
swear,0.0060308362168949,en,thewire
source,0.0060240936861351,en,thewire
address,0.0060229266220901,en,thewire
respect,0.0059934976658284,en,thewire
fiend,0.0059898740564711,en,thewire
fight,0.00598278148875,en,thewire
message,0.0059554507641837,en,thewire
courthouse,0.0059174678688467,en,thewire
eat,0.0059079967201406,en,thewire
board,0.0059000953642305,en,thewire
pop,0.0058672254756556,en,thewire
honor,0.0058669132588,en,thewire
park,0.005852996587374,en,thewire
team,0.0058378224017809,en,thewire
shop,0.0058334718916915,en,thewire
mother,0.0058332119515312,en,thewire
weak,0.0058287555789291,en,thewire
rate,0.0058098073567515,en,thewire
andre,0.0058083627214265,en,thewire
free,0.0058046798587613,en,thewire
spend,0.0058046798587613,en,thewire
gettin,0.0058019804048412,en,thewire
donnelly,0.0058007576185688,en,thewire
crutchfield,0.0057604836407487,en,thewire
kintel,0.0057604836407487,en,thewire
beadie,0.0057604836407487,en,thewire
reason,0.0057584271829219,en,thewire
spot,0.0057406333273594,en,thewire
motherfuckin,0.0057355827614252,en,thewire
worry,0.0057292944060501,en,thewire
manpower,0.0057077996266462,en,thewire
target,0.005703236291976,en,thewire
brianna,0.0057025534151895,en,thewire
box,0.0056821471377334,en,thewire
jump,0.0056821471377334,en,thewire
public,0.0056821471377334,en,thewire
statehouse,0.0056593540548405,en,thewire
nuthin,0.0056473216505048,en,thewire
shitbird,0.0056473216505048,en,thewire
stanfield,0.0056473216505048,en,thewire
rise,0.0056354776531254,en,thewire
ahead,0.0056233340521562,en,thewire
jail,0.0056057538468202,en,thewire
command,0.0055769968816517,en,thewire
club,0.0055709049243705,en,thewire
commander,0.005558069286413,en,thewire
snoop,0.0055451317854388,en,thewire
bond,0.0055328960183652,en,thewire
pier,0.0055313085387805,en,thewire
list,0.0055264718736859,en,thewire
ground,0.0055153074241476,en,thewire
steal,0.0055031380479166,en,thewire
news,0.0055031380479166,en,thewire
post,0.0054924414747314,en,thewire
bell,0.0054824092516894,en,thewire
double,0.0054824075662615,en,thewire
wee,0.0054746736335318,en,thewire
share,0.0054713520507466,en,thewire
administration,0.0054427939471992,en,thewire
cool,0.0054387059321455,en,thewire
handle,0.005405190558286,en,thewire
information,0.0053953610500418,en,thewire
warehouse,0.005392628003505,en,thewire
computer,0.0053904568855982,en,thewire
primary,0.0053859360344645,en,thewire
worden,0.0053764513980321,en,thewire
naresse,0.0053764513980321,en,thewire
whiting,0.0053764513980321,en,thewire
wagstaff,0.0053764513980321,en,thewire
law,0.0053707966096384,en,thewire
suspect,0.0053516118550579,en,thewire
burn,0.0053193700493369,en,thewire
father,0.0053193700493369,en,thewire
kinda,0.0053144536160824,en,thewire
randy,0.0053005451002474,en,thewire
press,0.0052993347480278,en,thewire
heart,0.005276981689783,en,thewire
trust,0.005276981689783,en,thewire
price,0.0052622472167461,en,thewire
affidavit,0.0052471716546665,en,thewire
definitely,0.0052433790486321,en,thewire
truth,0.0052349338026562,en,thewire
sun,0.0052288266210764,en,thewire
dozen,0.0052268928389946,en,thewire
frank,0.0052178747108673,en,thewire
lady,0.0052015962370718,en,thewire
snatch,0.005194917342801,en,thewire
serve,0.0051785876761753,en,thewire
outta,0.0051785336349689,en,thewire
raise,0.0051735395343594,en,thewire
west,0.0051645506921306,en,thewire
subpoena,0.0051645311508102,en,thewire
foot,0.0051601490340469,en,thewire
scene,0.0051438689101638,en,thewire
minister,0.0051375337404986,en,thewire
one,0.0051322999641373,en,thewire
pass,0.0051322999641373,en,thewire
butchie,0.005131837207591,en,thewire
sense,0.0051262107843606,en,thewire
picture,0.0051262107843606,en,thewire
watkin,0.0051250489507238,en,thewire
dealer,0.0051095605591925,en,thewire
bill,0.0051046143848245,en,thewire
hook,0.0051046143848245,en,thewire
quick,0.0050963225263839,en,thewire
shooter,0.005080293506329,en,thewire
squad,0.0050776959519126,en,thewire
felony,0.0050239725228056,en,thewire
ball,0.0050216607768973,en,thewire
code,0.0050216607768973,en,thewire
able,0.0050105794968281,en,thewire
vondopoulo,0.0049924191553155,en,thewire
dnrs,0.0049924191553155,en,thewire
niko,0.0049924191553155,en,thewire
system,0.0049816084495197,en,thewire
finish,0.0049754398789382,en,thewire
fayette,0.0049519347979855,en,thewire
bar,0.0049433231430039,en,thewire
grab,0.0049431973272583,en,thewire
pocket,0.0049422470193497,en,thewire
test,0.0049418885104329,en,thewire
program,0.0049399494046688,en,thewire
war,0.0049394150458129,en,thewire
property,0.0049364101039163,en,thewire
wife,0.0049357947282187,en,thewire
parole,0.0049276303742981,en,thewire
fool,0.0049004153505439,en,thewire
child,0.0049000544262271,en,thewire
trouble,0.0049000544262271,en,thewire
prop,0.0048917627195739,en,thewire
tie,0.0048646715024574,en,thewire
rule,0.0048610099596094,en,thewire
offer,0.0048610099596094,en,thewire
burner,0.0048567145270502,en,thewire
dump,0.0048527421360533,en,thewire
folk,0.0048465805181391,en,thewire
death,0.0048246689735159,en,thewire
act,0.0048246689735159,en,thewire
paperwork,0.0048207939146481,en,thewire
partner,0.0048187417613681,en,thewire
faggot,0.0047882593285033,en,thewire
owe,0.0047874544944818,en,thewire
happy,0.004786225191,en,thewire
payin,0.0047701560496968,en,thewire
indict,0.0047567777735108,en,thewire
sergei,0.0047506825827273,en,thewire
explain,0.0047492925041271,en,thewire
kick,0.0047492925041271,en,thewire
quiet,0.0047492835208047,en,thewire
neighborhood,0.0047424823014559,en,thewire
service,0.0047102374865063,en,thewire
ring,0.0047102374865063,en,thewire
cost,0.0047078069783412,en,thewire
floor,0.0046738980680935,en,thewire
hot,0.004672691012125,en,thewire
top,0.0046631901599197,en,thewire
nicky,0.0046603468853397,en,thewire
die,0.0046366556537812,en,thewire
trafficker,0.0046177749198226,en,thewire
shardene,0.0046083869125989,en,thewire
duquan,0.0046083869125989,en,thewire
brice,0.0046083869125989,en,thewire
lede,0.0046083869125989,en,thewire
kga,0.0046083869125989,en,thewire
dobey,0.0046083869125989,en,thewire
victim,0.0046017382324643,en,thewire
doubt,0.004592420289401,en,thewire
muscle,0.004552359923029,en,thewire
gray,0.0045427303451372,en,thewire
bite,0.0045282869542797,en,thewire
sister,0.0045194880281209,en,thewire
cutback,0.0045035363909984,en,thewire
bump,0.004499578628044,en,thewire
elect,0.0044920399044363,en,thewire
idea,0.0044870861165625,en,thewire
worth,0.0044785864625798,en,thewire
tap,0.0044572836780046,en,thewire
course,0.0044477417099599,en,thewire
connect,0.0044459544642019,en,thewire
yesterday,0.0044428865361189,en,thewire
mope,0.0044282130621197,en,thewire
bail,0.004426757736112,en,thewire
polack,0.0044171071329624,en,thewire
cutty,0.0044171071329624,en,thewire
fix,0.0044013694546043,en,thewire
product,0.004396868180634,en,thewire
container,0.0043711966660426,en,thewire
avenue,0.004362923506647,en,thewire
braddock,0.0043551698099289,en,thewire
bubble,0.0043523108159251,en,thewire
cid,0.0043448026020492,en,thewire
book,0.0043314870401744,en,thewire
caucus,0.0043185400856801,en,thewire
leg,0.0043154897301461,en,thewire
philly,0.0043037759590085,en,thewire
stupid,0.0042969708045376,en,thewire
pulitzer,0.0042932166306021,en,thewire
table,0.0042896835521148,en,thewire
criminal,0.004285849690389,en,thewire
store,0.0042711056178134,en,thewire
push,0.0042554960394695,en,thewire
teacher,0.0042513864194203,en,thewire
westport,0.0042445155411304,en,thewire
odell,0.0042445155411304,en,thewire
demper,0.0042243546698823,en,thewire
smart,0.0042215853518264,en,thewire
north,0.0042001326965812,en,thewire
local,0.0041833983931494,en,thewire
quote,0.0041727785082949,en,thewire
build,0.0041461998991152,en,thewire
outside,0.0041364805681107,en,thewire
bank,0.0041328931281966,en,thewire
checker,0.0041316249206482,en,thewire
dirt,0.0041162628357487,en,thewire
print,0.0041144157027734,en,thewire
middle,0.0041035140380599,en,thewire
shamrock,0.0041015994806079,en,thewire
cargo,0.0040985039001835,en,thewire
stickup,0.0040732524394211,en,thewire
lab,0.0040728121931481,en,thewire
lunch,0.0040662819402129,en,thewire
homelessness,0.0040648251559336,en,thewire
wholesale,0.0040546326422423,en,thewire
bust,0.0040485483704783,en,thewire
window,0.0040475568652347,en,thewire
teach,0.0040475568652347,en,thewire
mouth,0.0040475568652347,en,thewire
crab,0.0040450229839203,en,thewire
eyeball,0.0040440422151154,en,thewire
payphone,0.0040317820176736,en,thewire
trial,0.0040286987089657,en,thewire
wall,0.0040275230373551,en,thewire
cold,0.0040275230373551,en,thewire
patrol,0.0040252827192481,en,thewire
harbor,0.0040069302772057,en,thewire
clock,0.0040020058696108,en,thewire
blood,0.0039954289936928,en,thewire
clearance,0.0039951355252639,en,thewire
barlow,0.0039863446944739,en,thewire
wear,0.0039832775841066,en,thewire
wonder,0.0039635927362969,en,thewire
type,0.0039547274239013,en,thewire
water,0.0039515320366503,en,thewire
reach,0.0039380674067512,en,thewire
past,0.0039380674067512,en,thewire
phelan,0.0039243460999225,en,thewire
southeastern,0.0039243460999225,en,thewire
ronnie,0.0039096138788225,en,thewire
rowhouse,0.0038908059127029,en,thewire
cooperator,0.0038908059127029,en,thewire
special,0.0038888079676875,en,thewire
indictment,0.0038870664068481,en,thewire
seriously,0.0038608503987757,en,thewire
extra,0.0038608503987757,en,thewire
chase,0.0038579016826229,en,thewire
editor,0.0038515076689095,en,thewire
wish,0.0038446580882705,en,thewire
tilghman,0.0038403224271658,en,thewire
marnell,0.0038403224271658,en,thewire
hanning,0.0038403224271658,en,thewire
twigg,0.0038403224271658,en,thewire
sector,0.003829367449925,en,thewire
democratic,0.0038262558114413,en,thewire
bout,0.0038185331670331,en,thewire
account,0.0038140439691635,en,thewire
deep,0.0038140231990781,en,thewire
boat,0.003802157527984,en,thewire
buyout,0.003801702276793,en,thewire
cept,0.003801702276793,en,thewire
date,0.0037995500352407,en,thewire
zone,0.0037810148350181,en,thewire
community,0.0037796460475569,en,thewire
calvert,0.0037744805019383,en,thewire
fella,0.0037698259908792,en,thewire
blow,0.0037692726355593,en,thewire
touch,0.0037692726355593,en,thewire
voice,0.003766245582673,en,thewire
radio,0.0037650585538344,en,thewire
player,0.0037490022895533,en,thewire
save,0.0037392384304687,en,thewire
fucker,0.0037335709848799,en,thewire
anymore,0.0037235590345358,en,thewire
level,0.0037235590345358,en,thewire
tight,0.0037174437784672,en,thewire
testify,0.0037132674590984,en,thewire
attention,0.0037064163828246,en,thewire
slow,0.0037064163828246,en,thewire
prosecutor,0.0036984174180292,en,thewire
personal,0.0036768716160984,en,thewire
twice,0.0036676268480352,en,thewire
bet,0.0036644536618594,en,thewire
juvenile,0.0036590555596467,en,thewire
soldier,0.0036561923207015,en,thewire
juke,0.0036541493032678,en,thewire
shame,0.0036518789099581,en,thewire
slim,0.0036426638883688,en,thewire
favor,0.0036167828274589,en,thewire
ear,0.0036093186833949,en,thewire
quarter,0.0036001137399268,en,thewire
hole,0.0035878958295996,en,thewire
sittin,0.0035811831146403,en,thewire
pack,0.0035805310730923,en,thewire
sick,0.0035805310730923,en,thewire
lemme,0.0035776170372726,en,thewire
crazy,0.0035715770331262,en,thewire
road,0.0035715770331262,en,thewire
chief,0.0035674277909822,en,thewire
yellow,0.0035625149053043,en,thewire
proposition,0.0035457106017824,en,thewire
profile,0.003538406596555,en,thewire
klebanow,0.0035370962842753,en,thewire
snitchin,0.0035370962842753,en,thewire
offload,0.0035301521141649,en,thewire
estate,0.0035264131906835,en,thewire
company,0.0035236686320943,en,thewire
prior,0.0035025890851561,en,thewire
hair,0.0034955860324214,en,thewire
weight,0.0034858844140509,en,thewire
oriole,0.0034841358479431,en,thewire
atlantic,0.0034823761069114,en,thewire
makin,0.0034823761069114,en,thewire
clothe,0.0034801601330331,en,thewire
gangster,0.0034773405773773,en,thewire
sobotka,0.0034562901844492,en,thewire
comstat,0.0034562901844492,en,thewire
fat,0.0034560369240163,en,thewire
butch,0.003448715365847,en,thewire
sheet,0.0034476782222844,en,thewire
knock,0.0034470671400922,en,thewire
holler,0.003440494154479,en,thewire
sleep,0.0034400993560312,en,thewire
possible,0.0034400993560312,en,thewire
tip,0.0034284337927285,en,thewire
spider,0.0034262444577567,en,thewire
luck,0.0034195950317166,en,thewire
vehicle,0.0034029133515163,en,thewire
ticket,0.0034028586034867,en,thewire
politician,0.0034026945047011,en,thewire
career,0.0034011091355362,en,thewire
pretend,0.0034010655845551,en,thewire
dirty,0.003375663972295,en,thewire
sexual,0.0033750141208146,en,thewire
upstairs,0.0033739283344779,en,thewire
pension,0.0033708524866002,en,thewire
fair,0.0033704656480902,en,thewire
jay,0.0033693842562368,en,thewire
tactical,0.003366331114875,en,thewire
fast,0.0033653145874219,en,thewire
daddy,0.0033486171562049,en,thewire
waste,0.003347018177021,en,thewire
mom,0.003347018177021,en,thewire
begin,0.0033436040310118,en,thewire
housing,0.0033393969313241,en,thewire
charle,0.0033377610171537,en,thewire
location,0.0033373023602838,en,thewire
cousin,0.0033373023602838,en,thewire
liquor,0.0033305583260855,en,thewire
jessup,0.0033219539120616,en,thewire
rip,0.0033218381605465,en,thewire
casing,0.0033211597965897,en,thewire
darnell,0.0033206005460883,en,thewire
newsroom,0.0033206005460883,en,thewire
workin,0.0033132881207341,en,thewire
salary,0.0033080980971444,en,thewire
stink,0.0033061862441834,en,thewire
hat,0.0033026924931779,en,thewire
protect,0.0032938641560881,en,thewire
investigator,0.0032783974995319,en,thewire
building,0.0032691805449973,en,thewire
citizen,0.0032673947371655,en,thewire
vagrant,0.0032668746117699,en,thewire
chair,0.0032630507466565,en,thewire
informant,0.0032620537536398,en,thewire
foxtrot,0.0032504670302871,en,thewire
concern,0.0032431143349716,en,thewire
base,0.0032431143349716,en,thewire
coffee,0.0032428764875991,en,thewire
wake,0.003241574466581,en,thewire
likely,0.0032368926701901,en,thewire
grade,0.0032368926701901,en,thewire
nephew,0.003219539715216,en,thewire
killing,0.0032169369308745,en,thewire
slip,0.0032109671130347,en,thewire
tape,0.0032051007932953,en,thewire
tester,0.0031993036345946,en,thewire
warwick,0.0031937911939478,en,thewire
tired,0.0031916220296021,en,thewire
match,0.0031892407374219,en,thewire
vonda,0.0031833866558478,en,thewire
ambo,0.0031833866558478,en,thewire
colicchio,0.0031833866558478,en,thewire
color,0.0031754930994724,en,thewire
trace,0.0031754930994724,en,thewire
key,0.0031661890138698,en,thewire
small,0.0031409602815937,en,thewire
issue,0.0031385379855608,en,thewire
market,0.0031286346229569,en,thewire
interview,0.0031108561592596,en,thewire
kevin,0.0031066706311445,en,thewire
loose,0.0031035963886778,en,thewire
bus,0.0030988788426127,en,thewire
scare,0.003084687390643,en,thewire
willing,0.003084687390643,en,thewire
legislative,0.0030839439366532,en,thewire
maury,0.003078516613215,en,thewire
poll,0.0030759192004651,en,thewire
bernard,0.0030754095763848,en,thewire
bubb,0.0030722579417326,en,thewire
olesker,0.0030722579417326,en,thewire
sunpaper,0.0030722579417326,en,thewire
mcculloh,0.0030722579417326,en,thewire
trac,0.0030722579417326,en,thewire
eunetta,0.0030722579417326,en,thewire
marimow,0.0030722579417326,en,thewire
leander,0.0030722579417326,en,thewire
com,0.0030600745359218,en,thewire
shelter,0.0030542908038847,en,thewire
safe,0.0030396400281925,en,thewire
agree,0.0030396400281925,en,thewire
return,0.0030396400281925,en,thewire
term,0.003035667648926,en,thewire
bunny,0.0030355532403073,en,thewire
fiscal,0.0030335264252149,en,thewire
statement,0.0030244434881691,en,thewire
letter,0.003021922799502,en,thewire
dickensian,0.0030187277691712,en,thewire
funny,0.0030154181084474,en,thewire
rank,0.0030051669919483,en,thewire
fed,0.0029959954030317,en,thewire
narco,0.0029897585208554,en,thewire
coverage,0.0029825131212857,en,thewire
eastern,0.0029825131212857,en,thewire
country,0.0029816110862828,en,thewire
church,0.0029759704935942,en,thewire
area,0.0029737992136884,en,thewire
citywide,0.0029656752906707,en,thewire
bein,0.0029645209501305,en,thewire
settle,0.0029639696428013,en,thewire
involve,0.0029636490274877,en,thewire
digit,0.0029587339344233,en,thewire
joint,0.0029511718240746,en,thewire
crib,0.0029479011872863,en,thewire
regular,0.0029402492103263,en,thewire
whoa,0.0029380308170785,en,thewire
duty,0.0029380308170785,en,thewire
track,0.0029342463030695,en,thewire
grow,0.0029342463030695,en,thewire
conference,0.002931245453756,en,thewire
prosecution,0.0029272444477174,en,thewire
certain,0.002926498293687,en,thewire
assign,0.002926321584899,en,thewire
marine,0.0029261129970968,en,thewire
bureau,0.0029179863753668,en,thewire
waterfront,0.0029118425683198,en,thewire
tit,0.0029041813607132,en,thewire
deserve,0.0029031476366437,en,thewire
dude,0.0028909427652058,en,thewire
chain,0.0028909427652058,en,thewire
math,0.0028829953563225,en,thewire
toss,0.0028824842298463,en,thewire
pattern,0.0028797303219481,en,thewire
operation,0.0028677217624221,en,thewire
puttin,0.0028649464917123,en,thewire
got,0.0028572397842792,en,thewire
mark,0.0028474037452089,en,thewire
dinner,0.0028342552040758,en,thewire
east,0.0028335372719641,en,thewire
heroin,0.0028315160887442,en,thewire
malaka,0.0028296770274202,en,thewire
longwood,0.0028296770274202,en,thewire
templeton,0.0028296770274202,en,thewire
southeast,0.0028269573867986,en,thewire
security,0.0028246841870047,en,thewire
cry,0.0028246841870047,en,thewire
dink,0.0028219735621138,en,thewire
especially,0.0028130533102458,en,thewire
register,0.0028125117673455,en,thewire
fun,0.0028116670260781,en,thewire
title,0.0028052489344586,en,thewire
ifyou,0.0028035853969574,en,thewire
hungry,0.0028021547528548,en,thewire
canvass,0.0027901373648287,en,thewire
sweet,0.0027892617503138,en,thewire
vial,0.0027808822253315,en,thewire
distribution,0.0027808822253315,en,thewire
blue,0.0027769020319748,en,thewire
suspend,0.0027754652717379,en,thewire
art,0.0027683091967309,en,thewire
mama,0.0027672262975482,en,thewire
person,0.0027670364385468,en,thewire
bounce,0.0027587142744765,en,thewire
weapon,0.0027576537120738,en,thewire
triple,0.0027509541014524,en,thewire
coke,0.0027466556736189,en,thewire
note,0.0027462207373657,en,thewire
client,0.0027447212605998,en,thewire
apartment,0.0027429438018489,en,thewire
runner,0.0027421156373045,en,thewire
negative,0.002722536136021,en,thewire
dolore,0.0027155016262807,en,thewire
sellin,0.0027155016262807,en,thewire
wrist,0.0027050614725137,en,thewire
careful,0.002702595279143,en,thewire
duke,0.0026947400573546,en,thewire
search,0.0026892146482529,en,thewire
poh,0.002688225699016,en,thewire
holley,0.002688225699016,en,thewire
reisterstown,0.002688225699016,en,thewire
dundalk,0.002688225699016,en,thewire
lanvale,0.002688225699016,en,thewire
perkin,0.0026878546784491,en,thewire
resource,0.0026825004696181,en,thewire
single,0.0026810522200717,en,thewire
instead,0.0026810522200717,en,thewire
tag,0.0026778587782523,en,thewire
drag,0.0026736746170252,en,thewire
admit,0.0026677572877267,en,thewire
dot,0.0026578403748464,en,thewire
moreland,0.0026575631296493,en,thewire
suck,0.0026523074068032,en,thewire
gift,0.0026523074068032,en,thewire
supervisor,0.0026465401703231,en,thewire
decide,0.0026384908448915,en,thewire
departmental,0.0026367080084404,en,thewire
usual,0.0026358595800406,en,thewire
jack,0.0026358595800406,en,thewire
correct,0.00263463968249,en,thewire
donut,0.0026345200029456,en,thewire
suit,0.002631123608373,en,thewire
gym,0.0026268449108201,en,thewire
bother,0.0026253782711674,en,thewire
bondsman,0.0026235858273332,en,thewire
decline,0.0026228932182912,en,thewire
committee,0.0026184227431084,en,thewire
rat,0.0026146874892672,en,thewire
blame,0.0026135548536234,en,thewire
credit,0.0026135548536234,en,thewire
bang,0.0026134464194973,en,thewire
synchronisation,0.0026131018859573,en,thewire
pit,0.0026127871293741,en,thewire
grip,0.0026127871293741,en,thewire
afternoon,0.0026101200997748,en,thewire
undercover,0.0025992199334706,en,thewire
nick,0.0025958459115069,en,thewire
nail,0.0025937070037526,en,thewire
evidence,0.0025926541740851,en,thewire
tall,0.0025923801327163,en,thewire
natural,0.0025923801327163,en,thewire
choice,0.0025836940239636,en,thewire
disappear,0.0025836940239636,en,thewire
surprise,0.0025836940239636,en,thewire
finally,0.0025836940239636,en,thewire
stack,0.0025759126796898,en,thewire
horse,0.0025729146865614,en,thewire
hopkin,0.0025668300521049,en,thewire
icicle,0.0025668300521049,en,thewire
consider,0.0025631053921803,en,thewire
intercept,0.0025618478898162,en,thewire
dime,0.0025534280499989,en,thewire
raid,0.0025528713781301,en,thewire
race,0.0025523071924122,en,thewire
political,0.0025515267598526,en,thewire
lucky,0.0025481612631919,en,thewire
support,0.0025481612631919,en,thewire
air,0.0025481612631919,en,thewire
important,0.0025426821327187,en,thewire
mistake,0.0025426821327187,en,thewire
inch,0.0025303427315489,en,thewire
strong,0.0025278492360676,en,thewire
whaddaya,0.0025240612188356,en,thewire
decomp,0.0025240612188356,en,thewire
rob,0.0025197640317046,en,thewire
large,0.0025116337311449,en,thewire
situation,0.0025108303884486,en,thewire
basement,0.0025105507808338,en,thewire
driver,0.0025100390358896,en,thewire
simple,0.0025077030232588,en,thewire
beef,0.0025046865486238,en,thewire
review,0.0024985959754795,en,thewire
usually,0.0024908042247598,en,thewire
poor,0.0024908042247598,en,thewire
buck,0.0024899174386078,en,thewire
detention,0.0024881577805597,en,thewire
smell,0.0024877199394691,en,thewire
horseface,0.0024759673989927,en,thewire
woodlawn,0.0024759673989927,en,thewire
coupla,0.0024759673989927,en,thewire
wit,0.0024737701632385,en,thewire
probable,0.0024734178221007,en,thewire
clip,0.0024663183136705,en,thewire
candidate,0.0024660422969011,en,thewire
organization,0.002458796885299,en,thewire
trash,0.0024496661053073,en,thewire
conspiracy,0.0024452131448587,en,thewire
delegate,0.0024413701942251,en,thewire
sixe,0.0024404995003447,en,thewire
strangle,0.0024403285267368,en,thewire
self,0.0024323669388096,en,thewire
notice,0.002431712022554,en,thewire
power,0.002431712022554,en,thewire
ray,0.0024297724591437,en,thewire
bridge,0.0024297724591437,en,thewire
gimme,0.0024284425922458,en,thewire
grain,0.0024270137903521,en,thewire
layoff,0.0024168464222942,en,thewire
givin,0.0024165826177524,en,thewire
williamson,0.0024149822153369,en,thewire
parley,0.0024149822153369,en,thewire
history,0.0024111885516393,en,thewire
reverend,0.0024101145370447,en,thewire
rape,0.0024062837369985,en,thewire
punk,0.0024002208478494,en,thewire
percent,0.0023938022251926,en,thewire
arm,0.0023937272472409,en,thewire
voter,0.0023926065116478,en,thewire
cunt,0.0023850780248484,en,thewire
gent,0.002379764969718,en,thewire
party,0.0023746462520635,en,thewire
contact,0.0023728364543408,en,thewire
sake,0.0023728364543408,en,thewire
plead,0.0023721117181254,en,thewire
process,0.0023685340860962,en,thewire
cap,0.0023631342718863,en,thewire
college,0.0023616532161123,en,thewire
solve,0.0023616532161123,en,thewire
suction,0.0023596473555795,en,thewire
sentimental,0.0023567651997919,en,thewire
control,0.0023557210218492,en,thewire
hide,0.0023557210218492,en,thewire
bunch,0.0023539034891706,en,thewire
finger,0.0023539034891706,en,thewire
row,0.0023521017775475,en,thewire
wild,0.0023427031001636,en,thewire
progress,0.0023397808865828,en,thewire
mention,0.0023369490340467,en,thewire
bed,0.0023369490340467,en,thewire
glad,0.0023369490340467,en,thewire
thought,0.0023351289607123,en,thewire
land,0.0023351289607123,en,thewire
terminal,0.0023341407036149,en,thewire
thin,0.0023331421194447,en,thewire
link,0.0023331421194447,en,thewire
score,0.0023331421194447,en,thewire
fee,0.0023313908282598,en,thewire
continue,0.002330815599918,en,thewire
leak,0.0023255925583814,en,thewire
cld,0.0023253677384431,en,thewire
truant,0.0023253677384431,en,thewire
agostino,0.0023253677384431,en,thewire
plate,0.0023239229427006,en,thewire
fish,0.0023239229427006,en,thewire
holla,0.002322757231962,en,thewire
synchronization,0.002322757231962,en,thewire
reginald,0.002322757231962,en,thewire
motherfucking,0.002322757231962,en,thewire
hoskin,0.002322757231962,en,thewire
cross,0.0023165102392654,en,thewire
tear,0.0023165102392654,en,thewire
appreciate,0.0023165102392654,en,thewire
imagine,0.0023165102392654,en,thewire
permit,0.0023111262872164,en,thewire
wonderin,0.0023088874599113,en,thewire
rockefeller,0.0023088874599113,en,thewire
incumbent,0.0023088874599113,en,thewire
knucklehead,0.0023065571822886,en,thewire
titre,0.0023065571822886,en,thewire
ghetto,0.0023065571822886,en,thewire
snotboogie,0.0023041934562994,en,thewire
christeson,0.0023041934562994,en,thewire
calhoun,0.0023041934562994,en,thewire
krawczyk,0.0023041934562994,en,thewire
sanny,0.0023041934562994,en,thewire
dicksucker,0.0023041934562994,en,thewire
donette,0.0023041934562994,en,thewire
sorze,0.0023041934562994,en,thewire
copshop,0.0023041934562994,en,thewire
foerster,0.0023041934562994,en,thewire
yakame,0.0023041934562994,en,thewire
aunt,0.0022992526738492,en,thewire
inside,0.0022980447600615,en,thewire
weekend,0.0022957486664869,en,thewire
forward,0.0022937419058627,en,thewire
nowadays,0.0022929497435439,en,thewire
wearin,0.0022900370701537,en,thewire
statewide,0.0022852168818533,en,thewire
identify,0.0022834174044047,en,thewire
rear,0.0022798116430406,en,thewire
back,0.002277308458394,en,thewire
interest,0.0022754400395316,en,thewire
responsible,0.0022754400395316,en,thewire
overnight,0.0022686089010108,en,thewire
risk,0.0022572913286886,en,thewire
left,0.0022572913286886,en,thewire
shake,0.0022504426481967,en,thewire
agent,0.002249789314022,en,thewire
cheap,0.002249789314022,en,thewire
additional,0.0022475666549393,en,thewire
lookout,0.0022460199522181,en,thewire
nat,0.0022428683175659,en,thewire
van,0.002241518156739,en,thewire
tax,0.002241518156739,en,thewire
schedule,0.002240925694747,en,thewire
proud,0.0022392932312899,en,thewire
joke,0.0022392932312899,en,thewire
hangin,0.0022379634986844,en,thewire
national,0.0022316006940745,en,thewire
wagon,0.0022263931469147,en,thewire
stripe,0.0022190504508175,en,thewire
taste,0.0022146473573847,en,thewire
main,0.0022107209380985,en,thewire
chandra,0.0022085535664812,en,thewire
deadwood,0.0022085535664812,en,thewire
photograph,0.0022041241627889,en,thewire
position,0.0021969765898925,en,thewire
priority,0.0021953401790659,en,thewire
medical,0.0021929637006757,en,thewire
busy,0.0021861781286244,en,thewire
territory,0.0021857411233926,en,thewire
fill,0.0021794536966648,en,thewire
dark,0.0021794536966648,en,thewire
train,0.0021794536966648,en,thewire
pende,0.0021789057476594,en,thewire
king,0.0021753671644377,en,thewire
bullet,0.0021753671644377,en,thewire
midnight,0.0021740835301354,en,thewire
hearin,0.0021724013010246,en,thewire
tee,0.0021723032064528,en,thewire
food,0.0021687582896718,en,thewire
chill,0.0021675612156601,en,thewire
suggest,0.0021620762233144,en,thewire
wood,0.0021603167772636,en,thewire
ugly,0.0021603167772636,en,thewire
split,0.0021579284467934,en,thewire
cat,0.0021579284467934,en,thewire
fold,0.0021577870097885,en,thewire
correction,0.0021573455914241,en,thewire
metro,0.002156699064856,en,thewire
kiss,0.0021527374977597,en,thewire
mile,0.0021527374977597,en,thewire
spread,0.0021527374977597,en,thewire
booking,0.0021487098687842,en,thewire
kilo,0.002146608315301,en,thewire
jus,0.0021465702223635,en,thewire
kin,0.0021465702223635,en,thewire
shooting,0.002144624620583,en,thewire
grant,0.0021429248451945,en,thewire
sling,0.0021401708731259,en,thewire
aid,0.0021386173318214,en,thewire
whore,0.0021317931785162,en,thewire
robbery,0.0021279278658307,en,thewire
hunt,0.0021256932097101,en,thewire
channel,0.0021249454920772,en,thewire
flip,0.0021249454920772,en,thewire
beer,0.002123513318569,en,thewire
eastsider,0.0021222577705652,en,thewire
fucknut,0.0021222577705652,en,thewire
pulaski,0.0021222577705652,en,thewire
smokehound,0.0021222577705652,en,thewire
gubernatorial,0.0021222577705652,en,thewire
stevedore,0.0021222577705652,en,thewire
collegial,0.0021222577705652,en,thewire
hayne,0.0021222577705652,en,thewire
complaint,0.0021216824279701,en,thewire
raceman,0.0021202180400989,en,thewire
remind,0.0021185131402535,en,thewire
maryland,0.0021183394933362,en,thewire
motherfuck,0.0021131094384198,en,thewire
marla,0.0021131094384198,en,thewire
hate,0.0021107926759132,en,thewire
spry,0.0021093664067523,en,thewire
addict,0.0021093536065208,en,thewire
raw,0.0021081424370243,en,thewire
respectfully,0.0021045762950551,en,thewire
thinkin,0.0021045762950551,en,thewire
illegal,0.0021038676716049,en,thewire
hospital,0.0021016160646411,en,thewire
callin,0.0021001336789949,en,thewire
winchester,0.0021001336789949,en,thewire
supply,0.0020916991965747,en,thewire
shoe,0.002089696744754,en,thewire
president,0.0020867526082247,en,thewire
flag,0.0020863892541474,en,thewire
text,0.0020863892541474,en,thewire
connection,0.0020749311988398,en,thewire
hearing,0.0020725289599643,en,thewire
bracelet,0.0020701453984704,en,thewire
roland,0.0020566951936679,en,thewire
elena,0.0020566951936679,en,thewire
add,0.0020564582604287,en,thewire
bend,0.0020550352474176,en,thewire
eighth,0.0020550134961994,en,thewire
headshot,0.00205234440881,en,thewire
marvin,0.0020470619959083,en,thewire
brief,0.0020456339695683,en,thewire
contribution,0.0020427241384307,en,thewire
classroom,0.0020427241384307,en,thewire
male,0.0020418397293932,en,thewire
claim,0.0020418397293932,en,thewire
difference,0.0020400496906145,en,thewire
fly,0.0020400496906145,en,thewire
steel,0.0020377437788536,en,thewire
education,0.0020373933895539,en,thewire
social,0.002036406096574,en,thewire
sonofabitch,0.0020324125779668,en,thewire
kilt,0.0020324125779668,en,thewire
clone,0.0020274829926893,en,thewire
disrespect,0.002026781123225,en,thewire
bury,0.002025511073504,en,thewire
excellent,0.002025511073504,en,thewire
hire,0.002025511073504,en,thewire
comment,0.0020180967494257,en,thewire
republican,0.0020158910088368,en,thewire
throwin,0.0020158910088368,en,thewire
seniority,0.0020158910088368,en,thewire
scuse,0.002013818848127,en,thewire
license,0.0020123951641438,en,thewire
ignorant,0.0020096519804568,en,thewire
protection,0.0020036422549479,en,thewire
politic,0.0020027353151731,en,thewire
fund,0.0020014777568744,en,thewire
raggedy,0.0020002874032536,en,thewire
shotgun,0.0019983349956513,en,thewire
conviction,0.0019975677626319,en,thewire
freemont,0.0019931723472369,en,thewire
augie,0.0019931723472369,en,thewire
ecu,0.0019931723472369,en,thewire
wrap,0.0019919339508862,en,thewire
dig,0.0019916387920533,en,thewire
asset,0.0019857182183243,en,thewire
conclude,0.0019831470484759,en,thewire
theft,0.0019809653890426,en,thewire
fellow,0.0019798145963393,en,thewire
route,0.0019798145963393,en,thewire
cooperation,0.0019790161305908,en,thewire
leverage,0.0019790161305908,en,thewire
station,0.0019773637119506,en,thewire
neck,0.0019773637119506,en,thewire
fault,0.0019757660183251,en,thewire
fifth,0.0019705101960546,en,thewire
initiative,0.0019639709998266,en,thewire
legislature,0.0019625097778702,en,thewire
horseshit,0.0019625097778702,en,thewire
breakfast,0.0019601661402175,en,thewire
duck,0.0019541636358373,en,thewire
violence,0.0019541636358373,en,thewire
askin,0.0019514621048191,en,thewire
nut,0.0019478667010708,en,thewire
custom,0.0019468844336302,en,thewire
forever,0.0019459408005936,en,thewire
oscar,0.0019451172530124,en,thewire
developer,0.001943533203424,en,thewire
sous,0.0019426858108201,en,thewire
scratch,0.0019399294275208,en,thewire
south,0.0019399294275208,en,thewire
general,0.0019399294275208,en,thewire
cent,0.0019378398965845,en,thewire
bone,0.0019289508413114,en,thewire
seizure,0.0019250269895988,en,thewire
rotation,0.0019231770573751,en,thewire
quality,0.0019209226566827,en,thewire
brucie,0.0019201612135829,en,thewire
onliest,0.0019201612135829,en,thewire
leece,0.0019201612135829,en,thewire
kenard,0.0019201612135829,en,thewire
tracework,0.0019201612135829,en,thewire
dukie,0.0019201612135829,en,thewire
lavell,0.0019201612135829,en,thewire
broene,0.0019201612135829,en,thewire
talco,0.0019201612135829,en,thewire
deu,0.0019201612135829,en,thewire
kresson,0.0019201612135829,en,thewire
highlandtown,0.0019201612135829,en,thewire
bawlmer,0.0019201612135829,en,thewire
offender,0.0019182194383197,en,thewire
walkin,0.0019182194383197,en,thewire
degree,0.001916527374298,en,thewire
develop,0.001916527374298,en,thewire
beautiful,0.0019150373000512,en,thewire
draw,0.0019150373000512,en,thewire
feeling,0.0019150373000512,en,thewire
emergency,0.0019135444424531,en,thewire
rock,0.0019135444424531,en,thewire
kingpin,0.0019080624198787,en,thewire
lyle,0.0019080624198787,en,thewire
rupert,0.0019080624198787,en,thewire
deadline,0.0019075587042118,en,thewire
profit,0.001903561776954,en,thewire
benz,0.0019008511383965,en,thewire
welcome,0.0018997750176203,en,thewire
result,0.0018982691634726,en,thewire
nay,0.0018939069682861,en,thewire
rough,0.0018936472717897,en,thewire
shirt,0.0018936472717897,en,thewire
dredging,0.0018930459141267,en,thewire
vicap,0.0018930459141267,en,thewire
enforcement,0.001890385835945,en,thewire
playground,0.0018876773924961,en,thewire
responsibility,0.0018784925510418,en,thewire
precinct,0.0018761800402245,en,thewire
gold,0.0018745011447766,en,thewire
flex,0.0018736666937621,en,thewire
front,0.0018698153333499,en,thewire
hump,0.001869146169606,en,thewire
beeper,0.0018667854924399,en,thewire
bushy,0.0018667854924399,en,thewire
sterling,0.0018667095097442,en,thewire
development,0.0018652760639679,en,thewire
drunk,0.0018634701876236,en,thewire
agency,0.0018564554540454,en,thewire
ladder,0.0018553276224289,en,thewire
daily,0.0018495317226758,en,thewire
guard,0.0018485778895901,en,thewire
canal,0.0018466410556796,en,thewire
hidin,0.0018456956059082,en,thewire
dial,0.0018444823900466,en,thewire
parking,0.0018442986727884,en,thewire
journalism,0.0018423557963175,en,thewire
individual,0.0018410941087186,en,thewire
authority,0.0018406952929857,en,thewire
gas,0.0018406952929857,en,thewire
cuff,0.0018387241873174,en,thewire
bear,0.0018384358080492,en,thewire
pawn,0.0018382010068706,en,thewire
cook,0.0018338134240176,en,thewire
juror,0.0018281735054826,en,thewire
greenhouse,0.0018281735054826,en,thewire
rhonda,0.0018281735054826,en,thewire
terri,0.0018281735054826,en,thewire
field,0.001825939454979,en,thewire
stomp,0.0018248912111772,en,thewire
flier,0.0018241017702869,en,thewire
retirement,0.0018213319441844,en,thewire
forgive,0.0018191746149946,en,thewire
delay,0.0018185849382601,en,thewire
legal,0.0018146660929014,en,thewire
argument,0.0018145674854128,en,thewire
female,0.0018145674854128,en,thewire
oblige,0.0018142646490664,en,thewire
runt,0.0018124369633143,en,thewire
earn,0.0018113147817119,en,thewire
trade,0.0018113147817119,en,thewire
sprawl,0.0018112366615027,en,thewire
patrice,0.0018112366615027,en,thewire
pall,0.0018112366615027,en,thewire
monitor,0.0018108608276483,en,thewire
agreement,0.0018108608276483,en,thewire
disposable,0.0018021636047271,en,thewire
wheel,0.0018000568699634,en,thewire
staff,0.0018000568699634,en,thewire
side,0.0017998314512176,en,thewire
iet,0.0017958013577087,en,thewire
shithole,0.0017958013577087,en,thewire
counterterrorism,0.0017958013577087,en,thewire
subcommittee,0.001791903118966,en,thewire
seal,0.0017855822961565,en,thewire
fry,0.0017852391855015,en,thewire
submission,0.0017837916650665,en,thewire
central,0.0017812574526521,en,thewire
trail,0.0017812574526521,en,thewire
scrap,0.0017811122591024,en,thewire
shoulda,0.001780795326585,en,thewire
stir,0.0017766952479744,en,thewire
soda,0.0017766952479744,en,thewire
finance,0.0017721954091845,en,thewire
specific,0.0017712399120842,en,thewire
represent,0.0017712399120842,en,thewire
student,0.0017707879100644,en,thewire
effort,0.0017707879100644,en,thewire
teletype,0.0017685481421376,en,thewire
drac,0.0017685481421376,en,thewire
morale,0.0017668483667491,en,thewire
wise,0.001766683882809,en,thewire
vest,0.0017608581235934,en,thewire
admin,0.0017577064889412,en,thewire
quantico,0.0017577064889412,en,thewire
summer,0.0017570273251227,en,thewire
particular,0.0017570273251227,en,thewire
signal,0.0017564749264651,en,thewire
wind,0.001754082405582,en,thewire
academy,0.0017528432930321,en,thewire
mayoral,0.0017502514778469,en,thewire
legalize,0.0017502514778469,en,thewire
superintendent,0.0017502514778469,en,thewire
application,0.0017467799603049,en,thewire
lobby,0.0017456151620722,en,thewire
russian,0.0017456151620722,en,thewire
takin,0.0017438358530179,en,thewire
soft,0.0017429422070254,en,thewire
provide,0.0017429422070254,en,thewire
chrissake,0.0017420679239715,en,thewire
riggs,0.0017420679239715,en,thewire
green,0.0017400800665165,en,thewire
machine,0.0017400800665165,en,thewire
smoke,0.0017400800665165,en,thewire
sean,0.0017378425651622,en,thewire
examiner,0.0017299178867164,en,thewire
hack,0.0017297972137935,en,thewire
lean,0.0017297972137935,en,thewire
girlfriend,0.0017289822916341,en,thewire
gather,0.0017282534218109,en,thewire
wound,0.0017261958920584,en,thewire
dress,0.0017261958920584,en,thewire
readout,0.0017253592518848,en,thewire
titty,0.0017253592518848,en,thewire
faucet,0.0017253592518848,en,thewire
iooking,0.0017253592518848,en,thewire
background,0.0017238391111422,en,thewire
map,0.0017238391111422,en,thewire
bulk,0.0017198317035392,en,thewire
reform,0.0017198317035392,en,thewire
cutting,0.0017197123076579,en,thewire
veteran,0.0017197123076579,en,thewire
dry,0.0017151453726903,en,thewire
lately,0.0017151453726903,en,thewire
manage,0.0017124279045224,en,thewire
glass,0.0017124279045224,en,thewire
walker,0.0017021081998497,en,thewire
pencil,0.0016948011702368,en,thewire
brick,0.0016948011702368,en,thewire
peanut,0.0016865139496194,en,thewire
near,0.0016822485145611,en,thewire
redevelopment,0.0016821512381744,en,thewire
lafayette,0.0016821512381744,en,thewire
hyoid,0.0016821512381744,en,thewire
ballistic,0.0016815628288846,en,thewire
circuit,0.0016799430519716,en,thewire
crown,0.0016799430519716,en,thewire
quit,0.0016743513871465,en,thewire
roof,0.0016733593572597,en,thewire
quietly,0.0016721837627994,en,thewire
scope,0.001669698465662,en,thewire
medium,0.0016686511801419,en,thewire
traffic,0.0016686511801419,en,thewire
chairman,0.0016630759283108,en,thewire
pro,0.0016610390904617,en,thewire
document,0.0016610390904617,en,thewire
forfeiture,0.0016609769560308,en,thewire
metcalf,0.0016609769560308,en,thewire
renaldo,0.0016609769560308,en,thewire
dunlop,0.0016609769560308,en,thewire
surety,0.0016609769560308,en,thewire
stage,0.0016599449590718,en,thewire
perfect,0.001658479959646,en,thewire
inclined,0.0016582743366244,en,thewire
incense,0.0016564198926792,en,thewire
endorse,0.0016564198926792,en,thewire
fret,0.0016564198926792,en,thewire
incident,0.0016551827323483,en,thewire
complain,0.0016551827323483,en,thewire
dice,0.0016538899548808,en,thewire
regard,0.0016508044908688,en,thewire
datum,0.0016508044908688,en,thewire
height,0.0016472947288534,en,thewire
loyalty,0.0016472947288534,en,thewire
assault,0.0016472947288534,en,thewire
buddy,0.0016466498015562,en,thewire
creep,0.0016465051342994,en,thewire
transcript,0.0016465051342994,en,thewire
health,0.0016418407507203,en,thewire
argue,0.0016418407507203,en,thewire
defendant,0.0016383305497519,en,thewire
goof,0.0016336020154012,en,thewire
plainclothe,0.0016293009757684,en,thewire
byline,0.0016293009757684,en,thewire
sampson,0.0016293009757684,en,thewire
american,0.0016286228823478,en,thewire
headquarters,0.0016273036639328,en,thewire
designate,0.0016273036639328,en,thewire
analysis,0.0016245545133555,en,thewire
inner,0.0016224036946918,en,thewire
network,0.0016224036946918,en,thewire
depend,0.0016204088588032,en,thewire
brown,0.0016202438984221,en,thewire
strip,0.0016198483060958,en,thewire
northwest,0.00161890484235,en,thewire
reporting,0.00161890484235,en,thewire
charter,0.00161890484235,en,thewire
scar,0.00161651994512,en,thewire
mikey,0.0016115324015881,en,thewire
belong,0.0016074590344262,en,thewire
congratulation,0.0016074590344262,en,thewire
period,0.0016069313048827,en,thewire
ricardo,0.0015996518172973,en,thewire
dad,0.001595811014801,en,thewire
group,0.0015946203687109,en,thewire
bleed,0.0015946203687109,en,thewire
clue,0.0015937091190579,en,thewire
chest,0.0015896913893967,en,thewire
sex,0.0015896913893967,en,thewire
center,0.0015896913893967,en,thewire
whip,0.0015896299079218,en,thewire
hoop,0.0015865176387807,en,thewire
blocker,0.0015855925911702,en,thewire
prove,0.0015830945069349,en,thewire
posting,0.0015820248050642,en,thewire
discuss,0.0015818909695605,en,thewire
honest,0.0015818909695605,en,thewire
donor,0.0015784876849598,en,thewire
polk,0.0015775382617722,en,thewire
policing,0.0015775382617722,en,thewire
telephonic,0.0015775382617722,en,thewire
loan,0.0015764081568437,en,thewire
cocaine,0.0015764029486864,en,thewire
walter,0.0015711767998613,en,thewire
evacuate,0.0015711767998613,en,thewire
afraid,0.0015704801407968,en,thewire
parent,0.0015692689927804,en,thewire
sweat,0.0015680678516983,en,thewire
guarantee,0.0015680678516983,en,thewire
initial,0.0015679468485068,en,thewire
standin,0.0015679152290953,en,thewire
chasin,0.0015679152290953,en,thewire
maurice,0.0015679152290953,en,thewire
thieve,0.0015679152290953,en,thewire
false,0.0015678100315396,en,thewire
crack,0.0015643173114784,en,thewire
recognize,0.0015643173114784,en,thewire
calm,0.0015567526404749,en,thewire
shine,0.0015550326268384,en,thewire
subtle,0.0015543967199732,en,thewire
movie,0.0015517981943389,en,thewire
edge,0.0015517981943389,en,thewire
acknowledge,0.0015498914471721,en,thewire
marcus,0.001549359345243,en,thewire
racial,0.001549359345243,en,thewire
bounty,0.0015458861388129,en,thewire
allow,0.0015443401595102,en,thewire
treat,0.0015443401595102,en,thewire
favorite,0.00154290588854,en,thewire
disappoint,0.0015423823626009,en,thewire
advise,0.0015412764355632,en,thewire
loitering,0.0015392583066075,en,thewire
kimmy,0.0015392583066075,en,thewire
slaying,0.0015392583066075,en,thewire
watchin,0.0015379931778236,en,thewire
investigative,0.0015377047881924,en,thewire
niner,0.0015377047881924,en,thewire
firm,0.001537597523372,en,thewire
volunteer,0.001537597523372,en,thewire
mouzone,0.0015361289708663,en,thewire
caspia,0.0015361289708663,en,thewire
somerville,0.0015361289708663,en,thewire
preakness,0.0015361289708663,en,thewire
keeley,0.0015361289708663,en,thewire
dipasquale,0.0015361289708663,en,thewire
ripken,0.0015361289708663,en,thewire
bidness,0.0015361289708663,en,thewire
mainbar,0.0015361289708663,en,thewire
waggoner,0.0015361289708663,en,thewire
lookey,0.0015361289708663,en,thewire
stricker,0.0015361289708663,en,thewire
someshit,0.0015361289708663,en,thewire
bubbs,0.0015361289708663,en,thewire
gelcap,0.0015361289708663,en,thewire
broadus,0.0015361289708663,en,thewire
descript,0.0015361289708663,en,thewire
triando,0.0015361289708663,en,thewire
mosher,0.0015361289708663,en,thewire
hamsterdam,0.0015361289708663,en,thewire
legalization,0.0015361289708663,en,thewire
knocko,0.0015361289708663,en,thewire
dicksuck,0.0015361289708663,en,thewire
roiro,0.0015361289708663,en,thewire
steintorf,0.0015361289708663,en,thewire
llene,0.0015361289708663,en,thewire
qnd,0.0015361289708663,en,thewire
neke,0.0015361289708663,en,thewire
expectin,0.0015361289708663,en,thewire
devonne,0.0015361289708663,en,thewire
grafs,0.0015361289708663,en,thewire
trainor,0.0015361289708663,en,thewire
glekas,0.0015361289708663,en,thewire
businessman,0.0015359026879599,en,thewire
limit,0.0015298567335349,en,thewire
fruit,0.0015283078341402,en,thewire
drawer,0.0015283078341402,en,thewire
furniture,0.0015274132668132,en,thewire
series,0.001524935433809,en,thewire
gut,0.0015182056389293,en,thewire
paint,0.0015182056389293,en,thewire
minority,0.0015151255746289,en,thewire
necessary,0.0015148893502754,en,thewire
receive,0.0015148893502754,en,thewire
sad,0.0015148893502754,en,thewire
personally,0.0015148893502754,en,thewire
equipment,0.0015124059340072,en,thewire
violent,0.0015124059340072,en,thewire
courtroom,0.0015118872075553,en,thewire
mike,0.0015118872075553,en,thewire
deacon,0.0015096893453992,en,thewire
proffer,0.0015093638845856,en,thewire
lrish,0.0015093638845856,en,thewire
southwestern,0.0015093638845856,en,thewire
legislator,0.0015093638845856,en,thewire
punch,0.0015060234215337,en,thewire
vulnerable,0.0015028119291742,en,thewire
baseball,0.0015012372344081,en,thewire
polling,0.0015002155524402,en,thewire
patterson,0.0015002155524402,en,thewire
chassis,0.0015002155524402,en,thewire
charity,0.0015000062759176,en,thewire
overall,0.0014979977015158,en,thewire
official,0.0014939504631646,en,thewire
nature,0.0014939504631646,en,thewire
attaboy,0.0014933676077954,en,thewire
spin,0.0014930036874953,en,thewire
action,0.0014908055431414,en,thewire
fit,0.0014908055431414,en,thewire
trick,0.0014908055431414,en,thewire
approve,0.0014877337960497,en,thewire
slide,0.0014877337960497,en,thewire
stem,0.0014831750941041,en,thewire
dea,0.0014828376453353,en,thewire
mix,0.0014819848214006,en,thewire
safety,0.0014819848214006,en,thewire
confirm,0.0014819848214006,en,thewire
sixth,0.0014818775679764,en,thewire
jacket,0.0014809529710484,en,thewire
rent,0.0014809529710484,en,thewire
exchange,0.0014809529710484,en,thewire
indicate,0.001475699705917,en,thewire
aluminum,0.0014744974947767,en,thewire
deed,0.0014688276808719,en,thewire
congregate,0.0014642997002068,en,thewire
edit,0.0014636222238587,en,thewire
grandmother,0.0014631607924495,en,thewire
cup,0.0014583679729228,en,thewire
trap,0.0014583679729228,en,thewire
professional,0.0014571888947322,en,thewire
wide,0.0014571888947322,en,thewire
scared,0.0014554283480389,en,thewire
choose,0.0014554283480389,en,thewire
gary,0.001454307835549,en,thewire
lyin,0.0014517232699763,en,thewire
whodunit,0.0014517232699763,en,thewire
preston,0.0014517232699763,en,thewire
justice,0.0014516539883302,en,thewire
plenty,0.0014467131309835,en,thewire
purpose,0.0014467131309835,en,thewire
kitchen,0.0014467131309835,en,thewire
pool,0.0014454713826029,en,thewire
value,0.0014454713826029,en,thewire
sloppy,0.0014437702421991,en,thewire
shipment,0.0014402453998728,en,thewire
vic,0.0014399738804088,en,thewire
bro,0.0014385246731923,en,thewire
pound,0.001433860881211,en,thewire
enterprise,0.0014330935897149,en,thewire
probe,0.0014330935897149,en,thewire
tout,0.0014329433971358,en,thewire
endorsement,0.0014324732458561,en,thewire
present,0.0014323236015125,en,thewire
alive,0.0014323236015125,en,thewire
undecided,0.001431046814909,en,thewire
anthony,0.001431046814909,en,thewire
pawnshop,0.001431046814909,en,thewire
cryin,0.001431046814909,en,thewire
dominic,0.001431046814909,en,thewire
decent,0.0014281913484012,en,thewire
coat,0.0014281913484012,en,thewire
opportunity,0.0014237018726044,en,thewire
focus,0.0014237018726044,en,thewire
smile,0.0014237018726044,en,thewire
wireless,0.0014233541985384,en,thewire
wing,0.0014166303280515,en,thewire
stet,0.0014148385137101,en,thewire
pythia,0.0014148385137101,en,thewire
mahone,0.0014148385137101,en,thewire
treena,0.0014148385137101,en,thewire
hagerstown,0.0014148385137101,en,thewire
newport,0.0014148385137101,en,thewire
semiauto,0.0014148385137101,en,thewire
graf,0.0014148385137101,en,thewire
beefin,0.0014148385137101,en,thewire
junkman,0.0014148385137101,en,thewire
hilltop,0.0014148385137101,en,thewire
coach,0.00141445495198,en,thewire
shameful,0.0014134786933993,en,thewire
relax,0.0014123420935023,en,thewire
beg,0.0014123420935023,en,thewire
laugh,0.0014123420935023,en,thewire
non,0.0014062558836727,en,thewire
pump,0.0014062558836727,en,thewire
grandma,0.0014060832020662,en,thewire
starter,0.0014060832020662,en,thewire
tab,0.0014060832020662,en,thewire
cake,0.0014051799411721,en,thewire
net,0.0014051799411721,en,thewire
sponsor,0.0014050267915994,en,thewire
foster,0.0014050267915994,en,thewire
steady,0.0014026244672293,en,thewire
soup,0.0014026244672293,en,thewire
goddamnit,0.0014017926984787,en,thewire
tough,0.0014010773764274,en,thewire
pain,0.0014010773764274,en,thewire
fletcher,0.0014000891193299,en,thewire
warm,0.0013996523313228,en,thewire
prison,0.0013996523313228,en,thewire
congressman,0.0013950686824143,en,thewire
uniform,0.0013947504337966,en,thewire
understanding,0.0013947504337966,en,thewire
require,0.0013938380903985,en,thewire
claw,0.0013924752971619,en,thewire
grader,0.0013895173216032,en,thewire
fake,0.0013884510159874,en,thewire
blind,0.0013884510159874,en,thewire
robbin,0.001387393517274,en,thewire
bailey,0.001387393517274,en,thewire
pant,0.0013826027374487,en,thewire
respond,0.0013826027374487,en,thewire
knee,0.0013826027374487,en,thewire
heavy,0.0013773475299827,en,thewire
bottle,0.0013773475299827,en,thewire
afford,0.0013773475299827,en,thewire
stoop,0.0013772083068827,en,thewire
kiddo,0.0013772083068827,en,thewire
secondary,0.0013755384531819,en,thewire
counselor,0.0013733278368094,en,thewire
shovel,0.0013733278368094,en,thewire
working,0.0013733278368094,en,thewire
spring,0.0013720876119162,en,thewire
chip,0.0013714719009244,en,thewire
strangulation,0.0013711301291119,en,thewire
possession,0.0013679145450861,en,thewire
violation,0.0013678869858243,en,thewire
mad,0.0013663401792622,en,thewire
dance,0.0013663401792622,en,thewire
benny,0.0013660234733734,en,thewire
manufacture,0.0013618160922871,en,thewire
testimony,0.0013618160922871,en,thewire
caliber,0.0013606984867998,en,thewire
tow,0.0013605735897812,en,thewire
pearson,0.0013577508131403,en,thewire
catchin,0.0013577508131403,en,thewire
castor,0.0013577508131403,en,thewire
kilogram,0.0013577508131403,en,thewire
substantive,0.0013577508131403,en,thewire
slam,0.0013565956590558,en,thewire
fence,0.0013565956590558,en,thewire
purchase,0.0013558409361894,en,thewire
motor,0.0013558409361894,en,thewire
pressure,0.0013554273134043,en,thewire
nose,0.0013554273134043,en,thewire
travel,0.0013554273134043,en,thewire
cheat,0.0013498735884132,en,thewire
leader,0.0013495161234927,en,thewire
bomb,0.0013495161234927,en,thewire
request,0.0013495161234927,en,thewire
humble,0.0013480140717051,en,thewire
junk,0.0013471438239768,en,thewire
uptown,0.0013454916896683,en,thewire
pertinent,0.0013454916896683,en,thewire
surprised,0.0013446073241264,en,thewire
tater,0.0013439273392245,en,thewire
steppin,0.0013439273392245,en,thewire
squeeze,0.0013389293891261,en,thewire
brass,0.0013351044068614,en,thewire
pitch,0.0013343185045829,en,thewire
telephone,0.0013322233304342,en,thewire
fraud,0.0013322233304342,en,thewire
domestic,0.0013322233304342,en,thewire
housecat,0.0013287815648246,en,thewire
lnc,0.0013287815648246,en,thewire
attribution,0.0013287815648246,en,thewire
yos,0.0013287815648246,en,thewire
worryin,0.0013287815648246,en,thewire
prez,0.0013287815648246,en,thewire
fletch,0.0013287815648246,en,thewire
mta,0.0013287815648246,en,thewire
bunky,0.0013287815648246,en,thewire
statuesque,0.0013287815648246,en,thewire
garvey,0.0013287815648246,en,thewire
brand,0.0013280909325483,en,thewire
view,0.0013279559672575,en,thewire
liar,0.0013279559672575,en,thewire
tale,0.0013245334562548,en,thewire
include,0.0013232397444036,en,thewire
marry,0.0013232397444036,en,thewire
fail,0.0013232397444036,en,thewire
civilian,0.0013206435926951,en,thewire
shelf,0.0013206435926951,en,thewire
skinny,0.0013206435926951,en,thewire
scrip,0.0013183540042202,en,thewire
droppin,0.0013183540042202,en,thewire
fallujah,0.0013182798667059,en,thewire
floater,0.0013182798667059,en,thewire
backdoor,0.0013182798667059,en,thewire
policy,0.0013173561948488,en,thewire
commit,0.001317319841245,en,thewire
age,0.0013126891355837,en,thewire
measure,0.0013125054914279,en,thewire
silver,0.0013125054914279,en,thewire
digital,0.0013114466091456,en,thewire
payback,0.0013114466091456,en,thewire
debrief,0.0013106644398015,en,thewire
edition,0.0013093139998844,en,thewire
info,0.0013092113715542,en,thewire
damage,0.0013067774268117,en,thewire
load,0.0013067774268117,en,thewire
def,0.0013066966568209,en,thewire
truce,0.0013033819238717,en,thewire
visit,0.0013022253640348,en,thewire
darling,0.0013017670715434,en,thewire
pepper,0.0012996099667353,en,thewire
gig,0.0012979229557534,en,thewire
drama,0.0012979229557534,en,thewire
southern,0.0012967448353416,en,thewire
stone,0.0012961900663581,en,thewire
replace,0.0012961900663581,en,thewire
chicken,0.0012961900663581,en,thewire
nonetheless,0.00129512387388,en,thewire
rodney,0.0012940194389136,en,thewire
pissy,0.0012940194389136,en,thewire
commitment,0.0012915743001865,en,thewire
fierce,0.0012897842307434,en,thewire
courtyard,0.001288326583195,en,thewire
discount,0.0012879412256328,en,thewire
subtitle,0.0012879412256328,en,thewire
promote,0.0012867747723498,en,thewire
government,0.0012857549071167,en,thewire
writ,0.0012827152555062,en,thewire
insubordinate,0.0012827152555062,en,thewire
berth,0.0012827152555062,en,thewire
pile,0.0012808316274355,en,thewire
react,0.0012806151044551,en,thewire
whatnot,0.0012799767825856,en,thewire
detailed,0.0012764558166416,en,thewire
copper,0.0012764558166416,en,thewire
stray,0.001276435689065,en,thewire
bathroom,0.0012754159258261,en,thewire
contraband,0.0012710036960017,en,thewire
bangin,0.0012710036960017,en,thewire
mutt,0.001270579345312,en,thewire
russell,0.001270579345312,en,thewire
reduction,0.001270579345312,en,thewire
announce,0.0012702063632942,en,thewire
funeral,0.0012701972397889,en,thewire
depot,0.0012652037320342,en,thewire
rain,0.0012651713657744,en,thewire
direct,0.0012651713657744,en,thewire
chew,0.0012648854622145,en,thewire
cantrell,0.0012620306094178,en,thewire
forma,0.0012620306094178,en,thewire
dunker,0.0012620306094178,en,thewire
verizon,0.0012620306094178,en,thewire
passin,0.0012620306094178,en,thewire
dunbar,0.0012620306094178,en,thewire
porkchop,0.0012620306094178,en,thewire
petechia,0.0012620306094178,en,thewire
plea,0.0012602572239633,en,thewire
retire,0.0012596959691232,en,thewire
honey,0.0012554151942243,en,thewire
clearly,0.0012554151942243,en,thewire
mid,0.0012541378220995,en,thewire
employ,0.0012538964036723,en,thewire
maintenance,0.0012538964036723,en,thewire
trafficking,0.0012534140901241,en,thewire
array,0.0012534140901241,en,thewire
waitin,0.0012534140901241,en,thewire
trooper,0.001250786693483,en,thewire
conway,0.0012501796270335,en,thewire
tiff,0.0012501796270335,en,thewire
fbl,0.0012501796270335,en,thewire
tour,0.0012496674298511,en,thewire
pipe,0.0012492979877397,en,thewire
messin,0.0012491111291747,en,thewire
amount,0.0012484798516449,en,thewire
skill,0.0012449587193039,en,thewire
mail,0.0012449587193039,en,thewire
reduce,0.0012435173759786,en,thewire
university,0.001242854191507,en,thewire
rig,0.001242854191507,en,thewire
cooperate,0.001242854191507,en,thewire
bay,0.001242854191507,en,thewire
twist,0.0012390100399698,en,thewire
pigeon,0.0012379846078637,en,thewire
coop,0.0012367938567244,en,thewire
civic,0.0012367938567244,en,thewire
northeast,0.0012367089110503,en,thewire
secret,0.0012354721276082,en,thewire
decision,0.0012354721276082,en,thewire
model,0.0012295324485256,en,thewire
float,0.0012288298213808,en,thewire
glock,0.001228237197545,en,thewire
fore,0.001228237197545,en,thewire
graph,0.001228237197545,en,thewire
jurisdiction,0.0012256344830584,en,thewire
force,0.0012256238720328,en,thewire
mortgage,0.0012254673379137,en,thewire
headline,0.0012254673379137,en,thewire
bastard,0.0012251038376359,en,thewire
ignore,0.0012251038376359,en,thewire
whiff,0.0012206850971125,en,thewire
shawn,0.0012202497501723,en,thewire
shakedown,0.0012202497501723,en,thewire
brokeback,0.0012202497501723,en,thewire
defense,0.0012196083290987,en,thewire
customer,0.001218755099183,en,thewire
spit,0.001218755099183,en,thewire
glove,0.001218755099183,en,thewire
hill,0.001218755099183,en,thewire
absolutely,0.001215856011277,en,thewire
coordinate,0.0012142212961229,en,thewire
senior,0.00121238995884,en,thewire
perp,0.0012095097660442,en,thewire
gate,0.0012087837092903,en,thewire
flush,0.0012087837092903,en,thewire
cheryl,0.0012082913088762,en,thewire
trout,0.0012082913088762,en,thewire
firefighter,0.0012082913088762,en,thewire
locust,0.0012082913088762,en,thewire
tumescent,0.0012074911076684,en,thewire
backroom,0.0012074911076684,en,thewire
poplar,0.0012074911076684,en,thewire
common,0.0012055942758196,en,thewire
aide,0.0012050572685223,en,thewire
consent,0.0012031418684992,en,thewire
chemical,0.0012022495433394,en,thewire
slot,0.0012015939661753,en,thewire
broad,0.0012001104239247,en,thewire
attempt,0.0012000379133089,en,thewire
tooth,0.0012000379133089,en,thewire
hotel,0.0012000379133089,en,thewire
log,0.0011989135535303,en,thewire
pen,0.0011989135535303,en,thewire
solid,0.0011989135535303,en,thewire
opinion,0.0011959652765332,en,thewire
lien,0.0011925390124242,en,thewire
rework,0.0011925390124242,en,thewire
nine,0.0011925390124242,en,thewire
phat,0.0011925390124242,en,thewire
actin,0.0011925390124242,en,thewire
courtside,0.0011925390124242,en,thewire
global,0.0011922241901323,en,thewire
assure,0.0011903881974376,en,thewire
tool,0.0011903881974376,en,thewire
objection,0.0011898882290855,en,thewire
appliance,0.001189882484859,en,thewire
enrol,0.001189882484859,en,thewire
problematic,0.0011891944433777,en,thewire
calvin,0.0011891944433777,en,thewire
congressional,0.0011891944433777,en,thewire
fiasco,0.0011891944433777,en,thewire
deployment,0.0011891944433777,en,thewire
offense,0.001189142596994,en,thewire
upset,0.0011864182271704,en,thewire
prime,0.0011823061176327,en,thewire
positive,0.0011808266080561,en,thewire
plain,0.0011795435413206,en,thewire
steak,0.0011795435413206,en,thewire
conversation,0.0011769517445853,en,thewire
burglary,0.0011751352172506,en,thewire
video,0.0011713515500818,en,thewire
effect,0.0011713515500818,en,thewire
immunity,0.0011708977790869,en,thewire
limp,0.0011708977790869,en,thewire
unmarked,0.0011708772628914,en,thewire
vigil,0.0011708772628914,en,thewire
troop,0.0011708556596662,en,thewire
lack,0.0011698904432914,en,thewire
event,0.0011675644803561,en,thewire
caper,0.0011667409327749,en,thewire
metal,0.0011627962791907,en,thewire
expense,0.0011627962791907,en,thewire
junior,0.0011627962791907,en,thewire
subject,0.0011619614713503,en,thewire
crowd,0.0011619614713503,en,thewire
nearly,0.0011619614713503,en,thewire
roni,0.001161378615981,en,thewire
faggy,0.001161378615981,en,thewire
stryker,0.001161378615981,en,thewire
sodomize,0.001161378615981,en,thewire
chesapeake,0.001161378615981,en,thewire
chump,0.0011607920356371,en,thewire
known,0.0011607920356371,en,thewire
pavement,0.0011607920356371,en,thewire
sentence,0.001160405470576,en,thewire
response,0.001160405470576,en,thewire
sticker,0.0011585617101081,en,thewire
interested,0.0011582551196327,en,thewire
rep,0.0011559450916122,en,thewire
latent,0.0011532785911443,en,thewire
gang,0.001153198142529,en,thewire
plant,0.0011526548610894,en,thewire
deliver,0.0011526548610894,en,thewire
ziggy,0.0011520967281497,en,thewire
msa,0.0011520967281497,en,thewire
quenice,0.0011520967281497,en,thewire
pennsie,0.0011520967281497,en,thewire
montford,0.0011520967281497,en,thewire
secour,0.0011520967281497,en,thewire
triggerfish,0.0011520967281497,en,thewire
santy,0.0011520967281497,en,thewire
armistead,0.0011520967281497,en,thewire
volodymyr,0.0011520967281497,en,thewire
misdelivery,0.0011520967281497,en,thewire
geri,0.0011520967281497,en,thewire
spiros,0.0011520967281497,en,thewire
hoodlehead,0.0011520967281497,en,thewire
deez,0.0011520967281497,en,thewire
permanganate,0.0011520967281497,en,thewire
affiant,0.0011520967281497,en,thewire
erv,0.0011520967281497,en,thewire
plexi,0.0011520967281497,en,thewire
backlot,0.0011520967281497,en,thewire
snatchin,0.0011520967281497,en,thewire
scroggin,0.0011520967281497,en,thewire
dob,0.0011520967281497,en,thewire
sheee,0.0011520967281497,en,thewire
beno,0.0011520967281497,en,thewire
thumpin,0.0011520967281497,en,thewire
qrt,0.0011520967281497,en,thewire
kopper,0.0011520967281497,en,thewire
dayshift,0.0011520967281497,en,thewire
witnessin,0.0011520967281497,en,thewire
keiffer,0.0011520967281497,en,thewire
tuckie,0.0011520967281497,en,thewire
soller,0.0011520967281497,en,thewire
douglass,0.0011520967281497,en,thewire
monnel,0.0011520967281497,en,thewire
pot,0.0011510121415418,en,thewire
section,0.0011510121415418,en,thewire
nickname,0.001150080776928,en,thewire
auto,0.001150080776928,en,thewire
payment,0.0011496263369246,en,thewire
behalf,0.0011496263369246,en,thewire
reasonable,0.0011496263369246,en,thewire
accord,0.0011490223800307,en,thewire
fear,0.0011490223800307,en,thewire
patio,0.0011468313848263,en,thewire
launder,0.0011468313848263,en,thewire
fundraiser,0.0011468313848263,en,thewire
movin,0.0011468313848263,en,thewire
chalk,0.0011464748717719,en,thewire
column,0.0011450007379944,en,thewire
sweep,0.0011437015753568,en,thewire
vacation,0.0011437015753568,en,thewire
signature,0.0011437015753568,en,thewire
badge,0.0011437015753568,en,thewire
ice,0.0011434302484602,en,thewire
angry,0.0011434302484602,en,thewire
switch,0.0011434302484602,en,thewire
circle,0.0011434302484602,en,thewire
chunky,0.0011426084409266,en,thewire
ridin,0.0011426084409266,en,thewire
fort,0.0011399058215203,en,thewire
approval,0.0011399058215203,en,thewire
receipt,0.0011399058215203,en,thewire
grid,0.0011399058215203,en,thewire
charlie,0.0011398909279803,en,thewire
wreck,0.0011398909279803,en,thewire
murphy,0.0011363441809716,en,thewire
approach,0.0011342862011622,en,thewire
realize,0.0011342862011622,en,thewire
barely,0.0011342862011622,en,thewire
direction,0.0011342862011622,en,thewire
expose,0.0011324934484488,en,thewire
language,0.0011324934484488,en,thewire
affect,0.0011324934484488,en,thewire
noise,0.0011324934484488,en,thewire
sale,0.0011324934484488,en,thewire
feed,0.0011307817906677,en,thewire
winter,0.0011302693860796,en,thewire
backup,0.0011250047069382,en,thewire
medic,0.001123009976109,en,thewire
fremont,0.0011214341587829,en,thewire
braindead,0.0011214341587829,en,thewire
musta,0.0011214341587829,en,thewire
carlyle,0.0011214341587829,en,thewire
argyle,0.0011214341587829,en,thewire
behest,0.0011214341587829,en,thewire
nave,0.0011214341587829,en,thewire
shell,0.0011207590783695,en,thewire
deposit,0.0011207590783695,en,thewire
lake,0.0011207590783695,en,thewire
sarge,0.0011200257058465,en,thewire
copycat,0.0011200257058465,en,thewire
feature,0.0011199620346477,en,thewire
gene,0.0011199620346477,en,thewire
showin,0.0011199394493537,en,thewire
dickhead,0.0011199394493537,en,thewire
killin,0.0011199394493537,en,thewire
basketball,0.0011131965734573,en,thewire
addition,0.0011131965734573,en,thewire
balloon,0.0011131965734573,en,thewire
pistol,0.0011116138572826,en,thewire
assessment,0.0011116138572826,en,thewire
village,0.00111135746227,en,thewire
breathe,0.0011073236786923,en,thewire
corruption,0.0011070532655299,en,thewire
rub,0.001106689434028,en,thewire
advance,0.001106689434028,en,thewire
confuse,0.0011053604690492,en,thewire
caroline,0.0011042799284528,en,thewire
manner,0.0011020620813944,en,thewire
hunting,0.0011005363272459,en,thewire
vice,0.0011005363272459,en,thewire
con,0.0011005363272459,en,thewire
probation,0.0011004307625455,en,thewire
funding,0.0011004307625455,en,thewire
rookie,0.0011004307625455,en,thewire
vacancy,0.0010985665555882,en,thewire
rook,0.0010985665555882,en,thewire
cass,0.0010985665555882,en,thewire
future,0.0010984882949462,en,thewire
lift,0.0010984882949462,en,thewire
trip,0.0010984882949462,en,thewire
weird,0.0010984882949462,en,thewire
hurry,0.0010984882949462,en,thewire
yard,0.0010976700895329,en,thewire
warning,0.0010976700895329,en,thewire
garage,0.0010976700895329,en,thewire
evil,0.0010964818503378,en,thewire
separate,0.0010964818503378,en,thewire
comfortable,0.0010964818503378,en,thewire
snot,0.0010944383567976,en,thewire
tire,0.0010928705616963,en,thewire
mount,0.0010927991665106,en,thewire
justify,0.0010910094762951,en,thewire
invoke,0.0010890680102674,en,thewire
brutality,0.0010890680102674,en,thewire
asse,0.0010890680102674,en,thewire
directly,0.0010887404912477,en,thewire
size,0.0010876835822188,en,thewire
youse,0.0010862006505123,en,thewire
gump,0.0010862006505123,en,thewire
stairmaster,0.0010862006505123,en,thewire
spiderman,0.0010862006505123,en,thewire
sentinel,0.0010862006505123,en,thewire
tweety,0.0010862006505123,en,thewire
fitz,0.0010862006505123,en,thewire
ieave,0.0010862006505123,en,thewire
bruise,0.00108378060783,en,thewire
gear,0.00108378060783,en,thewire
rental,0.0010828276816493,en,thewire
jane,0.0010828276816493,en,thewire
nonsense,0.0010816024631279,en,thewire
pleasure,0.0010810381116572,en,thewire
wave,0.0010789642233967,en,thewire
percentage,0.001078672795712,en,thewire
cautious,0.001078672795712,en,thewire
mattress,0.001078672795712,en,thewire
traction,0.001078349532428,en,thewire
cornerstone,0.001078349532428,en,thewire
holdin,0.001078349532428,en,thewire
perjury,0.001078349532428,en,thewire
slap,0.0010747899997105,en,thewire
upside,0.0010747899997105,en,thewire
exhaustion,0.0010743549343921,en,thewire
meadow,0.0010743549343921,en,thewire
intake,0.0010743549343921,en,thewire
manny,0.0010743549343921,en,thewire
sup,0.0010743549343921,en,thewire
ordinarily,0.0010743549343921,en,thewire
handgun,0.0010743549343921,en,thewire
pre,0.0010723123102915,en,thewire
hood,0.0010723123102915,en,thewire
simply,0.0010711435113009,en,thewire
worker,0.0010711435113009,en,thewire
evening,0.0010703223710115,en,thewire
part,0.0010703223710115,en,thewire
soul,0.0010703223710115,en,thewire
wheelchair,0.0010680835254891,en,thewire
shove,0.0010658965892581,en,thewire
dream,0.0010638740098673,en,thewire
trailer,0.0010633172455107,en,thewire
corporate,0.0010631361499385,en,thewire
pal,0.0010624727460386,en,thewire
band,0.0010624727460386,en,thewire
thinking,0.0010617566592845,en,thewire
shoulder,0.0010617566592845,en,thewire
avis,0.0010611288852826,en,thewire
shotty,0.0010611288852826,en,thewire
payson,0.0010611288852826,en,thewire
triflin,0.0010611288852826,en,thewire
rasheed,0.0010611288852826,en,thewire
amity,0.0010611288852826,en,thewire
moolie,0.0010611288852826,en,thewire
waylon,0.0010611288852826,en,thewire
wardell,0.0010611288852826,en,thewire
willin,0.0010611288852826,en,thewire
scrapple,0.0010611288852826,en,thewire
deshawn,0.0010611288852826,en,thewire
carrollton,0.0010611288852826,en,thewire
microfilm,0.0010611288852826,en,thewire
bpd,0.0010611288852826,en,thewire
coate,0.0010611288852826,en,thewire
dazz,0.0010611288852826,en,thewire
taxpayer,0.0010601090200494,en,thewire
scott,0.0010601090200494,en,thewire
monitoring,0.0010601090200494,en,thewire
methane,0.0010591697466681,en,thewire
brothel,0.0010591697466681,en,thewire
moe,0.0010591697466681,en,thewire
viable,0.0010583210452887,en,thewire
temp,0.0010576784258538,en,thewire
ease,0.0010570982973182,en,thewire
assume,0.0010553963379566,en,thewire
registered,0.0010546832033761,en,thewire
throwback,0.0010546832033761,en,thewire
speakin,0.0010546832033761,en,thewire
settin,0.0010546832033761,en,thewire
carroll,0.0010546832033761,en,thewire
norman,0.0010546832033761,en,thewire
quorum,0.0010546832033761,en,thewire
expressway,0.0010546832033761,en,thewire
atta,0.0010546832033761,en,thewire
convict,0.0010537700936995,en,thewire
thread,0.0010537700936995,en,thewire
debate,0.0010537700936995,en,thewire
shore,0.0010537700936995,en,thewire
fan,0.001053265758222,en,thewire
increase,0.0010483931107437,en,thewire
film,0.0010483931107437,en,thewire
whatsoever,0.0010474511999075,en,thewire
registration,0.0010474511999075,en,thewire
sailor,0.0010474511999075,en,thewire
revenue,0.0010463015118107,en,thewire
doze,0.0010463015118107,en,thewire
behavioral,0.0010463015118107,en,thewire
hype,0.0010463015118107,en,thewire
thousand,0.0010453785677989,en,thewire
sport,0.0010453785677989,en,thewire
owner,0.0010453785677989,en,thewire
aim,0.0010451148517496,en,thewire
sight,0.001044848372377,en,thewire
ruin,0.001044848372377,en,thewire
peace,0.001044848372377,en,thewire
tank,0.0010397790796299,en,thewire
crank,0.0010373958682733,en,thewire
aspect,0.0010373958682733,en,thewire
wash,0.0010369520530865,en,thewire
fully,0.0010369520530865,en,thewire
stare,0.0010369520530865,en,thewire
seek,0.0010369520530865,en,thewire
hassle,0.0010355568770481,en,thewire
recorder,0.0010355568770481,en,thewire
sitter,0.0010355568770481,en,thewire
hound,0.0010355568770481,en,thewire
scent,0.0010350726992352,en,thewire
ounce,0.0010350726992352,en,thewire
polish,0.0010350726992352,en,thewire
useless,0.0010312543146933,en,thewire
specifically,0.0010312543146933,en,thewire
climb,0.0010312543146933,en,thewire
benefit,0.0010286039256933,en,thewire
deny,0.0010286039256933,en,thewire
deck,0.0010275176237088,en,thewire
loyal,0.0010275176237088,en,thewire
notepad,0.001026172204405,en,thewire
southbound,0.001026172204405,en,thewire
tellin,0.001026172204405,en,thewire
eastbound,0.001026172204405,en,thewire
usin,0.001026172204405,en,thewire
hurtin,0.001026172204405,en,thewire
subscriber,0.001026172204405,en,thewire
billy,0.0010259152393682,en,thewire
related,0.001024535556701,en,thewire
steroid,0.001024535556701,en,thewire
hoodie,0.0010235309979541,en,thewire
anytime,0.0010228169847841,en,thewire
standard,0.0010203327406608,en,thewire
toy,0.0010203327406608,en,thewire
star,0.0010200248453072,en,thewire
boxing,0.0010198992727363,en,thewire
lane,0.0010188718894268,en,thewire
lazy,0.001016880702142,en,thewire
mall,0.001016880702142,en,thewire
basic,0.0010144653145256,en,thewire
dumb,0.0010144653145256,en,thewire
tighten,0.0010137414963446,en,thewire
grocery,0.0010079658311829,en,thewire
database,0.0010079658311829,en,thewire
passenger,0.0010079658311829,en,thewire
loading,0.0010072587576434,en,thewire
vincent,0.0010072587576434,en,thewire
elevated,0.0010069094240635,en,thewire
curriculum,0.0010069094240635,en,thewire
payout,0.0010069094240635,en,thewire
sle,0.0010069094240635,en,thewire
biter,0.0010069094240635,en,thewire
speed,0.0010040156143558,en,thewire
freeze,0.0010040156143558,en,thewire
cute,0.0010040156143558,en,thewire
harm,0.0010040156143558,en,thewire
apart,0.0010038211036816,en,thewire
worried,0.0010038211036816,en,thewire
korean,0.0010031655128004,en,thewire
blonde,0.0010018746194495,en,thewire
financial,0.0010018746194495,en,thewire
television,0.0010018746194495,en,thewire
profanity,0.0010001437016268,en,thewire
gangsta,0.0010001437016268,en,thewire
insurrection,0.0010001437016268,en,thewire
dominican,0.0010001437016268,en,thewire
nadine,0.0010001437016268,en,thewire
hind,0.0010001437016268,en,thewire
adult,0.000998012116977,en,thewire
attend,0.000998012116977,en,thewire
ibs,0.0009965861736184,en,thewire
mighta,0.0009965861736184,en,thewire
goodly,0.0009965861736184,en,thewire
carryin,0.0009965861736184,en,thewire
unmonitored,0.0009965861736184,en,thewire
bullwinkle,0.0009965861736184,en,thewire
thereabout,0.0009965861736184,en,thewire
chargin,0.0009965861736184,en,thewire
ott,0.0009965861736184,en,thewire
carryout,0.0009965861736184,en,thewire
overage,0.0009965861736184,en,thewire
bennie,0.0009965861736184,en,thewire
dogshit,0.0009965861736184,en,thewire
thick,0.0009935186924511,en,thewire
ripe,0.000992798968499,en,thewire
separation,0.000992798968499,en,thewire
dome,0.0009909953694814,en,thewire
damien,0.0009909953694814,en,thewire
dang,0.0009909953694814,en,thewire
livin,0.0009909953694814,en,thewire
jerk,0.0009899072981696,en,thewire
someplace,0.0009899072981696,en,thewire
sample,0.0009899072981696,en,thewire
ability,0.0009899072981696,en,thewire
paycheck,0.0009895080652954,en,thewire
guilty,0.0009879898809337,en,thewire
practice,0.0009879898809337,en,thewire
brain,0.0009878830091625,en,thewire
counter,0.0009852550980273,en,thewire
entry,0.0009852550980273,en,thewire
motive,0.0009852550980273,en,thewire
prostitution,0.0009829983298511,en,thewire
newly,0.0009826337290954,en,thewire
minimum,0.0009819085286656,en,thewire
accurate,0.0009819085286656,en,thewire
proper,0.0009818815520258,en,thewire
insurance,0.0009818815520258,en,thewire
sword,0.000980373870331,en,thewire
animal,0.0009800830701087,en,thewire
odd,0.0009800830701087,en,thewire
join,0.0009800108852454,en,thewire
director,0.0009770818179186,en,thewire
pooh,0.0009761998001378,en,thewire
petulant,0.0009761998001378,en,thewire
gunner,0.0009761998001378,en,thewire
patrolman,0.0009761998001378,en,thewire
colombian,0.0009757310524095,en,thewire
prosthetic,0.0009757310524095,en,thewire
grave,0.0009739333505354,en,thewire
grind,0.0009734422168151,en,thewire
poke,0.0009734422168151,en,thewire
identification,0.0009726621251222,en,thewire
aware,0.0009722453152819,en,thewire
threaten,0.0009722453152819,en,thewire
awhile,0.0009713770368983,en,thewire
contribute,0.0009713770368983,en,thewire
invasion,0.0009713770368983,en,thewire
appointment,0.0009660612095558,en,thewire
golden,0.0009650810792623,en,thewire
remain,0.0009644754206557,en,thewire
wonderful,0.0009644754206557,en,thewire
enter,0.0009644754206557,en,thewire
supplier,0.0009628769172273,en,thewire
hon,0.0009625134947994,en,thewire
cyanide,0.0009610654926202,en,thewire
tier,0.0009610654926202,en,thewire
paranoid,0.0009609984521075,en,thewire
dust,0.0009609984521075,en,thewire
blast,0.0009609984521075,en,thewire
breath,0.0009567722212265,en,thewire
beginning,0.0009567722212265,en,thewire
incursion,0.0009540312099393,en,thewire
cohort,0.0009540312099393,en,thewire
eight,0.0009540312099393,en,thewire
hendrix,0.0009540312099393,en,thewire
pickin,0.0009540312099393,en,thewire
independent,0.0009537793521059,en,thewire
personnel,0.0009537793521059,en,thewire
leadership,0.000953271264601,en,thewire
winner,0.0009530846461306,en,thewire
rumor,0.0009530846461306,en,thewire
sharp,0.000950539381996,en,thewire
site,0.000950539381996,en,thewire
screw,0.0009491345817363,en,thewire
hitter,0.0009489027990256,en,thewire
darlin,0.0009489027990256,en,thewire
transport,0.0009486640966609,en,thewire
mileage,0.000946953484143,en,thewire
integrated,0.0009465229570633,en,thewire
tyrell,0.0009465229570633,en,thewire
slingin,0.0009465229570633,en,thewire
eggy,0.0009465229570633,en,thewire
mau,0.0009465229570633,en,thewire
uns,0.0009465229570633,en,thewire
caprice,0.0009465229570633,en,thewire
batshit,0.0009465229570633,en,thewire
shitcan,0.0009465229570633,en,thewire
litigate,0.0009465229570633,en,thewire
senatorial,0.0009465229570633,en,thewire
grandmom,0.0009465229570633,en,thewire
bless,0.0009452537087545,en,thewire
dancer,0.0009451708848984,en,thewire
repay,0.0009451708848984,en,thewire
tickle,0.000943838696248,en,thewire
condom,0.000943838696248,en,thewire
comparison,0.000943838696248,en,thewire
crawl,0.0009428869318855,en,thewire
form,0.0009415613956682,en,thewire
resident,0.0009406033665746,en,thewire
gentle,0.0009406033665746,en,thewire
assistance,0.0009406033665746,en,thewire
thumb,0.0009406033665746,en,thewire
mandate,0.0009380900201122,en,thewire
publicly,0.0009380900201122,en,thewire
distance,0.0009375039224485,en,thewire
inform,0.0009375039224485,en,thewire
opening,0.0009375039224485,en,thewire
reflect,0.0009366845277329,en,thewire
seize,0.0009366845277329,en,thewire
confidential,0.0009366845277329,en,thewire
suicide,0.0009353050122724,en,thewire
taxis,0.000934573084803,en,thewire
zombie,0.000934573084803,en,thewire
ongoing,0.000934573084803,en,thewire
bam,0.000934573084803,en,thewire
exist,0.0009340515842849,en,thewire
oui,0.0009333927462199,en,thewire
beltway,0.0009333927462199,en,thewire
negro,0.0009333927462199,en,thewire
rascal,0.0009333927462199,en,thewire
biting,0.0009333927462199,en,thewire
punke,0.0009333927462199,en,thewire
tanker,0.0009333927462199,en,thewire
camaro,0.0009333927462199,en,thewire
lettin,0.0009333927462199,en,thewire
pigment,0.0009333927462199,en,thewire
misunderstanding,0.0009326380319839,en,thewire
pill,0.000929833622531,en,thewire
juice,0.000929833622531,en,thewire
prevent,0.000929833622531,en,thewire
loud,0.0009277923349012,en,thewire
square,0.0009277923349012,en,thewire
speech,0.0009277923349012,en,thewire
eligible,0.0009275316832877,en,thewire
idiot,0.0009266040957061,en,thewire
pond,0.000925468622622,en,thewire
rely,0.0009247658613379,en,thewire
foreign,0.0009247658613379,en,thewire
range,0.0009222411950233,en,thewire
narrow,0.0009222411950233,en,thewire
heat,0.0009203476464928,en,thewire
immediately,0.0009203476464928,en,thewire
rabbi,0.0009202332737107,en,thewire
crusade,0.0009202332737107,en,thewire
spook,0.0009200646215424,en,thewire
neglect,0.0009200646215424,en,thewire
human,0.0009192179040246,en,thewire
stadium,0.0009172160884825,en,thewire
courage,0.0009169847004841,en,thewire
description,0.0009169847004841,en,thewire
pose,0.0009169847004841,en,thewire
indication,0.0009165197999191,en,thewire
rice,0.0009165197999191,en,thewire
memo,0.0009165197999191,en,thewire
tourist,0.0009165197999191,en,thewire
stab,0.0009147250746108,en,thewire
starve,0.0009147250746108,en,thewire
pin,0.0009147250746108,en,thewire
sidebar,0.0009140867527413,en,thewire
bygone,0.0009140867527413,en,thewire
mortem,0.0009140867527413,en,thewire
suppression,0.0009140867527413,en,thewire
gerard,0.0009140867527413,en,thewire
knife,0.0009129697274895,en,thewire
booth,0.0009119246572162,en,thewire
ill,0.00090929246913,en,thewire
pillow,0.00090929246913,en,thewire
requisition,0.0009075566752228,en,thewire
feelin,0.0009075566752228,en,thewire
sham,0.0009075566752228,en,thewire
listing,0.0009075566752228,en,thewire
angle,0.0009072837427064,en,thewire
contract,0.0009072837427064,en,thewire
martyr,0.0009071323245332,en,thewire
disregard,0.0009071323245332,en,thewire
unlimited,0.0009071323245332,en,thewire
eventually,0.0009056573908559,en,thewire
violator,0.0009056183307513,en,thewire
staffing,0.0009056183307513,en,thewire
longshoreman,0.0009056183307513,en,thewire
treatin,0.0009056183307513,en,thewire
richmond,0.0009056183307513,en,thewire
terrell,0.0009056183307513,en,thewire
condominium,0.0009056183307513,en,thewire
biddy,0.0009056183307513,en,thewire
stepchild,0.0009056183307513,en,thewire
maintain,0.0009016871575045,en,thewire
pink,0.0009016871575045,en,thewire
speaking,0.0009016871575045,en,thewire
appeal,0.0009016871575045,en,thewire
hundred,0.0008999157256088,en,thewire
activity,0.0008999157256088,en,thewire
discipline,0.0008990684045872,en,thewire
grease,0.0008990684045872,en,thewire
curb,0.0008990684045872,en,thewire
final,0.000898409480933,en,thewire
enemy,0.000898409480933,en,thewire
detain,0.0008972701998137,en,thewire
journalist,0.0008972701998137,en,thewire
vous,0.0008972701998137,en,thewire
barrel,0.0008959696277182,en,thewire
visual,0.0008959696277182,en,thewire
terrorist,0.0008959696277182,en,thewire
clerical,0.000895951559483,en,thewire
hopin,0.000895951559483,en,thewire
umm,0.000895951559483,en,thewire
woof,0.000895951559483,en,thewire
homer,0.000895951559483,en,thewire
politically,0.00089529577866,en,thewire
permanent,0.000894166823206,en,thewire
iron,0.000894166823206,en,thewire
nope,0.0008926195927507,en,thewire
advice,0.0008912248723417,en,thewire
study,0.0008912248723417,en,thewire
employment,0.0008905561295512,en,thewire
assist,0.0008881488869561,en,thewire
implicate,0.000887620180327,en,thewire
clown,0.0008867295882245,en,thewire
cream,0.0008853939550322,en,thewire
slowly,0.0008853939550322,en,thewire
bedroom,0.0008853939550322,en,thewire
affair,0.0008853939550322,en,thewire
member,0.0008841024689344,en,thewire
individually,0.0008834241833745,en,thewire
inventory,0.0008821800567743,en,thewire
preliminary,0.0008821800567743,en,thewire
purple,0.0008804290617967,en,thewire
motel,0.0008804290617967,en,thewire
wisdom,0.0008804290617967,en,thewire
accent,0.0008804290617967,en,thewire
patience,0.0008793736361268,en,thewire
stretch,0.0008793736361268,en,thewire
library,0.0008793736361268,en,thewire
relieve,0.0008793736361268,en,thewire
sandwich,0.0008793736361268,en,thewire
racetrack,0.0008788532444706,en,thewire
turnaround,0.0008788532444706,en,thewire
lexus,0.0008788532444706,en,thewire
guild,0.0008788532444706,en,thewire
pup,0.0008788532444706,en,thewire
disband,0.0008788532444706,en,thewire
enroll,0.0008788532444706,en,thewire
camp,0.0008782374632325,en,thewire
relationship,0.000877041202791,en,thewire
warn,0.000877041202791,en,thewire
software,0.0008739358961514,en,thewire
knot,0.0008739358961514,en,thewire
disposal,0.0008739358961514,en,thewire
surrender,0.0008728075810361,en,thewire
backwards,0.0008728075810361,en,thewire
cherry,0.0008728075810361,en,thewire
prize,0.000872097209393,en,thewire
mass,0.000872097209393,en,thewire
braid,0.0008719179265089,en,thewire
mercede,0.0008719179265089,en,thewire
colored,0.0008719179265089,en,thewire
senseless,0.0008719179265089,en,thewire
statute,0.0008719179265089,en,thewire
volatile,0.0008719179265089,en,thewire
inauguration,0.0008710339619857,en,thewire
apex,0.0008710339619857,en,thewire
organizational,0.0008710339619857,en,thewire
sinai,0.0008710339619857,en,thewire
thieving,0.0008710339619857,en,thewire
blackboard,0.0008710339619857,en,thewire
fuckhead,0.0008710339619857,en,thewire
disorderlie,0.0008710339619857,en,thewire
massey,0.0008710339619857,en,thewire
unequivocal,0.0008710339619857,en,thewire
carter,0.0008689212825811,en,thewire
steven,0.0008658195571335,en,thewire
grass,0.0008658195571335,en,thewire
passport,0.0008658195571335,en,thewire
marker,0.0008658195571335,en,thewire
ace,0.0008658195571335,en,thewire
cart,0.0008652819705023,en,thewire
agenda,0.0008652819705023,en,thewire
embarrass,0.0008648986068967,en,thewire
yep,0.0008648986068967,en,thewire
invent,0.0008648986068967,en,thewire
secure,0.0008641267109054,en,thewire
destroy,0.0008630979460292,en,thewire
certainly,0.0008630979460292,en,thewire
memory,0.0008630979460292,en,thewire
jamaican,0.0008626796259424,en,thewire
elf,0.0008607551918017,en,thewire
index,0.0008607551918017,en,thewire
rooftop,0.0008598561538289,en,thewire
representative,0.0008598561538289,en,thewire
examine,0.0008578498482332,en,thewire
pete,0.0008578271365396,en,thewire
resent,0.0008578271365396,en,thewire
groom,0.0008578271365396,en,thewire
properly,0.0008577761815176,en,thewire
artist,0.0008577761815176,en,thewire
egg,0.0008571699380778,en,thewire
obviously,0.0008562139522612,en,thewire
payroll,0.0008509705444277,en,thewire
role,0.000850728337879,en,thewire
spike,0.0008505089199508,en,thewire
sock,0.0008505089199508,en,thewire
highway,0.0008505089199508,en,thewire
celebrate,0.000850277283884,en,thewire
boost,0.000849954907286,en,thewire
donation,0.000849954907286,en,thewire
cellular,0.0008499160606135,en,thewire
voluntarily,0.0008499160606135,en,thewire
gape,0.0008473357973344,en,thewire
sentencing,0.0008473357973344,en,thewire
drywall,0.0008473357973344,en,thewire
devon,0.0008473357973344,en,thewire
firefight,0.0008473357973344,en,thewire
theresa,0.0008473357973344,en,thewire
extradition,0.0008473357973344,en,thewire
concentrate,0.0008437535302036,en,thewire
bow,0.0008432569748097,en,thewire
eyewitness,0.0008422574820818,en,thewire
depart,0.0008422574820818,en,thewire
handcuff,0.0008421993079494,en,thewire
badmouth,0.0008410756190872,en,thewire
gimpy,0.0008410756190872,en,thewire
pounder,0.0008410756190872,en,thewire
whatshisname,0.0008410756190872,en,thewire
parlay,0.0008410756190872,en,thewire
camry,0.0008410756190872,en,thewire
drowsy,0.0008410756190872,en,thewire
rectory,0.0008410756190872,en,thewire
elasticity,0.0008410756190872,en,thewire
maj,0.0008410756190872,en,thewire
booker,0.0008410756190872,en,thewire
harper,0.0008393822980362,en,thewire
mule,0.0008393822980362,en,thewire
baker,0.0008393822980362,en,thewire
quid,0.0008393822980362,en,thewire
experiment,0.0008368502602779,en,thewire
patient,0.0008366796786298,en,thewire
doll,0.0008360918813997,en,thewire
deadly,0.0008360918813997,en,thewire
labor,0.0008345569330926,en,thewire
mortify,0.0008327407527831,en,thewire
momma,0.0008327407527831,en,thewire
barter,0.0008327407527831,en,thewire
absolve,0.0008327407527831,en,thewire
knowledge,0.000830017075521,en,thewire
bloody,0.000830017075521,en,thewire
living,0.0008299724795359,en,thewire
total,0.0008299724795359,en,thewire
resentment,0.0008291371683122,en,thewire
billing,0.0008291371683122,en,thewire
unrelated,0.0008291371683122,en,thewire
cooperative,0.0008291371683122,en,thewire
mouse,0.0008290115839857,en,thewire
planning,0.0008290115839857,en,thewire
capital,0.0008270245242861,en,thewire
african,0.0008270245242861,en,thewire
seventh,0.0008270245242861,en,thewire
strawberry,0.0008270245242861,en,thewire
sleeve,0.0008270245242861,en,thewire
overseas,0.0008253230719091,en,thewire
shipping,0.0008253230719091,en,thewire
casino,0.0008253230719091,en,thewire
unload,0.0008253230719091,en,thewire
loss,0.0008233249007781,en,thewire
impression,0.0008232525671497,en,thewire
environment,0.000822014098967,en,thewire
diamond,0.000822014098967,en,thewire
article,0.000822014098967,en,thewire
remote,0.000822014098967,en,thewire
mini,0.0008195989617663,en,thewire
sail,0.0008195989617663,en,thewire
collar,0.0008195989617663,en,thewire
reside,0.0008191652748759,en,thewire
amendment,0.0008191652748759,en,thewire
cutter,0.0008191652748759,en,thewire
defer,0.0008188247983633,en,thewire
canteen,0.0008188247983633,en,thewire
illegitimate,0.0008188247983633,en,thewire
lonesome,0.0008188247983633,en,thewire
swag,0.0008188247983633,en,thewire
havin,0.0008188247983633,en,thewire
overdose,0.0008170896553722,en,thewire
legit,0.0008170896553722,en,thewire
transmission,0.0008170896553722,en,thewire
postpone,0.0008170896553722,en,thewire
academic,0.0008170896553722,en,thewire
borrow,0.0008167358917573,en,thewire
dear,0.0008167358917573,en,thewire
original,0.0008167358917573,en,thewire
recent,0.0008165553684357,en,thewire
technology,0.0008150975115414,en,thewire
saint,0.0008150975115414,en,thewire
horn,0.0008150975115414,en,thewire
negligible,0.0008146504878842,en,thewire
chris,0.0008146504878842,en,thewire
assed,0.0008146504878842,en,thewire
maw,0.0008146504878842,en,thewire
sharpener,0.0008146504878842,en,thewire
boyish,0.0008146504878842,en,thewire
recoil,0.0008146504878842,en,thewire
frazi,0.0008146504878842,en,thewire
lookit,0.0008146504878842,en,thewire
blacktop,0.0008146504878842,en,thewire
pronounce,0.0008122772566777,en,thewire
concerned,0.0008102044294016,en,thewire
flash,0.0008099241530479,en,thewire
quo,0.000809452421175,en,thewire
weep,0.000809004596784,en,thewire
cartoon,0.000809004596784,en,thewire
condo,0.000809004596784,en,thewire
equip,0.000809004596784,en,thewire
tvsubtitle,0.000809004596784,en,thewire
rag,0.000809004596784,en,thewire
update,0.00080825997256,en,thewire
timely,0.0008055275392508,en,thewire
kevlar,0.0008055275392508,en,thewire
prolonged,0.0008055275392508,en,thewire
lawn,0.0008050565438496,en,thewire
basket,0.0008050565438496,en,thewire
soap,0.0008050565438496,en,thewire
clinic,0.0008050565438496,en,thewire
space,0.0008037295172131,en,thewire
rid,0.0008037295172131,en,thewire
complicated,0.0008037295172131,en,thewire
assistant,0.0008033576334757,en,thewire
civil,0.0008014996955596,en,thewire
hustle,0.0008010626441168,en,thewire
outstanding,0.0008010626441168,en,thewire
cock,0.0008010626441168,en,thewire
dumpster,0.0008010626441168,en,thewire
mandatory,0.0008010626441168,en,thewire
credible,0.000799985489116,en,thewire
scalp,0.000799985489116,en,thewire
occupy,0.0007979340750642,en,thewire
intent,0.0007979340750642,en,thewire
convince,0.0007973101843554,en,thewire
capture,0.0007968545595289,en,thewire
style,0.0007968545595289,en,thewire
naked,0.0007968545595289,en,thewire
spell,0.0007948149539609,en,thewire
bull,0.0007948149539609,en,thewire
kindly,0.0007932588193903,en,thewire
lice,0.0007927962955851,en,thewire
ellis,0.0007927962955851,en,thewire
coon,0.0007910124025321,en,thewire
belvedere,0.0007910124025321,en,thewire
ltalian,0.0007910124025321,en,thewire
unquote,0.0007910124025321,en,thewire
eminence,0.0007910124025321,en,thewire
zoning,0.0007910124025321,en,thewire
corroboration,0.0007910124025321,en,thewire
descriptive,0.0007910124025321,en,thewire
longshot,0.0007910124025321,en,thewire
dicke,0.0007910124025321,en,thewire
tom,0.0007909072127771,en,thewire
pole,0.0007909072127771,en,thewire
closely,0.0007909072127771,en,thewire
tilt,0.0007907523325213,en,thewire
mickey,0.0007907523325213,en,thewire
stump,0.0007907523325213,en,thewire
nightclub,0.0007907523325213,en,thewire
pardon,0.0007904137169093,en,thewire
material,0.0007904137169093,en,thewire
economy,0.0007855883999306,en,thewire
fancy,0.0007840339258491,en,thewire
mission,0.0007840339258491,en,thewire
everyday,0.0007839734242534,en,thewire
madame,0.0007817416834269,en,thewire
tangle,0.0007817416834269,en,thewire
decrease,0.0007817416834269,en,thewire
milk,0.0007816654543349,en,thewire
task,0.0007816654543349,en,thewire
society,0.0007816654543349,en,thewire
coed,0.0007805848419276,en,thewire
damon,0.0007805848419276,en,thewire
esteemed,0.0007805848419276,en,thewire
misdemeanor,0.0007805848419276,en,thewire
heed,0.0007805848419276,en,thewire
latitude,0.0007805848419276,en,thewire
dredge,0.0007805848419276,en,thewire
homey,0.0007805848419276,en,thewire
tuna,0.0007780469012049,en,thewire
incoming,0.0007780469012049,en,thewire
whoop,0.0007780469012049,en,thewire
fuss,0.0007780469012049,en,thewire
object,0.0007751975194604,en,thewire
dependent,0.0007729430694064,en,thewire
truly,0.00077145294427,en,thewire
pimp,0.0007706300610748,en,thewire
regardless,0.0007706300610748,en,thewire
lounge,0.0007706300610748,en,thewire
withdraw,0.0007706300610748,en,thewire
nation,0.0007703754290721,en,thewire
swell,0.0007703754290721,en,thewire
foul,0.0007703754290721,en,thewire
crystal,0.0007703754290721,en,thewire
gunshot,0.0007703754290721,en,thewire
mann,0.0007696291533037,en,thewire
tainted,0.0007696291533037,en,thewire
transitional,0.0007696291533037,en,thewire
engorge,0.0007696291533037,en,thewire
columnist,0.0007696291533037,en,thewire
undocumented,0.0007696291533037,en,thewire
nationally,0.0007696291533037,en,thewire
supplemental,0.0007696291533037,en,thewire
dildo,0.0007696291533037,en,thewire
depict,0.0007688523940962,en,thewire
candlelight,0.0007688523940962,en,thewire
profitable,0.0007688523940962,en,thewire
hustler,0.0007688523940962,en,thewire
tangible,0.0007688523940962,en,thewire
expansion,0.0007688523940962,en,thewire
outright,0.0007688523940962,en,thewire
rope,0.000768798761686,en,thewire
orioles,0.0007680644854331,en,thewire
esplanda,0.0007680644854331,en,thewire
aggravatin,0.0007680644854331,en,thewire
counterterror,0.0007680644854331,en,thewire
koutris,0.0007680644854331,en,thewire
strock,0.0007680644854331,en,thewire
chantay,0.0007680644854331,en,thewire
housefire,0.0007680644854331,en,thewire
heeel,0.0007680644854331,en,thewire
benze,0.0007680644854331,en,thewire
mpa,0.0007680644854331,en,thewire
wooton,0.0007680644854331,en,thewire
rll,0.0007680644854331,en,thewire
backfin,0.0007680644854331,en,thewire
certaiy,0.0007680644854331,en,thewire
dipietro,0.0007680644854331,en,thewire
midgetry,0.0007680644854331,en,thewire
warparty,0.0007680644854331,en,thewire
retoppe,0.0007680644854331,en,thewire
upshaw,0.0007680644854331,en,thewire
cheltenham,0.0007680644854331,en,thewire
cosucker,0.0007680644854331,en,thewire
honeynut,0.0007680644854331,en,thewire
criminate,0.0007680644854331,en,thewire
armco,0.0007680644854331,en,thewire
fixed,0.0007680644854331,en,thewire
mataron,0.0007680644854331,en,thewire
wikisubtitle,0.0007680644854331,en,thewire
sheddin,0.0007680644854331,en,thewire
mencklen,0.0007680644854331,en,thewire
mrcede,0.0007680644854331,en,thewire
uraine,0.0007680644854331,en,thewire
markaki,0.0007680644854331,en,thewire
commiioner,0.0007680644854331,en,thewire
ladontay,0.0007680644854331,en,thewire
geout,0.0007680644854331,en,thewire
whitecoat,0.0007680644854331,en,thewire
goette,0.0007680644854331,en,thewire
retritte,0.0007680644854331,en,thewire
elegiac,0.0007680644854331,en,thewire
toun,0.0007680644854331,en,thewire
fromndictment,0.0007680644854331,en,thewire
guilford,0.0007680644854331,en,thewire
juk,0.0007680644854331,en,thewire
motherfu,0.0007680644854331,en,thewire
abboud,0.0007680644854331,en,thewire
ocme,0.0007680644854331,en,thewire
allery,0.0007680644854331,en,thewire
inconstant,0.0007680644854331,en,thewire
holng,0.0007680644854331,en,thewire
laer,0.0007680644854331,en,thewire
narrese,0.0007680644854331,en,thewire
cason,0.0007680644854331,en,thewire
steny,0.0007680644854331,en,thewire
boggus,0.0007680644854331,en,thewire
gleeful,0.0007680644854331,en,thewire
puttana,0.0007680644854331,en,thewire
thumbsucker,0.0007680644854331,en,thewire
thewhore,0.0007680644854331,en,thewire
rainmade,0.0007680644854331,en,thewire
juried,0.0007680644854331,en,thewire
bnbg,0.0007680644854331,en,thewire
hilti,0.0007680644854331,en,thewire
decertifie,0.0007680644854331,en,thewire
itise,0.0007680644854331,en,thewire
temha,0.0007680644854331,en,thewire
shitbowl,0.0007680644854331,en,thewire
january,0.0007680644854331,en,thewire
devar,0.0007680644854331,en,thewire
courthous,0.0007680644854331,en,thewire
habudabi,0.0007680644854331,en,thewire
walon,0.0007680644854331,en,thewire
abouit,0.0007680644854331,en,thewire
notetaking,0.0007680644854331,en,thewire
nlrb,0.0007680644854331,en,thewire
daydreamin,0.0007680644854331,en,thewire
bullshittin,0.0007680644854331,en,thewire
twentysomething,0.0007680644854331,en,thewire
kleppner,0.0007680644854331,en,thewire
ineffectiveness,0.0007680644854331,en,thewire
dibiago,0.0007680644854331,en,thewire
sched,0.0007680644854331,en,thewire
ongoe,0.0007680644854331,en,thewire
deseg,0.0007680644854331,en,thewire
biome,0.0007680644854331,en,thewire
doore,0.0007680644854331,en,thewire
timb,0.0007680644854331,en,thewire
franoosh,0.0007680644854331,en,thewire
fuckety,0.0007680644854331,en,thewire
iookin,0.0007680644854331,en,thewire
squealin,0.0007680644854331,en,thewire
zorzi,0.0007680644854331,en,thewire
waterview,0.0007680644854331,en,thewire
jurie,0.0007680644854331,en,thewire
nitmare,0.0007680644854331,en,thewire
speedball,0.0007680644854331,en,thewire
luxenberg,0.0007680644854331,en,thewire
mcdonaldland,0.0007680644854331,en,thewire
whitefolk,0.0007680644854331,en,thewire
beshitte,0.0007680644854331,en,thewire
rtg,0.0007680644854331,en,thewire
shheeeeeet,0.0007680644854331,en,thewire
muhfuckas,0.0007680644854331,en,thewire
paceco,0.0007680644854331,en,thewire
diggsy,0.0007680644854331,en,thewire
baltimorean,0.0007680644854331,en,thewire
preciate,0.0007680644854331,en,thewire
walbrook,0.0007680644854331,en,thewire
howork,0.0007680644854331,en,thewire
backspin,0.0007680644854331,en,thewire
redraft,0.0007680644854331,en,thewire
manhour,0.0007680644854331,en,thewire
middlechool,0.0007680644854331,en,thewire
businesswear,0.0007680644854331,en,thewire
fatface,0.0007680644854331,en,thewire
anybodylse,0.0007680644854331,en,thewire
rrice,0.0007680644854331,en,thewire
remone,0.0007680644854331,en,thewire
sweetpea,0.0007680644854331,en,thewire
harborplace,0.0007680644854331,en,thewire
wtop,0.0007680644854331,en,thewire
schmoke,0.0007680644854331,en,thewire
nationalstuff,0.0007680644854331,en,thewire
bance,0.0007680644854331,en,thewire
maner,0.0007680644854331,en,thewire
twelveour,0.0007680644854331,en,thewire
eyefuck,0.0007680644854331,en,thewire
viale,0.0007680644854331,en,thewire
fleshly,0.0007680644854331,en,thewire
tywanda,0.0007680644854331,en,thewire
atric,0.0007680644854331,en,thewire
nadya,0.0007680644854331,en,thewire
vasyl,0.0007680644854331,en,thewire
zorz,0.0007680644854331,en,thewire
everhart,0.0007680644854331,en,thewire
fatha,0.0007680644854331,en,thewire
mishpucha,0.0007680644854331,en,thewire
halfhearte,0.0007680644854331,en,thewire
gerund,0.0007680644854331,en,thewire
rivoli,0.0007680644854331,en,thewire
crownsville,0.0007680644854331,en,thewire
megapix,0.0007680644854331,en,thewire
ribbone,0.0007680644854331,en,thewire
ker,0.0007680644854331,en,thewire
theirst,0.0007680644854331,en,thewire
rigored,0.0007680644854331,en,thewire
mondawmin,0.0007680644854331,en,thewire
rackin,0.0007680644854331,en,thewire
spyglass,0.0007680644854331,en,thewire
bunko,0.0007680644854331,en,thewire
catonsville,0.0007680644854331,en,thewire
counterlady,0.0007680644854331,en,thewire
somewheressouth,0.0007680644854331,en,thewire
instigation,0.0007680644854331,en,thewire
shitfuck,0.0007680644854331,en,thewire
kiling,0.0007680644854331,en,thewire
tmonium,0.0007680644854331,en,thewire
clipbook,0.0007680644854331,en,thewire
bunkie,0.0007680644854331,en,thewire
andreas,0.0007680644854331,en,thewire
vondas,0.0007680644854331,en,thewire
burlow,0.0007680644854331,en,thewire
legalizing,0.0007680644854331,en,thewire
stenny,0.0007680644854331,en,thewire
shouldnow,0.0007680644854331,en,thewire
fressurveillance,0.0007680644854331,en,thewire
huhvac,0.0007680644854331,en,thewire
essayist,0.0007680644854331,en,thewire
musclin,0.0007680644854331,en,thewire
inelastic,0.0007680644854331,en,thewire
soldierin,0.0007680644854331,en,thewire
scratchin,0.0007680644854331,en,thewire
hunnert,0.0007680644854331,en,thewire
readyor,0.0007680644854331,en,thewire
tullman,0.0007680644854331,en,thewire
reesey,0.0007680644854331,en,thewire
meland,0.0007680644854331,en,thewire
redball,0.0007680644854331,en,thewire
falloff,0.0007680644854331,en,thewire
govan,0.0007680644854331,en,thewire
nohow,0.0007680644854331,en,thewire
banisky,0.0007680644854331,en,thewire
boxin,0.0007680644854331,en,thewire
pressin,0.0007680644854331,en,thewire
buisn,0.0007680644854331,en,thewire
fallsway,0.0007680644854331,en,thewire
sobotkas,0.0007680644854331,en,thewire
whad,0.0007680644854331,en,thewire
grindin,0.0007680644854331,en,thewire
wadn,0.0007680644854331,en,thewire
readdress,0.0007680644854331,en,thewire
hizzoner,0.0007680644854331,en,thewire
blazin,0.0007680644854331,en,thewire
potee,0.0007680644854331,en,thewire
llona,0.0007680644854331,en,thewire
minimized,0.0007680644854331,en,thewire
shuckin,0.0007680644854331,en,thewire
conaway,0.0007680644854331,en,thewire
elscalle,0.0007680644854331,en,thewire
reprimande,0.0007680644854331,en,thewire
latroy,0.0007680644854331,en,thewire
vanderwal,0.0007680644854331,en,thewire
similac,0.0007680644854331,en,thewire
popution,0.0007680644854331,en,thewire
familiary,0.0007680644854331,en,thewire
crissake,0.0007680644854331,en,thewire
grumblin,0.0007680644854331,en,thewire
uspend,0.0007680644854331,en,thewire
hydrotherapist,0.0007680644854331,en,thewire
muldoon,0.0007680644854331,en,thewire
hairon,0.0007680644854331,en,thewire
donnely,0.0007680644854331,en,thewire
kwaneese,0.0007680644854331,en,thewire
sonjay,0.0007680644854331,en,thewire
chiquan,0.0007680644854331,en,thewire
laetitia,0.0007680644854331,en,thewire
leastway,0.0007680644854331,en,thewire
fitzhugh,0.0007680644854331,en,thewire
arundel,0.0007680644854331,en,thewire
dpw,0.0007680644854331,en,thewire
spurgeon,0.0007680644854331,en,thewire
bobtail,0.0007680644854331,en,thewire
stepmama,0.0007680644854331,en,thewire
covere,0.0007680644854331,en,thewire
bentlow,0.0007680644854331,en,thewire
apparently,0.0007660149200205,en,thewire
daughter,0.0007660149200205,en,thewire
fourth,0.0007652495554956,en,thewire
smoker,0.0007643467404021,en,thewire
dolphin,0.0007643467404021,en,thewire
roger,0.0007637066334066,en,thewire
pace,0.0007637066334066,en,thewire
confirmation,0.0007633338253296,en,thewire
fiber,0.0007633338253296,en,thewire
cafeteria,0.0007633338253296,en,thewire
blah,0.0007633338253296,en,thewire
diner,0.0007633338253296,en,thewire
discreet,0.0007633338253296,en,thewire
airport,0.0007624677169045,en,thewire
presence,0.0007624677169045,en,thewire
entire,0.0007599100070481,en,thewire
private,0.0007599100070481,en,thewire
master,0.0007591028194646,en,thewire
collect,0.0007591028194646,en,thewire
song,0.0007591028194646,en,thewire
humvee,0.0007575627873144,en,thewire
sideways,0.0007575627873144,en,thewire
utilize,0.0007575627873144,en,thewire
deficit,0.0007575627873144,en,thewire
plaque,0.0007575627873144,en,thewire
compulsion,0.0007575627873144,en,thewire
prodigal,0.0007575627873144,en,thewire
haul,0.0007571217241895,en,thewire
reference,0.0007562029670036,en,thewire
performance,0.0007562029670036,en,thewire
english,0.0007562029670036,en,thewire
battery,0.0007562029670036,en,thewire
stiff,0.000756154334378,en,thewire
pervert,0.000756154334378,en,thewire
manifest,0.000756154334378,en,thewire
minded,0.000756154334378,en,thewire
fuzzy,0.000756154334378,en,thewire
fax,0.000756154334378,en,thewire
manipulation,0.0007559436037776,en,thewire
relocate,0.0007559436037776,en,thewire
rust,0.0007559436037776,en,thewire
regret,0.0007530117107668,en,thewire
priest,0.000750618617204,en,thewire
writing,0.000750618617204,en,thewire
blink,0.000750618617204,en,thewire
pad,0.000750618617204,en,thewire
promenade,0.0007501077762201,en,thewire
brisket,0.0007501077762201,en,thewire
ancestry,0.0007501077762201,en,thewire
milton,0.0007501077762201,en,thewire
deterrent,0.0007501077762201,en,thewire
bailout,0.0007501077762201,en,thewire
swing,0.0007500031379588,en,thewire
righteous,0.0007490879109869,en,thewire
affirmative,0.0007477251665114,en,thewire
nipple,0.0007477251665114,en,thewire
lemonade,0.0007477251665114,en,thewire
apprehend,0.0007477251665114,en,thewire
verdict,0.0007477251665114,en,thewire
friendly,0.0007469752315823,en,thewire
throat,0.0007469752315823,en,thewire
boyfriend,0.0007469752315823,en,thewire
incapacitate,0.0007466838038977,en,thewire
anecdote,0.0007466838038977,en,thewire
corroborate,0.0007466838038977,en,thewire
spar,0.0007466838038977,en,thewire
snuggle,0.0007466838038977,en,thewire
shave,0.000744195304957,en,thewire
stair,0.0007438668980248,en,thewire
element,0.0007438668980248,en,thewire
vet,0.0007421310489715,en,thewire
lesson,0.0007409924107003,en,thewire
pair,0.0007409924107003,en,thewire
rush,0.0007409924107003,en,thewire
apologize,0.0007409924107003,en,thewire
hairy,0.0007396834836058,en,thewire
sofa,0.0007396834836058,en,thewire
authorization,0.0007396834836058,en,thewire
microphone,0.0007396834836058,en,thewire
accommodate,0.0007396834836058,en,thewire
bud,0.0007378498529585,en,thewire
whistle,0.0007378498529585,en,thewire
puppy,0.0007378498529585,en,thewire
operate,0.0007377929560186,en,thewire
grateful,0.0007377929560186,en,thewire
swallow,0.0007377929560186,en,thewire
current,0.0007377929560186,en,thewire
scotty,0.0007361866189685,en,thewire
rile,0.0007361866189685,en,thewire
chauffeur,0.0007361866189685,en,thewire
negotiation,0.0007352804027482,en,thewire
resign,0.0007352804027482,en,thewire
maximum,0.0007352804027482,en,thewire
systemic,0.0007321498501034,en,thewire
custodial,0.0007321498501034,en,thewire
shithead,0.0007321498501034,en,thewire
solemnly,0.0007321498501034,en,thewire
capitalize,0.0007321498501034,en,thewire
frederick,0.0007321498501034,en,thewire
prevention,0.0007321498501034,en,thewire
broom,0.0007318111119293,en,thewire
talent,0.0007317800596886,en,thewire
treatment,0.0007317800596886,en,thewire
garden,0.0007317800596886,en,thewire
random,0.0007317800596886,en,thewire
disappointed,0.0007315803962247,en,thewire
prey,0.0007285327776737,en,thewire
adjourn,0.0007260453401783,en,thewire
smuggling,0.0007260453401783,en,thewire
fractured,0.0007260453401783,en,thewire
endeavor,0.0007260453401783,en,thewire
battle,0.0007258269941651,en,thewire
downstairs,0.0007258269941651,en,thewire
flow,0.0007258269941651,en,thewire
improve,0.0007253851359875,en,thewire
sucker,0.0007253851359875,en,thewire
leash,0.0007241010688176,en,thewire
economic,0.0007241010688176,en,thewire
wedge,0.0007241010688176,en,thewire
notify,0.0007218851210995,en,thewire
thief,0.0007192623365961,en,thewire
chart,0.0007192623365961,en,thewire
scream,0.0007175791659199,en,thewire
familiar,0.0007175791659199,en,thewire
appear,0.0007175791659199,en,thewire
molest,0.000716236622928,en,thewire
bystander,0.000716236622928,en,thewire
wither,0.000716236622928,en,thewire
tinkle,0.000716236622928,en,thewire
obstruction,0.000716236622928,en,thewire
residential,0.000716236622928,en,thewire
aberration,0.0007155234074545,en,thewire
jailhouse,0.0007155234074545,en,thewire
anton,0.0007155234074545,en,thewire
mph,0.0007155234074545,en,thewire
maui,0.0007155234074545,en,thewire
subordinate,0.0007155234074545,en,thewire
entrapment,0.0007155234074545,en,thewire
kickback,0.0007155234074545,en,thewire
vaginal,0.0007155234074545,en,thewire
yank,0.0007153345140794,en,thewire
peel,0.0007153345140794,en,thewire
merely,0.0007153345140794,en,thewire
reliable,0.0007153345140794,en,thewire
tongue,0.0007140956742006,en,thewire
restaurant,0.0007140956742006,en,thewire
manager,0.0007140956742006,en,thewire
skin,0.0007118509363022,en,thewire
strike,0.0007118509363022,en,thewire
avoid,0.0007118509363022,en,thewire
extent,0.0007091421203564,en,thewire
mature,0.0007088781636738,en,thewire
normally,0.0007083151640257,en,thewire
actual,0.0007083151640257,en,thewire
rare,0.0007083151640257,en,thewire
coordinating,0.000707419256855,en,thewire
tearin,0.000707419256855,en,thewire
readjustment,0.000707419256855,en,thewire
victimization,0.000707419256855,en,thewire
chaw,0.000707419256855,en,thewire
llcs,0.000707419256855,en,thewire
rosemont,0.000707419256855,en,thewire
morrie,0.000707419256855,en,thewire
agg,0.000707419256855,en,thewire
whater,0.000707419256855,en,thewire
enni,0.000707419256855,en,thewire
orlando,0.000707419256855,en,thewire
graspin,0.000707419256855,en,thewire
gunnin,0.000707419256855,en,thewire
lowenthal,0.000707419256855,en,thewire
someoneat,0.000707419256855,en,thewire
neesey,0.000707419256855,en,thewire
sumpin,0.000707419256855,en,thewire
limpin,0.000707419256855,en,thewire
doublin,0.000707419256855,en,thewire
tood,0.000707419256855,en,thewire
molder,0.000707419256855,en,thewire
wilhelmina,0.000707419256855,en,thewire
pac,0.000707419256855,en,thewire
dontcha,0.000707419256855,en,thewire
trol,0.000707419256855,en,thewire
litany,0.000707419256855,en,thewire
hubert,0.000707419256855,en,thewire
shitcanne,0.000707419256855,en,thewire
dabba,0.000707419256855,en,thewire
civilize,0.000707419256855,en,thewire
mim,0.000707419256855,en,thewire
terkel,0.000707419256855,en,thewire
iittle,0.000707419256855,en,thewire
pontius,0.000707419256855,en,thewire
stated,0.000707419256855,en,thewire
oxbow,0.000707419256855,en,thewire
schedde,0.000707419256855,en,thewire
artis,0.000707419256855,en,thewire
dumfrie,0.000707419256855,en,thewire
dss,0.000707419256855,en,thewire
diedre,0.000707419256855,en,thewire
newspaperman,0.000707419256855,en,thewire
marino,0.000707419256855,en,thewire
flexin,0.000707419256855,en,thewire
bogue,0.000707419256855,en,thewire
jsa,0.000707419256855,en,thewire
lld,0.000707419256855,en,thewire
umbrage,0.000707419256855,en,thewire
proactively,0.000707419256855,en,thewire
wipin,0.000707419256855,en,thewire
findhe,0.000707419256855,en,thewire
budgeting,0.000707419256855,en,thewire
selig,0.000707419256855,en,thewire
toom,0.000707419256855,en,thewire
magyar,0.000707419256855,en,thewire
offerin,0.000707419256855,en,thewire
direcr,0.000707419256855,en,thewire
kmart,0.000707419256855,en,thewire
stanfeld,0.000707419256855,en,thewire
vinson,0.000707419256855,en,thewire
cls,0.000707419256855,en,thewire
borgata,0.000707419256855,en,thewire
infante,0.000707419256855,en,thewire
chinky,0.000707419256855,en,thewire
dewalt,0.000707419256855,en,thewire
rushin,0.000707419256855,en,thewire
pentecostal,0.000707419256855,en,thewire
jaybird,0.000707419256855,en,thewire
ncicap,0.000707419256855,en,thewire
diurnal,0.000707419256855,en,thewire
aimin,0.000707419256855,en,thewire
snitching,0.000707419256855,en,thewire
gearhead,0.000707419256855,en,thewire
latrobe,0.000707419256855,en,thewire
broadsheet,0.000707419256855,en,thewire
reup,0.000707419256855,en,thewire
lighty,0.000707419256855,en,thewire
alesandro,0.000707419256855,en,thewire
frazier,0.000707419256855,en,thewire
concisely,0.000707419256855,en,thewire
capitalization,0.000707419256855,en,thewire
lnternal,0.000707419256855,en,thewire
retool,0.000707419256855,en,thewire
duckin,0.000707419256855,en,thewire
osse,0.000707419256855,en,thewire
culture,0.00070722747599,en,thewire
warren,0.0007067393466996,en,thewire
theoretical,0.0007067393466996,en,thewire
paragraph,0.0007067393466996,en,thewire
howard,0.0007067393466996,en,thewire
occupation,0.0007067393466996,en,thewire
restriction,0.0007067393466996,en,thewire
dumbass,0.0007067393466996,en,thewire
experience,0.0007061710467511,en,thewire
permission,0.000702589970586,en,thewire
describe,0.000702589970586,en,thewire
robe,0.0007018812350681,en,thewire
rethink,0.0007018812350681,en,thewire
urban,0.0007018812350681,en,thewire
congrat,0.0007018812350681,en,thewire
shuttle,0.0007018812350681,en,thewire
pie,0.0007013122336146,en,thewire
upper,0.0007013122336146,en,thewire
unfounded,0.0007000445596649,en,thewire
pinball,0.0007000445596649,en,thewire
charlene,0.0007000445596649,en,thewire
pullin,0.0007000445596649,en,thewire
ncic,0.0007000445596649,en,thewire
elli,0.0007000445596649,en,thewire
docket,0.0007000445596649,en,thewire
bronx,0.0007000445596649,en,thewire
seafood,0.0006975343412071,en,thewire
terry,0.0006975343412071,en,thewire
que,0.0006975343412071,en,thewire
campbell,0.0006975343412071,en,thewire
educate,0.0006962376485809,en,thewire
closure,0.0006962376485809,en,thewire
mighty,0.0006962376485809,en,thewire
worm,0.0006962376485809,en,thewire
candy,0.0006954630847158,en,thewire
accident,0.0006949530717796,en,thewire
completely,0.0006949530717796,en,thewire
strange,0.0006949530717796,en,thewire
renew,0.0006947586608016,en,thewire
gain,0.0006913013687243,en,thewire
setup,0.0006900484661568,en,thewire
lease,0.0006900484661568,en,thewire
cabinet,0.0006900484661568,en,thewire
entrance,0.0006896785686191,en,thewire
bat,0.0006896785686191,en,thewire
jam,0.0006896785686191,en,thewire
denise,0.0006886041534413,en,thewire
anonymously,0.0006886041534413,en,thewire
stoke,0.0006886041534413,en,thewire
squeak,0.0006886041534413,en,thewire
eld,0.0006886041534413,en,thewire
washer,0.0006886041534413,en,thewire
payday,0.0006886041534413,en,thewire
upright,0.0006886041534413,en,thewire
hotshot,0.0006886041534413,en,thewire
onion,0.0006877692265909,en,thewire
tackle,0.0006877692265909,en,thewire
dare,0.0006857359504622,en,thewire
poison,0.0006857359504622,en,thewire
headgear,0.0006855650645559,en,thewire
glean,0.0006855650645559,en,thewire
hittin,0.0006855650645559,en,thewire
chink,0.0006855650645559,en,thewire
northbound,0.0006855650645559,en,thewire
sworn,0.0006855650645559,en,thewire
dyke,0.0006855650645559,en,thewire
tech,0.000683957272543,en,thewire
tragedy,0.000683957272543,en,thewire
nod,0.0006809080461435,en,thewire
wooden,0.0006809080461435,en,thewire
transaction,0.0006809080461435,en,thewire
semester,0.0006809080461435,en,thewire
withdrawal,0.0006809080461435,en,thewire
apology,0.0006802218271072,en,thewire
ahem,0.0006799328484908,en,thewire
filing,0.0006799328484908,en,thewire
duration,0.0006799328484908,en,thewire
advertising,0.0006799328484908,en,thewire
allen,0.0006799328484908,en,thewire
husband,0.0006784690744006,en,thewire
trunk,0.0006782978295279,en,thewire
recall,0.0006782978295279,en,thewire
extend,0.0006782978295279,en,thewire
executive,0.0006779204680947,en,thewire
cycle,0.0006779204680947,en,thewire
mob,0.0006779204680947,en,thewire
straw,0.0006779204680947,en,thewire
concrete,0.0006779204680947,en,thewire
aside,0.0006747580617463,en,thewire
potential,0.0006747580617463,en,thewire
damned,0.00067417049732,en,thewire
sewer,0.00067417049732,en,thewire
scale,0.0006726989164752,en,thewire
invisible,0.0006719772207886,en,thewire
buyer,0.0006719772207886,en,thewire
promotion,0.0006719772207886,en,thewire
legitimate,0.0006719772207886,en,thewire
dixon,0.0006719636696122,en,thewire
indifference,0.0006719636696122,en,thewire
median,0.0006719636696122,en,thewire
propensity,0.0006719636696122,en,thewire
iook,0.0006719636696122,en,thewire
donnell,0.0006719636696122,en,thewire
handout,0.0006719636696122,en,thewire
criticize,0.0006715058384289,en,thewire
bumper,0.0006715058384289,en,thewire
demand,0.0006693437429039,en,thewire
lamb,0.0006675522034307,en,thewire
consideration,0.0006675522034307,en,thewire
doe,0.0006675522034307,en,thewire
generous,0.0006671592522914,en,thewire
generation,0.0006671592522914,en,thewire
motion,0.0006671592522914,en,thewire
content,0.0006661116652171,en,thewire
daylight,0.0006661116652171,en,thewire
eager,0.0006661116652171,en,thewire
revitalization,0.0006643907824123,en,thewire
clusterfuck,0.0006643907824123,en,thewire
orman,0.0006643907824123,en,thewire
stirrer,0.0006643907824123,en,thewire
meanin,0.0006643907824123,en,thewire
davina,0.0006643907824123,en,thewire
celebratin,0.0006643907824123,en,thewire
greenback,0.0006643907824123,en,thewire
impertinence,0.0006643907824123,en,thewire
hooptie,0.0006643907824123,en,thewire
backtalk,0.0006643907824123,en,thewire
teachin,0.0006643907824123,en,thewire
listerine,0.0006643907824123,en,thewire
knowt,0.0006643907824123,en,thewire
roughest,0.0006643907824123,en,thewire
bullshitting,0.0006643907824123,en,thewire
cocksucking,0.0006643907824123,en,thewire
babycake,0.0006643907824123,en,thewire
fop,0.0006643907824123,en,thewire
bowle,0.0006643907824123,en,thewire
parte,0.0006643907824123,en,thewire
spillage,0.0006643907824123,en,thewire
ernst,0.0006643907824123,en,thewire
canvassing,0.0006643907824123,en,thewire
interupt,0.0006643907824123,en,thewire
bayside,0.0006643907824123,en,thewire
corpsman,0.0006643907824123,en,thewire
suckhole,0.0006643907824123,en,thewire
bedroll,0.0006643907824123,en,thewire
cig,0.0006643907824123,en,thewire
watchword,0.0006643907824123,en,thewire
explainin,0.0006643907824123,en,thewire
cantor,0.0006643907824123,en,thewire
actuate,0.0006643907824123,en,thewire
sterner,0.0006643907824123,en,thewire
kelley,0.0006643907824123,en,thewire
flubber,0.0006643907824123,en,thewire
respondent,0.0006643907824123,en,thewire
layin,0.0006643907824123,en,thewire
pressman,0.0006643907824123,en,thewire
oppositional,0.0006643907824123,en,thewire
ilene,0.0006643907824123,en,thewire
shuttin,0.0006643907824123,en,thewire
smoot,0.0006643907824123,en,thewire
bord,0.0006643907824123,en,thewire
exigent,0.0006643907824123,en,thewire
everody,0.0006643907824123,en,thewire
retroactive,0.0006643907824123,en,thewire
yew,0.0006643907824123,en,thewire
shitbox,0.0006643907824123,en,thewire
trend,0.0006633097346497,en,thewire
bike,0.0006616775961281,en,thewire
needle,0.0006616775961281,en,thewire
cab,0.0006616775961281,en,thewire
calling,0.0006610490161586,en,thewire
smuggle,0.0006610490161586,en,thewire
enlighten,0.0006610490161586,en,thewire
contractor,0.0006610490161586,en,thewire
pee,0.0006603217963475,en,thewire
dip,0.0006603217963475,en,thewire
instance,0.0006603217963475,en,thewire
legislation,0.0006591399333529,en,thewire
ensemble,0.0006591399333529,en,thewire
outpatient,0.0006591399333529,en,thewire
storefront,0.0006591399333529,en,thewire
christen,0.0006591399333529,en,thewire
semper,0.0006591399333529,en,thewire
advisory,0.0006591399333529,en,thewire
mitigate,0.0006591399333529,en,thewire
donald,0.0006591399333529,en,thewire
genius,0.0006586599206225,en,thewire
toilet,0.0006562527457139,en,thewire
shy,0.0006562527457139,en,thewire
ton,0.0006562527457139,en,thewire
weather,0.0006562527457139,en,thewire
volcano,0.0006553322199007,en,thewire
pasture,0.0006553322199007,en,thewire
tuition,0.0006553322199007,en,thewire
sanction,0.0006553322199007,en,thewire
mexican,0.0006546569999422,en,thewire
temporarily,0.0006546569999422,en,thewire
lid,0.0006546569999422,en,thewire
phrase,0.0006546056857771,en,thewire
principle,0.0006546056857771,en,thewire
humiliate,0.0006546056857771,en,thewire
prefer,0.0006533887134058,en,thewire
boom,0.0006508835357717,en,thewire
advantage,0.0006508835357717,en,thewire
island,0.0006508835357717,en,thewire
prisoner,0.0006508835357717,en,thewire
gotcha,0.0006489614778767,en,thewire
chamber,0.0006489614778767,en,thewire
predator,0.0006483724176708,en,thewire
clerk,0.0006483724176708,en,thewire
kate,0.0006483724176708,en,thewire
proof,0.0006481635435212,en,thewire
freak,0.0006481635435212,en,thewire
kinky,0.00064756193694,en,thewire
variation,0.00064756193694,en,thewire
cricket,0.00064756193694,en,thewire
incorporate,0.00064756193694,en,thewire
allegation,0.00064756193694,en,thewire
madman,0.00064756193694,en,thewire
mic,0.00064756193694,en,thewire
vike,0.0006470097194568,en,thewire
homeroom,0.0006470097194568,en,thewire
overpass,0.0006470097194568,en,thewire
diggin,0.0006470097194568,en,thewire
conspirator,0.0006470097194568,en,thewire
chrome,0.0006470097194568,en,thewire
beatrice,0.0006470097194568,en,thewire
dribble,0.0006470097194568,en,thewire
backstabbe,0.0006470097194568,en,thewire
anoint,0.0006470097194568,en,thewire
trifle,0.0006470097194568,en,thewire
mayo,0.0006470097194568,en,thewire
halfway,0.0006455688365163,en,thewire
trigger,0.0006455688365163,en,thewire
vodka,0.0006433873861749,en,thewire
slack,0.0006433873861749,en,thewire
earth,0.0006429836137704,en,thewire
batch,0.0006421917175623,en,thewire
drunken,0.0006421917175623,en,thewire
extension,0.0006421917175623,en,thewire
tide,0.0006421917175623,en,thewire
elaborate,0.0006421917175623,en,thewire
alcoholic,0.0006421917175623,en,thewire
convention,0.0006421917175623,en,thewire
century,0.0006403075522275,en,thewire
tend,0.0006403075522275,en,thewire
merci,0.0006399883912928,en,thewire
grove,0.0006399883912928,en,thewire
afterward,0.0006399883912928,en,thewire
legend,0.0006378816899631,en,thewire
rich,0.0006378481474843,en,thewire
arrive,0.0006378481474843,en,thewire
forensic,0.000636111521108,en,thewire
institution,0.000636111521108,en,thewire
amend,0.000636111521108,en,thewire
insubordination,0.0006355018480008,en,thewire
hydrant,0.0006355018480008,en,thewire
ref,0.0006355018480008,en,thewire
headless,0.0006355018480008,en,thewire
stroller,0.0006355018480008,en,thewire
bullpen,0.0006355018480008,en,thewire
scuff,0.0006355018480008,en,thewire
longitude,0.0006355018480008,en,thewire
habit,0.0006350986198944,en,thewire
unauthorized,0.0006326018660171,en,thewire
clearing,0.0006326018660171,en,thewire
suitable,0.0006326018660171,en,thewire
straightforward,0.0006326018660171,en,thewire
rim,0.0006326018660171,en,thewire
dutch,0.0006326018660171,en,thewire
secretary,0.0006324427311072,en,thewire
declare,0.0006324427311072,en,thewire
belly,0.0006324427311072,en,thewire
limited,0.0006324427311072,en,thewire
desperado,0.0006310153047089,en,thewire
afr,0.0006310153047089,en,thewire
saratoga,0.0006310153047089,en,thewire
newsman,0.0006310153047089,en,thewire
humpin,0.0006310153047089,en,thewire
bigamist,0.0006310153047089,en,thewire
incrimination,0.0006310153047089,en,thewire
maytag,0.0006310153047089,en,thewire
shithouse,0.0006310153047089,en,thewire
somewhere,0.0006310153047089,en,thewire
charging,0.0006310153047089,en,thewire
berman,0.0006310153047089,en,thewire
grandstanding,0.0006310153047089,en,thewire
findin,0.0006310153047089,en,thewire
beatdown,0.0006310153047089,en,thewire
whoopin,0.0006310153047089,en,thewire
declarative,0.0006310153047089,en,thewire
recanvass,0.0006310153047089,en,thewire
keeler,0.0006310153047089,en,thewire
bama,0.0006310153047089,en,thewire
sensationalize,0.0006310153047089,en,thewire
yocan,0.0006310153047089,en,thewire
pookie,0.0006310153047089,en,thewire
kareem,0.0006310153047089,en,thewire
bacardi,0.0006310153047089,en,thewire
frappuccino,0.0006310153047089,en,thewire
asac,0.0006310153047089,en,thewire
servin,0.0006310153047089,en,thewire
vernon,0.0006310153047089,en,thewire
stalwart,0.0006310153047089,en,thewire
showboat,0.0006310153047089,en,thewire
lockout,0.0006310153047089,en,thewire
ltaly,0.0006310153047089,en,thewire
kafka,0.0006310153047089,en,thewire
cicada,0.0006310153047089,en,thewire
labwork,0.0006310153047089,en,thewire
goldmine,0.0006310153047089,en,thewire
nuanced,0.0006310153047089,en,thewire
schroeder,0.0006310153047089,en,thewire
mannitol,0.0006310153047089,en,thewire
unc,0.0006310153047089,en,thewire
baitin,0.0006310153047089,en,thewire
provisionally,0.0006310153047089,en,thewire
reelect,0.0006310153047089,en,thewire
inhibited,0.0006310153047089,en,thewire
wilhelm,0.0006310153047089,en,thewire
wrought,0.0006310153047089,en,thewire
legalized,0.0006310153047089,en,thewire
franky,0.0006310153047089,en,thewire
disparity,0.0006310153047089,en,thewire
obsession,0.0006301286119816,en,thewire
sustain,0.0006301286119816,en,thewire
river,0.0006299410079261,en,thewire
impact,0.0006270689110497,en,thewire
solitary,0.0006253933467415,en,thewire
mil,0.0006253933467415,en,thewire
reed,0.0006253933467415,en,thewire
madam,0.0006253933467415,en,thewire
forced,0.0006253933467415,en,thewire
training,0.0006248337149255,en,thewire
skip,0.0006248337149255,en,thewire
indispose,0.0006245555645873,en,thewire
parish,0.0006245555645873,en,thewire
arnold,0.0006245555645873,en,thewire
eatin,0.0006245555645873,en,thewire
vcr,0.0006245555645873,en,thewire
checkout,0.0006245555645873,en,thewire
corporation,0.0006242399258224,en,thewire
carve,0.0006242399258224,en,thewire
interrogation,0.0006242399258224,en,thewire
vague,0.0006242399258224,en,thewire
complete,0.0006227010561899,en,thewire
release,0.0006227010561899,en,thewire
anniversary,0.0006217586879893,en,thewire
snake,0.0006217586879893,en,thewire
ordinary,0.0006217586879893,en,thewire
potato,0.0006217586879893,en,thewire
transfer,0.0006197757685225,en,thewire
turner,0.0006183544555251,en,thewire
daytime,0.0006183544555251,en,thewire
slick,0.0006183544555251,en,thewire
entity,0.0006183544555251,en,thewire
cynical,0.0006183544555251,en,thewire
hurricane,0.0006183544555251,en,thewire
enjoy,0.0006177360638041,en,thewire
doctor,0.0006177360638041,en,thewire
loop,0.0006165105742252,en,thewire
noon,0.0006165105742252,en,thewire
laundry,0.0006165105742252,en,thewire
grace,0.0006165105742252,en,thewire
pour,0.0006147662242628,en,thewire
cancel,0.0006147662242628,en,thewire
scuffle,0.0006141185987725,en,thewire
characterize,0.0006141185987725,en,thewire
wright,0.0006141185987725,en,thewire
polygraph,0.0006141185987725,en,thewire
municipal,0.0006141185987725,en,thewire
larceny,0.0006141185987725,en,thewire
lateral,0.0006141185987725,en,thewire
laundromat,0.0006141185987725,en,thewire
tally,0.0006141185987725,en,thewire
frog,0.0006127336689568,en,thewire
freezer,0.0006127336689568,en,thewire
trump,0.0006127336689568,en,thewire
democracy,0.0006114773923216,en,thewire
cluster,0.0006114773923216,en,thewire
retail,0.0006114773923216,en,thewire
karen,0.0006114773923216,en,thewire
fleet,0.0006114773923216,en,thewire
salad,0.000611323133656,en,thewire
stake,0.0006098041645493,en,thewire
snap,0.0006098041645493,en,thewire
stomach,0.0006098041645493,en,thewire
dental,0.0006071106480614,en,thewire
discovery,0.0006071106480614,en,thewire
eliminate,0.00060619497942,en,thewire
butter,0.00060619497942,en,thewire
elevator,0.00060619497942,en,thewire
meal,0.0006048886976338,en,thewire
rainy,0.0006047548830221,en,thewire
bingo,0.0006047548830221,en,thewire
poorly,0.0006047548830221,en,thewire
attribute,0.0006047548830221,en,thewire
cape,0.0006047548830221,en,thewire
hookup,0.0006041456544381,en,thewire
inning,0.0006041456544381,en,thewire
denominator,0.0006041456544381,en,thewire
undertake,0.0006041456544381,en,thewire
midget,0.0006041456544381,en,thewire
chaser,0.0006041456544381,en,thewire
modulator,0.0006037455538342,en,thewire
asphyxia,0.0006037455538342,en,thewire
breathin,0.0006037455538342,en,thewire
cous,0.0006037455538342,en,thewire
pissin,0.0006037455538342,en,thewire
mchenry,0.0006037455538342,en,thewire
whaddya,0.0006037455538342,en,thewire
spendin,0.0006037455538342,en,thewire
firma,0.0006037455538342,en,thewire
pacer,0.0006037455538342,en,thewire
supervisory,0.0006037455538342,en,thewire
friedman,0.0006037455538342,en,thewire
wiretappe,0.0006037455538342,en,thewire
postponement,0.0006037455538342,en,thewire
horrifically,0.0006037455538342,en,thewire
budap,0.0006037455538342,en,thewire
youjust,0.0006037455538342,en,thewire
outbound,0.0006037455538342,en,thewire
bumpin,0.0006037455538342,en,thewire
mezzanine,0.0006037455538342,en,thewire
tumbleweed,0.0006037455538342,en,thewire
frasier,0.0006037455538342,en,thewire
seasoning,0.0006037455538342,en,thewire
socialization,0.0006037455538342,en,thewire
pare,0.0006037455538342,en,thewire
brung,0.0006037455538342,en,thewire
buyin,0.0006037455538342,en,thewire
shortfall,0.0006037455538342,en,thewire
buttonhole,0.0006037455538342,en,thewire
searching,0.0006037455538342,en,thewire
understated,0.0006037455538342,en,thewire
archdiocese,0.0006037455538342,en,thewire
ringin,0.0006037455538342,en,thewire
amorphous,0.0006037455538342,en,thewire
sadism,0.0006037455538342,en,thewire
someway,0.0006037455538342,en,thewire
ejaculation,0.0006037455538342,en,thewire
minnow,0.0006037455538342,en,thewire
strategy,0.0006011247716697,en,thewire
propose,0.0006011247716697,en,thewire
nicely,0.0006011247716697,en,thewire
cookie,0.0006011247716697,en,thewire
modern,0.0006011247716697,en,thewire
smack,0.0006011247716697,en,thewire
holy,0.0006000189566544,en,thewire
insist,0.0006000189566544,en,thewire
meat,0.0006000189566544,en,thewire
defend,0.0006000189566544,en,thewire
terrorism,0.0005981801332091,en,thewire
parlor,0.0005981801332091,en,thewire
peer,0.0005981801332091,en,thewire
cal,0.0005981801332091,en,thewire
authorize,0.0005961120950661,en,thewire
brake,0.0005961120950661,en,thewire
confident,0.0005961112154707,en,thewire
healthy,0.0005951940987188,en,thewire
circumstance,0.0005951940987188,en,thewire
pamper,0.0005945972216888,en,thewire
puss,0.0005945972216888,en,thewire
carla,0.0005945972216888,en,thewire
adjective,0.0005945972216888,en,thewire
bea,0.0005945972216888,en,thewire
meow,0.0005945972216888,en,thewire
racist,0.0005917467868846,en,thewire
delta,0.0005917467868846,en,thewire
examination,0.0005917467868846,en,thewire
wrench,0.0005917467868846,en,thewire
fearless,0.0005917467868846,en,thewire
pyramid,0.0005917467868846,en,thewire
supervision,0.0005917467868846,en,thewire
funky,0.0005917467868846,en,thewire
shadow,0.0005911530588163,en,thewire
million,0.0005911530588163,en,thewire
appearance,0.0005911530588163,en,thewire
grandfather,0.0005911530588163,en,thewire
session,0.0005911530588163,en,thewire
rail,0.0005907318030615,en,thewire
pray,0.000590413304028,en,thewire
tail,0.000590413304028,en,thewire
surround,0.000590413304028,en,thewire
tune,0.0005862490907512,en,thewire
wander,0.0005862490907512,en,thewire
purse,0.0005862490907512,en,thewire
debt,0.0005862490907512,en,thewire
sis,0.0005854488895434,en,thewire
hopeful,0.0005854488895434,en,thewire
professionalism,0.0005854386314457,en,thewire
dawson,0.0005854386314457,en,thewire
keepin,0.0005854386314457,en,thewire
apiece,0.0005854386314457,en,thewire
amnesty,0.0005854386314457,en,thewire
marked,0.0005854386314457,en,thewire
tavern,0.0005854386314457,en,thewire
ultimately,0.0005854278298331,en,thewire
skirt,0.0005854278298331,en,thewire
income,0.0005854278298331,en,thewire
smooth,0.0005813981395953,en,thewire
chinese,0.0005813981395953,en,thewire
apple,0.0005813981395953,en,thewire
slice,0.0005813981395953,en,thewire
theory,0.0005809807356751,en,thewire
faith,0.0005809807356751,en,thewire
werner,0.0005806893079905,en,thewire
adverb,0.0005806893079905,en,thewire
auteur,0.0005806893079905,en,thewire
schoolhouse,0.0005806893079905,en,thewire
stefano,0.0005806893079905,en,thewire
handjob,0.0005806893079905,en,thewire
overplay,0.0005806893079905,en,thewire
physicality,0.0005806893079905,en,thewire
buxom,0.0005806893079905,en,thewire
unclench,0.0005806893079905,en,thewire
essex,0.0005806893079905,en,thewire
wld,0.0005806893079905,en,thewire
telecommunication,0.0005806893079905,en,thewire
ornate,0.0005806893079905,en,thewire
outset,0.0005806893079905,en,thewire
guv,0.0005806893079905,en,thewire
remorseless,0.0005806893079905,en,thewire
freakshow,0.0005806893079905,en,thewire
rashad,0.0005806893079905,en,thewire
ait,0.0005806893079905,en,thewire
transpose,0.0005806893079905,en,thewire
wherewithal,0.0005806893079905,en,thewire
sauerkraut,0.0005806893079905,en,thewire
nomenclature,0.0005806893079905,en,thewire
bower,0.0005806893079905,en,thewire
budgetary,0.0005806893079905,en,thewire
displease,0.0005806893079905,en,thewire
dreaded,0.0005806893079905,en,thewire
lew,0.0005806893079905,en,thewire
justifie,0.0005806893079905,en,thewire
sieve,0.0005806893079905,en,thewire
monotone,0.0005806893079905,en,thewire
boilerplate,0.0005806893079905,en,thewire
borne,0.0005806893079905,en,thewire
resupply,0.0005806893079905,en,thewire
mislabele,0.0005806893079905,en,thewire
cochran,0.0005806893079905,en,thewire
heard,0.0005806893079905,en,thewire
rug,0.0005801980404841,en,thewire
prince,0.0005801980404841,en,thewire
speaker,0.0005801980404841,en,thewire
essential,0.0005801980404841,en,thewire
consult,0.0005801980404841,en,thewire
exceed,0.000579280855054,en,thewire
tuesday,0.000579280855054,en,thewire
nugget,0.0005766392955721,en,thewire
chasing,0.0005766392955721,en,thewire
refrain,0.0005766392955721,en,thewire
scapegoat,0.0005766392955721,en,thewire
consumer,0.0005766392955721,en,thewire
earful,0.0005766392955721,en,thewire
semen,0.0005766392955721,en,thewire
bureaucracy,0.0005766392955721,en,thewire
gail,0.0005766392955721,en,thewire
due,0.0005766392955721,en,thewire
basis,0.0005765990712645,en,thewire
item,0.0005765990712645,en,thewire
shape,0.0005763274305447,en,thewire
condition,0.0005763274305447,en,thewire
abduction,0.0005732374358859,en,thewire
digest,0.0005732374358859,en,thewire
definite,0.0005732374358859,en,thewire
broke,0.0005732374358859,en,thewire
slug,0.0005732374358859,en,thewire
average,0.0005718507876784,en,thewire
effective,0.0005718507876784,en,thewire
suffer,0.0005717151242301,en,thewire
bright,0.0005717151242301,en,thewire
fist,0.0005699529107601,en,thewire
zip,0.0005699529107601,en,thewire
castle,0.0005699529107601,en,thewire
wage,0.0005699529107601,en,thewire
legally,0.0005699529107601,en,thewire
breed,0.0005699529107601,en,thewire
quieter,0.0005681720904858,en,thewire
unforeseen,0.0005681720904858,en,thewire
cadet,0.0005681720904858,en,thewire
baseline,0.0005681720904858,en,thewire
mon,0.0005681720904858,en,thewire
jab,0.0005681720904858,en,thewire
smear,0.0005673136962851,en,thewire
showtime,0.0005673136962851,en,thewire
telling,0.0005673136962851,en,thewire
ungrateful,0.0005673136962851,en,thewire
sidewalk,0.0005673136962851,en,thewire
spy,0.0005671522252527,en,thewire
behave,0.0005671522252527,en,thewire
facility,0.0005671522252527,en,thewire
desire,0.0005671522252527,en,thewire
drinking,0.0005671522252527,en,thewire
tree,0.0005671431005811,en,thewire
twisted,0.0005649337234122,en,thewire
weed,0.0005649337234122,en,thewire
huge,0.0005626106620491,en,thewire
beating,0.0005615049880545,en,thewire
litter,0.0005615049880545,en,thewire
waiter,0.0005615049880545,en,thewire
souvenir,0.0005615049880545,en,thewire
lump,0.0005615049880545,en,thewire
cringe,0.0005607170793914,en,thewire
peddling,0.0005607170793914,en,thewire
magistrate,0.0005607170793914,en,thewire
ieft,0.0005607170793914,en,thewire
whackjob,0.0005607170793914,en,thewire
mccullough,0.0005607170793914,en,thewire
disallow,0.0005607170793914,en,thewire
holdover,0.0005607170793914,en,thewire
lighter,0.0005607170793914,en,thewire
luman,0.0005607170793914,en,thewire
amoral,0.0005607170793914,en,thewire
patricia,0.0005607170793914,en,thewire
seven,0.0005607170793914,en,thewire
dnr,0.0005607170793914,en,thewire
straightaway,0.0005607170793914,en,thewire
trashcan,0.0005607170793914,en,thewire
selectively,0.0005607170793914,en,thewire
unabomber,0.0005607170793914,en,thewire
wantin,0.0005607170793914,en,thewire
truancy,0.0005607170793914,en,thewire
gruff,0.0005607170793914,en,thewire
eligibility,0.0005607170793914,en,thewire
notarize,0.0005607170793914,en,thewire
foreground,0.0005607170793914,en,thewire
readable,0.0005607170793914,en,thewire
numbnut,0.0005607170793914,en,thewire
nemo,0.0005607170793914,en,thewire
laughin,0.0005607170793914,en,thewire
kavanaugh,0.0005607170793914,en,thewire
redd,0.0005607170793914,en,thewire
lke,0.0005607170793914,en,thewire
aimee,0.0005607170793914,en,thewire
pratt,0.0005607170793914,en,thewire
plait,0.0005607170793914,en,thewire
steakhouse,0.0005607170793914,en,thewire
unconnected,0.0005607170793914,en,thewire
exemplify,0.0005607170793914,en,thewire
mcguire,0.0005607170793914,en,thewire
anchorage,0.0005607170793914,en,thewire
yvonne,0.0005607170793914,en,thewire
marcel,0.0005607170793914,en,thewire
phelp,0.0005607170793914,en,thewire
chinaman,0.0005607170793914,en,thewire
manicure,0.0005600128529232,en,thewire
turk,0.0005600128529232,en,thewire
interval,0.0005600128529232,en,thewire
surgeon,0.0005599810173238,en,thewire
beep,0.0005599810173238,en,thewire
sweetheart,0.0005581171290488,en,thewire
difficult,0.0005581171290488,en,thewire
possibly,0.0005581171290488,en,thewire
bind,0.0005579001735186,en,thewire
admire,0.0005579001735186,en,thewire
homework,0.0005579001735186,en,thewire
relief,0.0005579001735186,en,thewire
recover,0.0005579001735186,en,thewire
french,0.0005579001735186,en,thewire
visa,0.0005558069286413,en,thewire
chili,0.0005558069286413,en,thewire
untie,0.0005558069286413,en,thewire
violate,0.0005550930543475,en,thewire
nest,0.0005550930543475,en,thewire
fade,0.0005550930543475,en,thewire
pet,0.000553344717014,en,thewire
belt,0.000553344717014,en,thewire
officially,0.000553344717014,en,thewire
worse,0.0005521399642264,en,thewire
waitress,0.0005502681636229,en,thewire
significant,0.0005502681636229,en,thewire
bonus,0.0005502681636229,en,thewire
slate,0.0005502153812727,en,thewire
accidental,0.0005502153812727,en,thewire
gathering,0.0005502153812727,en,thewire
rotate,0.0005502153812727,en,thewire
distribute,0.0005502153812727,en,thewire
association,0.0005502153812727,en,thewire
pride,0.0005488350447664,en,thewire
sudden,0.0005488350447664,en,thewire
silence,0.0005488350447664,en,thewire
boil,0.0005455047381475,en,thewire
stain,0.0005455047381475,en,thewire
jewelry,0.0005455047381475,en,thewire
stroke,0.0005455047381475,en,thewire
selection,0.0005447264369148,en,thewire
dynamic,0.0005447264369148,en,thewire
empty,0.0005447264369148,en,thewire
squirrel,0.0005447264369148,en,thewire
compensate,0.0005447264369148,en,thewire
declaration,0.0005445340051337,en,thewire
govern,0.0005445340051337,en,thewire
gypsy,0.0005445340051337,en,thewire
knowingly,0.0005445340051337,en,thewire
torso,0.0005445340051337,en,thewire
cardinal,0.0005445340051337,en,thewire
incline,0.0005445340051337,en,thewire
balance,0.0005443702456238,en,thewire
reaction,0.0005443702456238,en,thewire
blair,0.0005431003252561,en,thewire
beggin,0.0005431003252561,en,thewire
somee,0.0005431003252561,en,thewire
shitstorm,0.0005431003252561,en,thewire
civility,0.0005431003252561,en,thewire
cordless,0.0005431003252561,en,thewire
justified,0.0005431003252561,en,thewire
slumlord,0.0005431003252561,en,thewire
forensically,0.0005431003252561,en,thewire
scottie,0.0005431003252561,en,thewire
flanagan,0.0005431003252561,en,thewire
woodward,0.0005431003252561,en,thewire
ahhhh,0.0005431003252561,en,thewire
matchbox,0.0005431003252561,en,thewire
disloyal,0.0005431003252561,en,thewire
bruiser,0.0005431003252561,en,thewire
hiring,0.0005431003252561,en,thewire
auburn,0.0005431003252561,en,thewire
afterthought,0.0005431003252561,en,thewire
squire,0.0005431003252561,en,thewire
hospitable,0.0005431003252561,en,thewire
spoof,0.0005431003252561,en,thewire
forrester,0.0005431003252561,en,thewire
scammer,0.0005431003252561,en,thewire
alienated,0.0005431003252561,en,thewire
buggin,0.0005431003252561,en,thewire
pinstripe,0.0005431003252561,en,thewire
cas,0.0005431003252561,en,thewire
retailer,0.0005431003252561,en,thewire
vale,0.0005431003252561,en,thewire
clement,0.0005431003252561,en,thewire
twentieth,0.0005431003252561,en,thewire
uncut,0.0005431003252561,en,thewire
vladimir,0.0005431003252561,en,thewire
prejudge,0.0005431003252561,en,thewire
stopgap,0.0005431003252561,en,thewire
walther,0.0005431003252561,en,thewire
sienna,0.0005431003252561,en,thewire
marginalize,0.0005431003252561,en,thewire
tangent,0.0005431003252561,en,thewire
hip,0.0005408012315639,en,thewire
factor,0.0005408012315639,en,thewire
urge,0.0005408012315639,en,thewire
amazing,0.0005405190558286,en,thewire
exit,0.0005399494353652,en,thewire
angel,0.0005399494353652,en,thewire
consultant,0.000539336397856,en,thewire
freelance,0.000537177467196,en,thewire
windy,0.000537177467196,en,thewire
recovery,0.0005361561551457,en,thewire
noble,0.0005361561551457,en,thewire
reservation,0.0005361561551457,en,thewire
adventure,0.0005361561551457,en,thewire
conduct,0.0005361561551457,en,thewire
rack,0.0005361561551457,en,thewire
nuts,0.0005355717556504,en,thewire
spirit,0.0005355717556504,en,thewire
scholarship,0.0005340417627445,en,thewire
tracking,0.0005340417627445,en,thewire
input,0.0005340417627445,en,thewire
attack,0.0005319370049336,en,thewire
relation,0.0005315680749692,en,thewire
commission,0.0005315680749692,en,thewire
penny,0.0005315680749692,en,thewire
nerve,0.0005312363730193,en,thewire
wet,0.0005312363730193,en,thewire
devious,0.0005300545100247,en,thewire
rhetorical,0.0005300545100247,en,thewire
visitation,0.0005300545100247,en,thewire
anal,0.0005300545100247,en,thewire
bronze,0.0005300545100247,en,thewire
pipeline,0.0005300545100247,en,thewire
puff,0.0005288392129269,en,thewire
hike,0.0005288392129269,en,thewire
sequence,0.0005288392129269,en,thewire
automatic,0.0005288392129269,en,thewire
chess,0.0005288392129269,en,thewire
disappearance,0.0005288392129269,en,thewire
swinge,0.0005288392129269,en,thewire
interesting,0.0005276981689783,en,thewire
tribune,0.000527341601688,en,thewire
voucher,0.000527341601688,en,thewire
followin,0.000527341601688,en,thewire
summertime,0.000527341601688,en,thewire
gild,0.000527341601688,en,thewire
reid,0.000527341601688,en,thewire
footwork,0.000527341601688,en,thewire
tupac,0.000527341601688,en,thewire
trippin,0.000527341601688,en,thewire
impropriety,0.000527341601688,en,thewire
goddamne,0.000527341601688,en,thewire
empowerment,0.000527341601688,en,thewire
bogge,0.000527341601688,en,thewire
uptick,0.000527341601688,en,thewire
stowaway,0.000527341601688,en,thewire
sucka,0.000527341601688,en,thewire
clarice,0.000527341601688,en,thewire
sawed,0.000527341601688,en,thewire
lifelike,0.000527341601688,en,thewire
leek,0.000527341601688,en,thewire
edgewise,0.000527341601688,en,thewire
ukraine,0.000527341601688,en,thewire
jen,0.000527341601688,en,thewire
terra,0.000527341601688,en,thewire
insufficient,0.000527341601688,en,thewire
coliseum,0.000527341601688,en,thewire
chessboard,0.000527341601688,en,thewire
diatribe,0.000527341601688,en,thewire
serge,0.000527341601688,en,thewire
sorr,0.000527341601688,en,thewire
zimbabwe,0.000527341601688,en,thewire
trauma,0.000527035609256,en,thewire
bake,0.000527035609256,en,thewire
coast,0.000527035609256,en,thewire
tiny,0.0005269424779395,en,thewire
ghost,0.0005269424779395,en,thewire
wipe,0.0005269424779395,en,thewire
science,0.0005269424779395,en,thewire
flesh,0.0005269424779395,en,thewire
grey,0.0005237255999537,en,thewire
hush,0.0005237255999537,en,thewire
expertise,0.0005237255999537,en,thewire
transition,0.0005237255999537,en,thewire
crutch,0.0005231507559053,en,thewire
craze,0.0005231507559053,en,thewire
stride,0.0005231507559053,en,thewire
rec,0.0005231507559053,en,thewire
andrew,0.0005231507559053,en,thewire
lightweight,0.0005231507559053,en,thewire
cottage,0.0005231507559053,en,thewire
elementary,0.0005231507559053,en,thewire
infirmary,0.0005231507559053,en,thewire
precedent,0.0005231507559053,en,thewire
button,0.0005226892838994,en,thewire
instinct,0.0005226892838994,en,thewire
anti,0.0005225574258748,en,thewire
menu,0.0005225574258748,en,thewire
grill,0.0005225574258748,en,thewire
advanced,0.0005225574258748,en,thewire
puzzle,0.0005225574258748,en,thewire
harassment,0.0005186979341366,en,thewire
whereabouts,0.0005186979341366,en,thewire
whiskey,0.0005186979341366,en,thewire
discretion,0.0005186979341366,en,thewire
toothbrush,0.0005186979341366,en,thewire
dean,0.0005186979341366,en,thewire
mixed,0.0005186979341366,en,thewire
routine,0.000518132239991,en,thewire
prayer,0.000518132239991,en,thewire
interstate,0.000516453115081,en,thewire
grownup,0.000516453115081,en,thewire
alimony,0.000516453115081,en,thewire
coulda,0.000516453115081,en,thewire
alumnus,0.000516453115081,en,thewire
wine,0.0005143019628466,en,thewire
relate,0.0005143019628466,en,thewire
shower,0.0005143019628466,en,thewire
fashion,0.0005137588118544,en,thewire
bored,0.0005137588118544,en,thewire
ninth,0.0005137533740498,en,thewire
equation,0.0005137533740498,en,thewire
logic,0.0005137533740498,en,thewire
stripper,0.0005137533740498,en,thewire
cemetery,0.0005137533740498,en,thewire
qualify,0.0005137533740498,en,thewire
philadelphia,0.0005130861022025,en,thewire
shitter,0.0005130861022025,en,thewire
petechial,0.0005130861022025,en,thewire
keyhole,0.0005130861022025,en,thewire
anecdotal,0.0005130861022025,en,thewire
sgt,0.0005130861022025,en,thewire
revitalize,0.0005130861022025,en,thewire
ident,0.0005130861022025,en,thewire
cooked,0.0005130861022025,en,thewire
spic,0.0005130861022025,en,thewire
preen,0.0005130861022025,en,thewire
dre,0.0005130861022025,en,thewire
cull,0.0005130861022025,en,thewire
goddammit,0.0005130861022025,en,thewire
may,0.0005130861022025,en,thewire
soapbox,0.0005130861022025,en,thewire
cognac,0.0005130861022025,en,thewire
taj,0.0005130861022025,en,thewire
siento,0.0005130861022025,en,thewire
backdrop,0.0005130861022025,en,thewire
flipping,0.0005130861022025,en,thewire
denni,0.0005130861022025,en,thewire
bogie,0.0005130861022025,en,thewire
derrick,0.0005130861022025,en,thewire
responsibly,0.0005130861022025,en,thewire
virile,0.0005130861022025,en,thewire
fearsome,0.0005130861022025,en,thewire
fundraising,0.0005130861022025,en,thewire
warpath,0.0005130861022025,en,thewire
possibility,0.0005101663703304,en,thewire
lineup,0.0005099496363681,en,thewire
aggravate,0.0005099496363681,en,thewire
tox,0.0005099496363681,en,thewire
probability,0.0005099496363681,en,thewire
cigarette,0.0005094359447134,en,thewire
previous,0.0005094359447134,en,thewire
shortly,0.0005094359447134,en,thewire
variety,0.0005088892168864,en,thewire
alibi,0.0005088892168864,en,thewire
crowded,0.0005088892168864,en,thewire
kidnapping,0.0005088892168864,en,thewire
nightmare,0.0005060685463097,en,thewire
delivery,0.0005060685463097,en,thewire
threat,0.0005060685463097,en,thewire
exception,0.00050516248285,en,thewire
monkey,0.00050516248285,en,thewire
paramedic,0.0005041028895853,en,thewire
hum,0.0005041028895853,en,thewire
itch,0.0005041028895853,en,thewire
transform,0.0005041028895853,en,thewire
pow,0.0005036293788217,en,thewire
clockwork,0.0005036293788217,en,thewire
outdoors,0.0005036293788217,en,thewire
suburb,0.0005036293788217,en,thewire
repeat,0.0005020078071779,en,thewire
god,0.0005020078071779,en,thewire
communication,0.0005009373097247,en,thewire
methe,0.0005000718508134,en,thewire
bagging,0.0005000718508134,en,thewire
entrap,0.0005000718508134,en,thewire
aforementioned,0.0005000718508134,en,thewire
barbershop,0.0005000718508134,en,thewire
gazebo,0.0005000718508134,en,thewire
salisbury,0.0005000718508134,en,thewire
ruckus,0.0005000718508134,en,thewire
jumpin,0.0005000718508134,en,thewire
capone,0.0005000718508134,en,thewire
comma,0.0005000718508134,en,thewire
preppy,0.0005000718508134,en,thewire
proficient,0.0005000718508134,en,thewire
symptomatic,0.0005000718508134,en,thewire
sphinx,0.0005000718508134,en,thewire
something,0.0005000718508134,en,thewire
prometheus,0.0005000718508134,en,thewire
cuttin,0.0005000718508134,en,thewire
westbound,0.0005000718508134,en,thewire
wanton,0.0005000718508134,en,thewire
prissy,0.0005000718508134,en,thewire
quasi,0.0005000718508134,en,thewire
solicitor,0.0005000718508134,en,thewire
mook,0.0005000718508134,en,thewire
transpo,0.0005000718508134,en,thewire
snub,0.0005000718508134,en,thewire
fairfax,0.0005000718508134,en,thewire
accordance,0.0005000718508134,en,thewire
gps,0.0004993919406579,en,thewire
suffering,0.0004993919406579,en,thewire
papa,0.0004993919406579,en,thewire
technical,0.0004993919406579,en,thewire
principal,0.0004993919406579,en,thewire
toll,0.0004993919406579,en,thewire
yup,0.0004993919406579,en,thewire
bald,0.0004993919406579,en,thewire
powerful,0.0004979834877215,en,thewire
expedite,0.0004974823009873,en,thewire
oversight,0.0004974823009873,en,thewire
turnout,0.0004974823009873,en,thewire
despair,0.0004974823009873,en,thewire
accountable,0.0004974823009873,en,thewire
tragic,0.0004967593462255,en,thewire
context,0.0004947540326477,en,thewire
brag,0.0004947540326477,en,thewire
fatal,0.0004947540326477,en,thewire
recommendation,0.0004947540326477,en,thewire
apply,0.0004939949404668,en,thewire
hero,0.0004939949404668,en,thewire
ditch,0.0004926275490136,en,thewire
moral,0.0004926275490136,en,thewire
downhill,0.0004914991649255,en,thewire
prominent,0.0004914991649255,en,thewire
strategic,0.0004914991649255,en,thewire
administrative,0.0004914991649255,en,thewire
mastermind,0.0004914991649255,en,thewire
vein,0.0004901869351655,en,thewire
salesman,0.0004901869351655,en,thewire
casualty,0.0004901869351655,en,thewire
growth,0.0004901869351655,en,thewire
tremendous,0.0004901869351655,en,thewire
rehab,0.0004901869351655,en,thewire
innocent,0.0004900415350543,en,thewire
influence,0.0004885409089593,en,thewire
garbage,0.0004885409089593,en,thewire
minor,0.0004885409089593,en,thewire
stable,0.0004885409089593,en,thewire
mort,0.0004880999000689,en,thewire
soundly,0.0004880999000689,en,thewire
buckshot,0.0004880999000689,en,thewire
alexis,0.0004880999000689,en,thewire
carte,0.0004880999000689,en,thewire
sightseeing,0.0004880999000689,en,thewire
dollhouse,0.0004880999000689,en,thewire
chasm,0.0004880999000689,en,thewire
padded,0.0004880999000689,en,thewire
readin,0.0004880999000689,en,thewire
diligent,0.0004880999000689,en,thewire
locale,0.0004880999000689,en,thewire
seaman,0.0004880999000689,en,thewire
incidence,0.0004880999000689,en,thewire
hue,0.0004880999000689,en,thewire
groggy,0.0004880999000689,en,thewire
registrar,0.0004880999000689,en,thewire
gabby,0.0004880999000689,en,thewire
neurosurgeon,0.0004880999000689,en,thewire
harem,0.0004880999000689,en,thewire
realistically,0.0004880999000689,en,thewire
facet,0.0004880999000689,en,thewire
northwestern,0.0004880999000689,en,thewire
lobbyist,0.0004880999000689,en,thewire
defiant,0.0004880999000689,en,thewire
sanctify,0.0004880999000689,en,thewire
plywood,0.0004880999000689,en,thewire
recuse,0.0004880999000689,en,thewire
glee,0.0004880999000689,en,thewire
girdle,0.0004880999000689,en,thewire
salmonella,0.0004880999000689,en,thewire
gummy,0.0004880999000689,en,thewire
wendell,0.0004880999000689,en,thewire
iooke,0.0004880999000689,en,thewire
filly,0.0004880999000689,en,thewire
quotation,0.0004880999000689,en,thewire
lumpy,0.0004880999000689,en,thewire
harlem,0.0004880999000689,en,thewire
honestly,0.0004861226576409,en,thewire
eve,0.0004856885184491,en,thewire
category,0.0004856885184491,en,thewire
straighten,0.0004856885184491,en,thewire
generosity,0.000485671452705,en,thewire
elude,0.000485671452705,en,thewire
snort,0.000485671452705,en,thewire
bumpy,0.000485671452705,en,thewire
dusty,0.000485671452705,en,thewire
fraction,0.000485671452705,en,thewire
bobby,0.000485671452705,en,thewire
sub,0.0004844984496627,en,thewire
wallet,0.0004844984496627,en,thewire
magazine,0.0004844984496627,en,thewire
chocolate,0.0004844984496627,en,thewire
hop,0.0004844984496627,en,thewire
crap,0.0004822377103278,en,thewire
nervous,0.0004822377103278,en,thewire
prepare,0.0004822377103278,en,thewire
writer,0.0004812567473997,en,thewire
bum,0.0004812567473997,en,thewire
barbecue,0.0004812567473997,en,thewire
worthless,0.0004812567473997,en,thewire
campus,0.0004812567473997,en,thewire
movement,0.0004804992260537,en,thewire
oral,0.0004799912934696,en,thewire
anna,0.0004799912934696,en,thewire
removal,0.0004799912934696,en,thewire
grin,0.0004799912934696,en,thewire
charitable,0.0004799912934696,en,thewire
shock,0.0004783861106132,en,thewire
rediscover,0.0004770156049696,en,thewire
caveat,0.0004770156049696,en,thewire
cassandra,0.0004770156049696,en,thewire
morsel,0.0004770156049696,en,thewire
obedience,0.0004770156049696,en,thewire
sealed,0.0004770156049696,en,thewire
overwrite,0.0004770156049696,en,thewire
padlock,0.0004770156049696,en,thewire
designation,0.0004770156049696,en,thewire
roberto,0.0004770156049696,en,thewire
bloat,0.0004770156049696,en,thewire
shebang,0.0004770156049696,en,thewire
lauderdale,0.0004770156049696,en,thewire
downgrade,0.0004770156049696,en,thewire
fortitude,0.0004770156049696,en,thewire
brim,0.0004770156049696,en,thewire
landscaping,0.0004770156049696,en,thewire
contributor,0.0004770156049696,en,thewire
turnover,0.0004770156049696,en,thewire
mara,0.0004770156049696,en,thewire
ramone,0.0004770156049696,en,thewire
familiarize,0.0004770156049696,en,thewire
bustin,0.0004770156049696,en,thewire
congratulate,0.0004768896760529,en,thewire
diaper,0.0004768896760529,en,thewire
trophy,0.0004768896760529,en,thewire
upgrade,0.0004768896760529,en,thewire
tease,0.0004768896760529,en,thewire
rarely,0.0004768896760529,en,thewire
sin,0.0004765423230653,en,thewire
armed,0.0004765423230653,en,thewire
option,0.0004745672908681,en,thewire
enforce,0.0004744513995128,en,thewire
acting,0.0004744513995128,en,thewire
stairwell,0.0004744513995128,en,thewire
overhead,0.0004744513995128,en,thewire
roster,0.0004744513995128,en,thewire
ocean,0.0004726268543772,en,thewire
express,0.0004726268543772,en,thewire
clever,0.0004726268543772,en,thewire
cast,0.0004726268543772,en,thewire
investigate,0.0004726268543772,en,thewire
ding,0.0004725854424492,en,thewire
estimate,0.0004725854424492,en,thewire
grown,0.0004725854424492,en,thewire
implication,0.0004690450100561,en,thewire
petition,0.0004690450100561,en,thewire
outnumber,0.0004690450100561,en,thewire
crane,0.0004690450100561,en,thewire
attendance,0.0004690450100561,en,thewire
enable,0.0004690450100561,en,thewire
mislead,0.0004690450100561,en,thewire
respectable,0.0004690450100561,en,thewire
moon,0.0004687519612242,en,thewire
plastic,0.0004687519612242,en,thewire
mask,0.0004687519612242,en,thewire
custody,0.0004687519612242,en,thewire
activate,0.0004683422638664,en,thewire
certificate,0.0004683422638664,en,thewire
ripper,0.0004666963731099,en,thewire
reese,0.0004666963731099,en,thewire
skinned,0.0004666963731099,en,thewire
homoerotic,0.0004666963731099,en,thewire
whorehouse,0.0004666963731099,en,thewire
goingto,0.0004666963731099,en,thewire
postpartum,0.0004666963731099,en,thewire
orifice,0.0004666963731099,en,thewire
veneer,0.0004666963731099,en,thewire
uncooperative,0.0004666963731099,en,thewire
pissant,0.0004666963731099,en,thewire
avail,0.0004666963731099,en,thewire
payable,0.0004666963731099,en,thewire
carnivore,0.0004666963731099,en,thewire
vex,0.0004666963731099,en,thewire
encompass,0.0004666963731099,en,thewire
communal,0.0004666963731099,en,thewire
wafer,0.0004666963731099,en,thewire
preying,0.0004666963731099,en,thewire
hertz,0.0004666963731099,en,thewire
mahal,0.0004666963731099,en,thewire
overhaul,0.0004666963731099,en,thewire
monetary,0.0004666963731099,en,thewire
plat,0.0004666963731099,en,thewire
indicative,0.0004666963731099,en,thewire
cuss,0.0004666963731099,en,thewire
fixin,0.0004666963731099,en,thewire
telltale,0.0004666963731099,en,thewire
butt,0.0004649168112655,en,thewire
bore,0.0004649168112655,en,thewire
couch,0.0004649168112655,en,thewire
kidnap,0.0004649168112655,en,thewire
someday,0.0004649168112655,en,thewire
injury,0.0004649168112655,en,thewire
pursue,0.0004649168112655,en,thewire
exam,0.0004641584323873,en,thewire
electronic,0.0004641584323873,en,thewire
stumble,0.0004641584323873,en,thewire
lick,0.0004641584323873,en,thewire
reckon,0.0004637658416438,en,thewire
astronaut,0.0004637658416438,en,thewire
restless,0.0004637658416438,en,thewire
parker,0.0004637658416438,en,thewire
retainer,0.0004637658416438,en,thewire
paw,0.0004637658416438,en,thewire
insult,0.0004611205975116,en,thewire
charm,0.0004611205975116,en,thewire
fork,0.0004600323107712,en,thewire
orphan,0.0004600323107712,en,thewire
ward,0.0004600323107712,en,thewire
create,0.0004596089520123,en,thewire
accept,0.0004596089520123,en,thewire
learning,0.0004586080442412,en,thewire
rewrite,0.0004586080442412,en,thewire
surgery,0.0004573625373054,en,thewire
pariah,0.0004570433763706,en,thewire
prosperous,0.0004570433763706,en,thewire
yuppie,0.0004570433763706,en,thewire
dialect,0.0004570433763706,en,thewire
perseverance,0.0004570433763706,en,thewire
flagged,0.0004570433763706,en,thewire
abode,0.0004570433763706,en,thewire
inoculate,0.0004570433763706,en,thewire
undercut,0.0004570433763706,en,thewire
robbie,0.0004570433763706,en,thewire
fraudulent,0.0004570433763706,en,thewire
missin,0.0004570433763706,en,thewire
nonprofit,0.0004570433763706,en,thewire
peacock,0.0004570433763706,en,thewire
broadcasting,0.0004570433763706,en,thewire
taillight,0.0004570433763706,en,thewire
ordinance,0.0004570433763706,en,thewire
pokey,0.0004570433763706,en,thewire
impediment,0.0004570433763706,en,thewire
foolishness,0.0004570433763706,en,thewire
swindle,0.0004570433763706,en,thewire
sanitation,0.0004570433763706,en,thewire
seein,0.0004570433763706,en,thewire
blanche,0.0004570433763706,en,thewire
ideal,0.0004559623286081,en,thewire
shred,0.0004559623286081,en,thewire
relevant,0.0004559623286081,en,thewire
gamble,0.0004559623286081,en,thewire
goose,0.0004559623286081,en,thewire
devil,0.0004536418713532,en,thewire
pure,0.0004536418713532,en,thewire
literally,0.0004536418713532,en,thewire
screen,0.0004536418713532,en,thewire
refer,0.0004536418713532,en,thewire
indoor,0.0004535661622666,en,thewire
prosecute,0.0004535661622666,en,thewire
railroad,0.0004535661622666,en,thewire
shepherd,0.0004535661622666,en,thewire
helicopter,0.0004519469787298,en,thewire
spark,0.0004519469787298,en,thewire
heartbeat,0.0004519469787298,en,thewire
frankly,0.0004499578628044,en,thewire
league,0.0004499578628044,en,thewire
lapse,0.0004486350999068,en,thewire
warming,0.0004486350999068,en,thewire
sneeze,0.0004486350999068,en,thewire
hut,0.0004486350999068,en,thewire
housewife,0.0004486350999068,en,thewire
span,0.0004486350999068,en,thewire
easter,0.0004486350999068,en,thewire
lion,0.0004479848138591,en,thewire
youth,0.0004479848138591,en,thewire
resume,0.0004479848138591,en,thewire
bench,0.0004479848138591,en,thewire
reluctance,0.0004479757797415,en,thewire
bulge,0.0004479757797415,en,thewire
homely,0.0004479757797415,en,thewire
shrivel,0.0004479757797415,en,thewire
malley,0.0004479757797415,en,thewire
correctional,0.0004479757797415,en,thewire
ligature,0.0004479757797415,en,thewire
constituent,0.0004479757797415,en,thewire
prowess,0.0004479757797415,en,thewire
regrettable,0.0004479757797415,en,thewire
cambridge,0.0004479757797415,en,thewire
critically,0.0004479757797415,en,thewire
toxicity,0.0004479757797415,en,thewire
elastic,0.0004479757797415,en,thewire
kel,0.0004479757797415,en,thewire
casa,0.0004479757797415,en,thewire
sustained,0.0004479757797415,en,thewire
mischief,0.0004479757797415,en,thewire
boardwalk,0.0004479757797415,en,thewire
wilder,0.0004479757797415,en,thewire
starboard,0.0004479757797415,en,thewire
cannibalism,0.0004479757797415,en,thewire
decree,0.0004479757797415,en,thewire
arrange,0.0004463097963753,en,thewire
beach,0.0004463097963753,en,thewire
tiger,0.000444074443478,en,thewire
dismiss,0.000444074443478,en,thewire
ink,0.000444074443478,en,thewire
breakdown,0.000444074443478,en,thewire
hobby,0.000444074443478,en,thewire
intimacy,0.0004438100901635,en,thewire
defect,0.0004438100901635,en,thewire
firework,0.0004438100901635,en,thewire
suspension,0.0004438100901635,en,thewire
unreasonable,0.0004438100901635,en,thewire
faculty,0.0004438100901635,en,thewire
compartment,0.0004438100901635,en,thewire
resignation,0.0004438100901635,en,thewire
educational,0.0004438100901635,en,thewire
patron,0.0004438100901635,en,thewire
wrath,0.0004438100901635,en,thewire
ramp,0.0004438100901635,en,thewire
perform,0.0004426969775161,en,thewire
struggle,0.0004426969775161,en,thewire
privacy,0.0004426969775161,en,thewire
strap,0.0004402145308983,en,thewire
religion,0.0004402145308983,en,thewire
scotch,0.0004402145308983,en,thewire
talking,0.0004402145308983,en,thewire
rocket,0.0004402145308983,en,thewire
polished,0.0004394266222353,en,thewire
transcribe,0.0004394266222353,en,thewire
mausoleum,0.0004394266222353,en,thewire
monroe,0.0004394266222353,en,thewire
olsen,0.0004394266222353,en,thewire
flushed,0.0004394266222353,en,thewire
enema,0.0004394266222353,en,thewire
predatory,0.0004394266222353,en,thewire
centerpiece,0.0004394266222353,en,thewire
mein,0.0004394266222353,en,thewire
merrier,0.0004394266222353,en,thewire
disprove,0.0004394266222353,en,thewire
dwight,0.0004394266222353,en,thewire
larry,0.0004394266222353,en,thewire
lasting,0.0004394266222353,en,thewire
brazen,0.0004394266222353,en,thewire
shingle,0.0004394266222353,en,thewire
podium,0.0004394266222353,en,thewire
gunpowder,0.0004394266222353,en,thewire
nee,0.0004394266222353,en,thewire
smartass,0.0004394266222353,en,thewire
unclaimed,0.0004394266222353,en,thewire
flagpole,0.0004394266222353,en,thewire
brave,0.0004391187316162,en,thewire
stupidity,0.0004390866671576,en,thewire
exaggerate,0.0004390866671576,en,thewire
rite,0.0004390866671576,en,thewire
unidentified,0.0004390866671576,en,thewire
welfare,0.0004390866671576,en,thewire
industry,0.000436403790518,en,thewire
seed,0.000436403790518,en,thewire
jealous,0.0004355744032495,en,thewire
character,0.0004355744032495,en,thewire
nurse,0.0004355744032495,en,thewire
army,0.0004355744032495,en,thewire
utility,0.0004344606412905,en,thewire
retain,0.0004344606412905,en,thewire
assassination,0.0004344606412905,en,thewire
statistic,0.0004344606412905,en,thewire
cable,0.0004326409852511,en,thewire
allergic,0.0004326409852511,en,thewire
curse,0.0004326409852511,en,thewire
cleaning,0.0004326409852511,en,thewire
bolt,0.0004326409852511,en,thewire
princess,0.0004326409852511,en,thewire
captain,0.0004320633554527,en,thewire
physical,0.0004320633554527,en,thewire
expensive,0.0004320633554527,en,thewire
storm,0.0004320633554527,en,thewire
entirely,0.0004320633554527,en,thewire
blown,0.0004313398129712,en,thewire
impede,0.0004313398129712,en,thewire
bel,0.0004313398129712,en,thewire
affirm,0.0004313398129712,en,thewire
giving,0.0004313398129712,en,thewire
captioning,0.0004313398129712,en,thewire
lindsey,0.0004313398129712,en,thewire
disbar,0.0004313398129712,en,thewire
lacrosse,0.0004313398129712,en,thewire
landfill,0.0004313398129712,en,thewire
unlawful,0.0004313398129712,en,thewire
rung,0.0004313398129712,en,thewire
corral,0.0004313398129712,en,thewire
cola,0.0004313398129712,en,thewire
chanel,0.0004313398129712,en,thewire
rightly,0.0004313398129712,en,thewire
sleepin,0.0004313398129712,en,thewire
transient,0.0004313398129712,en,thewire
inflame,0.0004313398129712,en,thewire
heartbreaker,0.0004313398129712,en,thewire
jackhammer,0.0004313398129712,en,thewire
ballgame,0.0004313398129712,en,thewire
stagger,0.0004313398129712,en,thewire
assembly,0.0004299280769144,en,thewire
lime,0.0004299280769144,en,thewire
taint,0.0004299280769144,en,thewire
detour,0.0004299280769144,en,thewire
trading,0.0004299280769144,en,thewire
dine,0.0004299280769144,en,thewire
less,0.0004299280769144,en,thewire
certify,0.0004299280769144,en,thewire
fart,0.0004299280769144,en,thewire
videotape,0.0004299280769144,en,thewire
mitchell,0.0004299280769144,en,thewire
display,0.0004289249241166,en,thewire
powder,0.0004289249241166,en,thewire
commercial,0.0004289249241166,en,thewire
severe,0.0004289249241166,en,thewire
rubber,0.0004289249241166,en,thewire
perspective,0.0004289249241166,en,thewire
protocol,0.0004289249241166,en,thewire
golf,0.0004289249241166,en,thewire
sober,0.0004289249241166,en,thewire
dedication,0.0004254852722138,en,thewire
trim,0.0004254852722138,en,thewire
spec,0.0004254852722138,en,thewire
proportion,0.0004254852722138,en,thewire
foundation,0.0004252544599754,en,thewire
unable,0.0004252544599754,en,thewire
shrink,0.0004252544599754,en,thewire
wrangle,0.0004236678986672,en,thewire
basin,0.0004236678986672,en,thewire
joyful,0.0004236678986672,en,thewire
unnamed,0.0004236678986672,en,thewire
nationwide,0.0004236678986672,en,thewire
botched,0.0004236678986672,en,thewire
affected,0.0004236678986672,en,thewire
endear,0.0004236678986672,en,thewire
insulate,0.0004236678986672,en,thewire
charmer,0.0004236678986672,en,thewire
printing,0.0004236678986672,en,thewire
migrate,0.0004236678986672,en,thewire
transvestite,0.0004236678986672,en,thewire
hinky,0.0004236678986672,en,thewire
twirl,0.0004236678986672,en,thewire
sig,0.0004236678986672,en,thewire
cobbler,0.0004236678986672,en,thewire
complicit,0.0004236678986672,en,thewire
burden,0.0004216284874048,en,thewire
fingerprint,0.0004216284874048,en,thewire
tube,0.0004216284874048,en,thewire
embarrassed,0.0004216284874048,en,thewire
construction,0.0004216284874048,en,thewire
bogus,0.0004211287410409,en,thewire
scandal,0.0004211287410409,en,thewire
salvation,0.0004211287410409,en,thewire
frustration,0.0004211287410409,en,thewire
cheer,0.0004183398393149,en,thewire
sky,0.0004183398393149,en,thewire
flight,0.0004183398393149,en,thewire
hardly,0.0004183398393149,en,thewire
tea,0.0004183398393149,en,thewire
hint,0.0004180459406998,en,thewire
kit,0.0004180459406998,en,thewire
ankle,0.0004180459406998,en,thewire
division,0.0004180459406998,en,thewire
beast,0.0004180459406998,en,thewire
automatically,0.0004168551964809,en,thewire
mine,0.0004168551964809,en,thewire
stabilize,0.0004168551964809,en,thewire
northern,0.0004168551964809,en,thewire
dining,0.0004168551964809,en,thewire
racketeering,0.0004163703763915,en,thewire
exploration,0.0004163703763915,en,thewire
evaporate,0.0004163703763915,en,thewire
giveaway,0.0004163703763915,en,thewire
cheesecake,0.0004163703763915,en,thewire
nocturnal,0.0004163703763915,en,thewire
idly,0.0004163703763915,en,thewire
outreach,0.0004163703763915,en,thewire
contingent,0.0004163703763915,en,thewire
furthermore,0.0004163703763915,en,thewire
coalition,0.0004163703763915,en,thewire
exec,0.0004163703763915,en,thewire
demeanor,0.0004163703763915,en,thewire
deuce,0.0004163703763915,en,thewire
hearsay,0.0004163703763915,en,thewire
unpunished,0.0004163703763915,en,thewire
aorta,0.0004163703763915,en,thewire
clipboard,0.0004163703763915,en,thewire
greta,0.0004163703763915,en,thewire
mentality,0.0004163703763915,en,thewire
legwork,0.0004163703763915,en,thewire
discover,0.0004149862397679,en,thewire
remove,0.0004149862397679,en,thewire
example,0.0004149862397679,en,thewire
spare,0.0004149862397679,en,thewire
pulse,0.0004145057919928,en,thewire
erase,0.0004145057919928,en,thewire
bait,0.0004145057919928,en,thewire
rabbit,0.0004145057919928,en,thewire
strictly,0.0004145057919928,en,thewire
obtain,0.0004126615359545,en,thewire
notebook,0.0004126615359545,en,thewire
napkin,0.0004126615359545,en,thewire
credibility,0.0004126615359545,en,thewire
gracious,0.0004126615359545,en,thewire
complicate,0.0004126615359545,en,thewire
asleep,0.000411662450389,en,thewire
ridiculous,0.000411662450389,en,thewire
whack,0.0004110070494835,en,thewire
cage,0.0004110070494835,en,thewire
thirsty,0.0004110070494835,en,thewire
collapse,0.0004110070494835,en,thewire
hammer,0.0004110070494835,en,thewire
vibrant,0.0004094123991816,en,thewire
hectic,0.0004094123991816,en,thewire
walt,0.0004094123991816,en,thewire
caterpillar,0.0004094123991816,en,thewire
shane,0.0004094123991816,en,thewire
bonjour,0.0004094123991816,en,thewire
repairman,0.0004094123991816,en,thewire
accumulate,0.0004094123991816,en,thewire
simpson,0.0004094123991816,en,thewire
gall,0.0004094123991816,en,thewire
porter,0.0004094123991816,en,thewire
richie,0.0004094123991816,en,thewire
prostate,0.0004094123991816,en,thewire
giddy,0.0004094123991816,en,thewire
widespread,0.0004094123991816,en,thewire
thirty,0.0004094123991816,en,thewire
gash,0.0004094123991816,en,thewire
poppy,0.0004094123991816,en,thewire
startin,0.0004094123991816,en,thewire
mistletoe,0.0004094123991816,en,thewire
secrete,0.0004094123991816,en,thewire
confidentiality,0.0004085448276861,en,thewire
wrinkle,0.0004085448276861,en,thewire
seeing,0.0004085448276861,en,thewire
user,0.0004085448276861,en,thewire
decoy,0.0004085448276861,en,thewire
sour,0.0004085448276861,en,thewire
lovely,0.0004083679458786,en,thewire
danger,0.0004083679458786,en,thewire
structure,0.0004075487557707,en,thewire
superior,0.0004075487557707,en,thewire
organize,0.0004075487557707,en,thewire
grief,0.0004075487557707,en,thewire
forbid,0.0004075487557707,en,thewire
competitive,0.000404502298392,en,thewire
outrageous,0.000404502298392,en,thewire
tender,0.000404502298392,en,thewire
tribe,0.000404502298392,en,thewire
spanish,0.00040412998628,en,thewire
reading,0.00040412998628,en,thewire
lame,0.00040412998628,en,thewire
passion,0.00040412998628,en,thewire
weigh,0.00040412998628,en,thewire
superiority,0.0004027637696254,en,thewire
gangbanger,0.0004027637696254,en,thewire
mite,0.0004027637696254,en,thewire
emphasize,0.0004027637696254,en,thewire
laughing,0.0004027637696254,en,thewire
exaggeration,0.0004027637696254,en,thewire
two,0.0004027637696254,en,thewire
carcass,0.0004027637696254,en,thewire
fess,0.0004027637696254,en,thewire
ante,0.0004027637696254,en,thewire
dependable,0.0004027637696254,en,thewire
printout,0.0004027637696254,en,thewire
profiling,0.0004027637696254,en,thewire
analog,0.0004027637696254,en,thewire
brook,0.0004027637696254,en,thewire
penetration,0.0004027637696254,en,thewire
meticulous,0.0004027637696254,en,thewire
promptly,0.0004027637696254,en,thewire
lower,0.0004007498477798,en,thewire
carefully,0.0004007498477798,en,thewire
critical,0.0004007498477798,en,thewire
jeez,0.0004007498477798,en,thewire
temporary,0.0004007498477798,en,thewire
harsh,0.0004007498477798,en,thewire
nickel,0.0004005313220584,en,thewire
branch,0.0003974074769804,en,thewire
physically,0.0003974074769804,en,thewire
thrill,0.0003974074769804,en,thewire
gay,0.0003974074769804,en,thewire
punishment,0.0003974074769804,en,thewire
highlight,0.0003966294096951,en,thewire
insight,0.0003966294096951,en,thewire
grape,0.0003966294096951,en,thewire
tactic,0.0003966294096951,en,thewire
frequency,0.0003966294096951,en,thewire
briefcase,0.0003966294096951,en,thewire
bathtub,0.0003966294096951,en,thewire
porch,0.0003966294096951,en,thewire
cotton,0.0003966294096951,en,thewire
boiler,0.0003963981477925,en,thewire
erect,0.0003963981477925,en,thewire
underlie,0.0003963981477925,en,thewire
demographic,0.0003963981477925,en,thewire
nutjob,0.0003963981477925,en,thewire
intricate,0.0003963981477925,en,thewire
jamie,0.0003963981477925,en,thewire
wart,0.0003963981477925,en,thewire
scarecrow,0.0003963981477925,en,thewire
assert,0.0003963981477925,en,thewire
persecute,0.0003963981477925,en,thewire
handing,0.0003963981477925,en,thewire
prowl,0.0003963981477925,en,thewire
proactive,0.0003963981477925,en,thewire
pediatric,0.0003963981477925,en,thewire
irregularity,0.0003963981477925,en,thewire
cadillac,0.0003963981477925,en,thewire
puffy,0.0003963981477925,en,thewire
surplus,0.0003963981477925,en,thewire
locker,0.0003941020392109,en,thewire
pity,0.0003941020392109,en,thewire
last,0.0003941020392109,en,thewire
running,0.0003927941999653,en,thewire
peach,0.0003927941999653,en,thewire
consolation,0.0003927941999653,en,thewire
perceive,0.0003927941999653,en,thewire
conceal,0.0003927941999653,en,thewire
reel,0.0003927941999653,en,thewire
farm,0.0003908327271674,en,thewire
emotional,0.0003908327271674,en,thewire
escort,0.0003908327271674,en,thewire
assignment,0.0003908327271674,en,thewire
unanimous,0.0003902924209638,en,thewire
woodwork,0.0003902924209638,en,thewire
plight,0.0003902924209638,en,thewire
skanky,0.0003902924209638,en,thewire
homesick,0.0003902924209638,en,thewire
pastor,0.0003902924209638,en,thewire
chevy,0.0003902924209638,en,thewire
tri,0.0003902924209638,en,thewire
monument,0.0003902924209638,en,thewire
unattended,0.0003902924209638,en,thewire
kickin,0.0003902924209638,en,thewire
portray,0.0003902924209638,en,thewire
explicit,0.0003902924209638,en,thewire
excel,0.0003902924209638,en,thewire
narrative,0.0003902924209638,en,thewire
statistical,0.0003902924209638,en,thewire
untrue,0.0003902924209638,en,thewire
scheduling,0.0003902924209638,en,thewire
enforcer,0.0003902924209638,en,thewire
bribery,0.0003902924209638,en,thewire
invert,0.0003902924209638,en,thewire
normal,0.0003891881601187,en,thewire
dentist,0.0003890234506024,en,thewire
honorable,0.0003890234506024,en,thewire
weekly,0.0003890234506024,en,thewire
outcome,0.0003890234506024,en,thewire
pantie,0.0003890234506024,en,thewire
household,0.0003890234506024,en,thewire
assumption,0.0003890234506024,en,thewire
ohh,0.0003890234506024,en,thewire
textbook,0.0003890234506024,en,thewire
praise,0.0003890234506024,en,thewire
instruction,0.0003875987597302,en,thewire
reputation,0.0003875987597302,en,thewire
engine,0.0003875987597302,en,thewire
proceed,0.0003875987597302,en,thewire
salt,0.0003875987597302,en,thewire
carrot,0.0003853150305374,en,thewire
psychological,0.0003853150305374,en,thewire
discharge,0.0003853150305374,en,thewire
palace,0.0003853150305374,en,thewire
participate,0.0003853150305374,en,thewire
roller,0.0003853150305374,en,thewire
collateral,0.0003853150305374,en,thewire
vacuum,0.0003853150305374,en,thewire
prerogative,0.0003844261970481,en,thewire
three,0.0003844261970481,en,thewire
directive,0.0003844261970481,en,thewire
doable,0.0003844261970481,en,thewire
dole,0.0003844261970481,en,thewire
melody,0.0003844261970481,en,thewire
evac,0.0003844261970481,en,thewire
dearest,0.0003844261970481,en,thewire
criterion,0.0003844261970481,en,thewire
missionary,0.0003844261970481,en,thewire
reptile,0.0003844261970481,en,thewire
snip,0.0003844261970481,en,thewire
vandalize,0.0003844261970481,en,thewire
mason,0.0003844261970481,en,thewire
guide,0.000384399380843,en,thewire
drill,0.000384399380843,en,thewire
locate,0.000384399380843,en,thewire
plug,0.000384399380843,en,thewire
unusual,0.000384399380843,en,thewire
chop,0.000384399380843,en,thewire
krispee,0.0003840322427165,en,thewire
origination,0.0003840322427165,en,thewire
toolin,0.0003840322427165,en,thewire
shitbucket,0.0003840322427165,en,thewire
homefront,0.0003840322427165,en,thewire
dramatical,0.0003840322427165,en,thewire
ruppersberg,0.0003840322427165,en,thewire
sinopoli,0.0003840322427165,en,thewire
electable,0.0003840322427165,en,thewire
whuppin,0.0003840322427165,en,thewire
cheesebox,0.0003840322427165,en,thewire
baff,0.0003840322427165,en,thewire
mugsy,0.0003840322427165,en,thewire
unseld,0.0003840322427165,en,thewire
busfield,0.0003840322427165,en,thewire
lectronic,0.0003840322427165,en,thewire
ghostin,0.0003840322427165,en,thewire
tremaine,0.0003840322427165,en,thewire
mothercker,0.0003840322427165,en,thewire
salvagin,0.0003840322427165,en,thewire
bodybag,0.0003840322427165,en,thewire
nend,0.0003840322427165,en,thewire
scrimpin,0.0003840322427165,en,thewire
scrapin,0.0003840322427165,en,thewire
crudity,0.0003840322427165,en,thewire
bunchaf,0.0003840322427165,en,thewire
nestin,0.0003840322427165,en,thewire
redi,0.0003840322427165,en,thewire
yosstre,0.0003840322427165,en,thewire
sadsack,0.0003840322427165,en,thewire
dialin,0.0003840322427165,en,thewire
espect,0.0003840322427165,en,thewire
claimin,0.0003840322427165,en,thewire
dukeland,0.0003840322427165,en,thewire
hypopulatin,0.0003840322427165,en,thewire
equivocatin,0.0003840322427165,en,thewire
canmden,0.0003840322427165,en,thewire
cocksmokin,0.0003840322427165,en,thewire
mainest,0.0003840322427165,en,thewire
spca,0.0003840322427165,en,thewire
beemove,0.0003840322427165,en,thewire
misfigure,0.0003840322427165,en,thewire
bpi,0.0003840322427165,en,thewire
sapper,0.0003840322427165,en,thewire
deskman,0.0003840322427165,en,thewire
blaow,0.0003840322427165,en,thewire
eckee,0.0003840322427165,en,thewire
ecchymotic,0.0003840322427165,en,thewire
atchya,0.0003840322427165,en,thewire
dolare,0.0003840322427165,en,thewire
bracin,0.0003840322427165,en,thewire
hanh,0.0003840322427165,en,thewire
yoever,0.0003840322427165,en,thewire
chirpin,0.0003840322427165,en,thewire
tonna,0.0003840322427165,en,thewire
grod,0.0003840322427165,en,thewire
measurin,0.0003840322427165,en,thewire
cornerman,0.0003840322427165,en,thewire
asspain,0.0003840322427165,en,thewire
reesie,0.0003840322427165,en,thewire
cumulatively,0.0003840322427165,en,thewire
sammiche,0.0003840322427165,en,thewire
persuadable,0.0003840322427165,en,thewire
moga,0.0003840322427165,en,thewire
tulagy,0.0003840322427165,en,thewire
greenmount,0.0003840322427165,en,thewire
strokin,0.0003840322427165,en,thewire
fazed,0.0003840322427165,en,thewire
dyspeptic,0.0003840322427165,en,thewire
unfound,0.0003840322427165,en,thewire
assle,0.0003840322427165,en,thewire
handless,0.0003840322427165,en,thewire
tholaria,0.0003840322427165,en,thewire
wiretaps,0.0003840322427165,en,thewire
whiteboy,0.0003840322427165,en,thewire
stitchin,0.0003840322427165,en,thewire
hydronic,0.0003840322427165,en,thewire
prepaying,0.0003840322427165,en,thewire
sykesville,0.0003840322427165,en,thewire
plainclothesman,0.0003840322427165,en,thewire
administratively,0.0003840322427165,en,thewire
lauraville,0.0003840322427165,en,thewire
barksdal,0.0003840322427165,en,thewire
schooled,0.0003840322427165,en,thewire
kerpelman,0.0003840322427165,en,thewire
ertman,0.0003840322427165,en,thewire
forelady,0.0003840322427165,en,thewire
mclarney,0.0003840322427165,en,thewire
clowny,0.0003840322427165,en,thewire
charmant,0.0003840322427165,en,thewire
policin,0.0003840322427165,en,thewire
unschooled,0.0003840322427165,en,thewire
peelin,0.0003840322427165,en,thewire
clownin,0.0003840322427165,en,thewire
pluckin,0.0003840322427165,en,thewire
coachin,0.0003840322427165,en,thewire
bonafide,0.0003840322427165,en,thewire
superstroke,0.0003840322427165,en,thewire
pickpocketin,0.0003840322427165,en,thewire
ofprocesse,0.0003840322427165,en,thewire
petrovna,0.0003840322427165,en,thewire
edgemere,0.0003840322427165,en,thewire
oughtn,0.0003840322427165,en,thewire
bushwacking,0.0003840322427165,en,thewire
slinging,0.0003840322427165,en,thewire
multiplexe,0.0003840322427165,en,thewire
adriatica,0.0003840322427165,en,thewire
graybeard,0.0003840322427165,en,thewire
hindpart,0.0003840322427165,en,thewire
backbench,0.0003840322427165,en,thewire
moonshot,0.0003840322427165,en,thewire
ponderin,0.0003840322427165,en,thewire
celltower,0.0003840322427165,en,thewire
hoodys,0.0003840322427165,en,thewire
freestandin,0.0003840322427165,en,thewire
gloatin,0.0003840322427165,en,thewire
ificant,0.0003840322427165,en,thewire
cabriolet,0.0003840322427165,en,thewire
stepney,0.0003840322427165,en,thewire
mersey,0.0003840322427165,en,thewire
pakusa,0.0003840322427165,en,thewire
dustbowl,0.0003840322427165,en,thewire
naddi,0.0003840322427165,en,thewire
lade,0.0003840322427165,en,thewire
digitalize,0.0003840322427165,en,thewire
shagging,0.0003840322427165,en,thewire
nembutal,0.0003840322427165,en,thewire
peckerhead,0.0003840322427165,en,thewire
glorifyin,0.0003840322427165,en,thewire
bribin,0.0003840322427165,en,thewire
thievin,0.0003840322427165,en,thewire
cutt,0.0003840322427165,en,thewire
jumpout,0.0003840322427165,en,thewire
towsontown,0.0003840322427165,en,thewire
peepot,0.0003840322427165,en,thewire
sprinklin,0.0003840322427165,en,thewire
beefing,0.0003840322427165,en,thewire
collectin,0.0003840322427165,en,thewire
wallin,0.0003840322427165,en,thewire
someamn,0.0003840322427165,en,thewire
harford,0.0003840322427165,en,thewire
cookiejar,0.0003840322427165,en,thewire
streetname,0.0003840322427165,en,thewire
uncollected,0.0003840322427165,en,thewire
eraserand,0.0003840322427165,en,thewire
katlow,0.0003840322427165,en,thewire
misspend,0.0003840322427165,en,thewire
annotate,0.0003840322427165,en,thewire
bannion,0.0003840322427165,en,thewire
malatov,0.0003840322427165,en,thewire
wicomico,0.0003840322427165,en,thewire
dropin,0.0003840322427165,en,thewire
policein,0.0003840322427165,en,thewire
shipbuilder,0.0003840322427165,en,thewire
pepop,0.0003840322427165,en,thewire
lnformant,0.0003840322427165,en,thewire
rolpast,0.0003840322427165,en,thewire
shitjust,0.0003840322427165,en,thewire
whschooooo,0.0003840322427165,en,thewire
punchin,0.0003840322427165,en,thewire
propertied,0.0003840322427165,en,thewire
shuit,0.0003840322427165,en,thewire
whippin,0.0003840322427165,en,thewire
outaigo,0.0003840322427165,en,thewire
dawnand,0.0003840322427165,en,thewire
contrapment,0.0003840322427165,en,thewire
cantel,0.0003840322427165,en,thewire
teron,0.0003840322427165,en,thewire
overdevelopment,0.0003840322427165,en,thewire
edc,0.0003840322427165,en,thewire
granderson,0.0003840322427165,en,thewire
ackerel,0.0003840322427165,en,thewire
undertan,0.0003840322427165,en,thewire
dolo,0.0003840322427165,en,thewire
pisspant,0.0003840322427165,en,thewire
whigger,0.0003840322427165,en,thewire
curricula,0.0003840322427165,en,thewire
valparaiso,0.0003840322427165,en,thewire
iuxury,0.0003840322427165,en,thewire
sexagon,0.0003840322427165,en,thewire
dionysius,0.0003840322427165,en,thewire
middleclass,0.0003840322427165,en,thewire
marketwise,0.0003840322427165,en,thewire
comparer,0.0003840322427165,en,thewire
recogge,0.0003840322427165,en,thewire
ballistically,0.0003840322427165,en,thewire
waterside,0.0003840322427165,en,thewire
lamelle,0.0003840322427165,en,thewire
shitbreath,0.0003840322427165,en,thewire
mothersucke,0.0003840322427165,en,thewire
cockfucker,0.0003840322427165,en,thewire
shiiiii,0.0003840322427165,en,thewire
hounchell,0.0003840322427165,en,thewire
shepherdson,0.0003840322427165,en,thewire
massy,0.0003840322427165,en,thewire
treesey,0.0003840322427165,en,thewire
ashland,0.0003840322427165,en,thewire
littlepage,0.0003840322427165,en,thewire
sandtown,0.0003840322427165,en,thewire
greektown,0.0003840322427165,en,thewire
aqqz,0.0003840322427165,en,thewire
tovarich,0.0003840322427165,en,thewire
burdensome,0.0003840322427165,en,thewire
oddamn,0.0003840322427165,en,thewire
pencey,0.0003840322427165,en,thewire
unfavorable,0.0003840322427165,en,thewire
kweisi,0.0003840322427165,en,thewire
sowebo,0.0003840322427165,en,thewire
zippos,0.0003840322427165,en,thewire
delroy,0.0003840322427165,en,thewire
cuffin,0.0003840322427165,en,thewire
pogy,0.0003840322427165,en,thewire
presborowski,0.0003840322427165,en,thewire
containerized,0.0003840322427165,en,thewire
santoni,0.0003840322427165,en,thewire
tasco,0.0003840322427165,en,thewire
mohican,0.0003840322427165,en,thewire
urinator,0.0003840322427165,en,thewire
flashin,0.0003840322427165,en,thewire
cleary,0.0003840322427165,en,thewire
gortex,0.0003840322427165,en,thewire
knockos,0.0003840322427165,en,thewire
smackin,0.0003840322427165,en,thewire
cylburn,0.0003840322427165,en,thewire
gluco,0.0003840322427165,en,thewire
grainery,0.0003840322427165,en,thewire
msp,0.0003840322427165,en,thewire
patrioti,0.0003840322427165,en,thewire
beauford,0.0003840322427165,en,thewire
scalise,0.0003840322427165,en,thewire
photomart,0.0003840322427165,en,thewire
lohrman,0.0003840322427165,en,thewire
offloading,0.0003840322427165,en,thewire
mdot,0.0003840322427165,en,thewire
littering,0.0003840322427165,en,thewire
glassport,0.0003840322427165,en,thewire
stankin,0.0003840322427165,en,thewire
clawin,0.0003840322427165,en,thewire
narcos,0.0003840322427165,en,thewire
coughin,0.0003840322427165,en,thewire
youngin,0.0003840322427165,en,thewire
iure,0.0003840322427165,en,thewire
belair,0.0003840322427165,en,thewire
pigtown,0.0003840322427165,en,thewire
pootso,0.0003840322427165,en,thewire
katalaveni,0.0003840322427165,en,thewire
meshy,0.0003840322427165,en,thewire
osman,0.0003840322427165,en,thewire
trieste,0.0003840322427165,en,thewire
dickbreath,0.0003840322427165,en,thewire
omissive,0.0003840322427165,en,thewire
constabulate,0.0003840322427165,en,thewire
neecee,0.0003840322427165,en,thewire
ject,0.0003840322427165,en,thewire
deidre,0.0003840322427165,en,thewire
ausa,0.0003840322427165,en,thewire
integrally,0.0003840322427165,en,thewire
lasher,0.0003840322427165,en,thewire
esslingen,0.0003840322427165,en,thewire
mikulski,0.0003840322427165,en,thewire
kyiv,0.0003840322427165,en,thewire
prezbelowski,0.0003840322427165,en,thewire
prezbelewski,0.0003840322427165,en,thewire
sidetrip,0.0003840322427165,en,thewire
procaine,0.0003840322427165,en,thewire
moravia,0.0003840322427165,en,thewire
aug,0.0003840322427165,en,thewire
conine,0.0003840322427165,en,thewire
quantell,0.0003840322427165,en,thewire
neesy,0.0003840322427165,en,thewire
judkin,0.0003840322427165,en,thewire
thirt,0.0003840322427165,en,thewire
lverson,0.0003840322427165,en,thewire
avanza,0.0003840322427165,en,thewire
esskay,0.0003840322427165,en,thewire
burman,0.0003840322427165,en,thewire
vargus,0.0003840322427165,en,thewire
onlroll,0.0003840322427165,en,thewire
lntake,0.0003840322427165,en,thewire
epidemiologically,0.0003840322427165,en,thewire
shinehead,0.0003840322427165,en,thewire
vsu,0.0003840322427165,en,thewire
edmondson,0.0003840322427165,en,thewire
pag,0.0003840322427165,en,thewire
bge,0.0003840322427165,en,thewire
crabcake,0.0003840322427165,en,thewire
decs,0.0003840322427165,en,thewire
mcnultys,0.0003840322427165,en,thewire
fto,0.0003840322427165,en,thewire
dec,0.0003840322427165,en,thewire
northside,0.0003840322427165,en,thewire
wynton,0.0003840322427165,en,thewire
ratfucker,0.0003840322427165,en,thewire
prevas,0.0003840322427165,en,thewire
creeping,0.0003840322427165,en,thewire
leggett,0.0003840322427165,en,thewire
photostatte,0.0003840322427165,en,thewire
ljust,0.0003840322427165,en,thewire
muscling,0.0003840322427165,en,thewire
mora,0.0003840322427165,en,thewire
ulmansky,0.0003840322427165,en,thewire
woodmore,0.0003840322427165,en,thewire
drunke,0.0003840322427165,en,thewire
terps,0.0003840322427165,en,thewire
counterman,0.0003840322427165,en,thewire
nicejack,0.0003840322427165,en,thewire
nasdaq,0.0003840322427165,en,thewire
qadriyyah,0.0003840322427165,en,thewire
carmandy,0.0003840322427165,en,thewire
unfille,0.0003840322427165,en,thewire
skreet,0.0003840322427165,en,thewire
fredro,0.0003840322427165,en,thewire
balsa,0.0003840322427165,en,thewire
iinke,0.0003840322427165,en,thewire
ligget,0.0003840322427165,en,thewire
mindamin,0.0003840322427165,en,thewire
ioitere,0.0003840322427165,en,thewire
bruick,0.0003840322427165,en,thewire
tivoly,0.0003840322427165,en,thewire
sheeeeet,0.0003840322427165,en,thewire
suitman,0.0003840322427165,en,thewire
dashiki,0.0003840322427165,en,thewire
councilperson,0.0003840322427165,en,thewire
chemstat,0.0003840322427165,en,thewire
indemnifie,0.0003840322427165,en,thewire
shalanta,0.0003840322427165,en,thewire
lnterdenominational,0.0003840322427165,en,thewire
rashid,0.0003840322427165,en,thewire
funnin,0.0003840322427165,en,thewire
classwork,0.0003840322427165,en,thewire
prezbo,0.0003840322427165,en,thewire
bellwether,0.0003840322427165,en,thewire
covetousness,0.0003840322427165,en,thewire
plurality,0.0003840322427165,en,thewire
lnvert,0.0003840322427165,en,thewire
numerator,0.0003840322427165,en,thewire
markeith,0.0003840322427165,en,thewire
latonya,0.0003840322427165,en,thewire
walkaround,0.0003840322427165,en,thewire
acela,0.0003840322427165,en,thewire
abell,0.0003840322427165,en,thewire
hillendale,0.0003840322427165,en,thewire
cawthorne,0.0003840322427165,en,thewire
mcfarley,0.0003840322427165,en,thewire
ginter,0.0003840322427165,en,thewire
crimefighter,0.0003840322427165,en,thewire
hmmph,0.0003840322427165,en,thewire
bayleaf,0.0003840322427165,en,thewire
macia,0.0003840322427165,en,thewire
shaundra,0.0003840322427165,en,thewire
dashonda,0.0003840322427165,en,thewire
kentel,0.0003840322427165,en,thewire
thiessen,0.0003840322427165,en,thewire
franklintown,0.0003840322427165,en,thewire
sauteed,0.0003840322427165,en,thewire
phis,0.0003840322427165,en,thewire
sammitch,0.0003840322427165,en,thewire
emondson,0.0003840322427165,en,thewire
lntercede,0.0003840322427165,en,thewire
pitman,0.0003840322427165,en,thewire
handjerker,0.0003840322427165,en,thewire
lamartino,0.0003840322427165,en,thewire
randallstown,0.0003840322427165,en,thewire
fuckity,0.0003840322427165,en,thewire
cruder,0.0003840322427165,en,thewire
sensitized,0.0003840322427165,en,thewire
bantry,0.0003840322427165,en,thewire
derry,0.0003840322427165,en,thewire
quay,0.0003840322427165,en,thewire
beginnin,0.0003840322427165,en,thewire
westview,0.0003840322427165,en,thewire
paygo,0.0003840322427165,en,thewire
unfunded,0.0003840322427165,en,thewire
tracewise,0.0003840322427165,en,thewire
damond,0.0003840322427165,en,thewire
svre,0.0003840322427165,en,thewire
reproof,0.0003840322427165,en,thewire
consentual,0.0003840322427165,en,thewire
quanice,0.0003840322427165,en,thewire
edmonson,0.0003840322427165,en,thewire
naldo,0.0003840322427165,en,thewire
nully,0.0003840322427165,en,thewire
exacto,0.0003840322427165,en,thewire
iieutenant,0.0003840322427165,en,thewire
lemel,0.0003840322427165,en,thewire
dinke,0.0003840322427165,en,thewire
lnner,0.0003840322427165,en,thewire
visigoth,0.0003840322427165,en,thewire
formula,0.0003816669126648,en,thewire
forge,0.0003816669126648,en,thewire
peg,0.0003816669126648,en,thewire
servant,0.0003816669126648,en,thewire
sunny,0.0003816669126648,en,thewire
compliment,0.0003812338584522,en,thewire
confidence,0.0003812338584522,en,thewire
barber,0.0003787813936572,en,thewire
snowball,0.0003787813936572,en,thewire
annoyed,0.0003787813936572,en,thewire
hull,0.0003787813936572,en,thewire
preside,0.0003787813936572,en,thewire
hanger,0.0003787813936572,en,thewire
sobriety,0.0003787813936572,en,thewire
stance,0.0003787813936572,en,thewire
coming,0.0003787813936572,en,thewire
glen,0.0003787813936572,en,thewire
toxicology,0.0003787813936572,en,thewire
voluntary,0.0003787813936572,en,thewire
potassium,0.0003787813936572,en,thewire
woe,0.0003787813936572,en,thewire
dabble,0.0003787813936572,en,thewire
reimburse,0.0003787813936572,en,thewire
greece,0.0003787813936572,en,thewire
disposition,0.0003787813936572,en,thewire
drinkin,0.0003787813936572,en,thewire
photographic,0.0003787813936572,en,thewire
barb,0.0003787813936572,en,thewire
bureaucratic,0.0003787813936572,en,thewire
twenty,0.0003787813936572,en,thewire
mommy,0.0003781014835018,en,thewire
discussion,0.0003781014835018,en,thewire
collection,0.0003781014835018,en,thewire
ashamed,0.0003781014835018,en,thewire
mere,0.000378077167189,en,thewire
aspirin,0.000378077167189,en,thewire
suffocate,0.000378077167189,en,thewire
blaze,0.000378077167189,en,thewire
latin,0.000378077167189,en,thewire
compel,0.000378077167189,en,thewire
memorial,0.000378077167189,en,thewire
admission,0.000378077167189,en,thewire
vibe,0.000378077167189,en,thewire
anger,0.0003750015689794,en,thewire
identity,0.0003750015689794,en,thewire
elephant,0.0003745439554934,en,thewire
mill,0.0003745439554934,en,thewire
motorcycle,0.0003745439554934,en,thewire
vicious,0.0003745439554934,en,thewire
riot,0.0003745439554934,en,thewire
eagle,0.0003745439554934,en,thewire
pursuit,0.0003745439554934,en,thewire
wildlife,0.0003733419019488,en,thewire
voting,0.0003733419019488,en,thewire
ashley,0.0003733419019488,en,thewire
specially,0.0003733419019488,en,thewire
intimidation,0.0003733419019488,en,thewire
yankee,0.0003733419019488,en,thewire
algebra,0.0003733419019488,en,thewire
nostalgia,0.0003733419019488,en,thewire
plaza,0.0003733419019488,en,thewire
stewart,0.0003733419019488,en,thewire
vinyl,0.0003733419019488,en,thewire
tac,0.0003733419019488,en,thewire
gutte,0.0003733419019488,en,thewire
cloudy,0.0003733419019488,en,thewire
citation,0.0003733419019488,en,thewire
lotto,0.0003733419019488,en,thewire
articulate,0.0003733419019488,en,thewire
whimper,0.0003733419019488,en,thewire
falsify,0.0003733419019488,en,thewire
differently,0.0003719334490124,en,thewire
disturb,0.0003719334490124,en,thewire
goal,0.0003719334490124,en,thewire
twin,0.0003719334490124,en,thewire
employee,0.0003719334490124,en,thewire
punish,0.0003719334490124,en,thewire
deeply,0.0003719334490124,en,thewire
sink,0.0003719334490124,en,thewire
disaster,0.0003719334490124,en,thewire
presentation,0.0003710655244857,en,thewire
summon,0.0003710655244857,en,thewire
determine,0.0003688964780093,en,thewire
boot,0.0003688964780093,en,thewire
military,0.0003688964780093,en,thewire
hmm,0.0003680933094842,en,thewire
ballpark,0.0003680933094842,en,thewire
mitt,0.0003680933094842,en,thewire
caribbean,0.0003680933094842,en,thewire
optical,0.0003680933094842,en,thewire
firepower,0.0003680933094842,en,thewire
pioneer,0.0003680933094842,en,thewire
livelihood,0.0003680933094842,en,thewire
pitt,0.0003680933094842,en,thewire
duly,0.0003680933094842,en,thewire
zebra,0.0003680933094842,en,thewire
zach,0.0003680933094842,en,thewire
four,0.0003680933094842,en,thewire
pas,0.0003680933094842,en,thewire
diss,0.0003680933094842,en,thewire
rinse,0.0003680933094842,en,thewire
slum,0.0003680933094842,en,thewire
comp,0.0003680933094842,en,thewire
noose,0.0003680933094842,en,thewire
displace,0.0003680933094842,en,thewire
appendix,0.0003680933094842,en,thewire
disconnect,0.0003676402013741,en,thewire
sophisticated,0.0003676402013741,en,thewire
mint,0.0003676402013741,en,thewire
semi,0.0003676402013741,en,thewire
script,0.0003676402013741,en,thewire
greedy,0.0003676402013741,en,thewire
sheriff,0.0003676402013741,en,thewire
bowl,0.0003658900298443,en,thewire
neighbor,0.0003658900298443,en,thewire
cancer,0.0003658900298443,en,thewire
fantasy,0.0003658900298443,en,thewire
silent,0.0003658900298443,en,thewire
meantime,0.0003658900298443,en,thewire
failure,0.0003658900298443,en,thewire
eyed,0.0003642663888368,en,thewire
scam,0.0003642663888368,en,thewire
reflection,0.0003642663888368,en,thewire
quarterly,0.0003630226700891,en,thewire
paternity,0.0003630226700891,en,thewire
stonewall,0.0003630226700891,en,thewire
ponytail,0.0003630226700891,en,thewire
sonny,0.0003630226700891,en,thewire
redundant,0.0003630226700891,en,thewire
dialing,0.0003630226700891,en,thewire
cobra,0.0003630226700891,en,thewire
blackberry,0.0003630226700891,en,thewire
condone,0.0003630226700891,en,thewire
intro,0.0003630226700891,en,thewire
spew,0.0003630226700891,en,thewire
legged,0.0003630226700891,en,thewire
summary,0.0003630226700891,en,thewire
quota,0.0003630226700891,en,thewire
comfort,0.0003629134970825,en,thewire
extremely,0.0003629134970825,en,thewire
basically,0.0003629134970825,en,thewire
judgment,0.0003629134970825,en,thewire
pizza,0.0003629134970825,en,thewire
timer,0.0003609425605497,en,thewire
perimeter,0.0003609425605497,en,thewire
pat,0.0003609425605497,en,thewire
roast,0.0003609425605497,en,thewire
preserve,0.0003609425605497,en,thewire
betray,0.0003599662902435,en,thewire
yell,0.0003599662902435,en,thewire
boring,0.0003599662902435,en,thewire
alcohol,0.0003599662902435,en,thewire
occur,0.0003599662902435,en,thewire
inconclusive,0.000358118311464,en,thewire
enhancement,0.000358118311464,en,thewire
cupboard,0.000358118311464,en,thewire
sodium,0.000358118311464,en,thewire
poppin,0.000358118311464,en,thewire
rehabilitation,0.000358118311464,en,thewire
adjacent,0.000358118311464,en,thewire
stevie,0.000358118311464,en,thewire
barry,0.000358118311464,en,thewire
homosexual,0.000358118311464,en,thewire
simmon,0.000358118311464,en,thewire
fraternity,0.000358118311464,en,thewire
goo,0.000358118311464,en,thewire
trouser,0.000358118311464,en,thewire
sander,0.000358118311464,en,thewire
snicker,0.000358118311464,en,thewire
kite,0.000358118311464,en,thewire
unforgivable,0.000358118311464,en,thewire
saliva,0.000358118311464,en,thewire
autopsy,0.0003576672570397,en,thewire
depression,0.0003576672570397,en,thewire
whine,0.0003576672570397,en,thewire
penalty,0.0003576672570397,en,thewire
generate,0.0003576672570397,en,thewire
hardware,0.0003576672570397,en,thewire
irish,0.0003576672570397,en,thewire
unacceptable,0.0003576672570397,en,thewire
opposite,0.0003570478371003,en,thewire
nasty,0.0003570478371003,en,thewire
lip,0.0003570478371003,en,thewire
sugar,0.0003570478371003,en,thewire
disease,0.0003570478371003,en,thewire
warrior,0.0003544390818369,en,thewire
notch,0.0003544390818369,en,thewire
population,0.0003544390818369,en,thewire
elbow,0.0003544390818369,en,thewire
intend,0.0003541575820128,en,thewire
nehi,0.0003537096284275,en,thewire
fronting,0.0003537096284275,en,thewire
beavi,0.0003537096284275,en,thewire
sealift,0.0003537096284275,en,thewire
winnin,0.0003537096284275,en,thewire
ofstreet,0.0003537096284275,en,thewire
gogo,0.0003537096284275,en,thewire
homegoing,0.0003537096284275,en,thewire
seaport,0.0003537096284275,en,thewire
bowlegge,0.0003537096284275,en,thewire
iicense,0.0003537096284275,en,thewire
iighte,0.0003537096284275,en,thewire
aff,0.0003537096284275,en,thewire
lrishman,0.0003537096284275,en,thewire
undercard,0.0003537096284275,en,thewire
oustande,0.0003537096284275,en,thewire
prizewinner,0.0003537096284275,en,thewire
asscheek,0.0003537096284275,en,thewire
lipscomb,0.0003537096284275,en,thewire
moochie,0.0003537096284275,en,thewire
discourtesy,0.0003537096284275,en,thewire
narcotraficante,0.0003537096284275,en,thewire
rey,0.0003537096284275,en,thewire
cyo,0.0003537096284275,en,thewire
kinte,0.0003537096284275,en,thewire
kunta,0.0003537096284275,en,thewire
ministerial,0.0003537096284275,en,thewire
flowin,0.0003537096284275,en,thewire
slinger,0.0003537096284275,en,thewire
whatshisface,0.0003537096284275,en,thewire
aioli,0.0003537096284275,en,thewire
entrench,0.0003537096284275,en,thewire
hirin,0.0003537096284275,en,thewire
attributable,0.0003537096284275,en,thewire
strollin,0.0003537096284275,en,thewire
runne,0.0003537096284275,en,thewire
transshipment,0.0003537096284275,en,thewire
distemper,0.0003537096284275,en,thewire
hippodrome,0.0003537096284275,en,thewire
ucker,0.0003537096284275,en,thewire
thingamajig,0.0003537096284275,en,thewire
careerwise,0.0003537096284275,en,thewire
chanterelle,0.0003537096284275,en,thewire
dodgin,0.0003537096284275,en,thewire
folio,0.0003537096284275,en,thewire
bouncin,0.0003537096284275,en,thewire
pierogi,0.0003537096284275,en,thewire
llello,0.0003537096284275,en,thewire
mell,0.0003537096284275,en,thewire
mylanta,0.0003537096284275,en,thewire
cammie,0.0003537096284275,en,thewire
tweedy,0.0003537096284275,en,thewire
yaeh,0.0003537096284275,en,thewire
mcardle,0.0003537096284275,en,thewire
overdressed,0.0003537096284275,en,thewire
mergency,0.0003537096284275,en,thewire
crudite,0.0003537096284275,en,thewire
washingtonian,0.0003537096284275,en,thewire
gutshot,0.0003537096284275,en,thewire
bwi,0.0003537096284275,en,thewire
cir,0.0003537096284275,en,thewire
rafik,0.0003537096284275,en,thewire
czar,0.0003537096284275,en,thewire
hardcase,0.0003537096284275,en,thewire
shipper,0.0003537096284275,en,thewire
lyricist,0.0003537096284275,en,thewire
yabba,0.0003537096284275,en,thewire
lezzer,0.0003537096284275,en,thewire
kidnappin,0.0003537096284275,en,thewire
keyshawn,0.0003537096284275,en,thewire
kangol,0.0003537096284275,en,thewire
halpern,0.0003537096284275,en,thewire
scarin,0.0003537096284275,en,thewire
bolting,0.0003537096284275,en,thewire
pretendin,0.0003537096284275,en,thewire
buildin,0.0003537096284275,en,thewire
clearin,0.0003537096284275,en,thewire
whoring,0.0003537096284275,en,thewire
held,0.0003537096284275,en,thewire
buckin,0.0003537096284275,en,thewire
iid,0.0003537096284275,en,thewire
ministration,0.0003537096284275,en,thewire
minter,0.0003537096284275,en,thewire
tymer,0.0003537096284275,en,thewire
couth,0.0003537096284275,en,thewire
dealin,0.0003537096284275,en,thewire
aggregation,0.0003537096284275,en,thewire
knuckleball,0.0003537096284275,en,thewire
nightshift,0.0003537096284275,en,thewire
flopping,0.0003537096284275,en,thewire
tobin,0.0003537096284275,en,thewire
homophobia,0.0003537096284275,en,thewire
gulley,0.0003537096284275,en,thewire
unsolve,0.0003537096284275,en,thewire
psychose,0.0003537096284275,en,thewire
nourished,0.0003537096284275,en,thewire
warrin,0.0003537096284275,en,thewire
sche,0.0003537096284275,en,thewire
typed,0.0003537096284275,en,thewire
asa,0.0003537096284275,en,thewire
cadaverous,0.0003537096284275,en,thewire
csl,0.0003537096284275,en,thewire
cloverdale,0.0003537096284275,en,thewire
lawyerly,0.0003537096284275,en,thewire
lohman,0.0003537096284275,en,thewire
theorizing,0.0003537096284275,en,thewire
nicko,0.0003537096284275,en,thewire
ferraro,0.0003537096284275,en,thewire
homide,0.0003537096284275,en,thewire
campin,0.0003537096284275,en,thewire
goofus,0.0003537096284275,en,thewire
smellin,0.0003537096284275,en,thewire
steinman,0.0003537096284275,en,thewire
rayford,0.0003537096284275,en,thewire
peekin,0.0003537096284275,en,thewire
arboretum,0.0003537096284275,en,thewire
benedictine,0.0003537096284275,en,thewire
oaf,0.0003537096284275,en,thewire
ithought,0.0003537096284275,en,thewire
yankin,0.0003537096284275,en,thewire
unbe,0.0003537096284275,en,thewire
lievable,0.0003537096284275,en,thewire
northland,0.0003537096284275,en,thewire
mumblin,0.0003537096284275,en,thewire
poutin,0.0003537096284275,en,thewire
gilmor,0.0003537096284275,en,thewire
spruance,0.0003537096284275,en,thewire
onna,0.0003537096284275,en,thewire
nursin,0.0003537096284275,en,thewire
clippin,0.0003537096284275,en,thewire
fiende,0.0003537096284275,en,thewire
provident,0.0003537096284275,en,thewire
reorder,0.0003537096284275,en,thewire
secretor,0.0003537096284275,en,thewire
suzuki,0.0003537096284275,en,thewire
importation,0.0003537096284275,en,thewire
ajeep,0.0003537096284275,en,thewire
bushmill,0.0003537096284275,en,thewire
welterweight,0.0003537096284275,en,thewire
roadster,0.0003537096284275,en,thewire
swole,0.0003537096284275,en,thewire
kwame,0.0003537096284275,en,thewire
superlative,0.0003537096284275,en,thewire
exploitive,0.0003537096284275,en,thewire
princeling,0.0003537096284275,en,thewire
jacketed,0.0003537096284275,en,thewire
shipley,0.0003537096284275,en,thewire
extant,0.0003537096284275,en,thewire
witnessing,0.0003537096284275,en,thewire
iocal,0.0003537096284275,en,thewire
thomkin,0.0003537096284275,en,thewire
poetical,0.0003537096284275,en,thewire
underclass,0.0003537096284275,en,thewire
gibbering,0.0003537096284275,en,thewire
yvette,0.0003537096284275,en,thewire
wabash,0.0003537096284275,en,thewire
payless,0.0003537096284275,en,thewire
pardner,0.0003537096284275,en,thewire
metallurgist,0.0003537096284275,en,thewire
passel,0.0003537096284275,en,thewire
midfielder,0.0003537096284275,en,thewire
parenti,0.0003537096284275,en,thewire
outgoing,0.0003533696733498,en,thewire
heinous,0.0003533696733498,en,thewire
roosevelt,0.0003533696733498,en,thewire
genital,0.0003533696733498,en,thewire
emphasis,0.0003533696733498,en,thewire
contrast,0.0003533696733498,en,thewire
precision,0.0003533696733498,en,thewire
discard,0.0003533696733498,en,thewire
anyplace,0.0003533696733498,en,thewire
thursday,0.0003533696733498,en,thewire
heh,0.0003533696733498,en,thewire
primarily,0.0003533696733498,en,thewire
doorknob,0.0003533696733498,en,thewire
melon,0.0003533696733498,en,thewire
third,0.0003533696733498,en,thewire
intention,0.000351294985293,en,thewire
unbelievable,0.000351294985293,en,thewire
stock,0.000351294985293,en,thewire
electrical,0.0003512566978998,en,thewire
somewhat,0.0003512566978998,en,thewire
laser,0.0003512566978998,en,thewire
missing,0.0003512566978998,en,thewire
unfair,0.0003512566978998,en,thewire
residence,0.0003512566978998,en,thewire
speedy,0.0003487671706035,en,thewire
recollection,0.0003487671706035,en,thewire
slur,0.0003487671706035,en,thewire
characteristic,0.0003487671706035,en,thewire
carton,0.0003487671706035,en,thewire
deodorant,0.0003487671706035,en,thewire
trucker,0.0003487671706035,en,thewire
outline,0.0003487671706035,en,thewire
tenure,0.0003487671706035,en,thewire
mag,0.0003487671706035,en,thewire
camper,0.0003487671706035,en,thewire
dysfunctional,0.0003487671706035,en,thewire
oughta,0.0003487671706035,en,thewire
mood,0.0003484595225996,en,thewire
loser,0.0003484595225996,en,thewire
vision,0.0003484595225996,en,thewire
ally,0.0003481188242904,en,thewire
sauce,0.0003481188242904,en,thewire
cord,0.0003481188242904,en,thewire
grieve,0.0003481188242904,en,thewire
champion,0.0003481188242904,en,thewire
highly,0.0003456506843621,en,thewire
pregnant,0.0003456506843621,en,thewire
associate,0.0003456506843621,en,thewire
capable,0.0003456506843621,en,thewire
overcome,0.0003450242330784,en,thewire
chef,0.0003450242330784,en,thewire
cigar,0.0003450242330784,en,thewire
heavily,0.0003450242330784,en,thewire
boo,0.0003450242330784,en,thewire
shiny,0.0003450242330784,en,thewire
pos,0.0003443020767206,en,thewire
impair,0.0003443020767206,en,thewire
pilate,0.0003443020767206,en,thewire
tractor,0.0003443020767206,en,thewire
whatcha,0.0003443020767206,en,thewire
truthful,0.0003443020767206,en,thewire
mace,0.0003443020767206,en,thewire
icu,0.0003443020767206,en,thewire
stereotype,0.0003443020767206,en,thewire
shackle,0.0003443020767206,en,thewire
miniature,0.0003443020767206,en,thewire
broken,0.0003428679752311,en,thewire
waiting,0.000341971746456,en,thewire
forehead,0.000341971746456,en,thewire
capacity,0.000341971746456,en,thewire
execution,0.000341971746456,en,thewire
substance,0.000341971746456,en,thewire
sole,0.000341971746456,en,thewire
sneak,0.0003401109135536,en,thewire
marriage,0.0003401109135536,en,thewire
ripple,0.0003399664242454,en,thewire
sage,0.0003399664242454,en,thewire
bottom,0.0003399664242454,en,thewire
cadaver,0.0003399664242454,en,thewire
persuasion,0.0003399664242454,en,thewire
optic,0.0003399664242454,en,thewire
prolong,0.0003399664242454,en,thewire
forum,0.0003399664242454,en,thewire
controversial,0.0003399664242454,en,thewire
disability,0.0003399664242454,en,thewire
scenery,0.0003399664242454,en,thewire
habitat,0.0003399664242454,en,thewire
bridesmaid,0.0003399664242454,en,thewire
taylor,0.0003399664242454,en,thewire
cryptic,0.0003399664242454,en,thewire
contestant,0.0003399664242454,en,thewire
raspberry,0.0003399664242454,en,thewire
dignity,0.0003389602340473,en,thewire
gum,0.0003389602340473,en,thewire
pinch,0.0003389602340473,en,thewire
counsel,0.0003389602340473,en,thewire
coin,0.0003389602340473,en,thewire
strength,0.0003373790308731,en,thewire
exact,0.0003373790308731,en,thewire
abandon,0.0003373790308731,en,thewire
ensure,0.0003359886103943,en,thewire
tolerate,0.0003359886103943,en,thewire
native,0.0003359886103943,en,thewire
theater,0.0003359886103943,en,thewire
amateur,0.0003359886103943,en,thewire
imitate,0.0003357529192144,en,thewire
granny,0.0003357529192144,en,thewire
degenerate,0.0003357529192144,en,thewire
contempt,0.0003357529192144,en,thewire
cite,0.0003357529192144,en,thewire
swollen,0.0003357529192144,en,thewire
coupon,0.0003357529192144,en,thewire
epidemic,0.0003357529192144,en,thewire
morgue,0.0003357529192144,en,thewire
banking,0.0003357529192144,en,thewire
tracker,0.0003357529192144,en,thewire
borderline,0.0003357529192144,en,thewire
finale,0.0003357529192144,en,thewire
researcher,0.0003357529192144,en,thewire
heritage,0.0003357529192144,en,thewire
stepfather,0.0003357529192144,en,thewire
flea,0.0003357529192144,en,thewire
adolescent,0.0003357529192144,en,thewire
goodnight,0.0003357529192144,en,thewire
franchise,0.0003357529192144,en,thewire
christopher,0.0003357529192144,en,thewire
research,0.0003346718714519,en,thewire
refuse,0.0003346718714519,en,thewire
married,0.0003346718714519,en,thewire
alarm,0.0003346718714519,en,thewire
theme,0.0003330558326085,en,thewire
possess,0.0003330558326085,en,thewire
leather,0.0003330558326085,en,thewire
anonymous,0.0003330558326085,en,thewire
celebration,0.0003330558326085,en,thewire
amtrak,0.0003321953912061,en,thewire
fussing,0.0003321953912061,en,thewire
muffy,0.0003321953912061,en,thewire
snappin,0.0003321953912061,en,thewire
dockworker,0.0003321953912061,en,thewire
pud,0.0003321953912061,en,thewire
whap,0.0003321953912061,en,thewire
liveable,0.0003321953912061,en,thewire
hydro,0.0003321953912061,en,thewire
mindfuck,0.0003321953912061,en,thewire
chantelle,0.0003321953912061,en,thewire
detecting,0.0003321953912061,en,thewire
crossin,0.0003321953912061,en,thewire
budweiser,0.0003321953912061,en,thewire
tabulation,0.0003321953912061,en,thewire
miscue,0.0003321953912061,en,thewire
clorox,0.0003321953912061,en,thewire
judiciary,0.0003321953912061,en,thewire
polanski,0.0003321953912061,en,thewire
inaugurate,0.0003321953912061,en,thewire
owin,0.0003321953912061,en,thewire
workaday,0.0003321953912061,en,thewire
buckman,0.0003321953912061,en,thewire
hollin,0.0003321953912061,en,thewire
maz,0.0003321953912061,en,thewire
monochromatic,0.0003321953912061,en,thewire
rouste,0.0003321953912061,en,thewire
leadin,0.0003321953912061,en,thewire
ativan,0.0003321953912061,en,thewire
quicklime,0.0003321953912061,en,thewire
prostrate,0.0003321953912061,en,thewire
stigmatize,0.0003321953912061,en,thewire
hlv,0.0003321953912061,en,thewire
gsws,0.0003321953912061,en,thewire
iimite,0.0003321953912061,en,thewire
gantry,0.0003321953912061,en,thewire
inky,0.0003321953912061,en,thewire
recog,0.0003321953912061,en,thewire
alpo,0.0003321953912061,en,thewire
minimart,0.0003321953912061,en,thewire
lmmigration,0.0003321953912061,en,thewire
redistricting,0.0003321953912061,en,thewire
skinnier,0.0003321953912061,en,thewire
cherise,0.0003321953912061,en,thewire
squab,0.0003321953912061,en,thewire
wiggin,0.0003321953912061,en,thewire
blamin,0.0003321953912061,en,thewire
jani,0.0003321953912061,en,thewire
weezy,0.0003321953912061,en,thewire
bookkeepe,0.0003321953912061,en,thewire
petie,0.0003321953912061,en,thewire
lation,0.0003321953912061,en,thewire
misdiale,0.0003321953912061,en,thewire
holbrook,0.0003321953912061,en,thewire
lotsa,0.0003321953912061,en,thewire
congratu,0.0003321953912061,en,thewire
mondo,0.0003321953912061,en,thewire
threadbare,0.0003321953912061,en,thewire
mcnally,0.0003321953912061,en,thewire
fouled,0.0003321953912061,en,thewire
ponie,0.0003321953912061,en,thewire
copin,0.0003321953912061,en,thewire
stipple,0.0003321953912061,en,thewire
karim,0.0003321953912061,en,thewire
tash,0.0003321953912061,en,thewire
pisshole,0.0003321953912061,en,thewire
complainin,0.0003321953912061,en,thewire
iocate,0.0003321953912061,en,thewire
gutting,0.0003321953912061,en,thewire
gillette,0.0003321953912061,en,thewire
settled,0.0003321953912061,en,thewire
jessy,0.0003321953912061,en,thewire
marone,0.0003321953912061,en,thewire
steiner,0.0003321953912061,en,thewire
lukas,0.0003321953912061,en,thewire
cornhole,0.0003321953912061,en,thewire
comedown,0.0003321953912061,en,thewire
gainful,0.0003321953912061,en,thewire
purchasing,0.0003321953912061,en,thewire
tetra,0.0003321953912061,en,thewire
allowable,0.0003321953912061,en,thewire
painstaking,0.0003321953912061,en,thewire
abdoman,0.0003321953912061,en,thewire
remuneration,0.0003321953912061,en,thewire
della,0.0003321953912061,en,thewire
rollie,0.0003321953912061,en,thewire
evenhanded,0.0003321953912061,en,thewire
esmeralda,0.0003321953912061,en,thewire
ald,0.0003321953912061,en,thewire
dookie,0.0003321953912061,en,thewire
wildin,0.0003321953912061,en,thewire
councilwoman,0.0003321953912061,en,thewire
redeemer,0.0003321953912061,en,thewire
pimpin,0.0003321953912061,en,thewire
summons,0.0003321953912061,en,thewire
taxation,0.0003321953912061,en,thewire
settlin,0.0003321953912061,en,thewire
scamming,0.0003321953912061,en,thewire
protectin,0.0003321953912061,en,thewire
rawhide,0.0003321953912061,en,thewire
honeysuckle,0.0003321953912061,en,thewire
troubling,0.0003316548673248,en,thewire
symbolic,0.0003316548673248,en,thewire
respectful,0.0003316548673248,en,thewire
dealing,0.0003316548673248,en,thewire
dammit,0.0003316548673248,en,thewire
tumble,0.0003316548673248,en,thewire
excessive,0.0003316548673248,en,thewire
ford,0.0003316548673248,en,thewire
hick,0.0003316548673248,en,thewire
manufacturer,0.0003316548673248,en,thewire
circulation,0.0003316548673248,en,thewire
playboy,0.0003316548673248,en,thewire
uncertain,0.0003316548673248,en,thewire
contemplate,0.0003316548673248,en,thewire
seemingly,0.0003316548673248,en,thewire
prep,0.0003301608981737,en,thewire
blade,0.0003301608981737,en,thewire
bark,0.0003301608981737,en,thewire
wolf,0.0003301608981737,en,thewire
swap,0.0003301608981737,en,thewire
socialize,0.0003276661099503,en,thewire
deem,0.0003276661099503,en,thewire
eater,0.0003276661099503,en,thewire
goodwill,0.0003276661099503,en,thewire
fin,0.0003276661099503,en,thewire
shady,0.0003276661099503,en,thewire
poverty,0.0003276661099503,en,thewire
hygiene,0.0003276661099503,en,thewire
swab,0.0003276661099503,en,thewire
hoax,0.0003276661099503,en,thewire
partly,0.0003276661099503,en,thewire
dire,0.0003276661099503,en,thewire
intersection,0.0003276661099503,en,thewire
jumbo,0.0003276661099503,en,thewire
bidder,0.0003276661099503,en,thewire
splatter,0.0003276661099503,en,thewire
parenting,0.0003276661099503,en,thewire
shield,0.0003273028428885,en,thewire
mysterious,0.0003273028428885,en,thewire
reserve,0.0003273028428885,en,thewire
march,0.0003273028428885,en,thewire
burger,0.0003273028428885,en,thewire
unfortunately,0.0003266943567029,en,thewire
jaw,0.0003244807389383,en,thewire
investment,0.0003244807389383,en,thewire
fairly,0.0003244807389383,en,thewire
poster,0.0003244807389383,en,thewire
replacement,0.0003244807389383,en,thewire
forgiveness,0.0003244807389383,en,thewire
translate,0.0003244807389383,en,thewire
meter,0.0003244807389383,en,thewire
defeat,0.0003244807389383,en,thewire
calendar,0.0003244807389383,en,thewire
bare,0.0003244807389383,en,thewire
suddenly,0.0003240817717606,en,thewire
distinction,0.00032378096847,en,thewire
clause,0.00032378096847,en,thewire
empower,0.00032378096847,en,thewire
disabled,0.00032378096847,en,thewire
homecoming,0.00032378096847,en,thewire
dropping,0.00032378096847,en,thewire
lash,0.00032378096847,en,thewire
immigrant,0.00032378096847,en,thewire
batman,0.00032378096847,en,thewire
realtor,0.00032378096847,en,thewire
selling,0.00032378096847,en,thewire
biblical,0.00032378096847,en,thewire
lifelong,0.00032378096847,en,thewire
sedan,0.00032378096847,en,thewire
importantly,0.0003216936930874,en,thewire
qualified,0.0003216936930874,en,thewire
observe,0.0003216936930874,en,thewire
compete,0.0003216936930874,en,thewire
forest,0.0003216936930874,en,thewire
manipulate,0.0003216936930874,en,thewire
bribe,0.0003216936930874,en,thewire
rapist,0.0003199941956464,en,thewire
softly,0.0003199941956464,en,thewire
misplace,0.0003199941956464,en,thewire
ammunition,0.0003199941956464,en,thewire
savior,0.0003199941956464,en,thewire
hedge,0.0003199941956464,en,thewire
shortage,0.0003199941956464,en,thewire
reconnect,0.0003199941956464,en,thewire
liberal,0.0003199941956464,en,thewire
ale,0.0003199941956464,en,thewire
defender,0.0003199941956464,en,thewire
traveler,0.0003199941956464,en,thewire
lunchtime,0.0003199941956464,en,thewire
preservation,0.0003199941956464,en,thewire
patrick,0.0003199941956464,en,thewire
melt,0.0003189408449815,en,thewire
surely,0.0003189408449815,en,thewire
rot,0.0003189408449815,en,thewire
error,0.0003189408449815,en,thewire
journey,0.0003189408449815,en,thewire
escape,0.0003189240737421,en,thewire
cane,0.0003163009330085,en,thewire
shutter,0.0003163009330085,en,thewire
misunderstand,0.0003163009330085,en,thewire
interaction,0.0003163009330085,en,thewire
corp,0.0003163009330085,en,thewire
idle,0.0003163009330085,en,thewire
revisit,0.0003163009330085,en,thewire
deport,0.0003163009330085,en,thewire
bulletin,0.0003163009330085,en,thewire
yea,0.0003163009330085,en,thewire
hinge,0.0003163009330085,en,thewire
unbelievably,0.0003163009330085,en,thewire
greg,0.0003163009330085,en,thewire
debris,0.0003163009330085,en,thewire
prick,0.0003163009330085,en,thewire
cashier,0.0003163009330085,en,thewire
management,0.0003162213655536,en,thewire
fighting,0.0003162213655536,en,thewire
stitch,0.0003162213655536,en,thewire
alike,0.0003162213655536,en,thewire
invest,0.0003162213655536,en,thewire
gentlemen,0.0003155076523544,en,thewire
fastener,0.0003155076523544,en,thewire
unloading,0.0003155076523544,en,thewire
subtraction,0.0003155076523544,en,thewire
buncha,0.0003155076523544,en,thewire
brash,0.0003155076523544,en,thewire
democrat,0.0003155076523544,en,thewire
insincerity,0.0003155076523544,en,thewire
harbormaster,0.0003155076523544,en,thewire
anya,0.0003155076523544,en,thewire
achme,0.0003155076523544,en,thewire
cur,0.0003155076523544,en,thewire
pallbearer,0.0003155076523544,en,thewire
sterle,0.0003155076523544,en,thewire
shallot,0.0003155076523544,en,thewire
handbasket,0.0003155076523544,en,thewire
shee,0.0003155076523544,en,thewire
greased,0.0003155076523544,en,thewire
plex,0.0003155076523544,en,thewire
haskell,0.0003155076523544,en,thewire
leery,0.0003155076523544,en,thewire
adjudicate,0.0003155076523544,en,thewire
eod,0.0003155076523544,en,thewire
domesticated,0.0003155076523544,en,thewire
tossin,0.0003155076523544,en,thewire
tappin,0.0003155076523544,en,thewire
whatever,0.0003155076523544,en,thewire
cte,0.0003155076523544,en,thewire
martyrdom,0.0003155076523544,en,thewire
clamoring,0.0003155076523544,en,thewire
tike,0.0003155076523544,en,thewire
wingtip,0.0003155076523544,en,thewire
engaging,0.0003155076523544,en,thewire
entrenched,0.0003155076523544,en,thewire
slapstick,0.0003155076523544,en,thewire
baseboard,0.0003155076523544,en,thewire
witsec,0.0003155076523544,en,thewire
montel,0.0003155076523544,en,thewire
interdict,0.0003155076523544,en,thewire
pitbull,0.0003155076523544,en,thewire
heli,0.0003155076523544,en,thewire
iight,0.0003155076523544,en,thewire
gainfully,0.0003155076523544,en,thewire
bmws,0.0003155076523544,en,thewire
hayward,0.0003155076523544,en,thewire
paisan,0.0003155076523544,en,thewire
budapest,0.0003155076523544,en,thewire
videoe,0.0003155076523544,en,thewire
stormin,0.0003155076523544,en,thewire
putrefy,0.0003155076523544,en,thewire
repave,0.0003155076523544,en,thewire
slappin,0.0003155076523544,en,thewire
dickless,0.0003155076523544,en,thewire
yemeni,0.0003155076523544,en,thewire
rainmaker,0.0003155076523544,en,thewire
walkup,0.0003155076523544,en,thewire
zorro,0.0003155076523544,en,thewire
unanticipated,0.0003155076523544,en,thewire
piddle,0.0003155076523544,en,thewire
cromwell,0.0003155076523544,en,thewire
dawning,0.0003155076523544,en,thewire
iisten,0.0003155076523544,en,thewire
sitdown,0.0003155076523544,en,thewire
hun,0.0003155076523544,en,thewire
cathouse,0.0003155076523544,en,thewire
llc,0.0003155076523544,en,thewire
backdate,0.0003155076523544,en,thewire
stippling,0.0003155076523544,en,thewire
weem,0.0003155076523544,en,thewire
spate,0.0003155076523544,en,thewire
sommelier,0.0003155076523544,en,thewire
overburden,0.0003155076523544,en,thewire
pilsner,0.0003155076523544,en,thewire
fuckup,0.0003155076523544,en,thewire
courageously,0.0003155076523544,en,thewire
standardize,0.0003155076523544,en,thewire
sainted,0.0003155076523544,en,thewire
barstool,0.0003155076523544,en,thewire
stanky,0.0003155076523544,en,thewire
creeper,0.0003155076523544,en,thewire
guadalcanal,0.0003155076523544,en,thewire
nary,0.0003155076523544,en,thewire
goofin,0.0003155076523544,en,thewire
blinkin,0.0003155076523544,en,thewire
climbin,0.0003155076523544,en,thewire
cashed,0.0003155076523544,en,thewire
alumna,0.0003155076523544,en,thewire
picturesque,0.0003155076523544,en,thewire
unwound,0.0003155076523544,en,thewire
harelip,0.0003155076523544,en,thewire
kneepad,0.0003155076523544,en,thewire
pitiless,0.0003155076523544,en,thewire
algebraic,0.0003155076523544,en,thewire
nonstarter,0.0003155076523544,en,thewire
squeaker,0.0003155076523544,en,thewire
deader,0.0003155076523544,en,thewire
effecting,0.0003155076523544,en,thewire
splotch,0.0003155076523544,en,thewire
pinche,0.0003155076523544,en,thewire
lethargy,0.0003155076523544,en,thewire
hellacious,0.0003155076523544,en,thewire
terrible,0.000313853798556,en,thewire
scenario,0.0003135344555248,en,thewire
cheek,0.0003135344555248,en,thewire
tuck,0.0003135344555248,en,thewire
divide,0.0003135344555248,en,thewire
aggressive,0.0003135344555248,en,thewire
alternative,0.0003135344555248,en,thewire
jar,0.0003135344555248,en,thewire
sinner,0.0003126966733707,en,thewire
upcoming,0.0003126966733707,en,thewire
ringer,0.0003126966733707,en,thewire
dough,0.0003126966733707,en,thewire
canvas,0.0003126966733707,en,thewire
matching,0.0003126966733707,en,thewire
listener,0.0003126966733707,en,thewire
flexible,0.0003126966733707,en,thewire
sharpen,0.0003126966733707,en,thewire
crude,0.0003126966733707,en,thewire
gunman,0.0003126966733707,en,thewire
lap,0.0003108793439946,en,thewire
conscious,0.0003108793439946,en,thewire
delicate,0.0003108793439946,en,thewire
radar,0.0003108793439946,en,thewire
knuckle,0.0003091772277625,en,thewire
shakespeare,0.0003091772277625,en,thewire
bleach,0.0003091772277625,en,thewire
saw,0.0003091772277625,en,thewire
monthly,0.0003091772277625,en,thewire
airborne,0.0003091772277625,en,thewire
lyric,0.0003091772277625,en,thewire
racket,0.0003091772277625,en,thewire
sincerely,0.0003091772277625,en,thewire
quantity,0.0003091772277625,en,thewire
kindergarten,0.0003091772277625,en,thewire
sufficient,0.0003091772277625,en,thewire
zero,0.0003091772277625,en,thewire
throne,0.0003091772277625,en,thewire
spank,0.0003091772277625,en,thewire
max,0.0003091772277625,en,thewire
impossible,0.000308868031902,en,thewire
smoking,0.0003082552871126,en,thewire
adjust,0.0003082552871126,en,thewire
personality,0.0003082552871126,en,thewire
outbreak,0.0003057386961608,en,thewire
effectively,0.0003057386961608,en,thewire
sensitivity,0.0003057386961608,en,thewire
eddie,0.0003057386961608,en,thewire
smokin,0.0003057386961608,en,thewire
extortion,0.0003057386961608,en,thewire
enthusiasm,0.0003057386961608,en,thewire
jumper,0.0003057386961608,en,thewire
brunette,0.0003057386961608,en,thewire
rolling,0.0003057386961608,en,thewire
salon,0.0003057386961608,en,thewire
asthma,0.0003057386961608,en,thewire
gutter,0.0003057386961608,en,thewire
phony,0.0003057386961608,en,thewire
dawn,0.000305661566828,en,thewire
dramatic,0.00030309748971,en,thewire
gorgeous,0.00030309748971,en,thewire
playing,0.00030309748971,en,thewire
snow,0.00030309748971,en,thewire
urgent,0.00030309748971,en,thewire
liberty,0.00030309748971,en,thewire
intel,0.000302377441511,en,thewire
dearly,0.000302377441511,en,thewire
barbie,0.000302377441511,en,thewire
vaguely,0.000302377441511,en,thewire
wink,0.000302377441511,en,thewire
gracia,0.000302377441511,en,thewire
flop,0.000302377441511,en,thewire
inquiry,0.000302377441511,en,thewire
cub,0.000302377441511,en,thewire
atmosphere,0.000302377441511,en,thewire
firing,0.000302377441511,en,thewire
blooded,0.000302377441511,en,thewire
ketchup,0.000302377441511,en,thewire
intrude,0.000302377441511,en,thewire
opener,0.000302377441511,en,thewire
taking,0.000302377441511,en,thewire
coup,0.000302377441511,en,thewire
lewis,0.000302377441511,en,thewire
spiral,0.000302377441511,en,thewire
graphic,0.000302377441511,en,thewire
composure,0.0003018727769171,en,thewire
uck,0.0003018727769171,en,thewire
streetlight,0.0003018727769171,en,thewire
hardheade,0.0003018727769171,en,thewire
shapiro,0.0003018727769171,en,thewire
shim,0.0003018727769171,en,thewire
nephews,0.0003018727769171,en,thewire
workbook,0.0003018727769171,en,thewire
troglodyte,0.0003018727769171,en,thewire
mulberry,0.0003018727769171,en,thewire
pretrial,0.0003018727769171,en,thewire
bayview,0.0003018727769171,en,thewire
institutional,0.0003018727769171,en,thewire
shi,0.0003018727769171,en,thewire
magenta,0.0003018727769171,en,thewire
reppe,0.0003018727769171,en,thewire
hyperbole,0.0003018727769171,en,thewire
grater,0.0003018727769171,en,thewire
cinderblock,0.0003018727769171,en,thewire
weekender,0.0003018727769171,en,thewire
shitface,0.0003018727769171,en,thewire
sunroof,0.0003018727769171,en,thewire
stache,0.0003018727769171,en,thewire
dustup,0.0003018727769171,en,thewire
indecisiveness,0.0003018727769171,en,thewire
colander,0.0003018727769171,en,thewire
boris,0.0003018727769171,en,thewire
roundup,0.0003018727769171,en,thewire
cocksucke,0.0003018727769171,en,thewire
enthusiastically,0.0003018727769171,en,thewire
stony,0.0003018727769171,en,thewire
keystroke,0.0003018727769171,en,thewire
dapple,0.0003018727769171,en,thewire
copying,0.0003018727769171,en,thewire
peabody,0.0003018727769171,en,thewire
saintly,0.0003018727769171,en,thewire
structured,0.0003018727769171,en,thewire
galway,0.0003018727769171,en,thewire
shortlist,0.0003018727769171,en,thewire
herbie,0.0003018727769171,en,thewire
tam,0.0003018727769171,en,thewire
elderberry,0.0003018727769171,en,thewire
knightsbridge,0.0003018727769171,en,thewire
rented,0.0003018727769171,en,thewire
varmint,0.0003018727769171,en,thewire
offsite,0.0003018727769171,en,thewire
complainant,0.0003018727769171,en,thewire
latifah,0.0003018727769171,en,thewire
denali,0.0003018727769171,en,thewire
easel,0.0003018727769171,en,thewire
rejust,0.0003018727769171,en,thewire
senseles,0.0003018727769171,en,thewire
puddin,0.0003018727769171,en,thewire
guessin,0.0003018727769171,en,thewire
creepin,0.0003018727769171,en,thewire
spittin,0.0003018727769171,en,thewire
commensurate,0.0003018727769171,en,thewire
viscosity,0.0003018727769171,en,thewire
sightline,0.0003018727769171,en,thewire
mirandize,0.0003018727769171,en,thewire
rubbin,0.0003018727769171,en,thewire
worksheet,0.0003018727769171,en,thewire
handin,0.0003018727769171,en,thewire
huck,0.0003018727769171,en,thewire
shea,0.0003018727769171,en,thewire
iying,0.0003018727769171,en,thewire
suborn,0.0003018727769171,en,thewire
swinging,0.0003018727769171,en,thewire
phosphoru,0.0003018727769171,en,thewire
amply,0.0003018727769171,en,thewire
subsidy,0.0003018727769171,en,thewire
suggestive,0.0003018727769171,en,thewire
lovelorn,0.0003018727769171,en,thewire
moonlighting,0.0003018727769171,en,thewire
windstorm,0.0003018727769171,en,thewire
lisp,0.0003018727769171,en,thewire
ofyou,0.0003018727769171,en,thewire
hearken,0.0003018727769171,en,thewire
introductory,0.0003018727769171,en,thewire
hyatt,0.0003018727769171,en,thewire
tricky,0.0003005623858348,en,thewire
heel,0.0003005623858348,en,thewire
complex,0.0003005623858348,en,thewire
dedicated,0.0002990900666045,en,thewire
architect,0.0002990900666045,en,thewire
regional,0.0002990900666045,en,thewire
dispute,0.0002990900666045,en,thewire
expel,0.0002990900666045,en,thewire
abusive,0.0002990900666045,en,thewire
mustard,0.0002990900666045,en,thewire
nonstop,0.0002990900666045,en,thewire
crumb,0.0002990900666045,en,thewire
rant,0.0002990900666045,en,thewire
alliance,0.0002990900666045,en,thewire
mute,0.0002990900666045,en,thewire
shortcut,0.0002990900666045,en,thewire
shh,0.0002980556077353,en,thewire
football,0.0002980556077353,en,thewire
courtesy,0.0002980556077353,en,thewire
remark,0.0002958733934423,en,thewire
reinforce,0.0002958733934423,en,thewire
parachute,0.0002958733934423,en,thewire
rewind,0.0002958733934423,en,thewire
noodle,0.0002958733934423,en,thewire
clutch,0.0002958733934423,en,thewire
lily,0.0002958733934423,en,thewire
athletic,0.0002958733934423,en,thewire
skim,0.0002958733934423,en,thewire
clinical,0.0002958733934423,en,thewire
carl,0.0002958733934423,en,thewire
allowance,0.0002958733934423,en,thewire
yield,0.0002958733934423,en,thewire
cripple,0.0002958733934423,en,thewire
trustworthy,0.0002958733934423,en,thewire
professor,0.0002955765294081,en,thewire
shout,0.0002955765294081,en,thewire
swim,0.0002931245453756,en,thewire
cough,0.0002931245453756,en,thewire
murderer,0.0002931245453756,en,thewire
whisper,0.0002931245453756,en,thewire
graduate,0.0002931245453756,en,thewire
communicate,0.0002931245453756,en,thewire
root,0.0002931245453756,en,thewire
conscience,0.0002931245453756,en,thewire
remedy,0.0002927244447717,en,thewire
squeal,0.0002927244447717,en,thewire
roman,0.0002927244447717,en,thewire
ambassador,0.0002927244447717,en,thewire
nursing,0.0002927244447717,en,thewire
sheer,0.0002927244447717,en,thewire
felon,0.0002927244447717,en,thewire
occasion,0.0002906990697976,en,thewire
stall,0.0002906990697976,en,thewire
atten,0.0002903446539952,en,thewire
eso,0.0002903446539952,en,thewire
skittle,0.0002903446539952,en,thewire
slurpee,0.0002903446539952,en,thewire
everythin,0.0002903446539952,en,thewire
reassert,0.0002903446539952,en,thewire
jap,0.0002903446539952,en,thewire
loader,0.0002903446539952,en,thewire
favorable,0.0002903446539952,en,thewire
amir,0.0002903446539952,en,thewire
lolita,0.0002903446539952,en,thewire
scorecard,0.0002903446539952,en,thewire
claro,0.0002903446539952,en,thewire
sprung,0.0002903446539952,en,thewire
kerry,0.0002903446539952,en,thewire
breathalyzer,0.0002903446539952,en,thewire
accrue,0.0002903446539952,en,thewire
glenlivet,0.0002903446539952,en,thewire
wnba,0.0002903446539952,en,thewire
roughneck,0.0002903446539952,en,thewire
victrola,0.0002903446539952,en,thewire
ppk,0.0002903446539952,en,thewire
tyrone,0.0002903446539952,en,thewire
endocarditis,0.0002903446539952,en,thewire
compartmentalized,0.0002903446539952,en,thewire
horseradish,0.0002903446539952,en,thewire
retrain,0.0002903446539952,en,thewire
chantal,0.0002903446539952,en,thewire
badminton,0.0002903446539952,en,thewire
matriculate,0.0002903446539952,en,thewire
boney,0.0002903446539952,en,thewire
doj,0.0002903446539952,en,thewire
crikey,0.0002903446539952,en,thewire
jerkoff,0.0002903446539952,en,thewire
lndian,0.0002903446539952,en,thewire
shitbag,0.0002903446539952,en,thewire
rosewood,0.0002903446539952,en,thewire
mahoney,0.0002903446539952,en,thewire
interdiction,0.0002903446539952,en,thewire
taurus,0.0002903446539952,en,thewire
rusted,0.0002903446539952,en,thewire
meetin,0.0002903446539952,en,thewire
boyardee,0.0002903446539952,en,thewire
coverin,0.0002903446539952,en,thewire
orchestrated,0.0002903446539952,en,thewire
cheesesteak,0.0002903446539952,en,thewire
tyson,0.0002903446539952,en,thewire
doreen,0.0002903446539952,en,thewire
iost,0.0002903446539952,en,thewire
guaran,0.0002903446539952,en,thewire
hejust,0.0002903446539952,en,thewire
iose,0.0002903446539952,en,thewire
preserver,0.0002903446539952,en,thewire
ironside,0.0002903446539952,en,thewire
apollo,0.0002903446539952,en,thewire
indecency,0.0002903446539952,en,thewire
brulee,0.0002903446539952,en,thewire
bended,0.0002903446539952,en,thewire
haunch,0.0002903446539952,en,thewire
sauer,0.0002903446539952,en,thewire
uou,0.0002903446539952,en,thewire
copter,0.0002903446539952,en,thewire
yonder,0.0002903446539952,en,thewire
lutely,0.0002903446539952,en,thewire
divisive,0.0002903446539952,en,thewire
forester,0.0002903446539952,en,thewire
lading,0.0002903446539952,en,thewire
snapple,0.0002903446539952,en,thewire
yellin,0.0002903446539952,en,thewire
squall,0.0002903446539952,en,thewire
mailbox,0.000289640427527,en,thewire
comeback,0.000289640427527,en,thewire
firearm,0.000289640427527,en,thewire
lad,0.000289640427527,en,thewire
vouch,0.000289640427527,en,thewire
axe,0.000289640427527,en,thewire
clap,0.000289640427527,en,thewire
numerous,0.000289640427527,en,thewire
amigo,0.000289640427527,en,thewire
elevate,0.000289640427527,en,thewire
bread,0.0002882995356322,en,thewire
status,0.0002882995356322,en,thewire
invitation,0.0002882995356322,en,thewire
reveal,0.0002882995356322,en,thewire
drain,0.0002882995356322,en,thewire
hallway,0.0002882995356322,en,thewire
inspector,0.0002866187179429,en,thewire
crate,0.0002866187179429,en,thewire
robin,0.0002866187179429,en,thewire
preach,0.0002866187179429,en,thewire
hawk,0.0002866187179429,en,thewire
hangover,0.0002866187179429,en,thewire
millimeter,0.0002866187179429,en,thewire
obsessive,0.0002866187179429,en,thewire
offering,0.0002866187179429,en,thewire
briefly,0.0002866187179429,en,thewire
advocate,0.0002866187179429,en,thewire
mercy,0.0002859253938392,en,thewire
tone,0.0002859253938392,en,thewire
accomplish,0.0002859253938392,en,thewire
reverse,0.0002859253938392,en,thewire
produce,0.0002859253938392,en,thewire
brush,0.0002859253938392,en,thewire
ambulance,0.0002859253938392,en,thewire
plumbing,0.0002836568481425,en,thewire
voicemail,0.0002836568481425,en,thewire
meaningful,0.0002836568481425,en,thewire
merchandise,0.0002836568481425,en,thewire
intervene,0.0002836568481425,en,thewire
fireman,0.0002836568481425,en,thewire
morphine,0.0002836568481425,en,thewire
salvage,0.0002836568481425,en,thewire
jackpot,0.0002836568481425,en,thewire
concentration,0.0002836568481425,en,thewire
unavailable,0.0002836568481425,en,thewire
professionally,0.0002836568481425,en,thewire
privately,0.0002836568481425,en,thewire
stroll,0.0002836568481425,en,thewire
abuse,0.0002812511767345,en,thewire
procedure,0.0002812511767345,en,thewire
goody,0.0002807524940272,en,thewire
christian,0.0002807524940272,en,thewire
lining,0.0002807524940272,en,thewire
tournament,0.0002807524940272,en,thewire
ash,0.0002807524940272,en,thewire
intellectual,0.0002807524940272,en,thewire
margin,0.0002807524940272,en,thewire
conservatively,0.0002803585396957,en,thewire
crescent,0.0002803585396957,en,thewire
sequential,0.0002803585396957,en,thewire
costar,0.0002803585396957,en,thewire
cruisin,0.0002803585396957,en,thewire
capsize,0.0002803585396957,en,thewire
delaware,0.0002803585396957,en,thewire
sacrosanct,0.0002803585396957,en,thewire
parcheesi,0.0002803585396957,en,thewire
subsection,0.0002803585396957,en,thewire
leary,0.0002803585396957,en,thewire
wejust,0.0002803585396957,en,thewire
computation,0.0002803585396957,en,thewire
bookkeeping,0.0002803585396957,en,thewire
dipper,0.0002803585396957,en,thewire
fleabag,0.0002803585396957,en,thewire
huxtable,0.0002803585396957,en,thewire
marlene,0.0002803585396957,en,thewire
inventorie,0.0002803585396957,en,thewire
unfinishe,0.0002803585396957,en,thewire
unequivocally,0.0002803585396957,en,thewire
slaw,0.0002803585396957,en,thewire
abso,0.0002803585396957,en,thewire
mueller,0.0002803585396957,en,thewire
lifeblood,0.0002803585396957,en,thewire
squeegee,0.0002803585396957,en,thewire
pushin,0.0002803585396957,en,thewire
rippin,0.0002803585396957,en,thewire
slammin,0.0002803585396957,en,thewire
antoine,0.0002803585396957,en,thewire
wholesaler,0.0002803585396957,en,thewire
countin,0.0002803585396957,en,thewire
jaywalk,0.0002803585396957,en,thewire
countermand,0.0002803585396957,en,thewire
dawkin,0.0002803585396957,en,thewire
fizz,0.0002803585396957,en,thewire
condemnation,0.0002803585396957,en,thewire
reformation,0.0002803585396957,en,thewire
annually,0.0002803585396957,en,thewire
talmadge,0.0002803585396957,en,thewire
lakeside,0.0002803585396957,en,thewire
ballard,0.0002803585396957,en,thewire
storied,0.0002803585396957,en,thewire
obtuse,0.0002803585396957,en,thewire
changin,0.0002803585396957,en,thewire
emphatic,0.0002803585396957,en,thewire
strychnine,0.0002803585396957,en,thewire
probly,0.0002803585396957,en,thewire
lsd,0.0002803585396957,en,thewire
cabron,0.0002803585396957,en,thewire
bifocal,0.0002803585396957,en,thewire
justly,0.0002803585396957,en,thewire
cannibalize,0.0002803585396957,en,thewire
gimmie,0.0002803585396957,en,thewire
dorchester,0.0002803585396957,en,thewire
hoyt,0.0002803585396957,en,thewire
pug,0.0002803585396957,en,thewire
hershey,0.0002803585396957,en,thewire
gulfstream,0.0002803585396957,en,thewire
grayson,0.0002803585396957,en,thewire
biochemical,0.0002803585396957,en,thewire
trach,0.0002803585396957,en,thewire
bobbie,0.0002803585396957,en,thewire
centurion,0.0002803585396957,en,thewire
affectation,0.0002803585396957,en,thewire
sea,0.0002789500867593,en,thewire
tick,0.0002789500867593,en,thewire
impressed,0.0002789500867593,en,thewire
dent,0.0002779034643206,en,thewire
mansion,0.0002779034643206,en,thewire
phil,0.0002779034643206,en,thewire
flap,0.0002779034643206,en,thewire
dim,0.0002779034643206,en,thewire
assess,0.0002779034643206,en,thewire
secrecy,0.0002779034643206,en,thewire
sarcasm,0.0002779034643206,en,thewire
disagreement,0.0002779034643206,en,thewire
urine,0.0002779034643206,en,thewire
toaster,0.0002779034643206,en,thewire
liaison,0.0002779034643206,en,thewire
perception,0.0002779034643206,en,thewire
fortune,0.000276672358507,en,thewire
online,0.000276672358507,en,thewire
patch,0.000276672358507,en,thewire
famous,0.000276672358507,en,thewire
missy,0.0002751076906363,en,thewire
prospect,0.0002751076906363,en,thewire
embarrassment,0.0002751076906363,en,thewire
successfully,0.0002751076906363,en,thewire
herb,0.0002751076906363,en,thewire
pumpkin,0.0002751076906363,en,thewire
preferably,0.0002751076906363,en,thewire
improvise,0.0002751076906363,en,thewire
blindfold,0.0002751076906363,en,thewire
duct,0.0002751076906363,en,thewire
fare,0.0002751076906363,en,thewire
kicking,0.0002751076906363,en,thewire
devote,0.0002751076906363,en,thewire
majority,0.0002723632184574,en,thewire
homeland,0.0002723632184574,en,thewire
psychotic,0.0002723632184574,en,thewire
kitty,0.0002723632184574,en,thewire
motivate,0.0002723632184574,en,thewire
steve,0.0002723632184574,en,thewire
riddle,0.0002723632184574,en,thewire
rebecca,0.0002723632184574,en,thewire
saddle,0.0002723632184574,en,thewire
folder,0.0002723632184574,en,thewire
rod,0.0002723632184574,en,thewire
tin,0.0002723632184574,en,thewire
assemble,0.0002723632184574,en,thewire
divorce,0.0002721851228119,en,thewire
closet,0.0002721851228119,en,thewire
particularly,0.0002721851228119,en,thewire
teamster,0.000271550162628,en,thewire
breezy,0.000271550162628,en,thewire
indiscriminate,0.000271550162628,en,thewire
skyline,0.000271550162628,en,thewire
podunk,0.000271550162628,en,thewire
constituency,0.000271550162628,en,thewire
sixer,0.000271550162628,en,thewire
nursemaid,0.000271550162628,en,thewire
lastly,0.000271550162628,en,thewire
subcontractor,0.000271550162628,en,thewire
opie,0.000271550162628,en,thewire
doohickey,0.000271550162628,en,thewire
elve,0.000271550162628,en,thewire
intubated,0.000271550162628,en,thewire
neglectful,0.000271550162628,en,thewire
transferring,0.000271550162628,en,thewire
orally,0.000271550162628,en,thewire
succinct,0.000271550162628,en,thewire
stabilization,0.000271550162628,en,thewire
incompatible,0.000271550162628,en,thewire
crawler,0.000271550162628,en,thewire
rivera,0.000271550162628,en,thewire
gainesville,0.000271550162628,en,thewire
bri,0.000271550162628,en,thewire
boyd,0.000271550162628,en,thewire
tylenol,0.000271550162628,en,thewire
byron,0.000271550162628,en,thewire
shrek,0.000271550162628,en,thewire
displeased,0.000271550162628,en,thewire
nappy,0.000271550162628,en,thewire
hollister,0.000271550162628,en,thewire
workspace,0.000271550162628,en,thewire
segregate,0.000271550162628,en,thewire
starvin,0.000271550162628,en,thewire
cary,0.000271550162628,en,thewire
beluga,0.000271550162628,en,thewire
franklin,0.000271550162628,en,thewire
phrasing,0.000271550162628,en,thewire
fecal,0.000271550162628,en,thewire
unforgive,0.000271550162628,en,thewire
kraut,0.000271550162628,en,thewire
overtone,0.000271550162628,en,thewire
nake,0.000271550162628,en,thewire
punchline,0.000271550162628,en,thewire
braille,0.000271550162628,en,thewire
siding,0.000271550162628,en,thewire
pumpin,0.000271550162628,en,thewire
carney,0.000271550162628,en,thewire
necessitate,0.000271550162628,en,thewire
fizzle,0.000271550162628,en,thewire
druid,0.000271550162628,en,thewire
anythin,0.000271550162628,en,thewire
prim,0.000271550162628,en,thewire
freestyle,0.000271550162628,en,thewire
reconstitute,0.000271550162628,en,thewire
whitefish,0.000271550162628,en,thewire
dreamin,0.000271550162628,en,thewire
ernest,0.000271550162628,en,thewire
positioning,0.000271550162628,en,thewire
iot,0.000271550162628,en,thewire
pig,0.0002699747176826,en,thewire
success,0.0002699747176826,en,thewire
brilliant,0.0002699747176826,en,thewire
practically,0.0002699747176826,en,thewire
oil,0.0002699747176826,en,thewire
reschedule,0.000269668198928,en,thewire
pint,0.000269668198928,en,thewire
publicity,0.000269668198928,en,thewire
whale,0.000269668198928,en,thewire
notion,0.000269668198928,en,thewire
sociopath,0.000269668198928,en,thewire
occasional,0.000269668198928,en,thewire
scatter,0.000269668198928,en,thewire
equally,0.0002670208813722,en,thewire
reassure,0.0002670208813722,en,thewire
jelly,0.0002670208813722,en,thewire
aged,0.0002670208813722,en,thewire
oversee,0.0002670208813722,en,thewire
realistic,0.0002670208813722,en,thewire
stew,0.0002670208813722,en,thewire
merit,0.0002670208813722,en,thewire
whispering,0.0002670208813722,en,thewire
mop,0.0002670208813722,en,thewire
rescue,0.0002656181865096,en,thewire
miracle,0.0002656181865096,en,thewire
reality,0.0002656181865096,en,thewire
crush,0.0002656181865096,en,thewire
solution,0.0002656181865096,en,thewire
memorize,0.0002644196064634,en,thewire
stove,0.0002644196064634,en,thewire
prank,0.0002644196064634,en,thewire
tamper,0.0002644196064634,en,thewire
carrier,0.0002644196064634,en,thewire
partial,0.0002644196064634,en,thewire
platform,0.0002644196064634,en,thewire
heroic,0.0002644196064634,en,thewire
catholic,0.0002644196064634,en,thewire
coleman,0.000263670800844,en,thewire
gat,0.000263670800844,en,thewire
meteorologist,0.000263670800844,en,thewire
dewey,0.000263670800844,en,thewire
curbside,0.000263670800844,en,thewire
marginal,0.000263670800844,en,thewire
camden,0.000263670800844,en,thewire
pulpit,0.000263670800844,en,thewire
pol,0.000263670800844,en,thewire
additionally,0.000263670800844,en,thewire
gilligan,0.000263670800844,en,thewire
unwarranted,0.000263670800844,en,thewire
referendum,0.000263670800844,en,thewire
nightstick,0.000263670800844,en,thewire
dormitory,0.000263670800844,en,thewire
ingrate,0.000263670800844,en,thewire
toke,0.000263670800844,en,thewire
undetermined,0.000263670800844,en,thewire
muff,0.000263670800844,en,thewire
hmph,0.000263670800844,en,thewire
notoriety,0.000263670800844,en,thewire
infringement,0.000263670800844,en,thewire
cardiology,0.000263670800844,en,thewire
cleat,0.000263670800844,en,thewire
guerrilla,0.000263670800844,en,thewire
domicile,0.000263670800844,en,thewire
tore,0.000263670800844,en,thewire
lightness,0.000263670800844,en,thewire
pssh,0.000263670800844,en,thewire
bedrock,0.000263670800844,en,thewire
nike,0.000263670800844,en,thewire
clod,0.000263670800844,en,thewire
pivot,0.000263670800844,en,thewire
dugout,0.000263670800844,en,thewire
kool,0.000263670800844,en,thewire
homegrown,0.000263670800844,en,thewire
pinkie,0.000263670800844,en,thewire
flintstone,0.000263670800844,en,thewire
panky,0.000263670800844,en,thewire
tollbooth,0.000263670800844,en,thewire
acetone,0.000263670800844,en,thewire
furlough,0.000263670800844,en,thewire
verde,0.000263670800844,en,thewire
carnation,0.000263670800844,en,thewire
gully,0.000263670800844,en,thewire
tauru,0.000263670800844,en,thewire
swingin,0.000263670800844,en,thewire
grainy,0.000263670800844,en,thewire
beyonce,0.000263670800844,en,thewire
jeffrie,0.000263670800844,en,thewire
arkansas,0.000263670800844,en,thewire
kat,0.000263670800844,en,thewire
undie,0.000263670800844,en,thewire
drown,0.0002634712389697,en,thewire
torture,0.0002634712389697,en,thewire
sweetie,0.0002634712389697,en,thewire
expert,0.0002634712389697,en,thewire
super,0.0002634712389697,en,thewire
stud,0.0002618627999768,en,thewire
plague,0.0002618627999768,en,thewire
ouch,0.0002618627999768,en,thewire
cleaner,0.0002618627999768,en,thewire
shocked,0.0002618627999768,en,thewire
freshman,0.0002618627999768,en,thewire
keen,0.0002618627999768,en,thewire
import,0.0002618627999768,en,thewire
caution,0.0002618627999768,en,thewire
outlet,0.0002618627999768,en,thewire
turf,0.0002618627999768,en,thewire
tenth,0.0002618627999768,en,thewire
condemn,0.0002618627999768,en,thewire
sized,0.0002618627999768,en,thewire
planet,0.0002613446419497,en,thewire
queen,0.0002613446419497,en,thewire
helpful,0.0002613446419497,en,thewire
hazard,0.0002593489670683,en,thewire
caller,0.0002593489670683,en,thewire
steer,0.0002593489670683,en,thewire
defensive,0.0002593489670683,en,thewire
rogue,0.0002593489670683,en,thewire
contrary,0.0002593489670683,en,thewire
shack,0.0002593489670683,en,thewire
distracted,0.0002593489670683,en,thewire
connected,0.0002593489670683,en,thewire
compare,0.0002592380132716,en,thewire
magic,0.0002592380132716,en,thewire
messenger,0.0002568766870249,en,thewire
evaluation,0.0002568766870249,en,thewire
lamp,0.0002568766870249,en,thewire
creation,0.0002568766870249,en,thewire
disrupt,0.0002568766870249,en,thewire
streak,0.0002568766870249,en,thewire
richard,0.0002568766870249,en,thewire
moan,0.0002568766870249,en,thewire
ambition,0.0002568766870249,en,thewire
psychopath,0.0002568766870249,en,thewire
knocker,0.0002565430511012,en,thewire
mayberry,0.0002565430511012,en,thewire
beholden,0.0002565430511012,en,thewire
reheat,0.0002565430511012,en,thewire
armoire,0.0002565430511012,en,thewire
chilling,0.0002565430511012,en,thewire
letterhead,0.0002565430511012,en,thewire
remedial,0.0002565430511012,en,thewire
hancock,0.0002565430511012,en,thewire
focal,0.0002565430511012,en,thewire
suckin,0.0002565430511012,en,thewire
ged,0.0002565430511012,en,thewire
pedro,0.0002565430511012,en,thewire
abate,0.0002565430511012,en,thewire
lyon,0.0002565430511012,en,thewire
boxcar,0.0002565430511012,en,thewire
unexplainable,0.0002565430511012,en,thewire
luv,0.0002565430511012,en,thewire
undone,0.0002565430511012,en,thewire
angrily,0.0002565430511012,en,thewire
patrolling,0.0002565430511012,en,thewire
skeletal,0.0002565430511012,en,thewire
piping,0.0002565430511012,en,thewire
wartime,0.0002565430511012,en,thewire
substandard,0.0002565430511012,en,thewire
kissin,0.0002565430511012,en,thewire
shitless,0.0002565430511012,en,thewire
landslide,0.0002565430511012,en,thewire
ack,0.0002565430511012,en,thewire
sprite,0.0002565430511012,en,thewire
amalgam,0.0002565430511012,en,thewire
henchman,0.0002565430511012,en,thewire
workforce,0.0002565430511012,en,thewire
intercede,0.0002565430511012,en,thewire
skew,0.0002565430511012,en,thewire
maneuvering,0.0002565430511012,en,thewire
dilute,0.0002565430511012,en,thewire
ijust,0.0002565430511012,en,thewire
energize,0.0002565430511012,en,thewire
overreach,0.0002565430511012,en,thewire
abject,0.0002565430511012,en,thewire
woodland,0.0002565430511012,en,thewire
craftsman,0.0002565430511012,en,thewire
lamppost,0.0002565430511012,en,thewire
furtive,0.0002565430511012,en,thewire
whiter,0.0002565430511012,en,thewire
sneer,0.0002565430511012,en,thewire
stigma,0.0002565430511012,en,thewire
gone,0.0002565430511012,en,thewire
stealin,0.0002565430511012,en,thewire
cheatin,0.0002565430511012,en,thewire
walkman,0.0002565430511012,en,thewire
jamal,0.0002565430511012,en,thewire
denomination,0.0002565430511012,en,thewire
kaput,0.0002565430511012,en,thewire
bookmark,0.0002565430511012,en,thewire
squelch,0.0002565430511012,en,thewire
simplistic,0.0002565430511012,en,thewire
anderson,0.0002565430511012,en,thewire
iive,0.0002565430511012,en,thewire
laced,0.0002565430511012,en,thewire
nba,0.0002565430511012,en,thewire
listenin,0.0002565430511012,en,thewire
filipino,0.0002565430511012,en,thewire
pisser,0.0002565430511012,en,thewire
oye,0.0002565430511012,en,thewire
bethesda,0.0002565430511012,en,thewire
excited,0.0002550831851652,en,thewire
breeze,0.0002544446084432,en,thewire
indian,0.0002544446084432,en,thewire
barn,0.0002544446084432,en,thewire
brian,0.0002544446084432,en,thewire
irrelevant,0.0002544446084432,en,thewire
scoop,0.0002544446084432,en,thewire
mechanical,0.0002544446084432,en,thewire
adjustment,0.0002544446084432,en,thewire
origin,0.0002544446084432,en,thewire
mode,0.0002544446084432,en,thewire
vain,0.0002544446084432,en,thewire
partnership,0.0002544446084432,en,thewire
unnecessary,0.0002544446084432,en,thewire
awful,0.0002530342731548,en,thewire
awake,0.0002530342731548,en,thewire
perk,0.0002520514447926,en,thewire
chunk,0.0002520514447926,en,thewire
resistance,0.0002520514447926,en,thewire
mole,0.0002520514447926,en,thewire
region,0.0002520514447926,en,thewire
designer,0.0002520514447926,en,thewire
olive,0.0002520514447926,en,thewire
pickup,0.0002520514447926,en,thewire
amazed,0.0002520514447926,en,thewire
instruct,0.0002520514447926,en,thewire
available,0.0002510039035889,en,thewire
lawman,0.0002500359254067,en,thewire
pauper,0.0002500359254067,en,thewire
marche,0.0002500359254067,en,thewire
routinely,0.0002500359254067,en,thewire
beady,0.0002500359254067,en,thewire
jurassic,0.0002500359254067,en,thewire
expenditure,0.0002500359254067,en,thewire
exodus,0.0002500359254067,en,thewire
uniformed,0.0002500359254067,en,thewire
flaccid,0.0002500359254067,en,thewire
twizzler,0.0002500359254067,en,thewire
geographically,0.0002500359254067,en,thewire
licensing,0.0002500359254067,en,thewire
fixing,0.0002500359254067,en,thewire
firehouse,0.0002500359254067,en,thewire
allocate,0.0002500359254067,en,thewire
plantation,0.0002500359254067,en,thewire
callback,0.0002500359254067,en,thewire
carey,0.0002500359254067,en,thewire
insurmountable,0.0002500359254067,en,thewire
visor,0.0002500359254067,en,thewire
gah,0.0002500359254067,en,thewire
likeable,0.0002500359254067,en,thewire
ratchet,0.0002500359254067,en,thewire
sash,0.0002500359254067,en,thewire
overt,0.0002500359254067,en,thewire
stipend,0.0002500359254067,en,thewire
snowstorm,0.0002500359254067,en,thewire
whuppe,0.0002500359254067,en,thewire
removed,0.0002500359254067,en,thewire
huntin,0.0002500359254067,en,thewire
birdseed,0.0002500359254067,en,thewire
dictatorship,0.0002500359254067,en,thewire
unfreeze,0.0002500359254067,en,thewire
teflon,0.0002500359254067,en,thewire
tattle,0.0002500359254067,en,thewire
perjure,0.0002500359254067,en,thewire
blowjob,0.0002500359254067,en,thewire
hmo,0.0002500359254067,en,thewire
freeman,0.0002500359254067,en,thewire
paragon,0.0002500359254067,en,thewire
dilly,0.0002500359254067,en,thewire
ladylike,0.0002500359254067,en,thewire
leach,0.0002500359254067,en,thewire
brie,0.0002500359254067,en,thewire
lntereste,0.0002500359254067,en,thewire
sabbath,0.0002500359254067,en,thewire
parkway,0.0002500359254067,en,thewire
versace,0.0002500359254067,en,thewire
treasurer,0.0002500359254067,en,thewire
baloney,0.0002500359254067,en,thewire
pouty,0.0002500359254067,en,thewire
workable,0.0002500359254067,en,thewire
prelim,0.0002500359254067,en,thewire
improvement,0.0002496959703289,en,thewire
gently,0.0002496959703289,en,thewire
sheep,0.0002496959703289,en,thewire
destination,0.0002496959703289,en,thewire
cheerleader,0.0002496959703289,en,thewire
jerry,0.0002496959703289,en,thewire
instantly,0.0002496959703289,en,thewire
glue,0.0002496959703289,en,thewire
gravity,0.0002496959703289,en,thewire
perfectly,0.0002489917438607,en,thewire
gambling,0.0002473770163238,en,thewire
mentally,0.0002473770163238,en,thewire
fugitive,0.0002473770163238,en,thewire
convert,0.0002473770163238,en,thewire
armor,0.0002473770163238,en,thewire
liability,0.0002473770163238,en,thewire
accusation,0.0002473770163238,en,thewire
hitch,0.0002473770163238,en,thewire
chuck,0.0002473770163238,en,thewire
blunt,0.0002473770163238,en,thewire
access,0.0002469974702334,en,thewire
jungle,0.0002450934675827,en,thewire
setting,0.0002450934675827,en,thewire
nanny,0.0002450934675827,en,thewire
mum,0.0002450934675827,en,thewire
gratitude,0.0002450934675827,en,thewire
doughnut,0.0002450934675827,en,thewire
thoughtful,0.0002450934675827,en,thewire
innocence,0.0002450934675827,en,thewire
supposedly,0.0002450934675827,en,thewire
absorb,0.0002450934675827,en,thewire
buckle,0.0002450934675827,en,thewire
objective,0.0002450934675827,en,thewire
desperate,0.0002450207675271,en,thewire
peggy,0.0002440499500344,en,thewire
farth,0.0002440499500344,en,thewire
coattail,0.0002440499500344,en,thewire
crematorium,0.0002440499500344,en,thewire
empathize,0.0002440499500344,en,thewire
waverly,0.0002440499500344,en,thewire
cervical,0.0002440499500344,en,thewire
whitey,0.0002440499500344,en,thewire
ottoman,0.0002440499500344,en,thewire
gil,0.0002440499500344,en,thewire
ritalin,0.0002440499500344,en,thewire
necktie,0.0002440499500344,en,thewire
protestant,0.0002440499500344,en,thewire
prepay,0.0002440499500344,en,thewire
drumstick,0.0002440499500344,en,thewire
impunity,0.0002440499500344,en,thewire
scrotum,0.0002440499500344,en,thewire
saturation,0.0002440499500344,en,thewire
deductive,0.0002440499500344,en,thewire
patter,0.0002440499500344,en,thewire
lividity,0.0002440499500344,en,thewire
edison,0.0002440499500344,en,thewire
gallant,0.0002440499500344,en,thewire
spender,0.0002440499500344,en,thewire
shrewd,0.0002440499500344,en,thewire
manuel,0.0002440499500344,en,thewire
pjs,0.0002440499500344,en,thewire
lotta,0.0002440499500344,en,thewire
brandon,0.0002440499500344,en,thewire
gilmore,0.0002440499500344,en,thewire
alienation,0.0002440499500344,en,thewire
barbarian,0.0002440499500344,en,thewire
indispensable,0.0002440499500344,en,thewire
factual,0.0002440499500344,en,thewire
readjust,0.0002440499500344,en,thewire
mcdonald,0.0002440499500344,en,thewire
environmentalist,0.0002440499500344,en,thewire
failing,0.0002440499500344,en,thewire
gatsby,0.0002440499500344,en,thewire
grouping,0.0002440499500344,en,thewire
slamming,0.0002440499500344,en,thewire
freelancer,0.0002440499500344,en,thewire
fam,0.0002440499500344,en,thewire
arlene,0.0002440499500344,en,thewire
affront,0.0002440499500344,en,thewire
encouraging,0.0002440499500344,en,thewire
lsn,0.0002440499500344,en,thewire
crimp,0.0002440499500344,en,thewire
wharf,0.0002440499500344,en,thewire
rotary,0.0002440499500344,en,thewire
fest,0.0002440499500344,en,thewire
remembrance,0.0002440499500344,en,thewire
shitload,0.0002440499500344,en,thewire
crash,0.0002430613288204,en,thewire
quickly,0.0002430613288204,en,thewire
arrival,0.0002428442592245,en,thewire
backyard,0.0002428442592245,en,thewire
dizzy,0.0002428442592245,en,thewire
thigh,0.0002428442592245,en,thewire
rival,0.0002428442592245,en,thewire
invite,0.0002411188551639,en,thewire
stream,0.0002406283736998,en,thewire
oven,0.0002406283736998,en,thewire
draft,0.0002406283736998,en,thewire
scheme,0.0002406283736998,en,thewire
robot,0.0002406283736998,en,thewire
exotic,0.0002406283736998,en,thewire
gallery,0.0002406283736998,en,thewire
verify,0.0002406283736998,en,thewire
retrieve,0.0002406283736998,en,thewire
terror,0.0002406283736998,en,thewire
drum,0.0002406283736998,en,thewire
japanese,0.0002406283736998,en,thewire
novel,0.0002406283736998,en,thewire
washroom,0.0002385078024848,en,thewire
strategist,0.0002385078024848,en,thewire
goddamned,0.0002385078024848,en,thewire
mortician,0.0002385078024848,en,thewire
turnpike,0.0002385078024848,en,thewire
defraud,0.0002385078024848,en,thewire
cookin,0.0002385078024848,en,thewire
slither,0.0002385078024848,en,thewire
scarface,0.0002385078024848,en,thewire
unwise,0.0002385078024848,en,thewire
ambivalent,0.0002385078024848,en,thewire
requisite,0.0002385078024848,en,thewire
consortium,0.0002385078024848,en,thewire
guillotine,0.0002385078024848,en,thewire
escalade,0.0002385078024848,en,thewire
unsupervised,0.0002385078024848,en,thewire
steward,0.0002385078024848,en,thewire
mistook,0.0002385078024848,en,thewire
tandem,0.0002385078024848,en,thewire
decidedly,0.0002385078024848,en,thewire
loco,0.0002385078024848,en,thewire
silencer,0.0002385078024848,en,thewire
foreseeable,0.0002385078024848,en,thewire
stingy,0.0002385078024848,en,thewire
topple,0.0002385078024848,en,thewire
improper,0.0002385078024848,en,thewire
ella,0.0002385078024848,en,thewire
ditty,0.0002385078024848,en,thewire
punitive,0.0002385078024848,en,thewire
designated,0.0002385078024848,en,thewire
peeper,0.0002385078024848,en,thewire
cranium,0.0002385078024848,en,thewire
strategize,0.0002385078024848,en,thewire
toothless,0.0002385078024848,en,thewire
notable,0.0002385078024848,en,thewire
solidarity,0.0002385078024848,en,thewire
deter,0.0002385078024848,en,thewire
visceral,0.0002385078024848,en,thewire
expunge,0.0002385078024848,en,thewire
platitude,0.0002385078024848,en,thewire
comparative,0.0002385078024848,en,thewire
saltine,0.0002385078024848,en,thewire
cheapen,0.0002385078024848,en,thewire
polka,0.0002385078024848,en,thewire
seasick,0.0002385078024848,en,thewire
culpable,0.0002385078024848,en,thewire
claude,0.0002385078024848,en,thewire
pantsuit,0.0002385078024848,en,thewire
helping,0.0002385078024848,en,thewire
reg,0.0002385078024848,en,thewire
fitzgerald,0.0002385078024848,en,thewire
ticklish,0.0002385078024848,en,thewire
pillowcase,0.0002385078024848,en,thewire
earmark,0.0002385078024848,en,thewire
aft,0.0002385078024848,en,thewire
bringin,0.0002385078024848,en,thewire
memorie,0.0002385078024848,en,thewire
offset,0.0002385078024848,en,thewire
spongebob,0.0002385078024848,en,thewire
brittany,0.0002385078024848,en,thewire
russ,0.0002385078024848,en,thewire
cred,0.0002385078024848,en,thewire
six,0.0002385078024848,en,thewire
teasing,0.0002385078024848,en,thewire
answering,0.0002385078024848,en,thewire
duper,0.0002385078024848,en,thewire
whirlpool,0.0002385078024848,en,thewire
shade,0.0002384448380264,en,thewire
anticipate,0.0002384448380264,en,thewire
pony,0.0002384448380264,en,thewire
sweater,0.0002384448380264,en,thewire
slaughter,0.0002384448380264,en,thewire
intervention,0.0002384448380264,en,thewire
demonstrate,0.0002384448380264,en,thewire
vent,0.0002384448380264,en,thewire
siren,0.0002384448380264,en,thewire
acceptable,0.0002384448380264,en,thewire
grenade,0.0002384448380264,en,thewire
rebuild,0.0002362927212246,en,thewire
sunshine,0.0002362927212246,en,thewire
vegetable,0.0002362927212246,en,thewire
fishing,0.0002362927212246,en,thewire
horror,0.0002362927212246,en,thewire
guidance,0.0002362927212246,en,thewire
disappointment,0.0002362927212246,en,thewire
decorate,0.0002362927212246,en,thewire
petty,0.0002362927212246,en,thewire
mister,0.0002362927212246,en,thewire
haircut,0.0002362927212246,en,thewire
traditional,0.0002362927212246,en,thewire
numb,0.0002341711319332,en,thewire
depth,0.0002341711319332,en,thewire
bully,0.0002341711319332,en,thewire
arrogant,0.0002341711319332,en,thewire
stunt,0.0002341711319332,en,thewire
intact,0.0002341711319332,en,thewire
guardian,0.0002341711319332,en,thewire
reminder,0.0002341711319332,en,thewire
necklace,0.0002341711319332,en,thewire
corrupt,0.0002341711319332,en,thewire
survive,0.0002335128960712,en,thewire
excursion,0.0002333481865549,en,thewire
surveille,0.0002333481865549,en,thewire
inclination,0.0002333481865549,en,thewire
repo,0.0002333481865549,en,thewire
beatin,0.0002333481865549,en,thewire
forcibly,0.0002333481865549,en,thewire
even,0.0002333481865549,en,thewire
kleenex,0.0002333481865549,en,thewire
aqua,0.0002333481865549,en,thewire
longtime,0.0002333481865549,en,thewire
kaboom,0.0002333481865549,en,thewire
denny,0.0002333481865549,en,thewire
switchboard,0.0002333481865549,en,thewire
ragged,0.0002333481865549,en,thewire
untreated,0.0002333481865549,en,thewire
doofus,0.0002333481865549,en,thewire
census,0.0002333481865549,en,thewire
constable,0.0002333481865549,en,thewire
footnote,0.0002333481865549,en,thewire
delegation,0.0002333481865549,en,thewire
lambert,0.0002333481865549,en,thewire
repertoire,0.0002333481865549,en,thewire
misbehave,0.0002333481865549,en,thewire
sidetrack,0.0002333481865549,en,thewire
tahoe,0.0002333481865549,en,thewire
attache,0.0002333481865549,en,thewire
mediate,0.0002333481865549,en,thewire
prehistoric,0.0002333481865549,en,thewire
supremely,0.0002333481865549,en,thewire
sulfuric,0.0002333481865549,en,thewire
scuttle,0.0002333481865549,en,thewire
ashame,0.0002333481865549,en,thewire
haitian,0.0002333481865549,en,thewire
pinata,0.0002333481865549,en,thewire
pest,0.0002333481865549,en,thewire
hacksaw,0.0002333481865549,en,thewire
songwriter,0.0002333481865549,en,thewire
badd,0.0002333481865549,en,thewire
hypnotic,0.0002333481865549,en,thewire
muss,0.0002333481865549,en,thewire
reggie,0.0002333481865549,en,thewire
unprovoked,0.0002333481865549,en,thewire
hanky,0.0002333481865549,en,thewire
vanguard,0.0002333481865549,en,thewire
percentile,0.0002333481865549,en,thewire
familiarity,0.0002333481865549,en,thewire
worn,0.0002333481865549,en,thewire
communicating,0.0002333481865549,en,thewire
morrow,0.0002333481865549,en,thewire
cellblock,0.0002333481865549,en,thewire
cheddar,0.0002333481865549,en,thewire
competence,0.0002333481865549,en,thewire
ahoy,0.0002333481865549,en,thewire
hotdog,0.0002333481865549,en,thewire
inadmissible,0.0002333481865549,en,thewire
brutalize,0.0002333481865549,en,thewire
comforter,0.0002333481865549,en,thewire
nightgown,0.0002333481865549,en,thewire
loiter,0.0002333481865549,en,thewire
spurt,0.0002333481865549,en,thewire
forr,0.0002333481865549,en,thewire
federale,0.0002333481865549,en,thewire
integration,0.0002333481865549,en,thewire
academically,0.0002333481865549,en,thewire
ambush,0.0002320792161936,en,thewire
acquire,0.0002320792161936,en,thewire
intimidate,0.0002320792161936,en,thewire
emotionally,0.0002320792161936,en,thewire
german,0.0002320792161936,en,thewire
extraordinary,0.0002320792161936,en,thewire
exploit,0.0002320792161936,en,thewire
saving,0.0002300161553856,en,thewire
album,0.0002300161553856,en,thewire
volume,0.0002300161553856,en,thewire
drift,0.0002300161553856,en,thewire
engineer,0.0002300161553856,en,thewire
encounter,0.0002300161553856,en,thewire
obligation,0.0002300161553856,en,thewire
acid,0.0002300161553856,en,thewire
combat,0.0002300161553856,en,thewire
envelope,0.0002300161553856,en,thewire
dangerous,0.0002298044760061,en,thewire
framing,0.0002285216881853,en,thewire
workday,0.0002285216881853,en,thewire
paraphernalia,0.0002285216881853,en,thewire
straitjacket,0.0002285216881853,en,thewire
pothole,0.0002285216881853,en,thewire
lightbulb,0.0002285216881853,en,thewire
educator,0.0002285216881853,en,thewire
duh,0.0002285216881853,en,thewire
basil,0.0002285216881853,en,thewire
menthol,0.0002285216881853,en,thewire
minty,0.0002285216881853,en,thewire
hickey,0.0002285216881853,en,thewire
leniency,0.0002285216881853,en,thewire
pucker,0.0002285216881853,en,thewire
prized,0.0002285216881853,en,thewire
strep,0.0002285216881853,en,thewire
ail,0.0002285216881853,en,thewire
metric,0.0002285216881853,en,thewire
inhabitant,0.0002285216881853,en,thewire
mindset,0.0002285216881853,en,thewire
bulldozer,0.0002285216881853,en,thewire
swill,0.0002285216881853,en,thewire
bloodstain,0.0002285216881853,en,thewire
tracer,0.0002285216881853,en,thewire
petroleum,0.0002285216881853,en,thewire
alleyway,0.0002285216881853,en,thewire
plainly,0.0002285216881853,en,thewire
mumbling,0.0002285216881853,en,thewire
creme,0.0002285216881853,en,thewire
interpreter,0.0002285216881853,en,thewire
uncharted,0.0002285216881853,en,thewire
copi,0.0002285216881853,en,thewire
consensus,0.0002285216881853,en,thewire
mediocrity,0.0002285216881853,en,thewire
doctoral,0.0002285216881853,en,thewire
revival,0.0002285216881853,en,thewire
decimal,0.0002285216881853,en,thewire
confessing,0.0002285216881853,en,thewire
preferred,0.0002285216881853,en,thewire
accountability,0.0002285216881853,en,thewire
cobble,0.0002285216881853,en,thewire
justin,0.0002285216881853,en,thewire
losin,0.0002285216881853,en,thewire
trey,0.0002285216881853,en,thewire
sweeping,0.0002285216881853,en,thewire
solemn,0.0002285216881853,en,thewire
underline,0.0002285216881853,en,thewire
untold,0.0002285216881853,en,thewire
hobbit,0.0002285216881853,en,thewire
flood,0.000227981164304,en,thewire
genetic,0.000227981164304,en,thewire
fashioned,0.000227981164304,en,thewire
distant,0.000227981164304,en,thewire
reconsider,0.000227981164304,en,thewire
handful,0.000227981164304,en,thewire
cooking,0.000227981164304,en,thewire
mud,0.000227981164304,en,thewire
craft,0.000227981164304,en,thewire
proposal,0.000227981164304,en,thewire
massage,0.000227981164304,en,thewire
boundary,0.0002259734893649,en,thewire
donate,0.0002259734893649,en,thewire
testing,0.0002259734893649,en,thewire
actor,0.0002259734893649,en,thewire
chin,0.0002259734893649,en,thewire
strongly,0.0002259734893649,en,thewire
magical,0.0002259734893649,en,thewire
chemistry,0.0002239924069295,en,thewire
pancake,0.0002239924069295,en,thewire
porn,0.0002239924069295,en,thewire
hunter,0.0002239924069295,en,thewire
ugh,0.0002239924069295,en,thewire
stubborn,0.0002239924069295,en,thewire
consume,0.0002239924069295,en,thewire
humid,0.0002239878898707,en,thewire
terrence,0.0002239878898707,en,thewire
installment,0.0002239878898707,en,thewire
armory,0.0002239878898707,en,thewire
reassurance,0.0002239878898707,en,thewire
chainsaw,0.0002239878898707,en,thewire
headin,0.0002239878898707,en,thewire
brunt,0.0002239878898707,en,thewire
quail,0.0002239878898707,en,thewire
fluctuation,0.0002239878898707,en,thewire
commie,0.0002239878898707,en,thewire
adieu,0.0002239878898707,en,thewire
typewriter,0.0002239878898707,en,thewire
midtown,0.0002239878898707,en,thewire
untrustworthy,0.0002239878898707,en,thewire
homeboy,0.0002239878898707,en,thewire
weepy,0.0002239878898707,en,thewire
summarize,0.0002239878898707,en,thewire
viking,0.0002239878898707,en,thewire
mince,0.0002239878898707,en,thewire
ballot,0.0002239878898707,en,thewire
inconsistent,0.0002239878898707,en,thewire
fortify,0.0002239878898707,en,thewire
vino,0.0002239878898707,en,thewire
ashore,0.0002239878898707,en,thewire
evident,0.0002239878898707,en,thewire
enlightened,0.0002239878898707,en,thewire
viewing,0.0002239878898707,en,thewire
pooch,0.0002239878898707,en,thewire
weenie,0.0002239878898707,en,thewire
oooh,0.0002239878898707,en,thewire
liberation,0.0002239878898707,en,thewire
rollin,0.0002239878898707,en,thewire
bodied,0.0002239878898707,en,thewire
gen,0.0002239878898707,en,thewire
buick,0.0002239878898707,en,thewire
apprehension,0.0002239878898707,en,thewire
reactive,0.0002239878898707,en,thewire
err,0.0002239878898707,en,thewire
unwritten,0.0002239878898707,en,thewire
criminally,0.0002239878898707,en,thewire
nichola,0.0002239878898707,en,thewire
crusty,0.0002239878898707,en,thewire
copyright,0.0002239878898707,en,thewire
boone,0.0002239878898707,en,thewire
comprehension,0.0002239878898707,en,thewire
dessert,0.000222037221739,en,thewire
fluid,0.000222037221739,en,thewire
honesty,0.000222037221739,en,thewire
deaf,0.000222037221739,en,thewire
puke,0.000222037221739,en,thewire
offend,0.000222037221739,en,thewire
survivor,0.0002201072654491,en,thewire
correctly,0.0002201072654491,en,thewire
chapter,0.0002201072654491,en,thewire
scan,0.0002201072654491,en,thewire
unhappy,0.0002201072654491,en,thewire
italian,0.0002201072654491,en,thewire
undivided,0.0002197133111176,en,thewire
itty,0.0002197133111176,en,thewire
atkin,0.0002197133111176,en,thewire
contradiction,0.0002197133111176,en,thewire
partying,0.0002197133111176,en,thewire
welsh,0.0002197133111176,en,thewire
doormat,0.0002197133111176,en,thewire
uglier,0.0002197133111176,en,thewire
northw,0.0002197133111176,en,thewire
hemorrhoid,0.0002197133111176,en,thewire
splint,0.0002197133111176,en,thewire
typo,0.0002197133111176,en,thewire
referee,0.0002197133111176,en,thewire
attagirl,0.0002197133111176,en,thewire
geographic,0.0002197133111176,en,thewire
fickle,0.0002197133111176,en,thewire
shipyard,0.0002197133111176,en,thewire
fuzz,0.0002197133111176,en,thewire
pallet,0.0002197133111176,en,thewire
misspell,0.0002197133111176,en,thewire
heartburn,0.0002197133111176,en,thewire
standup,0.0002197133111176,en,thewire
hooking,0.0002197133111176,en,thewire
scoundrel,0.0002197133111176,en,thewire
format,0.0002197133111176,en,thewire
monumental,0.0002197133111176,en,thewire
happenin,0.0002197133111176,en,thewire
hex,0.0002197133111176,en,thewire
attain,0.0002197133111176,en,thewire
formaldehyde,0.0002197133111176,en,thewire
raven,0.0002197133111176,en,thewire
danielle,0.0002197133111176,en,thewire
hoffman,0.0002197133111176,en,thewire
blatant,0.0002197133111176,en,thewire
periodic,0.0002197133111176,en,thewire
rooster,0.0002197133111176,en,thewire
esquire,0.0002197133111176,en,thewire
mademoiselle,0.0002197133111176,en,thewire
bode,0.0002197133111176,en,thewire
irritation,0.0002197133111176,en,thewire
snatcher,0.0002197133111176,en,thewire
agitate,0.0002197133111176,en,thewire
glowing,0.0002197133111176,en,thewire
messy,0.000218201895259,en,thewire
disorder,0.000218201895259,en,thewire
humanity,0.000218201895259,en,thewire
instant,0.000218201895259,en,thewire
intelligence,0.0002163204926255,en,thewire
slave,0.0002163204926255,en,thewire
symbol,0.0002163204926255,en,thewire
spray,0.0002163204926255,en,thewire
nuance,0.0002156699064856,en,thewire
paddy,0.0002156699064856,en,thewire
marion,0.0002156699064856,en,thewire
refrigerate,0.0002156699064856,en,thewire
thunderstorm,0.0002156699064856,en,thewire
vertebrae,0.0002156699064856,en,thewire
trainee,0.0002156699064856,en,thewire
marketplace,0.0002156699064856,en,thewire
unscheduled,0.0002156699064856,en,thewire
tetanus,0.0002156699064856,en,thewire
baptist,0.0002156699064856,en,thewire
schoolboy,0.0002156699064856,en,thewire
contend,0.0002156699064856,en,thewire
blazer,0.0002156699064856,en,thewire
hombre,0.0002156699064856,en,thewire
expend,0.0002156699064856,en,thewire
asphalt,0.0002156699064856,en,thewire
bon,0.0002156699064856,en,thewire
gandhi,0.0002156699064856,en,thewire
olden,0.0002156699064856,en,thewire
ineffective,0.0002156699064856,en,thewire
admissible,0.0002156699064856,en,thewire
keypad,0.0002156699064856,en,thewire
ukrainian,0.0002156699064856,en,thewire
monopoly,0.0002156699064856,en,thewire
bah,0.0002156699064856,en,thewire
jackal,0.0002156699064856,en,thewire
nominee,0.0002156699064856,en,thewire
rename,0.0002156699064856,en,thewire
notification,0.0002156699064856,en,thewire
toasty,0.0002156699064856,en,thewire
jiggle,0.0002156699064856,en,thewire
stinkin,0.0002156699064856,en,thewire
mart,0.0002156699064856,en,thewire
jeweler,0.0002156699064856,en,thewire
completion,0.0002156699064856,en,thewire
citizenship,0.0002156699064856,en,thewire
pelt,0.0002156699064856,en,thewire
kev,0.0002156699064856,en,thewire
psycho,0.0002144624620583,en,thewire
conclusion,0.0002144624620583,en,thewire
stamp,0.0002144624620583,en,thewire
neat,0.0002144624620583,en,thewire
vital,0.0002144624620583,en,thewire
existence,0.0002144624620583,en,thewire
sting,0.0002144624620583,en,thewire
expand,0.0002126272299877,en,thewire
tub,0.0002126272299877,en,thewire
restore,0.0002126272299877,en,thewire
frozen,0.0002126272299877,en,thewire
brutal,0.0002126272299877,en,thewire
bride,0.0002126272299877,en,thewire
puerto,0.0002118339493336,en,thewire
mandarin,0.0002118339493336,en,thewire
vandal,0.0002118339493336,en,thewire
comer,0.0002118339493336,en,thewire
chester,0.0002118339493336,en,thewire
hoe,0.0002118339493336,en,thewire
cheerio,0.0002118339493336,en,thewire
terminator,0.0002118339493336,en,thewire
largely,0.0002118339493336,en,thewire
activation,0.0002118339493336,en,thewire
inexperienced,0.0002118339493336,en,thewire
ricochet,0.0002118339493336,en,thewire
navigator,0.0002118339493336,en,thewire
moderately,0.0002118339493336,en,thewire
renewal,0.0002118339493336,en,thewire
coronation,0.0002118339493336,en,thewire
specialized,0.0002118339493336,en,thewire
rummage,0.0002118339493336,en,thewire
crawford,0.0002118339493336,en,thewire
frantic,0.0002118339493336,en,thewire
disorderly,0.0002118339493336,en,thewire
heading,0.0002118339493336,en,thewire
scab,0.0002118339493336,en,thewire
thwart,0.0002118339493336,en,thewire
trickle,0.0002118339493336,en,thewire
sherry,0.0002118339493336,en,thewire
israeli,0.0002118339493336,en,thewire
grub,0.0002118339493336,en,thewire
forklift,0.0002118339493336,en,thewire
airfield,0.0002118339493336,en,thewire
blackmail,0.0002108142437024,en,thewire
sum,0.0002108142437024,en,thewire
polite,0.0002108142437024,en,thewire
audience,0.0002108142437024,en,thewire
suite,0.0002108142437024,en,thewire
kidding,0.0002090229703499,en,thewire
conflict,0.0002090229703499,en,thewire
resolve,0.0002090229703499,en,thewire
embrace,0.0002090229703499,en,thewire
achieve,0.0002090229703499,en,thewire
tense,0.0002090229703499,en,thewire
poker,0.0002090229703499,en,thewire
lost,0.0002090229703499,en,thewire
uninvited,0.0002081851881957,en,thewire
calculator,0.0002081851881957,en,thewire
sanctity,0.0002081851881957,en,thewire
snug,0.0002081851881957,en,thewire
harp,0.0002081851881957,en,thewire
colt,0.0002081851881957,en,thewire
sassy,0.0002081851881957,en,thewire
licorice,0.0002081851881957,en,thewire
snail,0.0002081851881957,en,thewire
entice,0.0002081851881957,en,thewire
grizzly,0.0002081851881957,en,thewire
miserably,0.0002081851881957,en,thewire
dicken,0.0002081851881957,en,thewire
breakin,0.0002081851881957,en,thewire
shirley,0.0002081851881957,en,thewire
heave,0.0002081851881957,en,thewire
propane,0.0002081851881957,en,thewire
diabolical,0.0002081851881957,en,thewire
diversity,0.0002081851881957,en,thewire
undetecte,0.0002081851881957,en,thewire
drivin,0.0002081851881957,en,thewire
mesh,0.0002081851881957,en,thewire
pellet,0.0002081851881957,en,thewire
unseemly,0.0002081851881957,en,thewire
jugular,0.0002081851881957,en,thewire
rican,0.0002081851881957,en,thewire
wench,0.0002081851881957,en,thewire
muslim,0.0002081851881957,en,thewire
preschool,0.0002081851881957,en,thewire
expectation,0.0002072528959964,en,thewire
method,0.0002072528959964,en,thewire
med,0.0002072528959964,en,thewire
embarrassing,0.0002072528959964,en,thewire
ancient,0.0002072528959964,en,thewire
mug,0.0002072528959964,en,thewire
unknown,0.0002072528959964,en,thewire
breathing,0.0002072528959964,en,thewire
medication,0.0002072528959964,en,thewire
forgot,0.0002072528959964,en,thewire
privilege,0.0002055035247417,en,thewire
imply,0.0002055035247417,en,thewire
immediate,0.0002055035247417,en,thewire
interfere,0.0002055035247417,en,thewire
shameless,0.0002047061995908,en,thewire
overrun,0.0002047061995908,en,thewire
roomful,0.0002047061995908,en,thewire
sufficiently,0.0002047061995908,en,thewire
meg,0.0002047061995908,en,thewire
dante,0.0002047061995908,en,thewire
bona,0.0002047061995908,en,thewire
fide,0.0002047061995908,en,thewire
restoration,0.0002047061995908,en,thewire
concentrated,0.0002047061995908,en,thewire
corps,0.0002047061995908,en,thewire
beige,0.0002047061995908,en,thewire
aftershave,0.0002047061995908,en,thewire
nameless,0.0002047061995908,en,thewire
mortar,0.0002047061995908,en,thewire
surfing,0.0002047061995908,en,thewire
worldly,0.0002047061995908,en,thewire
artillery,0.0002047061995908,en,thewire
disciple,0.0002047061995908,en,thewire
bing,0.0002047061995908,en,thewire
tweezer,0.0002047061995908,en,thewire
prob,0.0002047061995908,en,thewire
embezzlement,0.0002047061995908,en,thewire
augment,0.0002047061995908,en,thewire
unopened,0.0002047061995908,en,thewire
hefty,0.0002047061995908,en,thewire
kiddin,0.0002047061995908,en,thewire
lopez,0.0002047061995908,en,thewire
renegade,0.0002047061995908,en,thewire
garter,0.0002047061995908,en,thewire
foreclosure,0.0002047061995908,en,thewire
pfft,0.0002047061995908,en,thewire
dumping,0.0002047061995908,en,thewire
oops,0.0002047061995908,en,thewire
hare,0.0002047061995908,en,thewire
pilot,0.0002037743778853,en,thewire
shopping,0.0002037743778853,en,thewire
competition,0.0002037743778853,en,thewire
necessarily,0.0002037743778853,en,thewire
sack,0.00020206499314,en,thewire
core,0.00020206499314,en,thewire
active,0.00020206499314,en,thewire
tunnel,0.00020206499314,en,thewire
cruel,0.00020206499314,en,thewire
click,0.00020206499314,en,thewire
creative,0.00020206499314,en,thewire
sue,0.00020206499314,en,thewire
dis,0.0002013818848127,en,thewire
intimately,0.0002013818848127,en,thewire
revolver,0.0002013818848127,en,thewire
theodore,0.0002013818848127,en,thewire
disruption,0.0002013818848127,en,thewire
prematurely,0.0002013818848127,en,thewire
trojan,0.0002013818848127,en,thewire
petri,0.0002013818848127,en,thewire
overwork,0.0002013818848127,en,thewire
torpedo,0.0002013818848127,en,thewire
homie,0.0002013818848127,en,thewire
lovable,0.0002013818848127,en,thewire
squabble,0.0002013818848127,en,thewire
ceremonial,0.0002013818848127,en,thewire
checkin,0.0002013818848127,en,thewire
walnut,0.0002013818848127,en,thewire
spatter,0.0002013818848127,en,thewire
eiffel,0.0002013818848127,en,thewire
cuddly,0.0002013818848127,en,thewire
elevation,0.0002013818848127,en,thewire
rye,0.0002013818848127,en,thewire
wally,0.0002013818848127,en,thewire
grapevine,0.0002013818848127,en,thewire
mailing,0.0002013818848127,en,thewire
discriminate,0.0002013818848127,en,thewire
unfit,0.0002013818848127,en,thewire
silverware,0.0002013818848127,en,thewire
luther,0.0002013818848127,en,thewire
unhook,0.0002013818848127,en,thewire
toothpick,0.0002013818848127,en,thewire
auxiliary,0.0002013818848127,en,thewire
talkie,0.0002013818848127,en,thewire
fray,0.0002013818848127,en,thewire
chisel,0.0002013818848127,en,thewire
higher,0.0002013818848127,en,thewire
palmer,0.0002013818848127,en,thewire
alignment,0.0002013818848127,en,thewire
knox,0.0002013818848127,en,thewire
perpetrate,0.0002013818848127,en,thewire
volunteering,0.0002013818848127,en,thewire
wring,0.0002013818848127,en,thewire
candle,0.0002003749238899,en,thewire
roommate,0.0002003749238899,en,thewire
outfit,0.0002003749238899,en,thewire
slightly,0.0001987037384902,en,thewire
fridge,0.0001987037384902,en,thewire
underground,0.0001987037384902,en,thewire
rib,0.0001987037384902,en,thewire
creepy,0.0001987037384902,en,thewire
newsstand,0.0001981990738962,en,thewire
prodigy,0.0001981990738962,en,thewire
mouthful,0.0001981990738962,en,thewire
quart,0.0001981990738962,en,thewire
shrug,0.0001981990738962,en,thewire
blip,0.0001981990738962,en,thewire
herpe,0.0001981990738962,en,thewire
throttle,0.0001981990738962,en,thewire
clubhouse,0.0001981990738962,en,thewire
encode,0.0001981990738962,en,thewire
punching,0.0001981990738962,en,thewire
knick,0.0001981990738962,en,thewire
united,0.0001981990738962,en,thewire
truckload,0.0001981990738962,en,thewire
fightin,0.0001981990738962,en,thewire
shiv,0.0001981990738962,en,thewire
commendation,0.0001981990738962,en,thewire
saucer,0.0001981990738962,en,thewire
hugh,0.0001981990738962,en,thewire
juvie,0.0001981990738962,en,thewire
delinquent,0.0001981990738962,en,thewire
approximate,0.0001981990738962,en,thewire
innuendo,0.0001981990738962,en,thewire
tutoring,0.0001981990738962,en,thewire
woulda,0.0001981990738962,en,thewire
arraignment,0.0001981990738962,en,thewire
pebble,0.0001981990738962,en,thewire
mack,0.0001981990738962,en,thewire
ointment,0.0001981990738962,en,thewire
hornet,0.0001981990738962,en,thewire
rejoin,0.0001981990738962,en,thewire
cdc,0.0001981990738962,en,thewire
wilson,0.0001981990738962,en,thewire
covet,0.0001981990738962,en,thewire
multiple,0.0001970510196054,en,thewire
shed,0.0001970510196054,en,thewire
unfortunate,0.0001970510196054,en,thewire
confess,0.0001954163635837,en,thewire
injure,0.0001954163635837,en,thewire
mate,0.0001954163635837,en,thewire
typical,0.0001954163635837,en,thewire
possessive,0.0001951462104819,en,thewire
warhead,0.0001951462104819,en,thewire
headquarter,0.0001951462104819,en,thewire
lucke,0.0001951462104819,en,thewire
seasoned,0.0001951462104819,en,thewire
maxe,0.0001951462104819,en,thewire
colleen,0.0001951462104819,en,thewire
faced,0.0001951462104819,en,thewire
eta,0.0001951462104819,en,thewire
architectural,0.0001951462104819,en,thewire
diameter,0.0001951462104819,en,thewire
mound,0.0001951462104819,en,thewire
radiator,0.0001951462104819,en,thewire
dimple,0.0001951462104819,en,thewire
mushy,0.0001951462104819,en,thewire
broaden,0.0001951462104819,en,thewire
hospitalize,0.0001951462104819,en,thewire
gooder,0.0001951462104819,en,thewire
ply,0.0001951462104819,en,thewire
roach,0.0001951462104819,en,thewire
faceless,0.0001951462104819,en,thewire
stricken,0.0001951462104819,en,thewire
daycare,0.0001951462104819,en,thewire
danish,0.0001951462104819,en,thewire
godspeed,0.0001951462104819,en,thewire
gouge,0.0001951462104819,en,thewire
stow,0.0001951462104819,en,thewire
awakening,0.0001951462104819,en,thewire
tote,0.0001951462104819,en,thewire
lincoln,0.0001951462104819,en,thewire
blower,0.0001951462104819,en,thewire
unemployment,0.0001951462104819,en,thewire
gladiator,0.0001951462104819,en,thewire
porcelain,0.0001951462104819,en,thewire
transcend,0.0001951462104819,en,thewire
onstage,0.0001951462104819,en,thewire
strut,0.0001951462104819,en,thewire
eugene,0.0001951462104819,en,thewire
attest,0.0001951462104819,en,thewire
coward,0.0001937993798651,en,thewire
therapy,0.0001937993798651,en,thewire
relative,0.0001937993798651,en,thewire
crisis,0.0001937993798651,en,thewire
coincidental,0.000192213098524,en,thewire
showing,0.000192213098524,en,thewire
robotic,0.000192213098524,en,thewire
schoolwork,0.000192213098524,en,thewire
lingo,0.000192213098524,en,thewire
lense,0.000192213098524,en,thewire
homeowner,0.000192213098524,en,thewire
fixer,0.000192213098524,en,thewire
turkish,0.000192213098524,en,thewire
glaze,0.000192213098524,en,thewire
grievance,0.000192213098524,en,thewire
sprint,0.000192213098524,en,thewire
mick,0.000192213098524,en,thewire
tedious,0.000192213098524,en,thewire
trademark,0.000192213098524,en,thewire
elaine,0.000192213098524,en,thewire
sharon,0.000192213098524,en,thewire
toby,0.000192213098524,en,thewire
projectile,0.000192213098524,en,thewire
staircase,0.000192213098524,en,thewire
siphon,0.000192213098524,en,thewire
giver,0.000192213098524,en,thewire
opposition,0.000192213098524,en,thewire
scamme,0.000192213098524,en,thewire
harrison,0.000192213098524,en,thewire
clinically,0.000192213098524,en,thewire
commend,0.000192213098524,en,thewire
commuter,0.000192213098524,en,thewire
skulk,0.000192213098524,en,thewire
adrift,0.000192213098524,en,thewire
outdo,0.000192213098524,en,thewire
calmly,0.000192213098524,en,thewire
aww,0.000192213098524,en,thewire
hypocritical,0.000192213098524,en,thewire
dashboard,0.000192213098524,en,thewire
suspicious,0.0001921996904215,en,thewire
towel,0.0001921996904215,en,thewire
device,0.0001921996904215,en,thewire
popular,0.0001906169292261,en,thewire
explode,0.0001906169292261,en,thewire
bath,0.0001906169292261,en,thewire
contain,0.0001906169292261,en,thewire
mountain,0.0001906169292261,en,thewire
commonly,0.0001893906968286,en,thewire
liz,0.0001893906968286,en,thewire
tyrant,0.0001893906968286,en,thewire
cathedral,0.0001893906968286,en,thewire
wimp,0.0001893906968286,en,thewire
laker,0.0001893906968286,en,thewire
overkill,0.0001893906968286,en,thewire
surfer,0.0001893906968286,en,thewire
controversy,0.0001893906968286,en,thewire
bitty,0.0001893906968286,en,thewire
brotherhood,0.0001893906968286,en,thewire
foresee,0.0001893906968286,en,thewire
roadside,0.0001893906968286,en,thewire
hock,0.0001893906968286,en,thewire
resurface,0.0001893906968286,en,thewire
looky,0.0001893906968286,en,thewire
knockout,0.0001893906968286,en,thewire
pam,0.0001893906968286,en,thewire
commemorate,0.0001893906968286,en,thewire
profoundly,0.0001893906968286,en,thewire
quarrel,0.0001893906968286,en,thewire
waive,0.0001893906968286,en,thewire
five,0.0001893906968286,en,thewire
lug,0.0001893906968286,en,thewire
shank,0.0001893906968286,en,thewire
playbook,0.0001893906968286,en,thewire
liable,0.0001893906968286,en,thewire
smudge,0.0001893906968286,en,thewire
intellect,0.0001893906968286,en,thewire
nibble,0.0001893906968286,en,thewire
mashed,0.0001893906968286,en,thewire
flour,0.0001893906968286,en,thewire
eulogy,0.0001893906968286,en,thewire
jasmine,0.0001893906968286,en,thewire
postmortem,0.0001893906968286,en,thewire
responsive,0.0001893906968286,en,thewire
checkpoint,0.0001893906968286,en,thewire
bloke,0.0001893906968286,en,thewire
robert,0.0001893906968286,en,thewire
infrastructure,0.0001893906968286,en,thewire
feeler,0.0001893906968286,en,thewire
ooze,0.0001893906968286,en,thewire
lumber,0.0001893906968286,en,thewire
troy,0.0001893906968286,en,thewire
willingness,0.0001893906968286,en,thewire
likelihood,0.0001893906968286,en,thewire
lifeline,0.0001893906968286,en,thewire
choke,0.0001890507417509,en,thewire
engage,0.0001875007844897,en,thewire
goodbye,0.0001875007844897,en,thewire
function,0.0001875007844897,en,thewire
successful,0.0001875007844897,en,thewire
aquarium,0.0001866709509744,en,thewire
dorothy,0.0001866709509744,en,thewire
auntie,0.0001866709509744,en,thewire
pout,0.0001866709509744,en,thewire
residency,0.0001866709509744,en,thewire
stark,0.0001866709509744,en,thewire
harmful,0.0001866709509744,en,thewire
carving,0.0001866709509744,en,thewire
immoral,0.0001866709509744,en,thewire
whereabout,0.0001866709509744,en,thewire
blackjack,0.0001866709509744,en,thewire
aggressively,0.0001866709509744,en,thewire
binder,0.0001866709509744,en,thewire
mayhem,0.0001866709509744,en,thewire
sermon,0.0001866709509744,en,thewire
diesel,0.0001866709509744,en,thewire
retard,0.0001866709509744,en,thewire
fluent,0.0001866709509744,en,thewire
usher,0.0001866709509744,en,thewire
flaunt,0.0001866709509744,en,thewire
johnny,0.0001866709509744,en,thewire
harry,0.0001866709509744,en,thewire
installation,0.0001866709509744,en,thewire
animate,0.0001866709509744,en,thewire
opt,0.0001866709509744,en,thewire
backward,0.0001866709509744,en,thewire
consistency,0.0001866709509744,en,thewire
carpenter,0.0001866709509744,en,thewire
moderate,0.0001866709509744,en,thewire
shorten,0.0001866709509744,en,thewire
arrangement,0.0001859667245062,en,thewire
frame,0.0001859667245062,en,thewire
attract,0.0001844482390046,en,thewire
babe,0.0001844482390046,en,thewire
medicine,0.0001844482390046,en,thewire
beauty,0.0001844482390046,en,thewire
binocular,0.0001840466547421,en,thewire
sydney,0.0001840466547421,en,thewire
incarceration,0.0001840466547421,en,thewire
eyesight,0.0001840466547421,en,thewire
bitterness,0.0001840466547421,en,thewire
seagull,0.0001840466547421,en,thewire
vat,0.0001840466547421,en,thewire
gregory,0.0001840466547421,en,thewire
mit,0.0001840466547421,en,thewire
specify,0.0001840466547421,en,thewire
communion,0.0001840466547421,en,thewire
snappy,0.0001840466547421,en,thewire
fringe,0.0001840466547421,en,thewire
leisure,0.0001840466547421,en,thewire
kneecap,0.0001840466547421,en,thewire
shareholder,0.0001840466547421,en,thewire
relentless,0.0001840466547421,en,thewire
grasshopper,0.0001840466547421,en,thewire
entrepreneur,0.0001840466547421,en,thewire
billboard,0.0001840466547421,en,thewire
cheekbone,0.0001840466547421,en,thewire
minion,0.0001840466547421,en,thewire
miscarriage,0.0001840466547421,en,thewire
unwind,0.0001840466547421,en,thewire
caviar,0.0001840466547421,en,thewire
crayon,0.0001840466547421,en,thewire
geography,0.0001840466547421,en,thewire
manhunt,0.0001840466547421,en,thewire
arab,0.0001840466547421,en,thewire
reynold,0.0001840466547421,en,thewire
behavior,0.0001829450149221,en,thewire
disgusting,0.0001829450149221,en,thewire
resist,0.0001829450149221,en,thewire
valuable,0.0001829450149221,en,thewire
brandy,0.0001815113350445,en,thewire
topless,0.0001815113350445,en,thewire
distinctly,0.0001815113350445,en,thewire
memoir,0.0001815113350445,en,thewire
picket,0.0001815113350445,en,thewire
commandment,0.0001815113350445,en,thewire
backside,0.0001815113350445,en,thewire
hen,0.0001815113350445,en,thewire
erection,0.0001815113350445,en,thewire
vertical,0.0001815113350445,en,thewire
measurement,0.0001815113350445,en,thewire
courier,0.0001815113350445,en,thewire
rang,0.0001815113350445,en,thewire
smiley,0.0001815113350445,en,thewire
dam,0.0001815113350445,en,thewire
nutshell,0.0001815113350445,en,thewire
scrutiny,0.0001815113350445,en,thewire
circulate,0.0001815113350445,en,thewire
consulting,0.0001815113350445,en,thewire
millennium,0.0001815113350445,en,thewire
dreamer,0.0001815113350445,en,thewire
claus,0.0001815113350445,en,thewire
appal,0.0001815113350445,en,thewire
jenkin,0.0001815113350445,en,thewire
feisty,0.0001815113350445,en,thewire
thompson,0.0001815113350445,en,thewire
liter,0.0001815113350445,en,thewire
conduit,0.0001815113350445,en,thewire
export,0.0001815113350445,en,thewire
concede,0.0001815113350445,en,thewire
ample,0.0001815113350445,en,thewire
seattle,0.0001815113350445,en,thewire
withholding,0.0001815113350445,en,thewire
hourly,0.0001815113350445,en,thewire
wildly,0.0001815113350445,en,thewire
guilt,0.0001814567485412,en,thewire
mirror,0.0001814567485412,en,thewire
popularity,0.000179059155732,en,thewire
renovate,0.000179059155732,en,thewire
scottish,0.000179059155732,en,thewire
reiterate,0.000179059155732,en,thewire
benign,0.000179059155732,en,thewire
pitiful,0.000179059155732,en,thewire
trot,0.000179059155732,en,thewire
correspond,0.000179059155732,en,thewire
bahama,0.000179059155732,en,thewire
knowing,0.000179059155732,en,thewire
scavenger,0.000179059155732,en,thewire
asking,0.000179059155732,en,thewire
ricky,0.000179059155732,en,thewire
suspense,0.000179059155732,en,thewire
hotline,0.000179059155732,en,thewire
unannounced,0.000179059155732,en,thewire
inquire,0.000179059155732,en,thewire
baffle,0.000179059155732,en,thewire
termination,0.000179059155732,en,thewire
apb,0.000179059155732,en,thewire
freckle,0.000179059155732,en,thewire
craziness,0.000179059155732,en,thewire
inconvenient,0.000179059155732,en,thewire
geometry,0.000179059155732,en,thewire
commando,0.000179059155732,en,thewire
efficiency,0.000179059155732,en,thewire
crossfire,0.000179059155732,en,thewire
upfront,0.000179059155732,en,thewire
demolition,0.000179059155732,en,thewire
flat,0.0001785239185501,en,thewire
internet,0.0001785239185501,en,thewire
impressive,0.0001785239185501,en,thewire
distract,0.0001770787910064,en,thewire
visitor,0.0001770787910064,en,thewire
prompt,0.0001766848366749,en,thewire
unaccounted,0.0001766848366749,en,thewire
lockup,0.0001766848366749,en,thewire
concur,0.0001766848366749,en,thewire
convertible,0.0001766848366749,en,thewire
banging,0.0001766848366749,en,thewire
prudent,0.0001766848366749,en,thewire
predicament,0.0001766848366749,en,thewire
brow,0.0001766848366749,en,thewire
australian,0.0001766848366749,en,thewire
climbing,0.0001766848366749,en,thewire
retro,0.0001766848366749,en,thewire
lauren,0.0001766848366749,en,thewire
unheard,0.0001766848366749,en,thewire
traditionally,0.0001766848366749,en,thewire
stern,0.0001766848366749,en,thewire
muster,0.0001766848366749,en,thewire
alphabet,0.0001766848366749,en,thewire
accessible,0.0001766848366749,en,thewire
sprinkler,0.0001766848366749,en,thewire
kudo,0.0001766848366749,en,thewire
midterm,0.0001766848366749,en,thewire
deteriorate,0.0001766848366749,en,thewire
manifestation,0.0001766848366749,en,thewire
slavery,0.0001766848366749,en,thewire
consumption,0.0001766848366749,en,thewire
kettle,0.0001766848366749,en,thewire
acquisition,0.0001766848366749,en,thewire
pineapple,0.0001766848366749,en,thewire
sturdy,0.0001766848366749,en,thewire
voyage,0.0001766848366749,en,thewire
technically,0.0001756474926465,en,thewire
recommend,0.0001756474926465,en,thewire
mystery,0.0001756474926465,en,thewire
lonely,0.0001756474926465,en,thewire
sing,0.0001756474926465,en,thewire
drank,0.0001743835853017,en,thewire
expedition,0.0001743835853017,en,thewire
stressed,0.0001743835853017,en,thewire
furnace,0.0001743835853017,en,thewire
graft,0.0001743835853017,en,thewire
medicate,0.0001743835853017,en,thewire
sweatshirt,0.0001743835853017,en,thewire
heist,0.0001743835853017,en,thewire
perry,0.0001743835853017,en,thewire
untimely,0.0001743835853017,en,thewire
afloat,0.0001743835853017,en,thewire
forthcoming,0.0001743835853017,en,thewire
anyway,0.0001743835853017,en,thewire
chap,0.0001743835853017,en,thewire
wad,0.0001743835853017,en,thewire
plummet,0.0001743835853017,en,thewire
inferior,0.0001743835853017,en,thewire
redirect,0.0001743835853017,en,thewire
tantrum,0.0001743835853017,en,thewire
submarine,0.0001743835853017,en,thewire
talker,0.0001743835853017,en,thewire
diligence,0.0001743835853017,en,thewire
forearm,0.0001743835853017,en,thewire
spade,0.0001743835853017,en,thewire
beaver,0.0001743835853017,en,thewire
cultivate,0.0001743835853017,en,thewire
continuous,0.0001743835853017,en,thewire
chute,0.0001743835853017,en,thewire
meditation,0.0001743835853017,en,thewire
activist,0.0001743835853017,en,thewire
hurl,0.0001743835853017,en,thewire
boulevard,0.0001743835853017,en,thewire
handler,0.0001743835853017,en,thewire
maggot,0.0001743835853017,en,thewire
refugee,0.0001743835853017,en,thewire
lollipop,0.0001743835853017,en,thewire
paralysis,0.0001743835853017,en,thewire
binge,0.0001743835853017,en,thewire
freedom,0.0001742297612998,en,thewire
wedding,0.0001742297612998,en,thewire
incredible,0.0001742297612998,en,thewire
badly,0.000172825342181,en,thewire
stress,0.000172825342181,en,thewire
provider,0.0001721510383603,en,thewire
manhood,0.0001721510383603,en,thewire
tummy,0.0001721510383603,en,thewire
believable,0.0001721510383603,en,thewire
plural,0.0001721510383603,en,thewire
whew,0.0001721510383603,en,thewire
accordingly,0.0001721510383603,en,thewire
renaissance,0.0001721510383603,en,thewire
camel,0.0001721510383603,en,thewire
plum,0.0001721510383603,en,thewire
rodent,0.0001721510383603,en,thewire
coy,0.0001721510383603,en,thewire
degrade,0.0001721510383603,en,thewire
jolt,0.0001721510383603,en,thewire
compensation,0.0001721510383603,en,thewire
imprint,0.0001721510383603,en,thewire
ruling,0.0001721510383603,en,thewire
southwest,0.0001721510383603,en,thewire
layout,0.0001721510383603,en,thewire
compression,0.0001721510383603,en,thewire
curtis,0.0001721510383603,en,thewire
prod,0.0001721510383603,en,thewire
prevail,0.0001721510383603,en,thewire
catcher,0.0001721510383603,en,thewire
freight,0.0001721510383603,en,thewire
interrupt,0.0001714339876155,en,thewire
challenge,0.0001714339876155,en,thewire
plane,0.0001700554567768,en,thewire
tattooed,0.0001699832121227,en,thewire
headway,0.0001699832121227,en,thewire
untouchable,0.0001699832121227,en,thewire
swelling,0.0001699832121227,en,thewire
cruelty,0.0001699832121227,en,thewire
allege,0.0001699832121227,en,thewire
kicker,0.0001699832121227,en,thewire
shrine,0.0001699832121227,en,thewire
peachy,0.0001699832121227,en,thewire
rightful,0.0001699832121227,en,thewire
cork,0.0001699832121227,en,thewire
sorority,0.0001699832121227,en,thewire
boredom,0.0001699832121227,en,thewire
intercourse,0.0001699832121227,en,thewire
canine,0.0001699832121227,en,thewire
constitute,0.0001699832121227,en,thewire
tango,0.0001699832121227,en,thewire
catastrophe,0.0001699832121227,en,thewire
sift,0.0001699832121227,en,thewire
conditioner,0.0001699832121227,en,thewire
switzerland,0.0001699832121227,en,thewire
assailant,0.0001699832121227,en,thewire
intentional,0.0001699832121227,en,thewire
constructive,0.0001699832121227,en,thewire
diploma,0.0001699832121227,en,thewire
path,0.0001686895154365,en,thewire
teamwork,0.0001678764596072,en,thewire
fre,0.0001678764596072,en,thewire
clientele,0.0001678764596072,en,thewire
invaluable,0.0001678764596072,en,thewire
ruler,0.0001678764596072,en,thewire
reconcile,0.0001678764596072,en,thewire
wilderness,0.0001678764596072,en,thewire
feud,0.0001678764596072,en,thewire
prejudice,0.0001678764596072,en,thewire
comply,0.0001678764596072,en,thewire
underpant,0.0001678764596072,en,thewire
anatomy,0.0001678764596072,en,thewire
drastic,0.0001678764596072,en,thewire
crowbar,0.0001678764596072,en,thewire
reasoning,0.0001678764596072,en,thewire
dibs,0.0001678764596072,en,thewire
micro,0.0001678764596072,en,thewire
curly,0.0001678764596072,en,thewire
procure,0.0001678764596072,en,thewire
supporter,0.0001678764596072,en,thewire
discredit,0.0001678764596072,en,thewire
velvet,0.0001678764596072,en,thewire
divert,0.0001678764596072,en,thewire
cosmetic,0.0001678764596072,en,thewire
unbearable,0.0001678764596072,en,thewire
aka,0.0001678764596072,en,thewire
ignition,0.0001678764596072,en,thewire
lizard,0.0001678764596072,en,thewire
integrate,0.0001678764596072,en,thewire
joker,0.0001678764596072,en,thewire
elusive,0.0001678764596072,en,thewire
panic,0.0001673359357259,en,thewire
scary,0.0001673359357259,en,thewire
image,0.0001673359357259,en,thewire
curious,0.0001673359357259,en,thewire
birthday,0.0001659944959071,en,thewire
season,0.0001659944959071,en,thewire
recently,0.0001659944959071,en,thewire
summit,0.0001658274336624,en,thewire
benjamin,0.0001658274336624,en,thewire
administrator,0.0001658274336624,en,thewire
heated,0.0001658274336624,en,thewire
means,0.0001658274336624,en,thewire
reassign,0.0001658274336624,en,thewire
tragically,0.0001658274336624,en,thewire
mac,0.0001658274336624,en,thewire
looking,0.0001658274336624,en,thewire
screening,0.0001658274336624,en,thewire
knob,0.0001658274336624,en,thewire
spaghetti,0.0001658274336624,en,thewire
leech,0.0001658274336624,en,thewire
hostess,0.0001658274336624,en,thewire
guideline,0.0001658274336624,en,thewire
loft,0.0001658274336624,en,thewire
hone,0.0001658274336624,en,thewire
broadway,0.0001658274336624,en,thewire
hash,0.0001658274336624,en,thewire
printer,0.0001658274336624,en,thewire
dripping,0.0001658274336624,en,thewire
guest,0.0001646649801556,en,thewire
selfless,0.0001638330549751,en,thewire
mow,0.0001638330549751,en,thewire
doubtful,0.0001638330549751,en,thewire
distraught,0.0001638330549751,en,thewire
worthwhile,0.0001638330549751,en,thewire
cinnamon,0.0001638330549751,en,thewire
consist,0.0001638330549751,en,thewire
blessed,0.0001638330549751,en,thewire
hospitality,0.0001638330549751,en,thewire
domain,0.0001638330549751,en,thewire
circumstantial,0.0001638330549751,en,thewire
suv,0.0001638330549751,en,thewire
roy,0.0001638330549751,en,thewire
schoolgirl,0.0001638330549751,en,thewire
blee,0.0001638330549751,en,thewire
neutralize,0.0001638330549751,en,thewire
outburst,0.0001638330549751,en,thewire
wager,0.0001638330549751,en,thewire
regroup,0.0001638330549751,en,thewire
comprehend,0.0001638330549751,en,thewire
mash,0.0001638330549751,en,thewire
sensible,0.0001638330549751,en,thewire
flower,0.0001620408858803,en,thewire
matrix,0.000161890484235,en,thewire
marking,0.000161890484235,en,thewire
platinum,0.000161890484235,en,thewire
refund,0.000161890484235,en,thewire
firsthand,0.000161890484235,en,thewire
setback,0.000161890484235,en,thewire
merchant,0.000161890484235,en,thewire
trench,0.000161890484235,en,thewire
destruct,0.000161890484235,en,thewire
foreman,0.000161890484235,en,thewire
clueless,0.000161890484235,en,thewire
vary,0.000161890484235,en,thewire
audit,0.000161890484235,en,thewire
hearted,0.000161890484235,en,thewire
swift,0.000161890484235,en,thewire
republic,0.000161890484235,en,thewire
bathing,0.000161890484235,en,thewire
dwarf,0.000161890484235,en,thewire
capability,0.000161890484235,en,thewire
gravy,0.000161890484235,en,thewire
injustice,0.000161890484235,en,thewire
tailor,0.000161890484235,en,thewire
music,0.0001607459034426,en,thewire
abide,0.0001599970978232,en,thewire
vanity,0.0001599970978232,en,thewire
voodoo,0.0001599970978232,en,thewire
programming,0.0001599970978232,en,thewire
hypothetical,0.0001599970978232,en,thewire
george,0.0001599970978232,en,thewire
tiffany,0.0001599970978232,en,thewire
wreckage,0.0001599970978232,en,thewire
misguided,0.0001599970978232,en,thewire
carb,0.0001599970978232,en,thewire
cone,0.0001599970978232,en,thewire
counting,0.0001599970978232,en,thewire
haystack,0.0001599970978232,en,thewire
ancestor,0.0001599970978232,en,thewire
headphone,0.0001599970978232,en,thewire
rearrange,0.0001599970978232,en,thewire
delighted,0.0001599970978232,en,thewire
mumble,0.0001599970978232,en,thewire
bead,0.0001599970978232,en,thewire
menace,0.0001599970978232,en,thewire
getting,0.0001599970978232,en,thewire
skank,0.0001599970978232,en,thewire
steering,0.0001599970978232,en,thewire
admirer,0.0001599970978232,en,thewire
bound,0.0001599970978232,en,thewire
matthew,0.0001599970978232,en,thewire
bulletproof,0.0001599970978232,en,thewire
tomb,0.0001599970978232,en,thewire
engaged,0.0001599970978232,en,thewire
modification,0.0001599970978232,en,thewire
totally,0.000158189096956,en,thewire
banker,0.0001581504665042,en,thewire
bedside,0.0001581504665042,en,thewire
excess,0.0001581504665042,en,thewire
acre,0.0001581504665042,en,thewire
parental,0.0001581504665042,en,thewire
arson,0.0001581504665042,en,thewire
greasy,0.0001581504665042,en,thewire
soften,0.0001581504665042,en,thewire
burial,0.0001581504665042,en,thewire
shuffle,0.0001581504665042,en,thewire
owen,0.0001581504665042,en,thewire
puddle,0.0001581504665042,en,thewire
pedal,0.0001581504665042,en,thewire
unaware,0.0001581504665042,en,thewire
squirt,0.0001581504665042,en,thewire
cushion,0.0001581504665042,en,thewire
dehydrate,0.0001581504665042,en,thewire
glitch,0.0001581504665042,en,thewire
replay,0.0001581504665042,en,thewire
pitcher,0.0001581504665042,en,thewire
entertaining,0.0001563483366853,en,thewire
buffalo,0.0001563483366853,en,thewire
cuddle,0.0001563483366853,en,thewire
portable,0.0001563483366853,en,thewire
chemo,0.0001563483366853,en,thewire
plaster,0.0001563483366853,en,thewire
default,0.0001563483366853,en,thewire
poop,0.0001563483366853,en,thewire
claire,0.0001563483366853,en,thewire
resemble,0.0001563483366853,en,thewire
knit,0.0001563483366853,en,thewire
immortal,0.0001563483366853,en,thewire
simultaneously,0.0001563483366853,en,thewire
buying,0.0001563483366853,en,thewire
sarah,0.0001563483366853,en,thewire
orientation,0.0001563483366853,en,thewire
mar,0.0001563483366853,en,thewire
formality,0.0001563483366853,en,thewire
willie,0.0001563483366853,en,thewire
painter,0.0001563483366853,en,thewire
hypothetically,0.0001563483366853,en,thewire
linen,0.0001563483366853,en,thewire
por,0.0001563483366853,en,thewire
skilled,0.0001545886138812,en,thewire
cooper,0.0001545886138812,en,thewire
feedback,0.0001545886138812,en,thewire
tat,0.0001545886138812,en,thewire
pinpoint,0.0001545886138812,en,thewire
stakeout,0.0001545886138812,en,thewire
nude,0.0001545886138812,en,thewire
enlist,0.0001545886138812,en,thewire
salmon,0.0001545886138812,en,thewire
flawed,0.0001545886138812,en,thewire
heir,0.0001545886138812,en,thewire
unreliable,0.0001545886138812,en,thewire
reinforcement,0.0001545886138812,en,thewire
brink,0.0001545886138812,en,thewire
mercury,0.0001545886138812,en,thewire
representation,0.0001545886138812,en,thewire
willy,0.0001545886138812,en,thewire
fingertip,0.0001545886138812,en,thewire
ballet,0.0001545886138812,en,thewire
harness,0.0001545886138812,en,thewire
platter,0.0001545886138812,en,thewire
malt,0.0001545886138812,en,thewire
deli,0.0001545886138812,en,thewire
taco,0.0001545886138812,en,thewire
assurance,0.0001545886138812,en,thewire
bliss,0.0001528693480804,en,thewire
virtual,0.0001528693480804,en,thewire
essay,0.0001528693480804,en,thewire
bankrupt,0.0001528693480804,en,thewire
workout,0.0001528693480804,en,thewire
poetic,0.0001528693480804,en,thewire
canyon,0.0001528693480804,en,thewire
planner,0.0001528693480804,en,thewire
incomplete,0.0001528693480804,en,thewire
socially,0.0001528693480804,en,thewire
dilemma,0.0001528693480804,en,thewire
implement,0.0001528693480804,en,thewire
slipper,0.0001528693480804,en,thewire
postcard,0.0001528693480804,en,thewire
crying,0.0001528693480804,en,thewire
rating,0.0001528693480804,en,thewire
unlucky,0.0001528693480804,en,thewire
spawn,0.0001528693480804,en,thewire
aircraft,0.0001528693480804,en,thewire
equivalent,0.0001528693480804,en,thewire
fury,0.0001528693480804,en,thewire
ignorance,0.0001511887207555,en,thewire
speculate,0.0001511887207555,en,thewire
considerable,0.0001511887207555,en,thewire
gram,0.0001511887207555,en,thewire
pajama,0.0001511887207555,en,thewire
kissing,0.0001511887207555,en,thewire
exceptional,0.0001511887207555,en,thewire
thesis,0.0001511887207555,en,thewire
wiggle,0.0001511887207555,en,thewire
parallel,0.0001511887207555,en,thewire
battlefield,0.0001511887207555,en,thewire
orderly,0.0001511887207555,en,thewire
warmth,0.0001511887207555,en,thewire
severely,0.0001511887207555,en,thewire
swarm,0.0001511887207555,en,thewire
neutral,0.0001511887207555,en,thewire
proximity,0.0001511887207555,en,thewire
nip,0.0001511887207555,en,thewire
immigration,0.0001511887207555,en,thewire
founder,0.0001511887207555,en,thewire
holder,0.0001511887207555,en,thewire
dove,0.0001495450333022,en,thewire
isolation,0.0001495450333022,en,thewire
scoff,0.0001495450333022,en,thewire
valet,0.0001495450333022,en,thewire
sprinkle,0.0001495450333022,en,thewire
currency,0.0001495450333022,en,thewire
waist,0.0001495450333022,en,thewire
keg,0.0001495450333022,en,thewire
component,0.0001495450333022,en,thewire
heating,0.0001495450333022,en,thewire
intensive,0.0001495450333022,en,thewire
instructor,0.0001495450333022,en,thewire
epic,0.0001495450333022,en,thewire
anchor,0.0001495450333022,en,thewire
downside,0.0001495450333022,en,thewire
curfew,0.0001495450333022,en,thewire
bowling,0.0001479366967211,en,thewire
mend,0.0001479366967211,en,thewire
companion,0.0001479366967211,en,thewire
marketing,0.0001479366967211,en,thewire
turtle,0.0001479366967211,en,thewire
warden,0.0001479366967211,en,thewire
booty,0.0001479366967211,en,thewire
genuinely,0.0001479366967211,en,thewire
multi,0.0001479366967211,en,thewire
substantial,0.0001479366967211,en,thewire
projection,0.0001479366967211,en,thewire
interact,0.0001479366967211,en,thewire
inheritance,0.0001479366967211,en,thewire
sway,0.0001479366967211,en,thewire
ruthless,0.0001479366967211,en,thewire
moonlight,0.0001479366967211,en,thewire
acceptance,0.0001479366967211,en,thewire
growl,0.0001479366967211,en,thewire
beverage,0.0001479366967211,en,thewire
crust,0.0001479366967211,en,thewire
windshield,0.0001479366967211,en,thewire
sideline,0.0001479366967211,en,thewire
policeman,0.0001479366967211,en,thewire
bundle,0.0001479366967211,en,thewire
buster,0.0001479366967211,en,thewire
loaded,0.0001479366967211,en,thewire
truthfully,0.0001463622223858,en,thewire
interruption,0.0001463622223858,en,thewire
cologne,0.0001463622223858,en,thewire
yummy,0.0001463622223858,en,thewire
flake,0.0001463622223858,en,thewire
minimal,0.0001463622223858,en,thewire
confrontation,0.0001463622223858,en,thewire
civilization,0.0001463622223858,en,thewire
compass,0.0001463622223858,en,thewire
supermarket,0.0001463622223858,en,thewire
legendary,0.0001463622223858,en,thewire
receiver,0.0001463622223858,en,thewire
gasoline,0.0001463622223858,en,thewire
premature,0.0001463622223858,en,thewire
stereo,0.0001463622223858,en,thewire
critic,0.0001463622223858,en,thewire
dangerously,0.0001463622223858,en,thewire
incentive,0.0001463622223858,en,thewire
awareness,0.0001463622223858,en,thewire
squash,0.0001448202137635,en,thewire
destructive,0.0001448202137635,en,thewire
interior,0.0001448202137635,en,thewire
villain,0.0001448202137635,en,thewire
pope,0.0001448202137635,en,thewire
needy,0.0001448202137635,en,thewire
modify,0.0001448202137635,en,thewire
wizard,0.0001448202137635,en,thewire
redhead,0.0001448202137635,en,thewire
patent,0.0001448202137635,en,thewire
badass,0.0001448202137635,en,thewire
repeatedly,0.0001448202137635,en,thewire
graveyard,0.0001448202137635,en,thewire
seller,0.0001448202137635,en,thewire
resemblance,0.0001448202137635,en,thewire
cloth,0.0001448202137635,en,thewire
ginger,0.0001448202137635,en,thewire
atm,0.0001448202137635,en,thewire
freely,0.0001448202137635,en,thewire
achievement,0.0001448202137635,en,thewire
historical,0.0001448202137635,en,thewire
roam,0.0001448202137635,en,thewire
feast,0.0001448202137635,en,thewire
fried,0.0001448202137635,en,thewire
smug,0.0001448202137635,en,thewire
twitch,0.0001448202137635,en,thewire
jammed,0.0001448202137635,en,thewire
parasite,0.0001433093589714,en,thewire
absent,0.0001433093589714,en,thewire
righty,0.0001433093589714,en,thewire
dialogue,0.0001433093589714,en,thewire
romeo,0.0001433093589714,en,thewire
tenant,0.0001433093589714,en,thewire
globe,0.0001433093589714,en,thewire
batter,0.0001433093589714,en,thewire
certainty,0.0001433093589714,en,thewire
hijack,0.0001433093589714,en,thewire
trespass,0.0001433093589714,en,thewire
jake,0.0001433093589714,en,thewire
restrict,0.0001433093589714,en,thewire
swat,0.0001433093589714,en,thewire
jazz,0.0001433093589714,en,thewire
ceo,0.0001418284240712,en,thewire
incompetent,0.0001418284240712,en,thewire
hover,0.0001418284240712,en,thewire
cam,0.0001418284240712,en,thewire
riding,0.0001418284240712,en,thewire
recycle,0.0001418284240712,en,thewire
inmate,0.0001418284240712,en,thewire
sentiment,0.0001418284240712,en,thewire
restroom,0.0001418284240712,en,thewire
variable,0.0001418284240712,en,thewire
jame,0.0001418284240712,en,thewire
credential,0.0001418284240712,en,thewire
fume,0.0001418284240712,en,thewire
frat,0.0001418284240712,en,thewire
ant,0.0001418284240712,en,thewire
biology,0.0001418284240712,en,thewire
abort,0.0001418284240712,en,thewire
independence,0.0001418284240712,en,thewire
pry,0.0001418284240712,en,thewire
antibiotic,0.0001418284240712,en,thewire
rocky,0.0001418284240712,en,thewire
oak,0.0001418284240712,en,thewire
resolution,0.0001418284240712,en,thewire
operating,0.0001418284240712,en,thewire
flattering,0.0001403762470136,en,thewire
louder,0.0001403762470136,en,thewire
clumsy,0.0001403762470136,en,thewire
phillip,0.0001403762470136,en,thewire
thanksgive,0.0001403762470136,en,thewire
accounting,0.0001403762470136,en,thewire
environmental,0.0001403762470136,en,thewire
stun,0.0001403762470136,en,thewire
marble,0.0001389517321603,en,thewire
indulge,0.0001389517321603,en,thewire
cavity,0.0001389517321603,en,thewire
relay,0.0001389517321603,en,thewire
luggage,0.0001389517321603,en,thewire
airline,0.0001389517321603,en,thewire
umbrella,0.0001389517321603,en,thewire
altar,0.0001389517321603,en,thewire
likewise,0.0001389517321603,en,thewire
endanger,0.0001389517321603,en,thewire
render,0.0001389517321603,en,thewire
classify,0.0001389517321603,en,thewire
mia,0.0001389517321603,en,thewire
finding,0.0001389517321603,en,thewire
deer,0.0001389517321603,en,thewire
gauge,0.0001389517321603,en,thewire
garlic,0.0001375538453181,en,thewire
slippery,0.0001375538453181,en,thewire
bypass,0.0001375538453181,en,thewire
swamp,0.0001375538453181,en,thewire
sleepy,0.0001375538453181,en,thewire
scarf,0.0001375538453181,en,thewire
intern,0.0001375538453181,en,thewire
mild,0.0001375538453181,en,thewire
cooler,0.0001375538453181,en,thewire
sincere,0.0001375538453181,en,thewire
dinosaur,0.0001375538453181,en,thewire
pearl,0.0001375538453181,en,thewire
cannon,0.0001375538453181,en,thewire
daisy,0.0001361816092287,en,thewire
survey,0.0001361816092287,en,thewire
lesbian,0.0001361816092287,en,thewire
nun,0.0001361816092287,en,thewire
glance,0.0001361816092287,en,thewire
disgrace,0.0001361816092287,en,thewire
lace,0.0001361816092287,en,thewire
unleash,0.0001361816092287,en,thewire
herd,0.0001361816092287,en,thewire
dressing,0.0001361816092287,en,thewire
tolerance,0.0001361816092287,en,thewire
pluck,0.0001361816092287,en,thewire
henry,0.0001361816092287,en,thewire
fracture,0.0001361816092287,en,thewire
deploy,0.0001361816092287,en,thewire
dread,0.0001361816092287,en,thewire
regain,0.000134834099464,en,thewire
lone,0.000134834099464,en,thewire
supervise,0.000134834099464,en,thewire
hamburger,0.000134834099464,en,thewire
spicy,0.000134834099464,en,thewire
preppe,0.000134834099464,en,thewire
enhance,0.000134834099464,en,thewire
caffeine,0.000134834099464,en,thewire
sausage,0.000134834099464,en,thewire
ranger,0.000134834099464,en,thewire
wrestle,0.000134834099464,en,thewire
horizon,0.000134834099464,en,thewire
wig,0.000134834099464,en,thewire
european,0.000134834099464,en,thewire
rotten,0.000134834099464,en,thewire
portion,0.000134834099464,en,thewire
brew,0.000134834099464,en,thewire
juicy,0.000134834099464,en,thewire
distinct,0.000134834099464,en,thewire
champ,0.000134834099464,en,thewire
modest,0.0001335104406861,en,thewire
temple,0.0001335104406861,en,thewire
hypocrite,0.0001335104406861,en,thewire
handwriting,0.0001335104406861,en,thewire
calculate,0.0001335104406861,en,thewire
squat,0.0001335104406861,en,thewire
inspection,0.0001335104406861,en,thewire
requirement,0.0001335104406861,en,thewire
swipe,0.0001335104406861,en,thewire
fox,0.0001335104406861,en,thewire
saying,0.0001335104406861,en,thewire
sniper,0.0001335104406861,en,thewire
quiz,0.0001335104406861,en,thewire
radical,0.0001322098032317,en,thewire
broker,0.0001322098032317,en,thewire
opponent,0.0001322098032317,en,thewire
altogether,0.0001322098032317,en,thewire
jeopardize,0.0001322098032317,en,thewire
paradise,0.0001322098032317,en,thewire
bush,0.0001322098032317,en,thewire
tempting,0.0001322098032317,en,thewire
mortal,0.0001322098032317,en,thewire
oop,0.0001322098032317,en,thewire
flyer,0.0001322098032317,en,thewire
bulb,0.0001322098032317,en,thewire
boxer,0.0001322098032317,en,thewire
dragon,0.0001322098032317,en,thewire
thug,0.0001322098032317,en,thewire
ransom,0.0001309313999884,en,thewire
sexually,0.0001309313999884,en,thewire
expire,0.0001309313999884,en,thewire
backpack,0.0001309313999884,en,thewire
royal,0.0001309313999884,en,thewire
scissor,0.0001309313999884,en,thewire
shrimp,0.0001309313999884,en,thewire
membership,0.0001309313999884,en,thewire
counseling,0.0001309313999884,en,thewire
appoint,0.0001309313999884,en,thewire
restrain,0.0001296744835341,en,thewire
sticky,0.0001296744835341,en,thewire
approximately,0.0001296744835341,en,thewire
drawing,0.0001296744835341,en,thewire
applause,0.0001296744835341,en,thewire
flashlight,0.0001296744835341,en,thewire
curl,0.0001296744835341,en,thewire
teaching,0.0001296744835341,en,thewire
crave,0.0001296744835341,en,thewire
supportive,0.0001296744835341,en,thewire
fingernail,0.0001296744835341,en,thewire
condolence,0.0001296744835341,en,thewire
employer,0.0001296744835341,en,thewire
venture,0.0001296744835341,en,thewire
seminar,0.0001296744835341,en,thewire
crop,0.0001296744835341,en,thewire
pirate,0.0001296744835341,en,thewire
driving,0.0001296744835341,en,thewire
beloved,0.0001296744835341,en,thewire
pickle,0.0001296744835341,en,thewire
coffin,0.0001284383435124,en,thewire
magnificent,0.0001284383435124,en,thewire
refrigerator,0.0001284383435124,en,thewire
gal,0.0001284383435124,en,thewire
mat,0.0001284383435124,en,thewire
mushroom,0.0001284383435124,en,thewire
ambitious,0.0001284383435124,en,thewire
peak,0.0001284383435124,en,thewire
lodge,0.0001284383435124,en,thewire
psychology,0.0001284383435124,en,thewire
betrayal,0.0001284383435124,en,thewire
spine,0.0001284383435124,en,thewire
emerge,0.0001272223042216,en,thewire
regulation,0.0001272223042216,en,thewire
cramp,0.0001272223042216,en,thewire
asian,0.0001272223042216,en,thewire
harass,0.0001272223042216,en,thewire
sunlight,0.0001272223042216,en,thewire
satisfaction,0.0001272223042216,en,thewire
kindness,0.0001272223042216,en,thewire
junkie,0.0001272223042216,en,thewire
affection,0.0001272223042216,en,thewire
doorstep,0.0001272223042216,en,thewire
spiritual,0.0001272223042216,en,thewire
whoo,0.0001260257223963,en,thewire
lighten,0.0001260257223963,en,thewire
singer,0.0001260257223963,en,thewire
overlook,0.0001260257223963,en,thewire
niece,0.0001260257223963,en,thewire
compassion,0.0001260257223963,en,thewire
interference,0.0001260257223963,en,thewire
implant,0.0001260257223963,en,thewire
drip,0.0001260257223963,en,thewire
apparent,0.0001260257223963,en,thewire
vessel,0.0001260257223963,en,thewire
email,0.0001260257223963,en,thewire
integrity,0.0001260257223963,en,thewire
complication,0.0001260257223963,en,thewire
statue,0.0001260257223963,en,thewire
asap,0.0001260257223963,en,thewire
rational,0.0001248479851644,en,thewire
landing,0.0001248479851644,en,thewire
prostitute,0.0001248479851644,en,thewire
rhythm,0.0001248479851644,en,thewire
mechanic,0.0001248479851644,en,thewire
beard,0.0001248479851644,en,thewire
hilarious,0.0001248479851644,en,thewire
kidney,0.0001248479851644,en,thewire
soccer,0.0001248479851644,en,thewire
unpleasant,0.0001248479851644,en,thewire
martini,0.0001248479851644,en,thewire
pointless,0.0001248479851644,en,thewire
select,0.0001248479851644,en,thewire
layer,0.0001248479851644,en,thewire
myth,0.0001236885081619,en,thewire
scanner,0.0001236885081619,en,thewire
lightly,0.0001236885081619,en,thewire
british,0.0001236885081619,en,thewire
jeopardy,0.0001236885081619,en,thewire
instal,0.0001236885081619,en,thewire
rally,0.0001236885081619,en,thewire
meaningless,0.0001236885081619,en,thewire
closing,0.0001236885081619,en,thewire
cracker,0.0001236885081619,en,thewire
visible,0.0001236885081619,en,thewire
philosophy,0.0001236885081619,en,thewire
feather,0.0001236885081619,en,thewire
rifle,0.0001236885081619,en,thewire
consistent,0.0001236885081619,en,thewire
scramble,0.0001236885081619,en,thewire
piano,0.0001236885081619,en,thewire
splash,0.0001236885081619,en,thewire
loosen,0.0001225467337913,en,thewire
den,0.0001225467337913,en,thewire
nuclear,0.0001225467337913,en,thewire
dash,0.0001225467337913,en,thewire
hose,0.0001225467337913,en,thewire
traumatic,0.0001225467337913,en,thewire
lethal,0.0001225467337913,en,thewire
beam,0.0001225467337913,en,thewire
cliff,0.0001225467337913,en,thewire
ahh,0.0001225467337913,en,thewire
santa,0.0001225467337913,en,thewire
ethic,0.0001225467337913,en,thewire
guitar,0.0001214221296122,en,thewire
difficulty,0.0001214221296122,en,thewire
slash,0.0001214221296122,en,thewire
virus,0.0001214221296122,en,thewire
passage,0.0001214221296122,en,thewire
lifestyle,0.0001214221296122,en,thewire
remarkable,0.0001214221296122,en,thewire
troubled,0.0001214221296122,en,thewire
interrogate,0.0001214221296122,en,thewire
wealthy,0.0001203141868499,en,thewire
musical,0.0001203141868499,en,thewire
publish,0.0001203141868499,en,thewire
reset,0.0001203141868499,en,thewire
impulse,0.0001203141868499,en,thewire
tennis,0.0001203141868499,en,thewire
footstep,0.0001203141868499,en,thewire
heck,0.0001203141868499,en,thewire
curve,0.0001203141868499,en,thewire
shallow,0.0001203141868499,en,thewire
sketch,0.0001203141868499,en,thewire
addiction,0.0001203141868499,en,thewire
religious,0.0001203141868499,en,thewire
corn,0.0001203141868499,en,thewire
standing,0.0001203141868499,en,thewire
filter,0.0001192224190132,en,thewire
empire,0.0001192224190132,en,thewire
lemon,0.0001192224190132,en,thewire
sadly,0.0001192224190132,en,thewire
analyze,0.0001192224190132,en,thewire
rap,0.0001192224190132,en,thewire
cue,0.0001192224190132,en,thewire
luxury,0.0001192224190132,en,thewire
scrape,0.0001192224190132,en,thewire
hatch,0.0001192224190132,en,thewire
sip,0.0001192224190132,en,thewire
absurd,0.0001192224190132,en,thewire
bartender,0.0001192224190132,en,thewire
studio,0.0001181463606123,en,thewire
psych,0.0001181463606123,en,thewire
banana,0.0001181463606123,en,thewire
tomato,0.0001181463606123,en,thewire
initiate,0.0001181463606123,en,thewire
comb,0.0001181463606123,en,thewire
valley,0.0001181463606123,en,thewire
casual,0.0001181463606123,en,thewire
worship,0.0001181463606123,en,thewire
puppet,0.0001181463606123,en,thewire
hail,0.0001181463606123,en,thewire
naive,0.0001170855659666,en,thewire
errand,0.0001170855659666,en,thewire
dodge,0.0001170855659666,en,thewire
talented,0.0001170855659666,en,thewire
pale,0.0001170855659666,en,thewire
merry,0.0001170855659666,en,thewire
limb,0.0001170855659666,en,thewire
dispatch,0.0001170855659666,en,thewire
fond,0.0001160396080968,en,thewire
liver,0.0001160396080968,en,thewire
bacon,0.0001160396080968,en,thewire
sabotage,0.0001160396080968,en,thewire
concert,0.0001160396080968,en,thewire
solo,0.0001160396080968,en,thewire
gag,0.0001160396080968,en,thewire
tradition,0.0001160396080968,en,thewire
brace,0.0001150080776928,en,thewire
hollow,0.0001150080776928,en,thewire
spoon,0.0001150080776928,en,thewire
irony,0.0001150080776928,en,thewire
shatter,0.0001150080776928,en,thewire
bent,0.0001150080776928,en,thewire
parade,0.0001150080776928,en,thewire
cowboy,0.0001150080776928,en,thewire
adopt,0.0001150080776928,en,thewire
distress,0.0001150080776928,en,thewire
combine,0.0001150080776928,en,thewire
identical,0.0001150080776928,en,thewire
rash,0.0001150080776928,en,thewire
specie,0.0001150080776928,en,thewire
isolate,0.0001150080776928,en,thewire
await,0.000113990582152,en,thewire
worthy,0.000113990582152,en,thewire
definition,0.000113990582152,en,thewire
observation,0.000113990582152,en,thewire
satellite,0.000113990582152,en,thewire
absence,0.000113990582152,en,thewire
constantly,0.000113990582152,en,thewire
depressed,0.0001129867446824,en,thewire
tent,0.0001129867446824,en,thewire
dive,0.0001129867446824,en,thewire
focused,0.0001129867446824,en,thewire
rattle,0.0001129867446824,en,thewire
flaw,0.0001129867446824,en,thewire
detector,0.0001129867446824,en,thewire
anxious,0.0001129867446824,en,thewire
sniff,0.0001129867446824,en,thewire
virgin,0.0001129867446824,en,thewire
bold,0.0001129867446824,en,thewire
entertain,0.0001119962034647,en,thewire
length,0.0001119962034647,en,thewire
recording,0.0001119962034647,en,thewire
circus,0.0001110186108695,en,thewire
soak,0.0001110186108695,en,thewire
international,0.0001110186108695,en,thewire
intelligent,0.0001110186108695,en,thewire
exposure,0.0001110186108695,en,thewire
breast,0.0001110186108695,en,thewire
electric,0.0001110186108695,en,thewire
celebrity,0.0001100536327245,en,thewire
manual,0.0001100536327245,en,thewire
sympathy,0.0001100536327245,en,thewire
nearby,0.0001100536327245,en,thewire
leap,0.0001100536327245,en,thewire
awfully,0.0001100536327245,en,thewire
entitle,0.0001100536327245,en,thewire
hunch,0.0001100536327245,en,thewire
sore,0.0001091009476295,en,thewire
engagement,0.0001091009476295,en,thewire
factory,0.0001091009476295,en,thewire
annoying,0.0001091009476295,en,thewire
peek,0.0001091009476295,en,thewire
unlikely,0.0001091009476295,en,thewire
panel,0.0001091009476295,en,thewire
exhausted,0.0001091009476295,en,thewire
protective,0.0001091009476295,en,thewire
formal,0.0001091009476295,en,thewire
infection,0.0001091009476295,en,thewire
handy,0.0001081602463127,en,thewire
torch,0.0001081602463127,en,thewire
flee,0.0001081602463127,en,thewire
satisfied,0.0001081602463127,en,thewire
electricity,0.0001081602463127,en,thewire
orange,0.0001072312310291,en,thewire
steam,0.0001072312310291,en,thewire
destiny,0.0001072312310291,en,thewire
expression,0.0001072312310291,en,thewire
lend,0.0001072312310291,en,thewire
concept,0.0001072312310291,en,thewire
vanish,0.0001072312310291,en,thewire
bargain,0.0001072312310291,en,thewire
ceiling,0.0001072312310291,en,thewire
dull,0.0001063136149938,en,thewire
unexpected,0.0001063136149938,en,thewire
web,0.0001063136149938,en,thewire
booze,0.0001063136149938,en,thewire
happily,0.0001063136149938,en,thewire
bean,0.0001063136149938,en,thewire
coma,0.0001063136149938,en,thewire
glory,0.0001063136149938,en,thewire
liquid,0.0001063136149938,en,thewire
strict,0.0001054071218512,en,thewire
carpet,0.0001054071218512,en,thewire
spoil,0.0001054071218512,en,thewire
scout,0.0001045114851749,en,thewire
recruit,0.0001045114851749,en,thewire
lecture,0.0001045114851749,en,thewire
ultimate,0.0001045114851749,en,thewire
launch,0.0001045114851749,en,thewire
execute,0.0001045114851749,en,thewire
oxygen,0.0001045114851749,en,thewire
diet,0.0001036264479982,en,thewire
stalk,0.0001036264479982,en,thewire
confront,0.0001036264479982,en,thewire
forth,0.0001036264479982,en,thewire
alien,0.0001036264479982,en,thewire
accidentally,0.0001036264479982,en,thewire
champagne,0.0001027517623708,en,thewire
holiday,0.0001027517623708,en,thewire
storage,0.0001027517623708,en,thewire
stole,0.0001027517623708,en,thewire
blanket,0.0001027517623708,en,thewire
inspire,0.0001018871889426,en,thewire
cow,0.0001018871889426,en,thewire
hiding,0.0001018871889426,en,thewire
decade,0.0001018871889426,en,thewire
victory,0.0001018871889426,en,thewire
label,0.0001018871889426,en,thewire
reward,0.0001018871889426,en,thewire
imagination,0.00010103249657,en,thewire
closed,0.00010103249657,en,thewire
weakness,0.0001001874619449,en,thewire
mental,0.0001001874619449,en,thewire
constant,0.0001001874619449,en,thewire
currently,0.0001001874619449,en,thewire
awkward,0.0001001874619449,en,thewire
incredibly,0.0001001874619449,en,thewire
humor,0.0001001874619449,en,thewire
lung,9.935186924511818e-05,en,thewire
skull,9.935186924511818e-05,en,thewire
confession,9.935186924511818e-05,en,thewire
cave,9.852550980273292e-05,en,thewire
jet,9.770818179186752e-05,en,thewire
unique,9.770818179186752e-05,en,thewire
slight,9.770818179186752e-05,en,thewire
nap,9.770818179186752e-05,en,thewire
dish,9.770818179186752e-05,en,thewire
delicious,9.68996899325584e-05,en,thewire
similar,9.68996899325584e-05,en,thewire
fascinating,9.68996899325584e-05,en,thewire
buzz,9.68996899325584e-05,en,thewire
disagree,9.609984521075202e-05,en,thewire
appropriate,9.609984521075202e-05,en,thewire
establish,9.609984521075202e-05,en,thewire
define,9.609984521075202e-05,en,thewire
suggestion,9.609984521075202e-05,en,thewire
universe,9.609984521075202e-05,en,thewire
flame,9.53084646130687e-05,en,thewire
classic,9.53084646130687e-05,en,thewire
joy,9.53084646130687e-05,en,thewire
host,9.53084646130687e-05,en,thewire
stuck,9.53084646130687e-05,en,thewire
goodness,9.452537087545365e-05,en,thewire
surface,9.452537087545365e-05,en,thewire
exercise,9.452537087545365e-05,en,thewire
friendship,9.452537087545365e-05,en,thewire
timing,9.375039224485204e-05,en,thewire
impress,9.375039224485204e-05,en,thewire
attach,9.375039224485204e-05,en,thewire
pathetic,9.298336225310676e-05,en,thewire
equal,9.298336225310676e-05,en,thewire
meaning,9.222411950233376e-05,en,thewire
sensitive,9.222411950233376e-05,en,thewire
handsome,9.222411950233376e-05,en,thewire
awesome,9.222411950233376e-05,en,thewire
colleague,9.147250746108316e-05,en,thewire
compromise,9.147250746108316e-05,en,thewire
uncomfortable,9.147250746108316e-05,en,thewire
chat,9.072837427064225e-05,en,thewire
alert,9.072837427064225e-05,en,thewire
sexy,8.999157256088065e-05,en,thewire
consequence,8.999157256088065e-05,en,thewire
accuse,8.999157256088065e-05,en,thewire
spill,8.999157256088065e-05,en,thewire
hopefully,8.926195927507894e-05,en,thewire
explanation,8.85393955032203e-05,en,thewire
confused,8.85393955032203e-05,en,thewire
toast,8.85393955032203e-05,en,thewire
birth,8.85393955032203e-05,en,thewire
silly,8.641267109054582e-05,en,thewire
energy,8.571699380778115e-05,en,thewire
insane,8.571699380778115e-05,en,thewire
stranger,8.434475771829873e-05,en,thewire
sacrifice,8.434475771829873e-05,en,thewire
introduce,7.973101843554783e-05,en,thewire
obvious,7.846344963902119e-05,en,thewire
