mot,poids_tfidf,langue,serie
betty,0.19486041093597,en,uglybetty
mode,0.0797731855086421,en,uglybetty
talk,0.0791399309314563,en,uglybetty
work,0.0785488443103915,en,uglybetty
meade,0.0782062445336589,en,uglybetty
love,0.0696168687031898,en,uglybetty
little,0.0668584644715539,en,uglybetty
alexis,0.0610828157784732,en,uglybetty
wilhelmina,0.0590195574560585,en,uglybetty
daniel,0.0576543366651973,en,uglybetty
slater,0.0538011743024248,en,uglybetty
help,0.0484691029273151,en,uglybetty
great,0.0469585482290384,en,uglybetty
magazine,0.0443359048514488,en,uglybetty
hilda,0.0425562072183159,en,uglybetty
editor,0.042400923704979,en,uglybetty
papi,0.0421431304269268,en,uglybetty
new,0.0403909191060959,en,uglybetty
big,0.039258861984872,en,uglybetty
sure,0.0388146881165897,en,uglybetty
actually,0.0383549540779838,en,uglybetty
night,0.0382892777867543,en,uglybetty
girl,0.0370414282533953,en,uglybetty
fashion,0.0364557561291976,en,uglybetty
gio,0.0360329929731726,en,uglybetty
father,0.0354366084928474,en,uglybetty
bradford,0.0349939806048914,en,uglybetty
like,0.034677081769136,en,uglybetty
job,0.0341516714393006,en,uglybetty
stop,0.0338889662743829,en,uglybetty
sofia,0.0338072900609688,en,uglybetty
sommer,0.033657606672607,en,uglybetty
dad,0.0336347470440586,en,uglybetty
happen,0.0330351744884004,en,uglybetty
fine,0.0306523661028596,en,uglybetty
bad,0.0304737991304528,en,uglybetty
life,0.0301454176743057,en,uglybetty
start,0.0300797413830763,en,uglybetty
nice,0.0299483888006175,en,uglybetty
baby,0.0298975529280521,en,uglybetty
mom,0.0297354378670946,en,uglybetty
family,0.0296856836356998,en,uglybetty
win,0.0294229784707821,en,uglybetty
hear,0.0291602733058644,en,uglybetty
claire,0.0289715136757496,en,uglybetty
meet,0.0287005392672584,en,uglybetty
guess,0.0278467474812759,en,uglybetty
willie,0.0275984561555719,en,uglybetty
friend,0.0274526897338993,en,uglybetty
believe,0.0256137535794755,en,uglybetty
today,0.025548077288246,en,uglybetty
mija,0.025359838276464,en,uglybetty
idea,0.0250226669584106,en,uglybetty
connor,0.0249999101699747,en,uglybetty
date,0.0244252329724711,en,uglybetty
mother,0.0242345514636575,en,uglybetty
home,0.0241688751724281,en,uglybetty
week,0.0235121122601339,en,uglybetty
miss,0.0234464359689044,en,uglybetty
matt,0.0232997304722237,en,uglybetty
fun,0.0232907276158263,en,uglybetty
old,0.0230523782215279,en,uglybetty
lose,0.0229867019302985,en,uglybetty
long,0.0228553493478396,en,uglybetty
molly,0.0228372236487251,en,uglybetty
kid,0.0228051216164728,en,uglybetty
tonight,0.0226901071328966,en,uglybetty
money,0.0217388523969394,en,uglybetty
party,0.0216615019483901,en,uglybetty
assistant,0.0216357006060384,en,uglybetty
forget,0.021582443519508,en,uglybetty
away,0.0215418235232511,en,uglybetty
place,0.0213447946495629,en,uglybetty
care,0.0212791183583334,en,uglybetty
run,0.0211477657758746,en,uglybetty
eat,0.0210820894846452,en,uglybetty
morning,0.0210164131934157,en,uglybetty
stay,0.0209507369021863,en,uglybetty
course,0.0207217939313068,en,uglybetty
office,0.0206213032472502,en,uglybetty
totally,0.0204910415000761,en,uglybetty
tomorrow,0.0202583672299676,en,uglybetty
wear,0.0195760778477687,en,uglybetty
hard,0.0195715347863684,en,uglybetty
remember,0.0194401822039096,en,uglybetty
henry,0.0192548350987978,en,uglybetty
change,0.0192431533302213,en,uglybetty
issue,0.018880497184917,en,uglybetty
bring,0.0188490955828447,en,uglybetty
turn,0.018586390417927,en,uglybetty
happy,0.018586390417927,en,uglybetty
nico,0.0182923080434659,en,uglybetty
cover,0.0182855569247461,en,uglybetty
book,0.0182188213155317,en,uglybetty
watch,0.0181923326705505,en,uglybetty
hate,0.018007437537749,en,uglybetty
hot,0.0174906537471473,en,uglybetty
suppose,0.0174042171757974,en,uglybetty
break,0.0170805841350708,en,uglybetty
real,0.0170758357196503,en,uglybetty
pretty,0.0170143803205937,en,uglybetty
live,0.0168131305547326,en,uglybetty
crazy,0.0166839023036005,en,uglybetty
wrong,0.0163533965161266,en,uglybetty
exactly,0.0162220439336678,en,uglybetty
fabia,0.0161884173260261,en,uglybetty
problem,0.0160906913512089,en,uglybetty
phone,0.0160715136399826,en,uglybetty
meeting,0.0159272575242139,en,uglybetty
shoot,0.0158936624775206,en,uglybetty
late,0.0158936624775206,en,uglybetty
dinner,0.0154725013917072,en,uglybetty
school,0.0154725013917072,en,uglybetty
sound,0.0154339284389147,en,uglybetty
fire,0.0153025758564558,en,uglybetty
person,0.0152368995652264,en,uglybetty
room,0.0152368995652264,en,uglybetty
plan,0.0151606735152372,en,uglybetty
hope,0.0151055469827676,en,uglybetty
mind,0.0150398706915381,en,uglybetty
understand,0.0149741944003087,en,uglybetty
ready,0.0149085181090793,en,uglybetty
model,0.0148084176115932,en,uglybetty
write,0.0147830800570304,en,uglybetty
hell,0.014711489235391,en,uglybetty
month,0.014711489235391,en,uglybetty
drink,0.0146972468138981,en,uglybetty
send,0.0146310429994211,en,uglybetty
son,0.0146310429994211,en,uglybetty
pay,0.014564839184944,en,uglybetty
house,0.0144487840704733,en,uglybetty
bianchi,0.0143157193383646,en,uglybetty
lady,0.014300023927036,en,uglybetty
hand,0.014251755196785,en,uglybetty
cause,0.0141860789055556,en,uglybetty
second,0.0141204026143262,en,uglybetty
ignacio,0.0140240027802529,en,uglybetty
boyfriend,0.0139945966753217,en,uglybetty
face,0.0139690048546509,en,uglybetty
probably,0.0139233737406379,en,uglybetty
fey,0.0138276064659806,en,uglybetty
company,0.0137907077621738,en,uglybetty
worry,0.0137703934112198,en,uglybetty
dress,0.0136435709584437,en,uglybetty
play,0.0135949922844908,en,uglybetty
renee,0.0135293525203679,en,uglybetty
walter,0.0133382012718315,en,uglybetty
use,0.0133322871195731,en,uglybetty
spend,0.0133069667098807,en,uglybetty
pick,0.0132666108283437,en,uglybetty
bit,0.0132009345371142,en,uglybetty
lunch,0.013163780334187,en,uglybetty
publication,0.0129103711353207,en,uglybetty
com,0.0128855947940857,en,uglybetty
hair,0.0128132369691651,en,uglybetty
anymore,0.0128132369691651,en,uglybetty
business,0.0127111323795875,en,uglybetty
hour,0.01254417162482,en,uglybetty
chance,0.0122814664599023,en,uglybetty
laugh,0.0122654324777928,en,uglybetty
picture,0.0121815018637714,en,uglybetty
walk,0.0121501138774435,en,uglybetty
perfect,0.0121152980492944,en,uglybetty
kill,0.012084437586214,en,uglybetty
end,0.012084437586214,en,uglybetty
santo,0.012064389082978,en,uglybetty
sister,0.0119743706422777,en,uglybetty
deal,0.0119166866058633,en,uglybetty
sit,0.0118874087125258,en,uglybetty
buy,0.0117560561300669,en,uglybetty
stuff,0.0116518713479552,en,uglybetty
head,0.0116247035476081,en,uglybetty
sleep,0.0116247035476081,en,uglybetty
archie,0.0115771879832777,en,uglybetty
check,0.0114933509651492,en,uglybetty
world,0.0114276746739198,en,uglybetty
designer,0.0113996596719117,en,uglybetty
amazing,0.0113246530712113,en,uglybetty
weird,0.0113007355413372,en,uglybetty
hit,0.0112963220914609,en,uglybetty
voice,0.0112318286173046,en,uglybetty
matter,0.0112306458002315,en,uglybetty
article,0.0111893904951002,en,uglybetty
hurt,0.0111884446466161,en,uglybetty
stupid,0.0111884446466161,en,uglybetty
story,0.0111884446466161,en,uglybetty
word,0.0111649695090021,en,uglybetty
kimmie,0.0111344483742836,en,uglybetty
wedding,0.0110931737152303,en,uglybetty
high,0.0110113755203763,en,uglybetty
line,0.0109679406353138,en,uglybetty
easy,0.0109679406353138,en,uglybetty
promise,0.0108980227193763,en,uglybetty
stand,0.010836588052855,en,uglybetty
open,0.010836588052855,en,uglybetty
heart,0.010791221759754,en,uglybetty
die,0.0107709117616255,en,uglybetty
chief,0.0107644253002615,en,uglybetty
cut,0.0106588141307999,en,uglybetty
child,0.0106588141307999,en,uglybetty
close,0.0105738828879373,en,uglybetty
gasp,0.0105256333263037,en,uglybetty
secret,0.0105109055451363,en,uglybetty
boy,0.0105082065967078,en,uglybetty
boss,0.0104738524529466,en,uglybetty
raceman,0.0103960784440352,en,uglybetty
marry,0.0103219565929454,en,uglybetty
speak,0.0103111777230196,en,uglybetty
later,0.0102615912439378,en,uglybetty
willow,0.0102606735601491,en,uglybetty
apartment,0.0102376742223118,en,uglybetty
important,0.0101798251405607,en,uglybetty
read,0.0101798251405607,en,uglybetty
herbalux,0.0101177608287663,en,uglybetty
lie,0.0100484725581019,en,uglybetty
set,0.0100103413821603,en,uglybetty
team,0.0099801699507949,en,uglybetty
photo,0.0099194696998689,en,uglybetty
sign,0.009917119975643,en,uglybetty
queen,0.0097925947279275,en,uglybetty
kiss,0.0097327950343191,en,uglybetty
soon,0.0096657569136447,en,uglybetty
ago,0.0095887385194959,en,uglybetty
coffee,0.0095856397525779,en,uglybetty
fall,0.0095230622282665,en,uglybetty
eye,0.0094573859370371,en,uglybetty
dead,0.0094573859370371,en,uglybetty
dance,0.0093876529292741,en,uglybetty
bitch,0.0093772562796958,en,uglybetty
car,0.0093507725802056,en,uglybetty
realize,0.0093209756740281,en,uglybetty
beautiful,0.0092835008350243,en,uglybetty
ugly,0.0092583314847981,en,uglybetty
girlfriend,0.0092550056001709,en,uglybetty
constance,0.009231679556289,en,uglybetty
figure,0.0092023302123055,en,uglybetty
door,0.0091946807721194,en,uglybetty
save,0.0091946807721194,en,uglybetty
card,0.0091726341690345,en,uglybetty
move,0.0091290044808899,en,uglybetty
brother,0.0091290044808899,en,uglybetty
trust,0.0090699225833515,en,uglybetty
pull,0.0090699225833515,en,uglybetty
throw,0.0088713111399204,en,uglybetty
message,0.0088051073254434,en,uglybetty
bag,0.0087423648070866,en,uglybetty
number,0.0087389035109664,en,uglybetty
reason,0.008669270442284,en,uglybetty
cool,0.0086107833832109,en,uglybetty
sell,0.0086064958820124,en,uglybetty
point,0.0086035941510545,en,uglybetty
surprise,0.0085421579794434,en,uglybetty
news,0.0084740882530583,en,uglybetty
couple,0.0084740882530583,en,uglybetty
glad,0.0084740882530583,en,uglybetty
steal,0.0084078844385813,en,uglybetty
game,0.0084078844385813,en,uglybetty
advertiser,0.0083712087514541,en,uglybetty
step,0.0083408889861368,en,uglybetty
feature,0.0082618642086874,en,uglybetty
sex,0.0082294859732245,en,uglybetty
city,0.0082071529121229,en,uglybetty
movie,0.0081767733218274,en,uglybetty
daughter,0.0081398811669416,en,uglybetty
question,0.0080781838212191,en,uglybetty
funny,0.0080768653661962,en,uglybetty
dream,0.0079415374965138,en,uglybetty
doo,0.0079134328454596,en,uglybetty
wish,0.0078782539227652,en,uglybetty
finally,0.0078748018872994,en,uglybetty
gucci,0.007832665866726,en,uglybetty
honey,0.0077864824156774,en,uglybetty
hire,0.0077556209806798,en,uglybetty
busy,0.0077458462938111,en,uglybetty
hang,0.0077458462938111,en,uglybetty
free,0.0077458462938111,en,uglybetty
class,0.0077022118976626,en,uglybetty
order,0.0076078594504418,en,uglybetty
kinda,0.0075277016340528,en,uglybetty
cute,0.0074947104399009,en,uglybetty
different,0.0074870972001543,en,uglybetty
ragbear,0.0074817008442387,en,uglybetty
hartley,0.0074811631680401,en,uglybetty
lawyer,0.0074595125041232,en,uglybetty
tyler,0.0074353751414454,en,uglybetty
mandy,0.0074350043248783,en,uglybetty
christina,0.0074348063497473,en,uglybetty
fight,0.0074214209089249,en,uglybetty
catch,0.0074214209089249,en,uglybetty
true,0.0074214209089249,en,uglybetty
act,0.007414827221426,en,uglybetty
http,0.0073962289448302,en,uglybetty
grow,0.0073915400285152,en,uglybetty
show,0.007348623406949,en,uglybetty
welcome,0.0073409170135842,en,uglybetty
bagel,0.0073310592357226,en,uglybetty
tree,0.0073287060643121,en,uglybetty
favorite,0.0073018705850312,en,uglybetty
sweet,0.007282419592472,en,uglybetty
layout,0.0072568199804584,en,uglybetty
club,0.0072352270234171,en,uglybetty
learn,0.0072243920352366,en,uglybetty
push,0.0072074457951554,en,uglybetty
chutney,0.0072040830507053,en,uglybetty
gay,0.0071546000401582,en,uglybetty
clothe,0.0071544992356197,en,uglybetty
wonder,0.0070930394527778,en,uglybetty
whoa,0.0070575805580838,en,uglybetty
ass,0.0070524785593172,en,uglybetty
subtitle,0.00699210172483,en,uglybetty
shoe,0.0069878018044973,en,uglybetty
dog,0.0069846662654776,en,uglybetty
offer,0.0069616868703189,en,uglybetty
sigh,0.0069457796564332,en,uglybetty
early,0.0069405033582978,en,uglybetty
piece,0.0069405033582978,en,uglybetty
birthday,0.0069244098133102,en,uglybetty
mambo,0.0068584214207408,en,uglybetty
chuckle,0.0068465542327699,en,uglybetty
finish,0.0068189928911329,en,uglybetty
stick,0.0067402965306546,en,uglybetty
mistake,0.0066989817054012,en,uglybetty
truth,0.0066333054141718,en,uglybetty
case,0.0066333054141718,en,uglybetty
ugh,0.0065898202616911,en,uglybetty
fat,0.0065642986648308,en,uglybetty
charlie,0.0065523724297556,en,uglybetty
suzuki,0.0065232142451433,en,uglybetty
seriously,0.0065099802086005,en,uglybetty
shut,0.0064879738187478,en,uglybetty
mail,0.0064870786672064,en,uglybetty
fix,0.0064421679147609,en,uglybetty
unretouched,0.0064181778803318,en,uglybetty
light,0.0064066184845825,en,uglybetty
ring,0.0063743556209213,en,uglybetty
white,0.0063718298426118,en,uglybetty
food,0.0063049239580247,en,uglybetty
fast,0.0063049239580247,en,uglybetty
interview,0.0062987009281823,en,uglybetty
husband,0.0062893623753167,en,uglybetty
sick,0.0062888742155694,en,uglybetty
cheese,0.0062876945655302,en,uglybetty
water,0.0062731472661537,en,uglybetty
bra,0.0062142191468834,en,uglybetty
charge,0.0062064116569393,en,uglybetty
ticket,0.0061902662873316,en,uglybetty
far,0.0061735713755658,en,uglybetty
moment,0.0061569547463627,en,uglybetty
young,0.0061569547463627,en,uglybetty
foot,0.0061078950843364,en,uglybetty
touch,0.0060907509318857,en,uglybetty
follow,0.0060907509318857,en,uglybetty
hide,0.0060729404385105,en,uglybetty
yay,0.0060406708631691,en,uglybetty
enjoy,0.0060352941517234,en,uglybetty
rest,0.0060245471174086,en,uglybetty
desk,0.0059996278119421,en,uglybetty
isabella,0.0059815471246934,en,uglybetty
fault,0.0059394692200817,en,uglybetty
suck,0.005929043955331,en,uglybetty
salon,0.0059070215566091,en,uglybetty
spread,0.0058816890854878,en,uglybetty
pitch,0.0058590199802272,en,uglybetty
clean,0.0058451899194187,en,uglybetty
lucky,0.0058318572702046,en,uglybetty
list,0.0058103729165587,en,uglybetty
quincy,0.0057889195309878,en,uglybetty
invite,0.0057878762421088,en,uglybetty
drive,0.0057795136281893,en,uglybetty
holiday,0.0057751692877936,en,uglybetty
creative,0.0057672649987957,en,uglybetty
worth,0.005764044976365,en,uglybetty
brace,0.0057570322974896,en,uglybetty
rock,0.0057416488691666,en,uglybetty
gambarro,0.0057333978029675,en,uglybetty
clear,0.0057138373369599,en,uglybetty
handle,0.0056962326825254,en,uglybetty
heinrich,0.0056628765083366,en,uglybetty
terrible,0.0056503677706686,en,uglybetty
special,0.0056481610457304,en,uglybetty
wife,0.0056481610457304,en,uglybetty
wonderful,0.0056467085288867,en,uglybetty
darling,0.0056344275976829,en,uglybetty
transcript,0.0056232072464053,en,uglybetty
pregnant,0.005615709261271,en,uglybetty
half,0.0056057911740097,en,uglybetty
apparently,0.0055835548500508,en,uglybetty
future,0.005581460846636,en,uglybetty
remind,0.005581460846636,en,uglybetty
ruin,0.0055761246722756,en,uglybetty
present,0.0055611204160695,en,uglybetty
smell,0.0055611204160695,en,uglybetty
smile,0.0055568926101901,en,uglybetty
screw,0.0055568926101901,en,uglybetty
budget,0.0055550311642444,en,uglybetty
normal,0.0055369436028383,en,uglybetty
career,0.0055257058455615,en,uglybetty
able,0.0055168084632716,en,uglybetty
deserve,0.0055125539226035,en,uglybetty
aunt,0.0055069449553476,en,uglybetty
closet,0.0054977841572548,en,uglybetty
building,0.0054685862744082,en,uglybetty
elle,0.0054459218485506,en,uglybetty
gift,0.0054349569590534,en,uglybetty
elena,0.0054185945221696,en,uglybetty
relationship,0.0053915483283638,en,uglybetty
dear,0.0053794561327811,en,uglybetty
breakfast,0.0053794561327811,en,uglybetty
excited,0.0053763624443301,en,uglybetty
star,0.0053747400745384,en,uglybetty
fact,0.0053625089726385,en,uglybetty
doctor,0.0053571712133275,en,uglybetty
press,0.005348509137308,en,uglybetty
entire,0.0053388487371521,en,uglybetty
town,0.0053144678693255,en,uglybetty
page,0.0053077300510107,en,uglybetty
decide,0.0052963051581614,en,uglybetty
luck,0.0052721131279377,en,uglybetty
drop,0.0052541032983539,en,uglybetty
shot,0.0052471961241441,en,uglybetty
shoo,0.005224798448771,en,uglybetty
test,0.0052215466256483,en,uglybetty
share,0.0052053775187233,en,uglybetty
glass,0.0051951569606877,en,uglybetty
afraid,0.0051884270071245,en,uglybetty
murder,0.0051267996322576,en,uglybetty
expect,0.005122750715895,en,uglybetty
answer,0.005122750715895,en,uglybetty
pass,0.0051126526337815,en,uglybetty
feeling,0.0051126526337815,en,uglybetty
fabulous,0.0050840743596092,en,uglybetty
huge,0.005082037675998,en,uglybetty
sandwich,0.0050626558884784,en,uglybetty
poor,0.0050584423038275,en,uglybetty
straight,0.0050570744246656,en,uglybetty
swear,0.0050314899002534,en,uglybetty
expense,0.0050207646568819,en,uglybetty
crap,0.0050114538193869,en,uglybetty
floor,0.0049652860857763,en,uglybetty
tico,0.0049595010893473,en,uglybetty
boob,0.0049443332300754,en,uglybetty
mad,0.0049408699627758,en,uglybetty
weekend,0.0049283322406359,en,uglybetty
ride,0.0049217276469673,en,uglybetty
cry,0.0048923916063106,en,uglybetty
grace,0.0048727990865759,en,uglybetty
absolutely,0.0048716994726513,en,uglybetty
agree,0.0048716994726513,en,uglybetty
damn,0.0048716994726513,en,uglybetty
jump,0.0048533703185372,en,uglybetty
freak,0.0048383690521672,en,uglybetty
black,0.004823484682278,en,uglybetty
fit,0.004823484682278,en,uglybetty
trip,0.004823484682278,en,uglybetty
hunter,0.0048194207884009,en,uglybetty
joke,0.0048146728626108,en,uglybetty
letter,0.0048056474786178,en,uglybetty
credit,0.0048056474786178,en,uglybetty
music,0.0047997022495537,en,uglybetty
explain,0.0047762939078748,en,uglybetty
tamale,0.0047695293829987,en,uglybetty
grab,0.0047545777582455,en,uglybetty
proud,0.0047468605687712,en,uglybetty
tooth,0.0047424520294532,en,uglybetty
sexy,0.0047418581384455,en,uglybetty
burn,0.0047382282542225,en,uglybetty
ahead,0.0047382282542225,en,uglybetty
focus,0.0047233587186616,en,uglybetty
grubstick,0.0047216217200909,en,uglybetty
table,0.0047090221626935,en,uglybetty
strong,0.0047090221626935,en,uglybetty
publishing,0.0046995995200356,en,uglybetty
tavare,0.0046677657311504,en,uglybetty
opportunity,0.0046538975610342,en,uglybetty
choice,0.0046047570357937,en,uglybetty
return,0.0046047570357937,en,uglybetty
cal,0.0045965872056535,en,uglybetty
account,0.0045799410048168,en,uglybetty
ohh,0.0045552265810164,en,uglybetty
bar,0.004551307030437,en,uglybetty
country,0.0045478569861479,en,uglybetty
concept,0.004520203579793,en,uglybetty
ice,0.0045187431515362,en,uglybetty
awful,0.0045183866908983,en,uglybetty
yesterday,0.0045072069271494,en,uglybetty
tony,0.0045021695952932,en,uglybetty
interesting,0.0045018593844372,en,uglybetty
prove,0.0045018593844372,en,uglybetty
honor,0.0044803020369417,en,uglybetty
treat,0.0044756113934128,en,uglybetty
previously,0.0044729497936796,en,uglybetty
scoff,0.0044652561426348,en,uglybetty
taste,0.0044455140881521,en,uglybetty
egg,0.0044413439640911,en,uglybetty
accounting,0.0044380438994711,en,uglybetty
caseworker,0.0044318163978286,en,uglybetty
singsongy,0.0044318163978286,en,uglybetty
cupcake,0.0044250242152516,en,uglybetty
champagne,0.004421613985967,en,uglybetty
sad,0.0044112668141158,en,uglybetty
size,0.0044086531999417,en,uglybetty
raise,0.0044077990995732,en,uglybetty
cake,0.0043962489784417,en,uglybetty
leah,0.0043916515515622,en,uglybetty
lexy,0.0043843630257987,en,uglybetty
blog,0.0043815603512089,en,uglybetty
quit,0.0043412467059553,en,uglybetty
appreciate,0.0043399868057337,en,uglybetty
mention,0.0043032479410062,en,uglybetty
color,0.0043026136882863,en,uglybetty
design,0.0042925548464265,en,uglybetty
style,0.0042765613611723,en,uglybetty
control,0.0042710789897217,en,uglybetty
middle,0.0042710789897217,en,uglybetty
thanksgiving,0.0042487857951116,en,uglybetty
mwah,0.0042445055787355,en,uglybetty
obviously,0.0042381543626663,en,uglybetty
consider,0.0042370441265291,en,uglybetty
favor,0.004235031396665,en,uglybetty
writer,0.0042264165399029,en,uglybetty
atlantic,0.0042232796845834,en,uglybetty
rent,0.0042077555471563,en,uglybetty
definitely,0.0042043433805073,en,uglybetty
plane,0.0041816152344789,en,uglybetty
rio,0.0041798387590168,en,uglybetty
cell,0.0041708482012428,en,uglybetty
single,0.0041708482012428,en,uglybetty
fill,0.0041697970342362,en,uglybetty
mouth,0.0041697970342362,en,uglybetty
copy,0.0041546458879861,en,uglybetty
paper,0.0041376077712929,en,uglybetty
report,0.0041376077712929,en,uglybetty
age,0.0041365499242149,en,uglybetty
clearly,0.0041344154419526,en,uglybetty
drunk,0.0041268441915544,en,uglybetty
apologize,0.0041213696813261,en,uglybetty
director,0.0041187708923214,en,uglybetty
blow,0.0041046364975751,en,uglybetty
honest,0.0040982083000152,en,uglybetty
bahama,0.0040885126533585,en,uglybetty
sweetie,0.0040877402782002,en,uglybetty
santos,0.0040842950147566,en,uglybetty
short,0.0040708721620785,en,uglybetty
power,0.0040708721620785,en,uglybetty
thanksgive,0.0040682069078485,en,uglybetty
note,0.00406550851792,en,uglybetty
professional,0.0040649588823885,en,uglybetty
flower,0.0040556917054931,en,uglybetty
miscellaneous,0.0040553489180439,en,uglybetty
sfileydy,0.0040540999755489,en,uglybetty
amanda,0.0040540999755489,en,uglybetty
shirt,0.0040490649500748,en,uglybetty
band,0.0040432943778356,en,uglybetty
body,0.0040384326830981,en,uglybetty
sense,0.0040384326830981,en,uglybetty
choose,0.0040363047108801,en,uglybetty
carry,0.0040363047108801,en,uglybetty
award,0.0040101759892407,en,uglybetty
low,0.0040041365528641,en,uglybetty
position,0.0039966015938875,en,uglybetty
ridiculous,0.0039767602188234,en,uglybetty
one,0.0039690329656988,en,uglybetty
chin,0.0039690169465332,en,uglybetty
stuart,0.0039550241724014,en,uglybetty
congratulation,0.0039526959702207,en,uglybetty
whisper,0.0039471554384747,en,uglybetty
beer,0.0039449344973728,en,uglybetty
orthodontist,0.0039393923536254,en,uglybetty
cancel,0.0039334859280794,en,uglybetty
mess,0.0039331130426961,en,uglybetty
dollar,0.0039144048497074,en,uglybetty
photographer,0.0039104552284363,en,uglybetty
pain,0.0038963677205158,en,uglybetty
pretend,0.003889824827133,en,uglybetty
cream,0.0038877830556111,en,uglybetty
safe,0.0038706653344353,en,uglybetty
celebrity,0.003865982107362,en,uglybetty
security,0.0038587877458224,en,uglybetty
ball,0.0038587877458224,en,uglybetty
trouble,0.003839821239667,en,uglybetty
bed,0.003839821239667,en,uglybetty
prom,0.0038389949246029,en,uglybetty
elevator,0.0038152676145879,en,uglybetty
judge,0.0038115282569985,en,uglybetty
rid,0.0038115282569985,en,uglybetty
belong,0.0038115282569985,en,uglybetty
crush,0.0038100273944989,en,uglybetty
notice,0.0038039297252209,en,uglybetty
perfume,0.0038037748859126,en,uglybetty
fake,0.003801482333832,en,uglybetty
police,0.0037810858406707,en,uglybetty
camera,0.0037810858406707,en,uglybetty
beck,0.0037740116800232,en,uglybetty
editorial,0.0037702535874581,en,uglybetty
seat,0.0037672177301548,en,uglybetty
hotel,0.0037638508170264,en,uglybetty
name,0.0037371941160065,en,uglybetty
seamstress,0.0037329038188278,en,uglybetty
daddy,0.0037297562520616,en,uglybetty
gisele,0.0037114827914278,en,uglybetty
suit,0.0037110657325101,en,uglybetty
tanen,0.0037098456372143,en,uglybetty
wilhemina,0.0037098456372143,en,uglybetty
smart,0.003707413610713,en,uglybetty
protect,0.0036999459849734,en,uglybetty
carol,0.0036983699162259,en,uglybetty
forever,0.0036912957352255,en,uglybetty
cash,0.0036814413542509,en,uglybetty
diary,0.0036795037991259,en,uglybetty
sale,0.0036722230229728,en,uglybetty
danny,0.0036686325911043,en,uglybetty
chocolate,0.0036592013601003,en,uglybetty
santa,0.0036591155435814,en,uglybetty
blue,0.0036580301702912,en,uglybetty
rich,0.0036410456243496,en,uglybetty
college,0.0036295237353117,en,uglybetty
pack,0.0036229384067954,en,uglybetty
hook,0.0036152365625667,en,uglybetty
art,0.0036119801966235,en,uglybetty
upset,0.0036119801966235,en,uglybetty
cold,0.0036037228975777,en,uglybetty
completely,0.0035940515734982,en,uglybetty
decision,0.0035940515734982,en,uglybetty
pill,0.0035929683231601,en,uglybetty
bunch,0.0035831600496922,en,uglybetty
shh,0.0035773000200791,en,uglybetty
kick,0.0035654024946107,en,uglybetty
personal,0.0035654024946107,en,uglybetty
reye,0.0035607950548215,en,uglybetty
land,0.0035545810783653,en,uglybetty
gym,0.003549086153105,en,uglybetty
prison,0.0035429318313154,en,uglybetty
afternoon,0.0035425190389962,en,uglybetty
romantic,0.0035402751345341,en,uglybetty
nervous,0.0035291928305542,en,uglybetty
accident,0.0035262392796586,en,uglybetty
worried,0.0035262392796586,en,uglybetty
jealous,0.0035192137303489,en,uglybetty
button,0.0035192137303489,en,uglybetty
nephew,0.0035098920164846,en,uglybetty
farkas,0.0035008242983628,en,uglybetty
spadaro,0.0035008242983628,en,uglybetty
season,0.0034986491688304,en,uglybetty
cat,0.0034986491688304,en,uglybetty
grand,0.0034986491688304,en,uglybetty
slut,0.0034966475195759,en,uglybetty
hospital,0.0034862237499352,en,uglybetty
couture,0.0034737526741485,en,uglybetty
park,0.0034730578813688,en,uglybetty
green,0.0034730578813688,en,uglybetty
type,0.0034730578813688,en,uglybetty
especially,0.0034586089739431,en,uglybetty
bother,0.003458426985819,en,uglybetty
idiot,0.003458426985819,en,uglybetty
subway,0.0034518119218109,en,uglybetty
red,0.0034453462016271,en,uglybetty
dry,0.0034428519249799,en,uglybetty
conference,0.0034323090769345,en,uglybetty
whoo,0.0034309655323229,en,uglybetty
flan,0.0034292107103704,en,uglybetty
drama,0.003419523826329,en,uglybetty
small,0.00341516714393,en,uglybetty
pant,0.0034149583345566,en,uglybetty
disappear,0.0034035160699345,en,uglybetty
jerk,0.0033983316658859,en,uglybetty
arm,0.0033906146919794,en,uglybetty
print,0.0033874657353237,en,uglybetty
opera,0.0033838524382993,en,uglybetty
chair,0.0033799674532886,en,uglybetty
farka,0.0033725869429221,en,uglybetty
aerin,0.0033725869429221,en,uglybetty
mirta,0.0033725869429221,en,uglybetty
coach,0.0033716318454498,en,uglybetty
snow,0.0033716318454498,en,uglybetty
bbs,0.0033691763928848,en,uglybetty
fancy,0.003366204437725,en,uglybetty
beat,0.0033635872590667,en,uglybetty
usually,0.003349509093075,en,uglybetty
option,0.003334135566114,en,uglybetty
makeup,0.0033330186985466,en,uglybetty
yoga,0.0033285329246033,en,uglybetty
past,0.0033228023981398,en,uglybetty
careful,0.0033228023981398,en,uglybetty
awesome,0.0033206556359148,en,uglybetty
admit,0.0033075323535621,en,uglybetty
spring,0.0032935928157516,en,uglybetty
celebrate,0.0032855548270906,en,uglybetty
calm,0.0032811517646449,en,uglybetty
box,0.0032811517646449,en,uglybetty
fish,0.0032799835957785,en,uglybetty
jewelry,0.0032576386243818,en,uglybetty
imagine,0.0032549901043002,en,uglybetty
complicated,0.0032468574041098,en,uglybetty
flash,0.0032402697279378,en,uglybetty
terrific,0.0032399138706712,en,uglybetty
flight,0.0032330123466239,en,uglybetty
dump,0.0032330123466239,en,uglybetty
proudly,0.0032286313619836,en,uglybetty
rodriguez,0.0032148850409722,en,uglybetty
minimal,0.0032133976346872,en,uglybetty
chipmunk,0.0032110189761005,en,uglybetty
cavalli,0.0032090889401659,en,uglybetty
accountant,0.0031971202320404,en,uglybetty
armadillo,0.003181270964081,en,uglybetty
street,0.0031777830948968,en,uglybetty
visa,0.0031727275425883,en,uglybetty
cost,0.003169718505497,en,uglybetty
relax,0.003169718505497,en,uglybetty
parent,0.003169718505497,en,uglybetty
grandpa,0.0031618257236647,en,uglybetty
instead,0.0031617720235227,en,uglybetty
knock,0.0031617720235227,en,uglybetty
wine,0.0031616346863021,en,uglybetty
bet,0.0031524619790123,en,uglybetty
count,0.0031524619790123,en,uglybetty
gene,0.0031473768414047,en,uglybetty
teach,0.0031444371077847,en,uglybetty
skip,0.0031356087834838,en,uglybetty
restaurant,0.0031356087834838,en,uglybetty
quack,0.0031330663466904,en,uglybetty
store,0.0031257520932319,en,uglybetty
cliff,0.0031210103165841,en,uglybetty
death,0.0031115792804198,en,uglybetty
kampai,0.0031062924976872,en,uglybetty
rodrigo,0.0031001940989491,en,uglybetty
sync,0.0030969105609772,en,uglybetty
vincent,0.0030960257361457,en,uglybetty
bunny,0.0030923689881994,en,uglybetty
nail,0.0030860572399592,en,uglybetty
cheat,0.0030822077899896,en,uglybetty
hideous,0.0030819749301883,en,uglybetty
berry,0.0030819749301883,en,uglybetty
cook,0.003080884759065,en,uglybetty
nose,0.003080884759065,en,uglybetty
drug,0.003080884759065,en,uglybetty
awkward,0.0030794764331102,en,uglybetty
bathroom,0.0030615397252435,en,uglybetty
throat,0.0030613180227266,en,uglybetty
nacho,0.0030597824247824,en,uglybetty
dreamgirl,0.0030597824247824,en,uglybetty
printer,0.0030582370129742,en,uglybetty
hat,0.0030572185638967,en,uglybetty
forward,0.0030562909356045,en,uglybetty
candy,0.0030537927000675,en,uglybetty
wake,0.0030453754659428,en,uglybetty
blood,0.0030453754659428,en,uglybetty
castelar,0.0030353282486299,en,uglybetty
launch,0.0030288197254412,en,uglybetty
chloe,0.0030286760117937,en,uglybetty
surrogate,0.0030236749918576,en,uglybetty
vacation,0.0030132102755454,en,uglybetty
lead,0.003003102414648,en,uglybetty
fan,0.0029884044145739,en,uglybetty
barely,0.0029884044145739,en,uglybetty
bird,0.0029868680246278,en,uglybetty
scare,0.0029868297779771,en,uglybetty
receptionist,0.0029855991135834,en,uglybetty
extra,0.0029837409289419,en,uglybetty
fair,0.0029599567879787,en,uglybetty
beep,0.0029506657888169,en,uglybetty
grandma,0.0029445899615611,en,uglybetty
arrest,0.0029408445427439,en,uglybetty
project,0.0029391021332944,en,uglybetty
jail,0.0029391021332944,en,uglybetty
begin,0.0029363668054336,en,uglybetty
shower,0.0029358036372806,en,uglybetty
assignment,0.0029174627153943,en,uglybetty
add,0.0029173686203498,en,uglybetty
interested,0.0029159286351023,en,uglybetty
belt,0.002915697631535,en,uglybetty
beauty,0.002915697631535,en,uglybetty
councilman,0.002913429472796,en,uglybetty
key,0.0029129678369888,en,uglybetty
jacket,0.0029071765598534,en,uglybetty
outfit,0.0029035063512182,en,uglybetty
fly,0.0028940908093668,en,uglybetty
bear,0.0028926850427974,en,uglybetty
tornado,0.0028724912422647,en,uglybetty
tired,0.0028696311962192,en,uglybetty
responsibility,0.0028690432708166,en,uglybetty
angry,0.0028690432708166,en,uglybetty
fool,0.0028690432708166,en,uglybetty
blame,0.0028690432708166,en,uglybetty
french,0.0028580429843319,en,uglybetty
appointment,0.0028537054772341,en,uglybetty
avoid,0.0028479074627224,en,uglybetty
honestly,0.0028460994424513,en,uglybetty
afford,0.0028460994424513,en,uglybetty
giant,0.0028458097046818,en,uglybetty
schedule,0.0028426524496747,en,uglybetty
scottish,0.0028305087600174,en,uglybetty
simmon,0.0028305087600174,en,uglybetty
dio,0.0028296703858237,en,uglybetty
boo,0.0028280158654335,en,uglybetty
rule,0.0028240805228652,en,uglybetty
cab,0.0028224273559342,en,uglybetty
pink,0.0028155213102722,en,uglybetty
leak,0.0028082242996119,en,uglybetty
replace,0.0028078546306355,en,uglybetty
involve,0.0028028955870048,en,uglybetty
haircut,0.0028014287287643,en,uglybetty
final,0.0027973171890462,en,uglybetty
lately,0.0027973171890462,en,uglybetty
choli,0.0027956632479185,en,uglybetty
austin,0.0027929762983975,en,uglybetty
stylist,0.002790501677163,en,uglybetty
sizzle,0.0027868983412012,en,uglybetty
poncho,0.0027786813748741,en,uglybetty
bottle,0.00277494695639,en,uglybetty
amor,0.0027708011733482,en,uglybetty
publisher,0.0027669763450719,en,uglybetty
rsum,0.0027669763450719,en,uglybetty
airport,0.0027621094192499,en,uglybetty
serve,0.0027562769613017,en,uglybetty
finger,0.0027562769613017,en,uglybetty
hip,0.0027546164156539,en,uglybetty
sweat,0.0027541672672296,en,uglybetty
attire,0.0027538991996347,en,uglybetty
rough,0.0027475797875507,en,uglybetty
information,0.0027361599777904,en,uglybetty
train,0.0027342931372041,en,uglybetty
thought,0.0027342931372041,en,uglybetty
hungry,0.0027342931372041,en,uglybetty
window,0.0027342931372041,en,uglybetty
lovely,0.0027255911072758,en,uglybetty
willy,0.0027152071243417,en,uglybetty
alive,0.0027143563935577,en,uglybetty
owe,0.0027124917535835,en,uglybetty
interrupt,0.002709972588259,en,uglybetty
surprised,0.0027089851474676,en,uglybetty
skinny,0.0027061874751534,en,uglybetty
dwayne,0.0027035659453626,en,uglybetty
alex,0.0027012848868078,en,uglybetty
super,0.0026994511271133,en,uglybetty
curandera,0.0026980695543376,en,uglybetty
swag,0.0026966073902736,en,uglybetty
butt,0.0026947262423701,en,uglybetty
lock,0.0026908698072534,en,uglybetty
certainly,0.0026873700372692,en,uglybetty
advertising,0.0026870392022251,en,uglybetty
fresh,0.0026821865512211,en,uglybetty
kitchen,0.0026821865512211,en,uglybetty
settle,0.0026752750562994,en,uglybetty
guilty,0.0026752750562994,en,uglybetty
pound,0.0026665888667596,en,uglybetty
song,0.0026665888667596,en,uglybetty
release,0.002665935808774,en,uglybetty
corner,0.002665935808774,en,uglybetty
sugar,0.0026652674659612,en,uglybetty
mile,0.0026607641101016,en,uglybetty
chicken,0.0026560787046552,en,uglybetty
capable,0.0026560787046552,en,uglybetty
immigration,0.0026554911219447,en,uglybetty
hag,0.0026528159867097,en,uglybetty
prada,0.0026516307787832,en,uglybetty
quick,0.0026446794597439,en,uglybetty
gown,0.002642952231923,en,uglybetty
propose,0.0026395512283801,en,uglybetty
hemline,0.0026256182237721,en,uglybetty
sing,0.0026223239520529,en,uglybetty
glitter,0.0026213460111207,en,uglybetty
gun,0.0026184631132366,en,uglybetty
pop,0.0026116026946101,en,uglybetty
practically,0.002608021976145,en,uglybetty
freakin,0.0026027819442519,en,uglybetty
tough,0.0025975784803438,en,uglybetty
comfortable,0.0025925169537941,en,uglybetty
convince,0.002590744001941,en,uglybetty
administrative,0.0025898195230057,en,uglybetty
assume,0.0025819487646037,en,uglybetty
collection,0.0025733896480576,en,uglybetty
video,0.0025717143666326,en,uglybetty
natalie,0.0025706730642318,en,uglybetty
dakota,0.0025706730642318,en,uglybetty
discuss,0.0025700628322129,en,uglybetty
affair,0.0025659368167033,en,uglybetty
promotion,0.0025572436836413,en,uglybetty
diva,0.0025571921139465,en,uglybetty
lower,0.0025515661874341,en,uglybetty
department,0.0025510983522721,en,uglybetty
downstairs,0.002549697000466,en,uglybetty
weiner,0.0025471245936346,en,uglybetty
plenty,0.002541018837999,en,uglybetty
review,0.0025318583737809,en,uglybetty
rush,0.0025306655937967,en,uglybetty
waste,0.0025292211519137,en,uglybetty
sport,0.0025246533282938,en,uglybetty
mood,0.0025246533282938,en,uglybetty
sweetheart,0.0025207238937805,en,uglybetty
senator,0.0025170973637362,en,uglybetty
regent,0.0025135023916387,en,uglybetty
oswald,0.0025135023916387,en,uglybetty
pee,0.0025128883697853,en,uglybetty
sweater,0.0025128388438845,en,uglybetty
rumor,0.0025110085629545,en,uglybetty
monster,0.002508487026787,en,uglybetty
salad,0.0025053769491215,en,uglybetty
certain,0.0025006016745855,en,uglybetty
gross,0.0024993621288035,en,uglybetty
shop,0.0024903370121449,en,uglybetty
studio,0.0024901588700127,en,uglybetty
visit,0.0024890545717094,en,uglybetty
purse,0.0024884240807775,en,uglybetty
postapocalyptic,0.0024850339981498,en,uglybetty
triste,0.0024850339981498,en,uglybetty
suarez,0.0024850339981498,en,uglybetty
toussaint,0.0024850339981498,en,uglybetty
swishy,0.0024850339981498,en,uglybetty
defend,0.0024841415392374,en,uglybetty
post,0.0024806492651715,en,uglybetty
flirt,0.0024806355915832,en,uglybetty
total,0.0024782098279215,en,uglybetty
exciting,0.0024700189692014,en,uglybetty
fur,0.0024655799441506,en,uglybetty
candle,0.0024635811464881,en,uglybetty
title,0.0024635811464881,en,uglybetty
tucson,0.0024621202210159,en,uglybetty
left,0.0024608638234836,en,uglybetty
manicure,0.0024590279481187,en,uglybetty
hero,0.0024583608625454,en,uglybetty
bite,0.0024583608625454,en,uglybetty
spot,0.0024507037856199,en,uglybetty
tip,0.0024507037856199,en,uglybetty
price,0.0024507037856199,en,uglybetty
air,0.0024412425782252,en,uglybetty
oop,0.0024382510468342,en,uglybetty
prop,0.0024382510468342,en,uglybetty
breast,0.0024374250114476,en,uglybetty
skin,0.0024311405169581,en,uglybetty
player,0.0024300968071999,en,uglybetty
meal,0.0024284148156847,en,uglybetty
mock,0.002424013598943,en,uglybetty
roll,0.0024191845260836,en,uglybetty
mnh,0.0024184347868746,en,uglybetty
butterfly,0.0024121243039446,en,uglybetty
situation,0.002411742341139,en,uglybetty
staff,0.0024088645228969,en,uglybetty
file,0.0023998511247768,en,uglybetty
pepper,0.0023864022504288,en,uglybetty
marisa,0.0023859532230607,en,uglybetty
join,0.0023833373211726,en,uglybetty
junior,0.0023827357693676,en,uglybetty
travel,0.0023806836774593,en,uglybetty
heel,0.0023755961055421,en,uglybetty
nick,0.0023746693238396,en,uglybetty
apart,0.0023734302843856,en,uglybetty
tear,0.0023734302843856,en,uglybetty
employee,0.0023680927584464,en,uglybetty
stalk,0.0023661344885228,en,uglybetty
owen,0.0023611026271642,en,uglybetty
nepotistic,0.0023608108600454,en,uglybetty
magzine,0.0023608108600454,en,uglybetty
cosmetic,0.0023588767513491,en,uglybetty
gaga,0.0023575823633796,en,uglybetty
gina,0.0023575823633796,en,uglybetty
research,0.0023512817066355,en,uglybetty
scary,0.0023512817066355,en,uglybetty
babe,0.0023487564254032,en,uglybetty
experience,0.0023428354171064,en,uglybetty
conversation,0.0023428354171064,en,uglybetty
paparazzi,0.0023370597382371,en,uglybetty
penny,0.002334126343447,en,uglybetty
yogurt,0.0023300853432184,en,uglybetty
inspire,0.0023264214527557,en,uglybetty
publish,0.0023245290969466,en,uglybetty
mccartney,0.0023155678123951,en,uglybetty
tiny,0.0023138152518114,en,uglybetty
net,0.0023138152518114,en,uglybetty
genius,0.0023137514000427,en,uglybetty
court,0.0023106635692987,en,uglybetty
opinion,0.0023106635692987,en,uglybetty
emergency,0.0023106635692987,en,uglybetty
service,0.002305617990546,en,uglybetty
reach,0.002305617990546,en,uglybetty
support,0.002305617990546,en,uglybetty
dit,0.0023040438590021,en,uglybetty
maid,0.0022995096172107,en,uglybetty
possible,0.0022986701930298,en,uglybetty
partner,0.0022952346166533,en,uglybetty
breathe,0.0022922182017034,en,uglybetty
brilliant,0.0022918981002486,en,uglybetty
toe,0.0022864343874655,en,uglybetty
comb,0.0022826456308449,en,uglybetty
runway,0.0022822583286899,en,uglybetty
silly,0.0022766388897044,en,uglybetty
bobby,0.0022747662204697,en,uglybetty
interest,0.0022739284930739,en,uglybetty
hurry,0.0022739284930739,en,uglybetty
package,0.0022733163680257,en,uglybetty
mosquito,0.0022677562438932,en,uglybetty
exclusive,0.0022621505580332,en,uglybetty
soft,0.0022595442548696,en,uglybetty
shame,0.0022595442548696,en,uglybetty
dirty,0.0022586834115546,en,uglybetty
scene,0.0022586834115546,en,uglybetty
flit,0.0022529716211355,en,uglybetty
slip,0.0022414466687914,en,uglybetty
shave,0.0022407612897092,en,uglybetty
introduce,0.0022406434611382,en,uglybetty
jean,0.0022393016811099,en,uglybetty
allow,0.0022378056967064,en,uglybetty
slow,0.0022378056967064,en,uglybetty
torture,0.002236688076751,en,uglybetty
blah,0.0022345430114465,en,uglybetty
confess,0.0022310009000074,en,uglybetty
murderer,0.0022310009000074,en,uglybetty
divorce,0.0022309848754077,en,uglybetty
disappoint,0.0022309848754077,en,uglybetty
tight,0.002222757044076,en,uglybetty
outside,0.002219967590984,en,uglybetty
musical,0.002218868683449,en,uglybetty
nurse,0.002218634743046,en,uglybetty
reject,0.0022181788456906,en,uglybetty
sexaholic,0.0022166409386785,en,uglybetty
chick,0.0022128671312745,en,uglybetty
fearless,0.0022086164587627,en,uglybetty
justin,0.0022075755460691,en,uglybetty
suddenly,0.0022057270678997,en,uglybetty
disaster,0.0022047760164846,en,uglybetty
bye,0.0022036967164936,en,uglybetty
industry,0.0022036967164936,en,uglybetty
stare,0.0022007509267143,en,uglybetty
pie,0.0021996260236501,en,uglybetty
internet,0.0021949261484386,en,uglybetty
history,0.0021880995549436,en,uglybetty
dumb,0.0021867732236512,en,uglybetty
memo,0.002184705380731,en,uglybetty
circulation,0.0021844550092673,en,uglybetty
deny,0.0021830334738753,en,uglybetty
wing,0.0021771585111422,en,uglybetty
halloween,0.002174406343845,en,uglybetty
fashionista,0.0021744047483811,en,uglybetty
attention,0.0021699934028668,en,uglybetty
track,0.0021699934028668,en,uglybetty
sneak,0.0021654793178551,en,uglybetty
posh,0.0021637779425701,en,uglybetty
malaria,0.0021572859122189,en,uglybetty
spa,0.0021527144830954,en,uglybetty
draw,0.0021526958458027,en,uglybetty
unfortunately,0.0021517824531124,en,uglybetty
contract,0.0021513068441431,en,uglybetty
fruit,0.0021474659563898,en,uglybetty
antioxidant,0.0021462882223494,en,uglybetty
swimsuit,0.0021440213409266,en,uglybetty
latina,0.0021432566939815,en,uglybetty
snap,0.0021421300967341,en,uglybetty
degree,0.0021421300967341,en,uglybetty
leg,0.0021361146450088,en,uglybetty
attack,0.0021355394948608,en,uglybetty
proof,0.0021345745818385,en,uglybetty
advice,0.0021345745818385,en,uglybetty
community,0.0021338361623005,en,uglybetty
turkey,0.0021326682677237,en,uglybetty
eve,0.0021326682677237,en,uglybetty
spanish,0.002129451691863,en,uglybetty
whore,0.0021274426512211,en,uglybetty
purple,0.0021262901590491,en,uglybetty
bachelorette,0.0021222527893677,en,uglybetty
pasty,0.0021222527893677,en,uglybetty
space,0.0021175156983325,en,uglybetty
denise,0.0021165724943003,en,uglybetty
boot,0.0021057816227752,en,uglybetty
tie,0.0021021811090272,en,uglybetty
deep,0.0021016413193415,en,uglybetty
bus,0.00209940285003,en,uglybetty
reyes,0.0020945853263656,en,uglybetty
planetarium,0.0020945853263656,en,uglybetty
deadline,0.0020940323699038,en,uglybetty
princess,0.0020897090049788,en,uglybetty
newsstand,0.0020887108977936,en,uglybetty
human,0.0020854241006214,en,uglybetty
sniff,0.0020837338969299,en,uglybetty
accessory,0.0020831982624976,en,uglybetty
animal,0.002080056371342,en,uglybetty
ditch,0.00207661218582,en,uglybetty
casual,0.0020751323916772,en,uglybetty
profile,0.0020716288128786,en,uglybetty
adult,0.0020716288128786,en,uglybetty
unh,0.0020640171574304,en,uglybetty
crash,0.0020634220957772,en,uglybetty
drag,0.0020634220957772,en,uglybetty
charity,0.0020582994968221,en,uglybetty
cow,0.0020579882082069,en,uglybetty
met,0.0020565384513854,en,uglybetty
screwup,0.0020565384513854,en,uglybetty
chic,0.0020565384513854,en,uglybetty
necklace,0.0020565005073029,en,uglybetty
cheap,0.0020548051933264,en,uglybetty
quiet,0.0020523182487875,en,uglybetty
include,0.002050719852903,en,uglybetty
doubt,0.002050719852903,en,uglybetty
diaz,0.0020492733671603,en,uglybetty
vogue,0.0020463678965862,en,uglybetty
approve,0.0020414592745228,en,uglybetty
major,0.0020408786818177,en,uglybetty
horse,0.0020408786818177,en,uglybetty
passion,0.0020407245380354,en,uglybetty
click,0.0020407245380354,en,uglybetty
gorgeous,0.0020407245380354,en,uglybetty
broadway,0.0020388246753161,en,uglybetty
coat,0.0020381457092644,en,uglybetty
sabotage,0.0020381292172802,en,uglybetty
detail,0.0020343688151876,en,uglybetty
pleasure,0.0020343688151876,en,uglybetty
lena,0.0020276744590219,en,uglybetty
bill,0.0020245324750374,en,uglybetty
beautilitie,0.0020235521657532,en,uglybetty
blobbie,0.0020235521657532,en,uglybetty
lebeau,0.0020235521657532,en,uglybetty
shaloo,0.0020235521657532,en,uglybetty
dipaolo,0.0020235521657532,en,uglybetty
dejaste,0.0020235521657532,en,uglybetty
maggini,0.0020235521657532,en,uglybetty
dijiste,0.0020235521657532,en,uglybetty
queensborough,0.0020235521657532,en,uglybetty
babbo,0.0020235521657532,en,uglybetty
beaumart,0.0020235521657532,en,uglybetty
birth,0.0020216471889178,en,uglybetty
accept,0.00201815235544,en,uglybetty
gentleman,0.00201815235544,en,uglybetty
block,0.0020143735711939,en,uglybetty
humiliate,0.0020120709150593,en,uglybetty
starve,0.0020082883022876,en,uglybetty
spin,0.0020053065515699,en,uglybetty
neighborhood,0.0020053065515699,en,uglybetty
simple,0.002002068276432,en,uglybetty
private,0.002002068276432,en,uglybetty
horrible,0.0019999416500697,en,uglybetty
costume,0.0019947222320252,en,uglybetty
evidence,0.0019922696097159,en,uglybetty
large,0.0019922696097159,en,uglybetty
rip,0.0019922696097159,en,uglybetty
president,0.001991950781614,en,uglybetty
summer,0.0019838939399737,en,uglybetty
respect,0.0019823625244729,en,uglybetty
public,0.0019823625244729,en,uglybetty
rump,0.0019762431982029,en,uglybetty
boring,0.0019757742243523,en,uglybetty
outta,0.0019735777192373,en,uglybetty
milk,0.0019735777192373,en,uglybetty
natural,0.0019730870377438,en,uglybetty
carb,0.0019671415266845,en,uglybetty
strange,0.001966556521348,en,uglybetty
cross,0.001966556521348,en,uglybetty
supermodel,0.0019653887447074,en,uglybetty
island,0.0019598009035419,en,uglybetty
buddy,0.001952227743786,en,uglybetty
apply,0.001952227743786,en,uglybetty
forgive,0.0019449124135665,en,uglybetty
ahem,0.0019406394238292,en,uglybetty
doughnut,0.0019371788171901,en,uglybetty
soup,0.0019356709008121,en,uglybetty
cookie,0.0019356709008121,en,uglybetty
record,0.0019353326672176,en,uglybetty
onion,0.0019328056389734,en,uglybetty
blizzard,0.0019295313305462,en,uglybetty
freelancer,0.0019289310245833,en,uglybetty
illegal,0.0019279567701961,en,uglybetty
twist,0.0019251065649318,en,uglybetty
brown,0.0019251065649318,en,uglybetty
cup,0.0019211171236546,en,uglybetty
cruise,0.0019162580143422,en,uglybetty
event,0.0019140051960428,en,uglybetty
risk,0.0019140051960428,en,uglybetty
pizza,0.0019122727503495,en,uglybetty
screen,0.0019122727503495,en,uglybetty
funeral,0.0019122727503495,en,uglybetty
boarding,0.0019077256061433,en,uglybetty
appearance,0.001903561170335,en,uglybetty
proposal,0.001902032959261,en,uglybetty
corn,0.0019018874429563,en,uglybetty
reader,0.0018993615597295,en,uglybetty
yell,0.0018967432553782,en,uglybetty
view,0.0018951016331164,en,uglybetty
fabric,0.001894589767135,en,uglybetty
rude,0.0018936355370764,en,uglybetty
board,0.0018905429203353,en,uglybetty
breath,0.0018905429203353,en,uglybetty
mate,0.0018877699923139,en,uglybetty
brake,0.0018846291329134,en,uglybetty
empire,0.0018846291329134,en,uglybetty
scared,0.0018836088650774,en,uglybetty
golden,0.0018834181582471,en,uglybetty
rack,0.0018834181582471,en,uglybetty
promote,0.0018834181582471,en,uglybetty
episode,0.0018819254085132,en,uglybetty
manager,0.0018813652700902,en,uglybetty
lip,0.0018813652700902,en,uglybetty
couch,0.0018781425325609,en,uglybetty
sake,0.0018754512559391,en,uglybetty
level,0.0018685970580032,en,uglybetty
booze,0.0018673010747576,en,uglybetty
teacher,0.0018667925153924,en,uglybetty
wet,0.0018661358666933,en,uglybetty
naked,0.0018661358666933,en,uglybetty
distract,0.0018661358666933,en,uglybetty
innocent,0.0018648781260308,en,uglybetty
borrow,0.0018648781260308,en,uglybetty
rise,0.0018648781260308,en,uglybetty
subchapter,0.0018637754986123,en,uglybetty
boule,0.0018637754986123,en,uglybetty
glamazon,0.0018637754986123,en,uglybetty
officially,0.0018628068201473,en,uglybetty
roosevelt,0.0018619841989316,en,uglybetty
yyet,0.0018619841989316,en,uglybetty
obvious,0.0018604869488786,en,uglybetty
upstairs,0.0018604869488786,en,uglybetty
destroy,0.0018604869488786,en,uglybetty
beg,0.0018604869488786,en,uglybetty
gracia,0.0018588437853613,en,uglybetty
graphic,0.0018588437853613,en,uglybetty
sven,0.0018557413957139,en,uglybetty
dessert,0.0018524430087002,en,uglybetty
positive,0.0018517978241386,en,uglybetty
secretary,0.0018513793546692,en,uglybetty
brave,0.0018510522014491,en,uglybetty
skirt,0.0018508504565726,en,uglybetty
selling,0.0018482475541316,en,uglybetty
brunch,0.0018482475541316,en,uglybetty
paycheck,0.0018466038578727,en,uglybetty
presentation,0.0018466038578727,en,uglybetty
round,0.0018456478676127,en,uglybetty
fletcher,0.0018443460304442,en,uglybetty
image,0.001836938833309,en,uglybetty
center,0.001836938833309,en,uglybetty
shake,0.0018351802718881,en,uglybetty
trash,0.0018325947190849,en,uglybetty
suggest,0.0018309319336689,en,uglybetty
rehab,0.0018295577717907,en,uglybetty
wench,0.0018282908811308,en,uglybetty
skank,0.0018266314176356,en,uglybetty
weight,0.0018222131087658,en,uglybetty
buck,0.0018222131087658,en,uglybetty
recently,0.0018222131087658,en,uglybetty
expensive,0.0018213111117635,en,uglybetty
score,0.0018213111117635,en,uglybetty
group,0.0018205228121748,en,uglybetty
escape,0.0018205228121748,en,uglybetty
soy,0.0018188606130987,en,uglybetty
inside,0.001816337119896,en,uglybetty
eld,0.0018142049951146,en,uglybetty
softball,0.0018142049951146,en,uglybetty
grandparent,0.0018120052865375,en,uglybetty
lesson,0.0018076182812833,en,uglybetty
crack,0.0018076182812833,en,uglybetty
pair,0.0018076182812833,en,uglybetty
tap,0.0018066483921726,en,uglybetty
willing,0.0018059900983117,en,uglybetty
deport,0.0018055490678315,en,uglybetty
winter,0.0018047404024355,en,uglybetty
groan,0.0018047213004263,en,uglybetty
flavor,0.0018047213004263,en,uglybetty
insurance,0.0018029750505032,en,uglybetty
tongue,0.0018029750505032,en,uglybetty
product,0.0018019622653906,en,uglybetty
lover,0.00179648416158,en,uglybetty
stair,0.00179648416158,en,uglybetty
someday,0.00179648416158,en,uglybetty
scheme,0.0017962270294587,en,uglybetty
lesbian,0.0017939287359128,en,uglybetty
dude,0.0017921208147767,en,uglybetty
healthy,0.0017921208147767,en,uglybetty
self,0.0017915800248461,en,uglybetty
reservation,0.0017892472503347,en,uglybetty
social,0.0017883802055811,en,uglybetty
nut,0.0017883802055811,en,uglybetty
mol,0.001784873081123,en,uglybetty
jeter,0.001784873081123,en,uglybetty
hudson,0.0017779358168187,en,uglybetty
exact,0.0017777259111731,en,uglybetty
leftover,0.0017761779066891,en,uglybetty
sock,0.0017739360210197,en,uglybetty
medium,0.0017739250263887,en,uglybetty
gossip,0.0017708209199086,en,uglybetty
muffin,0.0017708209199086,en,uglybetty
quail,0.0017703637711937,en,uglybetty
talent,0.001767293706013,en,uglybetty
pasta,0.0017648846308221,en,uglybetty
common,0.0017645964152771,en,uglybetty
married,0.0017634612799766,en,uglybetty
punch,0.0017634612799766,en,uglybetty
blonde,0.0017597008189201,en,uglybetty
tone,0.0017577059940681,en,uglybetty
brandy,0.0017534440068279,en,uglybetty
lindsay,0.0017534440068279,en,uglybetty
mckinney,0.0017504121491814,en,uglybetty
natch,0.0017504121491814,en,uglybetty
masthead,0.0017504121491814,en,uglybetty
associate,0.0017454231487734,en,uglybetty
text,0.0017450244000386,en,uglybetty
quote,0.0017450244000386,en,uglybetty
scout,0.0017438659025267,en,uglybetty
temp,0.0017416078905959,en,uglybetty
warm,0.001735313550032,en,uglybetty
deliver,0.001735313550032,en,uglybetty
pump,0.0017289715773306,en,uglybetty
dungeon,0.0017265463486704,en,uglybetty
flat,0.0017245848309161,en,uglybetty
vasquez,0.0017234841547111,en,uglybetty
ear,0.0017226731008135,en,uglybetty
wax,0.0017219367263912,en,uglybetty
computer,0.0017214259624899,en,uglybetty
hall,0.0017214259624899,en,uglybetty
apology,0.001717449114161,en,uglybetty
duck,0.0017161545384672,en,uglybetty
boom,0.0017148257905991,en,uglybetty
hairspray,0.0017146053551852,en,uglybetty
snack,0.0017097619131645,en,uglybetty
cleaning,0.0017097619131645,en,uglybetty
manage,0.0017089332107525,en,uglybetty
dove,0.0017073038192427,en,uglybetty
wicked,0.001706134614179,en,uglybetty
citizenship,0.0017046197863606,en,uglybetty
loud,0.0017036539982075,en,uglybetty
south,0.0017036539982075,en,uglybetty
sand,0.0017019541209769,en,uglybetty
wallet,0.0017019541209769,en,uglybetty
height,0.0017019541209769,en,uglybetty
massage,0.0017018189635493,en,uglybetty
famous,0.0017008236183954,en,uglybetty
double,0.0016953073459897,en,uglybetty
earring,0.0016919262191496,en,uglybetty
knockoff,0.0016880233330284,en,uglybetty
mannequin,0.0016880233330284,en,uglybetty
complimentary,0.0016880233330284,en,uglybetty
disgusting,0.0016869621739215,en,uglybetty
mall,0.0016868322022766,en,uglybetty
guadalajara,0.001686293471461,en,uglybetty
beeyotch,0.001686293471461,en,uglybetty
quinceaera,0.001686293471461,en,uglybetty
siriano,0.001686293471461,en,uglybetty
reinvention,0.001686293471461,en,uglybetty
sugarstick,0.001686293471461,en,uglybetty
scamorza,0.001686293471461,en,uglybetty
senior,0.0016858159227249,en,uglybetty
force,0.0016817936295333,en,uglybetty
beginning,0.0016804825958536,en,uglybetty
wrap,0.0016764360600645,en,uglybetty
snowflake,0.0016743010062978,en,uglybetty
pancake,0.0016720439469962,en,uglybetty
stone,0.0016695351857832,en,uglybetty
stress,0.0016695351857832,en,uglybetty
vote,0.0016695351857832,en,uglybetty
gain,0.0016695351857832,en,uglybetty
tall,0.0016695351857832,en,uglybetty
understudy,0.0016693352840495,en,uglybetty
brain,0.00166839023036,en,uglybetty
wall,0.00166839023036,en,uglybetty
troy,0.0016632368853114,en,uglybetty
market,0.0016630088187807,en,uglybetty
practice,0.0016630088187807,en,uglybetty
sweaty,0.0016601446124143,en,uglybetty
ding,0.0016601059133418,en,uglybetty
spill,0.0016596503484559,en,uglybetty
tvsubtitle,0.0016577660462432,en,uglybetty
theme,0.0016574490077843,en,uglybetty
trick,0.001653766176781,en,uglybetty
classy,0.0016533621919908,en,uglybetty
menu,0.0016520834866043,en,uglybetty
crime,0.0016496998807195,en,uglybetty
desperate,0.0016496998807195,en,uglybetty
plastic,0.0016466395974577,en,uglybetty
stella,0.0016454617930177,en,uglybetty
modeling,0.0016420795124708,en,uglybetty
dark,0.0016405758823224,en,uglybetty
homework,0.0016331674196182,en,uglybetty
sauce,0.0016305033738241,en,uglybetty
slap,0.0016303468115439,en,uglybetty
burger,0.0016288193121909,en,uglybetty
impossible,0.0016274950521501,en,uglybetty
prepare,0.0016234287020549,en,uglybetty
dior,0.0016208974686765,en,uglybetty
unbelievable,0.001619670676268,en,uglybetty
technically,0.001619670676268,en,uglybetty
hottie,0.0016192059659022,en,uglybetty
armani,0.0016179644341642,en,uglybetty
buzz,0.001616856414928,en,uglybetty
slice,0.001616856414928,en,uglybetty
spoon,0.001616009065962,en,uglybetty
state,0.001614521884352,en,uglybetty
dig,0.001614521884352,en,uglybetty
nanny,0.0016143156809918,en,uglybetty
saint,0.0016105994672924,en,uglybetty
twice,0.001610462487693,en,uglybetty
warn,0.001610462487693,en,uglybetty
treatment,0.00160663064183,en,uglybetty
fantasy,0.00160663064183,en,uglybetty
surgery,0.00160663064183,en,uglybetty
sudden,0.00160663064183,en,uglybetty
defense,0.0016065975725506,en,uglybetty
trendy,0.0016055094880502,en,uglybetty
citizen,0.0016035103033946,en,uglybetty
wee,0.0016026269636979,en,uglybetty
trend,0.0016019336734626,en,uglybetty
road,0.0016016546211456,en,uglybetty
reception,0.00160090543451,en,uglybetty
whoop,0.0015943293033557,en,uglybetty
eyebrow,0.0015943293033557,en,uglybetty
thin,0.0015936472227931,en,uglybetty
chat,0.0015935606252912,en,uglybetty
walnut,0.0015916895920258,en,uglybetty
evening,0.0015907040875293,en,uglybetty
guest,0.0015907040875293,en,uglybetty
winner,0.0015903054232045,en,uglybetty
build,0.0015888915474484,en,uglybetty
bold,0.0015876067786133,en,uglybetty
tent,0.0015876067786133,en,uglybetty
grunt,0.0015876067786133,en,uglybetty
pep,0.0015863637712941,en,uglybetty
wha,0.0015849062024636,en,uglybetty
memory,0.0015848592527485,en,uglybetty
roommate,0.0015837307370281,en,uglybetty
inspiration,0.001579131137873,en,uglybetty
curtain,0.0015736884207023,en,uglybetty
whitman,0.0015736566855055,en,uglybetty
woof,0.0015736566855055,en,uglybetty
law,0.0015722185538923,en,uglybetty
tease,0.0015705242774278,en,uglybetty
football,0.0015705219600347,en,uglybetty
silk,0.0015704045816658,en,uglybetty
usual,0.0015681057129296,en,uglybetty
marriage,0.0015681057129296,en,uglybetty
beach,0.0015678043917419,en,uglybetty
fightin,0.0015665331733452,en,uglybetty
threaten,0.0015653546933482,en,uglybetty
custody,0.0015643076175848,en,uglybetty
spit,0.0015643076175848,en,uglybetty
column,0.0015641801080125,en,uglybetty
cafeteria,0.0015641801080125,en,uglybetty
insanity,0.0015641801080125,en,uglybetty
empower,0.0015639017765729,en,uglybetty
cutie,0.0015639017765729,en,uglybetty
fairy,0.0015599520073264,en,uglybetty
firework,0.001559023382656,en,uglybetty
flip,0.0015551132222444,en,uglybetty
jaeger,0.0015531462488436,en,uglybetty
mole,0.00154946830492,en,uglybetty
potato,0.0015470879348034,en,uglybetty
cocktail,0.0015463928429448,en,uglybetty
pro,0.0015445390846205,en,uglybetty
nap,0.0015445390846205,en,uglybetty
attorney,0.0015445390846205,en,uglybetty
available,0.0015430286199796,en,uglybetty
discount,0.0015423753804772,en,uglybetty
shock,0.0015404423795325,en,uglybetty
ship,0.0015404423795325,en,uglybetty
appear,0.0015404423795325,en,uglybetty
sausage,0.0015393541857972,en,uglybetty
nerd,0.0015393541857972,en,uglybetty
publicity,0.0015393541857972,en,uglybetty
handsome,0.0015388404166434,en,uglybetty
christy,0.0015370780430467,en,uglybetty
beard,0.0015349881934193,en,uglybetty
noon,0.0015340293420701,en,uglybetty
daily,0.0015340293420701,en,uglybetty
bang,0.0015300929262386,en,uglybetty
museum,0.0015285969129601,en,uglybetty
smoke,0.0015281454678022,en,uglybetty
flawless,0.0015277722881651,en,uglybetty
wedge,0.0015261804849146,en,uglybetty
lake,0.0015211217191094,en,uglybetty
underwear,0.0015197883672573,en,uglybetty
mix,0.001518399356278,en,uglybetty
race,0.001518399356278,en,uglybetty
legal,0.0015177592598029,en,uglybetty
sharp,0.0015177592598029,en,uglybetty
wash,0.0015177592598029,en,uglybetty
boat,0.0015177592598029,en,uglybetty
responsible,0.0015159523287159,en,uglybetty
lift,0.0015159523287159,en,uglybetty
difference,0.0015159523287159,en,uglybetty
naomi,0.0015152175878761,en,uglybetty
chanel,0.0015152175878761,en,uglybetty
prescription,0.0015150084993393,en,uglybetty
jazz,0.0015102584182417,en,uglybetty
jason,0.0015102584182417,en,uglybetty
monkey,0.0015083616150696,en,uglybetty
qualified,0.0015067345265976,en,uglybetty
male,0.0015062477171787,en,uglybetty
load,0.0015062477171787,en,uglybetty
claim,0.0015062477171787,en,uglybetty
chip,0.0015055403268105,en,uglybetty
government,0.0015055403268105,en,uglybetty
term,0.0015038612254622,en,uglybetty
receipt,0.0015016049678376,en,uglybetty
hater,0.0014969131967803,en,uglybetty
vera,0.0014969131967803,en,uglybetty
bury,0.0014942022072869,en,uglybetty
excellent,0.0014942022072869,en,uglybetty
dot,0.0014938408598061,en,uglybetty
slutty,0.0014927995567917,en,uglybetty
bridesmaid,0.0014927995567917,en,uglybetty
spirit,0.0014894141721548,en,uglybetty
nope,0.0014894141721548,en,uglybetty
fantastic,0.0014894141721548,en,uglybetty
cojone,0.0014882675611536,en,uglybetty
resource,0.0014832707400328,en,uglybetty
bone,0.0014822609888327,en,uglybetty
climb,0.0014819756377119,en,uglybetty
silver,0.0014819756377119,en,uglybetty
opening,0.0014819756377119,en,uglybetty
bell,0.0014814382593109,en,uglybetty
bank,0.0014814382593109,en,uglybetty
aside,0.0014814382593109,en,uglybetty
blackmail,0.0014811034837354,en,uglybetty
reality,0.0014773575611322,en,uglybetty
barrymore,0.0014772721326095,en,uglybetty
sperm,0.0014767553891522,en,uglybetty
blueberry,0.0014767553891522,en,uglybetty
bridal,0.0014754167688712,en,uglybetty
flaunt,0.0014754167688712,en,uglybetty
voil,0.0014742979695931,en,uglybetty
supplement,0.0014742979695931,en,uglybetty
pressure,0.0014704222713719,en,uglybetty
scream,0.0014704222713719,en,uglybetty
arrive,0.0014704222713719,en,uglybetty
soda,0.0014685186547593,en,uglybetty
alcoholic,0.0014663360565963,en,uglybetty
international,0.0014624550068685,en,uglybetty
marathon,0.0014605201170696,en,uglybetty
graduate,0.0014587313576971,en,uglybetty
cough,0.0014587313576971,en,uglybetty
claudio,0.0014586767909845,en,uglybetty
quiero,0.0014586767909845,en,uglybetty
mijo,0.0014586767909845,en,uglybetty
fergie,0.0014586767909845,en,uglybetty
plate,0.0014577704870126,en,uglybetty
sun,0.0014577704870126,en,uglybetty
megan,0.0014563033395115,en,uglybetty
medication,0.0014560827621679,en,uglybetty
phase,0.0014560827621679,en,uglybetty
font,0.0014546747592153,en,uglybetty
row,0.0014535882799267,en,uglybetty
fitting,0.0014524529574402,en,uglybetty
vest,0.0014497432902607,en,uglybetty
intern,0.00144960422923,en,uglybetty
loyalty,0.0014466610028303,en,uglybetty
shove,0.0014466610028303,en,uglybetty
bowl,0.001445967577647,en,uglybetty
shine,0.001445967577647,en,uglybetty
tempt,0.0014437923219484,en,uglybetty
jimmy,0.001439550355112,en,uglybetty
sponsor,0.001439550355112,en,uglybetty
submit,0.0014387919974257,en,uglybetty
spencer,0.001438788623892,en,uglybetty
caterpillar,0.0014381906081459,en,uglybetty
cherry,0.0014371935107567,en,uglybetty
complete,0.0014355038970321,en,uglybetty
math,0.0014347197451425,en,uglybetty
invitation,0.0014347197451425,en,uglybetty
embarrass,0.0014347197451425,en,uglybetty
bronx,0.0014344913570122,en,uglybetty
gerber,0.0014308588148996,en,uglybetty
playwright,0.0014308588148996,en,uglybetty
teri,0.0014308588148996,en,uglybetty
american,0.00143026331047,en,uglybetty
insane,0.00143026331047,en,uglybetty
meat,0.00143026331047,en,uglybetty
tribute,0.0014291047674347,en,uglybetty
lily,0.0014291047674347,en,uglybetty
lick,0.0014266904520961,en,uglybetty
lousy,0.0014266904520961,en,uglybetty
ban,0.0014253461796036,en,uglybetty
goin,0.0014248015943037,en,uglybetty
gray,0.0014248015943037,en,uglybetty
calendar,0.0014248015943037,en,uglybetty
concern,0.0014240581706313,en,uglybetty
depend,0.0014230497212256,en,uglybetty
classic,0.0014229048523409,en,uglybetty
immigrant,0.0014217288877936,en,uglybetty
condom,0.0014209423253513,en,uglybetty
dramatic,0.001419634461242,en,uglybetty
floppy,0.0014148351929118,en,uglybetty
ornament,0.0014148351929118,en,uglybetty
parade,0.0014140079327167,en,uglybetty
rebound,0.0014138949592624,en,uglybetty
create,0.001412706648808,en,uglybetty
perspective,0.0014125636186853,en,uglybetty
writing,0.0014125636186853,en,uglybetty
peace,0.0014116771322216,en,uglybetty
midnight,0.0014112136779671,en,uglybetty
paint,0.0014073663463453,en,uglybetty
specific,0.0014073663463453,en,uglybetty
robbie,0.0014048208020439,en,uglybetty
cooking,0.0014014979699818,en,uglybetty
bride,0.0014004758060682,en,uglybetty
toilet,0.001399643657839,en,uglybetty
ton,0.001399643657839,en,uglybetty
confused,0.00139960190002,en,uglybetty
client,0.00139960190002,en,uglybetty
tighten,0.0013989987778384,en,uglybetty
publicist,0.0013964881491987,en,uglybetty
cheer,0.0013960735133148,en,uglybetty
bodyguard,0.0013932863124767,en,uglybetty
pierre,0.0013924739318624,en,uglybetty
demographic,0.0013924739318624,en,uglybetty
feed,0.0013902801040173,en,uglybetty
styling,0.001389340687437,en,uglybetty
valentino,0.001389340687437,en,uglybetty
laurent,0.001389340687437,en,uglybetty
contact,0.0013892231525475,en,uglybetty
witness,0.0013892231525475,en,uglybetty
neck,0.0013892231525475,en,uglybetty
machine,0.0013892231525475,en,uglybetty
taxi,0.0013891559312866,en,uglybetty
depressed,0.0013891559312866,en,uglybetty
shutter,0.0013888838983319,en,uglybetty
karaoke,0.0013888838983319,en,uglybetty
frame,0.0013881923066755,en,uglybetty
alexi,0.0013854005866741,en,uglybetty
blobby,0.0013854005866741,en,uglybetty
staten,0.0013854005866741,en,uglybetty
field,0.001384881962662,en,uglybetty
fierce,0.0013844035500549,en,uglybetty
mexican,0.0013798139246722,en,uglybetty
icon,0.0013782994334528,en,uglybetty
code,0.0013781384806508,en,uglybetty
loser,0.0013770836336148,en,uglybetty
sensitive,0.0013768572148915,en,uglybetty
dial,0.0013768572148915,en,uglybetty
grill,0.0013767362388369,en,uglybetty
earn,0.0013737898937753,en,uglybetty
shape,0.0013737898937753,en,uglybetty
crappy,0.0013735853754684,en,uglybetty
dish,0.0013729236307738,en,uglybetty
amnesty,0.0013710256342569,en,uglybetty
sheila,0.0013710256342569,en,uglybetty
survive,0.001367146568602,en,uglybetty
supportive,0.0013665679743049,en,uglybetty
dentist,0.0013665679743049,en,uglybetty
tend,0.0013656360455555,en,uglybetty
neighbor,0.0013656360455555,en,uglybetty
dirt,0.0013656360455555,en,uglybetty
leather,0.0013649580064106,en,uglybetty
painting,0.0013649580064106,en,uglybetty
therapy,0.0013615632967815,en,uglybetty
global,0.0013611210404374,en,uglybetty
thingy,0.0013576035621708,en,uglybetty
deli,0.0013576035621708,en,uglybetty
snore,0.0013560689692828,en,uglybetty
energy,0.0013549862941295,en,uglybetty
angle,0.0013545265314975,en,uglybetty
loyal,0.0013535553018266,en,uglybetty
carrot,0.0013535409753197,en,uglybetty
dip,0.0013530937375767,en,uglybetty
permit,0.0013530937375767,en,uglybetty
piss,0.0013518972351643,en,uglybetty
gumbo,0.0013517829726813,en,uglybetty
reindeer,0.0013504186664227,en,uglybetty
flying,0.0013504186664227,en,uglybetty
donna,0.0013504186664227,en,uglybetty
comment,0.0013503244660165,en,uglybetty
pullout,0.0013490347771688,en,uglybetty
dsquare,0.0013490347771688,en,uglybetty
phillippe,0.0013490347771688,en,uglybetty
pennette,0.0013490347771688,en,uglybetty
rego,0.0013490347771688,en,uglybetty
sepia,0.0013490347771688,en,uglybetty
mizrahi,0.0013490347771688,en,uglybetty
organza,0.0013490347771688,en,uglybetty
vivir,0.0013490347771688,en,uglybetty
mcpheever,0.0013490347771688,en,uglybetty
pemberly,0.0013490347771688,en,uglybetty
debitz,0.0013490347771688,en,uglybetty
pradip,0.0013490347771688,en,uglybetty
puedo,0.0013490347771688,en,uglybetty
courgette,0.0013490347771688,en,uglybetty
nazel,0.0013490347771688,en,uglybetty
dudecruise,0.0013490347771688,en,uglybetty
rowen,0.0013490347771688,en,uglybetty
assure,0.0013440906110825,en,uglybetty
skiing,0.0013435196011125,en,uglybetty
makeover,0.0013435196011125,en,uglybetty
brad,0.0013423078064796,en,uglybetty
lobby,0.0013413806100395,en,uglybetty
annoying,0.0013413806100395,en,uglybetty
naughty,0.0013407258068679,en,uglybetty
stuck,0.001339204566909,en,uglybetty
tattoo,0.001339204566909,en,uglybetty
collar,0.0013367253297469,en,uglybetty
naive,0.0013367253297469,en,uglybetty
evil,0.0013332944333798,en,uglybetty
rain,0.0013332944333798,en,uglybetty
speech,0.0013332944333798,en,uglybetty
madonna,0.0013305895082491,en,uglybetty
wind,0.0013303820550508,en,uglybetty
bueno,0.0013258153893916,en,uglybetty
kwanzaa,0.0013255295683671,en,uglybetty
beyonc,0.0013255295683671,en,uglybetty
witherspoon,0.0013255295683671,en,uglybetty
frankel,0.0013255295683671,en,uglybetty
ally,0.0013247839912321,en,uglybetty
tradition,0.0013247839912321,en,uglybetty
seduce,0.0013247839912321,en,uglybetty
freeze,0.0013225959599825,en,uglybetty
driver,0.0013225959599825,en,uglybetty
bedroom,0.0013218462389078,en,uglybetty
miracle,0.0013218462389078,en,uglybetty
transfer,0.0013218462389078,en,uglybetty
brand,0.0013218462389078,en,uglybetty
attractive,0.00131977561419,en,uglybetty
financial,0.00131977561419,en,uglybetty
bailout,0.0013174954654686,en,uglybetty
cashew,0.0013174954654686,en,uglybetty
engage,0.0013173116779662,en,uglybetty
timing,0.0013173116779662,en,uglybetty
sexual,0.0013173116779662,en,uglybetty
daisy,0.0013155477396694,en,uglybetty
dressing,0.0013155477396694,en,uglybetty
bun,0.0013133106301867,en,uglybetty
orphan,0.0013130073660941,en,uglybetty
romance,0.0013130073660941,en,uglybetty
chef,0.0013130073660941,en,uglybetty
adorable,0.0013130073660941,en,uglybetty
connection,0.0013119934383114,en,uglybetty
lonely,0.0013111619760264,en,uglybetty
web,0.0013071107523303,en,uglybetty
kidnap,0.0013065339356946,en,uglybetty
recover,0.0013065339356946,en,uglybetty
yorker,0.0013022341160094,en,uglybetty
sundae,0.0013022341160094,en,uglybetty
trade,0.001301485162524,en,uglybetty
approval,0.0013013909721259,en,uglybetty
glamorous,0.0012991861522134,en,uglybetty
pet,0.0012958656140155,en,uglybetty
log,0.0012958656140155,en,uglybetty
generic,0.0012930442304136,en,uglybetty
yawn,0.0012930442304136,en,uglybetty
sewing,0.0012930442304136,en,uglybetty
toot,0.0012930442304136,en,uglybetty
resign,0.0012914525447934,en,uglybetty
bastard,0.0012910694718674,en,uglybetty
bright,0.0012910694718674,en,uglybetty
bachelor,0.0012897435965229,en,uglybetty
taxis,0.0012897435965229,en,uglybetty
lord,0.0012853590538749,en,uglybetty
feminine,0.0012853590538749,en,uglybetty
impression,0.001285304513464,en,uglybetty
pin,0.001285304513464,en,uglybetty
cancer,0.001285304513464,en,uglybetty
challenge,0.0012797092777889,en,uglybetty
hormone,0.0012796009606342,en,uglybetty
category,0.0012796009606342,en,uglybetty
homecoming,0.0012795559990142,en,uglybetty
babble,0.0012795559990142,en,uglybetty
theater,0.0012786218418206,en,uglybetty
contest,0.0012786218418206,en,uglybetty
crisis,0.0012764655907326,en,uglybetty
hector,0.0012752320049657,en,uglybetty
paternity,0.0012752320049657,en,uglybetty
riker,0.0012749093436593,en,uglybetty
womb,0.0012718170707622,en,uglybetty
member,0.0012705094189995,en,uglybetty
sight,0.0012705094189995,en,uglybetty
pool,0.0012694189104668,en,uglybetty
vintage,0.0012648294309495,en,uglybetty
audition,0.0012648294309495,en,uglybetty
drape,0.00126459098144,en,uglybetty
sparkle,0.00126459098144,en,uglybetty
exit,0.0012644955035854,en,uglybetty
match,0.0012603619468902,en,uglybetty
difficult,0.0012603619468902,en,uglybetty
destine,0.0012585486818681,en,uglybetty
plus,0.0012585486818681,en,uglybetty
sal,0.0012584167821277,en,uglybetty
sweatshop,0.0012567511958193,en,uglybetty
zachary,0.0012567511958193,en,uglybetty
polka,0.0012567511958193,en,uglybetty
scotch,0.0012564441848926,en,uglybetty
chapter,0.0012564441848926,en,uglybetty
fund,0.0012555042814772,en,uglybetty
confidence,0.0012555042814772,en,uglybetty
artist,0.0012555042814772,en,uglybetty
nasty,0.0012542435133935,en,uglybetty
gold,0.0012542435133935,en,uglybetty
muscle,0.0012542435133935,en,uglybetty
drawer,0.0012526884745607,en,uglybetty
revolution,0.0012526873097795,en,uglybetty
refuse,0.0012491184066501,en,uglybetty
roof,0.0012491184066501,en,uglybetty
tea,0.0012491184066501,en,uglybetty
peek,0.0012455677093224,en,uglybetty
inappropriate,0.0012455677093224,en,uglybetty
mommy,0.0012451885393827,en,uglybetty
tank,0.0012451885393827,en,uglybetty
solution,0.0012440905777955,en,uglybetty
perform,0.0012440905777955,en,uglybetty
himbo,0.0012425169990749,en,uglybetty
marriedin,0.0012425169990749,en,uglybetty
buuelo,0.0012425169990749,en,uglybetty
terrine,0.0012425169990749,en,uglybetty
ephron,0.0012425169990749,en,uglybetty
pappa,0.0012425169990749,en,uglybetty
benjie,0.0012425169990749,en,uglybetty
swimwear,0.0012425169990749,en,uglybetty
stupido,0.0012425169990749,en,uglybetty
tweedledee,0.0012425169990749,en,uglybetty
ringle,0.0012425169990749,en,uglybetty
schouler,0.0012425169990749,en,uglybetty
butter,0.0012421801535867,en,uglybetty
randy,0.0012413227992877,en,uglybetty
gus,0.0012413227992877,en,uglybetty
britney,0.0012413227992877,en,uglybetty
ambition,0.001240745894043,en,uglybetty
perfectly,0.0012391049139607,en,uglybetty
liar,0.0012391049139607,en,uglybetty
entourage,0.0012379807937978,en,uglybetty
coconut,0.0012357517681599,en,uglybetty
allergic,0.0012348280483965,en,uglybetty
talented,0.0012339003043817,en,uglybetty
waiter,0.0012327899720753,en,uglybetty
bikini,0.0012327899720753,en,uglybetty
modern,0.001231790573244,en,uglybetty
photograph,0.001231790573244,en,uglybetty
detective,0.001231790573244,en,uglybetty
waddle,0.0012310601105079,en,uglybetty
system,0.0012304319117418,en,uglybetty
seclusion,0.0012295640202961,en,uglybetty
caw,0.0012295640202961,en,uglybetty
bushy,0.0012295640202961,en,uglybetty
icicle,0.0012295640202961,en,uglybetty
matchbook,0.0012295640202961,en,uglybetty
confirm,0.0012291804312727,en,uglybetty
pathetic,0.0012248755647136,en,uglybetty
uniform,0.0012248755647136,en,uglybetty
prince,0.0012228775303681,en,uglybetty
spell,0.001221517080027,en,uglybetty
actress,0.0012202798240724,en,uglybetty
wardrobe,0.0012202798240724,en,uglybetty
sparkly,0.0012184146903796,en,uglybetty
takeover,0.0012184146903796,en,uglybetty
vibe,0.0012174393824371,en,uglybetty
accord,0.001210891413264,en,uglybetty
pocket,0.0012095922630418,en,uglybetty
rewrite,0.0012082544093064,en,uglybetty
tacky,0.0012082544093064,en,uglybetty
pigeon,0.0012080035243583,en,uglybetty
glue,0.0012060621519723,en,uglybetty
layer,0.0012060621519723,en,uglybetty
jerry,0.0012060621519723,en,uglybetty
benefit,0.0012044322614484,en,uglybetty
relate,0.0012044322614484,en,uglybetty
grady,0.0012041321160376,en,uglybetty
blanche,0.0012041321160376,en,uglybetty
havea,0.0012041321160376,en,uglybetty
puppy,0.001203396580535,en,uglybetty
fashioned,0.0012012839742701,en,uglybetty
war,0.0012012409658592,en,uglybetty
cop,0.0011999255623884,en,uglybetty
cleavage,0.0011996474299748,en,uglybetty
botox,0.0011996474299748,en,uglybetty
postpone,0.0011959524906085,en,uglybetty
basically,0.0011951704689684,en,uglybetty
omelet,0.0011949710048751,en,uglybetty
sammy,0.0011949710048751,en,uglybetty
thumb,0.0011931714069919,en,uglybetty
klaus,0.0011923823457496,en,uglybetty
accessorize,0.0011923823457496,en,uglybetty
licious,0.0011923823457496,en,uglybetty
executive,0.0011907050839599,en,uglybetty
bump,0.0011854645346113,en,uglybetty
pig,0.0011854645346113,en,uglybetty
tape,0.0011851506074487,en,uglybetty
juicy,0.0011841186044594,en,uglybetty
reschedule,0.0011841186044594,en,uglybetty
mum,0.0011838314993939,en,uglybetty
passionate,0.0011838314993939,en,uglybetty
reduce,0.0011830672442614,en,uglybetty
lap,0.0011830672442614,en,uglybetty
warming,0.001181979567168,en,uglybetty
insect,0.001181979567168,en,uglybetty
pageant,0.0011816163331198,en,uglybetty
nugget,0.0011816163331198,en,uglybetty
saver,0.0011816163331198,en,uglybetty
crown,0.0011802663155267,en,uglybetty
entertain,0.0011802663155267,en,uglybetty
redesign,0.0011802425141291,en,uglybetty
showcase,0.0011802425141291,en,uglybetty
bryant,0.0011802425141291,en,uglybetty
antonio,0.0011802425141291,en,uglybetty
singe,0.001173081261583,en,uglybetty
stunning,0.0011724941786572,en,uglybetty
limo,0.0011724941786572,en,uglybetty
hug,0.0011718039960454,en,uglybetty
skywriter,0.0011669414327876,en,uglybetty
tthink,0.0011669414327876,en,uglybetty
pucci,0.0011669414327876,en,uglybetty
chenille,0.0011669414327876,en,uglybetty
roadrunner,0.0011669414327876,en,uglybetty
petra,0.0011669414327876,en,uglybetty
longhorn,0.0011669414327876,en,uglybetty
effort,0.0011663349166833,en,uglybetty
example,0.0011662163896101,en,uglybetty
wave,0.0011662163896101,en,uglybetty
living,0.0011662163896101,en,uglybetty
discover,0.0011662163896101,en,uglybetty
impeccable,0.0011650426716092,en,uglybetty
appetizer,0.0011650426716092,en,uglybetty
competition,0.0011632107263778,en,uglybetty
topic,0.0011622645484733,en,uglybetty
district,0.0011622645484733,en,uglybetty
selfish,0.0011621759700905,en,uglybetty
cast,0.0011621759700905,en,uglybetty
choke,0.0011621759700905,en,uglybetty
dragon,0.0011610719270639,en,uglybetty
thug,0.0011610719270639,en,uglybetty
accent,0.0011597946322086,en,uglybetty
traffic,0.0011569076259057,en,uglybetty
pardon,0.0011569076259057,en,uglybetty
science,0.0011569076259057,en,uglybetty
recognize,0.0011568757000213,en,uglybetty
connect,0.0011568757000213,en,uglybetty
yummy,0.0011568231484874,en,uglybetty
update,0.0011534529997591,en,uglybetty
sue,0.0011534529997591,en,uglybetty
fatty,0.0011510308991136,en,uglybetty
illegally,0.0011510308991136,en,uglybetty
ouch,0.0011498449372268,en,uglybetty
vitamin,0.0011498449372268,en,uglybetty
announcement,0.0011497548086053,en,uglybetty
mysterious,0.0011497548086053,en,uglybetty
original,0.0011476173083266,en,uglybetty
stomach,0.001147569694679,en,uglybetty
dozen,0.001147569694679,en,uglybetty
guarantee,0.001147569694679,en,uglybetty
whimper,0.0011475463757887,en,uglybetty
algebra,0.0011475463757887,en,uglybetty
brazilian,0.0011475463757887,en,uglybetty
raisin,0.0011475463757887,en,uglybetty
achievement,0.0011446353636859,en,uglybetty
brownie,0.0011446353636859,en,uglybetty
pregnancy,0.0011413228154224,en,uglybetty
hooker,0.0011413228154224,en,uglybetty
decorate,0.0011413228154224,en,uglybetty
custom,0.001139841275443,en,uglybetty
network,0.001139841275443,en,uglybetty
oscar,0.0011388066452541,en,uglybetty
curl,0.0011388066452541,en,uglybetty
nancy,0.0011388066452541,en,uglybetty
trap,0.0011384397769805,en,uglybetty
concerned,0.0011384397769805,en,uglybetty
direction,0.0011384397769805,en,uglybetty
quickly,0.0011384397769805,en,uglybetty
magic,0.0011383194448522,en,uglybetty
holly,0.0011373831102348,en,uglybetty
phoenix,0.0011373831102348,en,uglybetty
nominee,0.001136413190907,en,uglybetty
insensitive,0.0011326938136813,en,uglybetty
shampoo,0.0011326938136813,en,uglybetty
zoom,0.0011326938136813,en,uglybetty
crayon,0.0011314137016119,en,uglybetty
zach,0.0011314137016119,en,uglybetty
christmas,0.0011314137016119,en,uglybetty
manipulate,0.0011300508949482,en,uglybetty
clothing,0.0011300508949482,en,uglybetty
continue,0.0011293417057773,en,uglybetty
quarter,0.0011291552451079,en,uglybetty
truly,0.0011291552451079,en,uglybetty
darfur,0.0011264858105677,en,uglybetty
transsexual,0.0011264858105677,en,uglybetty
heller,0.0011264858105677,en,uglybetty
bulky,0.0011264858105677,en,uglybetty
ted,0.0011240808723911,en,uglybetty
salvage,0.0011209887456246,en,uglybetty
concert,0.0011209710695041,en,uglybetty
gag,0.0011209710695041,en,uglybetty
journey,0.0011203806448546,en,uglybetty
palm,0.0011203806448546,en,uglybetty
bean,0.0011203806448546,en,uglybetty
possibly,0.0011203217305691,en,uglybetty
standard,0.0011200755092354,en,uglybetty
envious,0.0011162006708652,en,uglybetty
pore,0.001115828004345,en,uglybetty
emotional,0.0011155004500037,en,uglybetty
announce,0.0011155004500037,en,uglybetty
female,0.0011154924377038,en,uglybetty
devil,0.0011154924377038,en,uglybetty
strike,0.001111378522038,en,uglybetty
basket,0.0011110062328488,en,uglybetty
scandal,0.0011095109748677,en,uglybetty
skywrite,0.0011083204693392,en,uglybetty
sayingthat,0.0011083204693392,en,uglybetty
babel,0.0011083204693392,en,uglybetty
usea,0.0011083204693392,en,uglybetty
bestie,0.0011083204693392,en,uglybetty
jellybean,0.0011083204693392,en,uglybetty
relaunch,0.0011083204693392,en,uglybetty
taye,0.0011083204693392,en,uglybetty
taquito,0.0011083204693392,en,uglybetty
nsync,0.0011083204693392,en,uglybetty
yolanda,0.0011083204693392,en,uglybetty
schlub,0.0011083204693392,en,uglybetty
strip,0.0011064335656372,en,uglybetty
betray,0.0011064335656372,en,uglybetty
slam,0.001106270178635,en,uglybetty
apple,0.001106270178635,en,uglybetty
action,0.0011025107845207,en,uglybetty
wild,0.0011021632999854,en,uglybetty
king,0.0011021632999854,en,uglybetty
speed,0.0011021632999854,en,uglybetty
heat,0.0011021632999854,en,uglybetty
patient,0.0011021632999854,en,uglybetty
doll,0.0011013889910695,en,uglybetty
cent,0.0011011769764142,en,uglybetty
orchid,0.0011007534066734,en,uglybetty
weave,0.0010984460161421,en,uglybetty
texte,0.0010982518416651,en,uglybetty
decent,0.0010974630742193,en,uglybetty
chandelier,0.0010969745286784,en,uglybetty
paintball,0.0010969745286784,en,uglybetty
mucho,0.0010969745286784,en,uglybetty
bald,0.0010964201381566,en,uglybetty
papa,0.0010964201381566,en,uglybetty
fail,0.0010937172548816,en,uglybetty
subject,0.0010933278652595,en,uglybetty
wreck,0.0010920620716259,en,uglybetty
compliment,0.0010881037106136,en,uglybetty
popular,0.0010881037106136,en,uglybetty
passport,0.0010862375634545,en,uglybetty
cameron,0.0010861574493768,en,uglybetty
olivia,0.0010861574493768,en,uglybetty
sprinkler,0.0010861574493768,en,uglybetty
nate,0.0010861574493768,en,uglybetty
indistinct,0.0010861574493768,en,uglybetty
notorious,0.0010861574493768,en,uglybetty
heir,0.0010860828497366,en,uglybetty
ballet,0.0010860828497366,en,uglybetty
eventually,0.00108457096877,en,uglybetty
commit,0.00108457096877,en,uglybetty
bored,0.0010828442414613,en,uglybetty
chart,0.0010828442414613,en,uglybetty
buyer,0.0010819107892328,en,uglybetty
cap,0.0010791634007983,en,uglybetty
lifetime,0.0010791634007983,en,uglybetty
flak,0.0010786429561094,en,uglybetty
journalism,0.0010786429561094,en,uglybetty
luncheon,0.0010786429561094,en,uglybetty
author,0.0010763572415477,en,uglybetty
nun,0.0010763572415477,en,uglybetty
regular,0.0010758912265562,en,uglybetty
enemy,0.0010758912265562,en,uglybetty
prefer,0.0010758912265562,en,uglybetty
ignore,0.0010758912265562,en,uglybetty
shoulder,0.0010758912265562,en,uglybetty
phony,0.0010740039193834,en,uglybetty
shell,0.0010737329781949,en,uglybetty
cigarette,0.0010737329781949,en,uglybetty
campaign,0.0010724670050369,en,uglybetty
electric,0.0010724670050369,en,uglybetty
redo,0.0010720106704633,en,uglybetty
campbell,0.0010720106704633,en,uglybetty
stocking,0.0010720106704633,en,uglybetty
slimme,0.0010716283469907,en,uglybetty
stiletto,0.0010716283469907,en,uglybetty
rudolph,0.0010716283469907,en,uglybetty
carte,0.0010716283469907,en,uglybetty
incredible,0.001071065048367,en,uglybetty
study,0.0010672872909192,en,uglybetty
supervise,0.0010657067440134,en,uglybetty
outrageous,0.0010657067440134,en,uglybetty
site,0.001062431481862,en,uglybetty
captain,0.001062431481862,en,uglybetty
juice,0.0010615588227518,en,uglybetty
slide,0.0010615588227518,en,uglybetty
attitude,0.0010615588227518,en,uglybetty
guru,0.0010611263946838,en,uglybetty
luka,0.0010604236546936,en,uglybetty
carne,0.0010604236546936,en,uglybetty
bumble,0.0010604236546936,en,uglybetty
havebeen,0.0010604236546936,en,uglybetty
parfait,0.0010604236546936,en,uglybetty
mingle,0.0010582862471501,en,uglybetty
anonymously,0.0010582862471501,en,uglybetty
bam,0.0010552447607915,en,uglybetty
info,0.0010539419078882,en,uglybetty
poison,0.0010538782287673,en,uglybetty
wide,0.0010538782287673,en,uglybetty
dare,0.0010538782287673,en,uglybetty
criminal,0.0010538782287673,en,uglybetty
bloody,0.0010528908113876,en,uglybetty
current,0.0010528908113876,en,uglybetty
easter,0.0010506485041493,en,uglybetty
advertise,0.0010506485041493,en,uglybetty
personally,0.0010503016224085,en,uglybetty
hole,0.0010503016224085,en,uglybetty
celery,0.0010472926631828,en,uglybetty
mindy,0.0010472926631828,en,uglybetty
labor,0.0010470161849519,en,uglybetty
tension,0.0010470161849519,en,uglybetty
branch,0.0010470146400231,en,uglybetty
flyer,0.0010449647343575,en,uglybetty
cable,0.0010448545024894,en,uglybetty
replacement,0.0010448545024894,en,uglybetty
poem,0.0010393489217707,en,uglybetty
dork,0.0010393489217707,en,uglybetty
booty,0.0010393489217707,en,uglybetty
bat,0.00103830609291,en,uglybetty
clown,0.00103830609291,en,uglybetty
notch,0.0010375661958386,en,uglybetty
worship,0.0010375661958386,en,uglybetty
finance,0.0010375661958386,en,uglybetty
bomb,0.0010370067815176,en,uglybetty
separate,0.0010370067815176,en,uglybetty
steam,0.0010358799870359,en,uglybetty
bribe,0.0010358799870359,en,uglybetty
pad,0.0010358799870359,en,uglybetty
compete,0.0010358799870359,en,uglybetty
recent,0.0010358144064393,en,uglybetty
judgment,0.0010358144064393,en,uglybetty
initiative,0.0010348604435041,en,uglybetty
caterer,0.0010320085787152,en,uglybetty
coupon,0.0010320085787152,en,uglybetty
garbage,0.0010296927230803,en,uglybetty
source,0.001028685746653,en,uglybetty
onstage,0.0010282692256927,en,uglybetty
detox,0.0010282692256927,en,uglybetty
unfair,0.0010282502536514,en,uglybetty
fiance,0.0010282502536514,en,uglybetty
alcohol,0.0010274025966632,en,uglybetty
bridge,0.0010274025966632,en,uglybetty
ceremony,0.0010270155911167,en,uglybetty
pickle,0.0010249259807287,en,uglybetty
weekly,0.0010249259807287,en,uglybetty
reese,0.0010246366835801,en,uglybetty
lint,0.0010246366835801,en,uglybetty
choo,0.0010246366835801,en,uglybetty
gon,0.0010246366835801,en,uglybetty
reputation,0.0010211724725861,en,uglybetty
fence,0.0010211724725861,en,uglybetty
stage,0.0010204393409088,en,uglybetty
faith,0.0010204393409088,en,uglybetty
powerful,0.0010204393409088,en,uglybetty
official,0.0010204393409088,en,uglybetty
donatella,0.0010199274749274,en,uglybetty
herm,0.0010199274749274,en,uglybetty
peony,0.0010199274749274,en,uglybetty
backand,0.0010199274749274,en,uglybetty
trina,0.0010199274749274,en,uglybetty
salud,0.0010199274749274,en,uglybetty
hoochie,0.0010199274749274,en,uglybetty
duckle,0.0010199274749274,en,uglybetty
ascot,0.0010199274749274,en,uglybetty
fiscally,0.0010199274749274,en,uglybetty
marshmallow,0.001019412337658,en,uglybetty
playboy,0.001019412337658,en,uglybetty
hola,0.001019412337658,en,uglybetty
hopefully,0.0010190728546322,en,uglybetty
version,0.0010190728546322,en,uglybetty
suite,0.0010182586450681,en,uglybetty
bow,0.0010182586450681,en,uglybetty
derek,0.0010174536566097,en,uglybetty
address,0.0010171844075938,en,uglybetty
auction,0.0010151557314898,en,uglybetty
grease,0.0010151557314898,en,uglybetty
aww,0.001012813999817,en,uglybetty
fanny,0.001012813999817,en,uglybetty
stapler,0.001012813999817,en,uglybetty
electrician,0.001012813999817,en,uglybetty
towel,0.0010127433495123,en,uglybetty
yep,0.0010127433495123,en,uglybetty
item,0.0010127433495123,en,uglybetty
killer,0.0010122662375187,en,uglybetty
soul,0.0010122662375187,en,uglybetty
suspect,0.0010122662375187,en,uglybetty
wena,0.0010117760828766,en,uglybetty
gula,0.0010117760828766,en,uglybetty
bossypant,0.0010117760828766,en,uglybetty
capirotada,0.0010117760828766,en,uglybetty
wigglin,0.0010117760828766,en,uglybetty
coeditor,0.0010117760828766,en,uglybetty
cochair,0.0010117760828766,en,uglybetty
wilheldiva,0.0010117760828766,en,uglybetty
talercio,0.0010117760828766,en,uglybetty
korvinka,0.0010117760828766,en,uglybetty
donting,0.0010117760828766,en,uglybetty
beckham,0.0010117760828766,en,uglybetty
splashier,0.0010117760828766,en,uglybetty
thuggie,0.0010117760828766,en,uglybetty
abundio,0.0010117760828766,en,uglybetty
sentate,0.0010117760828766,en,uglybetty
tweedledumpy,0.0010117760828766,en,uglybetty
ibot,0.0010117760828766,en,uglybetty
deserveto,0.0010117760828766,en,uglybetty
faniel,0.0010117760828766,en,uglybetty
scoughe,0.0010117760828766,en,uglybetty
rediculous,0.0010117760828766,en,uglybetty
trista,0.0010117760828766,en,uglybetty
rescue,0.0010108235944589,en,uglybetty
intend,0.0010108235944589,en,uglybetty
adopt,0.0010100056662262,en,uglybetty
grandmother,0.001009606575147,en,uglybetty
toxin,0.0010068389454945,en,uglybetty
kidnapping,0.0010055443551509,en,uglybetty
joy,0.0010044034251818,en,uglybetty
blind,0.0010041651447858,en,uglybetty
edge,0.0010041651447858,en,uglybetty
fashionable,0.0010034434300314,en,uglybetty
hem,0.0010034434300314,en,uglybetty
magnate,0.0010034434300314,en,uglybetty
stepping,0.0010034434300314,en,uglybetty
cousin,0.0010026532757849,en,uglybetty
pour,0.0010026532757849,en,uglybetty
embarrassing,0.0010010568989904,en,uglybetty
cathedral,0.0009979421311868,en,uglybetty
faux,0.0009979421311868,en,uglybetty
trim,0.0009964344405552,en,uglybetty
humiliating,0.0009964344405552,en,uglybetty
investigate,0.0009961508315061,en,uglybetty
english,0.0009961508315061,en,uglybetty
paperwork,0.0009961508315061,en,uglybetty
perk,0.0009960867674486,en,uglybetty
minded,0.0009960867674486,en,uglybetty
greeting,0.0009960867674486,en,uglybetty
legacy,0.0009960867674486,en,uglybetty
instinct,0.0009945604020551,en,uglybetty
donate,0.0009922542366333,en,uglybetty
actor,0.0009922542366333,en,uglybetty
central,0.0009879837584746,en,uglybetty
customer,0.0009879837584746,en,uglybetty
swing,0.0009879837584746,en,uglybetty
martini,0.0009867781243409,en,uglybetty
health,0.0009865435188719,en,uglybetty
plasma,0.0009862319776602,en,uglybetty
goody,0.0009862319776602,en,uglybetty
horsey,0.0009848480884063,en,uglybetty
chaise,0.0009848480884063,en,uglybetty
backin,0.0009848480884063,en,uglybetty
whiten,0.0009848480884063,en,uglybetty
upstage,0.0009848480884063,en,uglybetty
shopping,0.000984255230012,en,uglybetty
tale,0.000984255230012,en,uglybetty
plaza,0.0009836111792475,en,uglybetty
foggy,0.0009836111792475,en,uglybetty
dia,0.0009835354284409,en,uglybetty
thinki,0.0009835354284409,en,uglybetty
toss,0.0009799004517709,en,uglybetty
differently,0.0009799004517709,en,uglybetty
impressed,0.0009799004517709,en,uglybetty
punish,0.0009799004517709,en,uglybetty
recommendation,0.000977613807109,en,uglybetty
instal,0.000977613807109,en,uglybetty
basketball,0.000977613807109,en,uglybetty
peep,0.0009762238592579,en,uglybetty
pillow,0.0009759986921038,en,uglybetty
content,0.000974970004579,en,uglybetty
telephone,0.000974970004579,en,uglybetty
cranberry,0.0009722187288323,en,uglybetty
unborn,0.0009722187288323,en,uglybetty
halfway,0.0009718992105116,en,uglybetty
insult,0.0009718992105116,en,uglybetty
hunt,0.000970732108004,en,uglybetty
debut,0.0009697831728102,en,uglybetty
dash,0.000968589408595,en,uglybetty
stink,0.000967835450406,en,uglybetty
jeez,0.000967835450406,en,uglybetty
homeless,0.0009664955268405,en,uglybetty
missy,0.0009664028194867,en,uglybetty
napkin,0.0009664028194867,en,uglybetty
aye,0.0009664028194867,en,uglybetty
embarrassment,0.0009664028194867,en,uglybetty
pumpkin,0.0009664028194867,en,uglybetty
puck,0.0009647656652731,en,uglybetty
cara,0.0009647656652731,en,uglybetty
ensemble,0.0009647656652731,en,uglybetty
sag,0.0009647656652731,en,uglybetty
form,0.0009646969364556,en,uglybetty
silent,0.000963978385098,en,uglybetty
offense,0.000963978385098,en,uglybetty
quality,0.000963978385098,en,uglybetty
priority,0.000963978385098,en,uglybetty
yard,0.000963978385098,en,uglybetty
delivery,0.0009629348685521,en,uglybetty
back,0.0009629348685521,en,uglybetty
path,0.0009629348685521,en,uglybetty
confident,0.0009597634200212,en,uglybetty
teenager,0.0009597634200212,en,uglybetty
tragic,0.0009597634200212,en,uglybetty
confession,0.0009597634200212,en,uglybetty
thrill,0.0009597634200212,en,uglybetty
comin,0.0009597007204756,en,uglybetty
thigh,0.0009597007204756,en,uglybetty
engagement,0.0009581290071711,en,uglybetty
shark,0.0009581290071711,en,uglybetty
march,0.0009581290071711,en,uglybetty
pilgrim,0.0009564240037243,en,uglybetty
smiley,0.0009564240037243,en,uglybetty
itinerary,0.0009564240037243,en,uglybetty
literally,0.0009561363751747,en,uglybetty
directly,0.0009561363751747,en,uglybetty
hardly,0.0009552081933207,en,uglybetty
regret,0.0009552081933207,en,uglybetty
creamer,0.0009539058765997,en,uglybetty
flagship,0.0009539058765997,en,uglybetty
concealer,0.0009539058765997,en,uglybetty
pumpin,0.0009539058765997,en,uglybetty
spritz,0.0009539058765997,en,uglybetty
hissy,0.0009539058765997,en,uglybetty
sizzling,0.0009539058765997,en,uglybetty
popping,0.0009539058765997,en,uglybetty
dalai,0.0009539058765997,en,uglybetty
paisley,0.0009539058765997,en,uglybetty
tweety,0.0009539058765997,en,uglybetty
session,0.0009517805851675,en,uglybetty
handcuff,0.0009509437214781,en,uglybetty
tennis,0.0009509437214781,en,uglybetty
sloppy,0.0009509437214781,en,uglybetty
japanese,0.0009509437214781,en,uglybetty
swiss,0.0009503224935195,en,uglybetty
incriminate,0.0009503224935195,en,uglybetty
investment,0.0009498677295358,en,uglybetty
cart,0.0009498677295358,en,uglybetty
inner,0.0009498677295358,en,uglybetty
cuff,0.0009498677295358,en,uglybetty
limit,0.0009483716276891,en,uglybetty
pattern,0.0009483716276891,en,uglybetty
spare,0.0009475508165582,en,uglybetty
rate,0.0009475508165582,en,uglybetty
split,0.0009475508165582,en,uglybetty
occasional,0.0009472948835675,en,uglybetty
mistress,0.0009472948835675,en,uglybetty
overtime,0.0009472948835675,en,uglybetty
moisturizer,0.0009470109924225,en,uglybetty
moss,0.0009470109924225,en,uglybetty
homage,0.0009470109924225,en,uglybetty
jingle,0.0009435029200058,en,uglybetty
muse,0.0009435029200058,en,uglybetty
lemon,0.0009423145664567,en,uglybetty
vodka,0.0009417090791235,en,uglybetty
clip,0.0009417090791235,en,uglybetty
simply,0.0009406826350451,en,uglybetty
loss,0.0009399615062673,en,uglybetty
condition,0.0009399615062673,en,uglybetty
darn,0.0009397534294605,en,uglybetty
crisp,0.0009397534294605,en,uglybetty
grandson,0.0009379953429258,en,uglybetty
hump,0.0009379953429258,en,uglybetty
salt,0.0009360747665373,en,uglybetty
treasure,0.0009338095762547,en,uglybetty
hail,0.0009338095762547,en,uglybetty
shrink,0.0009336505373788,en,uglybetty
glory,0.0009336505373788,en,uglybetty
melt,0.0009336505373788,en,uglybetty
privacy,0.0009330679333466,en,uglybetty
officer,0.0009324390630154,en,uglybetty
damage,0.0009324390630154,en,uglybetty
suffer,0.0009324390630154,en,uglybetty
arianna,0.0009318877493061,en,uglybetty
empanada,0.0009318877493061,en,uglybetty
puente,0.0009318877493061,en,uglybetty
proenza,0.0009318877493061,en,uglybetty
hipper,0.0009318877493061,en,uglybetty
marc,0.0009318877493061,en,uglybetty
bitmore,0.0009318877493061,en,uglybetty
playbill,0.0009318877493061,en,uglybetty
luella,0.0009318877493061,en,uglybetty
ripa,0.0009318877493061,en,uglybetty
twerk,0.0009318877493061,en,uglybetty
cond,0.0009318877493061,en,uglybetty
bayonne,0.0009318877493061,en,uglybetty
upstate,0.0009309920994658,en,uglybetty
harvey,0.0009309920994658,en,uglybetty
angelina,0.000930167225721,en,uglybetty
monologue,0.000930167225721,en,uglybetty
biggie,0.0009294218926806,en,uglybetty
paradise,0.0009288575416511,en,uglybetty
boxer,0.0009288575416511,en,uglybetty
appropriate,0.0009283480703863,en,uglybetty
lean,0.0009283480703863,en,uglybetty
rhubarb,0.000926227124958,en,uglybetty
dollop,0.000926227124958,en,uglybetty
gagegao,0.000926227124958,en,uglybetty
codpiece,0.000926227124958,en,uglybetty
ava,0.000926227124958,en,uglybetty
tyra,0.000926227124958,en,uglybetty
crumpet,0.000926227124958,en,uglybetty
circumference,0.000926227124958,en,uglybetty
pigmentation,0.000926227124958,en,uglybetty
reid,0.000926227124958,en,uglybetty
thisis,0.000926227124958,en,uglybetty
mystery,0.0009255261007245,en,uglybetty
ghost,0.0009255261007245,en,uglybetty
sailor,0.0009198759497814,en,uglybetty
sized,0.0009198759497814,en,uglybetty
mixer,0.0009188662889685,en,uglybetty
boulevard,0.0009188662889685,en,uglybetty
revenue,0.0009188662889685,en,uglybetty
language,0.0009180557557432,en,uglybetty
aim,0.0009178241592246,en,uglybetty
ankle,0.0009178241592246,en,uglybetty
anti,0.0009178241592246,en,uglybetty
blessing,0.0009178241592246,en,uglybetty
disappointed,0.0009178241592246,en,uglybetty
chase,0.000917590135944,en,uglybetty
guard,0.000917590135944,en,uglybetty
hampton,0.0009141454405654,en,uglybetty
wobbly,0.0009141454405654,en,uglybetty
drinking,0.000913138262214,en,uglybetty
exercise,0.000913138262214,en,uglybetty
kate,0.0009110453162032,en,uglybetty
fully,0.0009106555558817,en,uglybetty
familiar,0.0009102614060874,en,uglybetty
necessary,0.0009102614060874,en,uglybetty
diet,0.0009100517263549,en,uglybetty
funky,0.0009094303065493,en,uglybetty
noodle,0.0009094303065493,en,uglybetty
bracelet,0.0009090050996036,en,uglybetty
envelope,0.0009090050996036,en,uglybetty
tracy,0.0009071024975573,en,uglybetty
chinatown,0.0009071024975573,en,uglybetty
distance,0.0009056517786017,en,uglybetty
weak,0.0009033241960863,en,uglybetty
trial,0.0009033241960863,en,uglybetty
mark,0.0009029950491558,en,uglybetty
laundry,0.0009023702012177,en,uglybetty
giggle,0.0009023606502131,en,uglybetty
adore,0.0009023606502131,en,uglybetty
mushroom,0.0009023606502131,en,uglybetty
geta,0.0009011886484542,en,uglybetty
pomegranate,0.0009011886484542,en,uglybetty
eduardo,0.0009011886484542,en,uglybetty
dink,0.0009011886484542,en,uglybetty
insert,0.0008997513377124,en,uglybetty
sunglass,0.0008997513377124,en,uglybetty
bonjour,0.0008988691300912,en,uglybetty
oops,0.0008988691300912,en,uglybetty
national,0.00089824208079,en,uglybetty
aid,0.00089824208079,en,uglybetty
relief,0.00089824208079,en,uglybetty
confuse,0.0008960604073883,en,uglybetty
calorie,0.000895679734075,en,uglybetty
admirable,0.000895679734075,en,uglybetty
forbid,0.0008947774818291,en,uglybetty
tax,0.0008947774818291,en,uglybetty
refill,0.0008938172045786,en,uglybetty
magical,0.0008930288129699,en,uglybetty
straw,0.0008930288129699,en,uglybetty
pole,0.0008930288129699,en,uglybetty
charm,0.0008909076096356,en,uglybetty
online,0.0008909076096356,en,uglybetty
spotlight,0.0008902719495335,en,uglybetty
ginger,0.0008902719495335,en,uglybetty
rumble,0.0008902719495335,en,uglybetty
rat,0.0008888629555865,en,uglybetty
bust,0.0008888629555865,en,uglybetty
direct,0.0008888629555865,en,uglybetty
scratch,0.0008888629555865,en,uglybetty
surround,0.0008888629555865,en,uglybetty
tail,0.0008888629555865,en,uglybetty
village,0.0008872715382762,en,uglybetty
lame,0.0008872715382762,en,uglybetty
cruel,0.0008872715382762,en,uglybetty
fuzzy,0.0008854104599543,en,uglybetty
olive,0.0008854104599543,en,uglybetty
youth,0.000885199736645,en,uglybetty
ego,0.000885199736645,en,uglybetty
chorus,0.0008845787817559,en,uglybetty
nicole,0.0008845787817559,en,uglybetty
imitate,0.0008845787817559,en,uglybetty
pedicure,0.0008842719955699,en,uglybetty
license,0.0008836468530065,en,uglybetty
local,0.0008817306399883,en,uglybetty
bullet,0.0008817306399883,en,uglybetty
victim,0.0008817306399883,en,uglybetty
chest,0.0008817306399883,en,uglybetty
immediately,0.0008817306399883,en,uglybetty
newspaper,0.00087985040946,en,uglybetty
temporary,0.00087985040946,en,uglybetty
foie,0.0008783303103124,en,uglybetty
bagpipe,0.0008783303103124,en,uglybetty
minx,0.0008783303103124,en,uglybetty
daiquiri,0.0008783303103124,en,uglybetty
jumpin,0.0008783303103124,en,uglybetty
zucchini,0.0008783303103124,en,uglybetty
steed,0.0008783303103124,en,uglybetty
lettering,0.0008783303103124,en,uglybetty
breakdown,0.0008774730041211,en,uglybetty
motorcycle,0.0008771361105253,en,uglybetty
cheerleader,0.0008771361105253,en,uglybetty
sheet,0.0008764583439101,en,uglybetty
map,0.0008764583439101,en,uglybetty
nite,0.0008752060745907,en,uglybetty
readership,0.0008752060745907,en,uglybetty
smutty,0.0008752060745907,en,uglybetty
proctology,0.0008752060745907,en,uglybetty
perla,0.0008752060745907,en,uglybetty
sweeney,0.0008752060745907,en,uglybetty
ata,0.0008752060745907,en,uglybetty
storyboard,0.0008752060745907,en,uglybetty
credenza,0.0008752060745907,en,uglybetty
maneater,0.0008752060745907,en,uglybetty
clio,0.0008752060745907,en,uglybetty
arg,0.0008752060745907,en,uglybetty
poconos,0.0008752060745907,en,uglybetty
doral,0.0008752060745907,en,uglybetty
giddyap,0.0008752060745907,en,uglybetty
donato,0.0008752060745907,en,uglybetty
friendly,0.0008746622922076,en,uglybetty
ground,0.0008745326873573,en,uglybetty
dangerous,0.0008745326873573,en,uglybetty
rein,0.0008737820037069,en,uglybetty
fiery,0.0008737820037069,en,uglybetty
edgy,0.0008737820037069,en,uglybetty
flag,0.0008725122000193,en,uglybetty
horny,0.0008718801354858,en,uglybetty
fireman,0.0008718801354858,en,uglybetty
unavailable,0.0008718801354858,en,uglybetty
calvin,0.000870296207414,en,uglybetty
tingly,0.000870296207414,en,uglybetty
ralph,0.000870296207414,en,uglybetty
crystal,0.0008698459741564,en,uglybetty
unhappy,0.0008698459741564,en,uglybetty
ability,0.000869340658715,en,uglybetty
sample,0.000869340658715,en,uglybetty
angel,0.000869340658715,en,uglybetty
someplace,0.000869340658715,en,uglybetty
armor,0.0008689900507636,en,uglybetty
correct,0.000867656775016,en,uglybetty
part,0.000867656775016,en,uglybetty
entry,0.000865255077425,en,uglybetty
last,0.000865255077425,en,uglybetty
burrito,0.0008632731743352,en,uglybetty
memorable,0.0008632731743352,en,uglybetty
movin,0.0008632731743352,en,uglybetty
seed,0.000862316106454,en,uglybetty
squeeze,0.000862292415458,en,uglybetty
fry,0.000862292415458,en,uglybetty
ahh,0.0008609683631956,en,uglybetty
mint,0.0008609683631956,en,uglybetty
agency,0.0008580772692336,en,uglybetty
document,0.0008580772692336,en,uglybetty
swim,0.0008580772692336,en,uglybetty
escort,0.0008580772692336,en,uglybetty
influence,0.0008580772692336,en,uglybetty
unique,0.0008580772692336,en,uglybetty
soho,0.0008573026775926,en,uglybetty
mailroom,0.0008573026775926,en,uglybetty
cilantro,0.0008573026775926,en,uglybetty
larson,0.0008573026775926,en,uglybetty
gota,0.0008573026775926,en,uglybetty
phi,0.0008573026775926,en,uglybetty
bikinis,0.0008573026775926,en,uglybetty
waverly,0.0008573026775926,en,uglybetty
skanky,0.0008568910214106,en,uglybetty
weirdo,0.0008568910214106,en,uglybetty
rare,0.0008553122722344,en,uglybetty
umbrella,0.0008541958768507,en,uglybetty
sunset,0.0008530673070895,en,uglybetty
donor,0.0008530673070895,en,uglybetty
charter,0.0008530373326761,en,uglybetty
foam,0.0008530373326761,en,uglybetty
caf,0.0008530373326761,en,uglybetty
snort,0.0008530373326761,en,uglybetty
attic,0.0008530373326761,en,uglybetty
delicious,0.0008509770604884,en,uglybetty
wipe,0.0008483989256641,en,uglybetty
psycho,0.0008475381712112,en,uglybetty
earth,0.000847006279333,en,uglybetty
hog,0.0008456024670508,en,uglybetty
tackle,0.0008456024670508,en,uglybetty
cult,0.0008456024670508,en,uglybetty
showing,0.0008440116665142,en,uglybetty
hallway,0.0008439527912603,en,uglybetty
reveal,0.0008439527912603,en,uglybetty
firm,0.0008439527912603,en,uglybetty
carrie,0.0008430606542933,en,uglybetty
ytet,0.0008430606542933,en,uglybetty
charitable,0.0008430606542933,en,uglybetty
headphone,0.0008430606542933,en,uglybetty
engaged,0.0008430606542933,en,uglybetty
vision,0.0008415511094312,en,uglybetty
fever,0.0008402854836409,en,uglybetty
receive,0.0008402412979268,en,uglybetty
twit,0.0008378341305462,en,uglybetty
jesse,0.0008378341305462,en,uglybetty
quirky,0.0008378341305462,en,uglybetty
spandex,0.0008378341305462,en,uglybetty
eva,0.0008378341305462,en,uglybetty
quesadilla,0.0008378341305462,en,uglybetty
jot,0.0008378341305462,en,uglybetty
cue,0.0008376129479615,en,uglybetty
trophy,0.0008376129479615,en,uglybetty
popcorn,0.0008376129479615,en,uglybetty
wrinkle,0.0008371667434259,en,uglybetty
conceive,0.0008371667434259,en,uglybetty
agreement,0.0008370028543181,en,uglybetty
brush,0.0008370028543181,en,uglybetty
badly,0.0008347675928916,en,uglybetty
knee,0.0008347675928916,en,uglybetty
search,0.0008335338915285,en,uglybetty
carriage,0.0008333303389991,en,uglybetty
banker,0.0008333303389991,en,uglybetty
invest,0.0008331207096011,en,uglybetty
glamour,0.0008316184426557,en,uglybetty
cubicle,0.0008316184426557,en,uglybetty
ooze,0.0008316184426557,en,uglybetty
cheerleading,0.0008316184426557,en,uglybetty
inn,0.0008316184426557,en,uglybetty
bambino,0.0008312403520044,en,uglybetty
bonita,0.0008312403520044,en,uglybetty
kor,0.0008312403520044,en,uglybetty
irregardless,0.0008312403520044,en,uglybetty
gyllenhaal,0.0008312403520044,en,uglybetty
tristate,0.0008312403520044,en,uglybetty
eggy,0.0008312403520044,en,uglybetty
itfor,0.0008312403520044,en,uglybetty
inaudibly,0.0008312403520044,en,uglybetty
areou,0.0008312403520044,en,uglybetty
waywe,0.0008312403520044,en,uglybetty
graybridge,0.0008312403520044,en,uglybetty
yeller,0.0008312403520044,en,uglybetty
comi,0.0008312403520044,en,uglybetty
avanti,0.0008312403520044,en,uglybetty
needle,0.0008301256929218,en,uglybetty
float,0.0008301256929218,en,uglybetty
period,0.0008301256929218,en,uglybetty
overnight,0.0008301256929218,en,uglybetty
bless,0.0008301256929218,en,uglybetty
tomato,0.0008300529566709,en,uglybetty
doom,0.0008300529566709,en,uglybetty
traditional,0.0008300529566709,en,uglybetty
european,0.0008288830231216,en,uglybetty
thrilled,0.0008288830231216,en,uglybetty
wheel,0.0008280471797458,en,uglybetty
assign,0.0008260417433021,en,uglybetty
upcoming,0.0008238345121066,en,uglybetty
dough,0.0008238345121066,en,uglybetty
revenge,0.0008233197987288,en,uglybetty
impress,0.0008233197987288,en,uglybetty
secretly,0.0008226002029211,en,uglybetty
organization,0.0008226002029211,en,uglybetty
stunt,0.0008226002029211,en,uglybetty
church,0.0008213887067726,en,uglybetty
circumstance,0.0008213887067726,en,uglybetty
fourth,0.0008213887067726,en,uglybetty
possibility,0.0008213887067726,en,uglybetty
modest,0.00082074592506,en,uglybetty
thou,0.00082074592506,en,uglybetty
oversee,0.00082074592506,en,uglybetty
wheelchair,0.00082074592506,en,uglybetty
suzanne,0.0008197093468641,en,uglybetty
fluorescent,0.0008197093468641,en,uglybetty
cirque,0.0008197093468641,en,uglybetty
sleigh,0.0008197093468641,en,uglybetty
tran,0.0008197093468641,en,uglybetty
fiscal,0.0008197093468641,en,uglybetty
likeyou,0.0008197093468641,en,uglybetty
ramon,0.0008197093468641,en,uglybetty
albino,0.0008197093468641,en,uglybetty
thumbprint,0.0008197093468641,en,uglybetty
entanglement,0.0008197093468641,en,uglybetty
roomie,0.0008196759827062,en,uglybetty
junk,0.0008190465537194,en,uglybetty
extreme,0.0008190465537194,en,uglybetty
accidentally,0.0008190465537194,en,uglybetty
routine,0.0008190465537194,en,uglybetty
improve,0.0008190465537194,en,uglybetty
tick,0.0008165837098091,en,uglybetty
advantage,0.0008165837098091,en,uglybetty
sink,0.0008165837098091,en,uglybetty
gettin,0.000815251686912,en,uglybetty
practical,0.000815251686912,en,uglybetty
medical,0.000814791042621,en,uglybetty
square,0.000814791042621,en,uglybetty
base,0.000813747526075,en,uglybetty
hotter,0.0008127503489447,en,uglybetty
grape,0.0008127503489447,en,uglybetty
bend,0.0008121331810959,en,uglybetty
pen,0.0008099160087597,en,uglybetty
rub,0.0008099160087597,en,uglybetty
medicine,0.0008099160087597,en,uglybetty
supply,0.0008082530866559,en,uglybetty
authority,0.0008082530866559,en,uglybetty
hmm,0.0008081526440085,en,uglybetty
comp,0.0008081526440085,en,uglybetty
staple,0.0008055029395376,en,uglybetty
deposit,0.0008052997336462,en,uglybetty
dancing,0.0008052997336462,en,uglybetty
persuade,0.0008048914560588,en,uglybetty
garden,0.000803315320915,en,uglybetty
flagged,0.0008027547440251,en,uglybetty
layover,0.0008027547440251,en,uglybetty
bungee,0.0008027547440251,en,uglybetty
menthol,0.0008027547440251,en,uglybetty
louie,0.0008027547440251,en,uglybetty
tortoise,0.0008027547440251,en,uglybetty
affordable,0.0008027547440251,en,uglybetty
crme,0.0008027547440251,en,uglybetty
chunky,0.0008027547440251,en,uglybetty
milady,0.0008027547440251,en,uglybetty
yak,0.0008027547440251,en,uglybetty
tranny,0.0008027547440251,en,uglybetty
wire,0.0008017737678569,en,uglybetty
theory,0.0008017737678569,en,uglybetty
sack,0.0007985443844486,en,uglybetty
contrary,0.0007971646516778,en,uglybetty
crank,0.0007971646516778,en,uglybetty
distracted,0.0007971646516778,en,uglybetty
strangely,0.0007971646516778,en,uglybetty
tha,0.0007970200031036,en,uglybetty
dreamer,0.0007970200031036,en,uglybetty
cobra,0.0007970200031036,en,uglybetty
quarterly,0.0007970200031036,en,uglybetty
premiere,0.0007970200031036,en,uglybetty
measurement,0.0007970200031036,en,uglybetty
queer,0.0007970200031036,en,uglybetty
circulate,0.0007970200031036,en,uglybetty
comfort,0.0007967803126456,en,uglybetty
balance,0.0007967803126456,en,uglybetty
program,0.0007953520437646,en,uglybetty
matte,0.0007953177410202,en,uglybetty
fuchsia,0.0007953177410202,en,uglybetty
barbra,0.0007953177410202,en,uglybetty
blahniks,0.0007953177410202,en,uglybetty
befit,0.0007953177410202,en,uglybetty
shakespearean,0.0007953177410202,en,uglybetty
lorenzo,0.0007953177410202,en,uglybetty
ladle,0.0007953177410202,en,uglybetty
seductively,0.0007953177410202,en,uglybetty
pinkberry,0.0007953177410202,en,uglybetty
willi,0.0007953177410202,en,uglybetty
convenient,0.0007938033893066,en,uglybetty
virgin,0.0007938033893066,en,uglybetty
pencil,0.0007938033893066,en,uglybetty
retreat,0.0007938033893066,en,uglybetty
underestimate,0.000791865368514,en,uglybetty
incredibly,0.000791865368514,en,uglybetty
beef,0.000791865368514,en,uglybetty
currently,0.000791865368514,en,uglybetty
league,0.0007903096897409,en,uglybetty
oil,0.0007903096897409,en,uglybetty
cemetery,0.0007895655689365,en,uglybetty
weasel,0.000787986378112,en,uglybetty
adoption,0.000787986378112,en,uglybetty
nipple,0.000787986378112,en,uglybetty
amateur,0.0007868442103511,en,uglybetty
chemistry,0.0007868442103511,en,uglybetty
hairless,0.0007868283427527,en,uglybetty
blogger,0.0007868283427527,en,uglybetty
firstborn,0.0007868283427527,en,uglybetty
hairdresser,0.0007868283427527,en,uglybetty
sweating,0.0007868283427527,en,uglybetty
midtown,0.0007868283427527,en,uglybetty
youto,0.0007868283427527,en,uglybetty
vendor,0.0007862524333381,en,uglybetty
shag,0.0007862524333381,en,uglybetty
flatter,0.0007852609800173,en,uglybetty
creepy,0.0007852609800173,en,uglybetty
opposite,0.0007839021958709,en,uglybetty
heavy,0.0007826773466741,en,uglybetty
emerge,0.0007820900540062,en,uglybetty
ski,0.0007820900540062,en,uglybetty
plot,0.0007799760036632,en,uglybetty
witch,0.0007799760036632,en,uglybetty
fee,0.0007799760036632,en,uglybetty
intelligent,0.0007799760036632,en,uglybetty
honesty,0.0007799760036632,en,uglybetty
anonymous,0.0007799760036632,en,uglybetty
cheater,0.000779511691328,en,uglybetty
honk,0.000779511691328,en,uglybetty
torment,0.000779511691328,en,uglybetty
investor,0.000779511691328,en,uglybetty
pity,0.0007787295696825,en,uglybetty
struggle,0.0007775566111222,en,uglybetty
explanation,0.0007775566111222,en,uglybetty
toast,0.0007775566111222,en,uglybetty
nerve,0.0007775566111222,en,uglybetty
area,0.0007764224227219,en,uglybetty
chaperone,0.0007758267495548,en,uglybetty
gloss,0.0007758267495548,en,uglybetty
hum,0.00077473415246,en,uglybetty
statue,0.00077473415246,en,uglybetty
rose,0.0007731964214724,en,uglybetty
tragedy,0.0007722695423102,en,uglybetty
explorer,0.0007718125322185,en,uglybetty
fondue,0.0007718125322185,en,uglybetty
piata,0.0007718125322185,en,uglybetty
perm,0.0007718125322185,en,uglybetty
sonogram,0.0007718125322185,en,uglybetty
nitrous,0.0007718125322185,en,uglybetty
overture,0.0007718125322185,en,uglybetty
expert,0.0007712717506038,en,uglybetty
bug,0.0007712717506038,en,uglybetty
prosecution,0.0007712154323249,en,uglybetty
cozy,0.0007712154323249,en,uglybetty
edit,0.0007712154323249,en,uglybetty
spending,0.0007712154323249,en,uglybetty
careless,0.0007712154323249,en,uglybetty
hilarious,0.0007674940967096,en,uglybetty
backwards,0.0007665032057369,en,uglybetty
stroke,0.0007665032057369,en,uglybetty
hop,0.0007658793544396,en,uglybetty
metal,0.0007658793544396,en,uglybetty
colorful,0.0007657219074738,en,uglybetty
sec,0.0007649456061956,en,uglybetty
scion,0.0007649456061956,en,uglybetty
cosmetology,0.0007649456061956,en,uglybetty
menudo,0.0007649456061956,en,uglybetty
bodega,0.0007649456061956,en,uglybetty
fendi,0.0007649456061956,en,uglybetty
victoria,0.0007649456061956,en,uglybetty
braveheart,0.0007649456061956,en,uglybetty
som,0.0007649456061956,en,uglybetty
uninsured,0.0007649456061956,en,uglybetty
station,0.0007640727339011,en,uglybetty
redhead,0.0007630902424573,en,uglybetty
clap,0.0007630902424573,en,uglybetty
grass,0.0007603662944181,en,uglybetty
handy,0.0007598941836286,en,uglybetty
dust,0.0007595575121342,en,uglybetty
invent,0.0007595575121342,en,uglybetty
device,0.0007595575121342,en,uglybetty
bread,0.0007595575121342,en,uglybetty
duty,0.0007588796299014,en,uglybetty
argue,0.0007588796299014,en,uglybetty
lay,0.0007579761643579,en,uglybetty
wound,0.0007579761643579,en,uglybetty
jiggle,0.000757608793938,en,uglybetty
overpriced,0.000757608793938,en,uglybetty
corsage,0.000757608793938,en,uglybetty
autobiography,0.000757608793938,en,uglybetty
blazer,0.000757608793938,en,uglybetty
seating,0.0007559187479644,en,uglybetty
catchy,0.0007559187479644,en,uglybetty
skeptical,0.0007559187479644,en,uglybetty
adio,0.0007559187479644,en,uglybetty
smoothie,0.0007559187479644,en,uglybetty
experimental,0.0007551292091208,en,uglybetty
hangover,0.0007551292091208,en,uglybetty
broke,0.0007551292091208,en,uglybetty
ringing,0.0007551292091208,en,uglybetty
fart,0.0007551292091208,en,uglybetty
tramp,0.0007551292091208,en,uglybetty
adventure,0.0007533672632988,en,uglybetty
estate,0.0007533025688863,en,uglybetty
average,0.0007533025688863,en,uglybetty
flame,0.0007533025688863,en,uglybetty
insist,0.0007527701634052,en,uglybetty
exist,0.0007519306127311,en,uglybetty
incompetent,0.0007473258304164,en,uglybetty
ish,0.0007473258304164,en,uglybetty
clever,0.0007471131236296,en,uglybetty
spy,0.0007471131236296,en,uglybetty
battery,0.0007471131236296,en,uglybetty
coma,0.000746920429903,en,uglybetty
succeed,0.000746920429903,en,uglybetty
highway,0.000746920429903,en,uglybetty
chain,0.0007467170061569,en,uglybetty
facial,0.0007464338937033,en,uglybetty
irresistible,0.0007463997783958,en,uglybetty
youtube,0.0007463997783958,en,uglybetty
swelling,0.0007463997783958,en,uglybetty
bossy,0.0007463997783958,en,uglybetty
subscription,0.0007463997783958,en,uglybetty
pretzel,0.0007463997783958,en,uglybetty
crawford,0.0007441337805768,en,uglybetty
maryland,0.0007441337805768,en,uglybetty
bot,0.0007441337805768,en,uglybetty
toodle,0.0007441337805768,en,uglybetty
reactivate,0.0007441337805768,en,uglybetty
lorraine,0.0007441337805768,en,uglybetty
eyeliner,0.0007441337805768,en,uglybetty
yellow,0.0007409878188559,en,uglybetty
measure,0.0007409878188559,en,uglybetty
specifically,0.0007409878188559,en,uglybetty
sacrifice,0.0007407191296554,en,uglybetty
potential,0.0007407191296554,en,uglybetty
represent,0.0007407191296554,en,uglybetty
embarrassed,0.0007405517418677,en,uglybetty
pleased,0.0007405517418677,en,uglybetty
raw,0.0007405517418677,en,uglybetty
stitch,0.0007405517418677,en,uglybetty
declare,0.0007405517418677,en,uglybetty
chew,0.0007405517418677,en,uglybetty
saturday,0.0007396739832451,en,uglybetty
flattering,0.0007396739832451,en,uglybetty
robe,0.0007396739832451,en,uglybetty
wealthy,0.000739622894483,en,uglybetty
draft,0.000739622894483,en,uglybetty
lookin,0.000739622894483,en,uglybetty
mama,0.000739622894483,en,uglybetty
numero,0.0007386360663047,en,uglybetty
spoilsport,0.0007386360663047,en,uglybetty
charo,0.0007386360663047,en,uglybetty
artiste,0.0007386360663047,en,uglybetty
shakira,0.0007386360663047,en,uglybetty
gan,0.0007386360663047,en,uglybetty
singsong,0.0007386360663047,en,uglybetty
cob,0.0007386360663047,en,uglybetty
signor,0.0007386360663047,en,uglybetty
sable,0.0007386360663047,en,uglybetty
whatevs,0.0007386360663047,en,uglybetty
vroom,0.0007386360663047,en,uglybetty
loofah,0.0007386360663047,en,uglybetty
thout,0.0007386360663047,en,uglybetty
granny,0.0007371489847965,en,uglybetty
loaf,0.0007371489847965,en,uglybetty
mustache,0.0007371489847965,en,uglybetty
zipper,0.0007371489847965,en,uglybetty
poof,0.0007371489847965,en,uglybetty
constitution,0.0007371489847965,en,uglybetty
disturb,0.0007349253388282,en,uglybetty
admire,0.0007349253388282,en,uglybetty
sea,0.0007349253388282,en,uglybetty
panic,0.0007347755333236,en,uglybetty
quietly,0.0007342593273796,en,uglybetty
grip,0.0007342593273796,en,uglybetty
resolve,0.0007342593273796,en,uglybetty
sip,0.0007329113294663,en,uglybetty
delight,0.0007321678944434,en,uglybetty
dining,0.0007321678944434,en,uglybetty
feeding,0.0007321678944434,en,uglybetty
sassy,0.0007313163524523,en,uglybetty
bloated,0.0007313163524523,en,uglybetty
downsize,0.0007313163524523,en,uglybetty
shorthande,0.0007313163524523,en,uglybetty
attract,0.0007289244078837,en,uglybetty
meaning,0.0007289244078837,en,uglybetty
fortune,0.0007289244078837,en,uglybetty
grateful,0.0007289244078837,en,uglybetty
nearly,0.0007288852435063,en,uglybetty
remove,0.0007288852435063,en,uglybetty
grade,0.0007288852435063,en,uglybetty
cheeseburger,0.0007281516697557,en,uglybetty
fudge,0.0007281516697557,en,uglybetty
criticism,0.0007281516697557,en,uglybetty
salary,0.000726296337087,en,uglybetty
dancer,0.000726296337087,en,uglybetty
sunshine,0.000726296337087,en,uglybetty
scarf,0.000724802114615,en,uglybetty
asleep,0.0007230473125133,en,uglybetty
silence,0.0007229837888235,en,uglybetty
thirsty,0.0007218961609742,en,uglybetty
thief,0.0007218961609742,en,uglybetty
blanket,0.0007218961609742,en,uglybetty
imply,0.0007218961609742,en,uglybetty
rely,0.0007218961609742,en,uglybetty
ultimately,0.000719775177556,en,uglybetty
devastate,0.000719775177556,en,uglybetty
merry,0.000719775177556,en,uglybetty
facebook,0.000719394311946,en,uglybetty
shady,0.000719394311946,en,uglybetty
sculpture,0.000719394311946,en,uglybetty
lingerie,0.000719394311946,en,uglybetty
dresser,0.000719394311946,en,uglybetty
cutback,0.0007190953040729,en,uglybetty
overcompensate,0.0007190953040729,en,uglybetty
reconnecte,0.0007190953040729,en,uglybetty
illegitimate,0.0007190953040729,en,uglybetty
whirl,0.0007190953040729,en,uglybetty
veal,0.0007190953040729,en,uglybetty
poppy,0.0007190953040729,en,uglybetty
cinderella,0.0007190953040729,en,uglybetty
testimony,0.0007175714943651,en,uglybetty
intrigue,0.0007175714943651,en,uglybetty
jewel,0.0007175714943651,en,uglybetty
fianc,0.0007175714943651,en,uglybetty
blackout,0.0007175714943651,en,uglybetty
process,0.0007172608177041,en,uglybetty
mirror,0.000717102281381,en,uglybetty
extremely,0.000717102281381,en,uglybetty
label,0.0007158219854632,en,uglybetty
reward,0.0007158219854632,en,uglybetty
handi,0.0007154294074498,en,uglybetty
downplay,0.0007154294074498,en,uglybetty
jour,0.0007154294074498,en,uglybetty
strobe,0.0007154294074498,en,uglybetty
networking,0.0007154294074498,en,uglybetty
brava,0.0007154294074498,en,uglybetty
byline,0.0007154294074498,en,uglybetty
pinstripe,0.0007154294074498,en,uglybetty
calla,0.0007154294074498,en,uglybetty
aut,0.0007154294074498,en,uglybetty
availability,0.0007154294074498,en,uglybetty
boinke,0.0007154294074498,en,uglybetty
intimidate,0.000713345226048,en,uglybetty
approach,0.0007115248606128,en,uglybetty
aware,0.0007115248606128,en,uglybetty
frankly,0.0007112787207668,en,uglybetty
hundred,0.0007112787207668,en,uglybetty
dusty,0.0007108644438968,en,uglybetty
setback,0.0007108644438968,en,uglybetty
fog,0.0007108644438968,en,uglybetty
clueless,0.0007108644438968,en,uglybetty
tailor,0.0007108644438968,en,uglybetty
spice,0.0007104711626756,en,uglybetty
competitive,0.0007104711626756,en,uglybetty
spicy,0.0007104711626756,en,uglybetty
weigh,0.000709817230621,en,uglybetty
sod,0.0007074175964559,en,uglybetty
ovary,0.0007074175964559,en,uglybetty
knitting,0.0007074175964559,en,uglybetty
injunction,0.0007074175964559,en,uglybetty
checkin,0.0007074175964559,en,uglybetty
cocoon,0.0007074175964559,en,uglybetty
valerie,0.0007074175964559,en,uglybetty
blowout,0.0007074175964559,en,uglybetty
nerdy,0.0007074175964559,en,uglybetty
daring,0.0007074175964559,en,uglybetty
honeymoon,0.0007070039663583,en,uglybetty
polish,0.0007070039663583,en,uglybetty
remain,0.0007058385661108,en,uglybetty
arrange,0.0007055119762838,en,uglybetty
impressive,0.0007055119762838,en,uglybetty
harsh,0.000703880327568,en,uglybetty
appeal,0.000703880327568,en,uglybetty
television,0.000703880327568,en,uglybetty
humiliation,0.0007034965071943,en,uglybetty
involved,0.0007034965071943,en,uglybetty
cereal,0.0007034965071943,en,uglybetty
kitten,0.0007034965071943,en,uglybetty
jelly,0.0007034965071943,en,uglybetty
decoration,0.0007025505452444,en,uglybetty
tiffany,0.0007025505452444,en,uglybetty
worthy,0.0007007489849909,en,uglybetty
legally,0.0007007489849909,en,uglybetty
ideal,0.0007007489849909,en,uglybetty
resort,0.0007007489849909,en,uglybetty
channel,0.00069980095001,en,uglybetty
commitment,0.0006980097600154,en,uglybetty
iron,0.0006980097600154,en,uglybetty
fridge,0.0006980097600154,en,uglybetty
bull,0.0006980097600154,en,uglybetty
whip,0.0006980097600154,en,uglybetty
slightly,0.0006980097600154,en,uglybetty
poetry,0.0006966431562383,en,uglybetty
landlord,0.0006966431562383,en,uglybetty
uterus,0.0006962369659312,en,uglybetty
knick,0.0006962369659312,en,uglybetty
submission,0.0006962369659312,en,uglybetty
stipulation,0.0006946703437185,en,uglybetty
voluptuous,0.0006946703437185,en,uglybetty
haveto,0.0006946703437185,en,uglybetty
plucky,0.0006946703437185,en,uglybetty
carnation,0.0006946703437185,en,uglybetty
obscenely,0.0006946703437185,en,uglybetty
unwarranted,0.0006946703437185,en,uglybetty
blowup,0.0006946703437185,en,uglybetty
kiosk,0.0006946703437185,en,uglybetty
huevos,0.0006946703437185,en,uglybetty
jockstrap,0.0006946703437185,en,uglybetty
disgraceful,0.0006946703437185,en,uglybetty
result,0.0006946115762737,en,uglybetty
lazy,0.0006945779656433,en,uglybetty
helicopter,0.0006945779656433,en,uglybetty
considerate,0.0006944419491659,en,uglybetty
sayin,0.0006944419491659,en,uglybetty
cheesy,0.0006944419491659,en,uglybetty
takeout,0.0006944419491659,en,uglybetty
superficial,0.0006944419491659,en,uglybetty
negative,0.0006941445755434,en,uglybetty
million,0.00069220406194,en,uglybetty
entrance,0.00069220406194,en,uglybetty
rice,0.0006899069623361,en,uglybetty
hush,0.0006899069623361,en,uglybetty
stake,0.0006885418168074,en,uglybetty
thousand,0.0006885418168074,en,uglybetty
complain,0.0006885418168074,en,uglybetty
owner,0.0006885418168074,en,uglybetty
helpful,0.0006885418168074,en,uglybetty
affect,0.0006885418168074,en,uglybetty
recording,0.0006884886840572,en,uglybetty
gee,0.0006884886840572,en,uglybetty
por,0.0006865287600888,en,uglybetty
knit,0.0006865287600888,en,uglybetty
petition,0.0006865287600888,en,uglybetty
painter,0.0006865287600888,en,uglybetty
possession,0.0006864618153869,en,uglybetty
danish,0.0006855128171284,en,uglybetty
pristine,0.0006855128171284,en,uglybetty
floral,0.0006855128171284,en,uglybetty
dung,0.0006855128171284,en,uglybetty
symphony,0.0006855128171284,en,uglybetty
indistinctly,0.0006855128171284,en,uglybetty
whisk,0.0006855128171284,en,uglybetty
tasteful,0.0006855128171284,en,uglybetty
unemployment,0.0006855128171284,en,uglybetty
buenos,0.0006855128171284,en,uglybetty
beloved,0.0006832839871524,en,uglybetty
physical,0.0006829916669113,en,uglybetty
statement,0.0006829916669113,en,uglybetty
gather,0.0006829916669113,en,uglybetty
link,0.0006829916669113,en,uglybetty
storm,0.0006829916669113,en,uglybetty
liquor,0.0006824790032053,en,uglybetty
soak,0.0006824790032053,en,uglybetty
dime,0.0006824790032053,en,uglybetty
vow,0.0006824790032053,en,uglybetty
terrify,0.0006807816483907,en,uglybetty
object,0.0006807816483907,en,uglybetty
smooth,0.0006807816483907,en,uglybetty
stall,0.0006807816483907,en,uglybetty
proceed,0.0006807816483907,en,uglybetty
gateway,0.0006788017810854,en,uglybetty
sorta,0.0006788017810854,en,uglybetty
taco,0.0006788017810854,en,uglybetty
nude,0.0006788017810854,en,uglybetty
grant,0.0006774931470647,en,uglybetty
furious,0.0006767704876598,en,uglybetty
rep,0.0006767704876598,en,uglybetty
roller,0.0006767704876598,en,uglybetty
stripper,0.0006767704876598,en,uglybetty
ambitious,0.0006767704876598,en,uglybetty
vampire,0.0006767704876598,en,uglybetty
drunken,0.0006767704876598,en,uglybetty
pan,0.0006765468687883,en,uglybetty
bonus,0.0006765468687883,en,uglybetty
italian,0.0006765468687883,en,uglybetty
bazaar,0.0006758914863406,en,uglybetty
reheat,0.0006758914863406,en,uglybetty
catwalk,0.0006758914863406,en,uglybetty
fresher,0.0006758914863406,en,uglybetty
baguette,0.0006758914863406,en,uglybetty
nova,0.0006758914863406,en,uglybetty
embellish,0.0006758914863406,en,uglybetty
cain,0.0006758914863406,en,uglybetty
abdul,0.0006758914863406,en,uglybetty
gassy,0.0006758914863406,en,uglybetty
plunder,0.0006758914863406,en,uglybetty
marquee,0.0006758914863406,en,uglybetty
fashionably,0.0006758914863406,en,uglybetty
hitting,0.0006758914863406,en,uglybetty
mami,0.0006758914863406,en,uglybetty
jumpsuit,0.0006752093332113,en,uglybetty
dynasty,0.0006752093332113,en,uglybetty
tedious,0.0006752093332113,en,uglybetty
handbag,0.0006752093332113,en,uglybetty
aphrodisiac,0.0006752093332113,en,uglybetty
giver,0.0006752093332113,en,uglybetty
scroll,0.0006752093332113,en,uglybetty
baked,0.0006752093332113,en,uglybetty
guide,0.0006751622330082,en,uglybetty
suggestion,0.0006751622330082,en,uglybetty
volunteer,0.0006751622330082,en,uglybetty
chop,0.0006751622330082,en,uglybetty
sleptwith,0.0006745173885844,en,uglybetty
tinerary,0.0006745173885844,en,uglybetty
slutsfeel,0.0006745173885844,en,uglybetty
interviewing,0.0006745173885844,en,uglybetty
theysken,0.0006745173885844,en,uglybetty
flus,0.0006745173885844,en,uglybetty
claymation,0.0006745173885844,en,uglybetty
chocomoon,0.0006745173885844,en,uglybetty
leaker,0.0006745173885844,en,uglybetty
mobby,0.0006745173885844,en,uglybetty
dinette,0.0006745173885844,en,uglybetty
anh,0.0006745173885844,en,uglybetty
goopher,0.0006745173885844,en,uglybetty
stickney,0.0006745173885844,en,uglybetty
jodie,0.0006745173885844,en,uglybetty
prepotente,0.0006745173885844,en,uglybetty
presumido,0.0006745173885844,en,uglybetty
pienza,0.0006745173885844,en,uglybetty
postnuclear,0.0006745173885844,en,uglybetty
effete,0.0006745173885844,en,uglybetty
smouthe,0.0006745173885844,en,uglybetty
aboutanybody,0.0006745173885844,en,uglybetty
becauseshe,0.0006745173885844,en,uglybetty
eatlunch,0.0006745173885844,en,uglybetty
thoughtpetra,0.0006745173885844,en,uglybetty
sequinsoff,0.0006745173885844,en,uglybetty
herof,0.0006745173885844,en,uglybetty
muchobig,0.0006745173885844,en,uglybetty
sprinkledall,0.0006745173885844,en,uglybetty
garnsneed,0.0006745173885844,en,uglybetty
eplace,0.0006745173885844,en,uglybetty
spri,0.0006745173885844,en,uglybetty
buttonstotally,0.0006745173885844,en,uglybetty
bookfor,0.0006745173885844,en,uglybetty
bikiniand,0.0006745173885844,en,uglybetty
juststart,0.0006745173885844,en,uglybetty
miguelhad,0.0006745173885844,en,uglybetty
infeliz,0.0006745173885844,en,uglybetty
conocera,0.0006745173885844,en,uglybetty
forwarduntil,0.0006745173885844,en,uglybetty
allicensing,0.0006745173885844,en,uglybetty
reallyis,0.0006745173885844,en,uglybetty
solucio,0.0006745173885844,en,uglybetty
exceptyou,0.0006745173885844,en,uglybetty
havebrought,0.0006745173885844,en,uglybetty
celebrationi,0.0006745173885844,en,uglybetty
detra,0.0006745173885844,en,uglybetty
pactin,0.0006745173885844,en,uglybetty
neverreturne,0.0006745173885844,en,uglybetty
leaveunder,0.0006745173885844,en,uglybetty
bringingall,0.0006745173885844,en,uglybetty
studiotomorrow,0.0006745173885844,en,uglybetty
mealwith,0.0006745173885844,en,uglybetty
carout,0.0006745173885844,en,uglybetty
veloso,0.0006745173885844,en,uglybetty
justtell,0.0006745173885844,en,uglybetty
cuticlesand,0.0006745173885844,en,uglybetty
hairapy,0.0006745173885844,en,uglybetty
debe,0.0006745173885844,en,uglybetty
buscar,0.0006745173885844,en,uglybetty
arbol,0.0006745173885844,en,uglybetty
adae,0.0006745173885844,en,uglybetty
lookingoroord,0.0006745173885844,en,uglybetty
dolcewait,0.0006745173885844,en,uglybetty
bulgy,0.0006745173885844,en,uglybetty
havetuesday,0.0006745173885844,en,uglybetty
conceptis,0.0006745173885844,en,uglybetty
pickmeup,0.0006745173885844,en,uglybetty
pantshere,0.0006745173885844,en,uglybetty
wilmer,0.0006745173885844,en,uglybetty
whinvente,0.0006745173885844,en,uglybetty
vare,0.0006745173885844,en,uglybetty
editorin,0.0006745173885844,en,uglybetty
justsave,0.0006745173885844,en,uglybetty
bedby,0.0006745173885844,en,uglybetty
sayingno,0.0006745173885844,en,uglybetty
usplenty,0.0006745173885844,en,uglybetty
forgotwe,0.0006745173885844,en,uglybetty
mildlyhomophobic,0.0006745173885844,en,uglybetty
yester,0.0006745173885844,en,uglybetty
daughteris,0.0006745173885844,en,uglybetty
canhave,0.0006745173885844,en,uglybetty
shootfor,0.0006745173885844,en,uglybetty
thoughtyour,0.0006745173885844,en,uglybetty
kicksin,0.0006745173885844,en,uglybetty
inmom,0.0006745173885844,en,uglybetty
lookso,0.0006745173885844,en,uglybetty
waitedtwo,0.0006745173885844,en,uglybetty
placeright,0.0006745173885844,en,uglybetty
answeris,0.0006745173885844,en,uglybetty
casesay,0.0006745173885844,en,uglybetty
possiblecourt,0.0006745173885844,en,uglybetty
hildacall,0.0006745173885844,en,uglybetty
notsuch,0.0006745173885844,en,uglybetty
thcherry,0.0006745173885844,en,uglybetty
willsee,0.0006745173885844,en,uglybetty
couldbe,0.0006745173885844,en,uglybetty
alwayscome,0.0006745173885844,en,uglybetty
pawsare,0.0006745173885844,en,uglybetty
smissed,0.0006745173885844,en,uglybetty
wasconstructive,0.0006745173885844,en,uglybetty
trather,0.0006745173885844,en,uglybetty
ponche,0.0006745173885844,en,uglybetty
restill,0.0006745173885844,en,uglybetty
getcloser,0.0006745173885844,en,uglybetty
workinglate,0.0006745173885844,en,uglybetty
pleasegive,0.0006745173885844,en,uglybetty
funto,0.0006745173885844,en,uglybetty
youalso,0.0006745173885844,en,uglybetty
havewhatever,0.0006745173885844,en,uglybetty
wearinga,0.0006745173885844,en,uglybetty
evenwork,0.0006745173885844,en,uglybetty
neverhear,0.0006745173885844,en,uglybetty
couldstand,0.0006745173885844,en,uglybetty
deserveany,0.0006745173885844,en,uglybetty
weekbecause,0.0006745173885844,en,uglybetty
evenhad,0.0006745173885844,en,uglybetty
motheror,0.0006745173885844,en,uglybetty
chaperoneor,0.0006745173885844,en,uglybetty
burningthe,0.0006745173885844,en,uglybetty
shoesare,0.0006745173885844,en,uglybetty
criminalwhat,0.0006745173885844,en,uglybetty
couldwear,0.0006745173885844,en,uglybetty
placeinside,0.0006745173885844,en,uglybetty
herhusband,0.0006745173885844,en,uglybetty
eversaw,0.0006745173885844,en,uglybetty
outsomethe,0.0006745173885844,en,uglybetty
girlstalke,0.0006745173885844,en,uglybetty
saysthe,0.0006745173885844,en,uglybetty
thislater,0.0006745173885844,en,uglybetty
beinterrupte,0.0006745173885844,en,uglybetty
enjoyinga,0.0006745173885844,en,uglybetty
singaporecan,0.0006745173885844,en,uglybetty
knowany,0.0006745173885844,en,uglybetty
offthis,0.0006745173885844,en,uglybetty
farto,0.0006745173885844,en,uglybetty
smarterbefore,0.0006745173885844,en,uglybetty
pawsmight,0.0006745173885844,en,uglybetty
onwith,0.0006745173885844,en,uglybetty
politelyexcuse,0.0006745173885844,en,uglybetty
waterpipe,0.0006745173885844,en,uglybetty
crittersin,0.0006745173885844,en,uglybetty
anarticle,0.0006745173885844,en,uglybetty
scheduledthe,0.0006745173885844,en,uglybetty
appetiteafter,0.0006745173885844,en,uglybetty
finda,0.0006745173885844,en,uglybetty
goshoppe,0.0006745173885844,en,uglybetty
jobis,0.0006745173885844,en,uglybetty
fondof,0.0006745173885844,en,uglybetty
fishnibble,0.0006745173885844,en,uglybetty
cheerleadingfinal,0.0006745173885844,en,uglybetty
hadboth,0.0006745173885844,en,uglybetty
mehelp,0.0006745173885844,en,uglybetty
caseworkerwas,0.0006745173885844,en,uglybetty
womanhad,0.0006745173885844,en,uglybetty
hiroaki,0.0006745173885844,en,uglybetty
onetta,0.0006745173885844,en,uglybetty
confessionto,0.0006745173885844,en,uglybetty
offf,0.0006745173885844,en,uglybetty
reallyin,0.0006745173885844,en,uglybetty
youeverythe,0.0006745173885844,en,uglybetty
dayissue,0.0006745173885844,en,uglybetty
wonthe,0.0006745173885844,en,uglybetty
partak,0.0006745173885844,en,uglybetty
profe,0.0006745173885844,en,uglybetty
friendin,0.0006745173885844,en,uglybetty
plannedour,0.0006745173885844,en,uglybetty
boyswere,0.0006745173885844,en,uglybetty
teacherjust,0.0006745173885844,en,uglybetty
trinagot,0.0006745173885844,en,uglybetty
thisstill,0.0006745173885844,en,uglybetty
livedright,0.0006745173885844,en,uglybetty
cookedon,0.0006745173885844,en,uglybetty
townback,0.0006745173885844,en,uglybetty
throwingmy,0.0006745173885844,en,uglybetty
marriedbefore,0.0006745173885844,en,uglybetty
aretotally,0.0006745173885844,en,uglybetty
cannottell,0.0006745173885844,en,uglybetty
danielall,0.0006745173885844,en,uglybetty
tdeserve,0.0006745173885844,en,uglybetty
aresmokin,0.0006745173885844,en,uglybetty
earis,0.0006745173885844,en,uglybetty
granddaugter,0.0006745173885844,en,uglybetty
beenabout,0.0006745173885844,en,uglybetty
planon,0.0006745173885844,en,uglybetty
soona,0.0006745173885844,en,uglybetty
boardwalka,0.0006745173885844,en,uglybetty
toointo,0.0006745173885844,en,uglybetty
likeevery,0.0006745173885844,en,uglybetty
herba,0.0006745173885844,en,uglybetty
mcmartyr,0.0006745173885844,en,uglybetty
musbe,0.0006745173885844,en,uglybetty
ovheard,0.0006745173885844,en,uglybetty
describesfeede,0.0006745173885844,en,uglybetty
oneholde,0.0006745173885844,en,uglybetty
calledright,0.0006745173885844,en,uglybetty
hellaciously,0.0006745173885844,en,uglybetty
usanother,0.0006745173885844,en,uglybetty
placewhen,0.0006745173885844,en,uglybetty
buildingwante,0.0006745173885844,en,uglybetty
bradwa,0.0006745173885844,en,uglybetty
bradgrew,0.0006745173885844,en,uglybetty
exactlyare,0.0006745173885844,en,uglybetty
writtensomethe,0.0006745173885844,en,uglybetty
treturn,0.0006745173885844,en,uglybetty
earthdid,0.0006745173885844,en,uglybetty
youcompletely,0.0006745173885844,en,uglybetty
feeta,0.0006745173885844,en,uglybetty
insteprattle,0.0006745173885844,en,uglybetty
beenquite,0.0006745173885844,en,uglybetty
tracki,0.0006745173885844,en,uglybetty
rossner,0.0006745173885844,en,uglybetty
substituting,0.0006745173885844,en,uglybetty
herbaluxe,0.0006745173885844,en,uglybetty
bettyhead,0.0006745173885844,en,uglybetty
pagliacci,0.0006745173885844,en,uglybetty
shunner,0.0006745173885844,en,uglybetty
throug,0.0006745173885844,en,uglybetty
tastrophe,0.0006745173885844,en,uglybetty
lesbiantalking,0.0006745173885844,en,uglybetty
creaseon,0.0006745173885844,en,uglybetty
ismy,0.0006745173885844,en,uglybetty
meanto,0.0006745173885844,en,uglybetty
okayif,0.0006745173885844,en,uglybetty
littlewhile,0.0006745173885844,en,uglybetty
bebrad,0.0006745173885844,en,uglybetty
ruinedall,0.0006745173885844,en,uglybetty
specialtyof,0.0006745173885844,en,uglybetty
aretelle,0.0006745173885844,en,uglybetty
sellyour,0.0006745173885844,en,uglybetty
festivo,0.0006745173885844,en,uglybetty
sphynx,0.0006745173885844,en,uglybetty
icechip,0.0006745173885844,en,uglybetty
turnblad,0.0006745173885844,en,uglybetty
findthat,0.0006745173885844,en,uglybetty
walletin,0.0006745173885844,en,uglybetty
closesti,0.0006745173885844,en,uglybetty
disgustingto,0.0006745173885844,en,uglybetty
jil,0.0006745173885844,en,uglybetty
nominally,0.0006745173885844,en,uglybetty
hoochieville,0.0006745173885844,en,uglybetty
seppuku,0.0006745173885844,en,uglybetty
fashionistic,0.0006745173885844,en,uglybetty
reive,0.0006745173885844,en,uglybetty
wolfenstein,0.0006745173885844,en,uglybetty
taffe,0.0006745173885844,en,uglybetty
noisemaker,0.0006745173885844,en,uglybetty
teenybop,0.0006745173885844,en,uglybetty
cantare,0.0006745173885844,en,uglybetty
worthsomething,0.0006745173885844,en,uglybetty
trannyneed,0.0006745173885844,en,uglybetty
gothis,0.0006745173885844,en,uglybetty
leblon,0.0006745173885844,en,uglybetty
velost,0.0006745173885844,en,uglybetty
onin,0.0006745173885844,en,uglybetty
bathroomat,0.0006745173885844,en,uglybetty
hadenough,0.0006745173885844,en,uglybetty
pregnantand,0.0006745173885844,en,uglybetty
proveanythe,0.0006745173885844,en,uglybetty
putpetra,0.0006745173885844,en,uglybetty
careenough,0.0006745173885844,en,uglybetty
sadnessin,0.0006745173885844,en,uglybetty
paycheckin,0.0006745173885844,en,uglybetty
meetingat,0.0006745173885844,en,uglybetty
celebratewith,0.0006745173885844,en,uglybetty
wantthose,0.0006745173885844,en,uglybetty
wellat,0.0006745173885844,en,uglybetty
homewithout,0.0006745173885844,en,uglybetty
leftmy,0.0006745173885844,en,uglybetty
dealon,0.0006745173885844,en,uglybetty
inteste,0.0006745173885844,en,uglybetty
mitsy,0.0006745173885844,en,uglybetty
inkie,0.0006745173885844,en,uglybetty
mulan,0.0006745173885844,en,uglybetty
mezcal,0.0006745173885844,en,uglybetty
petroni,0.0006745173885844,en,uglybetty
duvali,0.0006745173885844,en,uglybetty
joelle,0.0006745173885844,en,uglybetty
estrous,0.0006745173885844,en,uglybetty
grubstink,0.0006745173885844,en,uglybetty
wilhe,0.0006745173885844,en,uglybetty
umpty,0.0006745173885844,en,uglybetty
christinastumble,0.0006745173885844,en,uglybetty
tonightwa,0.0006745173885844,en,uglybetty
phunk,0.0006745173885844,en,uglybetty
hoggin,0.0006745173885844,en,uglybetty
browed,0.0006745173885844,en,uglybetty
saunt,0.0006745173885844,en,uglybetty
underneathy,0.0006745173885844,en,uglybetty
aniel,0.0006745173885844,en,uglybetty
incapacitation,0.0006745173885844,en,uglybetty
direly,0.0006745173885844,en,uglybetty
chimichurr,0.0006745173885844,en,uglybetty
linte,0.0006745173885844,en,uglybetty
clappy,0.0006745173885844,en,uglybetty
weredestine,0.0006745173885844,en,uglybetty
picchu,0.0006745173885844,en,uglybetty
shango,0.0006745173885844,en,uglybetty
lympic,0.0006745173885844,en,uglybetty
tasy,0.0006745173885844,en,uglybetty
brut,0.0006745173885844,en,uglybetty
oshi,0.0006745173885844,en,uglybetty
thall,0.0006745173885844,en,uglybetty
partywise,0.0006745173885844,en,uglybetty
machaca,0.0006745173885844,en,uglybetty
bachelocity,0.0006745173885844,en,uglybetty
cuteinqueen,0.0006745173885844,en,uglybetty
beem,0.0006745173885844,en,uglybetty
djalo,0.0006745173885844,en,uglybetty
milfree,0.0006745173885844,en,uglybetty
natrique,0.0006745173885844,en,uglybetty
guccis,0.0006745173885844,en,uglybetty
eletor,0.0006745173885844,en,uglybetty
boylesque,0.0006745173885844,en,uglybetty
perdn,0.0006745173885844,en,uglybetty
candee,0.0006745173885844,en,uglybetty
jeezy,0.0006745173885844,en,uglybetty
merrymaking,0.0006745173885844,en,uglybetty
ower,0.0006745173885844,en,uglybetty
effortlessly,0.0006745173885844,en,uglybetty
amelie,0.0006745173885844,en,uglybetty
alover,0.0006745173885844,en,uglybetty
narciso,0.0006745173885844,en,uglybetty
decobbe,0.0006745173885844,en,uglybetty
egged,0.0006745173885844,en,uglybetty
cohoste,0.0006745173885844,en,uglybetty
tortoiseshell,0.0006745173885844,en,uglybetty
animagic,0.0006745173885844,en,uglybetty
scusey,0.0006745173885844,en,uglybetty
mcslutty,0.0006745173885844,en,uglybetty
indulged,0.0006745173885844,en,uglybetty
bouley,0.0006745173885844,en,uglybetty
etty,0.0006745173885844,en,uglybetty
dendrobium,0.0006745173885844,en,uglybetty
invisalign,0.0006745173885844,en,uglybetty
empanadas,0.0006745173885844,en,uglybetty
comparably,0.0006745173885844,en,uglybetty
waterford,0.0006745173885844,en,uglybetty
pawin,0.0006745173885844,en,uglybetty
competish,0.0006745173885844,en,uglybetty
oul,0.0006745173885844,en,uglybetty
modie,0.0006745173885844,en,uglybetty
getman,0.0006745173885844,en,uglybetty
nymphali,0.0006745173885844,en,uglybetty
milberti,0.0006745173885844,en,uglybetty
vivitar,0.0006745173885844,en,uglybetty
plada,0.0006745173885844,en,uglybetty
giftie,0.0006745173885844,en,uglybetty
fratty,0.0006745173885844,en,uglybetty
gonnabreak,0.0006745173885844,en,uglybetty
fah,0.0006745173885844,en,uglybetty
ignaciorule,0.0006745173885844,en,uglybetty
vanason,0.0006745173885844,en,uglybetty
schmoopy,0.0006745173885844,en,uglybetty
scrumptiously,0.0006745173885844,en,uglybetty
pukey,0.0006745173885844,en,uglybetty
paso,0.0006745173885844,en,uglybetty
tatric,0.0006745173885844,en,uglybetty
trapp,0.0006745173885844,en,uglybetty
edelweiss,0.0006745173885844,en,uglybetty
plinko,0.0006745173885844,en,uglybetty
must,0.0006745173885844,en,uglybetty
flitter,0.0006745173885844,en,uglybetty
lousier,0.0006745173885844,en,uglybetty
gaybe,0.0006745173885844,en,uglybetty
nnor,0.0006745173885844,en,uglybetty
uhoh,0.0006745173885844,en,uglybetty
slidy,0.0006745173885844,en,uglybetty
suzuk,0.0006745173885844,en,uglybetty
pickyour,0.0006745173885844,en,uglybetty
hanuka,0.0006745173885844,en,uglybetty
sorina,0.0006745173885844,en,uglybetty
droven,0.0006745173885844,en,uglybetty
boyfreind,0.0006745173885844,en,uglybetty
thisbusiness,0.0006745173885844,en,uglybetty
taver,0.0006745173885844,en,uglybetty
havepunche,0.0006745173885844,en,uglybetty
modeny,0.0006745173885844,en,uglybetty
guerlain,0.0006745173885844,en,uglybetty
stam,0.0006745173885844,en,uglybetty
suare,0.0006745173885844,en,uglybetty
reale,0.0006745173885844,en,uglybetty
alexisis,0.0006745173885844,en,uglybetty
ilse,0.0006745173885844,en,uglybetty
surgical,0.0006712524496146,en,uglybetty
workout,0.0006712524496146,en,uglybetty
rating,0.0006712524496146,en,uglybetty
spawn,0.0006712524496146,en,uglybetty
spear,0.0006712524496146,en,uglybetty
enthusiasm,0.0006712524496146,en,uglybetty
russian,0.0006706903050197,en,uglybetty
furniture,0.0006706903050197,en,uglybetty
stain,0.0006706903050197,en,uglybetty
scoop,0.0006703629034339,en,uglybetty
generous,0.0006696022834545,en,uglybetty
accomplish,0.0006696022834545,en,uglybetty
motion,0.0006696022834545,en,uglybetty
film,0.0006696022834545,en,uglybetty
leader,0.0006666472166899,en,uglybetty
operation,0.0006666472166899,en,uglybetty
inch,0.0006666472166899,en,uglybetty
fle,0.0006652947541245,en,uglybetty
hairline,0.0006652947541245,en,uglybetty
knockout,0.0006652947541245,en,uglybetty
columbus,0.0006652947541245,en,uglybetty
evelyn,0.0006652947541245,en,uglybetty
friday,0.0006652947541245,en,uglybetty
picasso,0.0006652947541245,en,uglybetty
smudge,0.0006652947541245,en,uglybetty
stylish,0.0006652947541245,en,uglybetty
seep,0.0006652947541245,en,uglybetty
moustache,0.0006652947541245,en,uglybetty
salsa,0.0006652947541245,en,uglybetty
bare,0.000664907410675,en,uglybetty
email,0.0006640578449657,en,uglybetty
snoop,0.0006640578449657,en,uglybetty
enforcement,0.0006640578449657,en,uglybetty
singer,0.0006640578449657,en,uglybetty
memorial,0.0006640578449657,en,uglybetty
itch,0.0006640578449657,en,uglybetty
troll,0.0006638727804861,en,uglybetty
tan,0.0006638727804861,en,uglybetty
syrup,0.0006638727804861,en,uglybetty
lighting,0.0006638727804861,en,uglybetty
curious,0.0006612979799912,en,uglybetty
shift,0.0006612979799912,en,uglybetty
effect,0.0006612979799912,en,uglybetty
orange,0.0006591963553864,en,uglybetty
shooting,0.0006591963553864,en,uglybetty
correspondent,0.0006587477327343,en,uglybetty
brisket,0.0006587477327343,en,uglybetty
benson,0.0006587477327343,en,uglybetty
retraction,0.0006587477327343,en,uglybetty
tibetan,0.0006587477327343,en,uglybetty
hoagie,0.0006587477327343,en,uglybetty
lexi,0.0006587477327343,en,uglybetty
scrunchie,0.0006587477327343,en,uglybetty
stumpy,0.0006587477327343,en,uglybetty
hind,0.0006587477327343,en,uglybetty
maguire,0.0006587477327343,en,uglybetty
anger,0.0006586558389831,en,uglybetty
concentrate,0.0006586558389831,en,uglybetty
counselor,0.0006578520828939,en,uglybetty
recreate,0.0006566553150933,en,uglybetty
bloom,0.0006566553150933,en,uglybetty
wheat,0.0006566553150933,en,uglybetty
vous,0.0006566553150933,en,uglybetty
meltdown,0.0006566553150933,en,uglybetty
skill,0.0006559967191557,en,uglybetty
sleazy,0.000655740786165,en,uglybetty
mojito,0.000655740786165,en,uglybetty
gem,0.000655740786165,en,uglybetty
tre,0.000655740786165,en,uglybetty
slimy,0.000655740786165,en,uglybetty
clash,0.000655740786165,en,uglybetty
wed,0.000655740786165,en,uglybetty
meyer,0.000655740786165,en,uglybetty
ferry,0.000655740786165,en,uglybetty
legend,0.0006535553761651,en,uglybetty
happiness,0.0006535553761651,en,uglybetty
frozen,0.0006535553761651,en,uglybetty
wise,0.0006532669678473,en,uglybetty
pursue,0.0006532669678473,en,uglybetty
gate,0.0006532669678473,en,uglybetty
fugitive,0.0006517425380727,en,uglybetty
brag,0.0006517425380727,en,uglybetty
chuck,0.0006517425380727,en,uglybetty
jealousy,0.0006517425380727,en,uglybetty
tad,0.0006495930761067,en,uglybetty
questionable,0.0006495930761067,en,uglybetty
jock,0.0006495930761067,en,uglybetty
stripe,0.0006495930761067,en,uglybetty
growl,0.0006495930761067,en,uglybetty
tube,0.0006479827741342,en,uglybetty
belly,0.0006479827741342,en,uglybetty
spoil,0.0006479827741342,en,uglybetty
bail,0.0006479328070077,en,uglybetty
swallow,0.0006479328070077,en,uglybetty
patch,0.0006479328070077,en,uglybetty
breather,0.0006465221152068,en,uglybetty
unresolved,0.0006465221152068,en,uglybetty
rinse,0.0006465221152068,en,uglybetty
burp,0.0006465221152068,en,uglybetty
caviar,0.0006465221152068,en,uglybetty
drugstore,0.0006465221152068,en,uglybetty
disastrous,0.0006465221152068,en,uglybetty
shriek,0.0006465221152068,en,uglybetty
billboard,0.0006465221152068,en,uglybetty
potty,0.0006465221152068,en,uglybetty
trump,0.0006457262723967,en,uglybetty
humble,0.0006457262723967,en,uglybetty
thoughtful,0.0006457262723967,en,uglybetty
danger,0.0006455347359337,en,uglybetty
clock,0.0006455347359337,en,uglybetty
escapee,0.0006429770081944,en,uglybetty
angus,0.0006429770081944,en,uglybetty
palette,0.0006429770081944,en,uglybetty
manolo,0.0006429770081944,en,uglybetty
snowy,0.0006429770081944,en,uglybetty
salami,0.0006429770081944,en,uglybetty
hazelnut,0.0006429770081944,en,uglybetty
messed,0.0006429770081944,en,uglybetty
recuse,0.0006429770081944,en,uglybetty
mabel,0.0006429770081944,en,uglybetty
tush,0.0006429770081944,en,uglybetty
felon,0.0006426795269374,en,uglybetty
ribbon,0.0006426795269374,en,uglybetty
dart,0.0006426795269374,en,uglybetty
outsider,0.0006426795269374,en,uglybetty
pupil,0.0006426795269374,en,uglybetty
penthouse,0.0006426795269374,en,uglybetty
cube,0.0006426795269374,en,uglybetty
behavior,0.000642652256732,en,uglybetty
uncomfortable,0.000642652256732,en,uglybetty
beast,0.0006424769114572,en,uglybetty
kit,0.0006424769114572,en,uglybetty
payment,0.0006424769114572,en,uglybetty
tuck,0.0006424769114572,en,uglybetty
lost,0.0006424769114572,en,uglybetty
dialing,0.0006376160024828,en,uglybetty
shelly,0.0006376160024828,en,uglybetty
headset,0.0006376160024828,en,uglybetty
seduction,0.0006376160024828,en,uglybetty
justice,0.0006374242501165,en,uglybetty
pure,0.0006374242501165,en,uglybetty
battle,0.0006374242501165,en,uglybetty
guilt,0.0006374242501165,en,uglybetty
alert,0.0006374242501165,en,uglybetty
argument,0.0006374242501165,en,uglybetty
precious,0.0006370362084484,en,uglybetty
corpse,0.0006370362084484,en,uglybetty
forgot,0.0006370362084484,en,uglybetty
enter,0.0006352547094997,en,uglybetty
butcher,0.0006339624809854,en,uglybetty
satisfy,0.0006339624809854,en,uglybetty
robot,0.0006339624809854,en,uglybetty
inject,0.0006339624809854,en,uglybetty
shallow,0.0006339624809854,en,uglybetty
hostile,0.0006339624809854,en,uglybetty
oven,0.0006339624809854,en,uglybetty
gallery,0.0006339624809854,en,uglybetty
river,0.0006322477517927,en,uglybetty
success,0.0006322477517927,en,uglybetty
remote,0.0006316591408524,en,uglybetty
stole,0.0006316591408524,en,uglybetty
bleed,0.0006301809734451,en,uglybetty
romeo,0.000629274340934,en,uglybetty
globe,0.000629274340934,en,uglybetty
manny,0.0006290019466705,en,uglybetty
marco,0.0006290019466705,en,uglybetty
meadow,0.0006290019466705,en,uglybetty
preference,0.0006290019466705,en,uglybetty
craziness,0.0006290019466705,en,uglybetty
chivalry,0.0006290019466705,en,uglybetty
leopard,0.0006290019466705,en,uglybetty
saltine,0.0006283755979096,en,uglybetty
rome,0.0006283755979096,en,uglybetty
socialite,0.0006283755979096,en,uglybetty
seasick,0.0006283755979096,en,uglybetty
perspiration,0.0006283755979096,en,uglybetty
ravish,0.0006283755979096,en,uglybetty
bungalow,0.0006283755979096,en,uglybetty
jose,0.0006283755979096,en,uglybetty
bendy,0.0006283755979096,en,uglybetty
blowhard,0.0006283755979096,en,uglybetty
nuh,0.0006283755979096,en,uglybetty
tryingto,0.0006283755979096,en,uglybetty
vent,0.0006282097109711,en,uglybetty
tour,0.0006271217566967,en,uglybetty
nuts,0.0006271217566967,en,uglybetty
training,0.0006271217566967,en,uglybetty
necessarily,0.0006263442372803,en,uglybetty
horn,0.0006263442372803,en,uglybetty
triple,0.0006263442372803,en,uglybetty
kidnapper,0.000622771525347,en,uglybetty
katie,0.000622771525347,en,uglybetty
backseat,0.000622771525347,en,uglybetty
privately,0.000622771525347,en,uglybetty
grown,0.0006225397175031,en,uglybetty
banana,0.0006225397175031,en,uglybetty
petty,0.0006225397175031,en,uglybetty
disappointment,0.0006225397175031,en,uglybetty
seventh,0.0006225397175031,en,uglybetty
actual,0.0006220452888977,en,uglybetty
near,0.0006220452888977,en,uglybetty
lab,0.0006220452888977,en,uglybetty
pot,0.0006220452888977,en,uglybetty
clue,0.0006220452888977,en,uglybetty
spamalot,0.0006212584995374,en,uglybetty
gelman,0.0006212584995374,en,uglybetty
trendsetter,0.0006212584995374,en,uglybetty
beforeyou,0.0006212584995374,en,uglybetty
neverleft,0.0006212584995374,en,uglybetty
understandhow,0.0006212584995374,en,uglybetty
marriedto,0.0006212584995374,en,uglybetty
balthazar,0.0006212584995374,en,uglybetty
likeall,0.0006212584995374,en,uglybetty
merman,0.0006212584995374,en,uglybetty
nella,0.0006212584995374,en,uglybetty
valderrama,0.0006212584995374,en,uglybetty
evidenceto,0.0006212584995374,en,uglybetty
littlenervous,0.0006212584995374,en,uglybetty
papito,0.0006212584995374,en,uglybetty
reenter,0.0006212584995374,en,uglybetty
yousince,0.0006212584995374,en,uglybetty
bih,0.0006212584995374,en,uglybetty
dcolletage,0.0006212584995374,en,uglybetty
byne,0.0006212584995374,en,uglybetty
familly,0.0006212584995374,en,uglybetty
elke,0.0006212584995374,en,uglybetty
burge,0.0006212584995374,en,uglybetty
shouldput,0.0006212584995374,en,uglybetty
waitto,0.0006212584995374,en,uglybetty
youwere,0.0006212584995374,en,uglybetty
wilmont,0.0006212584995374,en,uglybetty
schenectady,0.0006212584995374,en,uglybetty
believethis,0.0006212584995374,en,uglybetty
dressler,0.0006212584995374,en,uglybetty
dowhat,0.0006212584995374,en,uglybetty
youafter,0.0006212584995374,en,uglybetty
whoyou,0.0006212584995374,en,uglybetty
dillyo,0.0006212584995374,en,uglybetty
twirling,0.0006212584995374,en,uglybetty
secaucus,0.0006212584995374,en,uglybetty
neverhave,0.0006212584995374,en,uglybetty
gutsto,0.0006212584995374,en,uglybetty
themto,0.0006212584995374,en,uglybetty
trasher,0.0006212584995374,en,uglybetty
bedoe,0.0006212584995374,en,uglybetty
youtell,0.0006212584995374,en,uglybetty
ivanka,0.0006212584995374,en,uglybetty
somethingreally,0.0006212584995374,en,uglybetty
swarovski,0.0006212584995374,en,uglybetty
mende,0.0006212584995374,en,uglybetty
dowithout,0.0006212584995374,en,uglybetty
neverseen,0.0006212584995374,en,uglybetty
thanks,0.0006212584995374,en,uglybetty
laguardia,0.0006212584995374,en,uglybetty
brodeo,0.0006212584995374,en,uglybetty
sigle,0.0006212584995374,en,uglybetty
vitation,0.0006212584995374,en,uglybetty
learnto,0.0006212584995374,en,uglybetty
puttanesca,0.0006212584995374,en,uglybetty
bradshaw,0.0006212584995374,en,uglybetty
minimalism,0.0006212584995374,en,uglybetty
missoni,0.0006212584995374,en,uglybetty
vampira,0.0006212584995374,en,uglybetty
oyou,0.0006212584995374,en,uglybetty
larious,0.0006212584995374,en,uglybetty
toake,0.0006212584995374,en,uglybetty
manwhore,0.0006212584995374,en,uglybetty
frache,0.0006212584995374,en,uglybetty
huffington,0.0006212584995374,en,uglybetty
everythingis,0.0006212584995374,en,uglybetty
scarve,0.0006212584995374,en,uglybetty
dga,0.0006212584995374,en,uglybetty
spoketo,0.0006212584995374,en,uglybetty
wayshe,0.0006212584995374,en,uglybetty
aregonna,0.0006212584995374,en,uglybetty
thatbig,0.0006212584995374,en,uglybetty
littlemore,0.0006212584995374,en,uglybetty
couldhelp,0.0006212584995374,en,uglybetty
takinga,0.0006212584995374,en,uglybetty
towatch,0.0006212584995374,en,uglybetty
thinkingmore,0.0006212584995374,en,uglybetty
nast,0.0006212584995374,en,uglybetty
tkeep,0.0006212584995374,en,uglybetty
beout,0.0006212584995374,en,uglybetty
topof,0.0006212584995374,en,uglybetty
whatdo,0.0006212584995374,en,uglybetty
qianqe,0.0006212584995374,en,uglybetty
bungeed,0.0006212584995374,en,uglybetty
bialy,0.0006212584995374,en,uglybetty
johansson,0.0006212584995374,en,uglybetty
reot,0.0006212584995374,en,uglybetty
pittman,0.0006212584995374,en,uglybetty
stoptalke,0.0006212584995374,en,uglybetty
numpty,0.0006212584995374,en,uglybetty
eventalke,0.0006212584995374,en,uglybetty
underuse,0.0006212584995374,en,uglybetty
fabian,0.0006212584995374,en,uglybetty
paramus,0.0006212584995374,en,uglybetty
dressin,0.0006212584995374,en,uglybetty
pecorino,0.0006212584995374,en,uglybetty
lucie,0.0006212584995374,en,uglybetty
aspirational,0.0006212584995374,en,uglybetty
powdering,0.0006212584995374,en,uglybetty
gotmore,0.0006212584995374,en,uglybetty
rabanne,0.0006212584995374,en,uglybetty
realrelationship,0.0006212584995374,en,uglybetty
tartan,0.0006212584995374,en,uglybetty
somethingwe,0.0006212584995374,en,uglybetty
researchon,0.0006212584995374,en,uglybetty
youfind,0.0006212584995374,en,uglybetty
seenmy,0.0006212584995374,en,uglybetty
beforei,0.0006212584995374,en,uglybetty
chairlift,0.0006212584995374,en,uglybetty
valu,0.0006212584995374,en,uglybetty
couldget,0.0006212584995374,en,uglybetty
youput,0.0006212584995374,en,uglybetty
meover,0.0006212584995374,en,uglybetty
peoplein,0.0006212584995374,en,uglybetty
tilda,0.0006212584995374,en,uglybetty
sheepshead,0.0006212584995374,en,uglybetty
rolfe,0.0006212584995374,en,uglybetty
abelard,0.0006212584995374,en,uglybetty
payaso,0.0006212584995374,en,uglybetty
galvin,0.0006212584995374,en,uglybetty
tseen,0.0006212584995374,en,uglybetty
hostessing,0.0006212584995374,en,uglybetty
bey,0.0006212584995374,en,uglybetty
dreamland,0.0006212584995374,en,uglybetty
tun,0.0006212584995374,en,uglybetty
passel,0.0006212584995374,en,uglybetty
bcause,0.0006212584995374,en,uglybetty
helpyou,0.0006212584995374,en,uglybetty
volare,0.0006212584995374,en,uglybetty
thinkingshe,0.0006212584995374,en,uglybetty
workwith,0.0006212584995374,en,uglybetty
tunnel,0.0006210900767933,en,uglybetty
brow,0.0006206613996438,en,uglybetty
kudo,0.0006206613996438,en,uglybetty
carlo,0.0006206613996438,en,uglybetty
smelly,0.0006206613996438,en,uglybetty
thursday,0.0006206613996438,en,uglybetty
drown,0.000617017400483,en,uglybetty
truck,0.000617017400483,en,uglybetty
signal,0.000617017400483,en,uglybetty
describe,0.000617017400483,en,uglybetty
camp,0.000617017400483,en,uglybetty
material,0.000617017400483,en,uglybetty
certificate,0.0006169501521908,en,uglybetty
terrified,0.0006169501521908,en,uglybetty
seize,0.0006169501521908,en,uglybetty
louder,0.0006163949860376,en,uglybetty
phillip,0.0006163949860376,en,uglybetty
dryer,0.0006163949860376,en,uglybetty
grandchild,0.0006163949860376,en,uglybetty
insecure,0.0006163949860376,en,uglybetty
perfection,0.0006163949860376,en,uglybetty
upper,0.000615895286622,en,uglybetty
overhaul,0.000614782010148,en,uglybetty
enchilada,0.000614782010148,en,uglybetty
hairdo,0.000614782010148,en,uglybetty
mocking,0.000614782010148,en,uglybetty
hotness,0.000614782010148,en,uglybetty
longtime,0.000614782010148,en,uglybetty
tiara,0.000614782010148,en,uglybetty
kimberly,0.000614782010148,en,uglybetty
foxy,0.000614782010148,en,uglybetty
temperamental,0.000614782010148,en,uglybetty
jackson,0.000614782010148,en,uglybetty
jody,0.000614782010148,en,uglybetty
forthcoming,0.000612577525979,en,uglybetty
exhausting,0.000612577525979,en,uglybetty
kathy,0.000612577525979,en,uglybetty
fetal,0.000612577525979,en,uglybetty
stressed,0.000612577525979,en,uglybetty
braid,0.000612577525979,en,uglybetty
psst,0.000612577525979,en,uglybetty
bouquet,0.000612577525979,en,uglybetty
stride,0.000612577525979,en,uglybetty
dazzle,0.000612577525979,en,uglybetty
refugee,0.000612577525979,en,uglybetty
maine,0.000612577525979,en,uglybetty
carton,0.000612577525979,en,uglybetty
mission,0.0006120371704954,en,uglybetty
exchange,0.0006120371704954,en,uglybetty
claw,0.000611438765184,en,uglybetty
extraordinary,0.000611438765184,en,uglybetty
exam,0.000611438765184,en,uglybetty
production,0.000611438765184,en,uglybetty
obsess,0.0006107585400135,en,uglybetty
phil,0.0006101399120362,en,uglybetty
flick,0.0006101399120362,en,uglybetty
chili,0.0006101399120362,en,uglybetty
deer,0.0006101399120362,en,uglybetty
automatically,0.0006101399120362,en,uglybetty
wood,0.0006071037039211,en,uglybetty
compare,0.0006071037039211,en,uglybetty
picnic,0.0006060033997357,en,uglybetty
fork,0.0006060033997357,en,uglybetty
motive,0.0006056785541975,en,uglybetty
shadow,0.0006056785541975,en,uglybetty
poo,0.0006047349983715,en,uglybetty
imprint,0.0006047349983715,en,uglybetty
whew,0.0006047349983715,en,uglybetty
upright,0.0006047349983715,en,uglybetty
foil,0.0006047349983715,en,uglybetty
universal,0.0006040017621791,en,uglybetty
slate,0.0006040017621791,en,uglybetty
pharmacy,0.0006040017621791,en,uglybetty
fare,0.0006040017621791,en,uglybetty
overseas,0.0006040017621791,en,uglybetty
spectacular,0.0006040017621791,en,uglybetty
lobster,0.0006040017621791,en,uglybetty
baggage,0.0006040017621791,en,uglybetty
attempt,0.0006022161307242,en,uglybetty
holy,0.0006022161307242,en,uglybetty
broken,0.0006022161307242,en,uglybetty
traipse,0.0006020660580188,en,uglybetty
skydive,0.0006020660580188,en,uglybetty
raman,0.0006020660580188,en,uglybetty
soleil,0.0006020660580188,en,uglybetty
sideburn,0.0006020660580188,en,uglybetty
culturally,0.0006020660580188,en,uglybetty
painful,0.0006006540884635,en,uglybetty
fate,0.0006006540884635,en,uglybetty
relevant,0.000600641987135,en,uglybetty
craft,0.000600641987135,en,uglybetty
wage,0.000600641987135,en,uglybetty
hockey,0.0005979762453042,en,uglybetty
squirrel,0.0005979762453042,en,uglybetty
rehearse,0.0005979762453042,en,uglybetty
nod,0.0005979762453042,en,uglybetty
lace,0.0005979762453042,en,uglybetty
leadership,0.0005979762453042,en,uglybetty
sour,0.0005979762453042,en,uglybetty
value,0.0005973736049255,en,uglybetty
kenny,0.0005971198227166,en,uglybetty
bakery,0.0005971198227166,en,uglybetty
furry,0.0005971198227166,en,uglybetty
occasion,0.0005956839423419,en,uglybetty
recall,0.0005956839423419,en,uglybetty
chinese,0.0005956839423419,en,uglybetty
excitement,0.0005953525419799,en,uglybetty
gum,0.0005953525419799,en,uglybetty
coin,0.0005953525419799,en,uglybetty
master,0.0005925753037243,en,uglybetty
threat,0.0005925753037243,en,uglybetty
pray,0.0005925753037243,en,uglybetty
scale,0.0005907669538822,en,uglybetty
movement,0.0005907669538822,en,uglybetty
rope,0.0005907669538822,en,uglybetty
sickness,0.0005901331577633,en,uglybetty
porn,0.0005901331577633,en,uglybetty
invisible,0.0005901331577633,en,uglybetty
royally,0.0005901212570645,en,uglybetty
pique,0.0005901212570645,en,uglybetty
vamp,0.0005901212570645,en,uglybetty
horoscope,0.0005901212570645,en,uglybetty
clockwise,0.0005901212570645,en,uglybetty
hanukkah,0.0005901212570645,en,uglybetty
famish,0.0005901212570645,en,uglybetty
simplicity,0.0005901212570645,en,uglybetty
ordain,0.0005901212570645,en,uglybetty
retrograde,0.0005901212570645,en,uglybetty
degenerate,0.0005897191878372,en,uglybetty
farewell,0.0005897191878372,en,uglybetty
classical,0.0005897191878372,en,uglybetty
criticize,0.0005897191878372,en,uglybetty
loading,0.0005897191878372,en,uglybetty
tabloid,0.0005897191878372,en,uglybetty
iceberg,0.0005897191878372,en,uglybetty
harper,0.0005897191878372,en,uglybetty
cremate,0.0005897191878372,en,uglybetty
scoot,0.0005897191878372,en,uglybetty
curly,0.0005897191878372,en,uglybetty
god,0.0005878204266588,en,uglybetty
gas,0.0005878204266588,en,uglybetty
whispering,0.0005862470893286,en,uglybetty
bravo,0.0005862470893286,en,uglybetty
host,0.0005859019980227,en,uglybetty
sin,0.0005859019980227,en,uglybetty
monitor,0.0005859019980227,en,uglybetty
ink,0.0005849820027474,en,uglybetty
celebration,0.0005849820027474,en,uglybetty
swelter,0.0005834707163938,en,uglybetty
begone,0.0005834707163938,en,uglybetty
artisanal,0.0005834707163938,en,uglybetty
cosi,0.0005834707163938,en,uglybetty
oneto,0.0005834707163938,en,uglybetty
bolero,0.0005834707163938,en,uglybetty
whoopi,0.0005834707163938,en,uglybetty
haggis,0.0005834707163938,en,uglybetty
stillman,0.0005834707163938,en,uglybetty
helpwith,0.0005834707163938,en,uglybetty
loompa,0.0005834707163938,en,uglybetty
oompa,0.0005834707163938,en,uglybetty
thingis,0.0005834707163938,en,uglybetty
reshoot,0.0005834707163938,en,uglybetty
memy,0.0005834707163938,en,uglybetty
linty,0.0005834707163938,en,uglybetty
feelabout,0.0005834707163938,en,uglybetty
asada,0.0005834707163938,en,uglybetty
nevergoe,0.0005834707163938,en,uglybetty
meall,0.0005834707163938,en,uglybetty
withyour,0.0005834707163938,en,uglybetty
farber,0.0005834707163938,en,uglybetty
disgraced,0.0005834707163938,en,uglybetty
flaked,0.0005834707163938,en,uglybetty
winslet,0.0005834707163938,en,uglybetty
employable,0.0005834707163938,en,uglybetty
doble,0.0005834707163938,en,uglybetty
bizzare,0.0005834707163938,en,uglybetty
dillydally,0.0005834707163938,en,uglybetty
ezra,0.0005834707163938,en,uglybetty
emaciated,0.0005834707163938,en,uglybetty
walkinto,0.0005834707163938,en,uglybetty
isyour,0.0005834707163938,en,uglybetty
ferragamo,0.0005834707163938,en,uglybetty
inky,0.0005834707163938,en,uglybetty
deejaying,0.0005834707163938,en,uglybetty
nondairy,0.0005834707163938,en,uglybetty
plunk,0.0005834707163938,en,uglybetty
havesome,0.0005834707163938,en,uglybetty
placein,0.0005834707163938,en,uglybetty
campy,0.0005834707163938,en,uglybetty
audacious,0.0005834707163938,en,uglybetty
digg,0.0005834707163938,en,uglybetty
embarazada,0.0005834707163938,en,uglybetty
charmaine,0.0005834707163938,en,uglybetty
deel,0.0005834707163938,en,uglybetty
tomkat,0.0005834707163938,en,uglybetty
flava,0.0005834707163938,en,uglybetty
oneon,0.0005834707163938,en,uglybetty
ingl,0.0005834707163938,en,uglybetty
reggaeton,0.0005834707163938,en,uglybetty
futur,0.0005834707163938,en,uglybetty
diarie,0.0005834707163938,en,uglybetty
wang,0.0005834707163938,en,uglybetty
flab,0.0005834707163938,en,uglybetty
dgame,0.0005834707163938,en,uglybetty
deliriously,0.0005834707163938,en,uglybetty
woa,0.0005834707163938,en,uglybetty
fantastico,0.0005834707163938,en,uglybetty
pido,0.0005834707163938,en,uglybetty
snuffleupagus,0.0005834707163938,en,uglybetty
warmly,0.0005834707163938,en,uglybetty
scabie,0.0005834707163938,en,uglybetty
seeou,0.0005834707163938,en,uglybetty
girlwho,0.0005834707163938,en,uglybetty
backstab,0.0005834707163938,en,uglybetty
robyn,0.0005834707163938,en,uglybetty
riffing,0.0005834707163938,en,uglybetty
archibald,0.0005834707163938,en,uglybetty
agreeto,0.0005834707163938,en,uglybetty
weinstock,0.0005834707163938,en,uglybetty
dubayy,0.0005834707163938,en,uglybetty
astor,0.0005834707163938,en,uglybetty
notin,0.0005834707163938,en,uglybetty
saidit,0.0005834707163938,en,uglybetty
saysyou,0.0005834707163938,en,uglybetty
deserved,0.0005834707163938,en,uglybetty
ridic,0.0005834707163938,en,uglybetty
hertzog,0.0005834707163938,en,uglybetty
tankini,0.0005834707163938,en,uglybetty
hayride,0.0005834707163938,en,uglybetty
arenot,0.0005834707163938,en,uglybetty
novocaine,0.0005834707163938,en,uglybetty
ishis,0.0005834707163938,en,uglybetty
timea,0.0005834707163938,en,uglybetty
sorryyou,0.0005834707163938,en,uglybetty
dwyer,0.0005834707163938,en,uglybetty
pictureof,0.0005834707163938,en,uglybetty
meanyou,0.0005834707163938,en,uglybetty
truckful,0.0005834707163938,en,uglybetty
perra,0.0005834707163938,en,uglybetty
opulence,0.0005834707163938,en,uglybetty
bevy,0.0005834707163938,en,uglybetty
ipanema,0.0005834707163938,en,uglybetty
aboutmy,0.0005834707163938,en,uglybetty
orthodontia,0.0005834707163938,en,uglybetty
womanin,0.0005834707163938,en,uglybetty
muchi,0.0005834707163938,en,uglybetty
peoplewere,0.0005834707163938,en,uglybetty
momand,0.0005834707163938,en,uglybetty
expectto,0.0005834707163938,en,uglybetty
bushnell,0.0005834707163938,en,uglybetty
meabout,0.0005834707163938,en,uglybetty
muchlike,0.0005834707163938,en,uglybetty
tio,0.0005834707163938,en,uglybetty
endive,0.0005834707163938,en,uglybetty
havetold,0.0005834707163938,en,uglybetty
viennese,0.0005834707163938,en,uglybetty
startwith,0.0005834707163938,en,uglybetty
outin,0.0005834707163938,en,uglybetty
blowoff,0.0005834707163938,en,uglybetty
thatshe,0.0005834707163938,en,uglybetty
knife,0.000583108194805,en,uglybetty
pointer,0.0005825213358046,en,uglybetty
volt,0.0005825213358046,en,uglybetty
summit,0.0005825213358046,en,uglybetty
reassign,0.0005825213358046,en,uglybetty
yearbook,0.0005825213358046,en,uglybetty
indiscretion,0.0005825213358046,en,uglybetty
frenzy,0.0005825213358046,en,uglybetty
performance,0.0005810879850452,en,uglybetty
role,0.0005810879850452,en,uglybetty
zone,0.0005810879850452,en,uglybetty
blur,0.0005805359635319,en,uglybetty
stressful,0.0005805359635319,en,uglybetty
chess,0.0005805359635319,en,uglybetty
porch,0.0005805359635319,en,uglybetty
avenue,0.0005805359635319,en,uglybetty
rhyme,0.0005805359635319,en,uglybetty
collector,0.0005805359635319,en,uglybetty
barge,0.0005805359635319,en,uglybetty
pork,0.0005805359635319,en,uglybetty
instance,0.0005798973161043,en,uglybetty
alright,0.0005798973161043,en,uglybetty
problemo,0.0005788593991638,en,uglybetty
skipper,0.0005788593991638,en,uglybetty
forwards,0.0005788593991638,en,uglybetty
pimple,0.0005788593991638,en,uglybetty
enroll,0.0005788593991638,en,uglybetty
crease,0.0005788593991638,en,uglybetty
enrage,0.0005788593991638,en,uglybetty
burritos,0.0005788593991638,en,uglybetty
heroine,0.0005788593991638,en,uglybetty
diego,0.0005788593991638,en,uglybetty
menopause,0.0005788593991638,en,uglybetty
ciao,0.0005788593991638,en,uglybetty
falafel,0.0005788593991638,en,uglybetty
chico,0.0005788593991638,en,uglybetty
homecome,0.0005788593991638,en,uglybetty
tryst,0.0005788593991638,en,uglybetty
stepmom,0.0005788593991638,en,uglybetty
thoughtless,0.0005788593991638,en,uglybetty
seaboard,0.0005788593991638,en,uglybetty
infusion,0.0005788593991638,en,uglybetty
non,0.0005763238591102,en,uglybetty
blank,0.0005763238591102,en,uglybetty
useless,0.0005763238591102,en,uglybetty
weather,0.0005763238591102,en,uglybetty
diabetic,0.0005755154495568,en,uglybetty
cinnamon,0.0005755154495568,en,uglybetty
downhill,0.0005755154495568,en,uglybetty
muffle,0.0005755154495568,en,uglybetty
outlet,0.0005749224686134,en,uglybetty
walker,0.0005749224686134,en,uglybetty
jog,0.0005749224686134,en,uglybetty
shrimp,0.0005749224686134,en,uglybetty
exhausted,0.0005748774043026,en,uglybetty
goal,0.0005716085968663,en,uglybetty
desert,0.0005716085968663,en,uglybetty
flush,0.0005716085968663,en,uglybetty
anytime,0.0005716085968663,en,uglybetty
slave,0.0005699206377215,en,uglybetty
torch,0.0005699206377215,en,uglybetty
whiskey,0.000569403322627,en,uglybetty
eastern,0.000569403322627,en,uglybetty
lipstick,0.000569403322627,en,uglybetty
sticky,0.000569403322627,en,uglybetty
applaud,0.0005686915551174,en,uglybetty
poll,0.0005686915551174,en,uglybetty
bathing,0.0005686915551174,en,uglybetty
tetanus,0.0005682065954535,en,uglybetty
topping,0.0005682065954535,en,uglybetty
unrest,0.0005682065954535,en,uglybetty
honored,0.0005682065954535,en,uglybetty
talente,0.0005682065954535,en,uglybetty
famine,0.0005682065954535,en,uglybetty
scotland,0.0005682065954535,en,uglybetty
cashmere,0.0005682065954535,en,uglybetty
brady,0.0005682065954535,en,uglybetty
embezzle,0.0005682065954535,en,uglybetty
decor,0.0005682065954535,en,uglybetty
west,0.0005669412061318,en,uglybetty
advance,0.0005669412061318,en,uglybetty
solid,0.0005669412061318,en,uglybetty
steak,0.0005650254474741,en,uglybetty
stamp,0.0005650254474741,en,uglybetty
powder,0.0005650254474741,en,uglybetty
golf,0.0005650254474741,en,uglybetty
rubber,0.0005650254474741,en,uglybetty
sober,0.0005650254474741,en,uglybetty
severe,0.0005650254474741,en,uglybetty
purpose,0.0005646708528886,en,uglybetty
autograph,0.0005639754063832,en,uglybetty
lawsuit,0.0005639754063832,en,uglybetty
athlete,0.0005639754063832,en,uglybetty
eternal,0.0005639754063832,en,uglybetty
delightful,0.0005639754063832,en,uglybetty
refrigerator,0.0005639754063832,en,uglybetty
failure,0.0005623207246405,en,uglybetty
century,0.0005623207246405,en,uglybetty
softly,0.0005620404361955,en,uglybetty
vanity,0.0005620404361955,en,uglybetty
misplace,0.0005620404361955,en,uglybetty
ale,0.0005620404361955,en,uglybetty
delighted,0.0005620404361955,en,uglybetty
mumble,0.0005620404361955,en,uglybetty
veil,0.0005620404361955,en,uglybetty
devour,0.0005620404361955,en,uglybetty
unexpected,0.0005601903224273,en,uglybetty
error,0.0005601903224273,en,uglybetty
foundation,0.0005601903224273,en,uglybetty
rot,0.0005601903224273,en,uglybetty
political,0.0005601903224273,en,uglybetty
corporate,0.0005601903224273,en,uglybetty
indian,0.0005586357528616,en,uglybetty
fiber,0.0005586357528616,en,uglybetty
unnamed,0.0005581003354326,en,uglybetty
israeli,0.0005581003354326,en,uglybetty
puerto,0.0005581003354326,en,uglybetty
subtlety,0.0005581003354326,en,uglybetty
clipper,0.0005581003354326,en,uglybetty
beet,0.0005581003354326,en,uglybetty
tolerant,0.0005581003354326,en,uglybetty
eggnog,0.0005581003354326,en,uglybetty
demean,0.0005581003354326,en,uglybetty
hydrate,0.0005581003354326,en,uglybetty
refer,0.0005577462188519,en,uglybetty
ellen,0.0005555535593327,en,uglybetty
corp,0.0005555535593327,en,uglybetty
sunday,0.0005555535593327,en,uglybetty
iced,0.0005555535593327,en,uglybetty
rustle,0.0005555535593327,en,uglybetty
manipulative,0.0005555535593327,en,uglybetty
underage,0.0005555535593327,en,uglybetty
greasy,0.0005555535593327,en,uglybetty
stairwell,0.0005555535593327,en,uglybetty
cushion,0.0005555535593327,en,uglybetty
hinge,0.0005555535593327,en,uglybetty
carpet,0.0005554138064007,en,uglybetty
audience,0.0005554138064007,en,uglybetty
technique,0.0005554138064007,en,uglybetty
novocain,0.0005541602346696,en,uglybetty
herin,0.0005541602346696,en,uglybetty
ponchos,0.0005541602346696,en,uglybetty
somer,0.0005541602346696,en,uglybetty
maybeyou,0.0005541602346696,en,uglybetty
extol,0.0005541602346696,en,uglybetty
feckless,0.0005541602346696,en,uglybetty
sucha,0.0005541602346696,en,uglybetty
lockjaw,0.0005541602346696,en,uglybetty
grubman,0.0005541602346696,en,uglybetty
fabulously,0.0005541602346696,en,uglybetty
iton,0.0005541602346696,en,uglybetty
latke,0.0005541602346696,en,uglybetty
chimichanga,0.0005541602346696,en,uglybetty
dishwashing,0.0005541602346696,en,uglybetty
marsala,0.0005541602346696,en,uglybetty
shouldjust,0.0005541602346696,en,uglybetty
capris,0.0005541602346696,en,uglybetty
dimmer,0.0005541602346696,en,uglybetty
seconde,0.0005541602346696,en,uglybetty
bergen,0.0005541602346696,en,uglybetty
dolt,0.0005541602346696,en,uglybetty
chartreuse,0.0005541602346696,en,uglybetty
iroc,0.0005541602346696,en,uglybetty
jordy,0.0005541602346696,en,uglybetty
faberg,0.0005541602346696,en,uglybetty
cosby,0.0005541602346696,en,uglybetty
lynx,0.0005541602346696,en,uglybetty
rapido,0.0005541602346696,en,uglybetty
tull,0.0005541602346696,en,uglybetty
sitch,0.0005541602346696,en,uglybetty
makeyour,0.0005541602346696,en,uglybetty
engraved,0.0005541602346696,en,uglybetty
besiege,0.0005541602346696,en,uglybetty
coquette,0.0005541602346696,en,uglybetty
acapulco,0.0005541602346696,en,uglybetty
hablar,0.0005541602346696,en,uglybetty
orgasmic,0.0005541602346696,en,uglybetty
frise,0.0005541602346696,en,uglybetty
een,0.0005541602346696,en,uglybetty
diggs,0.0005541602346696,en,uglybetty
arroz,0.0005541602346696,en,uglybetty
cornrow,0.0005541602346696,en,uglybetty
olivi,0.0005541602346696,en,uglybetty
underaged,0.0005541602346696,en,uglybetty
buongiorno,0.0005541602346696,en,uglybetty
meback,0.0005541602346696,en,uglybetty
boozehound,0.0005541602346696,en,uglybetty
youtake,0.0005541602346696,en,uglybetty
soldering,0.0005541602346696,en,uglybetty
nouveau,0.0005541602346696,en,uglybetty
jawline,0.0005541602346696,en,uglybetty
rocco,0.0005541602346696,en,uglybetty
scraper,0.0005541602346696,en,uglybetty
hijo,0.0005541602346696,en,uglybetty
along,0.0005541602346696,en,uglybetty
sce,0.0005541602346696,en,uglybetty
merriment,0.0005541602346696,en,uglybetty
saythat,0.0005541602346696,en,uglybetty
lotabout,0.0005541602346696,en,uglybetty
menswear,0.0005541602346696,en,uglybetty
mork,0.0005541602346696,en,uglybetty
wil,0.0005541602346696,en,uglybetty
marisol,0.0005541602346696,en,uglybetty
exac,0.0005541602346696,en,uglybetty
hotbed,0.0005541602346696,en,uglybetty
delicioso,0.0005541602346696,en,uglybetty
yoghurt,0.0005541602346696,en,uglybetty
pronouncement,0.0005541602346696,en,uglybetty
herea,0.0005541602346696,en,uglybetty
familia,0.0005541602346696,en,uglybetty
ooh,0.0005541602346696,en,uglybetty
knewit,0.0005541602346696,en,uglybetty
yousome,0.0005541602346696,en,uglybetty
rethe,0.0005541602346696,en,uglybetty
gis,0.0005541602346696,en,uglybetty
mary,0.0005533815374714,en,uglybetty
fax,0.0005533815374714,en,uglybetty
supervisor,0.0005533815374714,en,uglybetty
drip,0.0005533815374714,en,uglybetty
ashe,0.0005533815374714,en,uglybetty
lack,0.0005532167828186,en,uglybetty
rob,0.0005532167828186,en,uglybetty
route,0.0005532167828186,en,uglybetty
accuse,0.0005532167828186,en,uglybetty
heal,0.0005532167828186,en,uglybetty
agent,0.0005532167828186,en,uglybetty
reasonable,0.0005506944955347,en,uglybetty
jar,0.0005506944955347,en,uglybetty
kidding,0.0005506944955347,en,uglybetty
behalf,0.0005506944955347,en,uglybetty
arch,0.000549223008071,en,uglybetty
matching,0.000549223008071,en,uglybetty
memento,0.0005484872643392,en,uglybetty
frivolous,0.0005484872643392,en,uglybetty
eyelash,0.0005484872643392,en,uglybetty
deejay,0.0005484872643392,en,uglybetty
tsunami,0.0005484872643392,en,uglybetty
recession,0.0005484872643392,en,uglybetty
granola,0.0005484872643392,en,uglybetty
wheeze,0.0005484872643392,en,uglybetty
uncalled,0.0005484872643392,en,uglybetty
almond,0.0005484872643392,en,uglybetty
reevaluate,0.0005484872643392,en,uglybetty
broadcast,0.0005482100690783,en,uglybetty
relaxed,0.0005482100690783,en,uglybetty
offensive,0.0005482100690783,en,uglybetty
provoke,0.0005482100690783,en,uglybetty
suffering,0.0005482100690783,en,uglybetty
erase,0.0005460310358129,en,uglybetty
mouse,0.0005460310358129,en,uglybetty
ancient,0.0005460310358129,en,uglybetty
mug,0.0005460310358129,en,uglybetty
repair,0.0005460310358129,en,uglybetty
slowly,0.0005442896277855,en,uglybetty
uncle,0.0005442896277855,en,uglybetty
vet,0.0005431187817272,en,uglybetty
visible,0.0005431187817272,en,uglybetty
piano,0.0005431187817272,en,uglybetty
british,0.0005431187817272,en,uglybetty
desperately,0.0005431187817272,en,uglybetty
scramble,0.0005431187817272,en,uglybetty
protein,0.0005431187817272,en,uglybetty
splash,0.0005431187817272,en,uglybetty
valentine,0.0005430414248683,en,uglybetty
bounty,0.0005430414248683,en,uglybetty
tile,0.0005430414248683,en,uglybetty
malt,0.0005430414248683,en,uglybetty
idol,0.0005430414248683,en,uglybetty
saw,0.0005430414248683,en,uglybetty
bro,0.0005414221207306,en,uglybetty
explore,0.0005414221207306,en,uglybetty
location,0.0005398902254226,en,uglybetty
stock,0.0005398902254226,en,uglybetty
bond,0.0005398902254226,en,uglybetty
taboo,0.0005393214780547,en,uglybetty
courtney,0.0005393214780547,en,uglybetty
dorky,0.0005393214780547,en,uglybetty
tweezer,0.0005393214780547,en,uglybetty
eleanor,0.0005393214780547,en,uglybetty
schoolteacher,0.0005393214780547,en,uglybetty
eyelid,0.0005393214780547,en,uglybetty
beige,0.0005393214780547,en,uglybetty
dante,0.0005393214780547,en,uglybetty
unveil,0.0005393214780547,en,uglybetty
fear,0.0005381739614506,en,uglybetty
nuclear,0.0005381052269972,en,uglybetty
buckle,0.0005381052269972,en,uglybetty
headline,0.0005381052269972,en,uglybetty
metaphor,0.0005381052269972,en,uglybetty
jungle,0.0005381052269972,en,uglybetty
vein,0.0005381052269972,en,uglybetty
keeper,0.0005381052269972,en,uglybetty
latch,0.0005370019596917,en,uglybetty
essay,0.0005370019596917,en,uglybetty
heather,0.0005370019596917,en,uglybetty
cheating,0.0005370019596917,en,uglybetty
install,0.0005370019596917,en,uglybetty
naturally,0.0005368664890974,en,uglybetty
organize,0.0005368664890974,en,uglybetty
grief,0.0005368664890974,en,uglybetty
planet,0.0005355325241835,en,uglybetty
require,0.0005355325241835,en,uglybetty
contribute,0.0005331670669309,en,uglybetty
jewish,0.0005310982243889,en,uglybetty
taking,0.0005310982243889,en,uglybetty
pajama,0.0005310982243889,en,uglybetty
indoor,0.0005310982243889,en,uglybetty
spiral,0.0005310982243889,en,uglybetty
casket,0.0005310982243889,en,uglybetty
thi,0.0005305631973419,en,uglybetty
whoosh,0.0005305631973419,en,uglybetty
flutter,0.0005305631973419,en,uglybetty
whitney,0.0005305631973419,en,uglybetty
progression,0.0005305631973419,en,uglybetty
complexion,0.0005305631973419,en,uglybetty
maximize,0.0005305631973419,en,uglybetty
wonderfully,0.0005305631973419,en,uglybetty
viper,0.0005305631973419,en,uglybetty
ther,0.0005305631973419,en,uglybetty
neon,0.0005305631973419,en,uglybetty
colossal,0.0005305631973419,en,uglybetty
guggenheim,0.0005302118273468,en,uglybetty
collette,0.0005302118273468,en,uglybetty
anemone,0.0005302118273468,en,uglybetty
chauvinistic,0.0005302118273468,en,uglybetty
evita,0.0005302118273468,en,uglybetty
renot,0.0005302118273468,en,uglybetty
sweepstake,0.0005302118273468,en,uglybetty
largo,0.0005302118273468,en,uglybetty
believei,0.0005302118273468,en,uglybetty
kellerman,0.0005302118273468,en,uglybetty
louboutin,0.0005302118273468,en,uglybetty
steamroll,0.0005302118273468,en,uglybetty
powerball,0.0005302118273468,en,uglybetty
segregation,0.0005302118273468,en,uglybetty
mah,0.0005302118273468,en,uglybetty
mylar,0.0005302118273468,en,uglybetty
gonnado,0.0005302118273468,en,uglybetty
vladivostok,0.0005302118273468,en,uglybetty
itwith,0.0005302118273468,en,uglybetty
clumpy,0.0005302118273468,en,uglybetty
someonewho,0.0005302118273468,en,uglybetty
baryshnikov,0.0005302118273468,en,uglybetty
lostyour,0.0005302118273468,en,uglybetty
dentistry,0.0005302118273468,en,uglybetty
astringent,0.0005302118273468,en,uglybetty
burberry,0.0005302118273468,en,uglybetty
reprise,0.0005302118273468,en,uglybetty
stacking,0.0005302118273468,en,uglybetty
barth,0.0005302118273468,en,uglybetty
conniving,0.0005302118273468,en,uglybetty
tonigh,0.0005302118273468,en,uglybetty
cutlet,0.0005302118273468,en,uglybetty
alcove,0.0005302118273468,en,uglybetty
jazzercise,0.0005302118273468,en,uglybetty
turban,0.0005302118273468,en,uglybetty
shi,0.0005302118273468,en,uglybetty
notary,0.0005302118273468,en,uglybetty
personwho,0.0005302118273468,en,uglybetty
loveto,0.0005302118273468,en,uglybetty
louisa,0.0005302118273468,en,uglybetty
montauk,0.0005302118273468,en,uglybetty
blackmailing,0.0005302118273468,en,uglybetty
velvety,0.0005302118273468,en,uglybetty
sme,0.0005302118273468,en,uglybetty
pleat,0.0005302118273468,en,uglybetty
cyclone,0.0005302118273468,en,uglybetty
jing,0.0005302118273468,en,uglybetty
ger,0.0005302118273468,en,uglybetty
pewter,0.0005302118273468,en,uglybetty
retouch,0.0005302118273468,en,uglybetty
machination,0.0005302118273468,en,uglybetty
detract,0.0005302118273468,en,uglybetty
gether,0.0005302118273468,en,uglybetty
dora,0.0005302118273468,en,uglybetty
nigel,0.0005302118273468,en,uglybetty
violator,0.0005302118273468,en,uglybetty
repurpose,0.0005302118273468,en,uglybetty
choreograph,0.0005302118273468,en,uglybetty
prussian,0.0005302118273468,en,uglybetty
frizzy,0.0005302118273468,en,uglybetty
bosworth,0.0005302118273468,en,uglybetty
floe,0.0005302118273468,en,uglybetty
gangly,0.0005302118273468,en,uglybetty
maritime,0.0005302118273468,en,uglybetty
frizz,0.0005302118273468,en,uglybetty
messengere,0.0005302118273468,en,uglybetty
perforated,0.0005302118273468,en,uglybetty
regis,0.0005302118273468,en,uglybetty
dander,0.0005302118273468,en,uglybetty
photojournalist,0.0005302118273468,en,uglybetty
misery,0.0005283020674878,en,uglybetty
vomit,0.0005283020674878,en,uglybetty
exotic,0.0005283020674878,en,uglybetty
surprisingly,0.0005283020674878,en,uglybetty
humor,0.000527910245676,en,uglybetty
speaking,0.000527910245676,en,uglybetty
cater,0.0005253242520746,en,uglybetty
dedicated,0.0005253242520746,en,uglybetty
billionaire,0.0005253242520746,en,uglybetty
mute,0.0005253242520746,en,uglybetty
housewife,0.0005253242520746,en,uglybetty
crumb,0.0005253242520746,en,uglybetty
expel,0.0005253242520746,en,uglybetty
waist,0.0005253242520746,en,uglybetty
mustard,0.0005253242520746,en,uglybetty
rant,0.0005253242520746,en,uglybetty
diaper,0.0005235080924759,en,uglybetty
inherit,0.0005235080924759,en,uglybetty
luxury,0.0005235080924759,en,uglybetty
authorize,0.0005235080924759,en,uglybetty
unacceptable,0.0005235080924759,en,uglybetty
merely,0.0005235080924759,en,uglybetty
confusing,0.0005235080924759,en,uglybetty
filter,0.0005235080924759,en,uglybetty
downtown,0.0005235073200115,en,uglybetty
main,0.0005227019043098,en,uglybetty
presumptuous,0.0005221777244484,en,uglybetty
botch,0.0005221777244484,en,uglybetty
caress,0.0005221777244484,en,uglybetty
shoplifting,0.0005221777244484,en,uglybetty
chamomile,0.0005221777244484,en,uglybetty
lam,0.0005221777244484,en,uglybetty
hardwood,0.0005221777244484,en,uglybetty
ave,0.0005221777244484,en,uglybetty
hamster,0.0005221777244484,en,uglybetty
meow,0.0005221777244484,en,uglybetty
punching,0.0005221777244484,en,uglybetty
subscribe,0.0005221777244484,en,uglybetty
helen,0.0005221777244484,en,uglybetty
commendation,0.0005221777244484,en,uglybetty
thrive,0.0005196744608853,en,uglybetty
archive,0.0005196744608853,en,uglybetty
bowling,0.0005196744608853,en,uglybetty
supervision,0.0005196744608853,en,uglybetty
marketing,0.0005196744608853,en,uglybetty
plumber,0.0005196744608853,en,uglybetty
climate,0.0005196744608853,en,uglybetty
shout,0.000519153046455,en,uglybetty
loan,0.000519153046455,en,uglybetty
cave,0.000519153046455,en,uglybetty
bruise,0.000519153046455,en,uglybetty
gut,0.0005185033907588,en,uglybetty
awake,0.0005185033907588,en,uglybetty
request,0.0005185033907588,en,uglybetty
farm,0.0005148463615401,en,uglybetty
task,0.0005148463615401,en,uglybetty
upside,0.0005148463615401,en,uglybetty
patience,0.0005148463615401,en,uglybetty
jet,0.0005148463615401,en,uglybetty
slight,0.0005148463615401,en,uglybetty
sky,0.0005143428733265,en,uglybetty
overly,0.0005141436215499,en,uglybetty
nursing,0.0005141436215499,en,uglybetty
squeal,0.0005141436215499,en,uglybetty
awareness,0.0005141436215499,en,uglybetty
banger,0.0005141346128463,en,uglybetty
seasoned,0.0005141346128463,en,uglybetty
trashy,0.0005141346128463,en,uglybetty
nudity,0.0005141346128463,en,uglybetty
scarlet,0.0005141346128463,en,uglybetty
rebirth,0.0005141346128463,en,uglybetty
gulp,0.0005141346128463,en,uglybetty
arc,0.0005141346128463,en,uglybetty
pulitzer,0.0005141346128463,en,uglybetty
errand,0.0005141251268257,en,uglybetty
bully,0.0005141251268257,en,uglybetty
mini,0.0005141251268257,en,uglybetty
fortunately,0.0005141251268257,en,uglybetty
prepared,0.000510586236293,en,uglybetty
coward,0.000510586236293,en,uglybetty
relative,0.000510586236293,en,uglybetty
intense,0.000510586236293,en,uglybetty
provide,0.0005102196704544,en,uglybetty
tuchus,0.0005099637374637,en,uglybetty
upwith,0.0005099637374637,en,uglybetty
tribeca,0.0005099637374637,en,uglybetty
albacore,0.0005099637374637,en,uglybetty
someof,0.0005099637374637,en,uglybetty
freeload,0.0005099637374637,en,uglybetty
abt,0.0005099637374637,en,uglybetty
wnba,0.0005099637374637,en,uglybetty
blotchy,0.0005099637374637,en,uglybetty
showerhead,0.0005099637374637,en,uglybetty
pisce,0.0005099637374637,en,uglybetty
transgender,0.0005099637374637,en,uglybetty
ruminate,0.0005099637374637,en,uglybetty
fugly,0.0005099637374637,en,uglybetty
salazar,0.0005099637374637,en,uglybetty
guywho,0.0005099637374637,en,uglybetty
sbeen,0.0005099637374637,en,uglybetty
matriarch,0.0005099637374637,en,uglybetty
offstage,0.0005099637374637,en,uglybetty
gonnaget,0.0005099637374637,en,uglybetty
beagle,0.0005099637374637,en,uglybetty
burlap,0.0005099637374637,en,uglybetty
meh,0.0005099637374637,en,uglybetty
reopening,0.0005099637374637,en,uglybetty
sorryi,0.0005099637374637,en,uglybetty
kilt,0.0005099637374637,en,uglybetty
periodical,0.0005099637374637,en,uglybetty
punky,0.0005099637374637,en,uglybetty
boxy,0.0005099637374637,en,uglybetty
serpentine,0.0005099637374637,en,uglybetty
crikey,0.0005099637374637,en,uglybetty
mosey,0.0005099637374637,en,uglybetty
squeezy,0.0005099637374637,en,uglybetty
elton,0.0005099637374637,en,uglybetty
unqualified,0.0005099637374637,en,uglybetty
knowwhat,0.0005099637374637,en,uglybetty
believeyou,0.0005099637374637,en,uglybetty
attuned,0.0005099637374637,en,uglybetty
refinement,0.0005099637374637,en,uglybetty
stewie,0.0005099637374637,en,uglybetty
veuve,0.0005099637374637,en,uglybetty
drainpipe,0.0005099637374637,en,uglybetty
eso,0.0005099637374637,en,uglybetty
odious,0.0005099637374637,en,uglybetty
haute,0.0005099637374637,en,uglybetty
bergman,0.0005099637374637,en,uglybetty
werejust,0.0005099637374637,en,uglybetty
bellhop,0.0005099637374637,en,uglybetty
guv,0.0005099637374637,en,uglybetty
audiotape,0.0005099637374637,en,uglybetty
shivs,0.0005099637374637,en,uglybetty
arugula,0.0005099637374637,en,uglybetty
underhanded,0.0005099637374637,en,uglybetty
firestarter,0.0005099637374637,en,uglybetty
galore,0.0005099637374637,en,uglybetty
hada,0.0005099637374637,en,uglybetty
slowpoke,0.0005099637374637,en,uglybetty
nascar,0.0005099637374637,en,uglybetty
grieve,0.00050953230432,en,uglybetty
exploit,0.00050953230432,en,uglybetty
rug,0.00050953230432,en,uglybetty
traitor,0.00050953230432,en,uglybetty
liver,0.00050953230432,en,uglybetty
axe,0.0005087268283048,en,uglybetty
retain,0.0005087268283048,en,uglybetty
statistic,0.0005087268283048,en,uglybetty
comeback,0.0005087268283048,en,uglybetty
drool,0.0005087268283048,en,uglybetty
economic,0.0005087268283048,en,uglybetty
cloth,0.0005087268283048,en,uglybetty
badass,0.0005087268283048,en,uglybetty
due,0.0005064069999085,en,uglybetty
leslie,0.0005064069999085,en,uglybetty
audrey,0.0005064069999085,en,uglybetty
stanley,0.0005064069999085,en,uglybetty
mea,0.0005064069999085,en,uglybetty
fisher,0.0005064069999085,en,uglybetty
flannel,0.0005064069999085,en,uglybetty
grande,0.0005064069999085,en,uglybetty
adamant,0.0005064069999085,en,uglybetty
boutique,0.0005064069999085,en,uglybetty
suspicious,0.0005063716747561,en,uglybetty
paranoid,0.0005063716747561,en,uglybetty
combine,0.0005050028331131,en,uglybetty
generally,0.0005050028331131,en,uglybetty
obligation,0.0005050028331131,en,uglybetty
lease,0.0005050028331131,en,uglybetty
zoo,0.0005050028331131,en,uglybetty
ounce,0.0005050028331131,en,uglybetty
rash,0.0005050028331131,en,uglybetty
righty,0.0005034194727472,en,uglybetty
tequila,0.0005034194727472,en,uglybetty
priceless,0.0005034194727472,en,uglybetty
digest,0.0005034194727472,en,uglybetty
assembly,0.0005034194727472,en,uglybetty
underneath,0.0005034194727472,en,uglybetty
batter,0.0005034194727472,en,uglybetty
sally,0.0005034194727472,en,uglybetty
effective,0.0005022017125909,en,uglybetty
signature,0.0005022017125909,en,uglybetty
produce,0.0005022017125909,en,uglybetty
increase,0.0005022017125909,en,uglybetty
switch,0.0005020825723929,en,uglybetty
thinking,0.0005020825723929,en,uglybetty
circle,0.0005020825723929,en,uglybetty
loose,0.0005020825723929,en,uglybetty
zip,0.0005005349892792,en,uglybetty
bucket,0.0005005349892792,en,uglybetty
mud,0.0005005349892792,en,uglybetty
cabbage,0.0004989710655934,en,uglybetty
hanger,0.0004989710655934,en,uglybetty
moth,0.0004989710655934,en,uglybetty
bloke,0.0004989710655934,en,uglybetty
metallic,0.0004989710655934,en,uglybetty
deathbed,0.0004989710655934,en,uglybetty
painkiller,0.0004982172202776,en,uglybetty
swoop,0.0004982172202776,en,uglybetty
smear,0.0004982172202776,en,uglybetty
stroll,0.0004982172202776,en,uglybetty
sorrow,0.0004982172202776,en,uglybetty
elegant,0.0004982172202776,en,uglybetty
freaking,0.0004982172202776,en,uglybetty
disgust,0.0004982172202776,en,uglybetty
payroll,0.0004982172202776,en,uglybetty
morphine,0.0004982172202776,en,uglybetty
irresponsible,0.0004982172202776,en,uglybetty
bio,0.0004982172202776,en,uglybetty
pry,0.0004982172202776,en,uglybetty
friendship,0.000498075415753,en,uglybetty
smash,0.000498075415753,en,uglybetty
ashamed,0.000498075415753,en,uglybetty
ocean,0.000498075415753,en,uglybetty
dignity,0.0004961271183166,en,uglybetty
mob,0.0004961271183166,en,uglybetty
purchase,0.0004961271183166,en,uglybetty
recipe,0.0004961271183166,en,uglybetty
filthy,0.0004961271183166,en,uglybetty
emotion,0.0004939918792373,en,uglybetty
hill,0.0004939918792373,en,uglybetty
backup,0.0004939918792373,en,uglybetty
homemade,0.0004931159888301,en,uglybetty
christian,0.0004931159888301,en,uglybetty
utterly,0.0004931159888301,en,uglybetty
vibrate,0.0004931159888301,en,uglybetty
rethink,0.0004931159888301,en,uglybetty
cranky,0.0004931159888301,en,uglybetty
talmadge,0.0004924240442031,en,uglybetty
wrecked,0.0004924240442031,en,uglybetty
vermouth,0.0004924240442031,en,uglybetty
yon,0.0004924240442031,en,uglybetty
ugg,0.0004924240442031,en,uglybetty
ven,0.0004924240442031,en,uglybetty
chula,0.0004924240442031,en,uglybetty
downy,0.0004924240442031,en,uglybetty
uber,0.0004924240442031,en,uglybetty
slaw,0.0004924240442031,en,uglybetty
lourde,0.0004924240442031,en,uglybetty
ard,0.0004924240442031,en,uglybetty
pulley,0.0004924240442031,en,uglybetty
multicultural,0.0004924240442031,en,uglybetty
centurion,0.0004924240442031,en,uglybetty
pizzazz,0.0004924240442031,en,uglybetty
crit,0.0004924240442031,en,uglybetty
cambodian,0.0004924240442031,en,uglybetty
pimply,0.0004924240442031,en,uglybetty
joust,0.0004924240442031,en,uglybetty
backlash,0.0004924240442031,en,uglybetty
nordic,0.0004924240442031,en,uglybetty
sayi,0.0004924240442031,en,uglybetty
splurge,0.0004924240442031,en,uglybetty
overdraw,0.0004924240442031,en,uglybetty
thx,0.0004924240442031,en,uglybetty
peoplewho,0.0004924240442031,en,uglybetty
mongoose,0.0004924240442031,en,uglybetty
ney,0.0004924240442031,en,uglybetty
tangy,0.0004924240442031,en,uglybetty
geisha,0.0004924240442031,en,uglybetty
wastebasket,0.0004924240442031,en,uglybetty
sanitizer,0.0004924240442031,en,uglybetty
gumption,0.0004924240442031,en,uglybetty
femininity,0.0004924240442031,en,uglybetty
preempt,0.0004924240442031,en,uglybetty
thingyou,0.0004924240442031,en,uglybetty
homeand,0.0004924240442031,en,uglybetty
dutchman,0.0004924240442031,en,uglybetty
curler,0.0004924240442031,en,uglybetty
overqualifie,0.0004924240442031,en,uglybetty
sometng,0.0004924240442031,en,uglybetty
ser,0.0004924240442031,en,uglybetty
youin,0.0004924240442031,en,uglybetty
paperboy,0.0004924240442031,en,uglybetty
lara,0.0004924240442031,en,uglybetty
wellness,0.0004924240442031,en,uglybetty
armando,0.0004924240442031,en,uglybetty
nonnegotiable,0.0004924240442031,en,uglybetty
likea,0.0004924240442031,en,uglybetty
ican,0.0004924240442031,en,uglybetty
shirk,0.0004924240442031,en,uglybetty
whassup,0.0004924240442031,en,uglybetty
pero,0.0004924240442031,en,uglybetty
mefor,0.0004924240442031,en,uglybetty
pear,0.0004918055896237,en,uglybetty
digger,0.0004918055896237,en,uglybetty
madly,0.0004918055896237,en,uglybetty
voila,0.0004918055896237,en,uglybetty
clink,0.0004918055896237,en,uglybetty
freshly,0.0004918055896237,en,uglybetty
bitchy,0.0004918055896237,en,uglybetty
venom,0.0004918055896237,en,uglybetty
freebie,0.0004918055896237,en,uglybetty
dupe,0.0004918055896237,en,uglybetty
media,0.0004918055896237,en,uglybetty
resume,0.0004917776314694,en,uglybetty
therapist,0.0004917776314694,en,uglybetty
prisoner,0.0004899502258854,en,uglybetty
twin,0.0004899502258854,en,uglybetty
bore,0.0004899502258854,en,uglybetty
profound,0.0004881119296289,en,uglybetty
dim,0.0004881119296289,en,uglybetty
babysitter,0.0004881119296289,en,uglybetty
altar,0.0004881119296289,en,uglybetty
teenage,0.0004874850022895,en,uglybetty
suspend,0.0004874850022895,en,uglybetty
glow,0.0004874850022895,en,uglybetty
fluid,0.0004874850022895,en,uglybetty
military,0.0004859496052558,en,uglybetty
basic,0.0004859496052558,en,uglybetty
skating,0.0004848915864051,en,uglybetty
voter,0.0004848915864051,en,uglybetty
cheekbone,0.0004848915864051,en,uglybetty
charcoal,0.0004848915864051,en,uglybetty
gel,0.0004848915864051,en,uglybetty
gregory,0.0004848915864051,en,uglybetty
sandal,0.0004848915864051,en,uglybetty
drummer,0.0004848915864051,en,uglybetty
mocha,0.0004848915864051,en,uglybetty
mourning,0.0004848915864051,en,uglybetty
pitt,0.0004848915864051,en,uglybetty
bitter,0.0004832477634202,en,uglybetty
bark,0.0004832477634202,en,uglybetty
prep,0.0004832477634202,en,uglybetty
sympathy,0.0004832477634202,en,uglybetty
strap,0.0004832477634202,en,uglybetty
dock,0.0004832477634202,en,uglybetty
leap,0.0004832477634202,en,uglybetty
con,0.0004832477634202,en,uglybetty
buffet,0.0004832014097433,en,uglybetty
aisle,0.0004832014097433,en,uglybetty
association,0.0004832014097433,en,uglybetty
rookie,0.0004832014097433,en,uglybetty
kicking,0.0004832014097433,en,uglybetty
cooler,0.0004832014097433,en,uglybetty
funding,0.0004832014097433,en,uglybetty
shipping,0.0004832014097433,en,uglybetty
crunch,0.0004832014097433,en,uglybetty
glimpse,0.0004832014097433,en,uglybetty
warning,0.000481989192549,en,uglybetty
resist,0.000481989192549,en,uglybetty
valuable,0.000481989192549,en,uglybetty
stab,0.000481989192549,en,uglybetty
pace,0.0004790645035855,en,uglybetty
phrase,0.0004790645035855,en,uglybetty
sore,0.0004790645035855,en,uglybetty
federal,0.0004790645035855,en,uglybetty
messy,0.0004790645035855,en,uglybetty
unlikely,0.0004790645035855,en,uglybetty
kitty,0.0004783809962434,en,uglybetty
dorm,0.0004783809962434,en,uglybetty
overall,0.0004783809962434,en,uglybetty
dynamic,0.0004783809962434,en,uglybetty
blackberry,0.0004782120018621,en,uglybetty
shoplift,0.0004782120018621,en,uglybetty
cleansing,0.0004782120018621,en,uglybetty
ballroom,0.0004782120018621,en,uglybetty
slumber,0.0004782120018621,en,uglybetty
picket,0.0004782120018621,en,uglybetty
yike,0.0004782120018621,en,uglybetty
performer,0.0004782120018621,en,uglybetty
syllable,0.0004782120018621,en,uglybetty
speciman,0.0004782120018621,en,uglybetty
reaction,0.0004780681875873,en,uglybetty
attend,0.0004780681875873,en,uglybetty
substitution,0.0004769529382998,en,uglybetty
int,0.0004769529382998,en,uglybetty
talkabout,0.0004769529382998,en,uglybetty
shrek,0.0004769529382998,en,uglybetty
dinky,0.0004769529382998,en,uglybetty
skimpy,0.0004769529382998,en,uglybetty
cruella,0.0004769529382998,en,uglybetty
breezy,0.0004769529382998,en,uglybetty
provence,0.0004769529382998,en,uglybetty
planter,0.0004769529382998,en,uglybetty
facile,0.0004769529382998,en,uglybetty
lasso,0.0004769529382998,en,uglybetty
nepotism,0.0004769529382998,en,uglybetty
morte,0.0004769529382998,en,uglybetty
menorah,0.0004769529382998,en,uglybetty
wristwatch,0.0004769529382998,en,uglybetty
cometo,0.0004769529382998,en,uglybetty
brah,0.0004769529382998,en,uglybetty
snobby,0.0004769529382998,en,uglybetty
ruthie,0.0004769529382998,en,uglybetty
orangutan,0.0004769529382998,en,uglybetty
beena,0.0004769529382998,en,uglybetty
tropez,0.0004769529382998,en,uglybetty
scathing,0.0004769529382998,en,uglybetty
borough,0.0004769529382998,en,uglybetty
sandra,0.0004769529382998,en,uglybetty
joanne,0.0004769529382998,en,uglybetty
ravioli,0.0004769529382998,en,uglybetty
delectable,0.0004769529382998,en,uglybetty
fizzy,0.0004769529382998,en,uglybetty
netting,0.0004769529382998,en,uglybetty
molasse,0.0004769529382998,en,uglybetty
paraffin,0.0004769529382998,en,uglybetty
mousy,0.0004769529382998,en,uglybetty
likei,0.0004769529382998,en,uglybetty
whimsy,0.0004769529382998,en,uglybetty
byron,0.0004769529382998,en,uglybetty
albatross,0.0004769529382998,en,uglybetty
knowabout,0.0004769529382998,en,uglybetty
douchey,0.0004769529382998,en,uglybetty
paparazzo,0.0004769529382998,en,uglybetty
ronald,0.0004769529382998,en,uglybetty
buyout,0.0004769529382998,en,uglybetty
toughie,0.0004769529382998,en,uglybetty
westminster,0.0004769529382998,en,uglybetty
mink,0.0004769529382998,en,uglybetty
rivera,0.0004769529382998,en,uglybetty
sideof,0.0004769529382998,en,uglybetty
tinsel,0.0004769529382998,en,uglybetty
peon,0.0004769529382998,en,uglybetty
timberlake,0.0004769529382998,en,uglybetty
scintillate,0.0004769529382998,en,uglybetty
odorless,0.0004769529382998,en,uglybetty
hypoglycemic,0.0004769529382998,en,uglybetty
squire,0.0004769529382998,en,uglybetty
winehouse,0.0004769529382998,en,uglybetty
saidyou,0.0004769529382998,en,uglybetty
knowwhere,0.0004769529382998,en,uglybetty
rolodex,0.0004769529382998,en,uglybetty
texan,0.0004769529382998,en,uglybetty
mutton,0.0004769529382998,en,uglybetty
chihuahua,0.0004769529382998,en,uglybetty
beeline,0.0004769529382998,en,uglybetty
unforgive,0.0004769529382998,en,uglybetty
partof,0.0004769529382998,en,uglybetty
wringing,0.0004769529382998,en,uglybetty
vita,0.0004769529382998,en,uglybetty
seater,0.0004769529382998,en,uglybetty
forgiveness,0.0004749338647679,en,uglybetty
gig,0.0004749338647679,en,uglybetty
tab,0.0004749338647679,en,uglybetty
translate,0.0004749338647679,en,uglybetty
gotcha,0.0004749338647679,en,uglybetty
starter,0.0004749338647679,en,uglybetty
curse,0.0004749338647679,en,uglybetty
occur,0.0004741858138445,en,uglybetty
ranger,0.0004736474417837,en,uglybetty
rag,0.0004736474417837,en,uglybetty
glorious,0.0004736474417837,en,uglybetty
disappointing,0.0004736474417837,en,uglybetty
tickle,0.0004736474417837,en,uglybetty
wig,0.0004736474417837,en,uglybetty
sniffle,0.0004717514600029,en,uglybetty
catherine,0.0004717514600029,en,uglybetty
medically,0.0004717514600029,en,uglybetty
loo,0.0004717514600029,en,uglybetty
squish,0.0004717514600029,en,uglybetty
morally,0.0004717514600029,en,uglybetty
piggy,0.0004717514600029,en,uglybetty
ethnic,0.0004717514600029,en,uglybetty
stevie,0.0004717514600029,en,uglybetty
beautifully,0.0004717514600029,en,uglybetty
snicker,0.0004717514600029,en,uglybetty
grope,0.0004717514600029,en,uglybetty
pre,0.0004708545395617,en,uglybetty
bargain,0.0004708545395617,en,uglybetty
harmless,0.0004708545395617,en,uglybetty
tag,0.0004703413175225,en,uglybetty
input,0.0004689976714629,en,uglybetty
saying,0.0004689976714629,en,uglybetty
depress,0.0004689976714629,en,uglybetty
handwriting,0.0004689976714629,en,uglybetty
attraction,0.0004689976714629,en,uglybetty
delusional,0.0004689976714629,en,uglybetty
lure,0.0004668252686894,en,uglybetty
tub,0.0004668252686894,en,uglybetty
capture,0.0004665339666733,en,uglybetty
despicable,0.0004654960497329,en,uglybetty
lettuce,0.0004654960497329,en,uglybetty
dumbass,0.0004654960497329,en,uglybetty
occupation,0.0004654960497329,en,uglybetty
ordeal,0.0004654960497329,en,uglybetty
climbing,0.0004654960497329,en,uglybetty
hank,0.0004654960497329,en,uglybetty
darle,0.0004654960497329,en,uglybetty
tock,0.0004654960497329,en,uglybetty
discourage,0.0004654960497329,en,uglybetty
sturdy,0.0004654960497329,en,uglybetty
nazi,0.0004644287708255,en,uglybetty
martin,0.0004644287708255,en,uglybetty
hike,0.0004644287708255,en,uglybetty
insight,0.0004644287708255,en,uglybetty
buttload,0.000463113562479,en,uglybetty
handsy,0.000463113562479,en,uglybetty
hearst,0.000463113562479,en,uglybetty
mexico,0.000463113562479,en,uglybetty
backstabbing,0.000463113562479,en,uglybetty
sycophant,0.000463113562479,en,uglybetty
sexless,0.000463113562479,en,uglybetty
tassel,0.000463113562479,en,uglybetty
first,0.000463113562479,en,uglybetty
beyonce,0.000463113562479,en,uglybetty
disrobe,0.000463113562479,en,uglybetty
staffer,0.000463113562479,en,uglybetty
meyou,0.000463113562479,en,uglybetty
dictation,0.000463113562479,en,uglybetty
happend,0.000463113562479,en,uglybetty
frodo,0.000463113562479,en,uglybetty
uptick,0.000463113562479,en,uglybetty
bittersweet,0.000463113562479,en,uglybetty
tootsie,0.000463113562479,en,uglybetty
lotof,0.000463113562479,en,uglybetty
menopausal,0.000463113562479,en,uglybetty
bitsy,0.000463113562479,en,uglybetty
tnk,0.000463113562479,en,uglybetty
credo,0.000463113562479,en,uglybetty
brewster,0.000463113562479,en,uglybetty
dalmatian,0.000463113562479,en,uglybetty
isabelle,0.000463113562479,en,uglybetty
commemorative,0.000463113562479,en,uglybetty
ambience,0.000463113562479,en,uglybetty
bongo,0.000463113562479,en,uglybetty
husk,0.000463113562479,en,uglybetty
wilbur,0.000463113562479,en,uglybetty
serge,0.000463113562479,en,uglybetty
ernesto,0.000463113562479,en,uglybetty
couric,0.000463113562479,en,uglybetty
pocketbook,0.000463113562479,en,uglybetty
frumpy,0.000463113562479,en,uglybetty
hepburn,0.000463113562479,en,uglybetty
thinkwe,0.000463113562479,en,uglybetty
skillful,0.000463113562479,en,uglybetty
welding,0.000463113562479,en,uglybetty
drab,0.000463113562479,en,uglybetty
manicurist,0.000463113562479,en,uglybetty
levy,0.000463113562479,en,uglybetty
deliciously,0.000463113562479,en,uglybetty
devastated,0.000463113562479,en,uglybetty
casting,0.000463113562479,en,uglybetty
gigi,0.000463113562479,en,uglybetty
alike,0.0004628448386673,en,uglybetty
construction,0.0004628448386673,en,uglybetty
bake,0.0004628448386673,en,uglybetty
trauma,0.0004628448386673,en,uglybetty
whistle,0.0004628448386673,en,uglybetty
flesh,0.0004627630503622,en,uglybetty
string,0.0004627630503622,en,uglybetty
tourist,0.0004599379748907,en,uglybetty
peach,0.0004599379748907,en,uglybetty
sleeping,0.0004599379748907,en,uglybetty
induce,0.0004599379748907,en,uglybetty
ransom,0.0004599379748907,en,uglybetty
outer,0.0004599379748907,en,uglybetty
freshman,0.0004599379748907,en,uglybetty
wad,0.0004594331444842,en,uglybetty
walkin,0.0004594331444842,en,uglybetty
doggy,0.0004594331444842,en,uglybetty
delegate,0.0004594331444842,en,uglybetty
triangulate,0.0004594331444842,en,uglybetty
activist,0.0004594331444842,en,uglybetty
submarine,0.0004594331444842,en,uglybetty
tantrum,0.0004594331444842,en,uglybetty
humanitarian,0.0004594331444842,en,uglybetty
congressman,0.0004594331444842,en,uglybetty
asset,0.0004589120796123,en,uglybetty
hint,0.0004589120796123,en,uglybetty
unconscious,0.0004589120796123,en,uglybetty
pit,0.0004589120796123,en,uglybetty
tense,0.0004589120796123,en,uglybetty
mid,0.0004589120796123,en,uglybetty
esteem,0.0004555226581016,en,uglybetty
pirate,0.0004555226581016,en,uglybetty
praise,0.0004555226581016,en,uglybetty
pantie,0.0004555226581016,en,uglybetty
steer,0.0004555226581016,en,uglybetty
toothbrush,0.0004555226581016,en,uglybetty
target,0.0004553277779408,en,uglybetty
conscious,0.0004550258631774,en,uglybetty
hearing,0.0004550258631774,en,uglybetty
anniversary,0.0004550258631774,en,uglybetty
border,0.0004550258631774,en,uglybetty
misunderstanding,0.0004550258631774,en,uglybetty
method,0.0004550258631774,en,uglybetty
doin,0.0004550258631774,en,uglybetty
preposterous,0.0004535512487786,en,uglybetty
preview,0.0004535512487786,en,uglybetty
hangin,0.0004535512487786,en,uglybetty
girlie,0.0004535512487786,en,uglybetty
raiser,0.0004535512487786,en,uglybetty
mascot,0.0004535512487786,en,uglybetty
quickie,0.0004535512487786,en,uglybetty
hammer,0.0004511851006088,en,uglybetty
privilege,0.0004511851006088,en,uglybetty
interfere,0.0004511851006088,en,uglybetty
diamond,0.0004511851006088,en,uglybetty
foreign,0.0004511851006088,en,uglybetty
goat,0.0004511803251065,en,uglybetty
batch,0.0004511803251065,en,uglybetty
mat,0.0004511803251065,en,uglybetty
strangle,0.0004511803251065,en,uglybetty
jackass,0.0004511803251065,en,uglybetty
wiz,0.0004505943242271,en,uglybetty
luge,0.0004505943242271,en,uglybetty
boathouse,0.0004505943242271,en,uglybetty
oye,0.0004505943242271,en,uglybetty
yolk,0.0004505943242271,en,uglybetty
oat,0.0004505943242271,en,uglybetty
elliptical,0.0004505943242271,en,uglybetty
stupidly,0.0004505943242271,en,uglybetty
ijust,0.0004505943242271,en,uglybetty
dramamine,0.0004505943242271,en,uglybetty
pheasant,0.0004505943242271,en,uglybetty
peppy,0.0004505943242271,en,uglybetty
inquisitive,0.0004505943242271,en,uglybetty
isa,0.0004505943242271,en,uglybetty
tracksuit,0.0004505943242271,en,uglybetty
inclusion,0.0004505943242271,en,uglybetty
putrid,0.0004505943242271,en,uglybetty
hipster,0.0004505943242271,en,uglybetty
nelly,0.0004505943242271,en,uglybetty
tis,0.0004505943242271,en,uglybetty
cabana,0.0004505943242271,en,uglybetty
redone,0.0004505943242271,en,uglybetty
blasphemous,0.0004505943242271,en,uglybetty
wuv,0.0004505943242271,en,uglybetty
truss,0.0004505943242271,en,uglybetty
hayden,0.0004505943242271,en,uglybetty
ack,0.0004505943242271,en,uglybetty
uppity,0.0004505943242271,en,uglybetty
duckling,0.0004505943242271,en,uglybetty
bali,0.0004505943242271,en,uglybetty
auditor,0.0004505943242271,en,uglybetty
outshine,0.0004505943242271,en,uglybetty
taffeta,0.0004505943242271,en,uglybetty
porta,0.0004505943242271,en,uglybetty
torn,0.0004505943242271,en,uglybetty
criminology,0.0004505943242271,en,uglybetty
papaya,0.0004505943242271,en,uglybetty
haha,0.0004505943242271,en,uglybetty
exuberant,0.0004505943242271,en,uglybetty
hellare,0.0004505943242271,en,uglybetty
timeyou,0.0004505943242271,en,uglybetty
candace,0.0004505943242271,en,uglybetty
tos,0.0004505943242271,en,uglybetty
fishnet,0.0004505943242271,en,uglybetty
bookmark,0.0004505943242271,en,uglybetty
stirrup,0.0004505943242271,en,uglybetty
arbor,0.0004505943242271,en,uglybetty
oneof,0.0004505943242271,en,uglybetty
caliente,0.0004505943242271,en,uglybetty
cutout,0.0004505943242271,en,uglybetty
stampede,0.0004505943242271,en,uglybetty
catchphrase,0.0004505943242271,en,uglybetty
hilary,0.0004505943242271,en,uglybetty
adonis,0.0004505943242271,en,uglybetty
headway,0.0004478398670375,en,uglybetty
filing,0.0004478398670375,en,uglybetty
learner,0.0004478398670375,en,uglybetty
constructive,0.0004478398670375,en,uglybetty
switzerland,0.0004478398670375,en,uglybetty
bookie,0.0004478398670375,en,uglybetty
footage,0.0004473887409145,en,uglybetty
steel,0.0004473887409145,en,uglybetty
rage,0.0004473887409145,en,uglybetty
delete,0.0004469086022893,en,uglybetty
cramp,0.0004469086022893,en,uglybetty
diner,0.0004469086022893,en,uglybetty
discreet,0.0004469086022893,en,uglybetty
breeze,0.0004469086022893,en,uglybetty
terminate,0.0004469086022893,en,uglybetty
nightmare,0.0004444314777932,en,uglybetty
solve,0.0004444314777932,en,uglybetty
eliminate,0.0004436357691381,en,uglybetty
playing,0.0004436357691381,en,uglybetty
asap,0.0004427052299771,en,uglybetty
implant,0.0004427052299771,en,uglybetty
amazed,0.0004427052299771,en,uglybetty
niece,0.0004427052299771,en,uglybetty
latin,0.0004427052299771,en,uglybetty
interference,0.0004427052299771,en,uglybetty
howl,0.0004422893908779,en,uglybetty
mule,0.0004422893908779,en,uglybetty
lizard,0.0004422893908779,en,uglybetty
checkbook,0.0004422893908779,en,uglybetty
muck,0.0004422893908779,en,uglybetty
demand,0.0004408653199941,en,uglybetty
alarm,0.0004408653199941,en,uglybetty
particular,0.0004408653199941,en,uglybetty
repeat,0.0004408653199941,en,uglybetty
property,0.0004408653199941,en,uglybetty
manner,0.00043992520473,en,uglybetty
nicely,0.00043992520473,en,uglybetty
weakness,0.00043992520473,en,uglybetty
barracuda,0.0004391651551562,en,uglybetty
muy,0.0004391651551562,en,uglybetty
interruptus,0.0004391651551562,en,uglybetty
digress,0.0004391651551562,en,uglybetty
dissatisfied,0.0004391651551562,en,uglybetty
cinematic,0.0004391651551562,en,uglybetty
grazie,0.0004391651551562,en,uglybetty
jefe,0.0004391651551562,en,uglybetty
smidge,0.0004391651551562,en,uglybetty
banshee,0.0004391651551562,en,uglybetty
penelope,0.0004391651551562,en,uglybetty
gusto,0.0004391651551562,en,uglybetty
torrid,0.0004391651551562,en,uglybetty
racecar,0.0004391651551562,en,uglybetty
nestle,0.0004391651551562,en,uglybetty
kayla,0.0004391651551562,en,uglybetty
meticulously,0.0004391651551562,en,uglybetty
chernobyl,0.0004391651551562,en,uglybetty
hooky,0.0004391651551562,en,uglybetty
sheath,0.0004391651551562,en,uglybetty
demoralize,0.0004391651551562,en,uglybetty
snub,0.0004391651551562,en,uglybetty
liza,0.0004391651551562,en,uglybetty
nora,0.0004391651551562,en,uglybetty
communicator,0.0004391651551562,en,uglybetty
purview,0.0004391651551562,en,uglybetty
carey,0.0004391651551562,en,uglybetty
headlock,0.0004391651551562,en,uglybetty
sequin,0.0004391651551562,en,uglybetty
triumphant,0.0004391651551562,en,uglybetty
ghoulish,0.0004391651551562,en,uglybetty
pudgy,0.0004391651551562,en,uglybetty
kooky,0.0004391651551562,en,uglybetty
aerobics,0.0004391651551562,en,uglybetty
stealer,0.0004391651551562,en,uglybetty
fernando,0.0004391651551562,en,uglybetty
strapless,0.0004391651551562,en,uglybetty
oof,0.0004391651551562,en,uglybetty
versace,0.0004391651551562,en,uglybetty
fryer,0.0004391651551562,en,uglybetty
undergarment,0.0004391651551562,en,uglybetty
hairnet,0.0004391651551562,en,uglybetty
plead,0.0004385680552626,en,uglybetty
elephant,0.0004385680552626,en,uglybetty
prostitute,0.0004385680552626,en,uglybetty
eagle,0.0004385680552626,en,uglybetty
gently,0.0004385680552626,en,uglybetty
likely,0.0004373311461038,en,uglybetty
loft,0.0004368910018534,en,uglybetty
seemingly,0.0004368910018534,en,uglybetty
turnout,0.0004368910018534,en,uglybetty
chump,0.0004368910018534,en,uglybetty
jeremy,0.0004368910018534,en,uglybetty
hiccup,0.0004368910018534,en,uglybetty
internship,0.0004368910018534,en,uglybetty
tingle,0.0004368910018534,en,uglybetty
unicorn,0.0004368910018534,en,uglybetty
permanent,0.0004362561000096,en,uglybetty
fountain,0.0004344950253818,en,uglybetty
balloon,0.0004344950253818,en,uglybetty
cracker,0.0004344950253818,en,uglybetty
tasty,0.0004344950253818,en,uglybetty
ace,0.0004344950253818,en,uglybetty
thunder,0.0004344950253818,en,uglybetty
ladder,0.0004344950253818,en,uglybetty
access,0.000433828387508,en,uglybetty
foreplay,0.0004316365871676,en,uglybetty
bidder,0.0004316365871676,en,uglybetty
royalty,0.0004316365871676,en,uglybetty
parenting,0.0004316365871676,en,uglybetty
selfless,0.0004316365871676,en,uglybetty
stool,0.0004316365871676,en,uglybetty
distinctive,0.0004316365871676,en,uglybetty
groom,0.0004304841815978,en,uglybetty
absorb,0.0004304841815978,en,uglybetty
ingredient,0.0004304841815978,en,uglybetty
precisely,0.0004304841815978,en,uglybetty
supposedly,0.0004304841815978,en,uglybetty
teen,0.0004304841815978,en,uglybetty
biological,0.0004304841815978,en,uglybetty
tech,0.0004290386346168,en,uglybetty
stretch,0.0004290386346168,en,uglybetty
debt,0.0004290386346168,en,uglybetty
horrendous,0.0004286513387963,en,uglybetty
bop,0.0004286513387963,en,uglybetty
bethe,0.0004286513387963,en,uglybetty
tablecloth,0.0004286513387963,en,uglybetty
safekeepe,0.0004286513387963,en,uglybetty
iconic,0.0004286513387963,en,uglybetty
obama,0.0004286513387963,en,uglybetty
parolee,0.0004286513387963,en,uglybetty
wrangler,0.0004286513387963,en,uglybetty
shrewd,0.0004286513387963,en,uglybetty
mort,0.0004286513387963,en,uglybetty
trs,0.0004286513387963,en,uglybetty
infatuation,0.0004286513387963,en,uglybetty
emigrate,0.0004286513387963,en,uglybetty
publicize,0.0004286513387963,en,uglybetty
creatively,0.0004286513387963,en,uglybetty
fumigate,0.0004286513387963,en,uglybetty
hitchcock,0.0004286513387963,en,uglybetty
salmonella,0.0004286513387963,en,uglybetty
wheelbarrow,0.0004286513387963,en,uglybetty
slamming,0.0004286513387963,en,uglybetty
scruple,0.0004286513387963,en,uglybetty
overdress,0.0004286513387963,en,uglybetty
deportation,0.0004286513387963,en,uglybetty
moine,0.0004286513387963,en,uglybetty
bisexual,0.0004286513387963,en,uglybetty
ange,0.0004286513387963,en,uglybetty
gratis,0.0004286513387963,en,uglybetty
lumpy,0.0004286513387963,en,uglybetty
pronoun,0.0004286513387963,en,uglybetty
indispensable,0.0004286513387963,en,uglybetty
eden,0.0004286513387963,en,uglybetty
camelot,0.0004286513387963,en,uglybetty
sebastian,0.0004286513387963,en,uglybetty
toughen,0.0004286513387963,en,uglybetty
raving,0.0004286513387963,en,uglybetty
enoughto,0.0004286513387963,en,uglybetty
womanizer,0.0004286513387963,en,uglybetty
indigo,0.0004286513387963,en,uglybetty
wrinkly,0.0004286513387963,en,uglybetty
mio,0.0004286513387963,en,uglybetty
lyme,0.0004286513387963,en,uglybetty
succulent,0.0004286513387963,en,uglybetty
discovery,0.0004265336535447,en,uglybetty
guitar,0.0004265336535447,en,uglybetty
boost,0.0004265336535447,en,uglybetty
donation,0.0004265336535447,en,uglybetty
demon,0.0004265336535447,en,uglybetty
elderly,0.000426518666338,en,uglybetty
handshake,0.000426518666338,en,uglybetty
itchy,0.000426518666338,en,uglybetty
clich,0.000426518666338,en,uglybetty
toothpaste,0.000426518666338,en,uglybetty
nominate,0.000426518666338,en,uglybetty
glare,0.000426518666338,en,uglybetty
clog,0.000426518666338,en,uglybetty
juggle,0.000426518666338,en,uglybetty
crow,0.000426518666338,en,uglybetty
surrounding,0.000426518666338,en,uglybetty
incorporate,0.000426518666338,en,uglybetty
kinky,0.000426518666338,en,uglybetty
reporting,0.000426518666338,en,uglybetty
washing,0.000426518666338,en,uglybetty
erratic,0.000426518666338,en,uglybetty
therapeutic,0.000426518666338,en,uglybetty
nonetheless,0.000426518666338,en,uglybetty
unprofessional,0.000426518666338,en,uglybetty
trunk,0.0004254885302442,en,uglybetty
addiction,0.0004226416539902,en,uglybetty
disguise,0.0004226416539902,en,uglybetty
pat,0.0004226416539902,en,uglybetty
hon,0.0004226416539902,en,uglybetty
password,0.0004226416539902,en,uglybetty
annual,0.0004226416539902,en,uglybetty
preserve,0.0004226416539902,en,uglybetty
pipe,0.0004219763956301,en,uglybetty
basis,0.0004219763956301,en,uglybetty
blast,0.0004219763956301,en,uglybetty
disagree,0.0004219763956301,en,uglybetty
universe,0.0004219763956301,en,uglybetty
shaving,0.0004215303271466,en,uglybetty
teeny,0.0004215303271466,en,uglybetty
genetically,0.0004215303271466,en,uglybetty
steering,0.0004215303271466,en,uglybetty
cone,0.0004215303271466,en,uglybetty
bead,0.0004215303271466,en,uglybetty
token,0.0004215303271466,en,uglybetty
lather,0.0004189170652731,en,uglybetty
chowder,0.0004189170652731,en,uglybetty
tiki,0.0004189170652731,en,uglybetty
pantsuit,0.0004189170652731,en,uglybetty
coco,0.0004189170652731,en,uglybetty
nuthouse,0.0004189170652731,en,uglybetty
thave,0.0004189170652731,en,uglybetty
tarantula,0.0004189170652731,en,uglybetty
gingerbread,0.0004189170652731,en,uglybetty
offset,0.0004189170652731,en,uglybetty
coven,0.0004189170652731,en,uglybetty
pelvic,0.0004189170652731,en,uglybetty
mascara,0.0004189170652731,en,uglybetty
sthe,0.0004189170652731,en,uglybetty
mullet,0.0004189170652731,en,uglybetty
bloat,0.0004189170652731,en,uglybetty
philander,0.0004189170652731,en,uglybetty
punitive,0.0004189170652731,en,uglybetty
goto,0.0004189170652731,en,uglybetty
acclaim,0.0004189170652731,en,uglybetty
bluebird,0.0004189170652731,en,uglybetty
blinker,0.0004189170652731,en,uglybetty
oedipal,0.0004189170652731,en,uglybetty
burly,0.0004189170652731,en,uglybetty
bickering,0.0004189170652731,en,uglybetty
heavyweight,0.0004189170652731,en,uglybetty
jus,0.0004189170652731,en,uglybetty
weiss,0.0004189170652731,en,uglybetty
dandelion,0.0004189170652731,en,uglybetty
cyst,0.0004189170652731,en,uglybetty
glos,0.0004189170652731,en,uglybetty
wod,0.0004189170652731,en,uglybetty
cesar,0.0004189170652731,en,uglybetty
roberto,0.0004189170652731,en,uglybetty
wheezing,0.0004189170652731,en,uglybetty
caddie,0.0004189170652731,en,uglybetty
intermediary,0.0004189170652731,en,uglybetty
broth,0.0004189170652731,en,uglybetty
manger,0.0004189170652731,en,uglybetty
balm,0.0004189170652731,en,uglybetty
hyena,0.0004189170652731,en,uglybetty
tastic,0.0004189170652731,en,uglybetty
shrill,0.0004189170652731,en,uglybetty
dweeb,0.0004189170652731,en,uglybetty
sweetener,0.0004189170652731,en,uglybetty
booger,0.0004189170652731,en,uglybetty
peso,0.0004189170652731,en,uglybetty
strategize,0.0004189170652731,en,uglybetty
upin,0.0004189170652731,en,uglybetty
decadent,0.0004189170652731,en,uglybetty
aztec,0.0004189170652731,en,uglybetty
fawn,0.0004189170652731,en,uglybetty
custard,0.0004189170652731,en,uglybetty
gavel,0.0004189170652731,en,uglybetty
scrape,0.0004188064739807,en,uglybetty
shade,0.0004188064739807,en,uglybetty
congratulate,0.0004188064739807,en,uglybetty
absurd,0.0004188064739807,en,uglybetty
upgrade,0.0004188064739807,en,uglybetty
disrespect,0.0004188064739807,en,uglybetty
depression,0.0004188064739807,en,uglybetty
intervention,0.0004188064739807,en,uglybetty
reliable,0.0004188064739807,en,uglybetty
ambulance,0.000418501427159,en,uglybetty
bath,0.000418501427159,en,uglybetty
reverse,0.000418501427159,en,uglybetty
contain,0.000418501427159,en,uglybetty
stench,0.0004166651694995,en,uglybetty
nightclub,0.0004166651694995,en,uglybetty
sophomore,0.0004166651694995,en,uglybetty
squirt,0.0004166651694995,en,uglybetty
blouse,0.0004166651694995,en,uglybetty
forgiving,0.0004166651694995,en,uglybetty
cashier,0.0004166651694995,en,uglybetty
partially,0.0004166651694995,en,uglybetty
michelle,0.0004166651694995,en,uglybetty
tart,0.0004166651694995,en,uglybetty
soften,0.0004166651694995,en,uglybetty
overboard,0.0004166651694995,en,uglybetty
equipment,0.0004150628464609,en,uglybetty
desire,0.0004150628464609,en,uglybetty
horror,0.0004150264783354,en,uglybetty
geek,0.0004150264783354,en,uglybetty
rebuild,0.0004150264783354,en,uglybetty
vegas,0.0004150264783354,en,uglybetty
capital,0.0004150264783354,en,uglybetty
mature,0.0004150264783354,en,uglybetty
entertaining,0.0004119172560533,en,uglybetty
spooky,0.0004119172560533,en,uglybetty
packet,0.0004119172560533,en,uglybetty
mar,0.0004119172560533,en,uglybetty
yacht,0.0004119172560533,en,uglybetty
swan,0.0004119172560533,en,uglybetty
superstar,0.0004119172560533,en,uglybetty
glove,0.0004116598993644,en,uglybetty
procedure,0.0004116598993644,en,uglybetty
attach,0.0004116598993644,en,uglybetty
identity,0.0004116598993644,en,uglybetty
goodbye,0.0004116598993644,en,uglybetty
convict,0.0004113001014605,en,uglybetty
laptop,0.0004113001014605,en,uglybetty
unstable,0.0004113001014605,en,uglybetty
limb,0.0004113001014605,en,uglybetty
pine,0.0004113001014605,en,uglybetty
anxiety,0.0004113001014605,en,uglybetty
monique,0.000409854673432,en,uglybetty
camaro,0.000409854673432,en,uglybetty
motif,0.000409854673432,en,uglybetty
thine,0.000409854673432,en,uglybetty
cobb,0.000409854673432,en,uglybetty
indebted,0.000409854673432,en,uglybetty
caper,0.000409854673432,en,uglybetty
rapper,0.000409854673432,en,uglybetty
debra,0.000409854673432,en,uglybetty
grubby,0.000409854673432,en,uglybetty
priestess,0.000409854673432,en,uglybetty
cluck,0.000409854673432,en,uglybetty
postman,0.000409854673432,en,uglybetty
loiter,0.000409854673432,en,uglybetty
crackin,0.000409854673432,en,uglybetty
veneer,0.000409854673432,en,uglybetty
qui,0.000409854673432,en,uglybetty
stockbroker,0.000409854673432,en,uglybetty
defining,0.000409854673432,en,uglybetty
souffl,0.000409854673432,en,uglybetty
irrigation,0.000409854673432,en,uglybetty
snafu,0.000409854673432,en,uglybetty
hotdog,0.000409854673432,en,uglybetty
gibbon,0.000409854673432,en,uglybetty
midwife,0.000409854673432,en,uglybetty
homoerotic,0.000409854673432,en,uglybetty
unattainable,0.000409854673432,en,uglybetty
mediate,0.000409854673432,en,uglybetty
mead,0.000409854673432,en,uglybetty
friendless,0.000409854673432,en,uglybetty
postpartum,0.000409854673432,en,uglybetty
sunflower,0.000409854673432,en,uglybetty
whorehouse,0.000409854673432,en,uglybetty
oui,0.000409854673432,en,uglybetty
plat,0.000409854673432,en,uglybetty
lojack,0.000409854673432,en,uglybetty
sniffer,0.000409854673432,en,uglybetty
repo,0.000409854673432,en,uglybetty
bind,0.0004082918549045,en,uglybetty
arrangement,0.0004082918549045,en,uglybetty
understanding,0.0004082918549045,en,uglybetty
german,0.000407625843456,en,uglybetty
fond,0.000407625843456,en,uglybetty
worm,0.000407625843456,en,uglybetty
essential,0.000407625843456,en,uglybetty
speaker,0.000407625843456,en,uglybetty
bacon,0.000407625843456,en,uglybetty
slay,0.0004072810686512,en,uglybetty
civilized,0.0004072810686512,en,uglybetty
eligible,0.0004072810686512,en,uglybetty
amazingly,0.0004072810686512,en,uglybetty
witty,0.0004072810686512,en,uglybetty
hurricane,0.0004072810686512,en,uglybetty
pastry,0.0004072810686512,en,uglybetty
dunk,0.0004072810686512,en,uglybetty
salmon,0.0004072810686512,en,uglybetty
operate,0.0004049580043798,en,uglybetty
auto,0.0004040022664905,en,uglybetty
bee,0.0004040022664905,en,uglybetty
drift,0.0004040022664905,en,uglybetty
nickname,0.0004040022664905,en,uglybetty
helpless,0.0004040022664905,en,uglybetty
craving,0.0004027514697688,en,uglybetty
upsetting,0.0004027514697688,en,uglybetty
babysitte,0.0004027514697688,en,uglybetty
groove,0.0004027514697688,en,uglybetty
dolphin,0.0004027514697688,en,uglybetty
colleague,0.0004016576604575,en,uglybetty
coincidence,0.0004016576604575,en,uglybetty
meantime,0.0004016576604575,en,uglybetty
reorganize,0.0004013773720125,en,uglybetty
pelican,0.0004013773720125,en,uglybetty
brotherly,0.0004013773720125,en,uglybetty
kickoff,0.0004013773720125,en,uglybetty
mast,0.0004013773720125,en,uglybetty
lawfully,0.0004013773720125,en,uglybetty
pussycat,0.0004013773720125,en,uglybetty
denmark,0.0004013773720125,en,uglybetty
cobble,0.0004013773720125,en,uglybetty
gradual,0.0004013773720125,en,uglybetty
poise,0.0004013773720125,en,uglybetty
raincoat,0.0004013773720125,en,uglybetty
rhonda,0.0004013773720125,en,uglybetty
handmade,0.0004013773720125,en,uglybetty
taillight,0.0004013773720125,en,uglybetty
costly,0.0004013773720125,en,uglybetty
whup,0.0004013773720125,en,uglybetty
conceited,0.0004013773720125,en,uglybetty
trey,0.0004013773720125,en,uglybetty
weatherman,0.0004013773720125,en,uglybetty
collagen,0.0004013773720125,en,uglybetty
chummy,0.0004013773720125,en,uglybetty
bohemian,0.0004013773720125,en,uglybetty
merciless,0.0004013773720125,en,uglybetty
canoodle,0.0004013773720125,en,uglybetty
headgear,0.0004013773720125,en,uglybetty
craigslist,0.0004013773720125,en,uglybetty
unmanned,0.0004013773720125,en,uglybetty
underline,0.0004013773720125,en,uglybetty
blackmailer,0.0004013773720125,en,uglybetty
intent,0.0004004279914233,en,uglybetty
absence,0.0004004279914233,en,uglybetty
flood,0.0004004279914233,en,uglybetty
constantly,0.0004004279914233,en,uglybetty
goose,0.0004004279914233,en,uglybetty
forehead,0.0004004279914233,en,uglybetty
distant,0.0004004279914233,en,uglybetty
particularly,0.0003983901563228,en,uglybetty
useful,0.0003983901563228,en,uglybetty
intrude,0.0003983236682917,en,uglybetty
neutral,0.0003983236682917,en,uglybetty
coup,0.0003983236682917,en,uglybetty
vaguely,0.0003983236682917,en,uglybetty
ketchup,0.0003983236682917,en,uglybetty
tame,0.0003983236682917,en,uglybetty
hay,0.0003983236682917,en,uglybetty
viable,0.0003983236682917,en,uglybetty
horribly,0.0003983236682917,en,uglybetty
hallucinate,0.0003983236682917,en,uglybetty
portfolio,0.0003983236682917,en,uglybetty
chilly,0.0003983236682917,en,uglybetty
wink,0.0003983236682917,en,uglybetty
heartbeat,0.0003969016946533,en,uglybetty
appetite,0.0003969016946533,en,uglybetty
anxious,0.0003969016946533,en,uglybetty
rig,0.0003969016946533,en,uglybetty
overrate,0.000393993189056,en,uglybetty
nonstop,0.000393993189056,en,uglybetty
portrait,0.000393993189056,en,uglybetty
reek,0.000393993189056,en,uglybetty
irritate,0.000393993189056,en,uglybetty
peer,0.000393993189056,en,uglybetty
rum,0.000393993189056,en,uglybetty
rider,0.000393993189056,en,uglybetty
journalist,0.000393993189056,en,uglybetty
overwhelmed,0.000393993189056,en,uglybetty
oyster,0.000393993189056,en,uglybetty
sprinkle,0.000393993189056,en,uglybetty
intensive,0.000393993189056,en,uglybetty
nursery,0.000393993189056,en,uglybetty
housekeeper,0.000393993189056,en,uglybetty
woo,0.000393993189056,en,uglybetty
intimate,0.0003934221051755,en,uglybetty
weenie,0.0003934141713763,en,uglybetty
oversized,0.0003934141713763,en,uglybetty
avoidance,0.0003934141713763,en,uglybetty
javier,0.0003934141713763,en,uglybetty
philanthropist,0.0003934141713763,en,uglybetty
critique,0.0003934141713763,en,uglybetty
seductive,0.0003934141713763,en,uglybetty
pooch,0.0003934141713763,en,uglybetty
regrettable,0.0003934141713763,en,uglybetty
fertile,0.0003934141713763,en,uglybetty
lil,0.0003934141713763,en,uglybetty
lois,0.0003934141713763,en,uglybetty
queue,0.0003934141713763,en,uglybetty
getter,0.0003934141713763,en,uglybetty
edgar,0.0003934141713763,en,uglybetty
showin,0.0003934141713763,en,uglybetty
willpower,0.0003934141713763,en,uglybetty
elastic,0.0003934141713763,en,uglybetty
homely,0.0003934141713763,en,uglybetty
rotting,0.0003934141713763,en,uglybetty
barbed,0.0003934141713763,en,uglybetty
multitaske,0.0003934141713763,en,uglybetty
sundance,0.0003934141713763,en,uglybetty
tasting,0.0003934141713763,en,uglybetty
sleek,0.0003934141713763,en,uglybetty
firewood,0.0003934141713763,en,uglybetty
sanctum,0.0003934141713763,en,uglybetty
flaky,0.0003934141713763,en,uglybetty
arraign,0.0003934141713763,en,uglybetty
nilly,0.0003934141713763,en,uglybetty
toto,0.0003934141713763,en,uglybetty
personalize,0.0003934141713763,en,uglybetty
penmanship,0.0003934141713763,en,uglybetty
ble,0.0003934141713763,en,uglybetty
deepen,0.0003934141713763,en,uglybetty
comme,0.0003934141713763,en,uglybetty
sparkling,0.0003934141713763,en,uglybetty
bentley,0.0003934141713763,en,uglybetty
sublet,0.0003934141713763,en,uglybetty
detergent,0.0003934141713763,en,uglybetty
shiner,0.0003934141713763,en,uglybetty
adhesive,0.0003934141713763,en,uglybetty
lizzie,0.0003934141713763,en,uglybetty
orthopedic,0.0003934141713763,en,uglybetty
radiant,0.0003934141713763,en,uglybetty
omit,0.0003934141713763,en,uglybetty
umm,0.0003934141713763,en,uglybetty
doa,0.0003934141713763,en,uglybetty
worker,0.0003919510979354,en,uglybetty
disease,0.0003919510979354,en,uglybetty
proper,0.0003919510979354,en,uglybetty
circus,0.0003899880018316,en,uglybetty
hobby,0.0003899880018316,en,uglybetty
frank,0.0003899880018316,en,uglybetty
eager,0.0003899880018316,en,uglybetty
bundle,0.000389755845664,en,uglybetty
acceptance,0.000389755845664,en,uglybetty
resignation,0.000389755845664,en,uglybetty
breakup,0.000389755845664,en,uglybetty
courthouse,0.000389755845664,en,uglybetty
overwhelm,0.000389755845664,en,uglybetty
clutch,0.000389755845664,en,uglybetty
todd,0.000389755845664,en,uglybetty
bass,0.000389755845664,en,uglybetty
kevin,0.000389755845664,en,uglybetty
confiscate,0.000389755845664,en,uglybetty
hairy,0.000389755845664,en,uglybetty
loudly,0.000389755845664,en,uglybetty
section,0.0003887783055611,en,uglybetty
normally,0.0003887783055611,en,uglybetty
easily,0.0003887783055611,en,uglybetty
visitor,0.0003887783055611,en,uglybetty
pal,0.0003887783055611,en,uglybetty
student,0.0003887783055611,en,uglybetty
grave,0.0003887783055611,en,uglybetty
vice,0.0003865982107362,en,uglybetty
hemorrhoid,0.0003859062661092,en,uglybetty
achille,0.0003859062661092,en,uglybetty
thinkyou,0.0003859062661092,en,uglybetty
mausoleum,0.0003859062661092,en,uglybetty
predatory,0.0003859062661092,en,uglybetty
misfit,0.0003859062661092,en,uglybetty
popper,0.0003859062661092,en,uglybetty
wow,0.0003859062661092,en,uglybetty
satin,0.0003859062661092,en,uglybetty
doormat,0.0003859062661092,en,uglybetty
asparagus,0.0003859062661092,en,uglybetty
splint,0.0003859062661092,en,uglybetty
widower,0.0003859062661092,en,uglybetty
steamy,0.0003859062661092,en,uglybetty
storefront,0.0003859062661092,en,uglybetty
hypodermic,0.0003859062661092,en,uglybetty
esquire,0.0003859062661092,en,uglybetty
lavish,0.0003859062661092,en,uglybetty
felicia,0.0003859062661092,en,uglybetty
olsen,0.0003859062661092,en,uglybetty
fragrance,0.0003859062661092,en,uglybetty
sweeten,0.0003859062661092,en,uglybetty
swanky,0.0003859062661092,en,uglybetty
photocopy,0.0003859062661092,en,uglybetty
casablanca,0.0003859062661092,en,uglybetty
farmhouse,0.0003859062661092,en,uglybetty
turbo,0.0003859062661092,en,uglybetty
nevermind,0.0003859062661092,en,uglybetty
partying,0.0003859062661092,en,uglybetty
duet,0.0003859062661092,en,uglybetty
fistful,0.0003859062661092,en,uglybetty
samurai,0.0003859062661092,en,uglybetty
intention,0.0003856358753019,en,uglybetty
permission,0.0003856358753019,en,uglybetty
pact,0.0003856077161624,en,uglybetty
cradle,0.0003856077161624,en,uglybetty
supermarket,0.0003856077161624,en,uglybetty
jenny,0.0003856077161624,en,uglybetty
interruption,0.0003856077161624,en,uglybetty
relieved,0.0003856077161624,en,uglybetty
coworker,0.0003856077161624,en,uglybetty
detention,0.0003856077161624,en,uglybetty
chatty,0.0003856077161624,en,uglybetty
bladder,0.0003856077161624,en,uglybetty
obscure,0.0003856077161624,en,uglybetty
critic,0.0003856077161624,en,uglybetty
exaggerate,0.0003856077161624,en,uglybetty
pudding,0.0003856077161624,en,uglybetty
devastating,0.0003856077161624,en,uglybetty
union,0.0003832516028684,en,uglybetty
disorder,0.0003832516028684,en,uglybetty
humanity,0.0003832516028684,en,uglybetty
committee,0.0003832516028684,en,uglybetty
noise,0.0003825232315596,en,uglybetty
character,0.0003825232315596,en,uglybetty
tryin,0.0003815451212286,en,uglybetty
sticker,0.0003815451212286,en,uglybetty
feast,0.0003815451212286,en,uglybetty
reunite,0.0003815451212286,en,uglybetty
resemblance,0.0003815451212286,en,uglybetty
needy,0.0003815451212286,en,uglybetty
powerless,0.0003815451212286,en,uglybetty
roam,0.0003815451212286,en,uglybetty
leash,0.0003815451212286,en,uglybetty
mailbox,0.0003815451212286,en,uglybetty
unemployed,0.0003815451212286,en,uglybetty
unstoppable,0.0003815451212286,en,uglybetty
alter,0.0003799470918143,en,uglybetty
risky,0.0003799470918143,en,uglybetty
poke,0.0003799470918143,en,uglybetty
intelligence,0.0003799470918143,en,uglybetty
flee,0.0003799470918143,en,uglybetty
bolt,0.0003799470918143,en,uglybetty
organ,0.0003799470918143,en,uglybetty
agenda,0.0003799470918143,en,uglybetty
haul,0.0003799470918143,en,uglybetty
defeat,0.0003799470918143,en,uglybetty
entirely,0.0003794398149507,en,uglybetty
secure,0.0003794398149507,en,uglybetty
respond,0.0003794398149507,en,uglybetty
soggy,0.000378804396969,en,uglybetty
panty,0.000378804396969,en,uglybetty
workman,0.000378804396969,en,uglybetty
sappy,0.000378804396969,en,uglybetty
nuance,0.000378804396969,en,uglybetty
skippy,0.000378804396969,en,uglybetty
skater,0.000378804396969,en,uglybetty
kegger,0.000378804396969,en,uglybetty
gory,0.000378804396969,en,uglybetty
tripod,0.000378804396969,en,uglybetty
jester,0.000378804396969,en,uglybetty
exploratory,0.000378804396969,en,uglybetty
mira,0.000378804396969,en,uglybetty
jittery,0.000378804396969,en,uglybetty
enlightenment,0.000378804396969,en,uglybetty
bollock,0.000378804396969,en,uglybetty
itching,0.000378804396969,en,uglybetty
backstabbe,0.000378804396969,en,uglybetty
landfill,0.000378804396969,en,uglybetty
uni,0.000378804396969,en,uglybetty
birthing,0.000378804396969,en,uglybetty
consulate,0.000378804396969,en,uglybetty
nuptial,0.000378804396969,en,uglybetty
quilt,0.000378804396969,en,uglybetty
bicep,0.000378804396969,en,uglybetty
arrhythmia,0.000378804396969,en,uglybetty
lime,0.0003775646045604,en,uglybetty
gladly,0.0003775646045604,en,uglybetty
trading,0.0003775646045604,en,uglybetty
google,0.0003775646045604,en,uglybetty
rainbow,0.0003775646045604,en,uglybetty
offering,0.0003775646045604,en,uglybetty
neat,0.0003766836316494,en,uglybetty
lend,0.0003766836316494,en,uglybetty
conclusion,0.0003766836316494,en,uglybetty
baseball,0.0003766836316494,en,uglybetty
importantly,0.0003766836316494,en,uglybetty
slack,0.0003766836316494,en,uglybetty
chaos,0.0003766836316494,en,uglybetty
sushi,0.0003736629152082,en,uglybetty
vocal,0.0003736629152082,en,uglybetty
showtime,0.0003736629152082,en,uglybetty
skate,0.0003736629152082,en,uglybetty
proposition,0.0003736629152082,en,uglybetty
sidewalk,0.0003736629152082,en,uglybetty
riding,0.0003736629152082,en,uglybetty
jame,0.0003736629152082,en,uglybetty
dressed,0.0003736629152082,en,uglybetty
abort,0.0003736629152082,en,uglybetty
distraction,0.0003734602149515,en,uglybetty
spike,0.0003734602149515,en,uglybetty
dull,0.0003734602149515,en,uglybetty
gesture,0.0003734602149515,en,uglybetty
suicide,0.0003733585030784,en,uglybetty
folk,0.0003733585030784,en,uglybetty
toy,0.0003733585030784,en,uglybetty
seal,0.0003733585030784,en,uglybetty
transvestite,0.0003720668902884,en,uglybetty
stag,0.0003720668902884,en,uglybetty
philippine,0.0003720668902884,en,uglybetty
remover,0.0003720668902884,en,uglybetty
cove,0.0003720668902884,en,uglybetty
changer,0.0003720668902884,en,uglybetty
contender,0.0003720668902884,en,uglybetty
ringtone,0.0003720668902884,en,uglybetty
gorge,0.0003720668902884,en,uglybetty
truffle,0.0003720668902884,en,uglybetty
keeping,0.0003720668902884,en,uglybetty
comer,0.0003720668902884,en,uglybetty
dubai,0.0003720668902884,en,uglybetty
forklift,0.0003720668902884,en,uglybetty
sculptor,0.0003720668902884,en,uglybetty
moe,0.0003720668902884,en,uglybetty
bruised,0.0003720668902884,en,uglybetty
crunchy,0.0003720668902884,en,uglybetty
twirl,0.0003720668902884,en,uglybetty
hydrant,0.0003720668902884,en,uglybetty
slacker,0.0003720668902884,en,uglybetty
cheerio,0.0003720668902884,en,uglybetty
collect,0.0003703595648277,en,uglybetty
abandon,0.0003703595648277,en,uglybetty
peanut,0.0003702758709338,en,uglybetty
fighting,0.0003702758709338,en,uglybetty
burden,0.0003702758709338,en,uglybetty
indicate,0.0003702758709338,en,uglybetty
bud,0.0003702758709338,en,uglybetty
bummer,0.0003698369916225,en,uglybetty
kelly,0.0003698369916225,en,uglybetty
graduation,0.0003698369916225,en,uglybetty
waltz,0.0003698369916225,en,uglybetty
literature,0.0003698369916225,en,uglybetty
lookout,0.0003698369916225,en,uglybetty
division,0.0003671296636898,en,uglybetty
embrace,0.0003671296636898,en,uglybetty
lecture,0.0003671296636898,en,uglybetty
cheek,0.0003671296636898,en,uglybetty
oxygen,0.0003671296636898,en,uglybetty
stalker,0.0003660839472217,en,uglybetty
airline,0.0003660839472217,en,uglybetty
divine,0.0003660839472217,en,uglybetty
camping,0.0003660839472217,en,uglybetty
mayan,0.0003656581762261,en,uglybetty
diaphragm,0.0003656581762261,en,uglybetty
rican,0.0003656581762261,en,uglybetty
barter,0.0003656581762261,en,uglybetty
unseemly,0.0003656581762261,en,uglybetty
gra,0.0003656581762261,en,uglybetty
culprit,0.0003656581762261,en,uglybetty
licorice,0.0003656581762261,en,uglybetty
biography,0.0003656581762261,en,uglybetty
polyester,0.0003656581762261,en,uglybetty
reconciliation,0.0003656581762261,en,uglybetty
quench,0.0003656581762261,en,uglybetty
bella,0.0003656581762261,en,uglybetty
snail,0.0003656581762261,en,uglybetty
entice,0.0003656581762261,en,uglybetty
shredder,0.0003656581762261,en,uglybetty
retriever,0.0003656581762261,en,uglybetty
pooper,0.0003656581762261,en,uglybetty
businesswoman,0.0003656581762261,en,uglybetty
wearin,0.0003656581762261,en,uglybetty
atrocity,0.0003656581762261,en,uglybetty
onboard,0.0003656581762261,en,uglybetty
laxative,0.0003656581762261,en,uglybetty
prenatal,0.0003656581762261,en,uglybetty
cheeky,0.0003656581762261,en,uglybetty
purr,0.0003656581762261,en,uglybetty
hallelujah,0.0003656581762261,en,uglybetty
colt,0.0003656581762261,en,uglybetty
mortify,0.0003656581762261,en,uglybetty
diabolical,0.0003656581762261,en,uglybetty
nature,0.0003644426217531,en,uglybetty
crowd,0.0003644426217531,en,uglybetty
breathing,0.0003640206905419,en,uglybetty
subtle,0.0003640206905419,en,uglybetty
delicate,0.0003640206905419,en,uglybetty
prayer,0.0003640206905419,en,uglybetty
rabbit,0.0003640206905419,en,uglybetty
headache,0.0003640206905419,en,uglybetty
alien,0.0003640206905419,en,uglybetty
sincere,0.0003624010573075,en,uglybetty
sadness,0.0003624010573075,en,uglybetty
notebook,0.0003624010573075,en,uglybetty
vast,0.0003624010573075,en,uglybetty
gathering,0.0003624010573075,en,uglybetty
clarity,0.0003624010573075,en,uglybetty
behold,0.0003624010573075,en,uglybetty
temptation,0.0003624010573075,en,uglybetty
confide,0.0003624010573075,en,uglybetty
improvise,0.0003624010573075,en,uglybetty
pearl,0.0003624010573075,en,uglybetty
plant,0.0003615236562566,en,uglybetty
candidate,0.0003609480804871,en,uglybetty
immediate,0.0003609480804871,en,uglybetty
application,0.0003609480804871,en,uglybetty
collapse,0.0003609480804871,en,uglybetty
adjust,0.0003609480804871,en,uglybetty
cage,0.0003609480804871,en,uglybetty
hare,0.0003595476520364,en,uglybetty
sor,0.0003595476520364,en,uglybetty
unopened,0.0003595476520364,en,uglybetty
richie,0.0003595476520364,en,uglybetty
diffuse,0.0003595476520364,en,uglybetty
consistently,0.0003595476520364,en,uglybetty
clan,0.0003595476520364,en,uglybetty
tidbit,0.0003595476520364,en,uglybetty
digestive,0.0003595476520364,en,uglybetty
misuse,0.0003595476520364,en,uglybetty
rue,0.0003595476520364,en,uglybetty
blob,0.0003595476520364,en,uglybetty
nutrient,0.0003595476520364,en,uglybetty
shameless,0.0003595476520364,en,uglybetty
pfft,0.0003595476520364,en,uglybetty
laundromat,0.0003595476520364,en,uglybetty
texture,0.0003595476520364,en,uglybetty
medallion,0.0003595476520364,en,uglybetty
newsletter,0.0003595476520364,en,uglybetty
miller,0.0003595476520364,en,uglybetty
bambi,0.0003595476520364,en,uglybetty
mistletoe,0.0003595476520364,en,uglybetty
adventurous,0.0003595476520364,en,uglybetty
seeing,0.0003587857471825,en,uglybetty
thankful,0.0003587857471825,en,uglybetty
disgrace,0.0003587857471825,en,uglybetty
pluck,0.0003587857471825,en,uglybetty
odd,0.000358630408852,en,uglybetty
technology,0.0003579109927316,en,uglybetty
description,0.0003579109927316,en,uglybetty
scientist,0.0003579109927316,en,uglybetty
crab,0.0003552355813378,en,uglybetty
brew,0.0003552355813378,en,uglybetty
portion,0.0003552355813378,en,uglybetty
downstair,0.0003552355813378,en,uglybetty
hallucination,0.0003552355813378,en,uglybetty
purely,0.0003552355813378,en,uglybetty
vanilla,0.0003552355813378,en,uglybetty
fulfill,0.0003552355813378,en,uglybetty
culture,0.0003549086153105,en,uglybetty
delay,0.0003549086153105,en,uglybetty
ill,0.0003549086153105,en,uglybetty
exception,0.0003549086153105,en,uglybetty
inning,0.0003537087982279,en,uglybetty
neurotic,0.0003537087982279,en,uglybetty
liquidate,0.0003537087982279,en,uglybetty
promptly,0.0003537087982279,en,uglybetty
crackpot,0.0003537087982279,en,uglybetty
crackle,0.0003537087982279,en,uglybetty
dating,0.0003537087982279,en,uglybetty
innovative,0.0003537087982279,en,uglybetty
fondle,0.0003537087982279,en,uglybetty
petri,0.0003537087982279,en,uglybetty
sweden,0.0003537087982279,en,uglybetty
pollen,0.0003537087982279,en,uglybetty
sol,0.0003537087982279,en,uglybetty
outcast,0.0003537087982279,en,uglybetty
flirty,0.0003537087982279,en,uglybetty
roadkill,0.0003537087982279,en,uglybetty
timely,0.0003537087982279,en,uglybetty
outlook,0.0003537087982279,en,uglybetty
rye,0.0003537087982279,en,uglybetty
footing,0.0003537087982279,en,uglybetty
fiji,0.0003537087982279,en,uglybetty
rightfully,0.0003537087982279,en,uglybetty
luther,0.0003537087982279,en,uglybetty
dermatologist,0.0003537087982279,en,uglybetty
charlotte,0.0003537087982279,en,uglybetty
tulip,0.0003537087982279,en,uglybetty
bling,0.0003537087982279,en,uglybetty
tricky,0.000351940163784,en,uglybetty
musician,0.0003517482535971,en,uglybetty
mentor,0.0003517482535971,en,uglybetty
requirement,0.0003517482535971,en,uglybetty
swipe,0.0003517482535971,en,uglybetty
dumpster,0.0003517482535971,en,uglybetty
sew,0.0003517482535971,en,uglybetty
punishment,0.0003490048800077,en,uglybetty
alley,0.0003490048800077,en,uglybetty
thick,0.0003490048800077,en,uglybetty
tire,0.0003490048800077,en,uglybetty
tamper,0.0003483215781191,en,uglybetty
jeopardize,0.0003483215781191,en,uglybetty
injection,0.0003483215781191,en,uglybetty
briefcase,0.0003483215781191,en,uglybetty
puff,0.0003483215781191,en,uglybetty
disappearance,0.0003483215781191,en,uglybetty
psyche,0.0003483215781191,en,uglybetty
cotton,0.0003483215781191,en,uglybetty
automatic,0.0003483215781191,en,uglybetty
echo,0.0003483215781191,en,uglybetty
partial,0.0003483215781191,en,uglybetty
wrapping,0.0003481184829656,en,uglybetty
bosom,0.0003481184829656,en,uglybetty
baltimore,0.0003481184829656,en,uglybetty
horseback,0.0003481184829656,en,uglybetty
pebble,0.0003481184829656,en,uglybetty
collin,0.0003481184829656,en,uglybetty
bate,0.0003481184829656,en,uglybetty
inspiring,0.0003481184829656,en,uglybetty
trance,0.0003481184829656,en,uglybetty
wart,0.0003481184829656,en,uglybetty
funniest,0.0003481184829656,en,uglybetty
woozy,0.0003481184829656,en,uglybetty
projector,0.0003481184829656,en,uglybetty
valium,0.0003481184829656,en,uglybetty
congressional,0.0003481184829656,en,uglybetty
elope,0.0003481184829656,en,uglybetty
quadruple,0.0003481184829656,en,uglybetty
jay,0.0003481184829656,en,uglybetty
fiasco,0.0003481184829656,en,uglybetty
ado,0.0003481184829656,en,uglybetty
arraignment,0.0003481184829656,en,uglybetty
whir,0.0003481184829656,en,uglybetty
candor,0.0003481184829656,en,uglybetty
swerve,0.0003481184829656,en,uglybetty
wantto,0.0003481184829656,en,uglybetty
screwing,0.0003481184829656,en,uglybetty
visualize,0.0003481184829656,en,uglybetty
pamper,0.0003481184829656,en,uglybetty
disturbed,0.0003481184829656,en,uglybetty
blurt,0.0003481184829656,en,uglybetty
reappear,0.0003481184829656,en,uglybetty
counter,0.00034610203097,en,uglybetty
pile,0.00034610203097,en,uglybetty
moral,0.00034610203097,en,uglybetty
grandfather,0.00034610203097,en,uglybetty
temporarily,0.000344953481168,en,uglybetty
dye,0.000344953481168,en,uglybetty
mainly,0.000344953481168,en,uglybetty
economy,0.000344953481168,en,uglybetty
council,0.000344953481168,en,uglybetty
tenth,0.000344953481168,en,uglybetty
bathe,0.000344953481168,en,uglybetty
getaway,0.000344953481168,en,uglybetty
counseling,0.000344953481168,en,uglybetty
transition,0.000344953481168,en,uglybetty
typical,0.0003432309076934,en,uglybetty
conscience,0.0003432309076934,en,uglybetty
tune,0.0003432309076934,en,uglybetty
damon,0.0003427564085642,en,uglybetty
whe,0.0003427564085642,en,uglybetty
euro,0.0003427564085642,en,uglybetty
nomination,0.0003427564085642,en,uglybetty
roach,0.0003427564085642,en,uglybetty
receptive,0.0003427564085642,en,uglybetty
maria,0.0003427564085642,en,uglybetty
thermostat,0.0003427564085642,en,uglybetty
overweight,0.0003427564085642,en,uglybetty
hospitalize,0.0003427564085642,en,uglybetty
dimple,0.0003427564085642,en,uglybetty
strut,0.0003427564085642,en,uglybetty
cylinder,0.0003427564085642,en,uglybetty
illuminate,0.0003427564085642,en,uglybetty
spinach,0.0003427564085642,en,uglybetty
mayonnaise,0.0003427564085642,en,uglybetty
fishy,0.0003427564085642,en,uglybetty
hanson,0.0003427564085642,en,uglybetty
concoct,0.0003427564085642,en,uglybetty
pansy,0.0003427564085642,en,uglybetty
canary,0.0003427564085642,en,uglybetty
bide,0.0003427564085642,en,uglybetty
portray,0.0003427564085642,en,uglybetty
crest,0.0003427564085642,en,uglybetty
equity,0.0003427564085642,en,uglybetty
fruity,0.0003427564085642,en,uglybetty
chubby,0.0003427564085642,en,uglybetty
radiator,0.0003427564085642,en,uglybetty
deluxe,0.0003427564085642,en,uglybetty
crypt,0.0003427564085642,en,uglybetty
determined,0.0003416419935762,en,uglybetty
terminal,0.0003416419935762,en,uglybetty
mixed,0.0003416419935762,en,uglybetty
void,0.0003416419935762,en,uglybetty
predator,0.0003416419935762,en,uglybetty
greet,0.0003416419935762,en,uglybetty
bidding,0.0003416419935762,en,uglybetty
barrier,0.0003416419935762,en,uglybetty
verge,0.0003416419935762,en,uglybetty
seminar,0.0003416419935762,en,uglybetty
engine,0.0003403908241953,en,uglybetty
messenger,0.0003383852438299,en,uglybetty
richard,0.0003383852438299,en,uglybetty
bandage,0.0003383852438299,en,uglybetty
magnificent,0.0003383852438299,en,uglybetty
lodge,0.0003383852438299,en,uglybetty
pause,0.0003383852438299,en,uglybetty
supper,0.0003383852438299,en,uglybetty
convention,0.0003383852438299,en,uglybetty
rusty,0.0003383852438299,en,uglybetty
pimp,0.0003383852438299,en,uglybetty
qualify,0.0003383852438299,en,uglybetty
embryo,0.0003376046666056,en,uglybetty
lingo,0.0003376046666056,en,uglybetty
scone,0.0003376046666056,en,uglybetty
limbo,0.0003376046666056,en,uglybetty
clatter,0.0003376046666056,en,uglybetty
wishful,0.0003376046666056,en,uglybetty
kobe,0.0003376046666056,en,uglybetty
chopstick,0.0003376046666056,en,uglybetty
disney,0.0003376046666056,en,uglybetty
widely,0.0003376046666056,en,uglybetty
cyanide,0.0003376046666056,en,uglybetty
urn,0.0003376046666056,en,uglybetty
refreshing,0.0003376046666056,en,uglybetty
hobo,0.0003376046666056,en,uglybetty
chelsea,0.0003376046666056,en,uglybetty
outdo,0.0003376046666056,en,uglybetty
chi,0.0003376046666056,en,uglybetty
nachos,0.0003376046666056,en,uglybetty
hypocrisy,0.0003376046666056,en,uglybetty
acquit,0.0003376046666056,en,uglybetty
glide,0.0003376046666056,en,uglybetty
unexpectedly,0.0003376046666056,en,uglybetty
hack,0.0003375811165041,en,uglybetty
gang,0.0003375811165041,en,uglybetty
hisnew,0.0003372586942922,en,uglybetty
stillgoe,0.0003372586942922,en,uglybetty
youholde,0.0003372586942922,en,uglybetty
weirdwith,0.0003372586942922,en,uglybetty
thatmatt,0.0003372586942922,en,uglybetty
dresyou,0.0003372586942922,en,uglybetty
trendie,0.0003372586942922,en,uglybetty
october,0.0003372586942922,en,uglybetty
weove,0.0003372586942922,en,uglybetty
goodactually,0.0003372586942922,en,uglybetty
orpha,0.0003372586942922,en,uglybetty
atilhelmina,0.0003372586942922,en,uglybetty
startearted,0.0003372586942922,en,uglybetty
dete,0.0003372586942922,en,uglybetty
mhat,0.0003372586942922,en,uglybetty
maca,0.0003372586942922,en,uglybetty
hae,0.0003372586942922,en,uglybetty
princessunchmeat,0.0003372586942922,en,uglybetty
chanceat,0.0003372586942922,en,uglybetty
sarcasma,0.0003372586942922,en,uglybetty
sufferrom,0.0003372586942922,en,uglybetty
sofi,0.0003372586942922,en,uglybetty
schmaire,0.0003372586942922,en,uglybetty
schmeade,0.0003372586942922,en,uglybetty
lingerieow,0.0003372586942922,en,uglybetty
wilmyrise,0.0003372586942922,en,uglybetty
froorrow,0.0003372586942922,en,uglybetty
theilence,0.0003372586942922,en,uglybetty
aough,0.0003372586942922,en,uglybetty
oraybe,0.0003372586942922,en,uglybetty
tellou,0.0003372586942922,en,uglybetty
thostruck,0.0003372586942922,en,uglybetty
gianparty,0.0003372586942922,en,uglybetty
nondominant,0.0003372586942922,en,uglybetty
tramnesiac,0.0003372586942922,en,uglybetty
rebonde,0.0003372586942922,en,uglybetty
socuteitssick,0.0003372586942922,en,uglybetty
torive,0.0003372586942922,en,uglybetty
grubstank,0.0003372586942922,en,uglybetty
musrd,0.0003372586942922,en,uglybetty
heall,0.0003372586942922,en,uglybetty
gyrotonic,0.0003372586942922,en,uglybetty
stretc,0.0003372586942922,en,uglybetty
dezerga,0.0003372586942922,en,uglybetty
assistent,0.0003372586942922,en,uglybetty
candader,0.0003372586942922,en,uglybetty
fantasitic,0.0003372586942922,en,uglybetty
favourate,0.0003372586942922,en,uglybetty
stepup,0.0003372586942922,en,uglybetty
devest,0.0003372586942922,en,uglybetty
utard,0.0003372586942922,en,uglybetty
duhamel,0.0003372586942922,en,uglybetty
broughyou,0.0003372586942922,en,uglybetty
etheridge,0.0003372586942922,en,uglybetty
independt,0.0003372586942922,en,uglybetty
youold,0.0003372586942922,en,uglybetty
eetheart,0.0003372586942922,en,uglybetty
youemember,0.0003372586942922,en,uglybetty
rrite,0.0003372586942922,en,uglybetty
ionly,0.0003372586942922,en,uglybetty
tortur,0.0003372586942922,en,uglybetty
hemlin,0.0003372586942922,en,uglybetty
poquito,0.0003372586942922,en,uglybetty
issu,0.0003372586942922,en,uglybetty
eirely,0.0003372586942922,en,uglybetty
sml,0.0003372586942922,en,uglybetty
aftethe,0.0003372586942922,en,uglybetty
cldn,0.0003372586942922,en,uglybetty
tbear,0.0003372586942922,en,uglybetty
herong,0.0003372586942922,en,uglybetty
campain,0.0003372586942922,en,uglybetty
acctually,0.0003372586942922,en,uglybetty
senven,0.0003372586942922,en,uglybetty
scough,0.0003372586942922,en,uglybetty
powper,0.0003372586942922,en,uglybetty
somthing,0.0003372586942922,en,uglybetty
secreate,0.0003372586942922,en,uglybetty
amamda,0.0003372586942922,en,uglybetty
assitant,0.0003372586942922,en,uglybetty
shouln,0.0003372586942922,en,uglybetty
sprod,0.0003372586942922,en,uglybetty
wilmi,0.0003372586942922,en,uglybetty
pessenger,0.0003372586942922,en,uglybetty
aplite,0.0003372586942922,en,uglybetty
ryr,0.0003372586942922,en,uglybetty
poinin,0.0003372586942922,en,uglybetty
competite,0.0003372586942922,en,uglybetty
veti,0.0003372586942922,en,uglybetty
idaniel,0.0003372586942922,en,uglybetty
whimp,0.0003372586942922,en,uglybetty
revw,0.0003372586942922,en,uglybetty
quicck,0.0003372586942922,en,uglybetty
rolester,0.0003372586942922,en,uglybetty
substitude,0.0003372586942922,en,uglybetty
disticke,0.0003372586942922,en,uglybetty
kowne,0.0003372586942922,en,uglybetty
juverni,0.0003372586942922,en,uglybetty
thinkless,0.0003372586942922,en,uglybetty
photoshelf,0.0003372586942922,en,uglybetty
gread,0.0003372586942922,en,uglybetty
rany,0.0003372586942922,en,uglybetty
borde,0.0003372586942922,en,uglybetty
tremohunt,0.0003372586942922,en,uglybetty
cominer,0.0003372586942922,en,uglybetty
covergirl,0.0003372586942922,en,uglybetty
catalufa,0.0003372586942922,en,uglybetty
inspiritional,0.0003372586942922,en,uglybetty
phoenx,0.0003372586942922,en,uglybetty
shuu,0.0003372586942922,en,uglybetty
trumpt,0.0003372586942922,en,uglybetty
clother,0.0003372586942922,en,uglybetty
transfmation,0.0003372586942922,en,uglybetty
nintention,0.0003372586942922,en,uglybetty
soluke,0.0003372586942922,en,uglybetty
divisible,0.0003372586942922,en,uglybetty
extravagza,0.0003372586942922,en,uglybetty
accidt,0.0003372586942922,en,uglybetty
futurestep,0.0003372586942922,en,uglybetty
maki,0.0003372586942922,en,uglybetty
felldown,0.0003372586942922,en,uglybetty
ilovetaco,0.0003372586942922,en,uglybetty
ilovechurros,0.0003372586942922,en,uglybetty
myack,0.0003372586942922,en,uglybetty
ilovebunnie,0.0003372586942922,en,uglybetty
slngle,0.0003372586942922,en,uglybetty
wagonna,0.0003372586942922,en,uglybetty
queeof,0.0003372586942922,en,uglybetty
aect,0.0003372586942922,en,uglybetty
ofeer,0.0003372586942922,en,uglybetty
littlery,0.0003372586942922,en,uglybetty
noatter,0.0003372586942922,en,uglybetty
meatbread,0.0003372586942922,en,uglybetty
halsn,0.0003372586942922,en,uglybetty
foolishss,0.0003372586942922,en,uglybetty
fashionorld,0.0003372586942922,en,uglybetty
onehite,0.0003372586942922,en,uglybetty
nowou,0.0003372586942922,en,uglybetty
fierstein,0.0003372586942922,en,uglybetty
bume,0.0003372586942922,en,uglybetty
curis,0.0003372586942922,en,uglybetty
throp,0.0003372586942922,en,uglybetty
excid,0.0003372586942922,en,uglybetty
somerampy,0.0003372586942922,en,uglybetty
annella,0.0003372586942922,en,uglybetty
antonella,0.0003372586942922,en,uglybetty
meetou,0.0003372586942922,en,uglybetty
becausebe,0.0003372586942922,en,uglybetty
wouldake,0.0003372586942922,en,uglybetty
liel,0.0003372586942922,en,uglybetty
geit,0.0003372586942922,en,uglybetty
hurtso,0.0003372586942922,en,uglybetty
justide,0.0003372586942922,en,uglybetty
coor,0.0003372586942922,en,uglybetty
igore,0.0003372586942922,en,uglybetty
bettebehave,0.0003372586942922,en,uglybetty
armr,0.0003372586942922,en,uglybetty
alexiss,0.0003372586942922,en,uglybetty
magazi,0.0003372586942922,en,uglybetty
wilheina,0.0003372586942922,en,uglybetty
reallystupid,0.0003372586942922,en,uglybetty
yourboyfrid,0.0003372586942922,en,uglybetty
guty,0.0003372586942922,en,uglybetty
increed,0.0003372586942922,en,uglybetty
iform,0.0003372586942922,en,uglybetty
yosold,0.0003372586942922,en,uglybetty
evenake,0.0003372586942922,en,uglybetty
bimouth,0.0003372586942922,en,uglybetty
aspensummitwhite,0.0003372586942922,en,uglybetty
bessy,0.0003372586942922,en,uglybetty
wergette,0.0003372586942922,en,uglybetty
smymaid,0.0003372586942922,en,uglybetty
increble,0.0003372586942922,en,uglybetty
arsuppose,0.0003372586942922,en,uglybetty
thankness,0.0003372586942922,en,uglybetty
drary,0.0003372586942922,en,uglybetty
monchichi,0.0003372586942922,en,uglybetty
eeem,0.0003372586942922,en,uglybetty
bty,0.0003372586942922,en,uglybetty
goomba,0.0003372586942922,en,uglybetty
thosething,0.0003372586942922,en,uglybetty
yourtory,0.0003372586942922,en,uglybetty
eting,0.0003372586942922,en,uglybetty
wailg,0.0003372586942922,en,uglybetty
arold,0.0003372586942922,en,uglybetty
betterf,0.0003372586942922,en,uglybetty
tambien,0.0003372586942922,en,uglybetty
keepaye,0.0003372586942922,en,uglybetty
reb,0.0003372586942922,en,uglybetty
floggen,0.0003372586942922,en,uglybetty
wankle,0.0003372586942922,en,uglybetty
tigge,0.0003372586942922,en,uglybetty
amatic,0.0003372586942922,en,uglybetty
edyou,0.0003372586942922,en,uglybetty
chity,0.0003372586942922,en,uglybetty
permitd,0.0003372586942922,en,uglybetty
dredski,0.0003372586942922,en,uglybetty
ouyou,0.0003372586942922,en,uglybetty
greaze,0.0003372586942922,en,uglybetty
trble,0.0003372586942922,en,uglybetty
naples,0.0003372586942922,en,uglybetty
chitrivera,0.0003372586942922,en,uglybetty
electrici,0.0003372586942922,en,uglybetty
calcation,0.0003372586942922,en,uglybetty
danielold,0.0003372586942922,en,uglybetty
setty,0.0003372586942922,en,uglybetty
drapey,0.0003372586942922,en,uglybetty
nament,0.0003372586942922,en,uglybetty
knuffle,0.0003372586942922,en,uglybetty
ashlock,0.0003372586942922,en,uglybetty
dination,0.0003372586942922,en,uglybetty
myneed,0.0003372586942922,en,uglybetty
swingoan,0.0003372586942922,en,uglybetty
aicture,0.0003372586942922,en,uglybetty
saito,0.0003372586942922,en,uglybetty
goohair,0.0003372586942922,en,uglybetty
stening,0.0003372586942922,en,uglybetty
beenhorm,0.0003372586942922,en,uglybetty
sevejelly,0.0003372586942922,en,uglybetty
mcstraighty,0.0003372586942922,en,uglybetty
inunendo,0.0003372586942922,en,uglybetty
showothe,0.0003372586942922,en,uglybetty
reallbig,0.0003372586942922,en,uglybetty
boweezie,0.0003372586942922,en,uglybetty
cnge,0.0003372586942922,en,uglybetty
shseem,0.0003372586942922,en,uglybetty
wiche,0.0003372586942922,en,uglybetty
justo,0.0003372586942922,en,uglybetty
krystle,0.0003372586942922,en,uglybetty
chelo,0.0003372586942922,en,uglybetty
wiliminini,0.0003372586942922,en,uglybetty
nosotro,0.0003372586942922,en,uglybetty
wilhemommy,0.0003372586942922,en,uglybetty
baclor,0.0003372586942922,en,uglybetty
evelia,0.0003372586942922,en,uglybetty
demarchelier,0.0003372586942922,en,uglybetty
leibovitz,0.0003372586942922,en,uglybetty
dontist,0.0003372586942922,en,uglybetty
sotomayor,0.0003372586942922,en,uglybetty
besset,0.0003372586942922,en,uglybetty
guillemette,0.0003372586942922,en,uglybetty
overexaggerate,0.0003372586942922,en,uglybetty
muh,0.0003372586942922,en,uglybetty
juit,0.0003372586942922,en,uglybetty
blondre,0.0003372586942922,en,uglybetty
dulce,0.0003372586942922,en,uglybetty
anseale,0.0003372586942922,en,uglybetty
methyldexetrin,0.0003372586942922,en,uglybetty
linbin,0.0003372586942922,en,uglybetty
emaciate,0.0003372586942922,en,uglybetty
fnc,0.0003372586942922,en,uglybetty
trasto,0.0003372586942922,en,uglybetty
tronco,0.0003372586942922,en,uglybetty
natrix,0.0003372586942922,en,uglybetty
orexic,0.0003372586942922,en,uglybetty
scaome,0.0003372586942922,en,uglybetty
realowfashion,0.0003372586942922,en,uglybetty
ofcer,0.0003372586942922,en,uglybetty
ofr,0.0003372586942922,en,uglybetty
gettingalad,0.0003372586942922,en,uglybetty
peume,0.0003372586942922,en,uglybetty
dorkstick,0.0003372586942922,en,uglybetty
valite,0.0003372586942922,en,uglybetty
takher,0.0003372586942922,en,uglybetty
mtempte,0.0003372586942922,en,uglybetty
agu,0.0003372586942922,en,uglybetty
yort,0.0003372586942922,en,uglybetty
iconically,0.0003372586942922,en,uglybetty
ilondon,0.0003372586942922,en,uglybetty
angave,0.0003372586942922,en,uglybetty
thinkg,0.0003372586942922,en,uglybetty
whenverything,0.0003372586942922,en,uglybetty
alston,0.0003372586942922,en,uglybetty
genitally,0.0003372586942922,en,uglybetty
disaear,0.0003372586942922,en,uglybetty
luast,0.0003372586942922,en,uglybetty
thinness,0.0003372586942922,en,uglybetty
overdefensive,0.0003372586942922,en,uglybetty
sandwic,0.0003372586942922,en,uglybetty
spee,0.0003372586942922,en,uglybetty
anyoneto,0.0003372586942922,en,uglybetty
fitzadent,0.0003372586942922,en,uglybetty
gns,0.0003372586942922,en,uglybetty
noteally,0.0003372586942922,en,uglybetty
bananatini,0.0003372586942922,en,uglybetty
youbook,0.0003372586942922,en,uglybetty
ller,0.0003372586942922,en,uglybetty
soer,0.0003372586942922,en,uglybetty
becomeneedy,0.0003372586942922,en,uglybetty
wilhelmi,0.0003372586942922,en,uglybetty
bedazzle,0.0003372586942922,en,uglybetty
changedso,0.0003372586942922,en,uglybetty
gagosian,0.0003372586942922,en,uglybetty
thousds,0.0003372586942922,en,uglybetty
sperminator,0.0003372586942922,en,uglybetty
thistupid,0.0003372586942922,en,uglybetty
btle,0.0003372586942922,en,uglybetty
tunity,0.0003372586942922,en,uglybetty
manyall,0.0003372586942922,en,uglybetty
lupa,0.0003372586942922,en,uglybetty
elopin,0.0003372586942922,en,uglybetty
cancn,0.0003372586942922,en,uglybetty
jtin,0.0003372586942922,en,uglybetty
beenmove,0.0003372586942922,en,uglybetty
reallytalk,0.0003372586942922,en,uglybetty
affectyour,0.0003372586942922,en,uglybetty
beenacte,0.0003372586942922,en,uglybetty
weirdever,0.0003372586942922,en,uglybetty
rulethat,0.0003372586942922,en,uglybetty
orot,0.0003372586942922,en,uglybetty
betteplace,0.0003372586942922,en,uglybetty
wding,0.0003372586942922,en,uglybetty
bettytake,0.0003372586942922,en,uglybetty
dointhe,0.0003372586942922,en,uglybetty
okaygood,0.0003372586942922,en,uglybetty
tyr,0.0003372586942922,en,uglybetty
thanswer,0.0003372586942922,en,uglybetty
reery,0.0003372586942922,en,uglybetty
ðèòªìýòë,0.0003372586942922,en,uglybetty
semiprivate,0.0003372586942922,en,uglybetty
melle,0.0003372586942922,en,uglybetty
majodi,0.0003372586942922,en,uglybetty
affa,0.0003372586942922,en,uglybetty
yead,0.0003372586942922,en,uglybetty
geckos,0.0003372586942922,en,uglybetty
thatened,0.0003372586942922,en,uglybetty
aandrã,0.0003372586942922,en,uglybetty
tatty,0.0003372586942922,en,uglybetty
minidress,0.0003372586942922,en,uglybetty
sayis,0.0003372586942922,en,uglybetty
beenmeane,0.0003372586942922,en,uglybetty
remuson,0.0003372586942922,en,uglybetty
joyfrom,0.0003372586942922,en,uglybetty
reneeand,0.0003372586942922,en,uglybetty
importantthis,0.0003372586942922,en,uglybetty
meetingis,0.0003372586942922,en,uglybetty
designsin,0.0003372586942922,en,uglybetty
muchabout,0.0003372586942922,en,uglybetty
marchave,0.0003372586942922,en,uglybetty
helpto,0.0003372586942922,en,uglybetty
levanteast,0.0003372586942922,en,uglybetty
bettyha,0.0003372586942922,en,uglybetty
accountantof,0.0003372586942922,en,uglybetty
werefighte,0.0003372586942922,en,uglybetty
girlhe,0.0003372586942922,en,uglybetty
chinsis,0.0003372586942922,en,uglybetty
lettingsomeone,0.0003372586942922,en,uglybetty
besensitive,0.0003372586942922,en,uglybetty
patheticallyinto,0.0003372586942922,en,uglybetty
heredelivere,0.0003372586942922,en,uglybetty
justtotally,0.0003372586942922,en,uglybetty
earrinand,0.0003372586942922,en,uglybetty
thatwasn,0.0003372586942922,en,uglybetty
flyaway,0.0003372586942922,en,uglybetty
eensi,0.0003372586942922,en,uglybetty
ruching,0.0003372586942922,en,uglybetty
unac,0.0003372586942922,en,uglybetty
hgry,0.0003372586942922,en,uglybetty
menage,0.0003372586942922,en,uglybetty
unbeliev,0.0003372586942922,en,uglybetty
stuffactually,0.0003372586942922,en,uglybetty
aroundat,0.0003372586942922,en,uglybetty
salonand,0.0003372586942922,en,uglybetty
marriedsome,0.0003372586942922,en,uglybetty
mirroring,0.0003372586942922,en,uglybetty
giobecause,0.0003372586942922,en,uglybetty
brokein,0.0003372586942922,en,uglybetty
samp,0.0003372586942922,en,uglybetty
sayhow,0.0003372586942922,en,uglybetty
couldgive,0.0003372586942922,en,uglybetty
winnersin,0.0003372586942922,en,uglybetty
seriesright,0.0003372586942922,en,uglybetty
personand,0.0003372586942922,en,uglybetty
nameout,0.0003372586942922,en,uglybetty
believerenee,0.0003372586942922,en,uglybetty
angeron,0.0003372586942922,en,uglybetty
thinksis,0.0003372586942922,en,uglybetty
herfrom,0.0003372586942922,en,uglybetty
doingall,0.0003372586942922,en,uglybetty
spendingall,0.0003372586942922,en,uglybetty
readersark,0.0003372586942922,en,uglybetty
everdat,0.0003372586942922,en,uglybetty
daughterget,0.0003372586942922,en,uglybetty
causeenry,0.0003372586942922,en,uglybetty
thepist,0.0003372586942922,en,uglybetty
freckly,0.0003372586942922,en,uglybetty
swinton,0.0003372586942922,en,uglybetty
pleascome,0.0003372586942922,en,uglybetty
babyhower,0.0003372586942922,en,uglybetty
transw,0.0003372586942922,en,uglybetty
natn,0.0003372586942922,en,uglybetty
littlettitude,0.0003372586942922,en,uglybetty
wilhdiva,0.0003372586942922,en,uglybetty
werst,0.0003372586942922,en,uglybetty
conclusis,0.0003372586942922,en,uglybetty
ofrs,0.0003372586942922,en,uglybetty
patinkin,0.0003372586942922,en,uglybetty
digivewa,0.0003372586942922,en,uglybetty
surrode,0.0003372586942922,en,uglybetty
alady,0.0003372586942922,en,uglybetty
uninvestigated,0.0003372586942922,en,uglybetty
yeahs,0.0003372586942922,en,uglybetty
readinaloud,0.0003372586942922,en,uglybetty
uniter,0.0003372586942922,en,uglybetty
gmorous,0.0003372586942922,en,uglybetty
grundle,0.0003372586942922,en,uglybetty
jain,0.0003372586942922,en,uglybetty
emassed,0.0003372586942922,en,uglybetty
ote,0.0003372586942922,en,uglybetty
shticky,0.0003372586942922,en,uglybetty
kazlauskas,0.0003372586942922,en,uglybetty
successfu,0.0003372586942922,en,uglybetty
wilhelmeaner,0.0003372586942922,en,uglybetty
ļաƭ,0.0003372586942922,en,uglybetty
ǿϳʹĵ,0.0003372586942922,en,uglybetty
legg,0.0003372586942922,en,uglybetty
amazasg,0.0003372586942922,en,uglybetty
reordaine,0.0003372586942922,en,uglybetty
mauriat,0.0003372586942922,en,uglybetty
quol,0.0003372586942922,en,uglybetty
subsector,0.0003372586942922,en,uglybetty
engelen,0.0003372586942922,en,uglybetty
scolaire,0.0003372586942922,en,uglybetty
juicier,0.0003372586942922,en,uglybetty
danilmeade,0.0003372586942922,en,uglybetty
chainet,0.0003372586942922,en,uglybetty
madelon,0.0003372586942922,en,uglybetty
synonymously,0.0003372586942922,en,uglybetty
shure,0.0003372586942922,en,uglybetty
vaarwel,0.0003372586942922,en,uglybetty
finessing,0.0003372586942922,en,uglybetty
danil,0.0003372586942922,en,uglybetty
trendsette,0.0003372586942922,en,uglybetty
tzimme,0.0003372586942922,en,uglybetty
pihe,0.0003372586942922,en,uglybetty
overripe,0.0003372586942922,en,uglybetty
drugging,0.0003372586942922,en,uglybetty
bouch,0.0003372586942922,en,uglybetty
underactive,0.0003372586942922,en,uglybetty
ofherfirst,0.0003372586942922,en,uglybetty
nogiving,0.0003372586942922,en,uglybetty
editrix,0.0003372586942922,en,uglybetty
breathily,0.0003372586942922,en,uglybetty
accidentall,0.0003372586942922,en,uglybetty
clearthroat,0.0003372586942922,en,uglybetty
bootlick,0.0003372586942922,en,uglybetty
pomatini,0.0003372586942922,en,uglybetty
drusenferd,0.0003372586942922,en,uglybetty
bape,0.0003372586942922,en,uglybetty
nigo,0.0003372586942922,en,uglybetty
embr,0.0003372586942922,en,uglybetty
aboutatt,0.0003372586942922,en,uglybetty
unrwear,0.0003372586942922,en,uglybetty
facebooke,0.0003372586942922,en,uglybetty
fiori,0.0003372586942922,en,uglybetty
kpyeah,0.0003372586942922,en,uglybetty
somit,0.0003372586942922,en,uglybetty
maybedrop,0.0003372586942922,en,uglybetty
gelobter,0.0003372586942922,en,uglybetty
wilinlmin,0.0003372586942922,en,uglybetty
aiagainsthbof,0.0003372586942922,en,uglybetty
aad,0.0003372586942922,en,uglybetty
maddow,0.0003372586942922,en,uglybetty
planetaum,0.0003372586942922,en,uglybetty
okayi,0.0003372586942922,en,uglybetty
sprach,0.0003372586942922,en,uglybetty
zarathustra,0.0003372586942922,en,uglybetty
collaborion,0.0003372586942922,en,uglybetty
offhe,0.0003372586942922,en,uglybetty
exlon,0.0003372586942922,en,uglybetty
mendelshn,0.0003372586942922,en,uglybetty
cft,0.0003372586942922,en,uglybetty
printswe,0.0003372586942922,en,uglybetty
kwikset,0.0003372586942922,en,uglybetty
differe,0.0003372586942922,en,uglybetty
rahul,0.0003372586942922,en,uglybetty
tahari,0.0003372586942922,en,uglybetty
illusionthat,0.0003372586942922,en,uglybetty
fsom,0.0003372586942922,en,uglybetty
muttery,0.0003372586942922,en,uglybetty
heche,0.0003372586942922,en,uglybetty
phoapgrapr,0.0003372586942922,en,uglybetty
rossis,0.0003372586942922,en,uglybetty
confiden,0.0003372586942922,en,uglybetty
gaycation,0.0003372586942922,en,uglybetty
girlselove,0.0003372586942922,en,uglybetty
pasthis,0.0003372586942922,en,uglybetty
hery,0.0003372586942922,en,uglybetty
fren,0.0003372586942922,en,uglybetty
fiorina,0.0003372586942922,en,uglybetty
cosponsor,0.0003372586942922,en,uglybetty
thplumber,0.0003372586942922,en,uglybetty
brizilian,0.0003372586942922,en,uglybetty
flavorful,0.0003372586942922,en,uglybetty
flavful,0.0003372586942922,en,uglybetty
crittenden,0.0003372586942922,en,uglybetty
dif,0.0003372586942922,en,uglybetty
impoant,0.0003372586942922,en,uglybetty
straighty,0.0003372586942922,en,uglybetty
anothellmillionaire,0.0003372586942922,en,uglybetty
everythiil,0.0003372586942922,en,uglybetty
symbionese,0.0003372586942922,en,uglybetty
detectivstcastelar,0.0003372586942922,en,uglybetty
surrealist,0.0003372586942922,en,uglybetty
falaise,0.0003372586942922,en,uglybetty
framboise,0.0003372586942922,en,uglybetty
cuttie,0.0003372586942922,en,uglybetty
underdand,0.0003372586942922,en,uglybetty
discusss,0.0003372586942922,en,uglybetty
tememsp,0.0003372586942922,en,uglybetty
danielbecause,0.0003372586942922,en,uglybetty
fatness,0.0003372586942922,en,uglybetty
lastight,0.0003372586942922,en,uglybetty
suri,0.0003372586942922,en,uglybetty
vlog,0.0003372586942922,en,uglybetty
gonnsay,0.0003372586942922,en,uglybetty
evicted,0.0003372586942922,en,uglybetty
casz,0.0003372586942922,en,uglybetty
bandless,0.0003372586942922,en,uglybetty
dreamiest,0.0003372586942922,en,uglybetty
shawarma,0.0003372586942922,en,uglybetty
shantytown,0.0003372586942922,en,uglybetty
rebind,0.0003372586942922,en,uglybetty
ecial,0.0003372586942922,en,uglybetty
cripply,0.0003372586942922,en,uglybetty
stasher,0.0003372586942922,en,uglybetty
coltish,0.0003372586942922,en,uglybetty
poospatuck,0.0003372586942922,en,uglybetty
betwe,0.0003372586942922,en,uglybetty
ambitis,0.0003372586942922,en,uglybetty
posole,0.0003372586942922,en,uglybetty
aistant,0.0003372586942922,en,uglybetty
wora,0.0003372586942922,en,uglybetty
maxican,0.0003372586942922,en,uglybetty
stonkered,0.0003372586942922,en,uglybetty
gottty,0.0003372586942922,en,uglybetty
iho,0.0003372586942922,en,uglybetty
girlove,0.0003372586942922,en,uglybetty
strategizing,0.0003372586942922,en,uglybetty
negatronic,0.0003372586942922,en,uglybetty
toxify,0.0003372586942922,en,uglybetty
pantg,0.0003372586942922,en,uglybetty
attracti,0.0003372586942922,en,uglybetty
meotal,0.0003372586942922,en,uglybetty
coupday,0.0003372586942922,en,uglybetty
enoughime,0.0003372586942922,en,uglybetty
ttmarrie,0.0003372586942922,en,uglybetty
ppknow,0.0003372586942922,en,uglybetty
ppgive,0.0003372586942922,en,uglybetty
xxdo,0.0003372586942922,en,uglybetty
ppit,0.0003372586942922,en,uglybetty
basketry,0.0003372586942922,en,uglybetty
glompe,0.0003372586942922,en,uglybetty
kanebo,0.0003372586942922,en,uglybetty
sensal,0.0003372586942922,en,uglybetty
thd,0.0003372586942922,en,uglybetty
beinhe,0.0003372586942922,en,uglybetty
scammy,0.0003372586942922,en,uglybetty
merch,0.0003372586942922,en,uglybetty
reline,0.0003372586942922,en,uglybetty
halston,0.0003372586942922,en,uglybetty
shoughnessy,0.0003372586942922,en,uglybetty
aboo,0.0003372586942922,en,uglybetty
tibsley,0.0003372586942922,en,uglybetty
seone,0.0003372586942922,en,uglybetty
ofsprison,0.0003372586942922,en,uglybetty
mrterr,0.0003372586942922,en,uglybetty
elev,0.0003372586942922,en,uglybetty
idisculpe,0.0003372586942922,en,uglybetty
uebird,0.0003372586942922,en,uglybetty
asadero,0.0003372586942922,en,uglybetty
youngle,0.0003372586942922,en,uglybetty
jaywalkin,0.0003372586942922,en,uglybetty
yooz,0.0003372586942922,en,uglybetty
tantalizingly,0.0003372586942922,en,uglybetty
chestical,0.0003372586942922,en,uglybetty
endden,0.0003372586942922,en,uglybetty
announceman,0.0003372586942922,en,uglybetty
arsear,0.0003372586942922,en,uglybetty
mcdoubleshot,0.0003372586942922,en,uglybetty
whathi,0.0003372586942922,en,uglybetty
thinkm,0.0003372586942922,en,uglybetty
eidi,0.0003372586942922,en,uglybetty
dou,0.0003372586942922,en,uglybetty
montmartre,0.0003372586942922,en,uglybetty
stuyvesant,0.0003372586942922,en,uglybetty
suzu,0.0003372586942922,en,uglybetty
earlearly,0.0003372586942922,en,uglybetty
stopt,0.0003372586942922,en,uglybetty
deserv,0.0003372586942922,en,uglybetty
dameeso,0.0003372586942922,en,uglybetty
couh,0.0003372586942922,en,uglybetty
subletter,0.0003372586942922,en,uglybetty
aice,0.0003372586942922,en,uglybetty
ifashe,0.0003372586942922,en,uglybetty
untinted,0.0003372586942922,en,uglybetty
pune,0.0003372586942922,en,uglybetty
stalng,0.0003372586942922,en,uglybetty
connorhe,0.0003372586942922,en,uglybetty
wderful,0.0003372586942922,en,uglybetty
unbeable,0.0003372586942922,en,uglybetty
idiota,0.0003372586942922,en,uglybetty
brisky,0.0003372586942922,en,uglybetty
wasair,0.0003372586942922,en,uglybetty
wonderif,0.0003372586942922,en,uglybetty
saatchi,0.0003372586942922,en,uglybetty
scenitie,0.0003372586942922,en,uglybetty
viveca,0.0003372586942922,en,uglybetty
garbe,0.0003372586942922,en,uglybetty
mijas,0.0003372586942922,en,uglybetty
askedou,0.0003372586942922,en,uglybetty
ena,0.0003372586942922,en,uglybetty
realizedhow,0.0003372586942922,en,uglybetty
suspec,0.0003372586942922,en,uglybetty
overdecorate,0.0003372586942922,en,uglybetty
usedo,0.0003372586942922,en,uglybetty
twocoordinate,0.0003372586942922,en,uglybetty
brled,0.0003372586942922,en,uglybetty
nerveor,0.0003372586942922,en,uglybetty
thisite,0.0003372586942922,en,uglybetty
tfriend,0.0003372586942922,en,uglybetty
kief,0.0003372586942922,en,uglybetty
chestt,0.0003372586942922,en,uglybetty
ireneprysbrowsky,0.0003372586942922,en,uglybetty
peering,0.0003372586942922,en,uglybetty
buddakan,0.0003372586942922,en,uglybetty
obvi,0.0003372586942922,en,uglybetty
killinganyone,0.0003372586942922,en,uglybetty
vvbe,0.0003372586942922,en,uglybetty
rrto,0.0003372586942922,en,uglybetty
backlit,0.0003372586942922,en,uglybetty
hireher,0.0003372586942922,en,uglybetty
yielding,0.0003372586942922,en,uglybetty
heehere,0.0003372586942922,en,uglybetty
hardthe,0.0003372586942922,en,uglybetty
justsensitive,0.0003372586942922,en,uglybetty
hadno,0.0003372586942922,en,uglybetty
trashing,0.0003372586942922,en,uglybetty
impaling,0.0003372586942922,en,uglybetty
unwearable,0.0003372586942922,en,uglybetty
dichron,0.0003372586942922,en,uglybetty
payard,0.0003372586942922,en,uglybetty
ahonta,0.0003372586942922,en,uglybetty
mudge,0.0003372586942922,en,uglybetty
haout,0.0003372586942922,en,uglybetty
imatter,0.0003372586942922,en,uglybetty
forgotyou,0.0003372586942922,en,uglybetty
opportunityere,0.0003372586942922,en,uglybetty
tothose,0.0003372586942922,en,uglybetty
shnever,0.0003372586942922,en,uglybetty
untili,0.0003372586942922,en,uglybetty
kidsget,0.0003372586942922,en,uglybetty
weirdit,0.0003372586942922,en,uglybetty
peotheople,0.0003372586942922,en,uglybetty
nena,0.0003372586942922,en,uglybetty
fluky,0.0003372586942922,en,uglybetty
barata,0.0003372586942922,en,uglybetty
berata,0.0003372586942922,en,uglybetty
cacahuete,0.0003372586942922,en,uglybetty
subsdidy,0.0003372586942922,en,uglybetty
conntecte,0.0003372586942922,en,uglybetty
yourold,0.0003372586942922,en,uglybetty
butet,0.0003372586942922,en,uglybetty
mightcause,0.0003372586942922,en,uglybetty
sixplus,0.0003372586942922,en,uglybetty
espectacular,0.0003372586942922,en,uglybetty
krug,0.0003372586942922,en,uglybetty
ivate,0.0003372586942922,en,uglybetty
wincroft,0.0003372586942922,en,uglybetty
luxurie,0.0003372586942922,en,uglybetty
pugh,0.0003372586942922,en,uglybetty
youcould,0.0003372586942922,en,uglybetty
godwa,0.0003372586942922,en,uglybetty
barrasse,0.0003372586942922,en,uglybetty
youhost,0.0003372586942922,en,uglybetty
manychildren,0.0003372586942922,en,uglybetty
broughtthis,0.0003372586942922,en,uglybetty
thprocedure,0.0003372586942922,en,uglybetty
ithiss,0.0003372586942922,en,uglybetty
smileshim,0.0003372586942922,en,uglybetty
throwinginsane,0.0003372586942922,en,uglybetty
childreni,0.0003372586942922,en,uglybetty
evenafford,0.0003372586942922,en,uglybetty
mineis,0.0003372586942922,en,uglybetty
anymory,0.0003372586942922,en,uglybetty
rigoletto,0.0003372586942922,en,uglybetty
nazelway,0.0003372586942922,en,uglybetty
tying,0.0003372586942922,en,uglybetty
modernway,0.0003372586942922,en,uglybetty
roarrr,0.0003372586942922,en,uglybetty
carwashe,0.0003372586942922,en,uglybetty
fabby,0.0003372586942922,en,uglybetty
persol,0.0003372586942922,en,uglybetty
fabulousfa,0.0003372586942922,en,uglybetty
inreial,0.0003372586942922,en,uglybetty
brokeri,0.0003372586942922,en,uglybetty
jeta,0.0003372586942922,en,uglybetty
crackage,0.0003372586942922,en,uglybetty
ndy,0.0003372586942922,en,uglybetty
bch,0.0003372586942922,en,uglybetty
guggenhei,0.0003372586942922,en,uglybetty
thinkaybe,0.0003372586942922,en,uglybetty
alphabetizing,0.0003372586942922,en,uglybetty
vermilion,0.0003372586942922,en,uglybetty
ahclever,0.0003372586942922,en,uglybetty
yostill,0.0003372586942922,en,uglybetty
ntion,0.0003372586942922,en,uglybetty
sandch,0.0003372586942922,en,uglybetty
yeahhow,0.0003372586942922,en,uglybetty
corncrib,0.0003372586942922,en,uglybetty
tawt,0.0003372586942922,en,uglybetty
potentiallylife,0.0003372586942922,en,uglybetty
rsafer,0.0003372586942922,en,uglybetty
heoutlandish,0.0003372586942922,en,uglybetty
smize,0.0003372586942922,en,uglybetty
isall,0.0003372586942922,en,uglybetty
beaulitie,0.0003372586942922,en,uglybetty
concluder,0.0003372586942922,en,uglybetty
wilhelna,0.0003372586942922,en,uglybetty
december,0.0003372586942922,en,uglybetty
talericio,0.0003372586942922,en,uglybetty
resync,0.0003372586942922,en,uglybetty
couldre,0.0003372586942922,en,uglybetty
manzilla,0.0003372586942922,en,uglybetty
gaveou,0.0003372586942922,en,uglybetty
mazine,0.0003372586942922,en,uglybetty
andyleft,0.0003372586942922,en,uglybetty
foyour,0.0003372586942922,en,uglybetty
weapon,0.0003363587259066,en,uglybetty
emily,0.0003351814517169,en,uglybetty
mechanical,0.0003351814517169,en,uglybetty
brian,0.0003351814517169,en,uglybetty
mourn,0.0003351814517169,en,uglybetty
peg,0.0003351814517169,en,uglybetty
scrap,0.0003351814517169,en,uglybetty
pissed,0.0003351814517169,en,uglybetty
institution,0.0003351814517169,en,uglybetty
crew,0.0003348011417272,en,uglybetty
series,0.0003348011417272,en,uglybetty
armed,0.0003348011417272,en,uglybetty
scrabble,0.0003326473770622,en,uglybetty
circular,0.0003326473770622,en,uglybetty
commemorate,0.0003326473770622,en,uglybetty
lug,0.0003326473770622,en,uglybetty
stewardess,0.0003326473770622,en,uglybetty
melodramatic,0.0003326473770622,en,uglybetty
bureaucratic,0.0003326473770622,en,uglybetty
utilize,0.0003326473770622,en,uglybetty
jab,0.0003326473770622,en,uglybetty
compulsion,0.0003326473770622,en,uglybetty
liz,0.0003326473770622,en,uglybetty
weld,0.0003326473770622,en,uglybetty
squawk,0.0003326473770622,en,uglybetty
plier,0.0003326473770622,en,uglybetty
sunscreen,0.0003326473770622,en,uglybetty
snowball,0.0003326473770622,en,uglybetty
brotherhood,0.0003326473770622,en,uglybetty
preside,0.0003326473770622,en,uglybetty
banquet,0.0003326473770622,en,uglybetty
autumn,0.0003326473770622,en,uglybetty
cardiologist,0.0003326473770622,en,uglybetty
harley,0.0003326473770622,en,uglybetty
monday,0.0003326473770622,en,uglybetty
quarrel,0.0003326473770622,en,uglybetty
lowly,0.0003326473770622,en,uglybetty
rocker,0.0003326473770622,en,uglybetty
pottery,0.0003326473770622,en,uglybetty
busboy,0.0003326473770622,en,uglybetty
lawrence,0.0003326473770622,en,uglybetty
pox,0.0003326473770622,en,uglybetty
flour,0.0003326473770622,en,uglybetty
reimburse,0.0003326473770622,en,uglybetty
reference,0.0003320502771687,en,uglybetty
bike,0.0003320502771687,en,uglybetty
facility,0.0003320502771687,en,uglybetty
plea,0.0003320289224828,en,uglybetty
organic,0.0003320289224828,en,uglybetty
mere,0.0003320289224828,en,uglybetty
bizarre,0.0003320289224828,en,uglybetty
integrity,0.0003320289224828,en,uglybetty
allergy,0.0003320289224828,en,uglybetty
successful,0.0003293279194915,en,uglybetty
trail,0.0003293279194915,en,uglybetty
abuse,0.0003293279194915,en,uglybetty
moon,0.0003293279194915,en,uglybetty
function,0.0003293279194915,en,uglybetty
kidney,0.0003289260414469,en,uglybetty
extract,0.0003289260414469,en,uglybetty
knot,0.0003289260414469,en,uglybetty
soccer,0.0003289260414469,en,uglybetty
rhythm,0.0003289260414469,en,uglybetty
deceive,0.0003289260414469,en,uglybetty
fame,0.0003289260414469,en,uglybetty
vicious,0.0003289260414469,en,uglybetty
principal,0.0003289260414469,en,uglybetty
corporation,0.0003289260414469,en,uglybetty
installation,0.0003278703930825,en,uglybetty
dorothy,0.0003278703930825,en,uglybetty
reasonably,0.0003278703930825,en,uglybetty
sterling,0.0003278703930825,en,uglybetty
diesel,0.0003278703930825,en,uglybetty
binder,0.0003278703930825,en,uglybetty
auntie,0.0003278703930825,en,uglybetty
chimp,0.0003278703930825,en,uglybetty
backward,0.0003278703930825,en,uglybetty
relinquish,0.0003278703930825,en,uglybetty
snooze,0.0003278703930825,en,uglybetty
attaboy,0.0003278703930825,en,uglybetty
catering,0.0003278703930825,en,uglybetty
grail,0.0003278703930825,en,uglybetty
snuggle,0.0003278703930825,en,uglybetty
nana,0.0003278703930825,en,uglybetty
riddance,0.0003278703930825,en,uglybetty
severity,0.0003278703930825,en,uglybetty
calculus,0.0003278703930825,en,uglybetty
vegan,0.0003278703930825,en,uglybetty
queasy,0.0003278703930825,en,uglybetty
gloria,0.0003278703930825,en,uglybetty
immoral,0.0003278703930825,en,uglybetty
aura,0.0003278703930825,en,uglybetty
basement,0.0003266334839236,en,uglybetty
equal,0.0003266334839236,en,uglybetty
wit,0.0003258712690363,en,uglybetty
gambling,0.0003258712690363,en,uglybetty
laughter,0.0003258712690363,en,uglybetty
dummy,0.0003258712690363,en,uglybetty
blunt,0.0003258712690363,en,uglybetty
rifle,0.0003258712690363,en,uglybetty
leverage,0.0003258712690363,en,uglybetty
false,0.0003239664035038,en,uglybetty
narrow,0.0003239664035038,en,uglybetty
investigation,0.0003239664035038,en,uglybetty
determine,0.0003239664035038,en,uglybetty
trimester,0.0003232610576034,en,uglybetty
minion,0.0003232610576034,en,uglybetty
sydney,0.0003232610576034,en,uglybetty
blake,0.0003232610576034,en,uglybetty
scotty,0.0003232610576034,en,uglybetty
goggle,0.0003232610576034,en,uglybetty
bermuda,0.0003232610576034,en,uglybetty
caribbean,0.0003232610576034,en,uglybetty
optimism,0.0003232610576034,en,uglybetty
negotiable,0.0003232610576034,en,uglybetty
trek,0.0003232610576034,en,uglybetty
aspire,0.0003232610576034,en,uglybetty
blondie,0.0003232610576034,en,uglybetty
slum,0.0003232610576034,en,uglybetty
vat,0.0003232610576034,en,uglybetty
chipper,0.0003232610576034,en,uglybetty
josh,0.0003232610576034,en,uglybetty
maturity,0.0003232610576034,en,uglybetty
livelihood,0.0003232610576034,en,uglybetty
hometown,0.0003232610576034,en,uglybetty
incense,0.0003232610576034,en,uglybetty
manhunt,0.0003232610576034,en,uglybetty
kingdom,0.0003228631361983,en,uglybetty
gratitude,0.0003228631361983,en,uglybetty
mortgage,0.0003228631361983,en,uglybetty
setting,0.0003228631361983,en,uglybetty
madness,0.0003228631361983,en,uglybetty
ethic,0.0003228631361983,en,uglybetty
foolish,0.0003228631361983,en,uglybetty
pawn,0.0003228631361983,en,uglybetty
creep,0.000321326128366,en,uglybetty
adrenaline,0.0003199002401585,en,uglybetty
scam,0.0003199002401585,en,uglybetty
dental,0.0003199002401585,en,uglybetty
freaky,0.0003199002401585,en,uglybetty
talkin,0.0003199002401585,en,uglybetty
helmet,0.0003199002401585,en,uglybetty
rival,0.0003199002401585,en,uglybetty
holdup,0.0003188080012414,en,uglybetty
memoir,0.0003188080012414,en,uglybetty
crotch,0.0003188080012414,en,uglybetty
mutt,0.0003188080012414,en,uglybetty
milkshake,0.0003188080012414,en,uglybetty
dawg,0.0003188080012414,en,uglybetty
flute,0.0003188080012414,en,uglybetty
insider,0.0003188080012414,en,uglybetty
jenkin,0.0003188080012414,en,uglybetty
eating,0.0003188080012414,en,uglybetty
pressing,0.0003188080012414,en,uglybetty
bias,0.0003188080012414,en,uglybetty
backside,0.0003188080012414,en,uglybetty
fixate,0.0003188080012414,en,uglybetty
dishonest,0.0003188080012414,en,uglybetty
reduction,0.0003188080012414,en,uglybetty
florist,0.0003188080012414,en,uglybetty
epiphany,0.0003188080012414,en,uglybetty
topless,0.0003188080012414,en,uglybetty
harden,0.0003188080012414,en,uglybetty
ponytail,0.0003188080012414,en,uglybetty
toenail,0.0003188080012414,en,uglybetty
cliche,0.0003188080012414,en,uglybetty
carat,0.0003188080012414,en,uglybetty
relapse,0.0003188080012414,en,uglybetty
feisty,0.0003188080012414,en,uglybetty
trespassing,0.0003188080012414,en,uglybetty
intro,0.0003188080012414,en,uglybetty
obsolete,0.0003188080012414,en,uglybetty
hen,0.0003188080012414,en,uglybetty
flow,0.0003187121250582,en,uglybetty
background,0.0003187121250582,en,uglybetty
importance,0.0003169812404927,en,uglybetty
permanently,0.0003169812404927,en,uglybetty
sketch,0.0003169812404927,en,uglybetty
impulse,0.0003169812404927,en,uglybetty
roast,0.0003169812404927,en,uglybetty
jane,0.0003169812404927,en,uglybetty
barbecue,0.0003169812404927,en,uglybetty
activity,0.0003161238758963,en,uglybetty
side,0.0003161238758963,en,uglybetty
polo,0.0003145009733352,en,uglybetty
latino,0.0003145009733352,en,uglybetty
eccentric,0.0003145009733352,en,uglybetty
nuisance,0.0003145009733352,en,uglybetty
reconstruction,0.0003145009733352,en,uglybetty
commando,0.0003145009733352,en,uglybetty
fitness,0.0003145009733352,en,uglybetty
sander,0.0003145009733352,en,uglybetty
bummed,0.0003145009733352,en,uglybetty
unforgivable,0.0003145009733352,en,uglybetty
thaw,0.0003145009733352,en,uglybetty
fluff,0.0003145009733352,en,uglybetty
inconvenient,0.0003145009733352,en,uglybetty
warp,0.0003145009733352,en,uglybetty
unannounced,0.0003145009733352,en,uglybetty
narcissistic,0.0003145009733352,en,uglybetty
savor,0.0003145009733352,en,uglybetty
doggie,0.0003145009733352,en,uglybetty
blender,0.0003145009733352,en,uglybetty
booking,0.0003145009733352,en,uglybetty
picky,0.0003145009733352,en,uglybetty
wrapper,0.0003145009733352,en,uglybetty
applicant,0.0003145009733352,en,uglybetty
extracurricular,0.0003145009733352,en,uglybetty
commute,0.0003145009733352,en,uglybetty
sittin,0.0003145009733352,en,uglybetty
cardio,0.0003145009733352,en,uglybetty
ulcer,0.0003145009733352,en,uglybetty
hatch,0.0003141048554855,en,uglybetty
acknowledge,0.0003141048554855,en,uglybetty
anticipate,0.0003141048554855,en,uglybetty
rarely,0.0003141048554855,en,uglybetty
bartender,0.0003141048554855,en,uglybetty
whine,0.0003141048554855,en,uglybetty
peel,0.0003141048554855,en,uglybetty
psychic,0.0003112698587515,en,uglybetty
illness,0.0003112698587515,en,uglybetty
african,0.0003112698587515,en,uglybetty
knight,0.0003112698587515,en,uglybetty
soil,0.0003112698587515,en,uglybetty
reunion,0.0003112698587515,en,uglybetty
strawberry,0.0003112698587515,en,uglybetty
trailer,0.0003112698587515,en,uglybetty
puppet,0.0003112698587515,en,uglybetty
greeny,0.0003106292497687,en,uglybetty
bhutan,0.0003106292497687,en,uglybetty
sobering,0.0003106292497687,en,uglybetty
beetotally,0.0003106292497687,en,uglybetty
otional,0.0003106292497687,en,uglybetty
asleepin,0.0003106292497687,en,uglybetty
chong,0.0003106292497687,en,uglybetty
rooting,0.0003106292497687,en,uglybetty
scooty,0.0003106292497687,en,uglybetty
ino,0.0003106292497687,en,uglybetty
phasing,0.0003106292497687,en,uglybetty
hamish,0.0003106292497687,en,uglybetty
iold,0.0003106292497687,en,uglybetty
tyrese,0.0003106292497687,en,uglybetty
yourse,0.0003106292497687,en,uglybetty
irrelevance,0.0003106292497687,en,uglybetty
klause,0.0003106292497687,en,uglybetty
pke,0.0003106292497687,en,uglybetty
secre,0.0003106292497687,en,uglybetty
herry,0.0003106292497687,en,uglybetty
nator,0.0003106292497687,en,uglybetty
takey,0.0003106292497687,en,uglybetty
entiendo,0.0003106292497687,en,uglybetty
beautif,0.0003106292497687,en,uglybetty
macduff,0.0003106292497687,en,uglybetty
amistad,0.0003106292497687,en,uglybetty
marchesa,0.0003106292497687,en,uglybetty
acra,0.0003106292497687,en,uglybetty
wesome,0.0003106292497687,en,uglybetty
gst,0.0003106292497687,en,uglybetty
anit,0.0003106292497687,en,uglybetty
richman,0.0003106292497687,en,uglybetty
atelier,0.0003106292497687,en,uglybetty
brac,0.0003106292497687,en,uglybetty
wearable,0.0003106292497687,en,uglybetty
ducatis,0.0003106292497687,en,uglybetty
djeuner,0.0003106292497687,en,uglybetty
reyou,0.0003106292497687,en,uglybetty
keegan,0.0003106292497687,en,uglybetty
etta,0.0003106292497687,en,uglybetty
tailpiece,0.0003106292497687,en,uglybetty
meing,0.0003106292497687,en,uglybetty
shion,0.0003106292497687,en,uglybetty
fassbinder,0.0003106292497687,en,uglybetty
imploy,0.0003106292497687,en,uglybetty
apoplectic,0.0003106292497687,en,uglybetty
commercialize,0.0003106292497687,en,uglybetty
schnabel,0.0003106292497687,en,uglybetty
stae,0.0003106292497687,en,uglybetty
kroon,0.0003106292497687,en,uglybetty
noisily,0.0003106292497687,en,uglybetty
cokie,0.0003106292497687,en,uglybetty
embarrse,0.0003106292497687,en,uglybetty
monthiversary,0.0003106292497687,en,uglybetty
salaried,0.0003106292497687,en,uglybetty
miele,0.0003106292497687,en,uglybetty
palladium,0.0003106292497687,en,uglybetty
trans,0.0003106292497687,en,uglybetty
ittle,0.0003106292497687,en,uglybetty
ouide,0.0003106292497687,en,uglybetty
tmake,0.0003106292497687,en,uglybetty
bodyin,0.0003106292497687,en,uglybetty
vierne,0.0003106292497687,en,uglybetty
hse,0.0003106292497687,en,uglybetty
chapper,0.0003106292497687,en,uglybetty
noticedyou,0.0003106292497687,en,uglybetty
standoffish,0.0003106292497687,en,uglybetty
waiste,0.0003106292497687,en,uglybetty
motorize,0.0003106292497687,en,uglybetty
mng,0.0003106292497687,en,uglybetty
gaultier,0.0003106292497687,en,uglybetty
mame,0.0003106292497687,en,uglybetty
changethe,0.0003106292497687,en,uglybetty
mur,0.0003106292497687,en,uglybetty
conozco,0.0003106292497687,en,uglybetty
chintz,0.0003106292497687,en,uglybetty
afteeverythe,0.0003106292497687,en,uglybetty
degenere,0.0003106292497687,en,uglybetty
carnita,0.0003106292497687,en,uglybetty
zitch,0.0003106292497687,en,uglybetty
freshwoman,0.0003106292497687,en,uglybetty
throom,0.0003106292497687,en,uglybetty
caretake,0.0003106292497687,en,uglybetty
cottontail,0.0003106292497687,en,uglybetty
totell,0.0003106292497687,en,uglybetty
siberia,0.0003106292497687,en,uglybetty
behe,0.0003106292497687,en,uglybetty
unanimity,0.0003106292497687,en,uglybetty
chil,0.0003106292497687,en,uglybetty
timothy,0.0003106292497687,en,uglybetty
adequacy,0.0003106292497687,en,uglybetty
iger,0.0003106292497687,en,uglybetty
limbaugh,0.0003106292497687,en,uglybetty
lacombe,0.0003106292497687,en,uglybetty
schlage,0.0003106292497687,en,uglybetty
yoi,0.0003106292497687,en,uglybetty
outtie,0.0003106292497687,en,uglybetty
brekkie,0.0003106292497687,en,uglybetty
lly,0.0003106292497687,en,uglybetty
fure,0.0003106292497687,en,uglybetty
prer,0.0003106292497687,en,uglybetty
blini,0.0003106292497687,en,uglybetty
befo,0.0003106292497687,en,uglybetty
awak,0.0003106292497687,en,uglybetty
ticked,0.0003106292497687,en,uglybetty
boobs,0.0003106292497687,en,uglybetty
yeahi,0.0003106292497687,en,uglybetty
wore,0.0003106292497687,en,uglybetty
imma,0.0003106292497687,en,uglybetty
bustline,0.0003106292497687,en,uglybetty
frump,0.0003106292497687,en,uglybetty
habite,0.0003106292497687,en,uglybetty
overwrote,0.0003106292497687,en,uglybetty
indianapolis,0.0003106292497687,en,uglybetty
economize,0.0003106292497687,en,uglybetty
chita,0.0003106292497687,en,uglybetty
frome,0.0003106292497687,en,uglybetty
itid,0.0003106292497687,en,uglybetty
youstill,0.0003106292497687,en,uglybetty
celestia,0.0003106292497687,en,uglybetty
shold,0.0003106292497687,en,uglybetty
slipup,0.0003106292497687,en,uglybetty
saiit,0.0003106292497687,en,uglybetty
amortization,0.0003106292497687,en,uglybetty
zegna,0.0003106292497687,en,uglybetty
bween,0.0003106292497687,en,uglybetty
pul,0.0003106292497687,en,uglybetty
justant,0.0003106292497687,en,uglybetty
foodchain,0.0003106292497687,en,uglybetty
moh,0.0003106292497687,en,uglybetty
yowere,0.0003106292497687,en,uglybetty
carefulabout,0.0003106292497687,en,uglybetty
hidy,0.0003106292497687,en,uglybetty
lecoultre,0.0003106292497687,en,uglybetty
wll,0.0003106292497687,en,uglybetty
loire,0.0003106292497687,en,uglybetty
mijita,0.0003106292497687,en,uglybetty
pleasetell,0.0003106292497687,en,uglybetty
felicidade,0.0003106292497687,en,uglybetty
poblano,0.0003106292497687,en,uglybetty
puppie,0.0003106292497687,en,uglybetty
tmean,0.0003106292497687,en,uglybetty
messager,0.0003106292497687,en,uglybetty
beenough,0.0003106292497687,en,uglybetty
swoopy,0.0003106292497687,en,uglybetty
oppe,0.0003106292497687,en,uglybetty
notbe,0.0003106292497687,en,uglybetty
reactedto,0.0003106292497687,en,uglybetty
winona,0.0003106292497687,en,uglybetty
hammertoe,0.0003106292497687,en,uglybetty
hurrying,0.0003106292497687,en,uglybetty
flowin,0.0003106292497687,en,uglybetty
leav,0.0003106292497687,en,uglybetty
itell,0.0003106292497687,en,uglybetty
hempstead,0.0003106292497687,en,uglybetty
vitus,0.0003106292497687,en,uglybetty
rationship,0.0003106292497687,en,uglybetty
allabout,0.0003106292497687,en,uglybetty
behere,0.0003106292497687,en,uglybetty
retrouver,0.0003106292497687,en,uglybetty
remixe,0.0003106292497687,en,uglybetty
correc,0.0003106292497687,en,uglybetty
ine,0.0003106292497687,en,uglybetty
lljust,0.0003106292497687,en,uglybetty
luego,0.0003106292497687,en,uglybetty
fishmonger,0.0003106292497687,en,uglybetty
remi,0.0003106292497687,en,uglybetty
sercret,0.0003106292497687,en,uglybetty
wagging,0.0003106292497687,en,uglybetty
andie,0.0003106292497687,en,uglybetty
wuzzy,0.0003106292497687,en,uglybetty
greenroom,0.0003106292497687,en,uglybetty
tini,0.0003106292497687,en,uglybetty
helpe,0.0003106292497687,en,uglybetty
foet,0.0003106292497687,en,uglybetty
boyiend,0.0003106292497687,en,uglybetty
woulnot,0.0003106292497687,en,uglybetty
abuela,0.0003106292497687,en,uglybetty
chand,0.0003106292497687,en,uglybetty
seducer,0.0003106292497687,en,uglybetty
herwith,0.0003106292497687,en,uglybetty
drainer,0.0003106292497687,en,uglybetty
wimbledon,0.0003106292497687,en,uglybetty
messengered,0.0003106292497687,en,uglybetty
haert,0.0003106292497687,en,uglybetty
biotch,0.0003106292497687,en,uglybetty
sank,0.0003106292497687,en,uglybetty
manon,0.0003106292497687,en,uglybetty
wassome,0.0003106292497687,en,uglybetty
beatboxe,0.0003106292497687,en,uglybetty
palabra,0.0003106292497687,en,uglybetty
sie,0.0003106292497687,en,uglybetty
nacio,0.0003106292497687,en,uglybetty
boysenberry,0.0003106292497687,en,uglybetty
zander,0.0003106292497687,en,uglybetty
rubel,0.0003106292497687,en,uglybetty
reinvestment,0.0003106292497687,en,uglybetty
blankie,0.0003106292497687,en,uglybetty
tolde,0.0003106292497687,en,uglybetty
telecast,0.0003106292497687,en,uglybetty
newsy,0.0003106292497687,en,uglybetty
poochie,0.0003106292497687,en,uglybetty
nameof,0.0003106292497687,en,uglybetty
splendiferous,0.0003106292497687,en,uglybetty
bootylicious,0.0003106292497687,en,uglybetty
prattling,0.0003106292497687,en,uglybetty
fath,0.0003106292497687,en,uglybetty
viktor,0.0003106292497687,en,uglybetty
macram,0.0003106292497687,en,uglybetty
mending,0.0003106292497687,en,uglybetty
dcde,0.0003106292497687,en,uglybetty
nobu,0.0003106292497687,en,uglybetty
didier,0.0003106292497687,en,uglybetty
kant,0.0003106292497687,en,uglybetty
bergdorf,0.0003106292497687,en,uglybetty
thanksor,0.0003106292497687,en,uglybetty
thonly,0.0003106292497687,en,uglybetty
anmpty,0.0003106292497687,en,uglybetty
atatement,0.0003106292497687,en,uglybetty
cafecito,0.0003106292497687,en,uglybetty
harmoniously,0.0003106292497687,en,uglybetty
bouffant,0.0003106292497687,en,uglybetty
taw,0.0003106292497687,en,uglybetty
herkie,0.0003106292497687,en,uglybetty
sadder,0.0003106292497687,en,uglybetty
knobby,0.0003106292497687,en,uglybetty
lameass,0.0003106292497687,en,uglybetty
tibet,0.0003106292497687,en,uglybetty
sportster,0.0003106292497687,en,uglybetty
puce,0.0003106292497687,en,uglybetty
stub,0.0003103306998219,en,uglybetty
bankruptcy,0.0003103306998219,en,uglybetty
orient,0.0003103306998219,en,uglybetty
indictment,0.0003103306998219,en,uglybetty
popsicle,0.0003103306998219,en,uglybetty
heinous,0.0003103306998219,en,uglybetty
thorn,0.0003103306998219,en,uglybetty
finished,0.0003103306998219,en,uglybetty
chitchat,0.0003103306998219,en,uglybetty
surgically,0.0003103306998219,en,uglybetty
karate,0.0003103306998219,en,uglybetty
dong,0.0003103306998219,en,uglybetty
glorify,0.0003103306998219,en,uglybetty
gourmet,0.0003103306998219,en,uglybetty
palate,0.0003103306998219,en,uglybetty
slab,0.0003103306998219,en,uglybetty
randall,0.0003103306998219,en,uglybetty
alleged,0.0003103306998219,en,uglybetty
tribal,0.0003103306998219,en,uglybetty
distort,0.0003103306998219,en,uglybetty
downward,0.0003103306998219,en,uglybetty
rhetorical,0.0003103306998219,en,uglybetty
unaccounted,0.0003103306998219,en,uglybetty
accessible,0.0003103306998219,en,uglybetty
paragraph,0.0003103306998219,en,uglybetty
takeoff,0.0003103306998219,en,uglybetty
coop,0.0003103306998219,en,uglybetty
kettle,0.0003103306998219,en,uglybetty
manifestation,0.0003103306998219,en,uglybetty
spoiled,0.0003103306998219,en,uglybetty
navigate,0.0003103306998219,en,uglybetty
australian,0.0003103306998219,en,uglybetty
holster,0.0003103306998219,en,uglybetty
chimney,0.0003103306998219,en,uglybetty
parking,0.0003085087002415,en,uglybetty
policy,0.0003085087002415,en,uglybetty
shore,0.0003084750760954,en,uglybetty
somewhat,0.0003084750760954,en,uglybetty
ironic,0.0003084750760954,en,uglybetty
confidential,0.0003084750760954,en,uglybetty
thread,0.0003084750760954,en,uglybetty
reminder,0.0003084750760954,en,uglybetty
debate,0.0003084750760954,en,uglybetty
cottage,0.0003062887629895,en,uglybetty
afloat,0.0003062887629895,en,uglybetty
groupie,0.0003062887629895,en,uglybetty
wand,0.0003062887629895,en,uglybetty
sfile,0.0003062887629895,en,uglybetty
salute,0.0003062887629895,en,uglybetty
chap,0.0003062887629895,en,uglybetty
trevor,0.0003062887629895,en,uglybetty
seafood,0.0003062887629895,en,uglybetty
sprout,0.0003062887629895,en,uglybetty
unanswered,0.0003062887629895,en,uglybetty
rebellion,0.0003062887629895,en,uglybetty
mermaid,0.0003062887629895,en,uglybetty
slur,0.0003062887629895,en,uglybetty
particle,0.0003062887629895,en,uglybetty
que,0.0003062887629895,en,uglybetty
pretentious,0.0003062887629895,en,uglybetty
mystical,0.0003062887629895,en,uglybetty
canvass,0.0003062887629895,en,uglybetty
florence,0.0003062887629895,en,uglybetty
inspirational,0.0003062887629895,en,uglybetty
cholesterol,0.0003062887629895,en,uglybetty
barney,0.0003062887629895,en,uglybetty
regime,0.0003062887629895,en,uglybetty
bein,0.0003062887629895,en,uglybetty
binge,0.0003062887629895,en,uglybetty
expose,0.0003060185852477,en,uglybetty
freedom,0.0003060185852477,en,uglybetty
ritual,0.000305719382592,en,uglybetty
ambush,0.000305719382592,en,uglybetty
endless,0.000305719382592,en,uglybetty
pronounce,0.000305719382592,en,uglybetty
consult,0.000305719382592,en,uglybetty
emotionally,0.000305719382592,en,uglybetty
dedicate,0.000305719382592,en,uglybetty
overcome,0.0003030016998678,en,uglybetty
acid,0.0003030016998678,en,uglybetty
shiny,0.0003030016998678,en,uglybetty
luckily,0.0003030016998678,en,uglybetty
instrument,0.0003030016998678,en,uglybetty
engineer,0.0003030016998678,en,uglybetty
shatter,0.0003030016998678,en,uglybetty
soap,0.0003030016998678,en,uglybetty
lawn,0.0003030016998678,en,uglybetty
setup,0.0003030016998678,en,uglybetty
cigar,0.0003030016998678,en,uglybetty
cowboy,0.0003030016998678,en,uglybetty
saving,0.0003030016998678,en,uglybetty
magnitude,0.0003023674991857,en,uglybetty
elf,0.0003023674991857,en,uglybetty
jill,0.0003023674991857,en,uglybetty
hostility,0.0003023674991857,en,uglybetty
stoke,0.0003023674991857,en,uglybetty
visionary,0.0003023674991857,en,uglybetty
rodeo,0.0003023674991857,en,uglybetty
compensation,0.0003023674991857,en,uglybetty
dairy,0.0003023674991857,en,uglybetty
tummy,0.0003023674991857,en,uglybetty
haunted,0.0003023674991857,en,uglybetty
stoop,0.0003023674991857,en,uglybetty
mace,0.0003023674991857,en,uglybetty
whatcha,0.0003023674991857,en,uglybetty
swam,0.0003023674991857,en,uglybetty
fiancee,0.0003023674991857,en,uglybetty
camel,0.0003023674991857,en,uglybetty
salty,0.0003023674991857,en,uglybetty
crawl,0.0003011080653621,en,uglybetty
billy,0.0003003209935675,en,uglybetty
shred,0.0003003209935675,en,uglybetty
serial,0.0003003209935675,en,uglybetty
occupy,0.0003003209935675,en,uglybetty
violation,0.0003003209935675,en,uglybetty
observation,0.0003003209935675,en,uglybetty
booth,0.0003003209935675,en,uglybetty
execution,0.0003003209935675,en,uglybetty
maintenance,0.0003003209935675,en,uglybetty
waiting,0.0003003209935675,en,uglybetty
soldier,0.0002986868024627,en,uglybetty
wool,0.0002985599113583,en,uglybetty
forum,0.0002985599113583,en,uglybetty
peachy,0.0002985599113583,en,uglybetty
uhh,0.0002985599113583,en,uglybetty
contraction,0.0002985599113583,en,uglybetty
raspberry,0.0002985599113583,en,uglybetty
avert,0.0002985599113583,en,uglybetty
graze,0.0002985599113583,en,uglybetty
lineup,0.0002985599113583,en,uglybetty
prolong,0.0002985599113583,en,uglybetty
disconnected,0.0002985599113583,en,uglybetty
handicap,0.0002985599113583,en,uglybetty
lifting,0.0002985599113583,en,uglybetty
joan,0.0002985599113583,en,uglybetty
evict,0.0002985599113583,en,uglybetty
banish,0.0002985599113583,en,uglybetty
strongly,0.0002976762709899,en,uglybetty
spark,0.0002976762709899,en,uglybetty
counsel,0.0002976762709899,en,uglybetty
twisted,0.0002976762709899,en,uglybetty
rattle,0.0002976762709899,en,uglybetty
brick,0.0002976762709899,en,uglybetty
bay,0.0002976762709899,en,uglybetty
deed,0.0002976762709899,en,uglybetty
stranger,0.0002962876518621,en,uglybetty
ensure,0.0002950665788816,en,uglybetty
mayor,0.0002950665788816,en,uglybetty
length,0.0002950665788816,en,uglybetty
initial,0.0002950665788816,en,uglybetty
legitimate,0.0002950665788816,en,uglybetty
visual,0.0002950665788816,en,uglybetty
stubborn,0.0002950665788816,en,uglybetty
exhaust,0.0002950665788816,en,uglybetty
sharing,0.0002948595939186,en,uglybetty
micro,0.0002948595939186,en,uglybetty
pillar,0.0002948595939186,en,uglybetty
perish,0.0002948595939186,en,uglybetty
grandkid,0.0002948595939186,en,uglybetty
exclusively,0.0002948595939186,en,uglybetty
borderline,0.0002948595939186,en,uglybetty
paste,0.0002948595939186,en,uglybetty
stale,0.0002948595939186,en,uglybetty
infest,0.0002948595939186,en,uglybetty
clientele,0.0002948595939186,en,uglybetty
calf,0.0002948595939186,en,uglybetty
budge,0.0002948595939186,en,uglybetty
lag,0.0002948595939186,en,uglybetty
unbearable,0.0002948595939186,en,uglybetty
bumper,0.0002948595939186,en,uglybetty
petal,0.0002948595939186,en,uglybetty
observer,0.0002948595939186,en,uglybetty
teamwork,0.0002948595939186,en,uglybetty
housekeeping,0.0002948595939186,en,uglybetty
sexist,0.0002948595939186,en,uglybetty
tracker,0.0002948595939186,en,uglybetty
pepperoni,0.0002948595939186,en,uglybetty
wilderness,0.0002948595939186,en,uglybetty
challenging,0.0002948595939186,en,uglybetty
flea,0.0002948595939186,en,uglybetty
ignition,0.0002948595939186,en,uglybetty
fang,0.0002948595939186,en,uglybetty
macho,0.0002948595939186,en,uglybetty
drastic,0.0002948595939186,en,uglybetty
dibs,0.0002948595939186,en,uglybetty
harm,0.0002939102133294,en,uglybetty
puke,0.0002924910013737,en,uglybetty
fraud,0.0002924910013737,en,uglybetty
tiger,0.0002924910013737,en,uglybetty
toxic,0.0002924910013737,en,uglybetty
deaf,0.0002924910013737,en,uglybetty
dierent,0.0002917353581969,en,uglybetty
everody,0.0002917353581969,en,uglybetty
adele,0.0002917353581969,en,uglybetty
weeble,0.0002917353581969,en,uglybetty
moveable,0.0002917353581969,en,uglybetty
eason,0.0002917353581969,en,uglybetty
opec,0.0002917353581969,en,uglybetty
doif,0.0002917353581969,en,uglybetty
highfalutin,0.0002917353581969,en,uglybetty
fireplug,0.0002917353581969,en,uglybetty
bitchiness,0.0002917353581969,en,uglybetty
bedhead,0.0002917353581969,en,uglybetty
isto,0.0002917353581969,en,uglybetty
herewith,0.0002917353581969,en,uglybetty
dishy,0.0002917353581969,en,uglybetty
hydroelectric,0.0002917353581969,en,uglybetty
pythagora,0.0002917353581969,en,uglybetty
youreally,0.0002917353581969,en,uglybetty
rosacea,0.0002917353581969,en,uglybetty
dermabrasion,0.0002917353581969,en,uglybetty
ingenue,0.0002917353581969,en,uglybetty
wheezy,0.0002917353581969,en,uglybetty
gabbana,0.0002917353581969,en,uglybetty
piven,0.0002917353581969,en,uglybetty
perez,0.0002917353581969,en,uglybetty
fabu,0.0002917353581969,en,uglybetty
houseand,0.0002917353581969,en,uglybetty
zoolander,0.0002917353581969,en,uglybetty
tohe,0.0002917353581969,en,uglybetty
soundlike,0.0002917353581969,en,uglybetty
monochromatic,0.0002917353581969,en,uglybetty
rockaway,0.0002917353581969,en,uglybetty
rinky,0.0002917353581969,en,uglybetty
mariah,0.0002917353581969,en,uglybetty
bizarrely,0.0002917353581969,en,uglybetty
ronson,0.0002917353581969,en,uglybetty
asi,0.0002917353581969,en,uglybetty
snookie,0.0002917353581969,en,uglybetty
frontin,0.0002917353581969,en,uglybetty
becausi,0.0002917353581969,en,uglybetty
ison,0.0002917353581969,en,uglybetty
lombardi,0.0002917353581969,en,uglybetty
andover,0.0002917353581969,en,uglybetty
anguilla,0.0002917353581969,en,uglybetty
arou,0.0002917353581969,en,uglybetty
tty,0.0002917353581969,en,uglybetty
peppercorn,0.0002917353581969,en,uglybetty
becausyou,0.0002917353581969,en,uglybetty
leme,0.0002917353581969,en,uglybetty
boning,0.0002917353581969,en,uglybetty
chewer,0.0002917353581969,en,uglybetty
tinseltown,0.0002917353581969,en,uglybetty
notyour,0.0002917353581969,en,uglybetty
yeahwell,0.0002917353581969,en,uglybetty
beckinsale,0.0002917353581969,en,uglybetty
becausei,0.0002917353581969,en,uglybetty
outerwear,0.0002917353581969,en,uglybetty
quacking,0.0002917353581969,en,uglybetty
fasion,0.0002917353581969,en,uglybetty
chicas,0.0002917353581969,en,uglybetty
campo,0.0002917353581969,en,uglybetty
agostino,0.0002917353581969,en,uglybetty
rosalita,0.0002917353581969,en,uglybetty
phillipe,0.0002917353581969,en,uglybetty
hotmail,0.0002917353581969,en,uglybetty
dusseldorf,0.0002917353581969,en,uglybetty
cowell,0.0002917353581969,en,uglybetty
tereste,0.0002917353581969,en,uglybetty
pandemonium,0.0002917353581969,en,uglybetty
photoshopped,0.0002917353581969,en,uglybetty
fiduciary,0.0002917353581969,en,uglybetty
incase,0.0002917353581969,en,uglybetty
уԣс,0.0002917353581969,en,uglybetty
hilfiger,0.0002917353581969,en,uglybetty
goldfarb,0.0002917353581969,en,uglybetty
sorcer,0.0002917353581969,en,uglybetty
cookware,0.0002917353581969,en,uglybetty
velour,0.0002917353581969,en,uglybetty
firebug,0.0002917353581969,en,uglybetty
flatly,0.0002917353581969,en,uglybetty
venerate,0.0002917353581969,en,uglybetty
barmy,0.0002917353581969,en,uglybetty
nur,0.0002917353581969,en,uglybetty
hija,0.0002917353581969,en,uglybetty
ady,0.0002917353581969,en,uglybetty
lunk,0.0002917353581969,en,uglybetty
deniable,0.0002917353581969,en,uglybetty
estella,0.0002917353581969,en,uglybetty
sry,0.0002917353581969,en,uglybetty
queson,0.0002917353581969,en,uglybetty
haylie,0.0002917353581969,en,uglybetty
likeo,0.0002917353581969,en,uglybetty
equus,0.0002917353581969,en,uglybetty
kardashian,0.0002917353581969,en,uglybetty
thoughtlessly,0.0002917353581969,en,uglybetty
clambake,0.0002917353581969,en,uglybetty
jimmie,0.0002917353581969,en,uglybetty
yohave,0.0002917353581969,en,uglybetty
woooo,0.0002917353581969,en,uglybetty
permissible,0.0002917353581969,en,uglybetty
grudging,0.0002917353581969,en,uglybetty
acally,0.0002917353581969,en,uglybetty
chilie,0.0002917353581969,en,uglybetty
goode,0.0002917353581969,en,uglybetty
fakin,0.0002917353581969,en,uglybetty
heretofore,0.0002917353581969,en,uglybetty
mumbly,0.0002917353581969,en,uglybetty
appologize,0.0002917353581969,en,uglybetty
pantaloon,0.0002917353581969,en,uglybetty
fha,0.0002917353581969,en,uglybetty
uff,0.0002917353581969,en,uglybetty
cafs,0.0002917353581969,en,uglybetty
ler,0.0002917353581969,en,uglybetty
honore,0.0002917353581969,en,uglybetty
mawr,0.0002917353581969,en,uglybetty
ltle,0.0002917353581969,en,uglybetty
fye,0.0002917353581969,en,uglybetty
nika,0.0002917353581969,en,uglybetty
sust,0.0002917353581969,en,uglybetty
caloric,0.0002917353581969,en,uglybetty
genetical,0.0002917353581969,en,uglybetty
hicksville,0.0002917353581969,en,uglybetty
glamme,0.0002917353581969,en,uglybetty
meee,0.0002917353581969,en,uglybetty
fice,0.0002917353581969,en,uglybetty
barrow,0.0002917353581969,en,uglybetty
metime,0.0002917353581969,en,uglybetty
rown,0.0002917353581969,en,uglybetty
uhmm,0.0002917353581969,en,uglybetty
patti,0.0002917353581969,en,uglybetty
goofer,0.0002917353581969,en,uglybetty
prostrate,0.0002917353581969,en,uglybetty
persistant,0.0002917353581969,en,uglybetty
reo,0.0002917353581969,en,uglybetty
glassware,0.0002917353581969,en,uglybetty
marmont,0.0002917353581969,en,uglybetty
bric,0.0002917353581969,en,uglybetty
bng,0.0002917353581969,en,uglybetty
mingling,0.0002917353581969,en,uglybetty
unblemished,0.0002917353581969,en,uglybetty
mex,0.0002917353581969,en,uglybetty
desouza,0.0002917353581969,en,uglybetty
arbitrator,0.0002917353581969,en,uglybetty
wke,0.0002917353581969,en,uglybetty
bending,0.0002917353581969,en,uglybetty
popo,0.0002917353581969,en,uglybetty
grumbling,0.0002917353581969,en,uglybetty
lupone,0.0002917353581969,en,uglybetty
deathbe,0.0002917353581969,en,uglybetty
mysel,0.0002917353581969,en,uglybetty
yepper,0.0002917353581969,en,uglybetty
hairstylist,0.0002917353581969,en,uglybetty
pasion,0.0002917353581969,en,uglybetty
relaxer,0.0002917353581969,en,uglybetty
fulbright,0.0002917353581969,en,uglybetty
containable,0.0002917353581969,en,uglybetty
bayside,0.0002917353581969,en,uglybetty
geme,0.0002917353581969,en,uglybetty
stilettos,0.0002917353581969,en,uglybetty
bianco,0.0002917353581969,en,uglybetty
spaghetti,0.0002912606679023,en,uglybetty
maternity,0.0002912606679023,en,uglybetty
makin,0.0002912606679023,en,uglybetty
satisfying,0.0002912606679023,en,uglybetty
pulp,0.0002912606679023,en,uglybetty
leech,0.0002912606679023,en,uglybetty
floss,0.0002912606679023,en,uglybetty
dripping,0.0002912606679023,en,uglybetty
heartbroken,0.0002912606679023,en,uglybetty
fireplace,0.0002912606679023,en,uglybetty
resourceful,0.0002912606679023,en,uglybetty
snitch,0.0002912606679023,en,uglybetty
transit,0.0002912606679023,en,uglybetty
judgmental,0.0002912606679023,en,uglybetty
allegiance,0.0002912606679023,en,uglybetty
oversight,0.0002912606679023,en,uglybetty
clot,0.0002912606679023,en,uglybetty
wuss,0.0002912606679023,en,uglybetty
talking,0.0002899486580521,en,uglybetty
awfully,0.0002899486580521,en,uglybetty
swap,0.0002899486580521,en,uglybetty
blade,0.0002899486580521,en,uglybetty
suspicion,0.0002899486580521,en,uglybetty
entitle,0.0002899486580521,en,uglybetty
scan,0.0002899486580521,en,uglybetty
sensible,0.0002877577247784,en,uglybetty
bugger,0.0002877577247784,en,uglybetty
viewer,0.0002877577247784,en,uglybetty
volcano,0.0002877577247784,en,uglybetty
distraught,0.0002877577247784,en,uglybetty
partly,0.0002877577247784,en,uglybetty
hyper,0.0002877577247784,en,uglybetty
scorpion,0.0002877577247784,en,uglybetty
lance,0.0002877577247784,en,uglybetty
addicted,0.0002877577247784,en,uglybetty
missus,0.0002877577247784,en,uglybetty
mow,0.0002877577247784,en,uglybetty
dvds,0.0002877577247784,en,uglybetty
circumstantial,0.0002877577247784,en,uglybetty
childbirth,0.0002877577247784,en,uglybetty
poverty,0.0002877577247784,en,uglybetty
regroup,0.0002877577247784,en,uglybetty
ydy,0.0002877577247784,en,uglybetty
swirl,0.0002877577247784,en,uglybetty
mafia,0.0002877577247784,en,uglybetty
eater,0.0002877577247784,en,uglybetty
patio,0.0002877577247784,en,uglybetty
protective,0.0002874387021513,en,uglybetty
boil,0.0002874387021513,en,uglybetty
shield,0.0002874387021513,en,uglybetty
minimum,0.0002874387021513,en,uglybetty
punk,0.0002874387021513,en,uglybetty
justify,0.0002874387021513,en,uglybetty
meter,0.0002849603188607,en,uglybetty
electricity,0.0002849603188607,en,uglybetty
spray,0.0002849603188607,en,uglybetty
chamber,0.0002849603188607,en,uglybetty
poster,0.0002849603188607,en,uglybetty
gravy,0.0002843457775587,en,uglybetty
healer,0.0002843457775587,en,uglybetty
unplug,0.0002843457775587,en,uglybetty
ape,0.0002843457775587,en,uglybetty
disrespectful,0.0002843457775587,en,uglybetty
forgave,0.0002843457775587,en,uglybetty
disco,0.0002843457775587,en,uglybetty
biscuit,0.0002843457775587,en,uglybetty
cosmo,0.0002843457775587,en,uglybetty
pushy,0.0002843457775587,en,uglybetty
electrocute,0.0002843457775587,en,uglybetty
platinum,0.0002843457775587,en,uglybetty
forfeit,0.0002843457775587,en,uglybetty
childish,0.0002843457775587,en,uglybetty
bumpy,0.0002843457775587,en,uglybetty
vulture,0.0002843457775587,en,uglybetty
ipod,0.0002843457775587,en,uglybetty
enthusiastic,0.0002843457775587,en,uglybetty
swift,0.0002843457775587,en,uglybetty
audit,0.0002843457775587,en,uglybetty
horrify,0.0002843457775587,en,uglybetty
shoulda,0.0002843457775587,en,uglybetty
distinction,0.0002843457775587,en,uglybetty
disabled,0.0002843457775587,en,uglybetty
existence,0.000282512723737,en,uglybetty
fighter,0.000282512723737,en,uglybetty
hood,0.000282512723737,en,uglybetty
absolute,0.000282512723737,en,uglybetty
expression,0.000282512723737,en,uglybetty
recovery,0.000282512723737,en,uglybetty
observe,0.000282512723737,en,uglybetty
tissue,0.000282512723737,en,uglybetty
validate,0.0002810202180977,en,uglybetty
purge,0.0002810202180977,en,uglybetty
pun,0.0002810202180977,en,uglybetty
vase,0.0002810202180977,en,uglybetty
donkey,0.0002810202180977,en,uglybetty
grin,0.0002810202180977,en,uglybetty
unethical,0.0002810202180977,en,uglybetty
afterward,0.0002810202180977,en,uglybetty
anna,0.0002810202180977,en,uglybetty
admirer,0.0002810202180977,en,uglybetty
gunfire,0.0002810202180977,en,uglybetty
counting,0.0002810202180977,en,uglybetty
brutal,0.0002800951612136,en,uglybetty
liquid,0.0002800951612136,en,uglybetty
happily,0.0002800951612136,en,uglybetty
parental,0.0002777767796663,en,uglybetty
tonic,0.0002777767796663,en,uglybetty
darlin,0.0002777767796663,en,uglybetty
cane,0.0002777767796663,en,uglybetty
unaware,0.0002777767796663,en,uglybetty
minus,0.0002777767796663,en,uglybetty
bouncer,0.0002777767796663,en,uglybetty
arson,0.0002777767796663,en,uglybetty
bulletin,0.0002777767796663,en,uglybetty
lotion,0.0002777767796663,en,uglybetty
glitch,0.0002777767796663,en,uglybetty
politic,0.0002777069032003,en,uglybetty
negotiate,0.0002777069032003,en,uglybetty
temperature,0.0002777069032003,en,uglybetty
polite,0.0002777069032003,en,uglybetty
jury,0.0002777069032003,en,uglybetty
flaxseed,0.0002770801173348,en,uglybetty
syn,0.0002770801173348,en,uglybetty
oer,0.0002770801173348,en,uglybetty
knowis,0.0002770801173348,en,uglybetty
stunted,0.0002770801173348,en,uglybetty
bom,0.0002770801173348,en,uglybetty
poopsie,0.0002770801173348,en,uglybetty
cheech,0.0002770801173348,en,uglybetty
chipotle,0.0002770801173348,en,uglybetty
midlevel,0.0002770801173348,en,uglybetty
rayon,0.0002770801173348,en,uglybetty
lecturing,0.0002770801173348,en,uglybetty
rushmore,0.0002770801173348,en,uglybetty
niel,0.0002770801173348,en,uglybetty
housecleaning,0.0002770801173348,en,uglybetty
spanx,0.0002770801173348,en,uglybetty
tike,0.0002770801173348,en,uglybetty
infinitesimal,0.0002770801173348,en,uglybetty
waa,0.0002770801173348,en,uglybetty
homestretch,0.0002770801173348,en,uglybetty
monocle,0.0002770801173348,en,uglybetty
cumbersome,0.0002770801173348,en,uglybetty
oopsie,0.0002770801173348,en,uglybetty
portnoy,0.0002770801173348,en,uglybetty
everythingto,0.0002770801173348,en,uglybetty
bryn,0.0002770801173348,en,uglybetty
balenciaga,0.0002770801173348,en,uglybetty
lethargic,0.0002770801173348,en,uglybetty
cartier,0.0002770801173348,en,uglybetty
bufo,0.0002770801173348,en,uglybetty
sovereignty,0.0002770801173348,en,uglybetty
weimaraner,0.0002770801173348,en,uglybetty
schoolmarm,0.0002770801173348,en,uglybetty
mehow,0.0002770801173348,en,uglybetty
songwrite,0.0002770801173348,en,uglybetty
thght,0.0002770801173348,en,uglybetty
seeyou,0.0002770801173348,en,uglybetty
unscrewed,0.0002770801173348,en,uglybetty
bustier,0.0002770801173348,en,uglybetty
foldout,0.0002770801173348,en,uglybetty
frenemie,0.0002770801173348,en,uglybetty
payer,0.0002770801173348,en,uglybetty
scooper,0.0002770801173348,en,uglybetty
inspired,0.0002770801173348,en,uglybetty
nte,0.0002770801173348,en,uglybetty
squinty,0.0002770801173348,en,uglybetty
noi,0.0002770801173348,en,uglybetty
sth,0.0002770801173348,en,uglybetty
blended,0.0002770801173348,en,uglybetty
mov,0.0002770801173348,en,uglybetty
eth,0.0002770801173348,en,uglybetty
trevi,0.0002770801173348,en,uglybetty
ozark,0.0002770801173348,en,uglybetty
monaco,0.0002770801173348,en,uglybetty
pickpockete,0.0002770801173348,en,uglybetty
pish,0.0002770801173348,en,uglybetty
legging,0.0002770801173348,en,uglybetty
amsterdam,0.0002770801173348,en,uglybetty
mauve,0.0002770801173348,en,uglybetty
stalkerazzi,0.0002770801173348,en,uglybetty
haskell,0.0002770801173348,en,uglybetty
photoe,0.0002770801173348,en,uglybetty
witht,0.0002770801173348,en,uglybetty
drove,0.0002770801173348,en,uglybetty
ause,0.0002770801173348,en,uglybetty
aah,0.0002770801173348,en,uglybetty
wittle,0.0002770801173348,en,uglybetty
tosh,0.0002770801173348,en,uglybetty
delouse,0.0002770801173348,en,uglybetty
swe,0.0002770801173348,en,uglybetty
everythi,0.0002770801173348,en,uglybetty
pilar,0.0002770801173348,en,uglybetty
bolder,0.0002770801173348,en,uglybetty
symbiosis,0.0002770801173348,en,uglybetty
rth,0.0002770801173348,en,uglybetty
streetcar,0.0002770801173348,en,uglybetty
unc,0.0002770801173348,en,uglybetty
sou,0.0002770801173348,en,uglybetty
pert,0.0002770801173348,en,uglybetty
lezzie,0.0002770801173348,en,uglybetty
henri,0.0002770801173348,en,uglybetty
fishman,0.0002770801173348,en,uglybetty
offing,0.0002770801173348,en,uglybetty
creepily,0.0002770801173348,en,uglybetty
sti,0.0002770801173348,en,uglybetty
hayward,0.0002770801173348,en,uglybetty
wasabi,0.0002770801173348,en,uglybetty
seedless,0.0002770801173348,en,uglybetty
iss,0.0002770801173348,en,uglybetty
irresponsibility,0.0002770801173348,en,uglybetty
sourdough,0.0002770801173348,en,uglybetty
thad,0.0002770801173348,en,uglybetty
hellion,0.0002770801173348,en,uglybetty
gooch,0.0002770801173348,en,uglybetty
entonce,0.0002770801173348,en,uglybetty
siempre,0.0002770801173348,en,uglybetty
glom,0.0002770801173348,en,uglybetty
rumpus,0.0002770801173348,en,uglybetty
tweedle,0.0002770801173348,en,uglybetty
positano,0.0002770801173348,en,uglybetty
bandana,0.0002770801173348,en,uglybetty
gona,0.0002770801173348,en,uglybetty
tomorow,0.0002770801173348,en,uglybetty
sacramental,0.0002770801173348,en,uglybetty
eyewear,0.0002770801173348,en,uglybetty
waht,0.0002770801173348,en,uglybetty
spreading,0.0002770801173348,en,uglybetty
breathy,0.0002770801173348,en,uglybetty
chomper,0.0002770801173348,en,uglybetty
serendipitous,0.0002770801173348,en,uglybetty
votive,0.0002770801173348,en,uglybetty
kimono,0.0002770801173348,en,uglybetty
impeach,0.0002770801173348,en,uglybetty
placeis,0.0002770801173348,en,uglybetty
everye,0.0002770801173348,en,uglybetty
inyour,0.0002770801173348,en,uglybetty
noticed,0.0002770801173348,en,uglybetty
gentle,0.0002753472477673,en,uglybetty
achieve,0.0002753472477673,en,uglybetty
poker,0.0002753472477673,en,uglybetty
stir,0.0002753472477673,en,uglybetty
alternative,0.0002753472477673,en,uglybetty
deadly,0.0002753472477673,en,uglybetty
clam,0.0002746115040355,en,uglybetty
cuddle,0.0002746115040355,en,uglybetty
enable,0.0002746115040355,en,uglybetty
unite,0.0002746115040355,en,uglybetty
randomly,0.0002746115040355,en,uglybetty
diving,0.0002746115040355,en,uglybetty
fling,0.0002746115040355,en,uglybetty
motto,0.0002746115040355,en,uglybetty
crude,0.0002746115040355,en,uglybetty
placement,0.0002746115040355,en,uglybetty
buffalo,0.0002746115040355,en,uglybetty
logo,0.0002746115040355,en,uglybetty
pub,0.0002746115040355,en,uglybetty
simultaneously,0.0002746115040355,en,uglybetty
expectation,0.0002730155179064,en,uglybetty
confront,0.0002730155179064,en,uglybetty
snake,0.0002730155179064,en,uglybetty
strictly,0.0002730155179064,en,uglybetty
formally,0.0002715207124341,en,uglybetty
sterile,0.0002715207124341,en,uglybetty
thoroughly,0.0002715207124341,en,uglybetty
frown,0.0002715207124341,en,uglybetty
retainer,0.0002715207124341,en,uglybetty
blurry,0.0002715207124341,en,uglybetty
bleach,0.0002715207124341,en,uglybetty
paw,0.0002715207124341,en,uglybetty
stakeout,0.0002715207124341,en,uglybetty
fingertip,0.0002715207124341,en,uglybetty
cynical,0.0002715207124341,en,uglybetty
platter,0.0002715207124341,en,uglybetty
willingly,0.0002715207124341,en,uglybetty
maternal,0.0002715207124341,en,uglybetty
phantom,0.0002715207124341,en,uglybetty
plunge,0.0002715207124341,en,uglybetty
experienced,0.0002715207124341,en,uglybetty
crossword,0.0002715207124341,en,uglybetty
console,0.0002715207124341,en,uglybetty
kindergarten,0.0002715207124341,en,uglybetty
fallout,0.0002715207124341,en,uglybetty
smoking,0.0002707110603653,en,uglybetty
loop,0.0002707110603653,en,uglybetty
personality,0.0002707110603653,en,uglybetty
postcard,0.0002685009798458,en,uglybetty
shaky,0.0002685009798458,en,uglybetty
bliss,0.0002685009798458,en,uglybetty
planner,0.0002685009798458,en,uglybetty
retail,0.0002685009798458,en,uglybetty
brochure,0.0002685009798458,en,uglybetty
waffle,0.0002685009798458,en,uglybetty
slipper,0.0002685009798458,en,uglybetty
stadium,0.0002685009798458,en,uglybetty
departure,0.0002685009798458,en,uglybetty
canyon,0.0002685009798458,en,uglybetty
billion,0.0002685009798458,en,uglybetty
navy,0.0002685009798458,en,uglybetty
virtue,0.0002685009798458,en,uglybetty
equivalent,0.0002685009798458,en,uglybetty
depressing,0.0002685009798458,en,uglybetty
liberate,0.0002685009798458,en,uglybetty
crying,0.0002685009798458,en,uglybetty
safely,0.0002684332445487,en,uglybetty
van,0.0002684332445487,en,uglybetty
pose,0.0002684332445487,en,uglybetty
courage,0.0002684332445487,en,uglybetty
combination,0.0002661814614828,en,uglybetty
imagination,0.0002661814614828,en,uglybetty
urgent,0.0002661814614828,en,uglybetty
core,0.0002661814614828,en,uglybetty
internal,0.0002661814614828,en,uglybetty
martyr,0.0002655491121944,en,uglybetty
battlefield,0.0002655491121944,en,uglybetty
considerable,0.0002655491121944,en,uglybetty
speculation,0.0002655491121944,en,uglybetty
cub,0.0002655491121944,en,uglybetty
canadian,0.0002655491121944,en,uglybetty
rust,0.0002655491121944,en,uglybetty
reinstate,0.0002655491121944,en,uglybetty
filth,0.0002655491121944,en,uglybetty
continent,0.0002655491121944,en,uglybetty
magnetic,0.0002655491121944,en,uglybetty
diane,0.0002655491121944,en,uglybetty
gram,0.0002655491121944,en,uglybetty
kissing,0.0002655491121944,en,uglybetty
railroad,0.0002655491121944,en,uglybetty
chairman,0.0002655491121944,en,uglybetty
inquiry,0.0002655491121944,en,uglybetty
wiggle,0.0002655491121944,en,uglybetty
bonding,0.0002655491121944,en,uglybetty
proximity,0.0002655491121944,en,uglybetty
resounding,0.0002651059136734,en,uglybetty
taping,0.0002651059136734,en,uglybetty
themin,0.0002651059136734,en,uglybetty
derisive,0.0002651059136734,en,uglybetty
footie,0.0002651059136734,en,uglybetty
enchanting,0.0002651059136734,en,uglybetty
giorno,0.0002651059136734,en,uglybetty
bowen,0.0002651059136734,en,uglybetty
slideshow,0.0002651059136734,en,uglybetty
weddin,0.0002651059136734,en,uglybetty
derriere,0.0002651059136734,en,uglybetty
shortbread,0.0002651059136734,en,uglybetty
anythi,0.0002651059136734,en,uglybetty
interrupted,0.0002651059136734,en,uglybetty
thinning,0.0002651059136734,en,uglybetty
personify,0.0002651059136734,en,uglybetty
coolidge,0.0002651059136734,en,uglybetty
yosemite,0.0002651059136734,en,uglybetty
bui,0.0002651059136734,en,uglybetty
tse,0.0002651059136734,en,uglybetty
pyromaniac,0.0002651059136734,en,uglybetty
keystroke,0.0002651059136734,en,uglybetty
sedentary,0.0002651059136734,en,uglybetty
claws,0.0002651059136734,en,uglybetty
comedic,0.0002651059136734,en,uglybetty
mome,0.0002651059136734,en,uglybetty
meo,0.0002651059136734,en,uglybetty
alon,0.0002651059136734,en,uglybetty
brill,0.0002651059136734,en,uglybetty
brigitte,0.0002651059136734,en,uglybetty
backslide,0.0002651059136734,en,uglybetty
labeouf,0.0002651059136734,en,uglybetty
thinng,0.0002651059136734,en,uglybetty
futze,0.0002651059136734,en,uglybetty
nativity,0.0002651059136734,en,uglybetty
clarissa,0.0002651059136734,en,uglybetty
gare,0.0002651059136734,en,uglybetty
kiwis,0.0002651059136734,en,uglybetty
blotch,0.0002651059136734,en,uglybetty
diyou,0.0002651059136734,en,uglybetty
fraulein,0.0002651059136734,en,uglybetty
becae,0.0002651059136734,en,uglybetty
sade,0.0002651059136734,en,uglybetty
wherefore,0.0002651059136734,en,uglybetty
fullness,0.0002651059136734,en,uglybetty
datin,0.0002651059136734,en,uglybetty
clair,0.0002651059136734,en,uglybetty
lov,0.0002651059136734,en,uglybetty
thati,0.0002651059136734,en,uglybetty
gazillionaire,0.0002651059136734,en,uglybetty
hardworking,0.0002651059136734,en,uglybetty
cryogenically,0.0002651059136734,en,uglybetty
prot,0.0002651059136734,en,uglybetty
turnstile,0.0002651059136734,en,uglybetty
tare,0.0002651059136734,en,uglybetty
muckety,0.0002651059136734,en,uglybetty
ruffian,0.0002651059136734,en,uglybetty
streetlight,0.0002651059136734,en,uglybetty
retell,0.0002651059136734,en,uglybetty
bernstein,0.0002651059136734,en,uglybetty
canne,0.0002651059136734,en,uglybetty
actuary,0.0002651059136734,en,uglybetty
peeler,0.0002651059136734,en,uglybetty
gestational,0.0002651059136734,en,uglybetty
newsroom,0.0002651059136734,en,uglybetty
disarmament,0.0002651059136734,en,uglybetty
skintight,0.0002651059136734,en,uglybetty
grammys,0.0002651059136734,en,uglybetty
jager,0.0002651059136734,en,uglybetty
dryness,0.0002651059136734,en,uglybetty
jumbotron,0.0002651059136734,en,uglybetty
unitard,0.0002651059136734,en,uglybetty
rah,0.0002651059136734,en,uglybetty
deluca,0.0002651059136734,en,uglybetty
amethyst,0.0002651059136734,en,uglybetty
chinchilla,0.0002651059136734,en,uglybetty
tnow,0.0002651059136734,en,uglybetty
breaky,0.0002651059136734,en,uglybetty
pericardium,0.0002651059136734,en,uglybetty
thoughtfully,0.0002651059136734,en,uglybetty
awning,0.0002651059136734,en,uglybetty
labradoodle,0.0002651059136734,en,uglybetty
ponzi,0.0002651059136734,en,uglybetty
fab,0.0002651059136734,en,uglybetty
aimless,0.0002651059136734,en,uglybetty
muggle,0.0002651059136734,en,uglybetty
manda,0.0002651059136734,en,uglybetty
shapiro,0.0002651059136734,en,uglybetty
reem,0.0002651059136734,en,uglybetty
pacino,0.0002651059136734,en,uglybetty
surei,0.0002651059136734,en,uglybetty
shania,0.0002651059136734,en,uglybetty
homophobe,0.0002651059136734,en,uglybetty
funsie,0.0002651059136734,en,uglybetty
queso,0.0002651059136734,en,uglybetty
overseer,0.0002651059136734,en,uglybetty
grizzle,0.0002651059136734,en,uglybetty
nameplate,0.0002651059136734,en,uglybetty
stocky,0.0002651059136734,en,uglybetty
celeb,0.0002651059136734,en,uglybetty
fairest,0.0002651059136734,en,uglybetty
mee,0.0002651059136734,en,uglybetty
bumpin,0.0002651059136734,en,uglybetty
kitsch,0.0002651059136734,en,uglybetty
maintain,0.000263955122838,en,uglybetty
mental,0.000263955122838,en,uglybetty
miserable,0.000263955122838,en,uglybetty
valet,0.0002626621260373,en,uglybetty
coal,0.0002626621260373,en,uglybetty
trainer,0.0002626621260373,en,uglybetty
beacon,0.0002626621260373,en,uglybetty
downside,0.0002626621260373,en,uglybetty
currency,0.0002626621260373,en,uglybetty
spree,0.0002626621260373,en,uglybetty
sneeze,0.0002626621260373,en,uglybetty
haired,0.0002626621260373,en,uglybetty
underground,0.0002617536600057,en,uglybetty
courtesy,0.0002617536600057,en,uglybetty
physically,0.0002617536600057,en,uglybetty
lung,0.0002617536600057,en,uglybetty
accommodate,0.0002598372304426,en,uglybetty
implicate,0.0002598372304426,en,uglybetty
beta,0.0002598372304426,en,uglybetty
projection,0.0002598372304426,en,uglybetty
guinea,0.0002598372304426,en,uglybetty
wiring,0.0002598372304426,en,uglybetty
impulsive,0.0002598372304426,en,uglybetty
sway,0.0002598372304426,en,uglybetty
infant,0.0002598372304426,en,uglybetty
crust,0.0002598372304426,en,uglybetty
designate,0.0002598372304426,en,uglybetty
athletic,0.0002598372304426,en,uglybetty
wrath,0.0002598372304426,en,uglybetty
remark,0.0002598372304426,en,uglybetty
elite,0.0002598372304426,en,uglybetty
hive,0.0002598372304426,en,uglybetty
thirst,0.0002598372304426,en,uglybetty
touching,0.0002598372304426,en,uglybetty
microphone,0.0002598372304426,en,uglybetty
genuinely,0.0002598372304426,en,uglybetty
interact,0.0002598372304426,en,uglybetty
wrench,0.0002598372304426,en,uglybetty
blush,0.0002598372304426,en,uglybetty
persuasive,0.0002598372304426,en,uglybetty
substantial,0.0002598372304426,en,uglybetty
ruthless,0.0002598372304426,en,uglybetty
yield,0.0002598372304426,en,uglybetty
intentionally,0.0002598372304426,en,uglybetty
sofa,0.0002598372304426,en,uglybetty
racist,0.0002598372304426,en,uglybetty
ethical,0.0002598372304426,en,uglybetty
chill,0.0002595765232275,en,uglybetty
shelter,0.0002595765232275,en,uglybetty
professor,0.0002595765232275,en,uglybetty
multiple,0.0002595765232275,en,uglybetty
shed,0.0002595765232275,en,uglybetty
unfortunate,0.0002595765232275,en,uglybetty
prime,0.0002595765232275,en,uglybetty
fifth,0.0002595765232275,en,uglybetty
got,0.0002595765232275,en,uglybetty
bounce,0.0002595765232275,en,uglybetty
root,0.00025742318077,en,uglybetty
relieve,0.00025742318077,en,uglybetty
limp,0.0002570718107749,en,uglybetty
welfare,0.0002570718107749,en,uglybetty
gaze,0.0002570718107749,en,uglybetty
compass,0.0002570718107749,en,uglybetty
receiver,0.0002570718107749,en,uglybetty
dangerously,0.0002570718107749,en,uglybetty
attendant,0.0002570718107749,en,uglybetty
civilization,0.0002570718107749,en,uglybetty
cloud,0.0002552931181465,en,uglybetty
mass,0.0002552931181465,en,uglybetty
fascinating,0.0002552931181465,en,uglybetty
similar,0.0002552931181465,en,uglybetty
pricing,0.0002549818687318,en,uglybetty
domingo,0.0002549818687318,en,uglybetty
tobe,0.0002549818687318,en,uglybetty
amateurish,0.0002549818687318,en,uglybetty
sexcapade,0.0002549818687318,en,uglybetty
flue,0.0002549818687318,en,uglybetty
bellini,0.0002549818687318,en,uglybetty
blather,0.0002549818687318,en,uglybetty
herme,0.0002549818687318,en,uglybetty
hathaway,0.0002549818687318,en,uglybetty
coman,0.0002549818687318,en,uglybetty
spanky,0.0002549818687318,en,uglybetty
kale,0.0002549818687318,en,uglybetty
perfecto,0.0002549818687318,en,uglybetty
creamsicle,0.0002549818687318,en,uglybetty
organically,0.0002549818687318,en,uglybetty
unspeakably,0.0002549818687318,en,uglybetty
abjure,0.0002549818687318,en,uglybetty
sauerkraut,0.0002549818687318,en,uglybetty
piehole,0.0002549818687318,en,uglybetty
unclench,0.0002549818687318,en,uglybetty
stitching,0.0002549818687318,en,uglybetty
seesaw,0.0002549818687318,en,uglybetty
rean,0.0002549818687318,en,uglybetty
appelle,0.0002549818687318,en,uglybetty
wld,0.0002549818687318,en,uglybetty
rhythmically,0.0002549818687318,en,uglybetty
stoked,0.0002549818687318,en,uglybetty
badland,0.0002549818687318,en,uglybetty
ranting,0.0002549818687318,en,uglybetty
stup,0.0002549818687318,en,uglybetty
bereavement,0.0002549818687318,en,uglybetty
excellency,0.0002549818687318,en,uglybetty
indecency,0.0002549818687318,en,uglybetty
disinvite,0.0002549818687318,en,uglybetty
weensy,0.0002549818687318,en,uglybetty
presenter,0.0002549818687318,en,uglybetty
mudslide,0.0002549818687318,en,uglybetty
ait,0.0002549818687318,en,uglybetty
undervalue,0.0002549818687318,en,uglybetty
anne,0.0002549818687318,en,uglybetty
cumin,0.0002549818687318,en,uglybetty
mccain,0.0002549818687318,en,uglybetty
skye,0.0002549818687318,en,uglybetty
fearlessness,0.0002549818687318,en,uglybetty
subpar,0.0002549818687318,en,uglybetty
viva,0.0002549818687318,en,uglybetty
waterboarde,0.0002549818687318,en,uglybetty
togive,0.0002549818687318,en,uglybetty
indiscriminately,0.0002549818687318,en,uglybetty
kitschy,0.0002549818687318,en,uglybetty
arr,0.0002549818687318,en,uglybetty
talmud,0.0002549818687318,en,uglybetty
onesie,0.0002549818687318,en,uglybetty
racquet,0.0002549818687318,en,uglybetty
dani,0.0002549818687318,en,uglybetty
untruth,0.0002549818687318,en,uglybetty
sioux,0.0002549818687318,en,uglybetty
espanol,0.0002549818687318,en,uglybetty
serendipity,0.0002549818687318,en,uglybetty
gollum,0.0002549818687318,en,uglybetty
heeled,0.0002549818687318,en,uglybetty
yello,0.0002549818687318,en,uglybetty
sideway,0.0002549818687318,en,uglybetty
brighter,0.0002549818687318,en,uglybetty
macadamia,0.0002549818687318,en,uglybetty
talia,0.0002549818687318,en,uglybetty
follicular,0.0002549818687318,en,uglybetty
swimmin,0.0002549818687318,en,uglybetty
inon,0.0002549818687318,en,uglybetty
arbiter,0.0002549818687318,en,uglybetty
boney,0.0002549818687318,en,uglybetty
windup,0.0002549818687318,en,uglybetty
extravaganza,0.0002549818687318,en,uglybetty
atlantis,0.0002549818687318,en,uglybetty
lucille,0.0002549818687318,en,uglybetty
reginald,0.0002549818687318,en,uglybetty
somber,0.0002549818687318,en,uglybetty
hastily,0.0002549818687318,en,uglybetty
beautician,0.0002549818687318,en,uglybetty
mcgregor,0.0002549818687318,en,uglybetty
wiedersehen,0.0002549818687318,en,uglybetty
brr,0.0002549818687318,en,uglybetty
frakke,0.0002549818687318,en,uglybetty
muttering,0.0002549818687318,en,uglybetty
dunst,0.0002549818687318,en,uglybetty
augh,0.0002549818687318,en,uglybetty
ele,0.0002549818687318,en,uglybetty
enunciate,0.0002549818687318,en,uglybetty
cauldron,0.0002549818687318,en,uglybetty
candice,0.0002549818687318,en,uglybetty
midsummer,0.0002549818687318,en,uglybetty
overshot,0.0002549818687318,en,uglybetty
dofor,0.0002549818687318,en,uglybetty
preserver,0.0002549818687318,en,uglybetty
aborted,0.0002549818687318,en,uglybetty
callie,0.0002549818687318,en,uglybetty
babysit,0.0002543634141524,en,uglybetty
comfy,0.0002543634141524,en,uglybetty
smug,0.0002543634141524,en,uglybetty
jammed,0.0002543634141524,en,uglybetty
optimistic,0.0002543634141524,en,uglybetty
patent,0.0002543634141524,en,uglybetty
harmony,0.0002543634141524,en,uglybetty
interior,0.0002543634141524,en,uglybetty
hippie,0.0002543634141524,en,uglybetty
spontaneous,0.0002543634141524,en,uglybetty
squash,0.0002543634141524,en,uglybetty
status,0.000253185837378,en,uglybetty
drain,0.000253185837378,en,uglybetty
trespass,0.0002517097363736,en,uglybetty
sarcastic,0.0002517097363736,en,uglybetty
parasite,0.0002517097363736,en,uglybetty
definite,0.0002517097363736,en,uglybetty
inspector,0.0002517097363736,en,uglybetty
nurture,0.0002517097363736,en,uglybetty
briefly,0.0002517097363736,en,uglybetty
halt,0.0002517097363736,en,uglybetty
cocaine,0.0002517097363736,en,uglybetty
veteran,0.0002517097363736,en,uglybetty
certainty,0.0002517097363736,en,uglybetty
enterprise,0.0002517097363736,en,uglybetty
snag,0.0002517097363736,en,uglybetty
amuse,0.0002517097363736,en,uglybetty
hijack,0.0002517097363736,en,uglybetty
representative,0.0002517097363736,en,uglybetty
less,0.0002517097363736,en,uglybetty
korean,0.0002517097363736,en,uglybetty
sweep,0.0002511008562954,en,uglybetty
massive,0.0002511008562954,en,uglybetty
badge,0.0002511008562954,en,uglybetty
generation,0.0002511008562954,en,uglybetty
informant,0.0002491086101388,en,uglybetty
engineering,0.0002491086101388,en,uglybetty
checking,0.0002491086101388,en,uglybetty
obnoxious,0.0002491086101388,en,uglybetty
unpack,0.0002491086101388,en,uglybetty
promising,0.0002491086101388,en,uglybetty
rocky,0.0002491086101388,en,uglybetty
cultural,0.0002491086101388,en,uglybetty
holding,0.0002491086101388,en,uglybetty
discussion,0.0002490377078765,en,uglybetty
express,0.0002490377078765,en,uglybetty
behave,0.0002490377078765,en,uglybetty
goodness,0.0002490377078765,en,uglybetty
vehicle,0.0002490377078765,en,uglybetty
shy,0.0002469959396186,en,uglybetty
lining,0.000246557994415,en,uglybetty
ing,0.000246557994415,en,uglybetty
revelation,0.000246557994415,en,uglybetty
frustration,0.000246557994415,en,uglybetty
choir,0.000246557994415,en,uglybetty
beating,0.000246557994415,en,uglybetty
lump,0.000246557994415,en,uglybetty
exhale,0.000246557994415,en,uglybetty
intruder,0.000246557994415,en,uglybetty
newly,0.000246557994415,en,uglybetty
brat,0.000246557994415,en,uglybetty
stun,0.000246557994415,en,uglybetty
outfits,0.0002462120221015,en,uglybetty
barbara,0.0002462120221015,en,uglybetty
nooo,0.0002462120221015,en,uglybetty
phelp,0.0002462120221015,en,uglybetty
commoner,0.0002462120221015,en,uglybetty
bookkeeping,0.0002462120221015,en,uglybetty
sgonna,0.0002462120221015,en,uglybetty
fleur,0.0002462120221015,en,uglybetty
heyday,0.0002462120221015,en,uglybetty
buon,0.0002462120221015,en,uglybetty
macaroon,0.0002462120221015,en,uglybetty
uranus,0.0002462120221015,en,uglybetty
reall,0.0002462120221015,en,uglybetty
strung,0.0002462120221015,en,uglybetty
wipeout,0.0002462120221015,en,uglybetty
fremont,0.0002462120221015,en,uglybetty
iend,0.0002462120221015,en,uglybetty
cankle,0.0002462120221015,en,uglybetty
trapeze,0.0002462120221015,en,uglybetty
klepto,0.0002462120221015,en,uglybetty
pantheon,0.0002462120221015,en,uglybetty
marrie,0.0002462120221015,en,uglybetty
quelque,0.0002462120221015,en,uglybetty
okie,0.0002462120221015,en,uglybetty
disadvantaged,0.0002462120221015,en,uglybetty
cretin,0.0002462120221015,en,uglybetty
watching,0.0002462120221015,en,uglybetty
unsung,0.0002462120221015,en,uglybetty
seashell,0.0002462120221015,en,uglybetty
bifocal,0.0002462120221015,en,uglybetty
haveo,0.0002462120221015,en,uglybetty
seated,0.0002462120221015,en,uglybetty
aryou,0.0002462120221015,en,uglybetty
tablespoon,0.0002462120221015,en,uglybetty
croc,0.0002462120221015,en,uglybetty
sexier,0.0002462120221015,en,uglybetty
speakeasy,0.0002462120221015,en,uglybetty
dragonfly,0.0002462120221015,en,uglybetty
vickie,0.0002462120221015,en,uglybetty
slaving,0.0002462120221015,en,uglybetty
ythe,0.0002462120221015,en,uglybetty
tude,0.0002462120221015,en,uglybetty
viciously,0.0002462120221015,en,uglybetty
togetherness,0.0002462120221015,en,uglybetty
shar,0.0002462120221015,en,uglybetty
gagging,0.0002462120221015,en,uglybetty
uninspired,0.0002462120221015,en,uglybetty
bookmarke,0.0002462120221015,en,uglybetty
prominently,0.0002462120221015,en,uglybetty
kno,0.0002462120221015,en,uglybetty
macke,0.0002462120221015,en,uglybetty
tink,0.0002462120221015,en,uglybetty
preferential,0.0002462120221015,en,uglybetty
abba,0.0002462120221015,en,uglybetty
remy,0.0002462120221015,en,uglybetty
gnat,0.0002462120221015,en,uglybetty
effeminate,0.0002462120221015,en,uglybetty
misogynist,0.0002462120221015,en,uglybetty
sumner,0.0002462120221015,en,uglybetty
eyeglass,0.0002462120221015,en,uglybetty
alot,0.0002462120221015,en,uglybetty
meister,0.0002462120221015,en,uglybetty
beefy,0.0002462120221015,en,uglybetty
garland,0.0002462120221015,en,uglybetty
preachy,0.0002462120221015,en,uglybetty
scotsman,0.0002462120221015,en,uglybetty
monie,0.0002462120221015,en,uglybetty
ringwald,0.0002462120221015,en,uglybetty
dina,0.0002462120221015,en,uglybetty
dilettante,0.0002462120221015,en,uglybetty
comprend,0.0002462120221015,en,uglybetty
disgustingly,0.0002462120221015,en,uglybetty
gushy,0.0002462120221015,en,uglybetty
jackman,0.0002462120221015,en,uglybetty
wanda,0.0002462120221015,en,uglybetty
iate,0.0002462120221015,en,uglybetty
amoral,0.0002462120221015,en,uglybetty
nicety,0.0002462120221015,en,uglybetty
nosey,0.0002462120221015,en,uglybetty
inventorie,0.0002462120221015,en,uglybetty
baboon,0.0002462120221015,en,uglybetty
commiserate,0.0002462120221015,en,uglybetty
schlep,0.0002462120221015,en,uglybetty
ebony,0.0002462120221015,en,uglybetty
incisor,0.0002462120221015,en,uglybetty
simper,0.0002462120221015,en,uglybetty
informational,0.0002462120221015,en,uglybetty
splashy,0.0002462120221015,en,uglybetty
jailbird,0.0002462120221015,en,uglybetty
clogged,0.0002462120221015,en,uglybetty
altruism,0.0002462120221015,en,uglybetty
injury,0.0002449751129427,en,uglybetty
devoted,0.0002440559648144,en,uglybetty
finding,0.0002440559648144,en,uglybetty
luggage,0.0002440559648144,en,uglybetty
dissolve,0.0002440559648144,en,uglybetty
subconscious,0.0002440559648144,en,uglybetty
renew,0.0002440559648144,en,uglybetty
gauge,0.0002440559648144,en,uglybetty
cavity,0.0002440559648144,en,uglybetty
marble,0.0002440559648144,en,uglybetty
joint,0.0002429748026279,en,uglybetty
bypass,0.0002416007048716,en,uglybetty
comedy,0.0002416007048716,en,uglybetty
amusing,0.0002416007048716,en,uglybetty
distribute,0.0002416007048716,en,uglybetty
swamp,0.0002416007048716,en,uglybetty
blindfold,0.0002416007048716,en,uglybetty
complicate,0.0002416007048716,en,uglybetty
sleepy,0.0002416007048716,en,uglybetty
casino,0.0002416007048716,en,uglybetty
misunderstood,0.0002416007048716,en,uglybetty
mild,0.0002416007048716,en,uglybetty
cannon,0.0002416007048716,en,uglybetty
specialize,0.0002416007048716,en,uglybetty
garage,0.0002409945962745,en,uglybetty
react,0.0002409945962745,en,uglybetty
cure,0.0002409945962745,en,uglybetty
pride,0.0002409945962745,en,uglybetty
compromise,0.0002409945962745,en,uglybetty
accompany,0.0002391904981217,en,uglybetty
withdrawal,0.0002391904981217,en,uglybetty
dick,0.0002391904981217,en,uglybetty
audio,0.0002391904981217,en,uglybetty
saddle,0.0002391904981217,en,uglybetty
decoy,0.0002391904981217,en,uglybetty
rod,0.0002391904981217,en,uglybetty
motivate,0.0002391904981217,en,uglybetty
legit,0.0002391904981217,en,uglybetty
steve,0.0002391904981217,en,uglybetty
election,0.0002391904981217,en,uglybetty
germ,0.0002391904981217,en,uglybetty
habit,0.0002390340937936,en,uglybetty
stardom,0.0002384764691499,en,uglybetty
pushing,0.0002384764691499,en,uglybetty
needlepoint,0.0002384764691499,en,uglybetty
stereotypical,0.0002384764691499,en,uglybetty
hayseed,0.0002384764691499,en,uglybetty
jeanette,0.0002384764691499,en,uglybetty
bedford,0.0002384764691499,en,uglybetty
royale,0.0002384764691499,en,uglybetty
boudoir,0.0002384764691499,en,uglybetty
succinct,0.0002384764691499,en,uglybetty
parsley,0.0002384764691499,en,uglybetty
tenement,0.0002384764691499,en,uglybetty
droop,0.0002384764691499,en,uglybetty
ple,0.0002384764691499,en,uglybetty
tah,0.0002384764691499,en,uglybetty
ballerina,0.0002384764691499,en,uglybetty
kidnapped,0.0002384764691499,en,uglybetty
warble,0.0002384764691499,en,uglybetty
teriyaki,0.0002384764691499,en,uglybetty
nyet,0.0002384764691499,en,uglybetty
nantucket,0.0002384764691499,en,uglybetty
betsy,0.0002384764691499,en,uglybetty
cujo,0.0002384764691499,en,uglybetty
mountie,0.0002384764691499,en,uglybetty
brooch,0.0002384764691499,en,uglybetty
headstrong,0.0002384764691499,en,uglybetty
ranchero,0.0002384764691499,en,uglybetty
francesca,0.0002384764691499,en,uglybetty
colorless,0.0002384764691499,en,uglybetty
gayle,0.0002384764691499,en,uglybetty
gog,0.0002384764691499,en,uglybetty
soo,0.0002384764691499,en,uglybetty
iot,0.0002384764691499,en,uglybetty
beluga,0.0002384764691499,en,uglybetty
reay,0.0002384764691499,en,uglybetty
exude,0.0002384764691499,en,uglybetty
boa,0.0002384764691499,en,uglybetty
implantation,0.0002384764691499,en,uglybetty
sexiest,0.0002384764691499,en,uglybetty
ite,0.0002384764691499,en,uglybetty
scully,0.0002384764691499,en,uglybetty
nonverbal,0.0002384764691499,en,uglybetty
duff,0.0002384764691499,en,uglybetty
scurvy,0.0002384764691499,en,uglybetty
counterclockwise,0.0002384764691499,en,uglybetty
wae,0.0002384764691499,en,uglybetty
mummify,0.0002384764691499,en,uglybetty
drastically,0.0002384764691499,en,uglybetty
todo,0.0002384764691499,en,uglybetty
capitalism,0.0002384764691499,en,uglybetty
flawlessly,0.0002384764691499,en,uglybetty
syracuse,0.0002384764691499,en,uglybetty
drunker,0.0002384764691499,en,uglybetty
partition,0.0002384764691499,en,uglybetty
powerpoint,0.0002384764691499,en,uglybetty
woodward,0.0002384764691499,en,uglybetty
tor,0.0002384764691499,en,uglybetty
hiring,0.0002384764691499,en,uglybetty
oate,0.0002384764691499,en,uglybetty
cackle,0.0002384764691499,en,uglybetty
lile,0.0002384764691499,en,uglybetty
annette,0.0002384764691499,en,uglybetty
guava,0.0002384764691499,en,uglybetty
tget,0.0002384764691499,en,uglybetty
silverman,0.0002384764691499,en,uglybetty
warbuck,0.0002384764691499,en,uglybetty
garish,0.0002384764691499,en,uglybetty
segregate,0.0002384764691499,en,uglybetty
grander,0.0002384764691499,en,uglybetty
handcraft,0.0002384764691499,en,uglybetty
chickenpox,0.0002384764691499,en,uglybetty
stunk,0.0002384764691499,en,uglybetty
tte,0.0002384764691499,en,uglybetty
hunchback,0.0002384764691499,en,uglybetty
ttle,0.0002384764691499,en,uglybetty
dolce,0.0002384764691499,en,uglybetty
crushed,0.0002384764691499,en,uglybetty
bullock,0.0002384764691499,en,uglybetty
amour,0.0002384764691499,en,uglybetty
progress,0.0002370929069222,en,uglybetty
ray,0.0002370929069222,en,uglybetty
consequence,0.0002370929069222,en,uglybetty
strand,0.0002368237208918,en,uglybetty
academy,0.0002368237208918,en,uglybetty
heroin,0.0002368237208918,en,uglybetty
tribe,0.0002368237208918,en,uglybetty
rotten,0.0002368237208918,en,uglybetty
tender,0.0002368237208918,en,uglybetty
lone,0.0002368237208918,en,uglybetty
sociopath,0.0002368237208918,en,uglybetty
hysterical,0.0002368237208918,en,uglybetty
mold,0.0002368237208918,en,uglybetty
scatter,0.0002368237208918,en,uglybetty
cautious,0.0002368237208918,en,uglybetty
damned,0.0002368237208918,en,uglybetty
overhear,0.0002368237208918,en,uglybetty
colonel,0.0002368237208918,en,uglybetty
whale,0.0002368237208918,en,uglybetty
sentence,0.0002351706587612,en,uglybetty
slit,0.0002344988357314,en,uglybetty
brass,0.0002344988357314,en,uglybetty
tracking,0.0002344988357314,en,uglybetty
slot,0.0002344988357314,en,uglybetty
nickel,0.0002344988357314,en,uglybetty
quiz,0.0002344988357314,en,uglybetty
mop,0.0002344988357314,en,uglybetty
frustrating,0.0002344988357314,en,uglybetty
radiation,0.0002344988357314,en,uglybetty
inspection,0.0002344988357314,en,uglybetty
remorse,0.0002344988357314,en,uglybetty
realistic,0.0002344988357314,en,uglybetty
consideration,0.0002344988357314,en,uglybetty
unit,0.0002332669833366,en,uglybetty
tommy,0.0002322143854127,en,uglybetty
platform,0.0002322143854127,en,uglybetty
essentially,0.0002322143854127,en,uglybetty
excite,0.0002322143854127,en,uglybetty
faithful,0.0002322143854127,en,uglybetty
frequency,0.0002322143854127,en,uglybetty
rebel,0.0002322143854127,en,uglybetty
carrier,0.0002322143854127,en,uglybetty
objection,0.0002322143854127,en,uglybetty
highlight,0.0002322143854127,en,uglybetty
stat,0.0002322143854127,en,uglybetty
conclude,0.0002322143854127,en,uglybetty
bathtub,0.0002322143854127,en,uglybetty
era,0.0002322143854127,en,uglybetty
hoop,0.0002322143854127,en,uglybetty
gin,0.0002322143854127,en,uglybetty
heroic,0.0002322143854127,en,uglybetty
tempting,0.0002322143854127,en,uglybetty
stove,0.0002322143854127,en,uglybetty
tactic,0.0002322143854127,en,uglybetty
flare,0.0002322143854127,en,uglybetty
wasa,0.0002315567812395,en,uglybetty
innocently,0.0002315567812395,en,uglybetty
overthinke,0.0002315567812395,en,uglybetty
panky,0.0002315567812395,en,uglybetty
bumblebee,0.0002315567812395,en,uglybetty
cryo,0.0002315567812395,en,uglybetty
argentinean,0.0002315567812395,en,uglybetty
scamper,0.0002315567812395,en,uglybetty
youhave,0.0002315567812395,en,uglybetty
motherless,0.0002315567812395,en,uglybetty
cerveza,0.0002315567812395,en,uglybetty
sutherland,0.0002315567812395,en,uglybetty
tossing,0.0002315567812395,en,uglybetty
uproar,0.0002315567812395,en,uglybetty
lat,0.0002315567812395,en,uglybetty
connery,0.0002315567812395,en,uglybetty
uninvite,0.0002315567812395,en,uglybetty
fallin,0.0002315567812395,en,uglybetty
dugout,0.0002315567812395,en,uglybetty
tinkerbell,0.0002315567812395,en,uglybetty
cannoli,0.0002315567812395,en,uglybetty
meager,0.0002315567812395,en,uglybetty
dreaming,0.0002315567812395,en,uglybetty
sty,0.0002315567812395,en,uglybetty
jona,0.0002315567812395,en,uglybetty
whiner,0.0002315567812395,en,uglybetty
scallion,0.0002315567812395,en,uglybetty
dotted,0.0002315567812395,en,uglybetty
pinnacle,0.0002315567812395,en,uglybetty
flabby,0.0002315567812395,en,uglybetty
parisian,0.0002315567812395,en,uglybetty
raunchy,0.0002315567812395,en,uglybetty
wriggle,0.0002315567812395,en,uglybetty
llama,0.0002315567812395,en,uglybetty
expectant,0.0002315567812395,en,uglybetty
crochet,0.0002315567812395,en,uglybetty
friende,0.0002315567812395,en,uglybetty
entrepreneurial,0.0002315567812395,en,uglybetty
spry,0.0002315567812395,en,uglybetty
snoopin,0.0002315567812395,en,uglybetty
softy,0.0002315567812395,en,uglybetty
scandinavian,0.0002315567812395,en,uglybetty
kirsten,0.0002315567812395,en,uglybetty
cleat,0.0002315567812395,en,uglybetty
bourne,0.0002315567812395,en,uglybetty
methink,0.0002315567812395,en,uglybetty
internationally,0.0002315567812395,en,uglybetty
hidin,0.0002315567812395,en,uglybetty
endangered,0.0002315567812395,en,uglybetty
ting,0.0002315567812395,en,uglybetty
toner,0.0002315567812395,en,uglybetty
lawful,0.0002315567812395,en,uglybetty
dat,0.0002315567812395,en,uglybetty
cahoot,0.0002315567812395,en,uglybetty
kiki,0.0002315567812395,en,uglybetty
boohoo,0.0002315567812395,en,uglybetty
shakin,0.0002315567812395,en,uglybetty
bridezilla,0.0002315567812395,en,uglybetty
stre,0.0002315567812395,en,uglybetty
proofread,0.0002315567812395,en,uglybetty
rube,0.0002315567812395,en,uglybetty
scratcher,0.0002315567812395,en,uglybetty
extenuate,0.0002315567812395,en,uglybetty
socialist,0.0002315567812395,en,uglybetty
empowerment,0.0002315567812395,en,uglybetty
involuntarily,0.0002315567812395,en,uglybetty
spielberg,0.0002315567812395,en,uglybetty
churro,0.0002315567812395,en,uglybetty
nono,0.0002315567812395,en,uglybetty
depiction,0.0002315567812395,en,uglybetty
reachable,0.0002315567812395,en,uglybetty
levine,0.0002315567812395,en,uglybetty
seltzer,0.0002315567812395,en,uglybetty
mortified,0.0002315567812395,en,uglybetty
chillax,0.0002315567812395,en,uglybetty
sabe,0.0002315567812395,en,uglybetty
leer,0.0002315567812395,en,uglybetty
dandruff,0.0002315567812395,en,uglybetty
snout,0.0002315567812395,en,uglybetty
consolation,0.0002299689874453,en,uglybetty
membership,0.0002299689874453,en,uglybetty
backpack,0.0002299689874453,en,uglybetty
stud,0.0002299689874453,en,uglybetty
whatsoever,0.0002299689874453,en,uglybetty
royal,0.0002299689874453,en,uglybetty
believer,0.0002299689874453,en,uglybetty
server,0.0002299689874453,en,uglybetty
reel,0.0002299689874453,en,uglybetty
scissor,0.0002299689874453,en,uglybetty
cleaner,0.0002299689874453,en,uglybetty
edition,0.0002299689874453,en,uglybetty
lid,0.0002299689874453,en,uglybetty
protection,0.0002295139389358,en,uglybetty
coverage,0.0002277613290508,en,uglybetty
tuna,0.0002277613290508,en,uglybetty
honorable,0.0002277613290508,en,uglybetty
southern,0.0002277613290508,en,uglybetty
latte,0.0002277613290508,en,uglybetty
leaf,0.0002277613290508,en,uglybetty
household,0.0002277613290508,en,uglybetty
restrain,0.0002277613290508,en,uglybetty
applause,0.0002277613290508,en,uglybetty
fuss,0.0002277613290508,en,uglybetty
fingernail,0.0002277613290508,en,uglybetty
seek,0.0002276638889704,en,uglybetty
highly,0.0002276638889704,en,uglybetty
ninth,0.0002255901625532,en,uglybetty
extensive,0.0002255901625532,en,uglybetty
lamp,0.0002255901625532,en,uglybetty
extension,0.0002255901625532,en,uglybetty
somethin,0.0002255901625532,en,uglybetty
lounge,0.0002255901625532,en,uglybetty
streak,0.0002255901625532,en,uglybetty
creation,0.0002255901625532,en,uglybetty
psychology,0.0002255901625532,en,uglybetty
frighten,0.0002255901625532,en,uglybetty
aqu,0.0002252971621135,en,uglybetty
pacing,0.0002252971621135,en,uglybetty
amis,0.0002252971621135,en,uglybetty
columnist,0.0002252971621135,en,uglybetty
jaundice,0.0002252971621135,en,uglybetty
aging,0.0002252971621135,en,uglybetty
denim,0.0002252971621135,en,uglybetty
agh,0.0002252971621135,en,uglybetty
moxie,0.0002252971621135,en,uglybetty
innovator,0.0002252971621135,en,uglybetty
tmz,0.0002252971621135,en,uglybetty
quoi,0.0002252971621135,en,uglybetty
armoire,0.0002252971621135,en,uglybetty
tasteless,0.0002252971621135,en,uglybetty
wazoo,0.0002252971621135,en,uglybetty
matchmaking,0.0002252971621135,en,uglybetty
financier,0.0002252971621135,en,uglybetty
startled,0.0002252971621135,en,uglybetty
brando,0.0002252971621135,en,uglybetty
mann,0.0002252971621135,en,uglybetty
parson,0.0002252971621135,en,uglybetty
casanova,0.0002252971621135,en,uglybetty
skew,0.0002252971621135,en,uglybetty
anatomically,0.0002252971621135,en,uglybetty
frock,0.0002252971621135,en,uglybetty
frenchie,0.0002252971621135,en,uglybetty
powerhouse,0.0002252971621135,en,uglybetty
humongous,0.0002252971621135,en,uglybetty
gyro,0.0002252971621135,en,uglybetty
protg,0.0002252971621135,en,uglybetty
marlin,0.0002252971621135,en,uglybetty
enlightening,0.0002252971621135,en,uglybetty
mourner,0.0002252971621135,en,uglybetty
bookkeeper,0.0002252971621135,en,uglybetty
sickos,0.0002252971621135,en,uglybetty
mystique,0.0002252971621135,en,uglybetty
gayer,0.0002252971621135,en,uglybetty
louvre,0.0002252971621135,en,uglybetty
intertwine,0.0002252971621135,en,uglybetty
realism,0.0002252971621135,en,uglybetty
nymph,0.0002252971621135,en,uglybetty
tjust,0.0002252971621135,en,uglybetty
backdrop,0.0002252971621135,en,uglybetty
enchanted,0.0002252971621135,en,uglybetty
piping,0.0002252971621135,en,uglybetty
sneer,0.0002252971621135,en,uglybetty
pitching,0.0002252971621135,en,uglybetty
zeal,0.0002252971621135,en,uglybetty
gestate,0.0002252971621135,en,uglybetty
subsidize,0.0002252971621135,en,uglybetty
inflatable,0.0002252971621135,en,uglybetty
obscurity,0.0002252971621135,en,uglybetty
psychically,0.0002252971621135,en,uglybetty
consequently,0.0002252971621135,en,uglybetty
lamppost,0.0002252971621135,en,uglybetty
lister,0.0002252971621135,en,uglybetty
indirectly,0.0002252971621135,en,uglybetty
simplistic,0.0002252971621135,en,uglybetty
berth,0.0002252971621135,en,uglybetty
pinhole,0.0002252971621135,en,uglybetty
derrick,0.0002252971621135,en,uglybetty
handsomely,0.0002252971621135,en,uglybetty
onewho,0.0002252971621135,en,uglybetty
shs,0.0002252971621135,en,uglybetty
workforce,0.0002252971621135,en,uglybetty
poindexter,0.0002252971621135,en,uglybetty
shortsighted,0.0002252971621135,en,uglybetty
undone,0.0002252971621135,en,uglybetty
baster,0.0002252971621135,en,uglybetty
bedspread,0.0002252971621135,en,uglybetty
variance,0.0002252971621135,en,uglybetty
tuft,0.0002252971621135,en,uglybetty
ablaze,0.0002252971621135,en,uglybetty
brassiere,0.0002252971621135,en,uglybetty
bris,0.0002252971621135,en,uglybetty
thinkit,0.0002252971621135,en,uglybetty
eagerly,0.0002252971621135,en,uglybetty
dre,0.0002252971621135,en,uglybetty
gatekeeper,0.0002252971621135,en,uglybetty
russo,0.0002252971621135,en,uglybetty
jack,0.000224015101847,en,uglybetty
amend,0.0002234543011446,en,uglybetty
kindness,0.0002234543011446,en,uglybetty
affection,0.0002234543011446,en,uglybetty
forensic,0.0002234543011446,en,uglybetty
origin,0.0002234543011446,en,uglybetty
spiritual,0.0002234543011446,en,uglybetty
crowded,0.0002234543011446,en,uglybetty
partnership,0.0002234543011446,en,uglybetty
harass,0.0002234543011446,en,uglybetty
strength,0.0002222157388966,en,uglybetty
psychiatrist,0.0002213526149885,en,uglybetty
sustain,0.0002213526149885,en,uglybetty
instruct,0.0002213526149885,en,uglybetty
preliminary,0.0002213526149885,en,uglybetty
chunk,0.0002213526149885,en,uglybetty
obsession,0.0002213526149885,en,uglybetty
pervert,0.0002213526149885,en,uglybetty
overlook,0.0002213526149885,en,uglybetty
suffocate,0.0002213526149885,en,uglybetty
radio,0.000220432659997,en,uglybetty
sputter,0.0002195825775781,en,uglybetty
sheldon,0.0002195825775781,en,uglybetty
moby,0.0002195825775781,en,uglybetty
greyhound,0.0002195825775781,en,uglybetty
compe,0.0002195825775781,en,uglybetty
antichrist,0.0002195825775781,en,uglybetty
actuality,0.0002195825775781,en,uglybetty
und,0.0002195825775781,en,uglybetty
heifer,0.0002195825775781,en,uglybetty
premeditated,0.0002195825775781,en,uglybetty
aboveboard,0.0002195825775781,en,uglybetty
erika,0.0002195825775781,en,uglybetty
ruckus,0.0002195825775781,en,uglybetty
turnoff,0.0002195825775781,en,uglybetty
locking,0.0002195825775781,en,uglybetty
gutless,0.0002195825775781,en,uglybetty
collate,0.0002195825775781,en,uglybetty
menial,0.0002195825775781,en,uglybetty
swish,0.0002195825775781,en,uglybetty
pedi,0.0002195825775781,en,uglybetty
wisher,0.0002195825775781,en,uglybetty
bauer,0.0002195825775781,en,uglybetty
irrationally,0.0002195825775781,en,uglybetty
obese,0.0002195825775781,en,uglybetty
profanity,0.0002195825775781,en,uglybetty
canopy,0.0002195825775781,en,uglybetty
submissive,0.0002195825775781,en,uglybetty
scat,0.0002195825775781,en,uglybetty
beanbag,0.0002195825775781,en,uglybetty
marlon,0.0002195825775781,en,uglybetty
tes,0.0002195825775781,en,uglybetty
antihistamine,0.0002195825775781,en,uglybetty
walden,0.0002195825775781,en,uglybetty
raggedy,0.0002195825775781,en,uglybetty
gah,0.0002195825775781,en,uglybetty
greenwich,0.0002195825775781,en,uglybetty
antler,0.0002195825775781,en,uglybetty
dominican,0.0002195825775781,en,uglybetty
sweetly,0.0002195825775781,en,uglybetty
oxycontin,0.0002195825775781,en,uglybetty
homosexuality,0.0002195825775781,en,uglybetty
capone,0.0002195825775781,en,uglybetty
crud,0.0002195825775781,en,uglybetty
pollyanna,0.0002195825775781,en,uglybetty
siberian,0.0002195825775781,en,uglybetty
mimosa,0.0002195825775781,en,uglybetty
tiff,0.0002195825775781,en,uglybetty
dominatrix,0.0002195825775781,en,uglybetty
achy,0.0002195825775781,en,uglybetty
rainstorm,0.0002195825775781,en,uglybetty
abound,0.0002195825775781,en,uglybetty
salivate,0.0002195825775781,en,uglybetty
gangsta,0.0002195825775781,en,uglybetty
bagging,0.0002195825775781,en,uglybetty
getup,0.0002195825775781,en,uglybetty
deface,0.0002195825775781,en,uglybetty
daunt,0.0002195825775781,en,uglybetty
candlestick,0.0002195825775781,en,uglybetty
mage,0.0002195825775781,en,uglybetty
metaphorical,0.0002195825775781,en,uglybetty
psychedelic,0.0002195825775781,en,uglybetty
ladylike,0.0002195825775781,en,uglybetty
stabilizer,0.0002195825775781,en,uglybetty
working,0.0002192840276313,en,uglybetty
fuse,0.0002192840276313,en,uglybetty
understandable,0.0002192840276313,en,uglybetty
instantly,0.0002192840276313,en,uglybetty
paranoia,0.0002192840276313,en,uglybetty
improvement,0.0002192840276313,en,uglybetty
destination,0.0002192840276313,en,uglybetty
originally,0.0002192840276313,en,uglybetty
riot,0.0002192840276313,en,uglybetty
inconvenience,0.0002192840276313,en,uglybetty
journal,0.0002192840276313,en,uglybetty
denial,0.0002192840276313,en,uglybetty
sheep,0.0002192840276313,en,uglybetty
toll,0.0002192840276313,en,uglybetty
hesitate,0.0002192840276313,en,uglybetty
conviction,0.0002192840276313,en,uglybetty
closing,0.0002172475126909,en,uglybetty
feather,0.0002172475126909,en,uglybetty
lightly,0.0002172475126909,en,uglybetty
overreact,0.0002172475126909,en,uglybetty
addition,0.0002172475126909,en,uglybetty
janitor,0.0002172475126909,en,uglybetty
consistent,0.0002172475126909,en,uglybetty
cooperation,0.0002172475126909,en,uglybetty
healing,0.0002172475126909,en,uglybetty
envy,0.0002172475126909,en,uglybetty
enormous,0.0002172475126909,en,uglybetty
snatch,0.0002172475126909,en,uglybetty
safety,0.000216914193754,en,uglybetty
freezer,0.0002152420907989,en,uglybetty
concussion,0.0002152420907989,en,uglybetty
farmer,0.0002152420907989,en,uglybetty
traumatic,0.0002152420907989,en,uglybetty
pete,0.0002152420907989,en,uglybetty
loosen,0.0002152420907989,en,uglybetty
dope,0.0002152420907989,en,uglybetty
tremendous,0.0002152420907989,en,uglybetty
den,0.0002152420907989,en,uglybetty
conquer,0.0002152420907989,en,uglybetty
gilmore,0.0002143256693981,en,uglybetty
nigh,0.0002143256693981,en,uglybetty
corduroy,0.0002143256693981,en,uglybetty
practitioner,0.0002143256693981,en,uglybetty
buffoon,0.0002143256693981,en,uglybetty
stiffe,0.0002143256693981,en,uglybetty
sanitary,0.0002143256693981,en,uglybetty
quip,0.0002143256693981,en,uglybetty
lucifer,0.0002143256693981,en,uglybetty
marcie,0.0002143256693981,en,uglybetty
espn,0.0002143256693981,en,uglybetty
ferment,0.0002143256693981,en,uglybetty
airbrush,0.0002143256693981,en,uglybetty
honeybunny,0.0002143256693981,en,uglybetty
stank,0.0002143256693981,en,uglybetty
scowl,0.0002143256693981,en,uglybetty
fledged,0.0002143256693981,en,uglybetty
seymour,0.0002143256693981,en,uglybetty
backwood,0.0002143256693981,en,uglybetty
glossy,0.0002143256693981,en,uglybetty
ottoman,0.0002143256693981,en,uglybetty
halle,0.0002143256693981,en,uglybetty
compromising,0.0002143256693981,en,uglybetty
tycoon,0.0002143256693981,en,uglybetty
applesauce,0.0002143256693981,en,uglybetty
turntable,0.0002143256693981,en,uglybetty
esther,0.0002143256693981,en,uglybetty
acrobat,0.0002143256693981,en,uglybetty
affront,0.0002143256693981,en,uglybetty
stepsister,0.0002143256693981,en,uglybetty
nonessential,0.0002143256693981,en,uglybetty
photoshop,0.0002143256693981,en,uglybetty
hooray,0.0002143256693981,en,uglybetty
pyro,0.0002143256693981,en,uglybetty
crimp,0.0002143256693981,en,uglybetty
suzie,0.0002143256693981,en,uglybetty
rounded,0.0002143256693981,en,uglybetty
sanitize,0.0002143256693981,en,uglybetty
barbarian,0.0002143256693981,en,uglybetty
barista,0.0002143256693981,en,uglybetty
skywalker,0.0002143256693981,en,uglybetty
strauss,0.0002143256693981,en,uglybetty
shrew,0.0002143256693981,en,uglybetty
saucy,0.0002143256693981,en,uglybetty
appletini,0.0002143256693981,en,uglybetty
ruthlessly,0.0002143256693981,en,uglybetty
crosswalk,0.0002143256693981,en,uglybetty
environmentalist,0.0002143256693981,en,uglybetty
teresa,0.0002143256693981,en,uglybetty
pail,0.0002143256693981,en,uglybetty
equestrian,0.0002143256693981,en,uglybetty
tenacity,0.0002143256693981,en,uglybetty
deafen,0.0002143256693981,en,uglybetty
deserving,0.0002143256693981,en,uglybetty
prairie,0.0002143256693981,en,uglybetty
sayonara,0.0002143256693981,en,uglybetty
windsor,0.0002143256693981,en,uglybetty
newsflash,0.0002143256693981,en,uglybetty
himalayas,0.0002143256693981,en,uglybetty
ambiguous,0.0002143256693981,en,uglybetty
recluse,0.0002143256693981,en,uglybetty
redwood,0.0002143256693981,en,uglybetty
leavin,0.0002143256693981,en,uglybetty
coordinate,0.0002132668267723,en,uglybetty
lifestyle,0.0002132668267723,en,uglybetty
investigator,0.0002132668267723,en,uglybetty
eyed,0.0002132668267723,en,uglybetty
awhile,0.0002132668267723,en,uglybetty
retirement,0.0002132668267723,en,uglybetty
dizzy,0.0002132668267723,en,uglybetty
remarkable,0.0002132668267723,en,uglybetty
bid,0.0002132668267723,en,uglybetty
worthless,0.0002113208269951,en,uglybetty
airplane,0.0002113208269951,en,uglybetty
rental,0.0002113208269951,en,uglybetty
retrieve,0.0002113208269951,en,uglybetty
curve,0.0002113208269951,en,uglybetty
curiosity,0.0002113208269951,en,uglybetty
bum,0.0002113208269951,en,uglybetty
timer,0.0002113208269951,en,uglybetty
seizure,0.0002113208269951,en,uglybetty
standing,0.0002113208269951,en,uglybetty
pap,0.0002094585326365,en,uglybetty
iceland,0.0002094585326365,en,uglybetty
kiwi,0.0002094585326365,en,uglybetty
familiarize,0.0002094585326365,en,uglybetty
fornicate,0.0002094585326365,en,uglybetty
mono,0.0002094585326365,en,uglybetty
mutiny,0.0002094585326365,en,uglybetty
tussle,0.0002094585326365,en,uglybetty
lemme,0.0002094585326365,en,uglybetty
editing,0.0002094585326365,en,uglybetty
manhandle,0.0002094585326365,en,uglybetty
caregiver,0.0002094585326365,en,uglybetty
phat,0.0002094585326365,en,uglybetty
condescending,0.0002094585326365,en,uglybetty
crabby,0.0002094585326365,en,uglybetty
volvo,0.0002094585326365,en,uglybetty
stormy,0.0002094585326365,en,uglybetty
jailhouse,0.0002094585326365,en,uglybetty
jogging,0.0002094585326365,en,uglybetty
blogge,0.0002094585326365,en,uglybetty
pornographic,0.0002094585326365,en,uglybetty
forthright,0.0002094585326365,en,uglybetty
condiment,0.0002094585326365,en,uglybetty
faze,0.0002094585326365,en,uglybetty
serbian,0.0002094585326365,en,uglybetty
piranha,0.0002094585326365,en,uglybetty
brock,0.0002094585326365,en,uglybetty
certification,0.0002094585326365,en,uglybetty
moping,0.0002094585326365,en,uglybetty
wor,0.0002094585326365,en,uglybetty
clique,0.0002094585326365,en,uglybetty
wickedness,0.0002094585326365,en,uglybetty
unpacked,0.0002094585326365,en,uglybetty
chillin,0.0002094585326365,en,uglybetty
cred,0.0002094585326365,en,uglybetty
unified,0.0002094585326365,en,uglybetty
heiress,0.0002094585326365,en,uglybetty
madison,0.0002094585326365,en,uglybetty
paperweight,0.0002094585326365,en,uglybetty
ist,0.0002094585326365,en,uglybetty
changed,0.0002094585326365,en,uglybetty
dinero,0.0002094585326365,en,uglybetty
ami,0.0002094585326365,en,uglybetty
unfriendly,0.0002094585326365,en,uglybetty
snowboard,0.0002094585326365,en,uglybetty
niche,0.0002094585326365,en,uglybetty
windowsill,0.0002094585326365,en,uglybetty
regal,0.0002094585326365,en,uglybetty
unsightly,0.0002094585326365,en,uglybetty
konw,0.0002094585326365,en,uglybetty
jangle,0.0002094585326365,en,uglybetty
aromatherapy,0.0002094585326365,en,uglybetty
callus,0.0002094585326365,en,uglybetty
incest,0.0002094585326365,en,uglybetty
sonnet,0.0002094585326365,en,uglybetty
mull,0.0002094585326365,en,uglybetty
silky,0.0002094585326365,en,uglybetty
probate,0.0002094585326365,en,uglybetty
premeditate,0.0002094585326365,en,uglybetty
crimson,0.0002094585326365,en,uglybetty
stingy,0.0002094585326365,en,uglybetty
turnpike,0.0002094585326365,en,uglybetty
warmer,0.0002094585326365,en,uglybetty
lasik,0.0002094585326365,en,uglybetty
guillotine,0.0002094585326365,en,uglybetty
fleshy,0.0002094585326365,en,uglybetty
bustin,0.0002094585326365,en,uglybetty
newsworthy,0.0002094585326365,en,uglybetty
droopy,0.0002094585326365,en,uglybetty
gesundheit,0.0002094585326365,en,uglybetty
estrogen,0.0002094585326365,en,uglybetty
velcro,0.0002094585326365,en,uglybetty
uncontrollably,0.0002094585326365,en,uglybetty
cope,0.0002094032369903,en,uglybetty
penalty,0.0002094032369903,en,uglybetty
siren,0.0002094032369903,en,uglybetty
slaughter,0.0002094032369903,en,uglybetty
digital,0.0002094032369903,en,uglybetty
personnel,0.0002094032369903,en,uglybetty
autopsy,0.0002094032369903,en,uglybetty
suitcase,0.0002094032369903,en,uglybetty
guidance,0.0002075132391677,en,uglybetty
psych,0.0002075132391677,en,uglybetty
warrior,0.0002075132391677,en,uglybetty
repay,0.0002075132391677,en,uglybetty
elbow,0.0002075132391677,en,uglybetty
rail,0.0002075132391677,en,uglybetty
businessman,0.0002075132391677,en,uglybetty
widow,0.0002075132391677,en,uglybetty
fragile,0.0002075132391677,en,uglybetty
exhibit,0.0002056500507302,en,uglybetty
troop,0.0002056500507302,en,uglybetty
reflect,0.0002056500507302,en,uglybetty
greek,0.0002056500507302,en,uglybetty
numb,0.0002056500507302,en,uglybetty
corrupt,0.0002056500507302,en,uglybetty
pale,0.0002056500507302,en,uglybetty
explosive,0.0002056500507302,en,uglybetty
dispatch,0.0002056500507302,en,uglybetty
vicariously,0.000204927336716,en,uglybetty
reconvene,0.000204927336716,en,uglybetty
preface,0.000204927336716,en,uglybetty
magnesium,0.000204927336716,en,uglybetty
snorkel,0.000204927336716,en,uglybetty
hugging,0.000204927336716,en,uglybetty
romp,0.000204927336716,en,uglybetty
revs,0.000204927336716,en,uglybetty
songwriter,0.000204927336716,en,uglybetty
worn,0.000204927336716,en,uglybetty
cheddar,0.000204927336716,en,uglybetty
jiff,0.000204927336716,en,uglybetty
continuously,0.000204927336716,en,uglybetty
fateful,0.000204927336716,en,uglybetty
overprice,0.000204927336716,en,uglybetty
hairstyle,0.000204927336716,en,uglybetty
hap,0.000204927336716,en,uglybetty
vista,0.000204927336716,en,uglybetty
manure,0.000204927336716,en,uglybetty
fleece,0.000204927336716,en,uglybetty
playful,0.000204927336716,en,uglybetty
schooling,0.000204927336716,en,uglybetty
chino,0.000204927336716,en,uglybetty
dovey,0.000204927336716,en,uglybetty
octopus,0.000204927336716,en,uglybetty
earpiece,0.000204927336716,en,uglybetty
heidi,0.000204927336716,en,uglybetty
reread,0.000204927336716,en,uglybetty
morph,0.000204927336716,en,uglybetty
diverse,0.000204927336716,en,uglybetty
punctuality,0.000204927336716,en,uglybetty
objectively,0.000204927336716,en,uglybetty
lurch,0.000204927336716,en,uglybetty
sparrow,0.000204927336716,en,uglybetty
manifesto,0.000204927336716,en,uglybetty
robust,0.000204927336716,en,uglybetty
gust,0.000204927336716,en,uglybetty
fad,0.000204927336716,en,uglybetty
hanky,0.000204927336716,en,uglybetty
atms,0.000204927336716,en,uglybetty
midway,0.000204927336716,en,uglybetty
willis,0.000204927336716,en,uglybetty
fiddler,0.000204927336716,en,uglybetty
unbiased,0.000204927336716,en,uglybetty
ter,0.000204927336716,en,uglybetty
sourpuss,0.000204927336716,en,uglybetty
alp,0.000204927336716,en,uglybetty
nightgown,0.000204927336716,en,uglybetty
bayonet,0.000204927336716,en,uglybetty
william,0.000204927336716,en,uglybetty
cuticle,0.000204927336716,en,uglybetty
grassy,0.000204927336716,en,uglybetty
scram,0.000204927336716,en,uglybetty
vite,0.000204927336716,en,uglybetty
fatherly,0.000204927336716,en,uglybetty
precursor,0.000204927336716,en,uglybetty
underdog,0.000204927336716,en,uglybetty
gretel,0.000204927336716,en,uglybetty
analysis,0.000203812921728,en,uglybetty
mighty,0.000203812921728,en,uglybetty
strain,0.000203812921728,en,uglybetty
testify,0.000203812921728,en,uglybetty
closure,0.000203812921728,en,uglybetty
electronic,0.000203812921728,en,uglybetty
cord,0.000203812921728,en,uglybetty
blond,0.000203812921728,en,uglybetty
stumble,0.000203812921728,en,uglybetty
album,0.0002020011332452,en,uglybetty
neglect,0.0002020011332452,en,uglybetty
identical,0.0002020011332452,en,uglybetty
hollow,0.0002020011332452,en,uglybetty
alpha,0.0002020011332452,en,uglybetty
scent,0.0002020011332452,en,uglybetty
clinic,0.0002020011332452,en,uglybetty
singing,0.0002020011332452,en,uglybetty
nix,0.0002006886860062,en,uglybetty
reassignment,0.0002006886860062,en,uglybetty
swill,0.0002006886860062,en,uglybetty
misstep,0.0002006886860062,en,uglybetty
sporty,0.0002006886860062,en,uglybetty
eel,0.0002006886860062,en,uglybetty
creamy,0.0002006886860062,en,uglybetty
relaxing,0.0002006886860062,en,uglybetty
hittin,0.0002006886860062,en,uglybetty
mare,0.0002006886860062,en,uglybetty
labyrinth,0.0002006886860062,en,uglybetty
buzzkill,0.0002006886860062,en,uglybetty
finely,0.0002006886860062,en,uglybetty
france,0.0002006886860062,en,uglybetty
breakout,0.0002006886860062,en,uglybetty
eruption,0.0002006886860062,en,uglybetty
twain,0.0002006886860062,en,uglybetty
duh,0.0002006886860062,en,uglybetty
toed,0.0002006886860062,en,uglybetty
monstrous,0.0002006886860062,en,uglybetty
connive,0.0002006886860062,en,uglybetty
sidebar,0.0002006886860062,en,uglybetty
decorative,0.0002006886860062,en,uglybetty
swagger,0.0002006886860062,en,uglybetty
desist,0.0002006886860062,en,uglybetty
gopher,0.0002006886860062,en,uglybetty
customize,0.0002006886860062,en,uglybetty
copi,0.0002006886860062,en,uglybetty
blitz,0.0002006886860062,en,uglybetty
emo,0.0002006886860062,en,uglybetty
floozy,0.0002006886860062,en,uglybetty
landlady,0.0002006886860062,en,uglybetty
foliage,0.0002006886860062,en,uglybetty
onetime,0.0002006886860062,en,uglybetty
bigot,0.0002006886860062,en,uglybetty
vivian,0.0002006886860062,en,uglybetty
cardigan,0.0002006886860062,en,uglybetty
dumpling,0.0002006886860062,en,uglybetty
wanker,0.0002006886860062,en,uglybetty
ticker,0.0002006886860062,en,uglybetty
carman,0.0002006886860062,en,uglybetty
creme,0.0002006886860062,en,uglybetty
choreography,0.0002006886860062,en,uglybetty
workday,0.0002006886860062,en,uglybetty
bygone,0.0002006886860062,en,uglybetty
pec,0.0002006886860062,en,uglybetty
backhand,0.0002006886860062,en,uglybetty
straitjacket,0.0002006886860062,en,uglybetty
interpreter,0.0002006886860062,en,uglybetty
complement,0.0002006886860062,en,uglybetty
educator,0.0002006886860062,en,uglybetty
sole,0.0002002139957116,en,uglybetty
rear,0.0002002139957116,en,uglybetty
await,0.0002002139957116,en,uglybetty
castle,0.0002002139957116,en,uglybetty
breed,0.0002002139957116,en,uglybetty
handful,0.0002002139957116,en,uglybetty
sixth,0.0002002139957116,en,uglybetty
temper,0.0002002139957116,en,uglybetty
employ,0.0002002139957116,en,uglybetty
terribly,0.0001984508473266,en,uglybetty
snuck,0.0001984508473266,en,uglybetty
boundary,0.0001984508473266,en,uglybetty
nothin,0.0001984508473266,en,uglybetty
destruction,0.0001967110525877,en,uglybetty
tolerate,0.0001967110525877,en,uglybetty
everyday,0.0001967110525877,en,uglybetty
consume,0.0001967110525877,en,uglybetty
stack,0.0001967110525877,en,uglybetty
surgeon,0.0001967110525877,en,uglybetty
circuit,0.0001967110525877,en,uglybetty
maker,0.0001967110525877,en,uglybetty
matty,0.0001967070856881,en,uglybetty
uno,0.0001967070856881,en,uglybetty
breathtake,0.0001967070856881,en,uglybetty
impartial,0.0001967070856881,en,uglybetty
prickly,0.0001967070856881,en,uglybetty
nervously,0.0001967070856881,en,uglybetty
reef,0.0001967070856881,en,uglybetty
standin,0.0001967070856881,en,uglybetty
copyright,0.0001967070856881,en,uglybetty
constituent,0.0001967070856881,en,uglybetty
apprehension,0.0001967070856881,en,uglybetty
scourge,0.0001967070856881,en,uglybetty
titan,0.0001967070856881,en,uglybetty
dwindle,0.0001967070856881,en,uglybetty
depp,0.0001967070856881,en,uglybetty
yous,0.0001967070856881,en,uglybetty
shirtless,0.0001967070856881,en,uglybetty
nonfat,0.0001967070856881,en,uglybetty
serenade,0.0001967070856881,en,uglybetty
marissa,0.0001967070856881,en,uglybetty
seniority,0.0001967070856881,en,uglybetty
pastrami,0.0001967070856881,en,uglybetty
mince,0.0001967070856881,en,uglybetty
shaman,0.0001967070856881,en,uglybetty
jiffy,0.0001967070856881,en,uglybetty
thatyou,0.0001967070856881,en,uglybetty
gremlin,0.0001967070856881,en,uglybetty
blunder,0.0001967070856881,en,uglybetty
wane,0.0001967070856881,en,uglybetty
lunge,0.0001967070856881,en,uglybetty
downtime,0.0001967070856881,en,uglybetty
lullaby,0.0001967070856881,en,uglybetty
ame,0.0001967070856881,en,uglybetty
deductible,0.0001967070856881,en,uglybetty
proprietary,0.0001967070856881,en,uglybetty
donnell,0.0001967070856881,en,uglybetty
eleventh,0.0001967070856881,en,uglybetty
portuguese,0.0001967070856881,en,uglybetty
neuter,0.0001967070856881,en,uglybetty
homophobic,0.0001967070856881,en,uglybetty
liberation,0.0001967070856881,en,uglybetty
vanquish,0.0001967070856881,en,uglybetty
irritable,0.0001967070856881,en,uglybetty
eww,0.0001967070856881,en,uglybetty
unsolicited,0.0001967070856881,en,uglybetty
sho,0.0001967070856881,en,uglybetty
pilgrimage,0.0001967070856881,en,uglybetty
tater,0.0001967070856881,en,uglybetty
upholstery,0.0001967070856881,en,uglybetty
floyd,0.0001967070856881,en,uglybetty
haiku,0.0001967070856881,en,uglybetty
yammer,0.0001967070856881,en,uglybetty
emilio,0.0001967070856881,en,uglybetty
negatively,0.0001967070856881,en,uglybetty
nauseate,0.0001967070856881,en,uglybetty
fidelity,0.0001967070856881,en,uglybetty
juliet,0.0001967070856881,en,uglybetty
exaggerated,0.0001967070856881,en,uglybetty
inflammation,0.0001967070856881,en,uglybetty
varied,0.0001967070856881,en,uglybetty
riff,0.0001967070856881,en,uglybetty
clattering,0.0001967070856881,en,uglybetty
violate,0.0001949940009158,en,uglybetty
nest,0.0001949940009158,en,uglybetty
domestic,0.0001949940009158,en,uglybetty
exposure,0.0001949940009158,en,uglybetty
addict,0.0001949940009158,en,uglybetty
dismiss,0.0001949940009158,en,uglybetty
significant,0.0001932991053681,en,uglybetty
regard,0.0001932991053681,en,uglybetty
hunting,0.0001932991053681,en,uglybetty
wisdom,0.0001932991053681,en,uglybetty
correctly,0.0001932991053681,en,uglybetty
shelf,0.0001932991053681,en,uglybetty
waitress,0.0001932991053681,en,uglybetty
shin,0.0001929531330546,en,uglybetty
wan,0.0001929531330546,en,uglybetty
saturate,0.0001929531330546,en,uglybetty
rind,0.0001929531330546,en,uglybetty
repossess,0.0001929531330546,en,uglybetty
shootin,0.0001929531330546,en,uglybetty
recuperate,0.0001929531330546,en,uglybetty
chiropractor,0.0001929531330546,en,uglybetty
donald,0.0001929531330546,en,uglybetty
minibar,0.0001929531330546,en,uglybetty
setter,0.0001929531330546,en,uglybetty
upbeat,0.0001929531330546,en,uglybetty
exclamation,0.0001929531330546,en,uglybetty
circuitry,0.0001929531330546,en,uglybetty
grinch,0.0001929531330546,en,uglybetty
rooster,0.0001929531330546,en,uglybetty
referee,0.0001929531330546,en,uglybetty
blinder,0.0001929531330546,en,uglybetty
speakerphone,0.0001929531330546,en,uglybetty
layoff,0.0001929531330546,en,uglybetty
flagpole,0.0001929531330546,en,uglybetty
guacamole,0.0001929531330546,en,uglybetty
lex,0.0001929531330546,en,uglybetty
turnaround,0.0001929531330546,en,uglybetty
snatcher,0.0001929531330546,en,uglybetty
gnarly,0.0001929531330546,en,uglybetty
pallet,0.0001929531330546,en,uglybetty
loosely,0.0001929531330546,en,uglybetty
tiresome,0.0001929531330546,en,uglybetty
scurry,0.0001929531330546,en,uglybetty
maroon,0.0001929531330546,en,uglybetty
improved,0.0001929531330546,en,uglybetty
bicker,0.0001929531330546,en,uglybetty
scarring,0.0001929531330546,en,uglybetty
squishy,0.0001929531330546,en,uglybetty
outpatient,0.0001929531330546,en,uglybetty
poope,0.0001929531330546,en,uglybetty
poly,0.0001929531330546,en,uglybetty
chronicle,0.0001929531330546,en,uglybetty
uninterrupted,0.0001929531330546,en,uglybetty
einstein,0.0001929531330546,en,uglybetty
biased,0.0001929531330546,en,uglybetty
genitalia,0.0001929531330546,en,uglybetty
beret,0.0001929531330546,en,uglybetty
pup,0.0001929531330546,en,uglybetty
cheering,0.0001929531330546,en,uglybetty
fuzz,0.0001929531330546,en,uglybetty
indie,0.0001929531330546,en,uglybetty
thyroid,0.0001929531330546,en,uglybetty
outward,0.0001929531330546,en,uglybetty
upscale,0.0001929531330546,en,uglybetty
damaging,0.0001929531330546,en,uglybetty
polished,0.0001929531330546,en,uglybetty
steamed,0.0001929531330546,en,uglybetty
cantaloupe,0.0001929531330546,en,uglybetty
damnation,0.0001929531330546,en,uglybetty
sided,0.0001929531330546,en,uglybetty
blockbuster,0.0001929531330546,en,uglybetty
smoky,0.0001929531330546,en,uglybetty
thrift,0.0001929531330546,en,uglybetty
weirdly,0.0001929531330546,en,uglybetty
nee,0.0001929531330546,en,uglybetty
distressed,0.0001929531330546,en,uglybetty
daniels,0.0001929531330546,en,uglybetty
emmy,0.0001929531330546,en,uglybetty
mademoiselle,0.0001929531330546,en,uglybetty
mooch,0.0001929531330546,en,uglybetty
immensely,0.0001929531330546,en,uglybetty
cheeto,0.0001929531330546,en,uglybetty
blend,0.0001916258014342,en,uglybetty
surrender,0.0001916258014342,en,uglybetty
pleasant,0.0001916258014342,en,uglybetty
broad,0.0001916258014342,en,uglybetty
bout,0.0001916258014342,en,uglybetty
reserve,0.0001916258014342,en,uglybetty
jaw,0.0001899735459071,en,uglybetty
grind,0.0001899735459071,en,uglybetty
symbol,0.0001899735459071,en,uglybetty
hombre,0.0001894021984845,en,uglybetty
goldilock,0.0001894021984845,en,uglybetty
intersect,0.0001894021984845,en,uglybetty
flirting,0.0001894021984845,en,uglybetty
cower,0.0001894021984845,en,uglybetty
pelt,0.0001894021984845,en,uglybetty
rectify,0.0001894021984845,en,uglybetty
archaic,0.0001894021984845,en,uglybetty
eskimo,0.0001894021984845,en,uglybetty
beatrice,0.0001894021984845,en,uglybetty
schoolboy,0.0001894021984845,en,uglybetty
checklist,0.0001894021984845,en,uglybetty
aspen,0.0001894021984845,en,uglybetty
shelley,0.0001894021984845,en,uglybetty
marie,0.0001894021984845,en,uglybetty
loopy,0.0001894021984845,en,uglybetty
rung,0.0001894021984845,en,uglybetty
cindy,0.0001894021984845,en,uglybetty
antagonize,0.0001894021984845,en,uglybetty
appropriately,0.0001894021984845,en,uglybetty
ukrainian,0.0001894021984845,en,uglybetty
loafer,0.0001894021984845,en,uglybetty
dribble,0.0001894021984845,en,uglybetty
footwear,0.0001894021984845,en,uglybetty
evenly,0.0001894021984845,en,uglybetty
blown,0.0001894021984845,en,uglybetty
astronomy,0.0001894021984845,en,uglybetty
mayo,0.0001894021984845,en,uglybetty
shorty,0.0001894021984845,en,uglybetty
prune,0.0001894021984845,en,uglybetty
suede,0.0001894021984845,en,uglybetty
freakishly,0.0001894021984845,en,uglybetty
amish,0.0001894021984845,en,uglybetty
daft,0.0001894021984845,en,uglybetty
scuba,0.0001894021984845,en,uglybetty
landline,0.0001894021984845,en,uglybetty
hooter,0.0001894021984845,en,uglybetty
unpopular,0.0001894021984845,en,uglybetty
vixen,0.0001894021984845,en,uglybetty
clump,0.0001894021984845,en,uglybetty
orchestra,0.0001894021984845,en,uglybetty
shoelace,0.0001894021984845,en,uglybetty
neighborly,0.0001894021984845,en,uglybetty
shoddy,0.0001894021984845,en,uglybetty
timeless,0.0001894021984845,en,uglybetty
moi,0.0001894021984845,en,uglybetty
motherhood,0.0001894021984845,en,uglybetty
jackal,0.0001894021984845,en,uglybetty
shindig,0.0001894021984845,en,uglybetty
bah,0.0001894021984845,en,uglybetty
est,0.0001894021984845,en,uglybetty
metro,0.0001894021984845,en,uglybetty
pissing,0.0001894021984845,en,uglybetty
freezing,0.0001894021984845,en,uglybetty
san,0.0001894021984845,en,uglybetty
gala,0.0001894021984845,en,uglybetty
plain,0.0001883418158247,en,uglybetty
ceiling,0.0001883418158247,en,uglybetty
noble,0.0001883418158247,en,uglybetty
darkness,0.0001883418158247,en,uglybetty
education,0.0001883418158247,en,uglybetty
priest,0.0001883418158247,en,uglybetty
reporter,0.0001883418158247,en,uglybetty
commercial,0.0001883418158247,en,uglybetty
vital,0.0001883418158247,en,uglybetty
surprising,0.0001883418158247,en,uglybetty
blink,0.0001883418158247,en,uglybetty
display,0.0001883418158247,en,uglybetty
peaceful,0.0001883418158247,en,uglybetty
symptom,0.0001883418158247,en,uglybetty
relation,0.0001867301074757,en,uglybetty
restore,0.0001867301074757,en,uglybetty
tinker,0.0001860334451442,en,uglybetty
citywide,0.0001860334451442,en,uglybetty
renounce,0.0001860334451442,en,uglybetty
veto,0.0001860334451442,en,uglybetty
shard,0.0001860334451442,en,uglybetty
tot,0.0001860334451442,en,uglybetty
tint,0.0001860334451442,en,uglybetty
anonymity,0.0001860334451442,en,uglybetty
insulting,0.0001860334451442,en,uglybetty
croissant,0.0001860334451442,en,uglybetty
unofficial,0.0001860334451442,en,uglybetty
terminator,0.0001860334451442,en,uglybetty
inferno,0.0001860334451442,en,uglybetty
glimmer,0.0001860334451442,en,uglybetty
trent,0.0001860334451442,en,uglybetty
stinger,0.0001860334451442,en,uglybetty
rambling,0.0001860334451442,en,uglybetty
barcelona,0.0001860334451442,en,uglybetty
sic,0.0001860334451442,en,uglybetty
shre,0.0001860334451442,en,uglybetty
shockingly,0.0001860334451442,en,uglybetty
sadden,0.0001860334451442,en,uglybetty
godmother,0.0001860334451442,en,uglybetty
legion,0.0001860334451442,en,uglybetty
snarky,0.0001860334451442,en,uglybetty
curator,0.0001860334451442,en,uglybetty
rita,0.0001860334451442,en,uglybetty
hemingway,0.0001860334451442,en,uglybetty
infomercial,0.0001860334451442,en,uglybetty
extensively,0.0001860334451442,en,uglybetty
joyride,0.0001860334451442,en,uglybetty
overpay,0.0001860334451442,en,uglybetty
sustenance,0.0001860334451442,en,uglybetty
gape,0.0001860334451442,en,uglybetty
joyous,0.0001860334451442,en,uglybetty
piercing,0.0001860334451442,en,uglybetty
lush,0.0001860334451442,en,uglybetty
acronym,0.0001860334451442,en,uglybetty
extradition,0.0001860334451442,en,uglybetty
enrich,0.0001860334451442,en,uglybetty
momentary,0.0001860334451442,en,uglybetty
ferocious,0.0001860334451442,en,uglybetty
geeky,0.0001860334451442,en,uglybetty
gimmick,0.0001860334451442,en,uglybetty
strict,0.0001851379354669,en,uglybetty
management,0.0001851379354669,en,uglybetty
transport,0.0001851379354669,en,uglybetty
divide,0.0001835648318449,en,uglybetty
execute,0.0001835648318449,en,uglybetty
puzzle,0.0001835648318449,en,uglybetty
recruit,0.0001835648318449,en,uglybetty
vortex,0.000182829088113,en,uglybetty
arthur,0.000182829088113,en,uglybetty
brent,0.000182829088113,en,uglybetty
flex,0.000182829088113,en,uglybetty
sensational,0.000182829088113,en,uglybetty
furthermore,0.000182829088113,en,uglybetty
barren,0.000182829088113,en,uglybetty
negativity,0.000182829088113,en,uglybetty
flair,0.000182829088113,en,uglybetty
cheesecake,0.000182829088113,en,uglybetty
garment,0.000182829088113,en,uglybetty
earplug,0.000182829088113,en,uglybetty
estranged,0.000182829088113,en,uglybetty
cinema,0.000182829088113,en,uglybetty
dame,0.000182829088113,en,uglybetty
lovey,0.000182829088113,en,uglybetty
pedestal,0.000182829088113,en,uglybetty
starlet,0.000182829088113,en,uglybetty
mangy,0.000182829088113,en,uglybetty
clench,0.000182829088113,en,uglybetty
idolize,0.000182829088113,en,uglybetty
subjective,0.000182829088113,en,uglybetty
unpunished,0.000182829088113,en,uglybetty
informative,0.000182829088113,en,uglybetty
ideally,0.000182829088113,en,uglybetty
legwork,0.000182829088113,en,uglybetty
unearth,0.000182829088113,en,uglybetty
brittle,0.000182829088113,en,uglybetty
dialysis,0.000182829088113,en,uglybetty
calculator,0.000182829088113,en,uglybetty
helm,0.000182829088113,en,uglybetty
harp,0.000182829088113,en,uglybetty
unattractive,0.000182829088113,en,uglybetty
cache,0.000182829088113,en,uglybetty
victimize,0.000182829088113,en,uglybetty
referral,0.000182829088113,en,uglybetty
julian,0.000182829088113,en,uglybetty
snug,0.000182829088113,en,uglybetty
instrumental,0.000182829088113,en,uglybetty
debacle,0.000182829088113,en,uglybetty
grizzly,0.000182829088113,en,uglybetty
sucky,0.000182829088113,en,uglybetty
reenact,0.000182829088113,en,uglybetty
preschool,0.000182829088113,en,uglybetty
senor,0.000182829088113,en,uglybetty
rugged,0.000182829088113,en,uglybetty
bragging,0.000182829088113,en,uglybetty
masquerade,0.000182829088113,en,uglybetty
regress,0.000182829088113,en,uglybetty
assortment,0.000182829088113,en,uglybetty
clipboard,0.000182829088113,en,uglybetty
peripheral,0.000182829088113,en,uglybetty
arse,0.000182829088113,en,uglybetty
rank,0.0001820103452709,en,uglybetty
pulse,0.0001820103452709,en,uglybetty
forth,0.0001820103452709,en,uglybetty
explosion,0.0001820103452709,en,uglybetty
med,0.0001820103452709,en,uglybetty
bait,0.0001820103452709,en,uglybetty
advise,0.0001804740402435,en,uglybetty
easier,0.0001797738260182,en,uglybetty
upward,0.0001797738260182,en,uglybetty
bing,0.0001797738260182,en,uglybetty
lateral,0.0001797738260182,en,uglybetty
pleasantry,0.0001797738260182,en,uglybetty
ugliness,0.0001797738260182,en,uglybetty
pablo,0.0001797738260182,en,uglybetty
renegade,0.0001797738260182,en,uglybetty
texting,0.0001797738260182,en,uglybetty
outdated,0.0001797738260182,en,uglybetty
rugby,0.0001797738260182,en,uglybetty
urinal,0.0001797738260182,en,uglybetty
hardball,0.0001797738260182,en,uglybetty
municipal,0.0001797738260182,en,uglybetty
thingie,0.0001797738260182,en,uglybetty
scandalous,0.0001797738260182,en,uglybetty
meg,0.0001797738260182,en,uglybetty
hoodie,0.0001797738260182,en,uglybetty
cider,0.0001797738260182,en,uglybetty
trusty,0.0001797738260182,en,uglybetty
gall,0.0001797738260182,en,uglybetty
rustic,0.0001797738260182,en,uglybetty
scrounge,0.0001797738260182,en,uglybetty
slump,0.0001797738260182,en,uglybetty
insatiable,0.0001797738260182,en,uglybetty
lonesome,0.0001797738260182,en,uglybetty
inexcusable,0.0001797738260182,en,uglybetty
turtleneck,0.0001797738260182,en,uglybetty
dab,0.0001797738260182,en,uglybetty
prioritize,0.0001797738260182,en,uglybetty
strained,0.0001797738260182,en,uglybetty
nylon,0.0001797738260182,en,uglybetty
hateful,0.0001797738260182,en,uglybetty
dispenser,0.0001797738260182,en,uglybetty
hefty,0.0001797738260182,en,uglybetty
repairman,0.0001797738260182,en,uglybetty
maim,0.0001797738260182,en,uglybetty
bipolar,0.0001797738260182,en,uglybetty
prob,0.0001797738260182,en,uglybetty
tally,0.0001797738260182,en,uglybetty
bubbly,0.0001797738260182,en,uglybetty
dinnertime,0.0001797738260182,en,uglybetty
belove,0.0001797738260182,en,uglybetty
concentrated,0.0001797738260182,en,uglybetty
outing,0.0001797738260182,en,uglybetty
perverse,0.0001797738260182,en,uglybetty
stealing,0.0001797738260182,en,uglybetty
hiding,0.0001789554963658,en,uglybetty
superior,0.0001789554963658,en,uglybetty
dawn,0.0001789554963658,en,uglybetty
previous,0.0001789554963658,en,uglybetty
dose,0.0001789554963658,en,uglybetty
closed,0.0001774543076552,en,uglybetty
liberty,0.0001774543076552,en,uglybetty
midget,0.0001768543991139,en,uglybetty
chisel,0.0001768543991139,en,uglybetty
unhook,0.0001768543991139,en,uglybetty
unholy,0.0001768543991139,en,uglybetty
remodel,0.0001768543991139,en,uglybetty
telescope,0.0001768543991139,en,uglybetty
kay,0.0001768543991139,en,uglybetty
carcass,0.0001768543991139,en,uglybetty
biter,0.0001768543991139,en,uglybetty
jersey,0.0001768543991139,en,uglybetty
wean,0.0001768543991139,en,uglybetty
elevated,0.0001768543991139,en,uglybetty
hideout,0.0001768543991139,en,uglybetty
overturn,0.0001768543991139,en,uglybetty
higher,0.0001768543991139,en,uglybetty
trinity,0.0001768543991139,en,uglybetty
cuddly,0.0001768543991139,en,uglybetty
looker,0.0001768543991139,en,uglybetty
cha,0.0001768543991139,en,uglybetty
sherman,0.0001768543991139,en,uglybetty
spruce,0.0001768543991139,en,uglybetty
demote,0.0001768543991139,en,uglybetty
radiology,0.0001768543991139,en,uglybetty
mite,0.0001768543991139,en,uglybetty
bishop,0.0001768543991139,en,uglybetty
financing,0.0001768543991139,en,uglybetty
clandestine,0.0001768543991139,en,uglybetty
vie,0.0001768543991139,en,uglybetty
murray,0.0001768543991139,en,uglybetty
smirk,0.0001768543991139,en,uglybetty
discriminate,0.0001768543991139,en,uglybetty
twinkle,0.0001768543991139,en,uglybetty
shabby,0.0001768543991139,en,uglybetty
discreetly,0.0001768543991139,en,uglybetty
shun,0.0001768543991139,en,uglybetty
infidelity,0.0001768543991139,en,uglybetty
reproduction,0.0001768543991139,en,uglybetty
profit,0.000175970081892,en,uglybetty
strategy,0.000175970081892,en,uglybetty
dealer,0.000175970081892,en,uglybetty
complex,0.000175970081892,en,uglybetty
carefully,0.000175970081892,en,uglybetty
vulnerable,0.000175970081892,en,uglybetty
tower,0.000175970081892,en,uglybetty
skull,0.0001745024400038,en,uglybetty
hostage,0.0001745024400038,en,uglybetty
nighttime,0.0001740592414828,en,uglybetty
duo,0.0001740592414828,en,uglybetty
relaxation,0.0001740592414828,en,uglybetty
frisky,0.0001740592414828,en,uglybetty
moisture,0.0001740592414828,en,uglybetty
rejoin,0.0001740592414828,en,uglybetty
intricate,0.0001740592414828,en,uglybetty
belittle,0.0001740592414828,en,uglybetty
buggy,0.0001740592414828,en,uglybetty
plaid,0.0001740592414828,en,uglybetty
inter,0.0001740592414828,en,uglybetty
gooey,0.0001740592414828,en,uglybetty
herpe,0.0001740592414828,en,uglybetty
hugh,0.0001740592414828,en,uglybetty
sawyer,0.0001740592414828,en,uglybetty
speechless,0.0001740592414828,en,uglybetty
hebrew,0.0001740592414828,en,uglybetty
partie,0.0001740592414828,en,uglybetty
notoriously,0.0001740592414828,en,uglybetty
jug,0.0001740592414828,en,uglybetty
loved,0.0001740592414828,en,uglybetty
tutoring,0.0001740592414828,en,uglybetty
watermelon,0.0001740592414828,en,uglybetty
handwritten,0.0001740592414828,en,uglybetty
yah,0.0001740592414828,en,uglybetty
grovel,0.0001740592414828,en,uglybetty
ointment,0.0001740592414828,en,uglybetty
aspiration,0.0001740592414828,en,uglybetty
innuendo,0.0001740592414828,en,uglybetty
nemesis,0.0001740592414828,en,uglybetty
blocker,0.0001740592414828,en,uglybetty
tina,0.0001740592414828,en,uglybetty
puffy,0.0001740592414828,en,uglybetty
villa,0.0001740592414828,en,uglybetty
delicacy,0.0001740592414828,en,uglybetty
injure,0.0001716154538467,en,uglybetty
society,0.0001716154538467,en,uglybetty
stable,0.0001716154538467,en,uglybetty
library,0.0001716154538467,en,uglybetty
minor,0.0001716154538467,en,uglybetty
charming,0.0001716154538467,en,uglybetty
east,0.0001716154538467,en,uglybetty
clingy,0.0001713782042821,en,uglybetty
harvard,0.0001713782042821,en,uglybetty
privy,0.0001713782042821,en,uglybetty
conjugal,0.0001713782042821,en,uglybetty
sleepwalk,0.0001713782042821,en,uglybetty
damaged,0.0001713782042821,en,uglybetty
renowned,0.0001713782042821,en,uglybetty
workload,0.0001713782042821,en,uglybetty
shopper,0.0001713782042821,en,uglybetty
vantage,0.0001713782042821,en,uglybetty
colleen,0.0001713782042821,en,uglybetty
wholesome,0.0001713782042821,en,uglybetty
maxe,0.0001713782042821,en,uglybetty
askin,0.0001713782042821,en,uglybetty
soviet,0.0001713782042821,en,uglybetty
plight,0.0001713782042821,en,uglybetty
godspeed,0.0001713782042821,en,uglybetty
inappropriately,0.0001713782042821,en,uglybetty
tote,0.0001713782042821,en,uglybetty
vigil,0.0001713782042821,en,uglybetty
ultimatum,0.0001713782042821,en,uglybetty
overrule,0.0001713782042821,en,uglybetty
godforsaken,0.0001713782042821,en,uglybetty
cheery,0.0001713782042821,en,uglybetty
mound,0.0001713782042821,en,uglybetty
faced,0.0001713782042821,en,uglybetty
ransack,0.0001713782042821,en,uglybetty
godfather,0.0001713782042821,en,uglybetty
logistic,0.0001713782042821,en,uglybetty
embark,0.0001713782042821,en,uglybetty
jerky,0.0001713782042821,en,uglybetty
pneumonia,0.0001713782042821,en,uglybetty
gladiator,0.0001713782042821,en,uglybetty
righ,0.0001713782042821,en,uglybetty
bribery,0.0001713782042821,en,uglybetty
gouge,0.0001713782042821,en,uglybetty
benny,0.0001713782042821,en,uglybetty
chestnut,0.0001713782042821,en,uglybetty
chateau,0.0001713782042821,en,uglybetty
domino,0.0001713782042821,en,uglybetty
misdemeanor,0.0001713782042821,en,uglybetty
resting,0.0001713782042821,en,uglybetty
heartache,0.0001713782042821,en,uglybetty
rewarding,0.0001713782042821,en,uglybetty
rosemary,0.0001713782042821,en,uglybetty
posing,0.0001713782042821,en,uglybetty
antiquity,0.0001713782042821,en,uglybetty
marked,0.0001713782042821,en,uglybetty
awakening,0.0001713782042821,en,uglybetty
coo,0.0001713782042821,en,uglybetty
fasten,0.0001713782042821,en,uglybetty
assault,0.0001701954120976,en,uglybetty
encourage,0.0001701954120976,en,uglybetty
prize,0.0001701954120976,en,uglybetty
doable,0.0001688023333028,en,uglybetty
curry,0.0001688023333028,en,uglybetty
optimist,0.0001688023333028,en,uglybetty
toby,0.0001688023333028,en,uglybetty
sesame,0.0001688023333028,en,uglybetty
eavesdrop,0.0001688023333028,en,uglybetty
batting,0.0001688023333028,en,uglybetty
divorced,0.0001688023333028,en,uglybetty
newcomer,0.0001688023333028,en,uglybetty
manageable,0.0001688023333028,en,uglybetty
fascinated,0.0001688023333028,en,uglybetty
tuxedo,0.0001688023333028,en,uglybetty
scamme,0.0001688023333028,en,uglybetty
latent,0.0001688023333028,en,uglybetty
wildfire,0.0001688023333028,en,uglybetty
uptown,0.0001688023333028,en,uglybetty
repaint,0.0001688023333028,en,uglybetty
fertilize,0.0001688023333028,en,uglybetty
soar,0.0001688023333028,en,uglybetty
grapefruit,0.0001688023333028,en,uglybetty
philosophical,0.0001688023333028,en,uglybetty
groin,0.0001688023333028,en,uglybetty
cheerful,0.0001688023333028,en,uglybetty
refrain,0.0001688023333028,en,uglybetty
allright,0.0001688023333028,en,uglybetty
befriend,0.0001688023333028,en,uglybetty
earthly,0.0001688023333028,en,uglybetty
misfortune,0.0001688023333028,en,uglybetty
whisperer,0.0001688023333028,en,uglybetty
establish,0.000168790558252,en,uglybetty
ease,0.000168790558252,en,uglybetty
mountain,0.0001674005708636,en,uglybetty
presence,0.0001674005708636,en,uglybetty
ide,0.0001663236885311,en,uglybetty
griffin,0.0001663236885311,en,uglybetty
sneaking,0.0001663236885311,en,uglybetty
mating,0.0001663236885311,en,uglybetty
insightful,0.0001663236885311,en,uglybetty
middleman,0.0001663236885311,en,uglybetty
savvy,0.0001663236885311,en,uglybetty
veggie,0.0001663236885311,en,uglybetty
selective,0.0001663236885311,en,uglybetty
solicit,0.0001663236885311,en,uglybetty
biz,0.0001663236885311,en,uglybetty
barb,0.0001663236885311,en,uglybetty
extinguisher,0.0001663236885311,en,uglybetty
reversal,0.0001663236885311,en,uglybetty
velocity,0.0001663236885311,en,uglybetty
ominous,0.0001663236885311,en,uglybetty
five,0.0001663236885311,en,uglybetty
spanking,0.0001663236885311,en,uglybetty
falcon,0.0001663236885311,en,uglybetty
historically,0.0001663236885311,en,uglybetty
hubby,0.0001663236885311,en,uglybetty
liner,0.0001663236885311,en,uglybetty
controversy,0.0001663236885311,en,uglybetty
disposition,0.0001663236885311,en,uglybetty
drinkin,0.0001663236885311,en,uglybetty
looky,0.0001663236885311,en,uglybetty
eulogy,0.0001663236885311,en,uglybetty
nay,0.0001663236885311,en,uglybetty
momentum,0.0001663236885311,en,uglybetty
minority,0.0001663236885311,en,uglybetty
sobriety,0.0001663236885311,en,uglybetty
nibble,0.0001663236885311,en,uglybetty
shaker,0.0001663236885311,en,uglybetty
slogan,0.0001663236885311,en,uglybetty
bleacher,0.0001663236885311,en,uglybetty
sly,0.0001663236885311,en,uglybetty
shank,0.0001663236885311,en,uglybetty
taser,0.0001663236885311,en,uglybetty
surface,0.0001660251385843,en,uglybetty
mask,0.0001646639597457,en,uglybetty
johnny,0.0001639351965412,en,uglybetty
pout,0.0001639351965412,en,uglybetty
corroborate,0.0001639351965412,en,uglybetty
blab,0.0001639351965412,en,uglybetty
cher,0.0001639351965412,en,uglybetty
amazon,0.0001639351965412,en,uglybetty
recap,0.0001639351965412,en,uglybetty
beginner,0.0001639351965412,en,uglybetty
condescend,0.0001639351965412,en,uglybetty
blindly,0.0001639351965412,en,uglybetty
falsify,0.0001639351965412,en,uglybetty
competent,0.0001639351965412,en,uglybetty
caveman,0.0001639351965412,en,uglybetty
dramatically,0.0001639351965412,en,uglybetty
fetus,0.0001639351965412,en,uglybetty
brighten,0.0001639351965412,en,uglybetty
ight,0.0001639351965412,en,uglybetty
prohibit,0.0001639351965412,en,uglybetty
ken,0.0001639351965412,en,uglybetty
lotto,0.0001639351965412,en,uglybetty
perky,0.0001639351965412,en,uglybetty
participation,0.0001639351965412,en,uglybetty
mining,0.0001639351965412,en,uglybetty
thinker,0.0001639351965412,en,uglybetty
spirited,0.0001639351965412,en,uglybetty
barefoot,0.0001639351965412,en,uglybetty
anecdote,0.0001639351965412,en,uglybetty
aquarium,0.0001639351965412,en,uglybetty
voting,0.0001639351965412,en,uglybetty
exterminator,0.0001639351965412,en,uglybetty
hydraulic,0.0001639351965412,en,uglybetty
shorten,0.0001639351965412,en,uglybetty
sulk,0.0001639351965412,en,uglybetty
antenna,0.0001639351965412,en,uglybetty
librarian,0.0001639351965412,en,uglybetty
muddy,0.0001639351965412,en,uglybetty
moot,0.0001639351965412,en,uglybetty
scarce,0.0001639351965412,en,uglybetty
element,0.0001633167419618,en,uglybetty
experiment,0.0001633167419618,en,uglybetty
deeply,0.0001633167419618,en,uglybetty
knowledge,0.0001619832017519,en,uglybetty
trigger,0.0001619832017519,en,uglybetty
buddha,0.0001616305288017,en,uglybetty
coincide,0.0001616305288017,en,uglybetty
mitt,0.0001616305288017,en,uglybetty
excruciating,0.0001616305288017,en,uglybetty
reinvent,0.0001616305288017,en,uglybetty
overdo,0.0001616305288017,en,uglybetty
diss,0.0001616305288017,en,uglybetty
soulless,0.0001616305288017,en,uglybetty
bandit,0.0001616305288017,en,uglybetty
vagina,0.0001616305288017,en,uglybetty
infamous,0.0001616305288017,en,uglybetty
treaty,0.0001616305288017,en,uglybetty
specify,0.0001616305288017,en,uglybetty
unfold,0.0001616305288017,en,uglybetty
zebra,0.0001616305288017,en,uglybetty
crock,0.0001616305288017,en,uglybetty
concession,0.0001616305288017,en,uglybetty
ivory,0.0001616305288017,en,uglybetty
chromosome,0.0001616305288017,en,uglybetty
kosher,0.0001616305288017,en,uglybetty
chirp,0.0001616305288017,en,uglybetty
pioneer,0.0001616305288017,en,uglybetty
erupt,0.0001616305288017,en,uglybetty
brawl,0.0001616305288017,en,uglybetty
detection,0.0001616305288017,en,uglybetty
conquest,0.0001616305288017,en,uglybetty
pathology,0.0001616305288017,en,uglybetty
fret,0.0001616305288017,en,uglybetty
shhh,0.0001616305288017,en,uglybetty
armpit,0.0001616305288017,en,uglybetty
unsuccessful,0.0001616305288017,en,uglybetty
centimeter,0.0001616305288017,en,uglybetty
putty,0.0001616305288017,en,uglybetty
dreadful,0.0001594040006207,en,uglybetty
concede,0.0001594040006207,en,uglybetty
grate,0.0001594040006207,en,uglybetty
newfound,0.0001594040006207,en,uglybetty
millennium,0.0001594040006207,en,uglybetty
nosy,0.0001594040006207,en,uglybetty
commotion,0.0001594040006207,en,uglybetty
widen,0.0001594040006207,en,uglybetty
superstitious,0.0001594040006207,en,uglybetty
euphemism,0.0001594040006207,en,uglybetty
andre,0.0001594040006207,en,uglybetty
flashy,0.0001594040006207,en,uglybetty
withholding,0.0001594040006207,en,uglybetty
rockin,0.0001594040006207,en,uglybetty
genocide,0.0001594040006207,en,uglybetty
summary,0.0001594040006207,en,uglybetty
sham,0.0001594040006207,en,uglybetty
indigenous,0.0001594040006207,en,uglybetty
feelin,0.0001594040006207,en,uglybetty
calcium,0.0001594040006207,en,uglybetty
rang,0.0001594040006207,en,uglybetty
transformer,0.0001594040006207,en,uglybetty
fritz,0.0001594040006207,en,uglybetty
titanic,0.0001594040006207,en,uglybetty
ferret,0.0001594040006207,en,uglybetty
oeuvre,0.0001594040006207,en,uglybetty
illustrate,0.0001594040006207,en,uglybetty
poodle,0.0001594040006207,en,uglybetty
hor,0.0001594040006207,en,uglybetty
compassionate,0.0001594040006207,en,uglybetty
quota,0.0001594040006207,en,uglybetty
formidable,0.0001594040006207,en,uglybetty
downright,0.0001594040006207,en,uglybetty
pedestrian,0.0001594040006207,en,uglybetty
liter,0.0001594040006207,en,uglybetty
goof,0.0001594040006207,en,uglybetty
gypsy,0.0001594040006207,en,uglybetty
elliot,0.0001594040006207,en,uglybetty
nutshell,0.0001594040006207,en,uglybetty
ravage,0.0001594040006207,en,uglybetty
alexander,0.0001594040006207,en,uglybetty
spew,0.0001594040006207,en,uglybetty
conduit,0.0001594040006207,en,uglybetty
dam,0.0001594040006207,en,uglybetty
trace,0.0001593560625291,en,uglybetty
fellow,0.0001580619379481,en,uglybetty
nonexistent,0.0001572504866676,en,uglybetty
sodium,0.0001572504866676,en,uglybetty
diagram,0.0001572504866676,en,uglybetty
freaked,0.0001572504866676,en,uglybetty
casserole,0.0001572504866676,en,uglybetty
trot,0.0001572504866676,en,uglybetty
posture,0.0001572504866676,en,uglybetty
loophole,0.0001572504866676,en,uglybetty
mikey,0.0001572504866676,en,uglybetty
residential,0.0001572504866676,en,uglybetty
sap,0.0001572504866676,en,uglybetty
windy,0.0001572504866676,en,uglybetty
freelance,0.0001572504866676,en,uglybetty
scavenger,0.0001572504866676,en,uglybetty
vacate,0.0001572504866676,en,uglybetty
whomever,0.0001572504866676,en,uglybetty
subdue,0.0001572504866676,en,uglybetty
intake,0.0001572504866676,en,uglybetty
tinkle,0.0001572504866676,en,uglybetty
downer,0.0001572504866676,en,uglybetty
array,0.0001572504866676,en,uglybetty
plow,0.0001572504866676,en,uglybetty
chime,0.0001572504866676,en,uglybetty
pretense,0.0001572504866676,en,uglybetty
termination,0.0001572504866676,en,uglybetty
stammer,0.0001572504866676,en,uglybetty
emit,0.0001572504866676,en,uglybetty
hatchet,0.0001572504866676,en,uglybetty
asking,0.0001572504866676,en,uglybetty
remnant,0.0001572504866676,en,uglybetty
upfront,0.0001572504866676,en,uglybetty
poppin,0.0001572504866676,en,uglybetty
melon,0.0001551653499109,en,uglybetty
heh,0.0001551653499109,en,uglybetty
civic,0.0001551653499109,en,uglybetty
jockey,0.0001551653499109,en,uglybetty
dimensional,0.0001551653499109,en,uglybetty
flashback,0.0001551653499109,en,uglybetty
unheard,0.0001551653499109,en,uglybetty
lifesaver,0.0001551653499109,en,uglybetty
crafty,0.0001551653499109,en,uglybetty
predicament,0.0001551653499109,en,uglybetty
gill,0.0001551653499109,en,uglybetty
retro,0.0001551653499109,en,uglybetty
skateboard,0.0001551653499109,en,uglybetty
antidepressant,0.0001551653499109,en,uglybetty
raft,0.0001551653499109,en,uglybetty
norm,0.0001551653499109,en,uglybetty
bottled,0.0001551653499109,en,uglybetty
pong,0.0001551653499109,en,uglybetty
amp,0.0001551653499109,en,uglybetty
faulty,0.0001551653499109,en,uglybetty
mediocre,0.0001551653499109,en,uglybetty
flattered,0.0001551653499109,en,uglybetty
emphasis,0.0001551653499109,en,uglybetty
doorman,0.0001551653499109,en,uglybetty
banging,0.0001551653499109,en,uglybetty
mutter,0.0001551653499109,en,uglybetty
perceptive,0.0001551653499109,en,uglybetty
scott,0.0001551653499109,en,uglybetty
doorknob,0.0001551653499109,en,uglybetty
qualification,0.0001551653499109,en,uglybetty
hunk,0.0001551653499109,en,uglybetty
mist,0.0001551653499109,en,uglybetty
vandalism,0.0001551653499109,en,uglybetty
quitter,0.0001551653499109,en,uglybetty
creator,0.0001551653499109,en,uglybetty
recommend,0.0001542543501207,en,uglybetty
headlight,0.0001531443814947,en,uglybetty
behavioral,0.0001531443814947,en,uglybetty
gland,0.0001531443814947,en,uglybetty
meatball,0.0001531443814947,en,uglybetty
morbid,0.0001531443814947,en,uglybetty
waterfall,0.0001531443814947,en,uglybetty
mag,0.0001531443814947,en,uglybetty
abortion,0.0001531443814947,en,uglybetty
outrage,0.0001531443814947,en,uglybetty
bloodstream,0.0001531443814947,en,uglybetty
oughta,0.0001531443814947,en,uglybetty
continuous,0.0001531443814947,en,uglybetty
moaning,0.0001531443814947,en,uglybetty
misjudge,0.0001531443814947,en,uglybetty
untimely,0.0001531443814947,en,uglybetty
cappuccino,0.0001531443814947,en,uglybetty
precedent,0.0001531443814947,en,uglybetty
medicate,0.0001531443814947,en,uglybetty
progressive,0.0001531443814947,en,uglybetty
orchestrate,0.0001531443814947,en,uglybetty
talker,0.0001531443814947,en,uglybetty
cultivate,0.0001531443814947,en,uglybetty
wanted,0.0001531443814947,en,uglybetty
elementary,0.0001531443814947,en,uglybetty
sweatshirt,0.0001531443814947,en,uglybetty
conclusive,0.0001531443814947,en,uglybetty
perry,0.0001531443814947,en,uglybetty
turd,0.0001531443814947,en,uglybetty
luke,0.0001531443814947,en,uglybetty
speedy,0.0001531443814947,en,uglybetty
pesky,0.0001531443814947,en,uglybetty
workin,0.0001531443814947,en,uglybetty
toad,0.0001531443814947,en,uglybetty
lollipop,0.0001531443814947,en,uglybetty
alarmed,0.0001531443814947,en,uglybetty
ignite,0.0001531443814947,en,uglybetty
handler,0.0001531443814947,en,uglybetty
thai,0.0001531443814947,en,uglybetty
colored,0.0001531443814947,en,uglybetty
exonerate,0.0001531443814947,en,uglybetty
incident,0.0001530092926238,en,uglybetty
army,0.0001530092926238,en,uglybetty
develop,0.0001530092926238,en,uglybetty
corny,0.0001511837495928,en,uglybetty
delirious,0.0001511837495928,en,uglybetty
irregular,0.0001511837495928,en,uglybetty
heirloom,0.0001511837495928,en,uglybetty
checker,0.0001511837495928,en,uglybetty
workshop,0.0001511837495928,en,uglybetty
checkup,0.0001511837495928,en,uglybetty
washer,0.0001511837495928,en,uglybetty
sexuality,0.0001511837495928,en,uglybetty
eerie,0.0001511837495928,en,uglybetty
finalize,0.0001511837495928,en,uglybetty
exile,0.0001511837495928,en,uglybetty
malibu,0.0001511837495928,en,uglybetty
catcher,0.0001511837495928,en,uglybetty
vocabulary,0.0001511837495928,en,uglybetty
squeak,0.0001511837495928,en,uglybetty
index,0.0001511837495928,en,uglybetty
coy,0.0001511837495928,en,uglybetty
connecticut,0.0001511837495928,en,uglybetty
pronto,0.0001511837495928,en,uglybetty
openly,0.0001511837495928,en,uglybetty
orgasm,0.0001511837495928,en,uglybetty
countdown,0.0001511837495928,en,uglybetty
kiddo,0.0001511837495928,en,uglybetty
subpoena,0.0001511837495928,en,uglybetty
prod,0.0001511837495928,en,uglybetty
prettiest,0.0001511837495928,en,uglybetty
landscape,0.0001511837495928,en,uglybetty
banner,0.0001511837495928,en,uglybetty
brainstorm,0.0001511837495928,en,uglybetty
unorthodox,0.0001511837495928,en,uglybetty
rodent,0.0001511837495928,en,uglybetty
curtis,0.0001511837495928,en,uglybetty
north,0.000150554032681,en,uglybetty
rightful,0.0001492799556791,en,uglybetty
murderous,0.0001492799556791,en,uglybetty
spectacle,0.0001492799556791,en,uglybetty
runnin,0.0001492799556791,en,uglybetty
cruelty,0.0001492799556791,en,uglybetty
panda,0.0001492799556791,en,uglybetty
canine,0.0001492799556791,en,uglybetty
misread,0.0001492799556791,en,uglybetty
solitude,0.0001492799556791,en,uglybetty
quad,0.0001492799556791,en,uglybetty
recipient,0.0001492799556791,en,uglybetty
douche,0.0001492799556791,en,uglybetty
minimize,0.0001492799556791,en,uglybetty
antidote,0.0001492799556791,en,uglybetty
intestine,0.0001492799556791,en,uglybetty
cryptic,0.0001492799556791,en,uglybetty
biker,0.0001492799556791,en,uglybetty
disability,0.0001492799556791,en,uglybetty
dub,0.0001492799556791,en,uglybetty
handbook,0.0001492799556791,en,uglybetty
intercourse,0.0001492799556791,en,uglybetty
resistant,0.0001492799556791,en,uglybetty
redecorate,0.0001492799556791,en,uglybetty
conditioner,0.0001492799556791,en,uglybetty
grim,0.0001492799556791,en,uglybetty
dealership,0.0001492799556791,en,uglybetty
heavenly,0.0001492799556791,en,uglybetty
overthrow,0.0001492799556791,en,uglybetty
quadrant,0.0001492799556791,en,uglybetty
supporter,0.0001474297969593,en,uglybetty
baker,0.0001474297969593,en,uglybetty
procure,0.0001474297969593,en,uglybetty
rerun,0.0001474297969593,en,uglybetty
contempt,0.0001474297969593,en,uglybetty
painless,0.0001474297969593,en,uglybetty
squeaky,0.0001474297969593,en,uglybetty
teammate,0.0001474297969593,en,uglybetty
anatomy,0.0001474297969593,en,uglybetty
velvet,0.0001474297969593,en,uglybetty
canal,0.0001474297969593,en,uglybetty
fiddle,0.0001474297969593,en,uglybetty
burglary,0.0001474297969593,en,uglybetty
vine,0.0001474297969593,en,uglybetty
prejudice,0.0001474297969593,en,uglybetty
decaf,0.0001474297969593,en,uglybetty
stepfather,0.0001474297969593,en,uglybetty
adolescent,0.0001474297969593,en,uglybetty
overpower,0.0001474297969593,en,uglybetty
marvelous,0.0001474297969593,en,uglybetty
overprotective,0.0001474297969593,en,uglybetty
poach,0.0001474297969593,en,uglybetty
offshore,0.0001474297969593,en,uglybetty
horrific,0.0001474297969593,en,uglybetty
quid,0.0001474297969593,en,uglybetty
swollen,0.0001474297969593,en,uglybetty
integrate,0.0001474297969593,en,uglybetty
negotiator,0.0001474297969593,en,uglybetty
swimmer,0.0001474297969593,en,uglybetty
elusive,0.0001474297969593,en,uglybetty
goodnight,0.0001474297969593,en,uglybetty
segment,0.0001474297969593,en,uglybetty
feud,0.0001474297969593,en,uglybetty
franchise,0.0001474297969593,en,uglybetty
automobile,0.0001474297969593,en,uglybetty
hello,0.0001474297969593,en,uglybetty
amber,0.0001474297969593,en,uglybetty
heritage,0.0001474297969593,en,uglybetty
align,0.0001474297969593,en,uglybetty
caring,0.0001474297969593,en,uglybetty
sweetness,0.0001456303339511,en,uglybetty
respectful,0.0001456303339511,en,uglybetty
samantha,0.0001456303339511,en,uglybetty
hostess,0.0001456303339511,en,uglybetty
bowel,0.0001456303339511,en,uglybetty
transparent,0.0001456303339511,en,uglybetty
tumble,0.0001456303339511,en,uglybetty
unrelated,0.0001456303339511,en,uglybetty
sidekick,0.0001456303339511,en,uglybetty
ste,0.0001456303339511,en,uglybetty
expedite,0.0001456303339511,en,uglybetty
primal,0.0001456303339511,en,uglybetty
symbolic,0.0001456303339511,en,uglybetty
stellar,0.0001456303339511,en,uglybetty
greatness,0.0001456303339511,en,uglybetty
pointy,0.0001456303339511,en,uglybetty
looking,0.0001456303339511,en,uglybetty
indefinitely,0.0001456303339511,en,uglybetty
uncertain,0.0001456303339511,en,uglybetty
doodle,0.0001456303339511,en,uglybetty
burglar,0.0001456303339511,en,uglybetty
knob,0.0001456303339511,en,uglybetty
billing,0.0001456303339511,en,uglybetty
guideline,0.0001456303339511,en,uglybetty
troubling,0.0001456303339511,en,uglybetty
hone,0.0001456303339511,en,uglybetty
ninja,0.0001456303339511,en,uglybetty
homo,0.0001456303339511,en,uglybetty
flunk,0.0001456303339511,en,uglybetty
tack,0.0001438788623892,en,uglybetty
hygiene,0.0001438788623892,en,uglybetty
socialize,0.0001438788623892,en,uglybetty
tuition,0.0001438788623892,en,uglybetty
thong,0.0001438788623892,en,uglybetty
swab,0.0001438788623892,en,uglybetty
artistic,0.0001438788623892,en,uglybetty
loot,0.0001438788623892,en,uglybetty
blee,0.0001438788623892,en,uglybetty
backstage,0.0001438788623892,en,uglybetty
consist,0.0001438788623892,en,uglybetty
jinx,0.0001438788623892,en,uglybetty
diminish,0.0001438788623892,en,uglybetty
lair,0.0001438788623892,en,uglybetty
pasture,0.0001438788623892,en,uglybetty
patty,0.0001438788623892,en,uglybetty
venue,0.0001438788623892,en,uglybetty
blessed,0.0001438788623892,en,uglybetty
demise,0.0001438788623892,en,uglybetty
diabete,0.0001438788623892,en,uglybetty
mash,0.0001438788623892,en,uglybetty
jumbo,0.0001438788623892,en,uglybetty
sanction,0.0001438788623892,en,uglybetty
disposable,0.0001438788623892,en,uglybetty
deem,0.0001438788623892,en,uglybetty
schoolgirl,0.0001438788623892,en,uglybetty
adequate,0.0001438788623892,en,uglybetty
evacuation,0.0001421728887793,en,uglybetty
foreman,0.0001421728887793,en,uglybetty
matrix,0.0001421728887793,en,uglybetty
microscope,0.0001421728887793,en,uglybetty
haze,0.0001421728887793,en,uglybetty
kisser,0.0001421728887793,en,uglybetty
quarterback,0.0001421728887793,en,uglybetty
masse,0.0001421728887793,en,uglybetty
mic,0.0001421728887793,en,uglybetty
dense,0.0001421728887793,en,uglybetty
realise,0.0001421728887793,en,uglybetty
remarkably,0.0001421728887793,en,uglybetty
conservative,0.0001421728887793,en,uglybetty
cricket,0.0001421728887793,en,uglybetty
republic,0.0001421728887793,en,uglybetty
quo,0.0001421728887793,en,uglybetty
courageous,0.0001421728887793,en,uglybetty
taunt,0.0001421728887793,en,uglybetty
lash,0.0001421728887793,en,uglybetty
offspring,0.0001421728887793,en,uglybetty
scour,0.0001421728887793,en,uglybetty
savior,0.0001405101090488,en,uglybetty
misguided,0.0001405101090488,en,uglybetty
insecurity,0.0001405101090488,en,uglybetty
threesome,0.0001405101090488,en,uglybetty
lunchtime,0.0001405101090488,en,uglybetty
ledge,0.0001405101090488,en,uglybetty
succumb,0.0001405101090488,en,uglybetty
reconnect,0.0001405101090488,en,uglybetty
scalp,0.0001405101090488,en,uglybetty
dilate,0.0001405101090488,en,uglybetty
cosmic,0.0001405101090488,en,uglybetty
patrick,0.0001405101090488,en,uglybetty
espresso,0.0001405101090488,en,uglybetty
merci,0.0001405101090488,en,uglybetty
hitler,0.0001405101090488,en,uglybetty
menace,0.0001405101090488,en,uglybetty
statistically,0.0001405101090488,en,uglybetty
orbit,0.0001405101090488,en,uglybetty
funnel,0.0001405101090488,en,uglybetty
covert,0.0001405101090488,en,uglybetty
freshen,0.0001405101090488,en,uglybetty
george,0.0001405101090488,en,uglybetty
matthew,0.0001405101090488,en,uglybetty
tomb,0.0001405101090488,en,uglybetty
spelling,0.0001405101090488,en,uglybetty
posse,0.0001405101090488,en,uglybetty
hedge,0.0001405101090488,en,uglybetty
overhead,0.0001388883898331,en,uglybetty
abroad,0.0001388883898331,en,uglybetty
roster,0.0001388883898331,en,uglybetty
conspire,0.0001388883898331,en,uglybetty
bedside,0.0001388883898331,en,uglybetty
suitable,0.0001388883898331,en,uglybetty
smother,0.0001388883898331,en,uglybetty
premium,0.0001388883898331,en,uglybetty
thankfully,0.0001388883898331,en,uglybetty
revisit,0.0001388883898331,en,uglybetty
demo,0.0001388883898331,en,uglybetty
wield,0.0001388883898331,en,uglybetty
cram,0.0001388883898331,en,uglybetty
rave,0.0001388883898331,en,uglybetty
dutch,0.0001388883898331,en,uglybetty
replay,0.0001388883898331,en,uglybetty
nag,0.0001388883898331,en,uglybetty
misunderstand,0.0001388883898331,en,uglybetty
acting,0.0001388883898331,en,uglybetty
restraining,0.0001388883898331,en,uglybetty
revise,0.0001388883898331,en,uglybetty
sneaker,0.0001388883898331,en,uglybetty
revoke,0.0001388883898331,en,uglybetty
depot,0.0001388883898331,en,uglybetty
mope,0.0001388883898331,en,uglybetty
devotion,0.0001388883898331,en,uglybetty
transformation,0.0001373057520177,en,uglybetty
forced,0.0001373057520177,en,uglybetty
orientation,0.0001373057520177,en,uglybetty
sharpen,0.0001373057520177,en,uglybetty
ringer,0.0001373057520177,en,uglybetty
bulk,0.0001373057520177,en,uglybetty
madame,0.0001373057520177,en,uglybetty
vend,0.0001373057520177,en,uglybetty
madam,0.0001373057520177,en,uglybetty
catalogue,0.0001373057520177,en,uglybetty
touchy,0.0001373057520177,en,uglybetty
screwdriver,0.0001373057520177,en,uglybetty
cling,0.0001373057520177,en,uglybetty
tangle,0.0001373057520177,en,uglybetty
timeline,0.0001373057520177,en,uglybetty
listener,0.0001373057520177,en,uglybetty
gunman,0.0001373057520177,en,uglybetty
poop,0.0001373057520177,en,uglybetty
canvas,0.0001373057520177,en,uglybetty
mandate,0.0001373057520177,en,uglybetty
terrifying,0.0001373057520177,en,uglybetty
publicly,0.0001373057520177,en,uglybetty
maze,0.000135760356217,en,uglybetty
daytime,0.000135760356217,en,uglybetty
pinpoint,0.000135760356217,en,uglybetty
mercury,0.000135760356217,en,uglybetty
astronaut,0.000135760356217,en,uglybetty
slick,0.000135760356217,en,uglybetty
parker,0.000135760356217,en,uglybetty
representation,0.000135760356217,en,uglybetty
slope,0.000135760356217,en,uglybetty
zero,0.000135760356217,en,uglybetty
amaze,0.000135760356217,en,uglybetty
documentary,0.000135760356217,en,uglybetty
elder,0.000135760356217,en,uglybetty
skilled,0.000135760356217,en,uglybetty
ownership,0.000135760356217,en,uglybetty
standby,0.000135760356217,en,uglybetty
brink,0.000135760356217,en,uglybetty
ram,0.000135760356217,en,uglybetty
knuckle,0.000135760356217,en,uglybetty
valve,0.000135760356217,en,uglybetty
packing,0.000135760356217,en,uglybetty
quarantine,0.0001342504899229,en,uglybetty
friggin,0.0001342504899229,en,uglybetty
implement,0.0001342504899229,en,uglybetty
rolling,0.0001342504899229,en,uglybetty
asthma,0.0001342504899229,en,uglybetty
tutor,0.0001342504899229,en,uglybetty
dagger,0.0001342504899229,en,uglybetty
extortion,0.0001342504899229,en,uglybetty
lying,0.0001342504899229,en,uglybetty
spinal,0.0001342504899229,en,uglybetty
anticipation,0.0001342504899229,en,uglybetty
loathe,0.0001342504899229,en,uglybetty
socially,0.0001342504899229,en,uglybetty
arise,0.0001342504899229,en,uglybetty
disarm,0.0001342504899229,en,uglybetty
brunette,0.0001342504899229,en,uglybetty
bankrupt,0.0001342504899229,en,uglybetty
smokin,0.0001342504899229,en,uglybetty
asylum,0.0001342504899229,en,uglybetty
maneuver,0.0001342504899229,en,uglybetty
fury,0.0001342504899229,en,uglybetty
learning,0.0001342504899229,en,uglybetty
smoker,0.0001342504899229,en,uglybetty
collision,0.0001342504899229,en,uglybetty
democracy,0.0001342504899229,en,uglybetty
booby,0.0001342504899229,en,uglybetty
spectrum,0.0001342504899229,en,uglybetty
goon,0.0001342504899229,en,uglybetty
mike,0.0001327745560972,en,uglybetty
prosecute,0.0001327745560972,en,uglybetty
triumph,0.0001327745560972,en,uglybetty
warmth,0.0001327745560972,en,uglybetty
ironically,0.0001327745560972,en,uglybetty
penis,0.0001327745560972,en,uglybetty
thesis,0.0001327745560972,en,uglybetty
cape,0.0001327745560972,en,uglybetty
barbie,0.0001327745560972,en,uglybetty
swarm,0.0001327745560972,en,uglybetty
bingo,0.0001327745560972,en,uglybetty
rainy,0.0001327745560972,en,uglybetty
bourbon,0.0001327745560972,en,uglybetty
exceptional,0.0001327745560972,en,uglybetty
tread,0.0001313310630186,en,uglybetty
trait,0.0001313310630186,en,uglybetty
verdict,0.0001313310630186,en,uglybetty
instructor,0.0001313310630186,en,uglybetty
apprehend,0.0001313310630186,en,uglybetty
savage,0.0001313310630186,en,uglybetty
ham,0.0001313310630186,en,uglybetty
shortcut,0.0001313310630186,en,uglybetty
wrestling,0.0001313310630186,en,uglybetty
hut,0.0001313310630186,en,uglybetty
keg,0.0001313310630186,en,uglybetty
span,0.0001313310630186,en,uglybetty
unfinished,0.0001313310630186,en,uglybetty
curfew,0.0001313310630186,en,uglybetty
lapse,0.0001313310630186,en,uglybetty
heating,0.0001313310630186,en,uglybetty
cherish,0.0001313310630186,en,uglybetty
epic,0.0001313310630186,en,uglybetty
component,0.0001313310630186,en,uglybetty
regional,0.0001313310630186,en,uglybetty
educational,0.0001299186152213,en,uglybetty
intimacy,0.0001299186152213,en,uglybetty
policeman,0.0001299186152213,en,uglybetty
crumble,0.0001299186152213,en,uglybetty
turtle,0.0001299186152213,en,uglybetty
prosecutor,0.0001299186152213,en,uglybetty
catalog,0.0001299186152213,en,uglybetty
commence,0.0001299186152213,en,uglybetty
rotation,0.0001299186152213,en,uglybetty
authorization,0.0001299186152213,en,uglybetty
allowance,0.0001299186152213,en,uglybetty
artificial,0.0001299186152213,en,uglybetty
clinical,0.0001299186152213,en,uglybetty
allegedly,0.0001299186152213,en,uglybetty
trustworthy,0.0001299186152213,en,uglybetty
ryan,0.0001299186152213,en,uglybetty
authentic,0.0001299186152213,en,uglybetty
parachute,0.0001299186152213,en,uglybetty
sitter,0.0001299186152213,en,uglybetty
jumpy,0.0001299186152213,en,uglybetty
magician,0.0001299186152213,en,uglybetty
hound,0.0001299186152213,en,uglybetty
crook,0.0001299186152213,en,uglybetty
yelling,0.0001299186152213,en,uglybetty
dangle,0.0001299186152213,en,uglybetty
revive,0.0001299186152213,en,uglybetty
patron,0.0001299186152213,en,uglybetty
carl,0.0001299186152213,en,uglybetty
vivid,0.0001299186152213,en,uglybetty
contagious,0.0001299186152213,en,uglybetty
incentive,0.0001285359053874,en,uglybetty
alice,0.0001285359053874,en,uglybetty
remedy,0.0001285359053874,en,uglybetty
cologne,0.0001285359053874,en,uglybetty
newborn,0.0001285359053874,en,uglybetty
hopeful,0.0001285359053874,en,uglybetty
wail,0.0001285359053874,en,uglybetty
legendary,0.0001285359053874,en,uglybetty
lens,0.0001285359053874,en,uglybetty
related,0.0001285359053874,en,uglybetty
cafe,0.0001285359053874,en,uglybetty
sean,0.0001271817070762,en,uglybetty
amigo,0.0001271817070762,en,uglybetty
bicycle,0.0001271817070762,en,uglybetty
tee,0.0001271817070762,en,uglybetty
exceed,0.0001271817070762,en,uglybetty
goddess,0.0001271817070762,en,uglybetty
vouch,0.0001271817070762,en,uglybetty
fried,0.0001271817070762,en,uglybetty
carter,0.0001271817070762,en,uglybetty
magically,0.0001271817070762,en,uglybetty
paralyze,0.0001271817070762,en,uglybetty
villain,0.0001271817070762,en,uglybetty
millionaire,0.0001271817070762,en,uglybetty
tuesday,0.0001271817070762,en,uglybetty
pope,0.0001271817070762,en,uglybetty
atm,0.0001271817070762,en,uglybetty
margarita,0.0001271817070762,en,uglybetty
historical,0.0001271817070762,en,uglybetty
utter,0.0001271817070762,en,uglybetty
obsessive,0.0001258548681868,en,uglybetty
cutting,0.0001258548681868,en,uglybetty
verbal,0.0001258548681868,en,uglybetty
decency,0.0001258548681868,en,uglybetty
chalk,0.0001258548681868,en,uglybetty
heartless,0.0001258548681868,en,uglybetty
hawk,0.0001258548681868,en,uglybetty
robin,0.0001258548681868,en,uglybetty
dine,0.0001258548681868,en,uglybetty
taint,0.0001258548681868,en,uglybetty
detour,0.0001258548681868,en,uglybetty
absent,0.0001258548681868,en,uglybetty
producer,0.0001258548681868,en,uglybetty
impatient,0.0001258548681868,en,uglybetty
rooftop,0.0001258548681868,en,uglybetty
withhold,0.0001258548681868,en,uglybetty
triangle,0.0001258548681868,en,uglybetty
ping,0.0001258548681868,en,uglybetty
dedication,0.0001245543050694,en,uglybetty
oak,0.0001245543050694,en,uglybetty
countless,0.0001245543050694,en,uglybetty
merchandise,0.0001245543050694,en,uglybetty
separation,0.0001245543050694,en,uglybetty
rejection,0.0001245543050694,en,uglybetty
telling,0.0001245543050694,en,uglybetty
inmate,0.0001245543050694,en,uglybetty
quest,0.0001245543050694,en,uglybetty
ungrateful,0.0001245543050694,en,uglybetty
credential,0.0001245543050694,en,uglybetty
plumbing,0.0001245543050694,en,uglybetty
marshal,0.0001245543050694,en,uglybetty
independence,0.0001245543050694,en,uglybetty
recycle,0.0001245543050694,en,uglybetty
jackpot,0.0001245543050694,en,uglybetty
fume,0.0001245543050694,en,uglybetty
ripe,0.0001245543050694,en,uglybetty
restroom,0.0001245543050694,en,uglybetty
hover,0.0001245543050694,en,uglybetty
pier,0.0001245543050694,en,uglybetty
detailed,0.0001245543050694,en,uglybetty
meaningful,0.0001245543050694,en,uglybetty
copper,0.0001245543050694,en,uglybetty
ant,0.0001245543050694,en,uglybetty
extent,0.0001245543050694,en,uglybetty
spec,0.0001245543050694,en,uglybetty
syndrome,0.0001232789972075,en,uglybetty
clumsy,0.0001232789972075,en,uglybetty
urban,0.0001232789972075,en,uglybetty
refresh,0.0001232789972075,en,uglybetty
motivation,0.0001232789972075,en,uglybetty
cleanse,0.0001232789972075,en,uglybetty
shuttle,0.0001232789972075,en,uglybetty
meth,0.0001232789972075,en,uglybetty
tournament,0.0001232789972075,en,uglybetty
eyewitness,0.0001232789972075,en,uglybetty
flap,0.0001220279824072,en,uglybetty
liaison,0.0001220279824072,en,uglybetty
endanger,0.0001220279824072,en,uglybetty
grader,0.0001220279824072,en,uglybetty
likewise,0.0001220279824072,en,uglybetty
untie,0.0001220279824072,en,uglybetty
mansion,0.0001220279824072,en,uglybetty
positively,0.0001220279824072,en,uglybetty
identification,0.0001220279824072,en,uglybetty
mine,0.0001220279824072,en,uglybetty
hybrid,0.0001220279824072,en,uglybetty
dictate,0.0001220279824072,en,uglybetty
perception,0.0001220279824072,en,uglybetty
northern,0.0001220279824072,en,uglybetty
indulge,0.0001220279824072,en,uglybetty
render,0.0001220279824072,en,uglybetty
mia,0.0001220279824072,en,uglybetty
assessment,0.0001220279824072,en,uglybetty
sarcasm,0.0001220279824072,en,uglybetty
secrecy,0.0001220279824072,en,uglybetty
sedative,0.0001208003524358,en,uglybetty
tendency,0.0001208003524358,en,uglybetty
garlic,0.0001208003524358,en,uglybetty
profession,0.0001208003524358,en,uglybetty
preferably,0.0001208003524358,en,uglybetty
earthquake,0.0001208003524358,en,uglybetty
deprive,0.0001208003524358,en,uglybetty
relive,0.0001208003524358,en,uglybetty
herb,0.0001208003524358,en,uglybetty
prospect,0.0001208003524358,en,uglybetty
defy,0.0001208003524358,en,uglybetty
reopen,0.0001208003524358,en,uglybetty
governor,0.0001208003524358,en,uglybetty
devote,0.0001208003524358,en,uglybetty
sibling,0.0001208003524358,en,uglybetty
manufacture,0.0001195952490608,en,uglybetty
glance,0.0001195952490608,en,uglybetty
amy,0.0001195952490608,en,uglybetty
folder,0.0001195952490608,en,uglybetty
doorbell,0.0001195952490608,en,uglybetty
frustrated,0.0001195952490608,en,uglybetty
wooden,0.0001195952490608,en,uglybetty
undermine,0.0001195952490608,en,uglybetty
efficient,0.0001195952490608,en,uglybetty
percentage,0.0001184118604459,en,uglybetty
hamburger,0.0001184118604459,en,uglybetty
condo,0.0001184118604459,en,uglybetty
playground,0.0001184118604459,en,uglybetty
wrestle,0.0001184118604459,en,uglybetty
preppe,0.0001184118604459,en,uglybetty
adam,0.0001184118604459,en,uglybetty
irrational,0.0001184118604459,en,uglybetty
conditioning,0.0001184118604459,en,uglybetty
comparison,0.0001184118604459,en,uglybetty
cartoon,0.0001184118604459,en,uglybetty
superhero,0.0001184118604459,en,uglybetty
advisor,0.0001184118604459,en,uglybetty
pint,0.0001184118604459,en,uglybetty
reply,0.0001184118604459,en,uglybetty
mattress,0.0001184118604459,en,uglybetty
wealth,0.0001184118604459,en,uglybetty
artery,0.0001172494178657,en,uglybetty
obstacle,0.0001172494178657,en,uglybetty
equally,0.0001172494178657,en,uglybetty
fetch,0.0001172494178657,en,uglybetty
secretive,0.0001172494178657,en,uglybetty
cock,0.0001172494178657,en,uglybetty
inflict,0.0001172494178657,en,uglybetty
calculate,0.0001172494178657,en,uglybetty
hustle,0.0001172494178657,en,uglybetty
fox,0.0001172494178657,en,uglybetty
ongoing,0.0001172494178657,en,uglybetty
temple,0.0001172494178657,en,uglybetty
lamb,0.0001172494178657,en,uglybetty
surf,0.0001172494178657,en,uglybetty
stew,0.0001172494178657,en,uglybetty
mandatory,0.0001172494178657,en,uglybetty
squat,0.0001172494178657,en,uglybetty
aged,0.0001172494178657,en,uglybetty
catholic,0.0001161071927063,en,uglybetty
swinge,0.0001161071927063,en,uglybetty
pond,0.0001161071927063,en,uglybetty
doorway,0.0001161071927063,en,uglybetty
altogether,0.0001161071927063,en,uglybetty
felony,0.0001161071927063,en,uglybetty
kindly,0.0001161071927063,en,uglybetty
mortal,0.0001161071927063,en,uglybetty
verse,0.0001161071927063,en,uglybetty
bulb,0.0001161071927063,en,uglybetty
additional,0.0001161071927063,en,uglybetty
enlighten,0.0001161071927063,en,uglybetty
bush,0.0001161071927063,en,uglybetty
dvd,0.0001161071927063,en,uglybetty
vengeance,0.0001149844937226,en,uglybetty
sexually,0.0001149844937226,en,uglybetty
import,0.0001149844937226,en,uglybetty
keen,0.0001149844937226,en,uglybetty
making,0.0001149844937226,en,uglybetty
registration,0.0001149844937226,en,uglybetty
annoy,0.0001149844937226,en,uglybetty
appreciation,0.0001149844937226,en,uglybetty
conceal,0.0001149844937226,en,uglybetty
running,0.0001149844937226,en,uglybetty
flashlight,0.0001138806645254,en,uglybetty
connected,0.0001138806645254,en,uglybetty
convinced,0.0001138806645254,en,uglybetty
discretion,0.0001138806645254,en,uglybetty
dean,0.0001138806645254,en,uglybetty
found,0.0001138806645254,en,uglybetty
incoming,0.0001138806645254,en,uglybetty
crave,0.0001138806645254,en,uglybetty
employer,0.0001138806645254,en,uglybetty
driving,0.0001138806645254,en,uglybetty
crop,0.0001138806645254,en,uglybetty
premise,0.0001138806645254,en,uglybetty
chopper,0.0001138806645254,en,uglybetty
harassment,0.0001138806645254,en,uglybetty
accomplice,0.0001138806645254,en,uglybetty
caller,0.0001138806645254,en,uglybetty
drawing,0.0001138806645254,en,uglybetty
rogue,0.0001138806645254,en,uglybetty
logical,0.0001127950812766,en,uglybetty
minister,0.0001127950812766,en,uglybetty
footprint,0.0001127950812766,en,uglybetty
evolve,0.0001127950812766,en,uglybetty
tide,0.0001127950812766,en,uglybetty
confine,0.0001127950812766,en,uglybetty
collateral,0.0001127950812766,en,uglybetty
rapid,0.0001127950812766,en,uglybetty
moan,0.0001127950812766,en,uglybetty
coffin,0.0001127950812766,en,uglybetty
palace,0.0001127950812766,en,uglybetty
eighth,0.0001127950812766,en,uglybetty
specialty,0.0001117271505723,en,uglybetty
satisfaction,0.0001117271505723,en,uglybetty
junkie,0.0001117271505723,en,uglybetty
sunlight,0.0001117271505723,en,uglybetty
unnecessary,0.0001117271505723,en,uglybetty
asian,0.0001117271505723,en,uglybetty
forge,0.0001117271505723,en,uglybetty
bible,0.0001117271505723,en,uglybetty
irrelevant,0.0001117271505723,en,uglybetty
sob,0.0001117271505723,en,uglybetty
sunny,0.0001117271505723,en,uglybetty
barn,0.0001117271505723,en,uglybetty
diagnose,0.0001117271505723,en,uglybetty
vain,0.0001117271505723,en,uglybetty
variety,0.0001117271505723,en,uglybetty
compassion,0.0001106763074942,en,uglybetty
pickup,0.0001106763074942,en,uglybetty
manifest,0.0001106763074942,en,uglybetty
antique,0.0001106763074942,en,uglybetty
deputy,0.0001106763074942,en,uglybetty
region,0.0001106763074942,en,uglybetty
hollywood,0.0001106763074942,en,uglybetty
invade,0.0001106763074942,en,uglybetty
convincing,0.0001106763074942,en,uglybetty
vessel,0.0001106763074942,en,uglybetty
transportation,0.0001106763074942,en,uglybetty
oath,0.0001106763074942,en,uglybetty
politician,0.0001106763074942,en,uglybetty
paramedic,0.0001106763074942,en,uglybetty
apparent,0.0001106763074942,en,uglybetty
eternity,0.0001106763074942,en,uglybetty
thorough,0.0001106763074942,en,uglybetty
unpredictable,0.0001106763074942,en,uglybetty
inventory,0.0001106763074942,en,uglybetty
stiff,0.0001106763074942,en,uglybetty
mechanic,0.0001096420138156,en,uglybetty
software,0.0001096420138156,en,uglybetty
gps,0.0001096420138156,en,uglybetty
unpleasant,0.0001096420138156,en,uglybetty
amount,0.0001096420138156,en,uglybetty
inhale,0.0001096420138156,en,uglybetty
rehearsal,0.0001096420138156,en,uglybetty
gravity,0.0001096420138156,en,uglybetty
vague,0.0001096420138156,en,uglybetty
bleeding,0.0001096420138156,en,uglybetty
fatal,0.0001086237563454,en,uglybetty
meaningless,0.0001086237563454,en,uglybetty
rally,0.0001086237563454,en,uglybetty
context,0.0001086237563454,en,uglybetty
accusation,0.0001086237563454,en,uglybetty
myth,0.0001086237563454,en,uglybetty
pea,0.0001086237563454,en,uglybetty
mentally,0.0001086237563454,en,uglybetty
genuine,0.0001086237563454,en,uglybetty
protest,0.0001086237563454,en,uglybetty
summon,0.0001086237563454,en,uglybetty
tow,0.0001086237563454,en,uglybetty
beam,0.0001076210453994,en,uglybetty
negotiation,0.0001076210453994,en,uglybetty
gap,0.0001076210453994,en,uglybetty
greedy,0.0001076210453994,en,uglybetty
lethal,0.0001076210453994,en,uglybetty
grudge,0.0001076210453994,en,uglybetty
resent,0.0001076210453994,en,uglybetty
growth,0.0001076210453994,en,uglybetty
restraint,0.0001076210453994,en,uglybetty
disconnect,0.0001076210453994,en,uglybetty
skeleton,0.0001076210453994,en,uglybetty
objective,0.0001076210453994,en,uglybetty
hose,0.0001076210453994,en,uglybetty
prey,0.0001066334133861,en,uglybetty
occasionally,0.0001066334133861,en,uglybetty
interrogate,0.0001066334133861,en,uglybetty
troubled,0.0001066334133861,en,uglybetty
virus,0.0001066334133861,en,uglybetty
slim,0.0001066334133861,en,uglybetty
harbor,0.0001066334133861,en,uglybetty
mount,0.0001066334133861,en,uglybetty
reflection,0.0001066334133861,en,uglybetty
overwhelming,0.0001066334133861,en,uglybetty
gimme,0.0001066334133861,en,uglybetty
precaution,0.0001066334133861,en,uglybetty
campus,0.0001056604134975,en,uglybetty
reset,0.0001056604134975,en,uglybetty
notify,0.0001056604134975,en,uglybetty
heck,0.0001056604134975,en,uglybetty
terror,0.0001056604134975,en,uglybetty
footstep,0.0001056604134975,en,uglybetty
stream,0.0001056604134975,en,uglybetty
lightning,0.0001056604134975,en,uglybetty
irish,0.0001047016184951,en,uglybetty
yank,0.0001047016184951,en,uglybetty
inevitable,0.0001047016184951,en,uglybetty
cease,0.0001047016184951,en,uglybetty
payback,0.0001047016184951,en,uglybetty
cabin,0.0001037566195838,en,uglybetty
vegetable,0.0001037566195838,en,uglybetty
lunatic,0.0001037566195838,en,uglybetty
immune,0.0001037566195838,en,uglybetty
valley,0.0001037566195838,en,uglybetty
estimate,0.0001037566195838,en,uglybetty
mister,0.0001037566195838,en,uglybetty
razor,0.0001037566195838,en,uglybetty
undercover,0.0001037566195838,en,uglybetty
spider,0.0001037566195838,en,uglybetty
depth,0.0001028250253651,en,uglybetty
dodge,0.0001028250253651,en,uglybetty
guardian,0.0001028250253651,en,uglybetty
ending,0.0001028250253651,en,uglybetty
laser,0.0001028250253651,en,uglybetty
electrical,0.0001028250253651,en,uglybetty
arrogant,0.0001028250253651,en,uglybetty
solo,0.000101906460864,en,uglybetty
educate,0.000101906460864,en,uglybetty
raid,0.000101906460864,en,uglybetty
faint,0.000101906460864,en,uglybetty
stray,0.000101906460864,en,uglybetty
heavily,0.0001010005666226,en,uglybetty
western,0.0001010005666226,en,uglybetty
volume,0.0001010005666226,en,uglybetty
encounter,0.0001010005666226,en,uglybetty
specie,0.0001010005666226,en,uglybetty
ward,0.0001010005666226,en,uglybetty
satellite,0.0001001069978558,en,uglybetty
genetic,0.0001001069978558,en,uglybetty
fist,0.0001001069978558,en,uglybetty
grid,0.0001001069978558,en,uglybetty
substance,0.0001001069978558,en,uglybetty
definition,0.0001001069978558,en,uglybetty
download,0.0001001069978558,en,uglybetty
vault,0.0001001069978558,en,uglybetty
fiction,0.0001001069978558,en,uglybetty
capacity,0.0001001069978558,en,uglybetty
flaw,9.922542366333191e-05,en,uglybetty
pinch,9.922542366333191e-05,en,uglybetty
closely,9.922542366333191e-05,en,uglybetty
tom,9.922542366333191e-05,en,uglybetty
testing,9.922542366333191e-05,en,uglybetty
cycle,9.922542366333191e-05,en,uglybetty
terrorist,9.83555262938978e-05,en,uglybetty
native,9.83555262938978e-05,en,uglybetty
lion,9.83555262938978e-05,en,uglybetty
oppose,9.83555262938978e-05,en,uglybetty
bench,9.83555262938978e-05,en,uglybetty
grocery,9.83555262938978e-05,en,uglybetty
illusion,9.83555262938978e-05,en,uglybetty
assist,9.749700045790554e-05,en,uglybetty
possess,9.749700045790554e-05,en,uglybetty
fade,9.749700045790554e-05,en,uglybetty
offend,9.749700045790554e-05,en,uglybetty
shotgun,9.749700045790554e-05,en,uglybetty
undo,9.749700045790554e-05,en,uglybetty
foul,9.664955268405128e-05,en,uglybetty
moron,9.664955268405128e-05,en,uglybetty
hunch,9.664955268405128e-05,en,uglybetty
religion,9.664955268405128e-05,en,uglybetty
survivor,9.664955268405128e-05,en,uglybetty
motel,9.664955268405128e-05,en,uglybetty
rocket,9.664955268405128e-05,en,uglybetty
gunshot,9.664955268405128e-05,en,uglybetty
accurate,9.581290071711368e-05,en,uglybetty
panel,9.581290071711368e-05,en,uglybetty
formal,9.581290071711368e-05,en,uglybetty
roger,9.581290071711368e-05,en,uglybetty
urge,9.49867729535844e-05,en,uglybetty
satisfied,9.49867729535844e-05,en,uglybetty
fairly,9.49867729535844e-05,en,uglybetty
factor,9.49867729535844e-05,en,uglybetty
nonsense,9.49867729535844e-05,en,uglybetty
bluff,9.417090791235584e-05,en,uglybetty
destiny,9.417090791235584e-05,en,uglybetty
forest,9.417090791235584e-05,en,uglybetty
predict,9.417090791235584e-05,en,uglybetty
protocol,9.417090791235584e-05,en,uglybetty
pierce,9.336505373788384e-05,en,uglybetty
unable,9.336505373788384e-05,en,uglybetty
expand,9.336505373788384e-05,en,uglybetty
sum,9.25689677334647e-05,en,uglybetty
fingerprint,9.25689677334647e-05,en,uglybetty
coast,9.25689677334647e-05,en,uglybetty
resident,9.17824159224614e-05,en,uglybetty
ultimate,9.17824159224614e-05,en,uglybetty
scenario,9.17824159224614e-05,en,uglybetty
advanced,9.17824159224614e-05,en,uglybetty
aggressive,9.17824159224614e-05,en,uglybetty
haunt,9.17824159224614e-05,en,uglybetty
development,9.100517263549456e-05,en,uglybetty
top,9.100517263549456e-05,en,uglybetty
county,9.100517263549456e-05,en,uglybetty
radar,9.100517263549456e-05,en,uglybetty
squad,9.100517263549456e-05,en,uglybetty
planning,9.100517263549456e-05,en,uglybetty
ordinary,9.100517263549456e-05,en,uglybetty
bubble,9.100517263549456e-05,en,uglybetty
surveillance,9.023702012177626e-05,en,uglybetty
fold,9.023702012177626e-05,en,uglybetty
storage,9.023702012177626e-05,en,uglybetty
deck,9.023702012177626e-05,en,uglybetty
lane,8.947774818291154e-05,en,uglybetty
shortly,8.947774818291154e-05,en,uglybetty
complaint,8.872715382762679e-05,en,uglybetty
reading,8.872715382762679e-05,en,uglybetty
smack,8.798504094600649e-05,en,uglybetty
wrist,8.798504094600649e-05,en,uglybetty
communication,8.798504094600649e-05,en,uglybetty
steady,8.798504094600649e-05,en,uglybetty
critical,8.798504094600649e-05,en,uglybetty
civil,8.798504094600649e-05,en,uglybetty
chemical,8.798504094600649e-05,en,uglybetty
constant,8.798504094600649e-05,en,uglybetty
jam,8.652550774250253e-05,en,uglybetty
burst,8.652550774250253e-05,en,uglybetty
gear,8.652550774250253e-05,en,uglybetty
violence,8.580772692336348e-05,en,uglybetty
communicate,8.580772692336348e-05,en,uglybetty
instruction,8.509770604884614e-05,en,uglybetty
retire,8.509770604884614e-05,en,uglybetty
sub,8.509770604884614e-05,en,uglybetty
extend,8.509770604884614e-05,en,uglybetty
define,8.43952791260317e-05,en,uglybetty
plug,8.43952791260317e-05,en,uglybetty
drill,8.43952791260317e-05,en,uglybetty
locate,8.43952791260317e-05,en,uglybetty
properly,8.370028543181775e-05,en,uglybetty
childhood,8.370028543181775e-05,en,uglybetty
explode,8.370028543181775e-05,en,uglybetty
mercy,8.370028543181775e-05,en,uglybetty
register,8.233197987288756e-05,en,uglybetty
inform,8.233197987288756e-05,en,uglybetty
brief,8.165837098091261e-05,en,uglybetty
range,8.099160087597247e-05,en,uglybetty
random,8.033153209150439e-05,en,uglybetty
response,7.839021958709575e-05,en,uglybetty
identify,7.712717506038135e-05,en,uglybetty
